timestamp,cpu_user,cpu_system,rss,heapTotal,heapUsed,heapUsedMB,external
1770208250471,281.69,80.96,155320320,71090176,46403328,44.25,4119229
1770208250572,281.81,81.11,155336704,71090176,46408136,44.26,4119285
1770208250673,281.92,81.20,155336704,71090176,46410464,44.26,4119285
1770208250774,282.63,81.49,155353088,71090176,46439744,44.29,4119285
1770208250875,282.76,81.56,155353088,71090176,46442048,44.29,4119285
1770208250977,283.10,81.65,155353088,71090176,46444688,44.29,4119285
1770208251077,283.69,81.78,155353088,71090176,46447456,44.30,4119285
1770208251179,284.10,81.92,155353088,71090176,46449760,44.30,4119285
1770208251280,284.59,82.09,155353088,71090176,46452064,44.30,4119285
1770208251381,285.52,82.32,155369472,71090176,46454464,44.30,4119285
1770208251481,286.03,82.51,155385856,71090176,46456864,44.30,4119285
1770208251582,286.43,82.67,155385856,71090176,46458992,44.31,4119285
1770208251684,286.84,82.83,155385856,71090176,46461040,44.31,4119285
1770208251784,287.29,83.01,155385856,71090176,46463088,44.31,4119285
1770208251886,287.67,83.18,155385856,71090176,46465136,44.31,4119285
1770208251985,287.95,83.31,155385856,71090176,46467184,44.31,4119285
1770208252086,288.10,83.36,155402240,71090176,46469264,44.32,4119285
1770208252187,292.38,84.40,155729920,71352320,47072576,44.89,4128811
1770208252288,292.50,84.45,155729920,71352320,47074648,44.89,4128811
1770208252390,298.66,86.54,155942912,71614464,47572088,45.37,4130145
1770208252490,298.85,86.63,155942912,71614464,47574160,45.37,4130145
1770208252591,301.75,87.72,155975680,71614464,47717232,45.51,4139006
1770208252692,304.31,88.87,156008448,71614464,47858816,45.64,4139671
1770208252793,304.76,89.22,156008448,71614464,47860888,45.64,4139671
1770208252893,309.92,91.12,156041216,71614464,48139208,45.91,4141005
1770208252995,310.29,91.28,156041216,71614464,48141280,45.91,4141005
1770208253094,313.97,92.44,156139520,71614464,48281952,46.05,4149866
1770208253195,316.31,93.26,156172288,71614464,48421488,46.18,4150531
1770208253296,316.57,93.39,156172288,71614464,48423560,46.18,4150531
1770208253396,321.29,95.28,156221440,71876608,48914880,46.65,4151865
1770208253496,326.03,95.85,156516352,71876608,49070200,46.80,4151865
1770208253596,328.77,97.01,156532736,71876608,49210616,46.93,4160726
1770208253697,330.39,97.83,156549120,71876608,49349704,47.06,4161391
1770208253799,331.11,98.02,156549120,71876608,49355640,47.07,4161391
1770208253900,335.72,100.21,156565504,71876608,49632960,47.33,4162725
1770208254001,336.07,100.31,156565504,71876608,49635032,47.34,4162725
1770208254102,338.02,101.37,156581888,71876608,49775512,47.47,4171586
1770208254204,339.31,102.09,156581888,71876608,49914752,47.60,4172251
1770208254305,339.62,102.23,156581888,71876608,49916840,47.60,4172251
1770208254406,342.04,103.51,156581888,71876608,50194224,47.87,4173585
1770208254507,342.12,103.55,156581888,71876608,50196312,47.87,4173585
1770208254608,342.82,104.05,156598272,71876608,50341968,48.01,4182447
1770208254708,343.36,104.34,156614656,71876608,50486528,48.15,4183113
1770208254810,343.52,104.40,156614656,71876608,50488616,48.15,4183113
1770208254911,358.72,110.69,164085760,79740928,45922936,43.80,4184449
1770208255011,359.06,110.87,164085760,79740928,45925024,43.80,4184449
1770208255114,364.37,112.94,164085760,79740928,46202704,44.06,4133429
1770208255215,364.58,113.03,164085760,79740928,46204792,44.06,4133429
1770208255315,364.91,113.19,164085760,79740928,46206856,44.07,4133429
1770208255416,368.87,115.32,164085760,79740928,46484336,44.33,4134765
1770208255517,369.18,115.46,164085760,79740928,46486424,44.33,4134765
1770208255618,372.67,117.34,164085760,79740928,46764160,44.60,4144293
1770208255720,372.87,117.42,164085760,79740928,46766248,44.60,4144293
1770208255821,373.18,117.53,164085760,79740928,46768312,44.60,4144293
1770208255921,377.05,119.24,164102144,79740928,47045696,44.87,4145629
1770208256023,377.34,119.39,164102144,79740928,47047784,44.87,4145629
1770208256123,383.70,121.73,164102144,79740928,47325720,45.13,4155157
1770208256224,383.87,121.82,164102144,79740928,47327864,45.14,4155157
1770208256325,384.06,121.99,164102144,79740928,47329928,45.14,4155157
1770208256427,387.73,123.86,164102144,79740928,47607368,45.40,4156493
1770208256527,388.00,123.97,164102144,79740928,47609456,45.40,4156493
1770208256628,391.59,126.01,164118528,79740928,47887208,45.67,4166021
1770208256730,391.85,126.10,164118528,79740928,47889296,45.67,4166021
1770208256830,392.15,126.22,164118528,79740928,47891360,45.67,4166021
1770208256931,399.05,128.39,164184064,79740928,48168944,45.94,4167357
1770208257032,399.35,128.54,164184064,79740928,48171032,45.94,4167357
1770208257134,403.30,130.65,164184064,79740928,48448672,46.20,4176885
1770208257235,403.54,130.74,164184064,79740928,48450760,46.21,4176885
1770208257335,403.88,130.90,164184064,79740928,48452824,46.21,4176885
1770208257435,408.29,132.63,164184064,79740928,48751272,46.49,4178221
1770208257537,408.56,132.74,164184064,79740928,48753360,46.49,4178221
1770208257638,412.10,134.35,164184064,79740928,49030968,46.76,4187749
1770208257737,412.29,134.45,164184064,79740928,49033056,46.76,4187749
1770208257838,412.46,134.54,164184064,79740928,49035120,46.76,4187749
1770208257940,417.84,136.25,164233216,79740928,49312448,47.03,4189085
1770208258040,418.10,136.36,164233216,79740928,49314536,47.03,4189085
1770208258141,423.84,138.26,164233216,79740928,49592168,47.29,4198613
1770208258243,424.09,138.37,164233216,79740928,49594256,47.30,4198613
1770208258343,424.43,138.51,164233216,79740928,49596320,47.30,4198613
1770208258444,428.76,140.38,164233216,79740928,49873672,47.56,4199949
1770208258545,511.11,153.31,131956736,46448640,39671344,37.83,4118831
1770208258647,517.80,155.14,131956736,46448640,40005088,38.15,4128359
1770208258748,517.96,155.23,131956736,46448640,40007144,38.15,4128359
1770208258849,518.12,155.31,131956736,46448640,40009176,38.16,4128359
1770208258950,520.52,156.52,131956736,46448640,40288000,38.42,4129695
1770208259050,520.80,156.65,131956736,46448640,40290056,38.42,4129695
1770208259150,590.14,164.10,135610368,43040768,39561208,37.73,4119497
1770208259252,597.05,165.45,127614976,43040768,39628944,37.79,4119497
1770208259353,597.23,165.55,127614976,43040768,39630976,37.80,4119497
1770208259453,604.34,167.37,127893504,43040768,39940088,38.09,4120833
1770208259555,604.60,167.48,127893504,43040768,39942096,38.09,4120833
1770208259656,605.84,168.30,128139264,43040768,40207176,38.34,4130361
1770208259755,619.15,168.78,128172032,43040768,40211984,38.35,4130361
1770208259856,672.96,171.70,127680512,42778624,39649096,37.81,4118831
1770208259958,682.34,173.65,127991808,42778624,40002688,38.15,4120167
1770208260058,682.52,173.74,127991808,42778624,40004696,38.15,4120167
1770208260160,685.24,175.38,128237568,42778624,40261032,38.40,4129695
1770208260261,685.47,175.47,128237568,42778624,40263040,38.40,4129695
1770208260361,685.78,175.60,128237568,42778624,40265024,38.40,4129695
1770208260462,690.14,177.53,128483328,42778624,40521160,38.64,4131031
1770208260563,690.47,177.66,128483328,42778624,40523168,38.65,4131031
1770208260664,697.50,180.14,129105920,45924352,39910720,38.06,4129695
1770208260766,697.77,180.27,129105920,45924352,39912704,38.06,4129695
1770208260867,698.11,180.44,129122304,45924352,39914688,38.07,4129695
1770208260967,703.33,182.37,129351680,45924352,40169104,38.31,4131031
1770208261068,703.60,182.47,129368064,45924352,40171088,38.31,4131031
1770208261169,712.78,184.49,129646592,45924352,40424800,38.55,4140559
1770208261270,713.02,184.57,129646592,45924352,40426808,38.55,4140559
1770208261370,713.35,184.76,129662976,45924352,40428792,38.56,4140559
1770208261472,716.80,187.25,129892352,45924352,40681288,38.80,4141895
1770208261573,717.00,187.32,129892352,45924352,40683296,38.80,4141895
1770208261675,720.16,189.29,130138112,45924352,40937952,39.04,4151423
1770208261775,720.46,189.41,130138112,45924352,40939960,39.04,4151423
1770208261877,720.75,189.53,130138112,45924352,40941944,39.05,4151423
1770208261978,723.92,191.38,130383872,45924352,41196464,39.29,4152759
1770208262078,724.12,191.45,130383872,45924352,41198472,39.29,4152759
1770208262180,728.43,193.34,130646016,45924352,40156704,38.30,4162287
1770208262281,728.65,193.44,130646016,45924352,40158712,38.30,4162287
1770208262382,728.96,193.57,130646016,45924352,40160696,38.30,4162287
1770208262483,733.20,195.63,130646016,45924352,40416008,38.54,4129695
1770208262585,733.49,195.74,130646016,45924352,40417992,38.55,4129695
1770208262686,736.83,197.71,130695168,46186496,40929232,39.03,4139223
1770208262787,737.08,197.83,130695168,46186496,40931240,39.04,4139223
1770208262887,737.38,197.96,130695168,46186496,40933224,39.04,4139223
1770208262989,740.66,199.98,130744320,46186496,41185592,39.28,4140559
1770208263089,740.94,200.10,130744320,46186496,41187576,39.28,4140559
1770208263190,754.65,202.18,131137536,46186496,41441472,39.52,4150087
1770208263292,754.80,202.25,131137536,46186496,41443480,39.52,4150087
1770208263392,754.98,202.33,131137536,46186496,41445464,39.53,4150087
1770208263494,757.92,204.38,131366912,46186496,41694808,39.76,4151423
1770208263594,758.17,204.48,131383296,46186496,41696792,39.77,4151423
1770208263696,762.99,206.47,131629056,46186496,41946032,40.00,4160951
1770208263797,763.26,206.59,131629056,46186496,41948040,40.00,4160951
1770208263897,763.60,206.75,131629056,46186496,41950024,40.01,4160951
1770208263999,768.38,208.86,131842048,46186496,40657936,38.77,4162287
1770208264099,768.71,209.01,131842048,46186496,40659920,38.78,4162287
1770208264200,772.10,210.92,131842048,46186496,40909008,39.01,4138553
1770208264300,772.35,211.02,131842048,46186496,40911016,39.02,4138553
1770208264400,772.70,211.15,131842048,46186496,40913000,39.02,4138553
1770208264500,779.18,213.00,131858432,46186496,41162408,39.26,4139889
1770208264601,779.46,213.11,131858432,46186496,41164416,39.26,4139889
1770208264703,783.07,214.72,131858432,46186496,41408616,39.49,4149417
1770208264802,783.29,214.82,131858432,46186496,41410624,39.49,4149417
1770208264904,783.59,214.93,131858432,46186496,41412608,39.49,4149417
1770208265004,789.53,216.92,131874816,46186496,41657016,39.73,4150753
1770208265106,789.83,217.05,131874816,46186496,41659024,39.73,4150753
1770208265207,796.83,219.16,131874816,46186496,41904512,39.96,4160281
1770208265308,797.05,219.28,131874816,46186496,41906520,39.97,4160281
1770208265410,797.34,219.40,131874816,46186496,41908504,39.97,4160281
1770208265511,801.16,221.60,131874816,46186496,42152352,40.20,4161617
1770208265611,801.46,221.72,131874816,46186496,42154360,40.20,4161617
1770208265711,808.61,224.27,132087808,46448640,40884600,38.99,4171145
1770208265813,808.92,224.38,132087808,46448640,40886608,38.99,4171145
1770208265913,809.24,224.55,132087808,46448640,40888592,38.99,4171145
1770208266013,813.89,226.34,132087808,46448640,41132040,39.23,4130361
1770208266115,814.13,226.51,132087808,46448640,41134048,39.23,4130361
1770208266215,818.29,228.40,132087808,46448640,41377440,39.46,4139889
1770208266317,818.59,228.52,132087808,46448640,41379424,39.46,4139889
1770208266418,818.88,228.65,132087808,46448640,41381408,39.46,4139889
1770208266518,822.24,230.76,132087808,46448640,41624608,39.70,4141225
1770208266620,822.56,230.93,132087808,46448640,41626616,39.70,4141225
1770208266721,825.45,233.01,132087808,46448640,41870064,39.93,4150753
1770208266822,825.72,233.15,132087808,46448640,41872048,39.93,4150753
1770208266922,826.06,233.32,132087808,46448640,41874032,39.93,4150753
1770208267023,829.75,235.33,132104192,46448640,42117192,40.17,4152089
1770208267125,830.07,235.51,132104192,46448640,42119200,40.17,4152089
1770208267225,833.47,237.59,132104192,46448640,42362576,40.40,4161617
1770208267326,833.79,237.73,132104192,46448640,42364560,40.40,4161617
1770208267426,834.09,237.84,132104192,46448640,42366584,40.40,4161617
1770208267528,845.68,240.11,132104192,46448640,42610928,40.64,4162953
1770208267629,845.98,240.27,132104192,46448640,42612936,40.64,4162953
1770208267731,850.97,242.56,132349952,46448640,41348864,39.43,4137887
1770208267832,851.18,242.62,132349952,46448640,41350872,39.44,4137887
1770208267934,853.54,243.97,132349952,46448640,41473072,39.55,4138557
1770208268035,859.19,244.80,132349952,46448640,41595360,39.67,4139223
1770208268136,859.50,245.03,132349952,46448640,41597344,39.67,4139223
1770208268237,868.18,247.07,132366336,46448640,41838104,39.90,4148751
1770208268338,868.43,247.21,132366336,46448640,41840112,39.90,4148751
1770208268437,870.80,248.47,132366336,46448640,41961064,40.02,4149421
1770208268539,899.12,249.94,132775936,46448640,42083112,40.13,4150087
1770208268640,899.39,250.06,132775936,46448640,42085096,40.14,4150087
1770208268741,909.79,252.12,132792320,46448640,42327648,40.37,4159615
1770208268842,910.01,252.22,132792320,46448640,42329656,40.37,4159615
1770208268943,913.33,254.01,132792320,46448640,42567016,40.60,4160951
1770208269044,916.18,254.08,132792320,46448640,42569000,40.60,4160951
1770208269146,916.44,254.23,132792320,46448640,42570984,40.60,4160951
1770208269246,921.27,256.05,132808704,46448640,42808800,40.83,4170479
1770208269347,921.50,256.15,132808704,46448640,42810808,40.83,4170479
1770208269447,930.76,258.26,133054464,46710784,41558968,39.63,4129695
1770208269548,948.03,258.48,133087232,46710784,41563856,39.64,4129695
1770208269648,948.31,258.61,133087232,46710784,41565840,39.64,4129695
1770208269750,951.57,260.48,133087232,46710784,41803664,39.87,4139223
1770208269852,951.89,260.64,133087232,46710784,41805648,39.87,4139223
1770208269952,955.07,262.63,133087232,46710784,42043024,40.10,4140559
1770208270052,955.26,262.69,133087232,46710784,42045008,40.10,4140559
1770208270153,955.51,262.81,133087232,46710784,42046992,40.10,4140559
1770208270253,957.17,264.18,133087232,46710784,42284544,40.33,4150087
1770208270353,957.28,264.21,133087232,46710784,42286528,40.33,4150087
1770208270454,959.35,265.45,133087232,46710784,42523872,40.55,4151423
1770208270555,959.48,265.53,133087232,46710784,42525856,40.56,4151423
1770208270656,959.61,265.59,133087232,46710784,42527840,40.56,4151423
1770208270757,966.95,267.11,133103616,46710784,42766792,40.79,4160951
1770208270858,967.07,267.17,114655232,46710784,42768776,40.79,4160951
1770208270959,970.22,268.83,109690880,51429376,41670144,39.74,4162287
1770208271061,970.35,268.90,109674496,51429376,41672128,39.74,4162287
1770208271162,970.51,269.00,109674496,51429376,41674112,39.74,4162287
1770208271262,973.00,270.56,109641728,51429376,41911552,39.97,4137887
1770208271363,973.13,270.65,109641728,51429376,41913536,39.97,4137887
1770208271463,980.13,272.13,109625344,51429376,42151848,40.20,4139223
1770208271564,980.25,272.20,109592576,51429376,42153832,40.20,4139223
1770208271665,980.39,272.29,109592576,51429376,42155816,40.20,4139223
1770208271766,982.11,273.53,109592576,51429376,42393328,40.43,4148751
1770208271866,982.27,273.60,109592576,51429376,42395312,40.43,4148751
1770208271967,984.48,275.33,109330432,51429376,42632672,40.66,4150087
1770208272069,984.73,275.45,109330432,51429376,42634656,40.66,4150087
1770208272169,985.01,275.60,108085248,51429376,42636640,40.66,4150087
1770208272271,989.13,277.61,108085248,51429376,42874304,40.89,4159615
1770208272372,989.42,277.75,108085248,51429376,42876288,40.89,4159615
1770208272473,994.34,279.67,108118016,51429376,43113912,41.12,4160951
1770208272574,994.59,279.78,108118016,51429376,43115896,41.12,4160951
1770208272676,994.88,279.93,108118016,51429376,43117880,41.12,4160951
1770208272778,1010.38,282.16,108134400,51429376,43382824,41.37,4170479
1770208272880,1010.63,282.32,108150784,51429376,43384808,41.37,4170479
1770208272981,1013.40,284.19,108396544,51429376,43618792,41.60,4171815
1770208273081,1013.67,284.32,108396544,51429376,43620800,41.60,4171815
1770208273183,1013.94,284.46,108396544,51429376,43622784,41.60,4171815
1770208273283,1017.78,286.78,108625920,51429376,43857016,41.83,4181343
1770208273385,1018.02,286.90,108625920,51429376,43859024,41.83,4181343
1770208273486,1020.56,288.91,108937216,51429376,44279944,42.23,4182679
1770208273586,1020.83,289.09,108937216,51429376,44281952,42.23,4182679
1770208273688,1021.10,289.23,108953600,51429376,44283936,42.23,4182679
1770208273788,1024.05,290.75,108511232,51429376,44518168,42.46,4192207
1770208273890,1024.31,290.89,108511232,51429376,44520176,42.46,4192207
1770208273991,1037.24,293.02,108773376,51429376,44774320,42.70,4193543
1770208274091,1037.47,293.19,108773376,51429376,44776328,42.70,4193543
1770208274191,1037.73,293.30,108773376,51429376,44778312,42.70,4193543
1770208274293,1039.97,294.86,108986368,51429376,45005720,42.92,4203071
1770208274394,1040.21,294.98,108986368,51429376,45007728,42.92,4203071
1770208274496,1042.37,296.53,108937216,51429376,45234936,43.14,4204407
1770208274597,1042.56,296.61,108937216,51429376,45236944,43.14,4204407
1770208274697,1042.83,296.75,108937216,51429376,45238928,43.14,4204407
1770208274797,1046.14,298.86,109150208,51429376,45466368,43.36,4213935
1770208274898,1046.33,298.93,109150208,51429376,45468376,43.36,4213935
1770208275000,1051.94,301.42,109592576,51953664,42473072,40.51,4215271
1770208275101,1052.17,301.55,109101056,51953664,42475080,40.51,4215271
1770208275201,1052.35,301.61,109101056,51953664,42477064,40.51,4215271
1770208275301,1055.24,303.39,109101056,51953664,42704520,40.73,4138553
1770208275403,1055.53,303.52,109101056,51953664,42706504,40.73,4138553
1770208275503,1058.13,305.36,109117440,51953664,42933776,40.94,4139889
1770208275604,1058.28,305.44,109117440,51953664,42935760,40.95,4139889
1770208275706,1058.43,305.50,109117440,51953664,42937744,40.95,4139889
1770208275806,1060.07,306.66,109117440,51953664,43165176,41.17,4149417
1770208275906,1060.27,306.73,109117440,51953664,43167160,41.17,4149417
1770208276008,1063.02,308.64,109117440,51953664,43394496,41.38,4150753
1770208276109,1063.27,308.75,109117440,51953664,43396480,41.39,4150753
1770208276210,1063.58,308.90,109117440,51953664,43398464,41.39,4150753
1770208276311,1067.89,310.85,109133824,51953664,43626608,41.61,4160281
1770208276412,1068.14,310.96,109133824,51953664,43628592,41.61,4160281
1770208276513,1071.03,312.86,109264896,51953664,43855080,41.82,4161617
1770208276613,1071.32,312.99,109264896,51953664,43857064,41.83,4161617
1770208276715,1071.62,313.14,109264896,51953664,43859048,41.83,4161617
1770208276816,1074.55,315.06,109477888,51953664,44085816,42.04,4171145
1770208276917,1074.85,315.20,109477888,51953664,44087800,42.05,4171145
1770208277018,1079.47,317.05,109707264,51953664,44314264,42.26,4172481
1770208277118,1079.64,317.14,109707264,51953664,44316272,42.26,4172481
1770208277220,1079.82,317.26,109707264,51953664,44318256,42.27,4172481
1770208277321,1084.91,318.95,109920256,51953664,44545144,42.48,4182011
1770208277422,1085.12,319.06,109920256,51953664,44547152,42.48,4182011
1770208277522,1089.79,320.99,110149632,51953664,44773920,42.70,4183349
1770208277623,1090.01,321.09,110166016,51953664,44775928,42.70,4183349
1770208277723,1090.20,321.15,110166016,51953664,44777912,42.70,4183349
1770208277824,1093.35,322.76,110379008,51953664,45004632,42.92,4192879
1770208277924,1093.65,322.91,110379008,51953664,45006640,42.92,4192879
1770208278025,1095.60,324.22,110592000,51953664,45233024,43.14,4194217
1770208278126,1095.72,324.29,110592000,51953664,45235032,43.14,4194217
1770208278225,1095.96,324.41,110592000,51953664,45237016,43.14,4194217
1770208278326,1099.30,326.80,110821376,51953664,45463568,43.36,4203747
1770208278428,1099.49,326.91,110837760,51953664,45465576,43.36,4203747
1770208278529,1104.60,329.09,111607808,52740096,42861712,40.88,4205085
1770208278630,1104.76,329.18,111607808,52740096,42863720,40.88,4205085
1770208278731,1104.90,329.26,111607808,52740096,42865704,40.88,4205085
1770208278833,1107.34,330.81,111607808,52740096,43092440,41.10,4137889
1770208278933,1107.54,330.90,111607808,52740096,43094448,41.10,4137889
1770208279034,1110.29,332.64,111624192,52740096,43320816,41.31,4139227
1770208279135,1110.57,332.74,111624192,52740096,43322824,41.32,4139227
1770208279235,1110.86,332.84,111624192,52740096,43324808,41.32,4139227
1770208279336,1115.03,334.69,111624192,52740096,43552440,41.53,4148757
1770208279436,1115.34,334.83,111624192,52740096,43554448,41.54,4148757
1770208279537,1133.89,336.90,111706112,52740096,43782608,41.75,4150095
1770208279638,1134.08,336.96,111706112,52740096,43784616,41.76,4150095
1770208279740,1134.38,337.08,111706112,52740096,43786600,41.76,4150095
1770208279841,1137.26,338.73,111706112,52740096,44013008,41.97,4159625
1770208279941,1137.41,338.83,111706112,52740096,44015016,41.98,4159625
1770208280042,1145.30,340.69,111706112,52740096,44241648,42.19,4160963
1770208280142,1145.52,340.80,111706112,52740096,44243656,42.19,4160963
1770208280244,1145.72,340.87,111706112,52740096,44245640,42.20,4160963
1770208280345,1148.50,343.61,111706112,52740096,44471928,42.41,4170493
1770208280445,1149.35,343.78,111706112,52740096,44474680,42.41,4170493
1770208280547,1156.75,345.67,111722496,52740096,44701656,42.63,4171831
1770208280647,1156.96,345.77,111722496,52740096,44703664,42.63,4171831
1770208280749,1157.16,345.87,111722496,52740096,44705648,42.63,4171831
1770208280849,1159.62,347.60,111722496,52740096,44931584,42.85,4181361
1770208280950,1159.77,347.68,111722496,52740096,44933592,42.85,4181361
1770208281049,1162.24,349.25,111722496,52740096,45159272,43.07,4182699
1770208281151,1162.37,349.33,111722496,52740096,45161280,43.07,4182699
1770208281252,1162.49,349.41,111722496,52740096,45163264,43.07,4182699
1770208281353,1166.93,351.09,111722496,52740096,45392632,43.29,4192229
1770208281453,1167.14,351.19,111722496,52740096,45394640,43.29,4192229
1770208281555,1169.57,352.79,111722496,52740096,45620304,43.51,4193567
1770208281656,1169.70,352.88,111722496,52740096,45622312,43.51,4193567
1770208281757,1169.83,352.96,111722496,52740096,45624296,43.51,4193567
1770208281858,1172.50,354.61,111722496,52740096,45913104,43.79,4203097
1770208281958,1172.61,354.68,111722496,52740096,45915112,43.79,4203097
1770208282059,1175.00,356.43,111722496,52740096,46140840,44.00,4204435
1770208282161,1175.10,356.49,111722496,52740096,46142848,44.01,4204435
1770208282261,1175.20,356.55,111722496,52740096,46144832,44.01,4204435
1770208282361,1372.87,366.21,131874816,84721664,56593544,53.97,4118832
1770208282462,1372.95,366.25,131874816,84721664,56595600,53.97,4118832
1770208282564,1374.72,367.52,132104192,84721664,56842304,54.21,4120170
1770208282665,1374.91,367.58,132104192,84721664,56844312,54.21,4120170
1770208282767,1375.21,367.72,132104192,84721664,56846296,54.21,4120170
1770208282868,1378.87,369.57,132333568,84721664,57090408,54.45,4129700
1770208282967,1379.09,369.68,132333568,84721664,57092416,54.45,4129700
1770208283068,1381.80,371.62,132562944,84721664,57333440,54.68,4131038
1770208283170,1381.99,371.69,132562944,84721664,57335448,54.68,4131038
1770208283270,1382.23,371.83,132562944,84721664,57337432,54.68,4131038
1770208283371,1385.24,373.68,132792320,84721664,57578960,54.91,4140568
1770208283472,1385.36,373.74,132792320,84721664,57580968,54.91,4140568
1770208283573,1388.91,375.66,133021696,84721664,57828488,55.15,4141906
1770208283674,1389.05,375.72,133021696,84721664,57830496,55.15,4141906
1770208283776,1389.23,375.81,133021696,84721664,57832480,55.15,4141906
1770208283877,1392.43,377.73,133267456,84721664,58069944,55.38,4151436
1770208283977,1392.64,377.84,133267456,84721664,58071952,55.38,4151436
1770208284079,1396.00,379.33,133496832,84721664,58314024,55.61,4152774
1770208284180,1396.21,379.42,133496832,84721664,58316032,55.61,4152774
1770208284282,1397.53,380.55,133611520,84721664,58438960,55.73,4161637
1770208284383,1398.72,381.47,133726208,84721664,58557848,55.85,4162304
1770208284483,1399.01,381.59,133726208,84721664,58559856,55.85,4162304
1770208284584,1402.28,383.54,133955584,84721664,58799768,56.08,4163642
1770208284686,1402.45,383.62,133955584,84721664,58801776,56.08,4163642
1770208284787,1404.68,385.10,134070272,84721664,58930888,56.20,4172505
1770208284888,1436.90,386.42,134955008,84721664,59083480,56.35,4173172
1770208284989,1437.17,386.54,134955008,84721664,59085488,56.35,4173172
1770208285090,1463.07,388.77,135200768,84721664,59352096,56.60,4174510
1770208285191,1463.24,388.85,135200768,84721664,59354104,56.60,4174510
1770208285291,1466.10,390.69,135430144,84721664,59590224,56.83,4184040
1770208285393,1466.31,390.78,135430144,84721664,59592232,56.83,4184040
1770208285493,1466.68,390.93,135430144,84721664,59594216,56.83,4184040
1770208285594,1470.36,393.21,135659520,84721664,59831064,57.06,4185378
1770208285695,1470.66,393.50,135659520,84721664,59833072,57.06,4185378
1770208285796,1478.62,395.41,135888896,84721664,60070320,57.29,4194908
1770208285897,1480.78,395.50,135888896,84721664,60073160,57.29,4194908
1770208285998,1481.02,395.61,135888896,84721664,60075144,57.29,4194908
1770208286100,1485.19,397.69,136118272,84721664,60312080,57.52,4196246
1770208286201,1485.49,397.81,136118272,84721664,60314088,57.52,4196246
1770208286302,1491.74,399.97,136364032,84721664,60551760,57.75,4205776
1770208286403,1491.96,400.09,136364032,84721664,60553768,57.75,4205776
1770208286505,1492.10,400.16,136364032,84721664,60555752,57.75,4205776
1770208286606,1497.15,401.48,136593408,84721664,60797632,57.98,4207114
1770208286706,1497.41,401.58,136593408,84721664,60799640,57.98,4207114
1770208286807,1500.96,403.35,136822784,84721664,61039744,58.21,4216644
1770208286907,1501.13,403.44,136822784,84721664,61041752,58.21,4216644
1770208287009,1501.41,403.54,136822784,84721664,61043736,58.22,4216644
1770208287109,1505.87,405.37,137052160,84721664,61282936,58.44,4217982
1770208287211,1506.11,405.46,137052160,84721664,61284944,58.45,4217982
1770208287312,1508.74,407.26,137281536,84721664,61524968,58.67,4227512
1770208287413,1508.83,407.31,137281536,84721664,61526976,58.68,4227512
1770208287514,1508.92,407.38,137281536,84721664,61528960,58.68,4227512
1770208287614,1512.20,409.05,137494528,84721664,61797928,58.94,4228850
1770208287716,1512.51,409.21,137510912,84721664,61799936,58.94,4228850
1770208287816,1515.43,411.05,137740288,84721664,62036584,59.16,4238380
1770208287917,1515.58,411.15,137740288,84721664,62038592,59.16,4238380
1770208288018,1515.77,411.26,137756672,84721664,62040576,59.17,4238380
1770208288119,1518.67,413.07,137986048,84721664,62276984,59.39,4239718
1770208288220,1518.96,413.20,137986048,84721664,62278992,59.39,4239718
1770208288321,1521.64,415.02,138215424,84721664,62515648,59.62,4249248
1770208288422,1521.85,415.11,138215424,84721664,62517656,59.62,4249248
1770208288523,1522.13,415.21,138215424,84721664,62519640,59.62,4249248
1770208288625,1524.87,416.97,138444800,84721664,62756064,59.85,4250586
1770208288726,1525.15,417.09,138444800,84721664,62758072,59.85,4250586
1770208288828,1531.61,419.13,138723328,84721664,62995248,60.08,4260116
1770208288929,1531.74,419.20,138723328,84721664,62997256,60.08,4260116
1770208289029,1531.89,419.31,138723328,84721664,62999240,60.08,4260116
1770208289131,1538.97,421.34,138952704,84721664,63243896,60.31,4261454
1770208289232,1539.19,421.46,138952704,84721664,63245904,60.32,4261454
1770208289333,1541.95,423.14,139165696,84721664,63482584,60.54,4270984
1770208289434,1542.08,423.23,139182080,84721664,63484592,60.54,4270984
1770208289535,1542.20,423.31,139182080,84721664,63486576,60.55,4270984
1770208289637,1544.85,424.88,139395072,84721664,63725056,60.77,4272322
1770208289738,1544.99,424.98,139411456,84721664,63727064,60.77,4272322
1770208289839,1547.48,426.71,139624448,84721664,63966496,61.00,4281852
1770208289940,1547.71,426.82,139624448,84721664,63968504,61.01,4281852
1770208290042,1548.00,426.98,139624448,84721664,63970488,61.01,4281852
1770208290143,1552.37,429.04,139853824,84721664,64212384,61.24,4283190
1770208290243,1552.65,429.18,139853824,84721664,64214392,61.24,4283190
1770208290344,1558.01,433.70,140115968,84721664,64460816,61.47,4292720
1770208290445,1558.26,433.81,140132352,84721664,64462824,61.48,4292720
1770208290544,1558.54,433.93,140132352,84721664,64464808,61.48,4292720
1770208290645,1567.85,435.99,140279808,84721664,50436792,48.10,4294058
1770208290745,1568.00,436.05,140279808,84721664,50438800,48.10,4294058
1770208290845,1572.38,437.56,140279808,84721664,50683280,48.34,4138559
1770208290946,1572.59,437.63,140279808,84721664,50685288,48.34,4138559
1770208291048,1572.91,437.77,140279808,84721664,50687272,48.34,4138559
1770208291149,1577.04,439.74,140279808,84721664,50921600,48.56,4139897
1770208291250,1577.35,439.89,140279808,84721664,50923608,48.56,4139897
1770208291351,1583.48,442.00,140279808,84721664,51163104,48.79,4149427
1770208291452,1583.74,442.13,140279808,84721664,51165112,48.79,4149427
1770208291553,1584.04,442.29,140279808,84721664,51167096,48.80,4149427
1770208291653,1590.26,444.16,140279808,84721664,51405392,49.02,4150765
1770208291755,1593.14,444.35,140279808,84721664,51415568,49.03,4150765
1770208291855,1595.75,445.98,140279808,84721664,51649488,49.26,4160295
1770208291956,1595.97,446.09,140279808,84721664,51651496,49.26,4160295
1770208292057,1596.11,446.14,140279808,84721664,51653480,49.26,4160295
1770208292157,1597.78,447.51,140230656,84721664,51887176,49.48,4161633
1770208292258,1597.98,447.59,140230656,84721664,51889184,49.49,4161633
1770208292359,1600.24,449.34,140230656,84721664,52128256,49.71,4171163
1770208292459,1600.42,449.45,140230656,84721664,52130264,49.72,4171163
1770208292560,1600.60,449.52,140230656,84721664,52132248,49.72,4171163
1770208292661,1603.48,451.27,140230656,84721664,52365944,49.94,4172501
1770208292762,1603.73,451.38,140230656,84721664,52367952,49.94,4172501
1770208292863,1606.13,452.89,140230656,84721664,52631672,50.19,4182031
1770208292964,1606.42,453.06,140230656,84721664,52633680,50.20,4182031
1770208293066,1606.64,453.15,140230656,84721664,52635664,50.20,4182031
1770208293166,1609.40,454.94,140230656,84721664,52869376,50.42,4183369
1770208293267,1609.70,455.09,140230656,84721664,52871384,50.42,4183369
1770208293368,1613.29,456.62,140247040,84721664,53105472,50.65,4192899
1770208293470,1613.59,456.80,140247040,84721664,53107480,50.65,4192899
1770208293570,1613.86,456.90,140247040,84721664,53109464,50.65,4192899
1770208293672,1622.31,459.25,140263424,84721664,53373928,50.90,4194237
1770208293773,1622.62,459.42,140263424,84721664,53375936,50.90,4194237
1770208293874,1624.90,461.28,140263424,84721664,53609768,51.13,4203767
1770208293976,1625.17,461.42,140263424,84721664,53611776,51.13,4203767
1770208294076,1625.48,461.58,140263424,84721664,53613760,51.13,4203767
1770208294178,1632.79,463.79,140263424,84721664,53848272,51.35,4205105
1770208294279,1633.05,463.93,140263424,84721664,53850280,51.36,4205105
1770208294380,1637.18,465.95,140279808,84721664,54084104,51.58,4214635
1770208294482,1637.45,466.09,140279808,84721664,54086112,51.58,4214635
1770208294582,1637.72,466.23,140279808,84721664,54088096,51.58,4214635
1770208294683,1640.74,467.61,140279808,84721664,54321888,51.81,4215973
1770208294784,1641.04,467.81,140279808,84721664,54323896,51.81,4215973
1770208294884,1645.46,469.85,140361728,84721664,54752608,52.22,4225503
1770208294986,1645.76,469.98,140361728,84721664,54754616,52.22,4225503
1770208295086,1646.03,470.12,140361728,84721664,54756600,52.22,4225503
1770208295188,1649.35,471.51,140361728,84721664,54990216,52.44,4226841
1770208295289,1649.65,471.65,140361728,84721664,54992224,52.44,4226841
1770208295391,1652.71,473.70,140378112,84721664,55226128,52.67,4236371
1770208295491,1652.96,473.83,140378112,84721664,55228136,52.67,4236371
1770208295592,1653.22,473.97,140378112,84721664,55230120,52.67,4236371
1770208295692,1656.27,476.08,140378112,84721664,55463720,52.89,4237709
1770208295794,1656.56,476.26,140378112,84721664,55465728,52.90,4237709
1770208295895,1659.46,478.12,140378112,84721664,55699576,53.12,4247239
1770208295994,1659.75,478.27,140378112,84721664,55701584,53.12,4247239
1770208296095,1660.08,478.46,140378112,84721664,55703568,53.12,4247239
1770208296196,1662.89,480.18,140378112,84721664,55937168,53.35,4248577
1770208296298,1663.18,480.29,140378112,84721664,55939176,53.35,4248577
1770208296398,1668.27,482.20,140427264,84721664,56173144,53.57,4258107
1770208296499,1668.56,482.37,140427264,84721664,56175152,53.57,4258107
1770208296600,1668.86,482.55,140427264,84721664,56177136,53.57,4258107
1770208296701,1671.73,484.55,140427264,84721664,56410744,53.80,4259445
1770208296803,1672.01,484.68,140427264,84721664,56412752,53.80,4259445
1770208296904,1677.86,486.54,140427264,84721664,56646504,54.02,4268975
1770208297006,1678.14,486.71,140427264,84721664,56648512,54.02,4268975
1770208297106,1679.38,487.80,140525568,84721664,56766792,54.14,4269646
1770208297207,1682.05,488.35,140640256,84721664,56884336,54.25,4270313
1770208297309,1682.24,488.45,140640256,84721664,56886344,54.25,4270313
1770208297409,1684.34,490.21,140886016,84721664,57118640,54.47,4279843
1770208297510,1684.56,490.33,140886016,84721664,57120648,54.47,4279843
1770208297610,1686.58,491.45,140984320,84721664,57238264,54.59,4280514
1770208297712,1687.73,492.23,141099008,84721664,57354800,54.70,4281181
1770208297813,1688.01,492.36,141099008,84721664,57356808,54.70,4281181
1770208297915,1693.62,494.29,141328384,84721664,57589768,54.92,4290711
1770208298016,1693.83,494.38,141328384,84721664,57591776,54.92,4290711
1770208298116,1697.25,496.38,141541376,84721664,57823456,55.14,4292049
1770208298217,1701.28,496.46,141557760,84721664,57825560,55.15,4292049
1770208298319,1701.57,496.57,141557760,84721664,57827544,55.15,4292049
1770208298419,1704.34,498.49,141787136,84721664,58057056,55.37,4301579
1770208298521,1704.62,498.63,141787136,84721664,58059064,55.37,4301579
1770208298621,1712.98,500.63,142016512,84721664,58288688,55.59,4302917
1770208298722,1719.56,500.73,142032896,84721664,58292024,55.59,4302917
1770208298823,1719.83,500.87,142032896,84721664,58294008,55.59,4302917
1770208298923,1722.68,502.67,142245888,84721664,58522304,55.81,4312447
1770208299025,1722.88,502.77,142245888,84721664,58524312,55.81,4312447
1770208299125,1732.49,504.56,142475264,84721664,58752336,56.03,4313785
1770208299226,1738.27,504.65,142475264,84721664,58755552,56.03,4313785
1770208299328,1738.52,504.80,142491648,84721664,58757536,56.04,4313785
1770208299429,1741.00,506.36,142704640,84721664,58985728,56.25,4323315
1770208299529,1741.26,506.48,142704640,84721664,58987808,56.26,4323315
1770208299630,1745.51,508.34,142950400,84721664,59215880,56.47,4324653
1770208299730,1745.69,508.42,142950400,84721664,59217888,56.47,4324653
1770208299831,1745.97,508.54,142950400,84721664,59219872,56.48,4324653
1770208299931,1748.80,510.54,143163392,84721664,59448064,56.69,4334183
1770208300033,1749.07,510.67,143163392,84721664,59450072,56.70,4334183
1770208300132,1752.11,512.55,143392768,84721664,59678048,56.91,4335521
1770208300234,1752.31,512.62,143392768,84721664,59680056,56.92,4335521
1770208300334,1752.61,512.77,143392768,84721664,59682040,56.92,4335521
1770208300436,1755.30,514.70,143605760,84721664,59910576,57.14,4345051
1770208300537,1755.60,514.86,143605760,84721664,59912584,57.14,4345051
1770208300639,1768.56,516.90,143851520,84721664,60142968,57.36,4346389
1770208300739,1768.73,516.98,143867904,84721664,60144976,57.36,4346389
1770208300841,1768.92,517.07,143867904,84721664,60146960,57.36,4346389
1770208300942,1790.66,518.88,144113664,84721664,60399264,57.60,4355919
1770208301043,1790.82,518.97,144113664,84721664,60401272,57.60,4355919
1770208301143,1799.75,520.70,144343040,84721664,60624832,57.82,4357257
1770208301245,1817.14,520.87,144556032,84983808,60828192,58.01,4357257
1770208301345,1817.33,520.95,144556032,84983808,60830176,58.01,4357257
1770208301445,1820.02,522.82,144769024,84983808,61055312,58.23,4366787
1770208301547,1820.24,522.89,144769024,84983808,61057320,58.23,4366787
1770208301647,1822.42,524.41,144982016,84983808,61278008,58.44,4368125
1770208301748,1822.62,524.53,144982016,84983808,61280016,58.44,4368125
1770208301850,1822.83,524.62,144982016,84983808,61282000,58.44,4368125
1770208301951,1825.58,526.48,145211392,84983808,61512024,58.66,4377655
1770208302051,1825.73,526.57,145211392,84983808,61514032,58.66,4377655
1770208302152,1827.75,528.37,145408000,84983808,61734624,58.87,4378993
1770208302252,1827.88,528.42,145424384,84983808,61736632,58.88,4378993
1770208302353,1828.05,528.51,145424384,84983808,61738616,58.88,4378993
1770208302455,1829.85,529.93,145620992,84983808,61959472,59.09,4388523
1770208302556,1829.99,530.02,145637376,84983808,61961480,59.09,4388523
1770208302657,1831.80,531.46,145833984,84983808,62201256,59.32,4389861
1770208302757,1831.93,531.53,145833984,84983808,62203264,59.32,4389861
1770208302858,1832.07,531.61,145850368,84983808,62205248,59.32,4389861
1770208302958,1834.57,532.96,146063360,84983808,62427424,59.54,4399391
1770208303059,1834.69,533.01,146063360,84983808,62429432,59.54,4399391
1770208303161,1840.05,534.50,146292736,84983808,62650312,59.75,4400729
1770208303261,1840.16,534.56,146292736,84983808,62652320,59.75,4400729
1770208303362,1840.28,534.60,146292736,84983808,62654304,59.75,4400729
1770208303463,1841.72,535.89,146505728,84983808,62875120,59.96,4410259
1770208303563,1841.86,535.95,146505728,84983808,62877128,59.96,4410259
1770208303665,1844.19,537.51,146751488,84983808,63140496,60.22,4411597
1770208303765,1844.32,537.56,146751488,84983808,63142504,60.22,4411597
1770208303866,1844.48,537.65,146751488,84983808,63144488,60.22,4411597
1770208303968,1845.84,538.90,146964480,84983808,63365264,60.43,4421127
1770208304068,1846.01,539.00,146964480,84983808,63367272,60.43,4421127
1770208304169,1847.48,540.47,147177472,84983808,63587872,60.64,4422465
1770208304270,1847.63,540.56,147177472,84983808,63589880,60.64,4422465
1770208304370,1847.78,540.63,147177472,84983808,63591864,60.65,4422465
1770208304471,1849.75,542.21,147390464,84983808,63817248,60.86,4431995
1770208304573,1849.90,542.29,147390464,84983808,63819256,60.86,4431995
1770208304673,1852.49,543.96,147587072,84983808,64039832,61.07,4433333
1770208304775,1852.71,544.10,147603456,84983808,64041840,61.08,4433333
1770208304876,1852.83,544.16,147603456,84983808,64043824,61.08,4433333
1770208304976,1854.57,544.90,147865600,84983808,64282816,61.30,4442863
1770208305077,1854.67,544.93,147865600,84983808,64284824,61.31,4442863
1770208305179,1864.35,546.62,148062208,84983808,64505696,61.52,4444201
1770208305280,1864.55,546.70,148078592,84983808,64507704,61.52,4444201
1770208305380,1864.80,546.78,148078592,84983808,64509688,61.52,4444201
1770208305482,1867.67,548.59,148275200,84983808,64727784,61.73,4453731
1770208305582,1867.92,548.70,148275200,84983808,64729792,61.73,4453731
1770208305682,1870.46,550.73,148504576,84983808,64966344,61.96,4455069
1770208305784,1870.70,550.83,148504576,84983808,64968352,61.96,4455069
1770208305883,1871.00,550.96,148504576,84983808,64970336,61.96,4455069
1770208305984,1873.62,552.86,148717568,84983808,65188408,62.17,4464599
1770208306086,1873.88,553.01,148717568,84983808,65190416,62.17,4464599
1770208306186,1888.83,563.30,121389056,58245120,53229160,50.76,4129700
1770208306287,1889.07,563.38,121389056,58245120,53231168,50.77,4129700
1770208306387,1889.38,563.51,121389056,58245120,53233152,50.77,4129700
1770208306488,1891.97,565.25,121389056,58245120,53451200,50.98,4139230
1770208306590,1892.26,565.40,121389056,58245120,53453208,50.98,4139230
1770208306691,1895.10,567.26,121389056,58245120,53671208,51.18,4140568
1770208306791,1895.34,567.39,121389056,58245120,53673192,51.19,4140568
1770208306892,1895.64,567.51,121389056,58245120,53675176,51.19,4140568
1770208306993,1898.63,569.29,121389056,58245120,53893384,51.40,4150098
1770208307095,1898.85,569.39,121389056,58245120,53895392,51.40,4150098
1770208307195,1906.47,571.33,121405440,58245120,54145168,51.64,4151436
1770208307297,1906.71,571.44,121405440,58245120,54147152,51.64,4151436
1770208307397,1907.01,571.59,121405440,58245120,54149136,51.64,4151436
1770208307497,1909.91,573.36,121405440,58245120,54367424,51.85,4160966
1770208307599,1910.17,573.47,121405440,58245120,54369432,51.85,4160966
1770208307700,1912.88,575.21,121405440,58245120,54587632,52.06,4162304
1770208307801,1913.17,575.34,121405440,58245120,54589616,52.06,4162304
1770208307903,1913.46,575.48,121405440,58245120,54591600,52.06,4162304
1770208308003,1920.72,577.56,121421824,58245120,54809976,52.27,4171834
1770208308104,1921.00,577.71,121421824,58245120,54811984,52.27,4171834
1770208308206,1923.84,579.59,121421824,58245120,55029816,52.48,4173172
1770208308306,1924.10,579.68,121421824,58245120,55031800,52.48,4173172
1770208308407,1924.38,579.78,121421824,58245120,55033784,52.48,4173172
1770208308508,1927.34,581.75,121421824,58245120,55251880,52.69,4182702
1770208308609,1927.56,581.88,121421824,58245120,55253888,52.69,4182702
1770208308711,1928.95,582.99,121421824,58245120,55471840,52.90,4184040
1770208308811,1929.08,583.05,121421824,58245120,55473824,52.90,4184040
1770208308912,1929.25,583.15,121421824,58245120,55475808,52.91,4184040
1770208309014,1934.35,585.68,124944384,75022336,53410688,50.94,4193570
1770208309116,1934.48,585.75,124944384,75022336,53412696,50.94,4193570
1770208309216,1936.41,587.26,125157376,75022336,53630496,51.15,4130367
1770208309317,1936.53,587.32,125157376,75022336,53632504,51.15,4130367
1770208309417,1936.70,587.41,125157376,75022336,53634488,51.15,4130367
1770208309518,1938.26,588.71,125370368,75022336,53852512,51.36,4139897
1770208309618,1938.57,588.87,125370368,75022336,53854496,51.36,4139897
1770208309718,1943.28,590.82,125583360,75022336,54080056,51.57,4141235
1770208309819,1943.54,590.93,125583360,75022336,54082064,51.58,4141235
1770208309920,1943.85,591.06,125583360,75022336,54084048,51.58,4141235
1770208310022,1946.62,593.11,125796352,75022336,54302112,51.79,4150765
1770208310122,1946.72,593.15,125796352,75022336,54304096,51.79,4150765
1770208310224,1947.47,593.87,126009344,75022336,54578912,52.05,4152103
1770208310324,1947.56,593.91,126009344,75022336,54580920,52.05,4152103
1770208310425,1949.63,594.28,126058496,75022336,54614024,52.08,4152111
1770208310526,1952.43,596.03,126271488,75022336,54832368,52.29,4161641
1770208310627,1952.74,596.18,126271488,75022336,54834376,52.29,4161641
1770208310728,1955.10,597.70,126468096,75022336,55052552,52.50,4162979
1770208310830,1955.32,597.77,126468096,75022336,55054560,52.50,4162979
1770208310930,1955.64,597.90,126468096,75022336,55056544,52.51,4162979
1770208311031,1958.10,599.38,126681088,75022336,55274800,52.71,4172509
1770208311133,1958.35,599.49,126681088,75022336,55276808,52.72,4172509
1770208311233,1960.76,601.24,126894080,75022336,55494992,52.92,4173847
1770208311332,1961.04,601.36,126894080,75022336,55497000,52.93,4173847
1770208311434,1961.28,601.46,126894080,75022336,55498984,52.93,4173847
1770208311535,1964.36,603.34,127107072,75022336,55717400,53.14,4183377
1770208311635,1964.51,603.42,127107072,75022336,55719408,53.14,4183377
1770208311735,1966.18,604.70,127303680,75022336,55937424,53.35,4184715
1770208311837,1966.31,604.78,127303680,75022336,55939432,53.35,4184715
1770208311938,1966.43,604.86,127336448,75022336,55941416,53.35,4184715
1770208312039,1967.97,606.25,127549440,75022336,56159672,53.56,4194245
1770208312140,1968.14,606.35,127549440,75022336,56161680,53.56,4194245
1770208312239,2087.15,616.60,157122560,105955328,60879024,58.06,4129700
1770208312339,2256.34,620.95,169361408,106217472,71374864,68.07,4127024
1770208312440,2256.46,620.99,169361408,106217472,71376880,68.07,4127024
1770208312542,2257.34,621.80,169361408,106217472,71602328,68.29,4136554
1770208312642,2257.62,621.96,169361408,106217472,71604344,68.29,4136554
1770208312743,2264.21,623.94,169361408,106217472,71835080,68.51,4137892
1770208312844,2264.36,624.00,169361408,106217472,71837112,68.51,4137892
1770208312945,2264.63,624.16,169361408,106217472,71839104,68.51,4137892
1770208313046,2267.07,626.05,169361408,106217472,72058000,68.72,4147422
1770208313147,2267.32,626.17,169361408,106217472,72060016,68.72,4147422
1770208313249,2286.97,628.10,169377792,106217472,72314456,68.96,4148760
1770208313349,2287.24,628.24,169377792,106217472,72316472,68.97,4148760
1770208313452,2289.44,629.51,169377792,106217472,72427216,69.07,4157623
1770208313554,2291.35,630.27,169377792,106217472,72538728,69.18,4158290
1770208313655,2291.64,630.44,169361408,106217472,72540744,69.18,4158290
1770208313755,2294.12,632.28,169361408,106217472,72752616,69.38,4159628
1770208313857,2294.42,632.42,169361408,106217472,72754632,69.38,4159628
1770208313957,2296.98,634.12,169361408,106217472,72973432,69.59,4169158
1770208314056,2297.14,634.19,169361408,106217472,72975448,69.59,4169158
1770208314158,2297.38,634.32,168771584,106217472,72977440,69.60,4169158
1770208314258,2299.72,636.03,168771584,106217472,73189416,69.80,4170496
1770208314360,2299.93,636.12,168771584,106217472,73191432,69.80,4170496
1770208314460,2301.87,637.34,168771584,106217472,73299088,69.90,4179359
1770208314560,2304.59,638.26,168771584,106217472,73413408,70.01,4180026
1770208314662,2304.90,638.43,168771584,106217472,73415424,70.01,4180026
1770208314762,2307.70,640.47,168771584,106217472,73635456,70.22,4181364
1770208314863,2307.98,640.60,168771584,106217472,73637472,70.23,4181364
1770208314964,2310.88,642.53,168771584,106217472,73849648,70.43,4190894
1770208315064,2311.08,642.60,168771584,106217472,73851664,70.43,4190894
1770208315166,2311.39,642.74,168771584,106217472,73853656,70.43,4190894
1770208315266,2314.30,644.66,168771584,106217472,74065664,70.63,4192232
1770208315368,2314.47,644.73,168771584,106217472,74067680,70.64,4192232
1770208315468,2316.06,645.39,168771584,106217472,74286040,70.84,4201762
1770208315569,2316.12,645.43,168771584,106217472,74288056,70.85,4201762
1770208315669,2316.26,645.47,168771584,106217472,74290048,70.85,4201762
1770208315770,2318.73,647.16,168771584,106217472,74506144,71.05,4203100
1770208315870,2319.00,647.27,168771584,106217472,74508160,71.06,4203100
1770208315969,2324.82,649.18,168771584,106217472,74720272,71.26,4212630
1770208316071,2327.77,649.27,168771584,106217472,74727344,71.27,4212630
1770208316171,2328.00,649.39,168771584,106217472,74729336,71.27,4212630
1770208316271,2330.54,651.09,168771584,106217472,74945560,71.47,4213968
1770208316372,2330.68,651.17,168771584,106217472,74947576,71.48,4213968
1770208316472,2332.52,652.30,168771584,106217472,75055440,71.58,4222831
1770208316574,2333.46,652.96,168771584,106217472,75166616,71.68,4223498
1770208316674,2333.76,653.10,168771584,106217472,75168632,71.69,4223498
1770208316776,2336.59,655.04,168771584,106217472,75380688,71.89,4224836
1770208316877,2336.75,655.09,168771584,106217472,75382704,71.89,4224836
1770208316976,2338.78,656.35,168771584,106217472,75490432,71.99,4233699
1770208317077,2339.99,657.20,168771584,106217472,75603272,72.10,4234366
1770208317178,2340.25,657.33,168771584,106217472,75605288,72.10,4234366
1770208317279,2346.47,659.41,168787968,106217472,61477096,58.63,4235704
1770208317381,2346.71,659.50,168787968,106217472,61479112,58.63,4235704
1770208317480,2350.30,661.41,168787968,106217472,61707616,58.85,4146084
1770208317581,2350.50,661.48,168787968,106217472,61709632,58.85,4146084
1770208317683,2350.80,661.60,168787968,106217472,61711624,58.85,4146084
1770208317783,2353.75,663.58,168787968,106217472,61923336,59.05,4147422
1770208317884,2354.01,663.70,168787968,106217472,61925328,59.06,4147422
1770208317985,2356.62,665.55,168787968,106217472,62137288,59.26,4156952
1770208318086,2356.82,665.62,168787968,106217472,62139304,59.26,4156952
1770208318185,2357.12,665.76,168787968,106217472,62141296,59.26,4156952
1770208318286,2359.89,667.63,168787968,106217472,62355592,59.47,4158290
1770208318386,2360.17,667.76,168787968,106217472,62357584,59.47,4158290
1770208318486,2362.62,669.22,168787968,106217472,62575208,59.68,4167820
1770208318586,2362.79,669.29,168787968,106217472,62577224,59.68,4167820
1770208318687,2363.05,669.40,168787968,106217472,62579216,59.68,4167820
1770208318788,2368.82,671.41,168787968,106217472,62796976,59.89,4169158
1770208318890,2369.01,671.50,168787968,106217472,62798968,59.89,4169158
1770208318989,2371.27,673.50,168787968,106217472,63010896,60.09,4178688
1770208319091,2371.43,673.55,168787968,106217472,63012912,60.09,4178688
1770208319191,2371.71,673.68,168787968,106217472,63014904,60.10,4178688
1770208319290,2374.23,675.42,168787968,106217472,63231080,60.30,4180026
1770208319391,2374.51,675.51,168787968,106217472,63233072,60.30,4180026
1770208319491,2376.50,676.68,168787968,106217472,63340584,60.41,4188889
1770208319592,2378.33,677.44,168787968,106217472,63452760,60.51,4189556
1770208319693,2378.60,677.57,168787968,106217472,63454776,60.52,4189556
1770208319793,2381.12,679.41,168787968,106217472,63666456,60.72,4190894
1770208319895,2381.36,679.50,168787968,106217472,63668448,60.72,4190894
1770208319994,2383.30,680.51,168787968,106217472,63780472,60.83,4199757
1770208320096,2384.31,681.21,168787968,106217472,63886808,60.93,4200424
1770208320196,2384.59,681.34,168787968,106217472,63888824,60.93,4200424
1770208320298,2386.61,682.45,168787968,106217472,64100520,61.13,4201762
1770208320398,2451.20,693.84,120045568,56147968,41673488,39.74,4127024
1770208320499,2451.41,693.94,120045568,56147968,41717512,39.78,4127024
1770208320600,2454.35,695.08,120045568,56147968,41966544,40.02,4136554
1770208320701,2454.48,695.13,120045568,56147968,41968552,40.02,4136554
1770208320802,2458.09,697.05,120045568,56147968,42202112,40.25,4137892
1770208320902,2458.39,697.18,120045568,56147968,42204120,40.25,4137892
1770208321004,2535.95,705.69,108445696,46186496,41330896,39.42,4127024
1770208321105,2539.31,707.34,108691456,46186496,41611256,39.68,4136554
1770208321206,2539.56,707.45,108691456,46186496,41613264,39.69,4136554
1770208321307,2546.07,709.53,108904448,46186496,41851136,39.91,4137892
1770208321409,2546.33,709.65,108904448,46186496,41853144,39.91,4137892
1770208321511,2548.68,711.02,109019136,46186496,42194992,40.24,4146755
1770208321611,2598.77,715.05,108445696,45662208,41351480,39.44,4127024
1770208321712,2598.92,715.10,108445696,45662208,41410000,39.49,4127024
1770208321811,2602.76,717.16,108707840,45662208,41666520,39.74,4128362
1770208321912,2602.90,717.24,108707840,45662208,41668528,39.74,4128362
1770208322014,2604.54,718.19,108658688,45662208,41783472,39.85,4137225
1770208322117,2605.41,718.80,108756992,45662208,41897232,39.96,4137892
1770208322218,2605.53,718.86,108609536,45662208,41899240,39.96,4137892
1770208322319,2607.40,720.34,108822528,45662208,42125768,40.17,4139230
1770208322420,2607.57,720.44,108822528,45662208,42127776,40.18,4139230
1770208322521,2611.40,722.28,109412352,48807936,41506728,39.58,4148760
1770208322622,2611.51,722.32,109281280,48807936,41508736,39.59,4148760
1770208322723,2611.74,722.41,109281280,48807936,41510720,39.59,4148760
1770208322824,2614.58,723.39,109527040,48807936,41963936,40.02,4138559
1770208322926,2614.85,723.51,109527040,48807936,41965944,40.02,4138559
1770208323026,2617.63,725.78,109740032,48807936,42192528,40.24,4148089
1770208323127,2617.80,725.84,109740032,48807936,42194536,40.24,4148089
1770208323228,2618.10,725.96,109740032,48807936,42196520,40.24,4148089
1770208323330,2621.17,727.66,109953024,48807936,42422888,40.46,4149427
1770208323431,2621.45,727.77,109969408,48807936,42424896,40.46,4149427
1770208323532,2625.36,729.69,110182400,48807936,42651496,40.68,4158957
1770208323632,2625.58,729.79,110182400,48807936,42653504,40.68,4158957
1770208323733,2625.86,729.89,110182400,48807936,42655488,40.68,4158957
1770208323834,2629.93,731.53,110411776,48807936,42882024,40.90,4160295
1770208323935,2630.24,731.67,110411776,48807936,42884032,40.90,4160295
1770208324036,2633.26,733.38,110624768,48807936,43110352,41.11,4169825
1770208324137,2633.47,733.45,110624768,48807936,43112360,41.12,4169825
1770208324238,2633.71,733.58,110624768,48807936,43114344,41.12,4169825
1770208324339,2637.04,735.52,110854144,48807936,43340560,41.33,4171163
1770208324440,2637.30,735.67,110854144,48807936,43342568,41.33,4171163
1770208324543,2642.20,737.41,111067136,48807936,43568808,41.55,4180693
1770208324642,2642.44,737.49,111067136,48807936,42008864,40.06,4180693
1770208324741,2642.70,737.63,110952448,48807936,42010848,40.06,4180693
1770208324843,2643.63,738.38,110952448,48807936,42236840,40.28,4137892
1770208324944,2643.79,738.43,110952448,48807936,42238824,40.28,4137892
1770208325044,2652.42,740.11,111067136,48807936,42475824,40.51,4147422
1770208325145,2652.63,740.17,111067136,48807936,42477832,40.51,4147422
1770208325247,2652.93,740.29,111067136,48807936,42479816,40.51,4147422
1770208325347,2655.88,742.18,111083520,48807936,42705776,40.73,4148760
1770208325448,2656.17,742.29,111083520,48807936,42707760,40.73,4148760
1770208325549,2660.78,744.57,111329280,48807936,42934408,40.95,4158290
1770208325651,2661.00,744.70,111329280,48807936,42936416,40.95,4158290
1770208325751,2661.30,744.87,111329280,48807936,42938400,40.95,4158290
1770208325852,2664.62,746.90,111542272,48807936,43163968,41.16,4159628
1770208325954,2664.92,747.05,111542272,48807936,43165976,41.17,4159628
1770208326060,2668.73,749.88,111755264,48807936,43391728,41.38,4169158
1770208326161,2668.93,749.97,111755264,48807936,43393736,41.38,4169158
1770208326263,2669.25,750.16,111755264,48807936,43395720,41.39,4169158
1770208326364,2672.36,752.16,111984640,48807936,43621240,41.60,4170496
1770208326465,2672.59,752.32,111984640,48807936,43623248,41.60,4170496
1770208326565,2676.64,754.26,112082944,48807936,42387984,40.42,4137892
1770208326666,2676.85,754.34,112082944,48807936,42389968,40.43,4137892
1770208326767,2677.16,754.45,112082944,48807936,42391952,40.43,4137892
1770208326868,2679.24,755.70,112082944,48807936,42617512,40.64,4139230
1770208326969,2679.42,755.75,112082944,48807936,42619496,40.65,4139230
1770208327069,2683.15,757.18,112082944,48807936,42845192,40.86,4148760
1770208327170,2683.41,757.27,112082944,48807936,42847176,40.86,4148760
1770208327272,2683.76,757.39,112082944,48807936,42849160,40.86,4148760
1770208327374,2686.32,758.74,112082944,48807936,43074352,41.08,4150098
1770208327474,2686.59,758.80,112082944,48807936,43076360,41.08,4150098
1770208327575,2689.73,760.13,112099328,48807936,43301784,41.30,4159628
1770208327676,2690.00,760.21,112099328,48807936,43303768,41.30,4159628
1770208327778,2690.27,760.31,112099328,48807936,43305752,41.30,4159628
1770208327878,2692.79,761.56,112099328,48807936,43531008,41.51,4160966
1770208327979,2693.06,761.62,112099328,48807936,43533016,41.52,4160966
1770208328080,2695.50,762.97,112099328,48807936,43758528,41.73,4170496
1770208328180,2695.77,763.05,112099328,48807936,43760512,41.73,4170496
1770208328281,2696.04,763.14,112099328,48807936,43762496,41.74,4170496
1770208328382,2702.95,764.86,112099328,48807936,43989424,41.95,4171834
1770208328483,2703.22,764.98,112099328,48807936,43991432,41.95,4171834
1770208328585,2708.49,766.95,112132096,48807936,42728792,40.75,4146084
1770208328686,2708.76,767.07,112132096,48807936,42730800,40.75,4146084
1770208328788,2709.00,767.20,112132096,48807936,42732784,40.75,4146084
1770208328888,2711.78,768.86,112132096,48807936,42958112,40.97,4147422
1770208328989,2712.00,768.96,112132096,48807936,42960096,40.97,4147422
1770208329090,2714.90,770.69,112164864,48807936,43185552,41.18,4156952
1770208329192,2715.17,770.80,112164864,48807936,43187560,41.19,4156952
1770208329292,2715.44,770.90,112164864,48807936,43189544,41.19,4156952
1770208329394,2719.05,772.66,112164864,48807936,43414776,41.40,4158290
1770208329493,2719.35,772.79,112164864,48807936,43416760,41.41,4158290
1770208329594,2722.19,774.54,112164864,48807936,43642168,41.62,4167820
1770208329696,2722.36,774.62,112164864,48807936,43644176,41.62,4167820
1770208329796,2722.58,774.71,112164864,48807936,43646160,41.62,4167820
1770208329897,2725.70,776.23,112164864,48807936,43871488,41.84,4169158
1770208329999,2726.01,776.35,112164864,48807936,43873472,41.84,4169158
1770208330099,2730.44,778.31,112164864,48807936,42754056,40.77,4178688
1770208330201,2730.68,778.40,112164864,48807936,42756064,40.78,4178688
1770208330301,2730.99,778.54,112164864,48807936,42758048,40.78,4178688
1770208330403,2734.46,780.32,112181248,48807936,42983520,40.99,4137892
1770208330503,2734.71,780.42,112181248,48807936,42985504,40.99,4137892
1770208330605,2739.22,783.96,112181248,48807936,43211976,41.21,4147422
1770208330706,2739.45,784.05,112181248,48807936,43213960,41.21,4147422
1770208330807,2739.76,784.20,112181248,48807936,43215944,41.21,4147422
1770208330909,2754.02,786.18,112181248,48807936,43446800,41.43,4148760
1770208331010,2754.21,786.29,112181248,48807936,43448784,41.44,4148760
1770208331111,2757.72,788.22,112197632,48807936,43679160,41.66,4158290
1770208331213,2757.94,788.32,112197632,48807936,43681144,41.66,4158290
1770208331313,2758.24,788.46,112197632,48807936,43683128,41.66,4158290
1770208331413,2760.50,789.97,112197632,48807936,43907144,41.87,4159628
1770208331515,2760.76,790.08,112197632,48807936,43909128,41.88,4159628
1770208331615,2768.07,791.82,112197632,48807936,44133816,42.09,4169158
1770208331717,2768.28,791.91,112197632,48807936,44135800,42.09,4169158
1770208331819,2771.57,793.13,112197632,48807936,44246664,42.20,4169829
1770208331920,2773.77,793.85,112197632,48807936,44356528,42.30,4170496
1770208332021,2774.08,793.98,112197632,48807936,44358512,42.30,4170496
1770208332122,2778.59,796.04,112427008,49070080,43080824,41.09,4180026
1770208332223,2778.90,796.30,112427008,49070080,43082832,41.09,4180026
1770208332324,2786.32,798.13,112427008,49070080,43308432,41.30,4138559
1770208332425,2786.52,798.19,112427008,49070080,43310416,41.30,4138559
1770208332526,2786.79,798.34,112427008,49070080,43312400,41.31,4138559
1770208332627,2791.97,800.22,112427008,49070080,43531416,41.51,4148089
1770208332729,2792.27,800.35,112427008,49070080,43533400,41.52,4148089
1770208332829,2794.97,802.03,112427008,49070080,43751376,41.72,4149427
1770208332930,2795.14,802.09,112427008,49070080,43753360,41.73,4149427
1770208333030,2795.36,802.19,112427008,49070080,43755344,41.73,4149427
1770208333130,2798.09,803.74,112427008,49070080,44035992,42.00,4158957
1770208333232,2798.30,803.83,112427008,49070080,44037976,42.00,4158957
1770208333331,2801.84,805.61,112427008,49070080,44255872,42.21,4160295
1770208333431,2804.86,805.70,112427008,49070080,44259344,42.21,4160295
1770208333533,2805.05,805.78,112427008,49070080,44261328,42.21,4160295
1770208333633,2807.78,807.53,112476160,49070080,44479544,42.42,4169825
1770208333733,2808.07,807.62,112476160,49070080,44481528,42.42,4169825
1770208333833,2811.80,808.77,112476160,49070080,44592008,42.53,4170496
1770208333933,2813.77,809.44,112476160,49070080,44705616,42.63,4171163
1770208334035,2814.03,809.55,112476160,49070080,44707600,42.64,4171163
1770208334135,2824.63,811.99,113033216,53788672,43592712,41.57,4137892
1770208334237,2824.88,812.09,113033216,53788672,43594696,41.58,4137892
1770208334336,2827.65,813.88,113033216,53788672,43812632,41.78,4139230
1770208334437,2827.83,813.95,113033216,53788672,43814616,41.78,4139230
1770208334539,2828.14,814.10,113033216,53788672,43816600,41.79,4139230
1770208334640,2830.84,815.88,113033216,53788672,44035136,42.00,4148760
1770208334740,2831.11,816.00,113033216,53788672,44037120,42.00,4148760
1770208334841,2834.00,817.66,113033216,53788672,44255096,42.20,4150098
1770208334942,2834.21,817.75,113033216,53788672,44257080,42.21,4150098
1770208335043,2834.52,817.88,113033216,53788672,44259064,42.21,4150098
1770208335145,2838.32,819.69,113033216,53788672,44477296,42.42,4159628
1770208335245,2838.56,819.80,113033216,53788672,44479280,42.42,4159628
1770208335346,2841.70,822.13,113049600,53788672,44697216,42.63,4160966
1770208335447,2841.88,822.19,113049600,53788672,44699200,42.63,4160966
1770208335548,2842.15,822.31,113049600,53788672,44701184,42.63,4160966
1770208335649,2844.63,823.80,113049600,53788672,44919312,42.84,4170496
1770208335751,2844.90,823.89,113049600,53788672,44921296,42.84,4170496
1770208335850,2847.75,825.87,113049600,53788672,45139304,43.05,4171834
1770208335951,2847.92,825.95,113049600,53788672,45141288,43.05,4171834
1770208336052,2848.16,826.06,113049600,53788672,45143272,43.05,4171834
1770208336154,2871.95,828.06,113278976,53788672,45439312,43.33,4181364
1770208336255,2872.12,828.15,113278976,53788672,45441320,43.34,4181364
1770208336355,2874.79,829.92,113475584,53788672,45657392,43.54,4182702
1770208336457,2874.88,829.96,113475584,53788672,45659400,43.54,4182702
1770208336558,2875.08,830.04,113475584,53788672,45661384,43.55,4182702
1770208336660,2898.06,832.14,114278400,53788672,45877760,43.75,4192232
1770208336761,2898.24,832.20,114278400,53788672,45879768,43.75,4192232
1770208336862,2900.58,833.89,114475008,53788672,46092760,43.96,4193570
1770208336963,2900.72,833.98,114475008,53788672,46094768,43.96,4193570
1770208337064,2900.86,834.08,114475008,53788672,46096752,43.96,4193570
1770208337164,2903.40,835.90,114704384,53788672,46310104,44.16,4203100
1770208337265,2903.66,836.01,114704384,53788672,46312112,44.17,4203100
1770208337366,2906.60,838.01,114917376,53788672,46525136,44.37,4204438
1770208337468,2906.77,838.10,114917376,53788672,46527144,44.37,4204438
1770208337567,2907.00,838.19,114917376,53788672,46529128,44.37,4204438
1770208337668,2909.50,840.02,115113984,53788672,46742424,44.58,4213968
1770208337770,2909.78,840.14,115130368,53788672,46744432,44.58,4213968
1770208337870,2917.05,842.16,115343360,53788672,46957672,44.78,4215306
1770208337972,2917.27,842.27,115343360,53788672,46959680,44.78,4215306
1770208338072,2917.57,842.41,115343360,53788672,46961664,44.79,4215306
1770208338174,2931.16,844.80,115851264,54575104,44093256,42.05,4224836
1770208338276,2931.48,844.94,115851264,54575104,44095264,42.05,4224836
1770208338377,2934.40,846.68,115851264,54575104,44305896,42.25,4137892
1770208338478,2934.66,846.81,115851264,54575104,44307880,42.26,4137892
1770208338579,2934.97,846.93,115851264,54575104,44309864,42.26,4137892
1770208338680,2937.81,848.52,115851264,54575104,44520536,42.46,4147422
1770208338781,2938.10,848.62,115851264,54575104,44522520,42.46,4147422
1770208338882,2942.21,850.33,115851264,54575104,44732968,42.66,4148760
1770208338983,2942.43,850.42,115851264,54575104,44734952,42.66,4148760
1770208339084,2942.72,850.56,115851264,54575104,44736936,42.66,4148760
1770208339185,2946.28,852.41,115851264,54575104,44989760,42.91,4158290
1770208339286,2946.57,852.56,115851264,54575104,44991744,42.91,4158290
1770208339387,2949.16,854.29,115851264,54575104,45202216,43.11,4159628
1770208339488,2949.41,854.41,115851264,54575104,45204200,43.11,4159628
1770208339590,2949.70,854.50,115851264,54575104,45206184,43.11,4159628
1770208339691,2956.90,856.49,115867648,54575104,45417552,43.31,4169158
1770208339792,2957.17,856.61,115867648,54575104,45419536,43.32,4169158
1770208339893,2961.20,858.71,115933184,54575104,45630232,43.52,4170496
1770208339994,2961.44,858.80,115933184,54575104,45632216,43.52,4170496
1770208340096,2961.67,858.92,115933184,54575104,45634200,43.52,4170496
1770208340197,2964.36,860.60,116129792,54575104,45844616,43.72,4180026
1770208340297,2964.62,860.74,116129792,54575104,45846624,43.72,4180026
1770208340398,2967.24,862.37,116342784,54575104,46056816,43.92,4181364
1770208340499,2967.55,862.49,116342784,54575104,46059472,43.93,4181364
1770208340601,2967.85,862.62,116342784,54575104,46061456,43.93,4181364
1770208340702,2970.82,864.50,116539392,54575104,46271920,44.13,4190894
1770208340803,2971.11,864.64,116539392,54575104,46273928,44.13,4190894
1770208340904,2973.54,866.31,116736000,54575104,46484136,44.33,4192232
1770208341005,2973.79,866.42,116752384,54575104,46486120,44.33,4192232
1770208341106,2974.09,866.54,116752384,54575104,46488104,44.33,4192232
1770208341207,2976.89,868.23,116965376,54575104,46698488,44.54,4201762
1770208341308,2977.18,868.37,116965376,54575104,46700496,44.54,4201762
1770208341410,2979.79,870.11,117161984,54575104,46910808,44.74,4203100
1770208341510,2980.03,870.21,117161984,54575104,46912792,44.74,4203100
1770208341610,2980.32,870.35,117161984,54575104,46914776,44.74,4203100
1770208341711,2983.26,872.27,117374976,54575104,47125200,44.94,4212630
1770208341812,2983.52,872.40,117391360,54575104,47127208,44.94,4212630
1770208341913,2988.84,876.60,111476736,48021504,44708848,42.64,4213968
1770208342015,2989.13,876.72,111476736,48021504,44710832,42.64,4213968
1770208342115,2989.43,876.85,111476736,48021504,44712816,42.64,4213968
1770208342215,3222.64,890.71,155648000,97845248,69620392,66.40,4128362
1770208342317,3309.91,892.36,162430976,99155968,77773408,74.17,4128362
1770208342418,3312.75,893.51,162430976,99155968,77983880,74.37,4129700
1770208342518,3313.00,893.62,162430976,99155968,77985888,74.37,4129700
1770208342619,3313.30,893.73,162430976,99155968,77987872,74.38,4129700
1770208342721,3317.24,895.54,162430976,99155968,78298256,74.67,4139230
1770208342821,3317.49,895.66,162430976,99155968,78300264,74.67,4139230
1770208342923,3322.21,897.85,162447360,99155968,78510288,74.87,4140568
1770208343023,3322.47,898.01,162447360,99155968,78512296,74.88,4140568
1770208343124,3322.67,898.14,162447360,99155968,78514280,74.88,4140568
1770208343225,3324.49,899.60,162447360,99155968,78724552,75.08,4150098
1770208343326,3324.68,899.67,162447360,99155968,78726560,75.08,4150098
1770208343427,3334.19,903.31,163495936,100728832,65438432,62.41,4138559
1770208343529,3334.48,903.44,163495936,100728832,65440448,62.41,4138559
1770208343629,3334.74,903.56,163495936,100728832,65442440,62.41,4138559
1770208343730,3337.09,905.64,163495936,100728832,65652720,62.61,4148089
1770208343830,3337.34,905.82,163495936,100728832,65654736,62.61,4148089
1770208343930,3340.80,907.93,163495936,100728832,65864920,62.81,4149427
1770208344032,3340.99,908.03,163495936,100728832,65866936,62.82,4149427
1770208344132,3341.25,908.13,163512320,100728832,65868928,62.82,4149427
1770208344233,3343.51,909.76,163512320,100728832,66079504,63.02,4158957
1770208344334,3343.80,909.90,163512320,100728832,66081520,63.02,4158957
1770208344436,3349.69,911.91,163512320,100728832,66292104,63.22,4160295
1770208344537,3349.96,912.04,163512320,100728832,66294120,63.22,4160295
1770208344638,3350.23,912.15,163512320,100728832,66296112,63.22,4160295
1770208344740,3353.39,914.01,163512320,100728832,66506344,63.43,4169825
1770208344840,3353.68,914.15,163512320,100728832,66508360,63.43,4169825
1770208344942,3356.30,916.01,163528704,100728832,66718424,63.63,4171163
1770208345042,3356.55,916.17,163528704,100728832,66720440,63.63,4171163
1770208345143,3356.74,916.25,163528704,100728832,66722432,63.63,4171163
1770208345244,3359.35,918.31,163528704,100728832,66932720,63.83,4180693
1770208345346,3359.53,918.40,163528704,100728832,66934736,63.83,4180693
1770208345446,3362.27,920.20,163528704,100728832,67144808,64.03,4182031
1770208345547,3362.57,920.35,163528704,100728832,67146824,64.04,4182031
1770208345647,3362.81,920.49,163528704,100728832,67148816,64.04,4182031
1770208345747,3365.30,922.34,163528704,100728832,67359144,64.24,4191561
1770208345848,3365.59,922.46,163528704,100728832,67361160,64.24,4191561
1770208345950,3368.40,924.45,163528704,100728832,67571184,64.44,4192899
1770208346050,3368.70,924.58,162332672,100728832,67573200,64.44,4192899
1770208346150,3369.01,924.71,151535616,100728832,67575192,64.44,4192899
1770208346251,3371.54,926.47,146735104,100728832,67785472,64.65,4202429
1770208346352,3371.82,926.62,146751488,100728832,67787488,64.65,4202429
1770208346453,3373.80,928.06,146964480,100728832,67997624,64.85,4203767
1770208346553,3374.06,928.17,146964480,100728832,67999640,64.85,4203767
1770208346654,3374.34,928.29,146964480,100728832,68001632,64.85,4203767
1770208346755,3376.93,930.23,147095552,100728832,68211944,65.05,4213297
1770208346857,3377.13,930.34,147095552,100728832,68213960,65.05,4213297
1770208346957,3380.31,932.51,142950400,100728832,68424000,65.25,4214635
1770208347058,3380.53,932.62,142950400,100728832,68426016,65.26,4214635
1770208347161,3382.42,933.66,143065088,100728832,68532728,65.36,4223498
1770208347262,3383.38,934.29,141639680,100728832,68638360,65.46,4224165
1770208347363,3383.68,934.43,137904128,100728832,68640376,65.46,4224165
1770208347465,3390.06,936.55,138133504,100728832,68852408,65.66,4225503
1770208347565,3390.30,936.66,137035776,100728832,68854424,65.66,4225503
1770208347664,3391.86,938.39,136953856,100728832,69064536,65.87,4235033
1770208347766,3391.98,938.57,136216576,100728832,69066552,65.87,4235033
1770208347866,3392.18,938.73,136216576,100728832,69068544,65.87,4235033
1770208347967,3394.74,940.80,136413184,100728832,69278560,66.07,4236371
1770208348068,3394.99,940.94,136413184,100728832,69280576,66.07,4236371
1770208348169,3397.51,942.68,136609792,100728832,69490744,66.27,4245901
1770208348269,3398.51,942.90,136609792,100728832,69492816,66.27,4245901
1770208348370,3398.78,942.99,135331840,100728832,69494808,66.28,4245901
1770208348470,3401.79,944.95,135544832,100728832,69704848,66.48,4247239
1770208348571,3402.04,945.07,135544832,100728832,69706864,66.48,4247239
1770208348671,3404.11,946.10,135643136,100728832,69813544,66.58,4256102
1770208348773,3405.01,946.92,135741440,100728832,69919056,66.68,4256769
1770208348873,3405.27,947.01,135741440,100728832,69921072,66.68,4256769
1770208348974,3407.57,948.73,135954432,100728832,70131040,66.88,4258107
1770208349075,3407.86,948.87,135954432,100728832,70133056,66.88,4258107
1770208349175,3410.69,950.67,136151040,100728832,70343216,67.08,4267637
1770208349276,3410.86,950.73,136151040,100728832,70345232,67.09,4267637
1770208349376,3411.17,950.88,136151040,100728832,70347224,67.09,4267637
1770208349477,3413.98,952.78,136282112,100728832,70557216,67.29,4268975
1770208349578,3414.21,952.96,136282112,100728832,70559232,67.29,4268975
1770208349678,3416.62,954.70,136314880,100728832,70769392,67.49,4278505
1770208349779,3416.77,954.76,136314880,100728832,70771408,67.49,4278505
1770208349881,3417.03,954.90,136314880,100728832,70773400,67.49,4278505
1770208349982,3421.06,956.64,136347648,100728832,71070160,67.78,4279843
1770208350082,3421.37,956.78,136347648,100728832,71072176,67.78,4279843
1770208350182,3424.70,958.25,136347648,100728832,71282184,67.98,4289373
1770208350285,3431.20,959.37,136855552,100728832,71287928,67.99,4289373
1770208350386,3502.92,972.10,113033216,57720832,42047016,40.10,4127024
1770208350486,3506.50,973.92,113065984,57720832,42524192,40.55,4128362
1770208350588,3506.65,973.99,113065984,57720832,42526200,40.56,4128362
1770208350688,3509.07,975.94,113065984,57720832,42746584,40.77,4137892
1770208350789,3509.25,976.01,113065984,57720832,42748592,40.77,4137892
1770208350890,3509.53,976.15,113065984,57720832,42750576,40.77,4137892
1770208350990,3585.88,985.95,109117440,45924352,41975528,40.03,4128362
1770208351091,3586.17,986.07,109133824,45924352,41977584,40.03,4128362
1770208351190,3588.93,987.83,109346816,45924352,42203104,40.25,4137892
1770208351291,3589.11,987.89,109346816,45924352,42205112,40.25,4137892
1770208351393,3589.37,988.02,109346816,45924352,42207096,40.25,4137892
1770208351493,3591.36,989.44,109576192,45924352,42432424,40.47,4139230
1770208351595,3656.61,993.35,108969984,45400064,41531536,39.61,4127024
1770208351696,3663.54,995.34,109248512,45400064,42087504,40.14,4136554
1770208351798,3663.74,995.46,109248512,45400064,42089512,40.14,4136554
1770208351898,3663.91,995.55,109248512,45400064,42091496,40.14,4136554
1770208351999,3665.91,997.21,109461504,45400064,42316584,40.36,4137892
1770208352100,3666.03,997.27,109461504,45400064,42318592,40.36,4137892
1770208352201,3669.83,998.99,109674496,45400064,42544088,40.57,4147422
1770208352302,3669.98,999.05,109674496,45400064,42546096,40.58,4147422
1770208352401,3670.21,999.17,109674496,45400064,42548080,40.58,4147422
1770208352503,3674.95,1001.40,110264320,48545792,41913448,39.97,4148760
1770208352604,3675.25,1001.55,110264320,48545792,41915456,39.97,4148760
1770208352705,3678.33,1003.44,110510080,48545792,42140776,40.19,4146751
1770208352807,3678.55,1003.54,110510080,48545792,42142784,40.19,4146751
1770208352907,3678.85,1003.67,110510080,48545792,42144768,40.19,4146751
1770208353008,3681.76,1005.30,110723072,48545792,42369800,40.41,4148089
1770208353109,3682.06,1005.46,110723072,48545792,42371808,40.41,4148089
1770208353210,3684.63,1007.41,110936064,48545792,42597112,40.62,4157619
1770208353311,3684.79,1007.49,110936064,48545792,42599120,40.63,4157619
1770208353412,3684.98,1007.59,110936064,48545792,42601104,40.63,4157619
1770208353514,3687.64,1009.48,111149056,48545792,42826288,40.84,4158957
1770208353614,3687.95,1009.65,111165440,48545792,42828296,40.84,4158957
1770208353715,3690.52,1011.71,111378432,48545792,43053528,41.06,4168487
1770208353816,3690.76,1011.81,111378432,48545792,43055536,41.06,4168487
1770208353918,3691.05,1011.98,111378432,48545792,43057520,41.06,4168487
1770208354018,3694.76,1014.10,111591424,48545792,43282592,41.28,4169825
1770208354119,3695.07,1014.27,111591424,48545792,43284600,41.28,4169825
1770208354221,3698.09,1016.13,111837184,48545792,43509888,41.49,4179355
1770208354321,3698.31,1016.22,111837184,48545792,43511896,41.50,4179355
1770208354422,3698.58,1016.36,111837184,48545792,43513880,41.50,4179355
1770208354523,3702.80,1018.54,112050176,48545792,42167992,40.21,4180693
1770208354624,3703.09,1018.68,112050176,48545792,42170000,40.22,4180693
1770208354725,3705.70,1020.43,112050176,48545792,42395304,40.43,4146084
1770208354826,3705.90,1020.51,112050176,48545792,42397312,40.43,4146084
1770208354927,3706.20,1020.66,112050176,48545792,42399296,40.44,4146084
1770208355028,3713.88,1022.53,112164864,48807936,42850832,40.87,4147422
1770208355129,3714.08,1022.62,112164864,48807936,42852816,40.87,4147422
1770208355230,3717.06,1024.54,112164864,48807936,43077984,41.08,4156952
1770208355330,3717.27,1024.62,112164864,48807936,43079992,41.08,4156952
1770208355431,3717.59,1024.78,112164864,48807936,43081976,41.09,4156952
1770208355532,3722.21,1026.70,112361472,48807936,43307296,41.30,4158290
1770208355634,3722.48,1026.84,112361472,48807936,43309304,41.30,4158290
1770208355735,3725.62,1028.83,112574464,48807936,43534088,41.52,4167820
1770208355835,3725.85,1028.93,112574464,48807936,43536096,41.52,4167820
1770208355937,3726.17,1029.12,112590848,48807936,43538080,41.52,4167820
1770208356038,3729.34,1031.02,112803840,48807936,43762728,41.74,4169158
1770208356138,3729.64,1031.20,112803840,48807936,43764736,41.74,4169158
1770208356240,3732.04,1032.76,113033216,48807936,43989528,41.95,4178688
1770208356340,3732.22,1032.88,113033216,48807936,43991536,41.95,4178688
1770208356441,3732.43,1033.01,113033216,48807936,43993520,41.96,4178688
1770208356541,3737.35,1035.15,113164288,48807936,42763320,40.78,4180026
1770208356642,3737.60,1035.27,113164288,48807936,42765328,40.78,4180026
1770208356743,3740.56,1037.18,113164288,48807936,42990160,41.00,4146751
1770208356844,3740.76,1037.30,113164288,48807936,42992144,41.00,4146751
1770208356946,3740.98,1037.42,113164288,48807936,42994128,41.00,4146751
1770208357045,3744.79,1039.27,113164288,48807936,43219392,41.22,4148089
1770208357146,3745.00,1039.35,113164288,48807936,43221376,41.22,4148089
1770208357247,3747.88,1041.16,113164288,48807936,43446176,41.43,4157619
1770208357348,3748.09,1041.27,113164288,48807936,43448160,41.44,4157619
1770208357450,3748.36,1041.41,113164288,48807936,43450144,41.44,4157619
1770208357551,3751.26,1043.21,113164288,48807936,43674944,41.65,4158957
1770208357651,3751.53,1043.35,113164288,48807936,43676928,41.65,4158957
1770208357753,3754.60,1045.07,113164288,48807936,43901736,41.87,4168487
1770208357853,3754.80,1045.17,113164288,48807936,43903720,41.87,4168487
1770208357954,3754.99,1045.27,113164288,48807936,43905704,41.87,4168487
1770208358056,3761.86,1047.16,113180672,48807936,44131432,42.09,4169825
1770208358156,3762.08,1047.29,113180672,48807936,44133416,42.09,4169825
1770208358257,3766.75,1049.12,113180672,48807936,42912800,40.92,4179355
1770208358358,3766.92,1049.24,113180672,48807936,42914784,40.93,4179355
1770208358459,3767.11,1049.34,113180672,48807936,42916768,40.93,4179355
1770208358559,3769.69,1051.02,113180672,48807936,43141360,41.14,4137892
1770208358660,3769.91,1051.12,113180672,48807936,43143344,41.14,4137892
1770208358762,3772.99,1052.87,113180672,48807936,43368176,41.36,4147422
1770208358863,3773.17,1052.98,113180672,48807936,43370224,41.36,4147422
1770208358964,3773.33,1053.07,113180672,48807936,43372208,41.36,4147422
1770208359064,3776.09,1054.82,113180672,48807936,43596768,41.58,4148760
1770208359166,3776.37,1054.97,113180672,48807936,43598752,41.58,4148760
1770208359266,3780.61,1056.76,113197056,48807936,43824064,41.79,4158290
1770208359368,3780.87,1056.90,113197056,48807936,43826048,41.80,4158290
1770208359468,3781.12,1057.06,113197056,48807936,43828032,41.80,4158290
1770208359569,3783.29,1058.97,113197056,48807936,44052656,42.01,4159628
1770208359670,3783.54,1059.09,113197056,48807936,44054664,42.01,4159628
1770208359771,3786.50,1060.88,113197056,48807936,44279472,42.23,4169158
1770208359872,3786.73,1061.00,113197056,48807936,44281456,42.23,4169158
1770208359974,3787.02,1061.16,113197056,48807936,44283440,42.23,4169158
1770208360074,3791.21,1063.05,113328128,49070080,43164736,41.17,4170496
1770208360174,3791.49,1063.18,113328128,49070080,43166744,41.17,4170496
1770208360275,3794.61,1065.01,113328128,49070080,43391560,41.38,4146084
1770208360377,3794.87,1065.13,113328128,49070080,43393544,41.38,4146084
1770208360477,3795.17,1065.29,113328128,49070080,43395528,41.39,4146084
1770208360578,3805.99,1067.37,113344512,49070080,43621528,41.60,4147422
1770208360679,3806.23,1067.51,113344512,49070080,43623512,41.60,4147422
1770208360780,3813.30,1069.18,113344512,49070080,43848248,41.82,4156952
1770208360882,3813.57,1069.32,113344512,49070080,43850232,41.82,4156952
1770208360983,3813.88,1069.47,113344512,49070080,43852216,41.82,4156952
1770208361084,3817.03,1071.34,113344512,49070080,44076392,42.03,4158290
1770208361186,3817.31,1071.46,113344512,49070080,44078376,42.04,4158290
1770208361287,3820.33,1073.37,113360896,49070080,44302832,42.25,4167820
1770208361388,3820.61,1073.52,113360896,49070080,44304816,42.25,4167820
1770208361488,3820.91,1073.67,113360896,49070080,44306800,42.25,4167820
1770208361589,3823.97,1075.41,113360896,49070080,44531120,42.47,4169158
1770208361690,3824.11,1075.51,113360896,49070080,44533104,42.47,4169158
1770208361791,3829.39,1077.31,113360896,49070080,44757504,42.68,4178688
1770208361893,3829.50,1077.40,113360896,49070080,44759488,42.69,4178688
1770208361993,3829.63,1077.48,113360896,49070080,44761472,42.69,4178688
1770208362094,3842.12,1079.54,113623040,49332224,43487232,41.47,4180026
1770208362196,3842.27,1079.64,113623040,49332224,43489216,41.47,4180026
1770208362296,3847.82,1081.29,113623040,49332224,43711552,41.69,4146751
1770208362397,3848.07,1081.39,113623040,49332224,43713536,41.69,4146751
1770208362499,3848.37,1081.55,113623040,49332224,43715520,41.69,4146751
1770208362599,3853.45,1083.40,113623040,49332224,43937112,41.90,4148089
1770208362700,3853.68,1083.51,113623040,49332224,43939096,41.90,4148089
1770208362801,3860.55,1085.13,113639424,49332224,44160072,42.11,4157619
1770208362902,3860.67,1085.21,113639424,49332224,44162056,42.12,4157619
1770208363003,3860.78,1085.30,113639424,49332224,44164040,42.12,4157619
1770208363104,3863.47,1087.32,113639424,49332224,44379920,42.32,4158957
1770208363205,3863.64,1087.42,113639424,49332224,44381904,42.33,4158957
1770208363307,3869.46,1089.03,113639424,49332224,44599456,42.53,4168487
1770208363408,3869.57,1089.11,113639424,49332224,44601440,42.54,4168487
1770208363511,3871.47,1090.27,113672192,49332224,44710832,42.64,4169158
1770208363612,3872.38,1090.93,113688576,49332224,44819208,42.74,4169825
1770208363713,3872.51,1091.02,113688576,49332224,44821192,42.74,4169825
1770208363814,3882.38,1092.85,113704960,49332224,45037480,42.95,4179355
1770208363915,3882.54,1092.96,113704960,49332224,45039464,42.95,4179355
1770208364016,3886.17,1094.74,114229248,53788672,43722768,41.70,4180026
1770208364116,3887.16,1095.45,114229248,53788672,43831144,41.80,4137892
1770208364218,3887.43,1095.58,114229248,53788672,43833128,41.80,4137892
1770208364318,3889.97,1097.25,114229248,53788672,44049144,42.01,4147422
1770208364419,3890.28,1097.44,114229248,53788672,44051128,42.01,4147422
1770208364520,3892.74,1099.00,114229248,53788672,44266920,42.22,4148760
1770208364619,3892.94,1099.09,114229248,53788672,44268904,42.22,4148760
1770208364720,3893.17,1099.23,114229248,53788672,44270888,42.22,4148760
1770208364820,3894.88,1100.50,114212864,53788672,44486904,42.43,4158290
1770208364921,3894.96,1100.55,114212864,53788672,44488888,42.43,4158290
1770208365021,3895.82,1101.13,114229248,53788672,44704696,42.63,4159628
1770208365123,3895.94,1101.18,114229248,53788672,44706680,42.64,4159628
1770208365223,3896.06,1101.24,114229248,53788672,44708664,42.64,4159628
1770208365325,3898.07,1102.64,114229248,53788672,44924728,42.84,4169158
1770208365425,3898.29,1102.74,114229248,53788672,44926712,42.85,4169158
1770208365528,3900.03,1104.59,94257152,53788672,45036088,42.95,4169829
1770208365629,3901.09,1105.40,88227840,53788672,45144488,43.05,4170496
1770208365730,3901.29,1105.51,88178688,53788672,45146464,43.06,4170496
1770208365832,3922.81,1108.47,87752704,53788672,45461504,43.36,4180026
1770208365933,3923.03,1108.61,87654400,53788672,45463480,43.36,4180026
1770208366034,3925.16,1110.19,87408640,53788672,45677376,43.56,4181364
1770208366135,3925.38,1110.30,87343104,53788672,45679376,43.56,4181364
1770208366236,3925.55,1110.41,87343104,53788672,45681352,43.57,4181364
1770208366337,3930.17,1112.29,87572480,53788672,45895728,43.77,4190894
1770208366438,3930.41,1112.43,87572480,53788672,45897728,43.77,4190894
1770208366539,3943.88,1114.49,87916544,53788672,46111312,43.98,4192232
1770208366640,3961.09,1115.28,89980928,53788672,46113792,43.98,4192232
1770208366740,3961.33,1115.44,89980928,53788672,46115768,43.98,4192232
1770208366842,3962.98,1117.07,90193920,53788672,46326592,44.18,4201762
1770208366942,3963.13,1117.17,90193920,53788672,46328592,44.18,4201762
1770208367043,3968.33,1118.89,90406912,53788672,46539376,44.38,4203100
1770208367144,3968.53,1118.98,90406912,53788672,46541376,44.39,4203100
1770208367245,3968.81,1119.14,90406912,53788672,46543352,44.39,4203100
1770208367347,3971.39,1121.16,90619904,53788672,46754288,44.59,4212630
1770208367447,3971.52,1121.26,90210304,53788672,46756288,44.59,4212630
1770208367548,3977.00,1122.51,90406912,53788672,46967160,44.79,4213968
1770208367650,3977.32,1122.60,90406912,53788672,46969160,44.79,4213968
1770208367752,3981.03,1122.85,90423296,53788672,46972152,44.80,4213968
1770208367852,3982.94,1124.50,90636288,53788672,47182784,45.00,4223498
1770208367953,3983.12,1124.62,90652672,53788672,47184280,45.00,4223498
1770208368055,3985.15,1126.33,90882048,53788672,47394720,45.20,4224836
1770208368154,3985.28,1126.40,90882048,53788672,47396216,45.20,4224836
1770208368255,3985.41,1126.49,90882048,53788672,47397688,45.20,4224836
1770208368357,3993.61,1129.22,86704128,47497216,44446440,42.39,4234366
1770208368456,3993.77,1129.31,86687744,47497216,44447936,42.39,4234366
1770208368557,3995.78,1131.06,86704128,47497216,44657976,42.59,4138559
1770208368658,3995.96,1131.15,86704128,47497216,44659472,42.59,4138559
1770208368759,3996.21,1131.31,86704128,47497216,44660944,42.59,4138559
1770208368860,4000.76,1133.16,86704128,47497216,44871288,42.79,4148089
1770208368961,4001.01,1133.30,86704128,47497216,44872760,42.79,4148089
1770208369061,4003.69,1135.04,86704128,47497216,45082792,42.99,4149427
1770208369163,4003.88,1135.15,86704128,47497216,45084288,43.00,4149427
1770208369263,4004.13,1135.29,86704128,47497216,45085760,43.00,4149427
1770208369364,4008.16,1137.61,85983232,47497216,44491792,42.43,4158957
1770208369465,4008.41,1137.74,85999616,47497216,44493264,42.43,4158957
1770208369567,4011.30,1139.75,86196224,47497216,44703304,42.63,4138559
1770208369667,4011.51,1139.86,86147072,47497216,44704776,42.63,4138559
1770208369768,4011.71,1139.96,85639168,47497216,44706248,42.64,4138559
1770208369870,4017.51,1141.96,85868544,47497216,44917128,42.84,4148089
1770208369970,4017.76,1142.11,85868544,47497216,44918600,42.84,4148089
1770208370071,4019.30,1143.43,86065152,47497216,45128728,43.04,4149427
1770208370172,4019.38,1143.47,86065152,47497216,45130200,43.04,4149427
1770208370273,4019.53,1143.53,86065152,47497216,45131672,43.04,4149427
1770208370374,4020.53,1144.52,86786048,50905088,44631664,42.56,4158957
1770208370476,4021.34,1144.85,86179840,50905088,44663256,42.59,4137229
1770208370577,4024.73,1146.49,86376448,50905088,44920608,42.84,4138567
1770208370679,4024.91,1146.57,86376448,50905088,44922104,42.84,4138567
1770208370779,4025.21,1146.73,86376448,50905088,44923576,42.84,4138567
1770208370880,4027.82,1148.58,86573056,50905088,45133896,43.04,4148097
1770208370981,4028.09,1148.70,86573056,50905088,45135392,43.04,4148097
1770208371083,4030.57,1150.34,86654976,50905088,45345456,43.24,4149435
1770208371183,4030.78,1150.45,86654976,50905088,45346952,43.25,4149435
1770208371284,4031.03,1150.58,86654976,50905088,45348424,43.25,4149435
1770208371384,4033.80,1152.35,86851584,50905088,45558728,43.45,4158965
1770208371485,4033.99,1152.49,86867968,50905088,45560224,43.45,4158965
1770208371587,4036.68,1154.43,87064576,50905088,45770328,43.65,4160303
1770208371687,4036.91,1154.55,87064576,50905088,45771824,43.65,4160303
1770208371788,4037.18,1154.70,87064576,50905088,45773296,43.65,4160303
1770208371889,4047.95,1155.80,87490560,50905088,45984320,43.85,4169833
1770208371990,4048.16,1155.90,87490560,50905088,45985816,43.86,4169833
1770208372091,4050.76,1157.94,87687168,50905088,46195648,44.06,4171171
1770208372192,4050.95,1158.06,87687168,50905088,46197144,44.06,4171171
1770208372291,4051.20,1158.19,87687168,50905088,46198616,44.06,4171171
1770208372391,4262.92,1177.08,136577024,97042432,62025776,59.15,4127691
1770208372492,4372.81,1179.07,145440768,97566720,76511032,72.97,4127691
1770208372593,4374.96,1180.18,145440768,97566720,76724760,73.17,4129029
1770208372694,4375.09,1180.25,145440768,97566720,76726264,73.17,4129029
1770208372796,4375.40,1180.40,145440768,97566720,76727744,73.17,4129029
1770208372896,4378.34,1182.30,145457152,97566720,76940880,73.38,4138555
1770208372998,4378.63,1182.46,145457152,97566720,76942384,73.38,4138555
1770208373099,4386.85,1185.30,146735104,99401728,63926616,60.97,4139889
1770208373201,4387.10,1185.38,146735104,99401728,63928120,60.97,4139889
1770208373301,4387.38,1185.55,146735104,99401728,63929600,60.97,4139889
1770208373401,4390.31,1187.34,146735104,99401728,64142632,61.17,4146747
1770208373502,4390.59,1187.48,146735104,99401728,64144136,61.17,4146747
1770208373604,4393.38,1189.26,146718720,99401728,64357152,61.38,4148081
1770208373705,4393.69,1189.40,146718720,99401728,64358656,61.38,4148081
1770208373806,4393.93,1189.57,146718720,99401728,64360136,61.38,4148081
1770208373906,4396.42,1191.27,146718720,99401728,64573216,61.58,4157607
1770208374007,4396.70,1191.44,146718720,99401728,64574720,61.58,4157607
1770208374108,4402.41,1193.47,146735104,99401728,64787768,61.79,4158941
1770208374209,4402.68,1193.61,146735104,99401728,64789272,61.79,4158941
1770208374311,4402.98,1193.77,146735104,99401728,64790752,61.79,4158941
1770208374412,4405.89,1195.71,146735104,99401728,65003864,61.99,4168467
1770208374513,4406.18,1195.87,146735104,99401728,65005368,61.99,4168467
1770208374614,4408.82,1197.77,146735104,99401728,65218272,62.20,4169801
1770208374714,4409.07,1197.91,146735104,99401728,65219776,62.20,4169801
1770208374815,4409.33,1198.07,146735104,99401728,65221256,62.20,4169801
1770208374916,4412.12,1199.84,146751488,99401728,65434360,62.40,4179327
1770208375018,4412.39,1199.98,146751488,99401728,65435864,62.40,4179327
1770208375117,4415.32,1202.04,146751488,99401728,65648920,62.61,4180661
1770208375219,4415.60,1202.16,146751488,99401728,65650424,62.61,4180661
1770208375320,4415.87,1202.29,146751488,99401728,65651904,62.61,4180661
1770208375421,4417.33,1203.19,146751488,99401728,65865040,62.81,4190189
1770208375522,4417.41,1203.24,146751488,99401728,65866544,62.82,4190189
1770208375623,4418.21,1203.93,146751488,99401728,66079464,63.02,4191525
1770208375724,4418.31,1203.99,146751488,99401728,66080968,63.02,4191525
1770208375826,4418.48,1204.11,146751488,99401728,66082448,63.02,4191525
1770208375927,4420.69,1205.74,146751488,99401728,66295560,63.22,4201053
1770208376028,4420.87,1205.84,146751488,99401728,66297064,63.23,4201053
1770208376129,4422.23,1207.12,146751488,99401728,66509912,63.43,4202389
1770208376230,4422.47,1207.22,146751488,99401728,66511416,63.43,4202389
1770208376331,4422.67,1207.35,146751488,99401728,66512896,63.43,4202389
1770208376431,4425.26,1209.17,146751488,99401728,66725848,63.63,4211917
1770208376533,4425.48,1209.30,146751488,99401728,66727352,63.64,4211917
1770208376633,4427.96,1211.01,146767872,99401728,66940256,63.84,4213253
1770208376734,4428.12,1211.12,146767872,99401728,66941760,63.84,4213253
1770208376836,4429.46,1212.13,146767872,99401728,67049616,63.94,4222115
1770208376937,4434.61,1212.82,146767872,99401728,67156960,64.05,4222781
1770208377038,4437.23,1212.95,146767872,99401728,67167464,64.06,4222781
1770208377139,4439.13,1214.54,146767872,99401728,67380280,64.26,4224117
1770208377240,4439.26,1214.63,146767872,99401728,67381784,64.26,4224117
1770208377341,4441.89,1216.44,146767872,99401728,67594792,64.46,4233645
1770208377441,4442.06,1216.52,146767872,99401728,67596296,64.46,4233645
1770208377542,4442.36,1216.76,146767872,99401728,67597776,64.47,4233645
1770208377643,4446.69,1218.83,146800640,99401728,67810456,64.67,4234981
1770208377745,4446.98,1219.00,146800640,99401728,67811960,64.67,4234981
1770208377844,4449.85,1220.94,146800640,99401728,68024552,64.87,4244509
1770208377945,4450.02,1221.02,146800640,99401728,68026080,64.87,4244509
1770208378046,4450.24,1221.16,146800640,99401728,68027560,64.88,4244509
1770208378147,4452.17,1222.90,146833408,99401728,68240032,65.08,4245845
1770208378248,4452.31,1222.99,146833408,99401728,68241536,65.08,4245845
1770208378348,4456.85,1224.76,146833408,99401728,68454384,65.28,4255373
1770208378449,4461.07,1224.84,146833408,99401728,68456320,65.29,4255373
1770208378551,4461.26,1224.94,146833408,99401728,68457800,65.29,4255373
1770208378651,4463.55,1226.71,146833408,99401728,68667632,65.49,4256709
1770208378752,4465.51,1226.89,146833408,99401728,68669360,65.49,4256709
1770208378853,4468.06,1228.64,146849792,99401728,68879456,65.69,4266237
1770208378954,4468.18,1228.71,146849792,99401728,68880960,65.69,4266237
1770208379055,4468.37,1228.82,146849792,99401728,68882440,65.69,4266237
1770208379156,4471.42,1230.95,146849792,99401728,69092240,65.89,4267573
1770208379257,4471.70,1231.10,146849792,99401728,69093744,65.89,4267573
1770208379358,4474.22,1232.97,146849792,99401728,69303728,66.09,4277101
1770208379459,4474.43,1233.09,146849792,99401728,69305232,66.09,4277101
1770208379560,4474.75,1233.26,146849792,99401728,69306712,66.10,4277101
1770208379661,4477.91,1235.14,146849792,99401728,69516528,66.30,4278437
1770208379762,4478.21,1235.28,146849792,99401728,69518032,66.30,4278437
1770208379862,4481.01,1237.22,146849792,99401728,69728168,66.50,4287965
1770208379963,4481.18,1237.31,146849792,99401728,69729672,66.50,4287965
1770208380064,4481.45,1237.42,146849792,99401728,69731152,66.50,4287965
1770208380165,4484.14,1239.16,146849792,99401728,69940968,66.70,4289301
1770208380264,4484.39,1239.26,146849792,99401728,69942472,66.70,4289301
1770208380365,4486.48,1240.76,146866176,99401728,70152744,66.90,4298829
1770208380467,4487.82,1241.04,146866176,99401728,70154304,66.90,4298829
1770208380568,4564.88,1252.76,106512384,57720832,42171688,40.22,4127024
1770208380669,4569.76,1253.57,106512384,57720832,42670016,40.69,4128360
1770208380770,4569.90,1253.64,106512384,57720832,42671520,40.69,4128360
1770208380871,4577.87,1255.79,106512384,57720832,42896136,40.91,4137888
1770208380972,4577.99,1255.87,106512384,57720832,42897640,40.91,4137888
1770208381073,4578.11,1255.97,106512384,57720832,42899120,40.91,4137888
1770208381174,4658.95,1265.63,94404608,46710784,42393552,40.43,4128360
1770208381275,4659.18,1265.73,94404608,46710784,42395096,40.43,4128360
1770208381376,4662.16,1267.70,94617600,46710784,42619528,40.65,4137888
1770208381478,4662.44,1267.85,94617600,46710784,42621024,40.65,4137888
1770208381579,4662.73,1268.01,94617600,46710784,42622496,40.65,4137888
1770208381680,4666.65,1270.44,95174656,49856512,42141768,40.19,4139224
1770208381779,4745.15,1274.41,95043584,45924352,41863504,39.92,4127024
1770208381880,4750.39,1275.91,95076352,45924352,42324256,40.36,4136552
1770208381981,4750.52,1276.00,95076352,45924352,42325752,40.36,4136552
1770208382083,4750.64,1276.08,95076352,45924352,42327224,40.37,4136552
1770208382183,4753.23,1277.62,95076352,45924352,42551344,40.58,4137888
1770208382283,4753.45,1277.73,95076352,45924352,42552840,40.58,4137888
1770208382384,4756.33,1279.65,95076352,45924352,42777256,40.80,4147416
1770208382485,4756.47,1279.73,95076352,45924352,42778752,40.80,4147416
1770208382587,4756.65,1279.81,95076352,45924352,42780224,40.80,4147416
1770208382687,4760.10,1281.72,95502336,46972928,42128816,40.18,4148752
1770208382788,4760.25,1281.83,95502336,46972928,42130312,40.18,4148752
1770208382889,4767.06,1284.04,95748096,46972928,42354920,40.39,4146746
1770208382989,4767.18,1284.13,95748096,46972928,42356416,40.39,4146746
1770208383090,4767.35,1284.22,95748096,46972928,42357888,40.40,4146746
1770208383191,4770.22,1286.17,95961088,46972928,42581856,40.61,4148082
1770208383293,4770.58,1286.39,95961088,46972928,42583352,40.61,4148082
1770208383394,4773.84,1288.35,96174080,46972928,42807608,40.82,4157610
1770208383494,4773.99,1288.45,96174080,46972928,42809104,40.83,4157610
1770208383594,4774.16,1288.55,96174080,46972928,42810576,40.83,4157610
1770208383695,4777.92,1290.29,96321536,46972928,42289904,40.33,4158946
1770208383796,4778.17,1290.40,96321536,46972928,42291400,40.33,4158946
1770208383898,4781.04,1291.97,96321536,46972928,42515600,40.55,4146746
1770208383998,4781.18,1292.03,96321536,46972928,42517072,40.55,4146746
1770208384099,4781.43,1292.17,96321536,46972928,42518544,40.55,4146746
1770208384200,4785.16,1294.32,96321536,46972928,42742544,40.76,4148082
1770208384301,4785.47,1294.49,96321536,46972928,42744016,40.76,4148082
1770208384402,4789.56,1296.37,96337920,46972928,42338240,40.38,4157610
1770208384503,4789.70,1296.45,96337920,46972928,42339712,40.38,4157610
1770208384604,4789.82,1296.55,96337920,46972928,42341184,40.38,4157610
1770208384704,4792.31,1298.12,96337920,46972928,42565128,40.59,4137888
1770208384805,4792.56,1298.24,96337920,46972928,42566600,40.59,4137888
1770208384907,4795.69,1300.05,96419840,46972928,42887576,40.90,4147416
1770208385007,4795.85,1300.11,96419840,46972928,42889048,40.90,4147416
1770208385108,4796.14,1300.27,96419840,46972928,42890520,40.90,4147416
1770208385210,4804.77,1302.28,96436224,46972928,43114744,41.12,4148752
1770208385311,4805.01,1302.41,96436224,46972928,43116216,41.12,4148752
1770208385412,4809.73,1304.43,96436224,46972928,42559840,40.59,4158280
1770208385512,4810.06,1304.56,96436224,46972928,42561336,40.59,4158280
1770208385613,4810.34,1304.71,96436224,46972928,42562808,40.59,4158280
1770208385715,4814.71,1306.39,96436224,46972928,42786792,40.80,4138554
1770208385815,4814.89,1306.50,96436224,46972928,42788288,40.81,4138554
1770208385916,4817.80,1308.33,96436224,46972928,43012040,41.02,4148082
1770208386016,4817.97,1308.41,96436224,46972928,43013512,41.02,4148082
1770208386117,4818.23,1308.58,96436224,46972928,43014984,41.02,4148082
1770208386219,4826.17,1310.58,96452608,46972928,43238752,41.24,4149418
1770208386320,4840.61,1310.88,96468992,46972928,43241224,41.24,4149418
1770208386420,4847.85,1312.91,96468992,46972928,42724912,40.75,4158946
1770208386522,4848.03,1313.02,96468992,46972928,42726352,40.75,4158946
1770208386622,4848.28,1313.16,96468992,46972928,42727792,40.75,4158946
1770208386724,4851.62,1315.04,96468992,46972928,42954232,40.96,4138554
1770208386824,4851.83,1315.14,96468992,46972928,42955672,40.97,4138554
1770208386925,4854.56,1316.89,96468992,46972928,43181168,41.18,4148082
1770208387026,4854.71,1317.00,96468992,46972928,43182608,41.18,4148082
1770208387128,4854.92,1317.15,96468992,46972928,43184048,41.18,4148082
1770208387228,4858.93,1319.38,96468992,46972928,43409528,41.40,4149418
1770208387329,4859.09,1319.50,96468992,46972928,43410968,41.40,4149418
1770208387431,4868.05,1321.42,96600064,49070080,42911232,40.92,4158946
1770208387531,4868.18,1321.48,96600064,49070080,42912672,40.92,4158946
1770208387632,4868.43,1321.62,96600064,49070080,42914112,40.93,4158946
1770208387733,4871.40,1323.20,96600064,49070080,43139720,41.14,4138554
1770208387834,4871.54,1323.26,96600064,49070080,43141160,41.14,4138554
1770208387935,4874.66,1325.24,96600064,49070080,43370912,41.36,4148082
1770208388036,4874.87,1325.36,96600064,49070080,43372352,41.36,4148082
1770208388137,4875.13,1325.51,96600064,49070080,43373792,41.36,4148082
1770208388238,4881.52,1327.17,96600064,49070080,43622568,41.60,4149418
1770208388340,4881.78,1327.34,96600064,49070080,43624008,41.60,4149418
1770208388441,4884.81,1329.09,96681984,49070080,43847024,41.82,4158946
1770208388541,4885.01,1329.23,96698368,49070080,43848464,41.82,4158946
1770208388641,4885.15,1329.32,96698368,49070080,43849904,41.82,4158946
1770208388742,4888.08,1331.23,96911360,49070080,44072672,42.03,4160282
1770208388844,4888.24,1331.32,96911360,49070080,44074136,42.03,4160282
1770208388944,4890.98,1333.17,97157120,49070080,44297584,42.25,4169810
1770208389045,4891.22,1333.30,97157120,49070080,44299048,42.25,4169810
1770208389146,4891.44,1333.42,97157120,49070080,44300488,42.25,4169810
1770208389246,4896.01,1335.35,97353728,49070080,43173776,41.17,4171146
1770208389347,4896.21,1335.46,97353728,49070080,43175240,41.18,4171146
1770208389448,4899.14,1337.06,97353728,49070080,43398408,41.39,4146080
1770208389549,4899.29,1337.17,97353728,49070080,43399872,41.39,4146080
1770208389650,4899.45,1337.26,97353728,49070080,43401312,41.39,4146080
1770208389751,4902.24,1338.85,97353728,49070080,43624080,41.60,4147416
1770208389852,4902.47,1338.98,97353728,49070080,43625528,41.60,4147416
1770208389953,4905.39,1340.79,97353728,49070080,43848472,41.82,4156944
1770208390054,4905.60,1340.92,97353728,49070080,43849936,41.82,4156944
1770208390154,4905.86,1341.08,97353728,49070080,43851376,41.82,4156944
1770208390255,4908.80,1342.86,97533952,49070080,44074208,42.03,4158280
1770208390357,4909.00,1343.00,97550336,49070080,44075648,42.03,4158280
1770208390457,4911.84,1344.85,97746944,49070080,44299584,42.25,4167808
1770208390558,4911.99,1344.96,97763328,49070080,44301048,42.25,4167808
1770208390659,4912.18,1345.11,97763328,49070080,44302488,42.25,4167808
1770208390761,4919.54,1347.04,98009088,49070080,44538680,42.48,4169144
1770208390862,4919.75,1347.19,98009088,49070080,44540144,42.48,4169144
1770208390963,4923.76,1349.14,98484224,49856512,43399248,41.39,4178672
1770208391064,4923.96,1349.24,98484224,49856512,43400712,41.39,4178672
1770208391165,4924.23,1349.42,98484224,49856512,43402152,41.39,4178672
1770208391266,4927.18,1351.27,98484224,49856512,43751384,41.72,4137888
1770208391367,4927.42,1351.41,98484224,49856512,43752824,41.73,4137888
1770208391468,4930.27,1353.19,98484224,49856512,43975624,41.94,4147416
1770208391569,4930.52,1353.33,98484224,49856512,43977064,41.94,4147416
1770208391670,4930.80,1353.49,98484224,49856512,43978504,41.94,4147416
1770208391770,4937.54,1355.53,98484224,49856512,44201104,42.15,4148752
1770208391871,4937.77,1355.68,98484224,49856512,44202544,42.15,4148752
1770208391972,4942.97,1357.64,98500608,49856512,44420472,42.36,4158280
1770208392073,4943.18,1357.77,98500608,49856512,44421912,42.36,4158280
1770208392174,4943.44,1357.93,98500608,49856512,44423352,42.37,4158280
1770208392275,4954.63,1359.77,98500608,49856512,44640976,42.57,4159616
1770208392376,4954.88,1359.92,98500608,49856512,44642440,42.57,4159616
1770208392475,4960.57,1361.65,98516992,49856512,44857776,42.78,4169144
1770208392576,4960.70,1361.75,98516992,49856512,44859216,42.78,4169144
1770208392677,4960.87,1361.86,98516992,49856512,44860656,42.78,4169144
1770208392778,4963.49,1363.41,98549760,49856512,45075248,42.99,4170480
1770208392879,4963.62,1363.49,98549760,49856512,45076712,42.99,4170480
1770208392980,4969.56,1365.60,99008512,50118656,43800200,41.77,4180008
1770208393081,4969.68,1365.67,99008512,50118656,43801664,41.77,4180008
1770208393183,4969.87,1365.79,99008512,50118656,43803104,41.77,4180008
1770208393284,4972.09,1367.40,99008512,50118656,44016928,41.98,4137888
1770208393386,4972.29,1367.53,99008512,50118656,44018368,41.98,4137888
1770208393487,4978.25,1369.18,99024896,50118656,44232416,42.18,4147416
1770208393588,4978.51,1369.34,99024896,50118656,44233856,42.18,4147416
1770208393689,4980.16,1370.33,99041280,50118656,44341936,42.29,4148086
1770208393790,4981.67,1371.17,99057664,50118656,44448984,42.39,4148752
1770208393890,4981.94,1371.35,99057664,50118656,44450424,42.39,4148752
1770208393991,4991.46,1373.63,99074048,50118656,44664672,42.60,4158280
1770208394092,4991.69,1373.76,99074048,50118656,44666112,42.60,4158280
1770208394193,4993.85,1375.10,99074048,50118656,44774184,42.70,4158950
1770208394295,4994.85,1375.85,99074048,50118656,44881280,42.80,4159616
1770208394396,4995.10,1376.00,99074048,50118656,44882720,42.80,4159616
1770208394497,4998.30,1377.97,99090432,50118656,45096720,43.01,4169144
1770208394597,4998.55,1378.11,99090432,50118656,45098160,43.01,4169144
1770208394697,5000.73,1379.70,99090432,50118656,45206232,43.11,4169814
1770208394798,5002.67,1380.46,99090432,50118656,45313336,43.21,4170480
1770208394899,5002.85,1380.56,99090432,50118656,45314776,43.22,4170480
1770208395002,5015.14,1382.69,98975744,47235072,44077960,42.04,4180008
1770208395102,5015.44,1383.44,96354304,47235072,44079400,42.04,4180008
1770208395202,5018.08,1385.45,96354304,47235072,44292840,42.24,4137888
1770208395303,5018.24,1385.53,96354304,47235072,44294280,42.24,4137888
1770208395403,5018.48,1385.72,96354304,47235072,44295720,42.24,4137888
1770208395504,5021.11,1387.33,96354304,47235072,44763752,42.69,4147416
1770208395605,5021.31,1387.44,96354304,47235072,44765192,42.69,4147416
1770208395706,5023.95,1389.14,96354304,47235072,44978688,42.90,4148752
1770208395807,5024.03,1389.21,96354304,47235072,44980128,42.90,4148752
1770208395908,5024.14,1389.31,96354304,47235072,44981568,42.90,4148752
1770208396009,5027.72,1391.38,97124352,50642944,44583944,42.52,4137888
1770208396110,5027.89,1391.48,97124352,50642944,44585384,42.52,4137888
1770208396210,5033.89,1393.52,97337344,50642944,44798832,42.72,4139224
1770208396311,5051.85,1393.68,97337344,50642944,44801528,42.73,4139224
1770208396412,5052.14,1393.85,97337344,50642944,44802968,42.73,4139224
1770208396513,5054.95,1395.79,97566720,50642944,45015016,42.93,4148752
1770208396613,5055.13,1395.89,97566720,50642944,45016456,42.93,4148752
1770208396713,5065.66,1397.83,97779712,50642944,45228416,43.13,4150088
1770208396815,5089.96,1398.01,97927168,50642944,45230360,43.14,4150088
1770208396916,5090.21,1398.15,97927168,50642944,45231800,43.14,4150088
1770208397017,5092.79,1399.98,98123776,50642944,45441064,43.34,4159616
1770208397117,5092.98,1400.09,98123776,50642944,45442504,43.34,4159616
1770208397217,5101.20,1402.13,98320384,50642944,45651648,43.54,4160952
1770208397318,5101.36,1402.22,98320384,50642944,45653112,43.54,4160952
1770208397419,5101.60,1402.35,98320384,50642944,45654552,43.54,4160952
1770208397520,5104.03,1404.01,98533376,50642944,45863880,43.74,4170480
1770208397621,5104.27,1404.13,98533376,50642944,45865320,43.74,4170480
1770208397721,5106.93,1405.93,98729984,50642944,46074336,43.94,4171816
1770208397822,5107.07,1406.00,98729984,50642944,46075800,43.94,4171816
1770208397923,5107.30,1406.12,98729984,50642944,46077240,43.94,4171816
1770208398024,5109.11,1407.55,98942976,50642944,46286472,44.14,4181346
1770208398125,5109.34,1407.69,98942976,50642944,46287936,44.14,4181346
1770208398226,5113.93,1409.89,99090432,50905088,44911928,42.83,4137890
1770208398327,5114.02,1409.95,99090432,50905088,44913392,42.83,4137890
1770208398428,5114.19,1410.05,99090432,50905088,44914832,42.83,4137890
1770208398529,5116.83,1411.67,99090432,50905088,45124064,43.03,4147420
1770208398631,5117.07,1411.79,99090432,50905088,45125528,43.04,4147420
1770208398732,5119.90,1413.66,99090432,50905088,45334560,43.23,4148758
1770208398833,5120.09,1413.77,99090432,50905088,45336024,43.24,4148758
1770208398934,5120.37,1413.94,99090432,50905088,45337464,43.24,4148758
1770208399035,5124.73,1415.85,99237888,50905088,45546664,43.44,4158288
1770208399135,5124.98,1416.02,99237888,50905088,45548128,43.44,4158288
1770208399236,5128.01,1418.01,99434496,50905088,45757136,43.64,4159626
1770208399337,5128.22,1418.16,99450880,50905088,45758600,43.64,4159626
1770208399438,5128.47,1418.32,99450880,50905088,45760040,43.64,4159626
1770208399539,5130.90,1420.04,99663872,50905088,45969288,43.84,4169156
1770208399641,5131.09,1420.14,99663872,50905088,45970752,43.84,4169156
1770208399741,5135.84,1422.36,99860480,50905088,46179728,44.04,4170494
1770208399842,5136.03,1422.47,99860480,50905088,46181192,44.04,4170494
1770208399943,5136.30,1422.64,99860480,50905088,46182632,44.04,4170494
1770208400044,5141.73,1424.72,100352000,51167232,44996296,42.91,4180024
1770208400145,5141.92,1424.82,100352000,51167232,44997768,42.91,4180024
1770208400246,5144.64,1426.68,100368384,51167232,45206816,43.11,4137890
1770208400347,5144.81,1426.76,100368384,51167232,45208264,43.11,4137890
1770208400447,5145.23,1426.92,100368384,51167232,45210224,43.12,4137890
1770208400548,5147.66,1428.65,100368384,51167232,45419464,43.32,4147420
1770208400649,5147.87,1428.77,100368384,51167232,45420912,43.32,4147420
1770208400750,5150.57,1430.53,100368384,51167232,45629968,43.52,4148758
1770208400851,5150.74,1430.62,100368384,51167232,45631416,43.52,4148758
1770208400952,5150.97,1430.77,100368384,51167232,45632864,43.52,4148758
1770208401054,5153.36,1432.47,100368384,51167232,45842552,43.72,4158288
1770208401154,5153.60,1432.61,100368384,51167232,45844000,43.72,4158288
1770208401256,5156.26,1434.36,100368384,51167232,46053112,43.92,4159626
1770208401356,5156.37,1434.44,100368384,51167232,46054560,43.92,4159626
1770208401457,5156.52,1434.54,100368384,51167232,46056008,43.92,4159626
1770208401558,5158.88,1436.35,100368384,51167232,46265272,44.12,4169156
1770208401658,5159.08,1436.47,100368384,51167232,46266720,44.12,4169156
1770208401759,5163.20,1439.13,97533952,48283648,45250952,43.15,4170494
1770208401860,5163.41,1439.23,97533952,48283648,45252392,43.16,4170494
1770208401961,5163.68,1439.40,97533952,48283648,45253832,43.16,4170494
1770208402063,5166.21,1441.25,97533952,48283648,45463104,43.36,4146082
1770208402163,5166.46,1441.39,97533952,48283648,45464568,43.36,4146082
1770208402274,5222.90,1447.78,116293632,70565888,56010632,53.42,4137223
1770208402375,5478.57,1455.27,146866176,97304576,75071344,71.59,4127691
1770208402476,5478.61,1455.31,146866176,97304576,75072816,71.60,4127691
1770208402577,5480.11,1456.47,146882560,97304576,75291960,71.80,4137221
1770208402678,5480.36,1456.57,146882560,97304576,75293432,71.81,4137221
1770208402779,5484.26,1458.43,146882560,97304576,75506976,72.01,4138559
1770208402880,5484.41,1458.54,146882560,97304576,75508448,72.01,4138559
1770208402981,5484.61,1458.65,146882560,97304576,75509896,72.01,4138559
1770208403082,5487.38,1460.31,146882560,97304576,75723480,72.22,4148089
1770208403183,5487.65,1460.46,146882560,97304576,75724952,72.22,4148089
1770208403284,5490.19,1462.13,146882560,97304576,75938360,72.42,4149427
1770208403386,5490.38,1462.24,146882560,97304576,75939832,72.42,4149427
1770208403486,5490.63,1462.40,146882560,97304576,75941280,72.42,4149427
1770208403587,5493.53,1464.20,146898944,97304576,76154936,72.63,4158957
1770208403688,5493.83,1464.38,146898944,97304576,76156408,72.63,4158957
1770208403788,5499.40,1466.43,146898944,97304576,76369952,72.83,4160295
1770208403889,5499.65,1466.63,146898944,97304576,76371424,72.83,4160295
1770208403990,5499.92,1466.78,146898944,97304576,76372872,72.83,4160295
1770208404091,5502.75,1468.46,146898944,97304576,76586528,73.04,4169825
1770208404192,5503.02,1468.63,146898944,97304576,76588000,73.04,4169825
1770208404293,5505.88,1470.37,146898944,97304576,76801472,73.24,4171163
1770208404394,5506.10,1470.49,146898944,97304576,76802944,73.24,4171163
1770208404496,5506.33,1470.64,146898944,97304576,76804392,73.25,4171163
1770208404595,5508.87,1472.27,146898944,97304576,77020168,73.45,4180693
1770208404696,5509.14,1472.42,146898944,97304576,77021640,73.45,4180693
1770208404796,5518.40,1476.25,147963904,98877440,64316168,61.34,4182031
1770208404897,5518.66,1476.40,147963904,98877440,64317640,61.34,4182031
1770208404998,5518.94,1476.57,147963904,98877440,64319088,61.34,4182031
1770208405099,5521.80,1478.31,147963904,98877440,64532720,61.54,4146751
1770208405200,5522.04,1478.44,147963904,98877440,64534192,61.54,4146751
1770208405301,5525.56,1480.71,147963904,98877440,64747576,61.75,4148089
1770208405402,5525.81,1480.85,147963904,98877440,64749024,61.75,4148089
1770208405503,5526.09,1481.04,147980288,98877440,64750472,61.75,4148089
1770208405604,5528.36,1482.49,147980288,98877440,64964088,61.95,4157619
1770208405704,5528.63,1482.61,147980288,98877440,64965560,61.96,4157619
1770208405805,5531.73,1484.30,147980288,98877440,65178976,62.16,4158957
1770208405905,5531.99,1484.44,147980288,98877440,65180424,62.16,4158957
1770208406006,5532.27,1484.61,147980288,98877440,65181872,62.16,4158957
1770208406107,5534.85,1486.38,147980288,98877440,65395488,62.37,4168487
1770208406208,5535.05,1486.50,147980288,98877440,65396960,62.37,4168487
1770208406309,5537.73,1488.25,147980288,98877440,65610360,62.57,4169825
1770208406410,5537.92,1488.36,147980288,98877440,65611808,62.57,4169825
1770208406511,5538.19,1488.52,147980288,98877440,65613256,62.57,4169825
1770208406611,5540.67,1490.23,147980288,98877440,65826856,62.78,4179355
1770208406712,5540.90,1490.34,147980288,98877440,65828328,62.78,4179355
1770208406812,5543.80,1492.15,147980288,98877440,66041872,62.98,4180693
1770208406913,5543.98,1492.27,147980288,98877440,66043320,62.98,4180693
1770208407014,5544.20,1492.41,147980288,98877440,66044768,62.99,4180693
1770208407114,5547.64,1494.81,147996672,98877440,66258536,63.19,4190223
1770208407215,5547.87,1494.97,147996672,98877440,66260008,63.19,4190223
1770208407316,5555.52,1497.06,148160512,98877440,66473552,63.39,4191561
1770208407416,5555.71,1497.18,148160512,98877440,66475024,63.40,4191561
1770208407516,5555.98,1497.34,148160512,98877440,66476472,63.40,4191561
1770208407616,5559.91,1499.41,148176896,98877440,66690136,63.60,4201091
1770208407718,5560.03,1499.47,148176896,98877440,66691608,63.60,4201091
1770208407819,5562.99,1501.03,148176896,98877440,66904576,63.81,4202429
1770208407920,5563.16,1501.10,148176896,98877440,66906048,63.81,4202429
1770208408021,5563.42,1501.28,148176896,98877440,66907496,63.81,4202429
1770208408122,5569.19,1503.22,148176896,98877440,67121304,64.01,4211959
1770208408224,5569.42,1503.35,148176896,98877440,67122776,64.01,4211959
1770208408323,5580.69,1505.24,148193280,98877440,67335760,64.22,4213297
1770208408423,5580.96,1505.41,148193280,98877440,67337232,64.22,4213297
1770208408524,5581.24,1505.59,148193280,98877440,67338680,64.22,4213297
1770208408624,5584.40,1507.62,148193280,98877440,67549208,64.42,4222827
1770208408725,5584.64,1507.74,148193280,98877440,67550680,64.42,4222827
1770208408826,5587.47,1509.61,148193280,98877440,67760984,64.62,4224165
1770208408928,5587.72,1509.74,148193280,98877440,67762456,64.62,4224165
1770208409029,5588.01,1509.91,148193280,98877440,67763904,64.62,4224165
1770208409130,5593.13,1512.00,148209664,98877440,67974704,64.83,4233695
1770208409231,5593.41,1512.17,148209664,98877440,67976176,64.83,4233695
1770208409332,5602.43,1514.42,148209664,98877440,68187032,65.03,4235033
1770208409433,5602.67,1514.54,148209664,98877440,68188504,65.03,4235033
1770208409534,5602.95,1514.72,148209664,98877440,68189952,65.03,4235033
1770208409636,5607.50,1516.74,148209664,98877440,68400256,65.23,4244563
1770208409737,5607.75,1516.87,148209664,98877440,68401728,65.23,4244563
1770208409838,5610.61,1518.89,148226048,98877440,68611816,65.43,4245901
1770208409939,5610.88,1519.08,148226048,98877440,68613288,65.43,4245901
1770208410039,5611.17,1519.26,148226048,98877440,68614736,65.44,4245901
1770208410140,5613.68,1521.13,148226048,98877440,68825016,65.64,4255431
1770208410241,5613.92,1521.25,148226048,98877440,68826488,65.64,4255431
1770208410342,5616.36,1522.91,148226048,98877440,69036552,65.84,4256769
1770208410444,5697.75,1535.18,106807296,57196544,42397120,40.43,4127024
1770208410544,5698.07,1535.32,106807296,57196544,42641112,40.67,4127024
1770208410646,5702.03,1537.26,106807296,57196544,42887456,40.90,4136554
1770208410746,5702.29,1537.38,106807296,57196544,42888928,40.90,4136554
1770208410848,5705.19,1539.33,106807296,57196544,43112528,41.12,4137892
1770208410949,5705.42,1539.46,106807296,57196544,43114000,41.12,4137892
1770208411050,5780.57,1548.74,95076352,46710784,42075784,40.13,4127024
1770208411151,5790.71,1550.62,95322112,46710784,42444272,40.48,4136554
1770208411252,5790.98,1550.80,95322112,46710784,42445736,40.48,4136554
1770208411352,5793.02,1552.75,95551488,46710784,42668968,40.69,4137892
1770208411453,5793.20,1552.85,95551488,46710784,42670432,40.69,4137892
1770208411556,5794.80,1553.95,95666176,46710784,42783424,40.80,4146755
1770208411657,5868.57,1558.38,95109120,46186496,42348672,40.39,4127024
1770208411758,5868.84,1558.50,95109120,46186496,42350184,40.39,4127024
1770208411859,5877.54,1560.83,95371264,46186496,42596120,40.62,4128362
1770208411959,5877.80,1560.98,95371264,46186496,42597584,40.62,4128362
1770208412059,5879.72,1562.24,95469568,46186496,42710688,40.73,4137225
1770208412160,5880.84,1563.10,95584256,46186496,42822576,40.84,4137892
1770208412261,5881.11,1563.27,95584256,46186496,42824040,40.84,4137892
1770208412363,5884.22,1565.26,95797248,46186496,43047368,41.05,4139230
1770208412464,5884.39,1565.38,95797248,46186496,43048832,41.05,4139230
1770208412564,5886.24,1566.47,95911936,46186496,43161920,41.16,4148093
1770208412665,5900.14,1567.48,96403456,49332224,42462272,40.50,4148760
1770208412766,5900.39,1567.60,96403456,49332224,42463736,40.50,4148760
1770208412867,5906.57,1569.60,96632832,49332224,42687352,40.71,4138559
1770208412969,5906.82,1569.73,96632832,49332224,42688816,40.71,4138559
1770208413068,5909.54,1571.44,96862208,49332224,42912216,40.92,4148089
1770208413169,5909.70,1571.53,96862208,49332224,42913680,40.93,4148089
1770208413270,5909.97,1571.72,96862208,49332224,42915120,40.93,4148089
1770208413371,5914.83,1573.79,97075200,49332224,43138480,41.14,4149427
1770208413473,5915.15,1573.98,97075200,49332224,43139944,41.14,4149427
1770208413572,5918.18,1576.02,97288192,49332224,43363152,41.35,4158957
1770208413674,5918.36,1576.12,97288192,49332224,43364616,41.36,4158957
1770208413774,5918.63,1576.28,97288192,49332224,43366056,41.36,4158957
1770208413875,5921.83,1578.32,97501184,49332224,43589184,41.57,4160295
1770208413976,5922.10,1578.49,97501184,49332224,43590648,41.57,4160295
1770208414077,5924.75,1580.50,97714176,49332224,43813864,41.78,4169825
1770208414178,5924.90,1580.58,97714176,49332224,43815328,41.79,4169825
1770208414279,5925.16,1580.74,97714176,49332224,43816768,41.79,4169825
1770208414380,5930.11,1582.84,97927168,49332224,42685392,40.71,4171163
1770208414482,5930.39,1583.00,97927168,49332224,42686856,40.71,4171163
1770208414581,5935.36,1584.89,97943552,49332224,42910376,40.92,4146084
1770208414681,5935.52,1584.98,97943552,49332224,42911840,40.92,4146084
1770208414783,5935.81,1585.19,97943552,49332224,42913280,40.93,4146084
1770208414883,5939.56,1587.11,97943552,49332224,43135664,41.14,4147422
1770208414984,5939.84,1587.28,97943552,49332224,43137128,41.14,4147422
1770208415084,5944.55,1589.22,98025472,49332224,43359672,41.35,4156952
1770208415185,5948.53,1589.33,98025472,49332224,43361304,41.35,4156952
1770208415287,5948.75,1589.46,98025472,49332224,43362744,41.35,4156952
1770208415388,5952.15,1591.50,98238464,49332224,43585208,41.57,4158290
1770208415489,5952.40,1591.66,98238464,49332224,43586672,41.57,4158290
1770208415589,5957.13,1593.61,98451456,49332224,43809344,41.78,4167820
1770208415690,5957.28,1593.69,98451456,49332224,43810808,41.78,4167820
1770208415791,5957.56,1593.87,98451456,49332224,43812248,41.78,4167820
1770208415892,5960.55,1595.94,98664448,49332224,44034168,41.99,4169158
1770208415992,5960.81,1596.08,98664448,49332224,44035632,42.00,4169158
1770208416093,5963.37,1597.68,98877440,49332224,44257816,42.21,4178688
1770208416194,5963.58,1597.79,98877440,49332224,44259280,42.21,4178688
1770208416295,5963.77,1597.93,98877440,49332224,44260720,42.21,4178688
1770208416396,5968.20,1599.87,99041280,49332224,42999880,41.01,4180026
1770208416497,5968.45,1600.01,99041280,49332224,43001344,41.01,4180026
1770208416598,5971.53,1601.71,99041280,49332224,43223488,41.22,4146751
1770208416698,5971.74,1601.83,99041280,49332224,43224952,41.22,4146751
1770208416798,5971.99,1601.97,99041280,49332224,43226392,41.22,4146751
1770208416899,5975.00,1604.06,99057664,49332224,43448272,41.44,4148089
1770208416999,5975.26,1604.23,99057664,49332224,43449712,41.44,4148089
1770208417100,5978.31,1606.16,99057664,49332224,43671856,41.65,4157619
1770208417201,5978.47,1606.25,99057664,49332224,43673320,41.65,4157619
1770208417302,5978.73,1606.40,99057664,49332224,43674760,41.65,4157619
1770208417404,5981.62,1608.24,99057664,49332224,43896712,41.86,4158957
1770208417505,5981.89,1608.41,99057664,49332224,43898152,41.86,4158957
1770208417606,5984.46,1610.05,99057664,49332224,44120248,42.08,4168487
1770208417707,5984.72,1610.20,99057664,49332224,44121712,42.08,4168487
1770208417808,5984.96,1610.31,99057664,49332224,44123152,42.08,4168487
1770208417909,5990.11,1612.84,96141312,46186496,43163400,41.16,4169825
1770208418010,5990.35,1612.97,96141312,46186496,43164840,41.17,4169825
1770208418111,5993.22,1614.83,96141312,46186496,43386976,41.38,4146084
1770208418211,5993.44,1614.93,96141312,46186496,43388416,41.38,4146084
1770208418312,5993.72,1615.07,96141312,46186496,43389856,41.38,4146084
1770208418413,6000.41,1616.73,96141312,46186496,43621824,41.60,4147422
1770208418514,6000.64,1616.86,96141312,46186496,43623264,41.60,4147422
1770208418615,6003.72,1618.84,96141312,46186496,43845376,41.81,4156952
1770208418716,6003.85,1618.95,96141312,46186496,43846816,41.82,4156952
1770208418817,6004.01,1619.04,96141312,46186496,43848256,41.82,4156952
1770208418918,6007.97,1620.82,96518144,47235072,43385528,41.38,4137892
1770208419019,6008.14,1620.92,96518144,47235072,43386968,41.38,4137892
1770208419120,6011.22,1623.01,96731136,47235072,43742608,41.72,4147422
1770208419221,6011.49,1623.16,96731136,47235072,43744048,41.72,4147422
1770208419323,6011.84,1623.44,96731136,47235072,43745488,41.72,4147422
1770208419424,6014.54,1625.16,96960512,47235072,43967408,41.93,4148760
1770208419525,6014.68,1625.28,96960512,47235072,43968848,41.93,4148760
1770208419626,6018.25,1627.25,97304576,47759360,43474232,41.46,4158290
1770208419727,6018.39,1627.35,97304576,47759360,43475672,41.46,4158290
1770208419827,6018.50,1627.43,97304576,47759360,43477112,41.46,4158290
1770208419928,6021.15,1629.15,97304576,47759360,43699056,41.67,4137892
1770208420029,6021.27,1629.22,97304576,47759360,43700496,41.68,4137892
1770208420130,6024.38,1631.01,97304576,47759360,43922624,41.89,4147422
1770208420231,6024.52,1631.11,97304576,47759360,43924064,41.89,4147422
1770208420332,6024.71,1631.20,97304576,47759360,43925504,41.89,4147422
1770208420433,6027.63,1632.75,97304576,47759360,44147480,42.10,4148760
1770208420534,6027.89,1632.89,97304576,47759360,44148920,42.10,4148760
1770208420636,6033.16,1634.93,97435648,47759360,43611008,41.59,4158290
1770208420735,6033.33,1635.03,97435648,47759360,43612448,41.59,4158290
1770208420835,6033.54,1635.18,97435648,47759360,43613888,41.59,4158290
1770208420936,6037.55,1636.73,97435648,47759360,43835896,41.81,4138559
1770208421037,6037.75,1636.84,97435648,47759360,43837336,41.81,4138559
1770208421146,6041.84,1638.84,97435648,47759360,44059544,42.02,4148089
1770208421247,6042.11,1638.97,97435648,47759360,44060984,42.02,4148089
1770208421348,6042.38,1639.12,97435648,47759360,44062424,42.02,4148089
1770208421449,6045.48,1640.85,97452032,47759360,44284448,42.23,4149427
1770208421550,6045.74,1641.02,97452032,47759360,44285888,42.23,4149427
1770208421651,6049.42,1642.83,97615872,48021504,43757464,41.73,4158957
1770208421752,6049.61,1642.92,97615872,48021504,43758904,41.73,4158957
1770208421854,6049.83,1643.03,97615872,48021504,43760344,41.73,4158957
1770208421955,6053.61,1644.20,97632256,48021504,43982280,41.94,4138559
1770208422055,6053.77,1644.27,97632256,48021504,43983720,41.95,4138559
1770208422156,6064.11,1645.62,97632256,48021504,44205944,42.16,4148089
1770208422257,6064.30,1645.69,97632256,48021504,44207384,42.16,4148089
1770208422358,6064.49,1645.79,97632256,48021504,44208824,42.16,4148089
1770208422459,6069.78,1647.38,97648640,48021504,44428960,42.37,4149427
1770208422560,6070.06,1647.53,97648640,48021504,44430400,42.37,4149427
1770208422662,6076.80,1649.03,97910784,50118656,43931976,41.90,4158957
1770208422763,6077.03,1649.12,97910784,50118656,43933416,41.90,4158957
1770208422864,6077.32,1649.34,97910784,50118656,43934856,41.90,4158957
1770208422965,6080.35,1651.17,97910784,50118656,44149216,42.10,4138559
1770208423065,6080.60,1651.32,97910784,50118656,44150656,42.11,4138559
1770208423166,6096.82,1653.56,97943552,50118656,44470024,42.41,4148089
1770208423267,6097.06,1653.70,97943552,50118656,44471464,42.41,4148089
1770208423368,6097.31,1653.87,97943552,50118656,44472904,42.41,4148089
1770208423469,6103.65,1655.69,97959936,50118656,44687216,42.62,4149427
1770208423570,6103.80,1655.81,97959936,50118656,44688656,42.62,4149427
1770208423671,6106.65,1657.54,98041856,50118656,44903112,42.82,4158957
1770208423772,6106.81,1657.63,98041856,50118656,44904552,42.82,4158957
1770208423873,6106.95,1657.73,98041856,50118656,44905992,42.83,4158957
1770208423974,6111.01,1660.01,98238464,50118656,45229336,43.13,4160295
1770208424075,6111.25,1660.17,98254848,50118656,45230776,43.14,4160295
1770208424176,6121.58,1662.56,98484224,50118656,45445472,43.34,4169825
1770208424277,6121.84,1662.74,98484224,50118656,45446912,43.34,4169825
1770208424378,6122.10,1662.91,98484224,50118656,45448352,43.34,4169825
1770208424479,6124.69,1664.53,98680832,50118656,45662536,43.55,4171163
1770208424580,6124.83,1664.63,98680832,50118656,45663976,43.55,4171163
1770208424681,6127.46,1666.34,98910208,50118656,45878456,43.75,4180693
1770208424782,6127.59,1666.42,98910208,50118656,45879920,43.75,4180693
1770208424883,6127.68,1666.50,98910208,50118656,45881360,43.76,4180693
1770208424984,6135.26,1668.94,96976896,47497216,44501664,42.44,4182031
1770208425085,6135.40,1669.02,96976896,47497216,44503128,42.44,4182031
1770208425186,6137.62,1670.47,96976896,47497216,44717528,42.65,4146751
1770208425288,6137.81,1670.59,96976896,47497216,44718968,42.65,4146751
1770208425388,6138.10,1670.77,96976896,47497216,44720408,42.65,4146751
1770208425489,6140.60,1672.65,96993280,47497216,44934312,42.85,4148089
1770208425589,6140.82,1672.78,96993280,47497216,44935752,42.85,4148089
1770208425689,6144.73,1674.97,97533952,48545792,44532280,42.47,4157619
1770208425789,6144.93,1675.07,97533952,48545792,44533720,42.47,4157619
1770208425890,6145.01,1675.12,97533952,48545792,44535160,42.47,4157619
1770208425992,6145.77,1675.81,97730560,48545792,44749320,42.68,4138559
1770208426093,6145.89,1675.86,97730560,48545792,44750760,42.68,4138559
1770208426194,6174.23,1677.97,97976320,48545792,44967784,42.88,4148089
1770208426296,6174.43,1678.07,97976320,48545792,44969224,42.89,4148089
1770208426397,6174.69,1678.20,97976320,48545792,44970664,42.89,4148089
1770208426498,6177.56,1680.03,98172928,48545792,45182432,43.09,4149427
1770208426598,6177.83,1680.16,98172928,48545792,45183872,43.09,4149427
1770208426699,6212.43,1682.45,98680832,50905088,44663456,42.59,4158957
1770208426800,6212.59,1682.55,98680832,50905088,44664896,42.60,4158957
1770208426901,6212.78,1682.67,98680832,50905088,44666336,42.60,4158957
1770208427002,6215.72,1684.57,98680832,50905088,44875344,42.80,4138559
1770208427103,6215.95,1684.69,98680832,50905088,44876784,42.80,4138559
1770208427203,6219.28,1686.83,98680832,50905088,45085912,43.00,4148089
1770208427304,6219.49,1686.92,98680832,50905088,45087352,43.00,4148089
1770208427405,6219.66,1687.00,98680832,50905088,45088792,43.00,4148089
1770208427506,6222.53,1688.96,98680832,50905088,45297648,43.20,4149427
1770208427607,6222.81,1689.10,98680832,50905088,45299088,43.20,4149427
1770208427708,6225.73,1690.95,98697216,50905088,45508184,43.40,4158957
1770208427809,6225.98,1691.08,98697216,50905088,45509624,43.40,4158957
1770208427910,6226.20,1691.21,98697216,50905088,45511064,43.40,4158957
1770208428011,6228.96,1693.05,98910208,50905088,45719808,43.60,4160295
1770208428112,6229.24,1693.20,98910208,50905088,45721248,43.60,4160295
1770208428213,6232.26,1695.09,99123200,50905088,45930296,43.80,4169825
1770208428313,6232.53,1695.25,99123200,50905088,45931736,43.80,4169825
1770208428414,6232.78,1695.39,99123200,50905088,45933176,43.81,4169825
1770208428515,6236.45,1697.39,99483648,50905088,44905672,42.83,4171163
1770208428616,6236.69,1697.52,99483648,50905088,44907112,42.83,4171163
1770208428717,6239.81,1699.49,99483648,50905088,45116184,43.03,4146084
1770208428818,6240.06,1699.63,99483648,50905088,45117624,43.03,4146084
1770208428921,6242.26,1701.08,99483648,50905088,45223288,43.13,4146755
1770208429021,6244.90,1701.84,99483648,50905088,45327920,43.23,4147422
1770208429122,6245.16,1701.99,99483648,50905088,45329360,43.23,4147422
1770208429222,6247.92,1703.71,99483648,50905088,45538408,43.43,4156952
1770208429322,6248.16,1703.85,99483648,50905088,45539848,43.43,4156952
1770208429422,6250.27,1705.30,99598336,50905088,45748704,43.63,4158290
1770208429523,6250.41,1705.37,99598336,50905088,45750144,43.63,4158290
1770208429624,6250.68,1705.52,99598336,50905088,45751584,43.63,4158290
1770208429725,6253.41,1707.20,99794944,50905088,46007712,43.88,4167820
1770208429826,6253.66,1707.36,99794944,50905088,46009152,43.88,4167820
1770208429927,6257.71,1709.50,99991552,50905088,46217936,44.08,4169158
1770208430028,6258.54,1709.61,99991552,50905088,46219472,44.08,4169158
1770208430129,6258.81,1709.78,99991552,50905088,46220912,44.08,4169158
1770208430230,6261.31,1711.44,100204544,50905088,46429984,44.28,4178688
1770208430331,6261.55,1711.57,100204544,50905088,46431432,44.28,4178688
1770208430431,6265.95,1713.84,100466688,50905088,46701704,44.54,4180034
1770208430532,6266.05,1713.90,100466688,50905088,46703176,44.54,4180034
1770208430633,6266.21,1714.00,100466688,50905088,46704624,44.54,4180034
1770208430735,6270.81,1716.42,97959936,48021504,45421872,43.32,4146084
1770208430836,6271.06,1716.55,97959936,48021504,45423312,43.32,4146084
1770208430937,6273.87,1718.38,97959936,48021504,45632224,43.52,4147422
1770208431038,6274.03,1718.47,97959936,48021504,45633664,43.52,4147422
1770208431138,6274.14,1718.52,97959936,48021504,45635104,43.52,4147422
1770208431239,6275.35,1719.23,97959936,48021504,45844544,43.72,4156952
1770208431340,6275.49,1719.29,97959936,48021504,45845984,43.72,4156952
1770208431441,6279.02,1721.64,98516992,49332224,45425992,43.32,4137892
1770208431542,6279.15,1721.70,98516992,49332224,45427432,43.32,4137892
1770208431643,6279.40,1721.83,98516992,49332224,45428872,43.32,4137892
1770208431744,6282.43,1723.77,98729984,49332224,45637864,43.52,4147422
1770208431845,6282.66,1723.92,98729984,49332224,45639304,43.53,4147422
1770208431946,6285.58,1725.74,98926592,49332224,45848024,43.72,4148760
1770208432048,6285.76,1725.86,98926592,49332224,45849464,43.73,4148760
1770208432149,6286.00,1726.02,98926592,49332224,45850904,43.73,4148760
1770208432249,6479.81,1740.45,132382720,98893824,66604928,63.52,4137892
1770208432350,6632.16,1744.13,149340160,99680256,76060056,72.54,4128362
1770208432451,6633.37,1745.11,149340160,99680256,76268552,72.74,4129700
1770208432552,6633.46,1745.16,149340160,99680256,76270024,72.74,4129700
1770208432653,6633.71,1745.30,149340160,99680256,76271472,72.74,4129700
1770208432754,6636.32,1746.78,149356544,99680256,76480144,72.94,4139230
1770208432855,6636.46,1746.89,149356544,99680256,76481616,72.94,4139230
1770208432956,6638.74,1748.71,149356544,99680256,76690208,73.14,4140568
1770208433057,6638.90,1748.80,149340160,99680256,76691680,73.14,4140568
1770208433158,6639.07,1748.89,149291008,99680256,76693128,73.14,4140568
1770208433258,6640.84,1750.57,149291008,99680256,76901816,73.34,4150098
1770208433358,6640.97,1750.63,149209088,99680256,76903288,73.34,4150098
1770208433459,6642.70,1752.23,149159936,99680256,77111720,73.54,4151436
1770208433560,6642.93,1752.38,149143552,99680256,77113192,73.54,4151436
1770208433660,6643.11,1752.48,149143552,99680256,77114640,73.54,4151436
1770208433761,6644.35,1753.24,149143552,99680256,77323456,73.74,4160966
1770208433863,6644.56,1753.37,149143552,99680256,77324928,73.74,4160966
1770208433964,6647.02,1755.13,149143552,99680256,77535904,73.94,4162304
1770208434065,6647.22,1755.26,149143552,99680256,77537376,73.95,4162304
1770208434167,6647.37,1755.33,149143552,99680256,77538824,73.95,4162304
1770208434267,6651.05,1757.22,149143552,99680256,77750944,74.15,4171834
1770208434367,6651.31,1757.37,149143552,99680256,77752416,74.15,4171834
1770208434468,6654.13,1759.31,149143552,99680256,77963944,74.35,4173172
1770208434569,6654.36,1759.42,149143552,99680256,77965416,74.35,4173172
1770208434671,6654.62,1759.54,149143552,99680256,77966864,74.35,4173172
1770208434771,6656.62,1761.03,149159936,99942400,78434768,74.80,4182702
1770208434872,6656.88,1761.19,149159936,99942400,78436240,74.80,4182702
1770208434973,6659.53,1762.99,149159936,99942400,78644680,75.00,4184040
1770208435074,6659.82,1763.16,149159936,99942400,78646152,75.00,4184040
1770208435175,6660.05,1763.31,149159936,99942400,78647600,75.00,4184040
1770208435276,6666.58,1766.24,149749760,100728832,65225720,62.20,4193570
1770208435377,6666.82,1766.38,149749760,100728832,65227208,62.21,4193570
1770208435478,6668.92,1768.39,149766144,100728832,65435744,62.40,4139230
1770208435579,6669.17,1768.54,149766144,100728832,65437208,62.41,4139230
1770208435680,6669.45,1768.68,149766144,100728832,65438672,62.41,4139230
1770208435781,6672.07,1770.45,149766144,100728832,65647416,62.61,4148760
1770208435882,6672.34,1770.61,149766144,100728832,65648904,62.61,4148760
1770208435983,6675.04,1772.31,149766144,100728832,65857448,62.81,4150098
1770208436083,6675.20,1772.42,149766144,100728832,65858912,62.81,4150098
1770208436184,6675.38,1772.51,149766144,100728832,65860376,62.81,4150098
1770208436285,6676.86,1774.02,149766144,100728832,66069104,63.01,4159628
1770208436386,6676.96,1774.07,149766144,100728832,66070592,63.01,4159628
1770208436487,6677.66,1774.84,149766144,100728832,66279096,63.21,4160966
1770208436588,6677.77,1774.88,149766144,100728832,66280560,63.21,4160966
1770208436689,6677.91,1774.94,149766144,100728832,66282024,63.21,4160966
1770208436789,6680.10,1776.25,149766144,100728832,66490800,63.41,4170496
1770208436890,6680.25,1776.35,149766144,100728832,66492288,63.41,4170496
1770208436991,6687.73,1778.32,149782528,100728832,66701576,63.61,4171834
1770208437092,6687.92,1778.42,149782528,100728832,66703040,63.61,4171834
1770208437193,6688.19,1778.57,149782528,100728832,66704504,63.61,4171834
1770208437294,6691.03,1780.46,149782528,100728832,66913176,63.81,4181364
1770208437394,6691.29,1780.59,149782528,100728832,66914664,63.81,4181364
1770208437495,6694.04,1782.32,149798912,100728832,67123184,64.01,4182702
1770208437596,6694.30,1782.42,149798912,100728832,67124648,64.02,4182702
1770208437698,6694.54,1782.52,149798912,100728832,67126112,64.02,4182702
1770208437800,6697.15,1784.08,149798912,100728832,67334784,64.22,4192232
1770208437901,6697.40,1784.21,149798912,100728832,67336272,64.22,4192232
1770208438002,6699.07,1785.68,149798912,100728832,67544784,64.42,4193570
1770208438103,6699.27,1785.79,149798912,100728832,67546248,64.42,4193570
1770208438204,6699.54,1785.95,149798912,100728832,67547712,64.42,4193570
1770208438305,6701.75,1787.64,149798912,100728832,67756456,64.62,4203100
1770208438405,6702.03,1787.81,149798912,100728832,67757944,64.62,4203100
1770208438505,6704.52,1789.30,149798912,100728832,67966416,64.82,4204438
1770208438606,6704.78,1789.44,149798912,100728832,67967904,64.82,4204438
1770208438707,6705.05,1789.55,149798912,100728832,67969368,64.82,4204438
1770208438808,6708.03,1791.40,149815296,100728832,68178136,65.02,4213968
1770208438909,6708.21,1791.51,149815296,100728832,68179624,65.02,4213968
1770208439010,6710.89,1793.30,149815296,100728832,68388048,65.22,4215306
1770208439110,6711.15,1793.45,149815296,100728832,68389536,65.22,4215306
1770208439211,6711.36,1793.58,149815296,100728832,68391000,65.22,4215306
1770208439312,6714.90,1795.41,149815296,100728832,68599568,65.42,4224836
1770208439413,6715.12,1795.56,149815296,100728832,68601056,65.42,4224836
1770208439513,6717.68,1797.14,149815296,100728832,68809520,65.62,4226174
1770208439614,6717.89,1797.27,149815296,100728832,68811008,65.62,4226174
1770208439715,6718.09,1797.37,149815296,100728832,68812472,65.62,4226174
1770208439816,6720.54,1798.95,149815296,100728832,69021080,65.82,4235704
1770208439917,6720.81,1799.11,149815296,100728832,69022568,65.83,4235704
1770208440018,6723.48,1800.88,149815296,100728832,69230896,66.02,4237042
1770208440119,6723.69,1801.00,149815296,100728832,69232384,66.03,4237042
1770208440220,6723.87,1801.08,149815296,100728832,69233848,66.03,4237042
1770208440321,6726.46,1802.83,149831680,100728832,69442464,66.23,4246572
1770208440422,6804.90,1814.70,108642304,59293696,42514048,40.54,4127024
1770208440523,6809.09,1816.42,108642304,59293696,43006144,41.01,4128362
1770208440624,6809.23,1816.52,108642304,59293696,43007616,41.02,4128362
1770208440725,6809.41,1816.61,108642304,59293696,43009064,41.02,4128362
1770208440826,6812.09,1818.31,108642304,59293696,43233432,41.23,4137892
1770208440926,6812.22,1818.41,108642304,59293696,43234904,41.23,4137892
1770208441027,6893.92,1827.58,95830016,46710784,42487784,40.52,4128362
1770208441127,6894.08,1827.66,95830016,46710784,42489296,40.52,4128362
1770208441228,6894.26,1827.77,95830016,46710784,42490736,40.52,4128362
1770208441329,6896.52,1829.16,96043008,46710784,42714464,40.74,4137892
1770208441430,6896.76,1829.31,96043008,46710784,42715928,40.74,4137892
1770208441532,6908.92,1831.82,96272384,46710784,43021672,41.03,4139230
1770208441633,6939.78,1834.48,95436800,46186496,42164728,40.21,4127024
1770208441734,6939.95,1834.53,95453184,46186496,42228600,40.27,4127024
1770208441834,6944.15,1836.32,95698944,46186496,42503552,40.53,4136554
1770208441935,6944.42,1836.48,95698944,46186496,42505016,40.54,4136554
1770208442037,6947.46,1838.39,95911936,46186496,42728472,40.75,4137892
1770208442138,6947.61,1838.49,95911936,46186496,42729936,40.75,4137892
1770208442239,6947.78,1838.59,95911936,46186496,42731376,40.75,4137892
1770208442340,6949.54,1839.81,96157696,46186496,42955136,40.97,4147422
1770208442441,6949.76,1839.92,96157696,46186496,42956600,40.97,4147422
1770208442542,6953.42,1842.07,96731136,49332224,42356512,40.39,4148760
1770208442643,6953.71,1842.18,96731136,49332224,42357976,40.40,4148760
1770208442744,6954.00,1842.34,96731136,49332224,42359416,40.40,4148760
1770208442845,6958.42,1844.23,96960512,49332224,42583176,40.61,4146084
1770208442946,6958.66,1844.39,96960512,49332224,42584640,40.61,4146084
1770208443047,6961.58,1846.16,97173504,49332224,42808120,40.83,4147422
1770208443148,6961.70,1846.25,97173504,49332224,42809560,40.83,4147422
1770208443249,6961.84,1846.33,97173504,49332224,42811000,40.83,4147422
1770208443350,6964.37,1848.05,97386496,49332224,43036992,41.04,4156952
1770208443452,6964.63,1848.20,97386496,49332224,43038456,41.04,4156952
1770208443553,6967.81,1850.06,97599488,49332224,43264336,41.26,4158290
1770208443654,6968.09,1850.20,97599488,49332224,43265800,41.26,4158290
1770208443756,6970.31,1851.33,97714176,49332224,43381048,41.37,4167153
1770208443857,6975.51,1852.11,97812480,49332224,43498168,41.48,4167820
1770208443958,6975.76,1852.22,97812480,49332224,43499632,41.48,4167820
1770208444059,6978.59,1854.16,98025472,49332224,43723040,41.70,4169158
1770208444160,6978.82,1854.29,98025472,49332224,43724504,41.70,4169158
1770208444261,6982.05,1856.23,98254848,49332224,43950744,41.91,4178688
1770208444362,6992.58,1856.31,98254848,49332224,43965848,41.93,4178688
1770208444463,6992.77,1856.40,98254848,49332224,43967288,41.93,4178688
1770208444564,7004.12,1858.39,98467840,49332224,44196480,42.15,4180026
1770208444665,7004.36,1858.51,98467840,49332224,44197944,42.15,4180026
1770208444766,7009.34,1860.40,98516992,49332224,42874344,40.89,4137892
1770208444867,7009.48,1860.46,98516992,49332224,42875784,40.89,4137892
1770208444968,7009.75,1860.61,98516992,49332224,42877224,40.89,4137892
1770208445069,7013.85,1862.37,98598912,49332224,43356648,41.35,4139230
1770208445170,7014.11,1862.50,98598912,49332224,43358112,41.35,4139230
1770208445270,7017.31,1864.76,98598912,49332224,43580864,41.56,4148760
1770208445371,7017.45,1864.82,98598912,49332224,43582304,41.56,4148760
1770208445472,7017.72,1864.92,98598912,49332224,43583744,41.56,4148760
1770208445573,7022.58,1866.83,98779136,49332224,43806432,41.78,4150098
1770208445674,7022.78,1866.94,98779136,49332224,43807896,41.78,4150098
1770208445774,7025.60,1868.62,99008512,49332224,44030456,41.99,4159628
1770208445875,7025.73,1868.67,99008512,49332224,44031920,41.99,4159628
1770208445976,7026.00,1868.81,99008512,49332224,44033360,41.99,4159628
1770208446077,7028.72,1870.54,99221504,49332224,44255544,42.21,4160966
1770208446178,7028.98,1870.69,99221504,49332224,44257008,42.21,4160966
1770208446279,7032.68,1872.49,99434496,49332224,44479344,42.42,4170496
1770208446380,7032.87,1872.61,99434496,49332224,44480808,42.42,4170496
1770208446481,7033.14,1872.77,99434496,49332224,44482248,42.42,4170496
1770208446582,7037.18,1874.62,99631104,49332224,43252584,41.25,4171834
1770208446683,7037.44,1874.79,99631104,49332224,43254048,41.25,4171834
1770208446784,7051.10,1876.85,99647488,49332224,43476560,41.46,4146751
1770208446885,7051.33,1876.97,99647488,49332224,43478024,41.46,4146751
1770208446986,7051.58,1877.12,99647488,49332224,43479464,41.47,4146751
1770208447087,7063.94,1879.87,99647488,49332224,43780288,41.75,4148089
1770208447188,7064.16,1879.99,99647488,49332224,43781752,41.75,4148089
1770208447289,7067.18,1882.11,99647488,49332224,44003264,41.96,4157619
1770208447389,7067.31,1882.20,99647488,49332224,44004728,41.97,4157619
1770208447490,7067.50,1882.32,99647488,49332224,44006168,41.97,4157619
1770208447591,7074.08,1884.09,99663872,49332224,44227352,42.18,4158957
1770208447692,7074.29,1884.22,99663872,49332224,44228816,42.18,4158957
1770208447792,7077.04,1885.99,99663872,49332224,44449568,42.39,4168487
1770208447893,7077.21,1886.08,99663872,49332224,44451032,42.39,4168487
1770208447993,7077.48,1886.22,99663872,49332224,44452472,42.39,4168487
1770208448094,7083.97,1887.93,99663872,49332224,44673312,42.60,4169825
1770208448195,7084.15,1888.05,99663872,49332224,44674776,42.61,4169825
1770208448296,7086.67,1889.61,99663872,49332224,44895512,42.82,4179355
1770208448397,7086.85,1889.71,99663872,49332224,44896976,42.82,4179355
1770208448499,7087.11,1889.85,99663872,49332224,44898416,42.82,4179355
1770208448600,7091.93,1891.78,99663872,49332224,43637408,41.62,4180693
1770208448701,7092.18,1891.91,99663872,49332224,43638872,41.62,4180693
1770208448802,7095.05,1893.83,99680256,49332224,43859608,41.83,4146751
1770208448903,7095.21,1893.94,99680256,49332224,43861048,41.83,4146751
1770208449004,7095.41,1894.05,99680256,49332224,43862488,41.83,4146751
1770208449105,7098.20,1895.74,99680256,49332224,44082968,42.04,4148089
1770208449207,7098.40,1895.86,99680256,49332224,44084408,42.04,4148089
1770208449308,7101.30,1897.62,99680256,49332224,44305192,42.25,4157619
1770208449409,7101.44,1897.69,99680256,49332224,44306632,42.25,4157619
1770208449510,7101.70,1897.85,99680256,49332224,44308072,42.26,4157619
1770208449611,7104.57,1899.33,99680256,49332224,44528616,42.47,4158957
1770208449712,7104.84,1899.50,99680256,49332224,44530056,42.47,4158957
1770208449813,7106.32,1900.89,99680256,49332224,44750792,42.68,4168487
1770208449914,7106.43,1900.95,99680256,49332224,44752232,42.68,4168487
1770208450015,7106.64,1901.10,99680256,49332224,44753672,42.68,4168487
1770208450116,7110.86,1903.17,99876864,49856512,43767416,41.74,4169825
1770208450217,7111.10,1903.30,99876864,49856512,43768856,41.74,4169825
1770208450318,7114.11,1905.20,99893248,49856512,43989600,41.95,4146084
1770208450419,7114.28,1905.28,99893248,49856512,43991040,41.95,4146084
1770208450520,7114.51,1905.41,99893248,49856512,43992480,41.95,4146084
1770208450621,7119.17,1907.25,99893248,49856512,44213392,42.17,4147422
1770208450722,7119.31,1907.32,99893248,49856512,44214832,42.17,4147422
1770208450823,7134.92,1909.30,99909632,49856512,44437696,42.38,4156952
1770208450924,7135.04,1909.36,99909632,49856512,44439136,42.38,4156952
1770208451025,7135.24,1909.50,99909632,49856512,44440576,42.38,4156952
1770208451126,7138.11,1911.35,99909632,49856512,44660728,42.59,4158290
1770208451227,7138.24,1911.44,99909632,49856512,44662168,42.59,4158290
1770208451328,7143.60,1913.25,99909632,49856512,44882568,42.80,4167820
1770208451429,7143.74,1913.33,99909632,49856512,44884008,42.80,4167820
1770208451529,7143.97,1913.48,99909632,49856512,44885448,42.81,4167820
1770208451630,7146.98,1915.58,99909632,49856512,45105776,43.02,4169158
1770208451732,7147.15,1915.67,99909632,49856512,45107216,43.02,4169158
1770208451833,7156.15,1917.61,99926016,49856512,45333416,43.23,4178688
1770208451934,7156.33,1917.72,99926016,49856512,45334856,43.23,4178688
1770208452035,7156.58,1917.86,99926016,49856512,45336296,43.24,4178688
1770208452136,7170.81,1920.34,100384768,54050816,44046920,42.01,4180026
1770208452238,7171.06,1920.48,100384768,54050816,44048368,42.01,4180026
1770208452339,7176.12,1922.19,100384768,54050816,44261344,42.21,4146751
1770208452440,7176.34,1922.32,100384768,54050816,44262792,42.21,4146751
1770208452542,7176.62,1922.48,100384768,54050816,44264240,42.21,4146751
1770208452643,7181.51,1924.27,100384768,54050816,44476672,42.42,4148089
1770208452744,7181.76,1924.39,100384768,54050816,44478120,42.42,4148089
1770208452845,7184.30,1926.13,100384768,54050816,44690032,42.62,4157619
1770208452946,7184.56,1926.29,100384768,54050816,44691480,42.62,4157619
1770208453047,7184.80,1926.41,100384768,54050816,44692928,42.62,4157619
1770208453148,7188.29,1928.29,100401152,54050816,44904624,42.82,4158957
1770208453249,7188.53,1928.41,100401152,54050816,44906072,42.83,4158957
1770208453350,7195.03,1930.28,100401152,54050816,45118176,43.03,4168487
1770208453451,7195.25,1930.41,100401152,54050816,45119624,43.03,4168487
1770208453552,7195.52,1930.56,100401152,54050816,45121072,43.03,4168487
1770208453653,7201.06,1932.78,100450304,54050816,45481768,43.37,4169825
1770208453753,7201.31,1932.91,100450304,54050816,45483216,43.38,4169825
1770208453854,7211.52,1934.85,100466688,54050816,45695752,43.58,4179355
1770208453955,7211.71,1934.97,100466688,54050816,45697200,43.58,4179355
1770208454056,7211.96,1935.12,100466688,54050816,45698648,43.58,4179355
1770208454157,7215.15,1937.22,100483072,54050816,45910224,43.78,4180693
1770208454258,7215.38,1937.37,100483072,54050816,45911672,43.78,4180693
1770208454359,7218.05,1939.16,100696064,54050816,46123424,43.99,4190223
1770208454460,7218.15,1939.24,100696064,54050816,46124896,43.99,4190223
1770208454561,7218.28,1939.33,100696064,54050816,46126344,43.99,4190223
1770208454663,7221.27,1941.48,100892672,54050816,46337928,44.19,4191561
1770208454764,7221.53,1941.64,100892672,54050816,46339400,44.19,4191561
1770208454865,7224.19,1943.32,101105664,54050816,46551200,44.39,4201091
1770208454966,7224.43,1943.44,101105664,54050816,46552672,44.40,4201091
1770208455067,7224.70,1943.57,101105664,54050816,46554120,44.40,4201091
1770208455168,7227.68,1945.48,101269504,54050816,46765648,44.60,4202429
1770208455269,7227.97,1945.66,101269504,54050816,46767120,44.60,4202429
1770208455370,7230.74,1947.76,101482496,54050816,46978936,44.80,4211959
1770208455471,7230.93,1947.87,101482496,54050816,46980408,44.80,4211959
1770208455572,7231.21,1948.02,101482496,54050816,46981856,44.81,4211959
1770208455673,7234.12,1949.83,101695488,54050816,47193392,45.01,4213297
1770208455774,7234.39,1949.96,101695488,54050816,47194864,45.01,4213297
1770208455875,7270.57,1952.69,101924864,54050816,47408184,45.21,4222827
1770208455976,7270.76,1952.80,101924864,54050816,47409656,45.21,4222827
1770208456076,7270.97,1952.94,101924864,54050816,47411104,45.21,4222827
1770208456177,7273.82,1954.95,102137856,54050816,47621360,45.42,4224165
1770208456278,7274.03,1955.07,102137856,54050816,47622832,45.42,4224165
1770208456379,7276.80,1956.93,102334464,54050816,47833168,45.62,4233695
1770208456479,7276.94,1957.03,102334464,54050816,47834640,45.62,4233695
1770208456580,7277.13,1957.14,102334464,54050816,47836088,45.62,4233695
1770208456681,7311.35,1961.33,97943552,48283648,45081008,42.99,4235033
1770208456782,7311.56,1961.46,97943552,48283648,45082472,42.99,4235033
1770208456883,7314.70,1963.57,97959936,48283648,45290008,43.19,4146751
1770208456984,7314.97,1963.73,97959936,48283648,45291472,43.19,4146751
1770208457084,7315.23,1963.88,97959936,48283648,45292912,43.19,4146751
1770208457184,7317.95,1965.71,97959936,48283648,45500296,43.39,4148089
1770208457285,7318.14,1965.82,97959936,48283648,45501736,43.39,4148089
1770208457387,7320.86,1967.48,97959936,48283648,45709312,43.59,4157619
1770208457488,7321.10,1967.60,97959936,48283648,45710752,43.59,4157619
1770208457589,7321.37,1967.73,97959936,48283648,45712192,43.59,4157619
1770208457690,7325.62,1970.14,97255424,48021504,45136560,43.05,4158957
1770208457791,7325.83,1970.26,97222656,48021504,45138000,43.05,4158957
1770208457892,7328.02,1971.96,97402880,48021504,45345600,43.24,4146751
1770208457993,7328.21,1972.08,97402880,48021504,45347040,43.25,4146751
1770208458094,7328.42,1972.21,97402880,48021504,45348480,43.25,4146751
1770208458195,7330.53,1974.22,97599488,48021504,45556064,43.45,4148089
1770208458296,7330.68,1974.29,97599488,48021504,45557504,43.45,4148089
1770208458397,7333.69,1976.43,97812480,48021504,45765088,43.64,4157619
1770208458497,7333.92,1976.55,97812480,48021504,45766528,43.65,4157619
1770208458601,7334.27,1976.77,97779712,48021504,45767968,43.65,4157619
1770208458702,7336.96,1978.70,98500608,51691520,45276200,43.18,4158957
1770208458803,7337.19,1978.84,98500608,51691520,45277640,43.18,4158957
1770208458904,7342.16,1980.38,98697216,51691520,45485696,43.38,4146751
1770208459005,7342.30,1980.48,98697216,51691520,45487136,43.38,4146751
1770208459107,7345.17,1981.58,98795520,51691520,45591976,43.48,4147422
1770208459208,7346.62,1982.31,98893824,51691520,45695872,43.58,4148089
1770208459309,7346.81,1982.43,98893824,51691520,45697312,43.58,4148089
1770208459410,7348.90,1984.37,99090432,51691520,45904592,43.78,4157619
1770208459511,7349.11,1984.47,99090432,51691520,45906032,43.78,4157619
1770208459611,7350.59,1985.46,99205120,51691520,46010736,43.88,4158290
1770208459712,7351.75,1986.36,99303424,51691520,46114416,43.98,4158957
1770208459813,7352.01,1986.51,99303424,51691520,46115856,43.98,4158957
1770208459914,7355.82,1988.36,99500032,51691520,46323536,44.18,4168487
1770208460015,7356.02,1988.50,99172352,51691520,46324976,44.18,4168487
1770208460116,7358.71,1990.47,99385344,51691520,46531960,44.38,4169825
1770208460217,7358.82,1990.53,99385344,51691520,46533400,44.38,4169825
1770208460318,7359.06,1990.65,99385344,51691520,46534840,44.38,4169825
1770208460418,7361.59,1992.42,99581952,51691520,46742344,44.58,4179355
1770208460519,7361.82,1992.55,99581952,51691520,46744024,44.58,4179355
1770208460619,7364.10,1994.38,99778560,51691520,46951120,44.78,4180693
1770208460719,7364.24,1994.47,99778560,51691520,46952560,44.78,4180693
1770208460821,7364.47,1994.60,99778560,51691520,46954000,44.78,4180693
1770208460922,7368.48,1996.65,100057088,51691520,45848840,43.72,4190223
1770208461023,7368.76,1996.81,100057088,51691520,45850288,43.73,4190223
1770208461123,7371.52,1998.52,100073472,51691520,46057352,43.92,4138559
1770208461224,7371.66,1998.59,100073472,51691520,46058824,43.93,4138559
1770208461325,7371.86,1998.71,100073472,51691520,46060272,43.93,4138559
1770208461426,7373.68,2000.16,99778560,51691520,46267600,44.12,4148089
1770208461527,7373.83,2000.23,99483648,51691520,46269040,44.13,4148089
1770208461628,7376.02,2002.33,99500032,51691520,46476032,44.32,4149427
1770208461729,7376.15,2002.41,99500032,51691520,46477496,44.32,4149427
1770208461830,7376.38,2002.55,99516416,51691520,46478936,44.33,4149427
1770208461931,7378.69,2004.35,99713024,51691520,46686152,44.52,4158957
1770208462032,7378.93,2004.48,99713024,51691520,46687592,44.52,4158957
1770208462154,7457.13,2012.03,116441088,70828032,56278896,53.67,4137225
1770208462255,7705.74,2021.26,148930560,99680256,77074824,73.50,4127691
1770208462356,7705.78,2021.30,148930560,99680256,77076296,73.51,4127691
1770208462457,7707.13,2022.39,148930560,99680256,77283520,73.70,4137221
1770208462558,7707.27,2022.49,148930560,99680256,77284992,73.70,4137221
1770208462659,7709.80,2024.09,148930560,99680256,77492000,73.90,4138559
1770208462759,7710.04,2024.24,148930560,99680256,77493472,73.90,4138559
1770208462859,7710.19,2024.32,148930560,99680256,77494920,73.90,4138559
1770208462961,7712.83,2026.10,148930560,99680256,77702216,74.10,4148089
1770208463062,7713.07,2026.24,148930560,99680256,77703688,74.10,4148089
1770208463163,7715.66,2027.82,148930560,99680256,77910696,74.30,4149427
1770208463264,7715.88,2027.94,148930560,99680256,77912168,74.30,4149427
1770208463364,7716.14,2028.09,148930560,99680256,77913616,74.30,4149427
1770208463464,7721.59,2030.19,148946944,99680256,78120904,74.50,4158957
1770208463565,7721.86,2030.46,148946944,99680256,78122376,74.50,4158957
1770208463666,7724.60,2033.40,148946944,99680256,78329432,74.70,4160295
1770208463767,7724.74,2033.48,148946944,99680256,78330904,74.70,4160295
1770208463868,7724.90,2033.60,148946944,99680256,78332352,74.70,4160295
1770208463969,7730.47,2036.22,150061056,100990976,66115544,63.05,4169825
1770208464070,7730.59,2036.31,150061056,100990976,66117032,63.05,4169825
1770208464171,7732.62,2037.89,150061056,100990976,66324224,63.25,4138559
1770208464271,7732.77,2038.01,150061056,100990976,66325688,63.25,4138559
1770208464373,7732.91,2038.09,150061056,100990976,66327152,63.25,4138559
1770208464474,7734.90,2039.76,150061056,100990976,66534448,63.45,4148089
1770208464575,7735.06,2039.87,150061056,100990976,66535912,63.45,4148089
1770208464675,7740.80,2041.31,150077440,100990976,66744616,63.65,4149427
1770208464777,7740.96,2041.41,150077440,100990976,66746080,63.65,4149427
1770208464878,7741.24,2041.59,150077440,100990976,66747544,63.66,4149427
1770208464979,7744.48,2043.47,150077440,100990976,66954464,63.85,4158957
1770208465080,7744.74,2043.59,150077440,100990976,66955928,63.85,4158957
1770208465181,7747.54,2045.46,150093824,100990976,67162784,64.05,4160295
1770208465282,7747.86,2045.65,150093824,100990976,67164248,64.05,4160295
1770208465383,7748.12,2045.81,150093824,100990976,67165712,64.05,4160295
1770208465485,7750.73,2047.49,150093824,100990976,67372880,64.25,4169825
1770208465586,7750.93,2047.61,150093824,100990976,67374344,64.25,4169825
1770208465687,7752.50,2049.06,150093824,100990976,67581024,64.45,4171163
1770208465788,7754.01,2049.14,150093824,100990976,67582760,64.45,4171163
1770208465889,7754.20,2049.27,150093824,100990976,67584224,64.45,4171163
1770208465990,7756.43,2051.06,150093824,100990976,67791160,64.65,4180693
1770208466091,7756.65,2051.19,150093824,100990976,67792648,64.65,4180693
1770208466192,7759.80,2053.24,150093824,100990976,67999440,64.85,4182031
1770208466293,7760.07,2053.42,150093824,100990976,68000928,64.85,4182031
1770208466394,7760.34,2053.59,150093824,100990976,68002392,64.85,4182031
1770208466495,7762.96,2055.42,150093824,100990976,68209360,65.05,4191561
1770208466596,7763.22,2055.57,150093824,100990976,68210848,65.05,4191561
1770208466697,7765.36,2057.32,150110208,100990976,68417560,65.25,4192899
1770208466798,7765.61,2057.48,150110208,100990976,68419048,65.25,4192899
1770208466899,7765.84,2057.62,150110208,100990976,68420512,65.25,4192899
1770208466999,7768.65,2059.48,150110208,100990976,68627624,65.45,4202429
1770208467101,7768.76,2059.56,150110208,100990976,68629112,65.45,4202429
1770208467202,7770.54,2060.97,150110208,100990976,68835848,65.65,4203767
1770208467303,7770.70,2061.06,150110208,100990976,68837336,65.65,4203767
1770208467407,7772.68,2062.27,150110208,100990976,68942376,65.75,4212630
1770208467508,7773.72,2063.01,150126592,100990976,69045928,65.85,4213297
1770208467608,7773.95,2063.13,150126592,100990976,69047416,65.85,4213297
1770208467709,7775.54,2064.60,150093824,100990976,69254136,66.05,4214635
1770208467810,7775.66,2064.68,150077440,100990976,69255624,66.05,4214635
1770208467910,7778.73,2066.54,150077440,100990976,69462568,66.24,4224165
1770208468010,7780.85,2066.62,150077440,100990976,69464168,66.25,4224165
1770208468112,7780.98,2066.72,150077440,100990976,69465632,66.25,4224165
1770208468212,7783.02,2068.35,150077440,100990976,69672448,66.44,4225503
1770208468312,7783.14,2068.44,150077440,100990976,69673936,66.45,4225503
1770208468414,7784.94,2069.75,150077440,100990976,69778736,66.55,4234366
1770208468515,7785.90,2070.44,150077440,100990976,69882336,66.64,4235033
1770208468615,7786.00,2070.50,150077440,100990976,69883824,66.65,4235033
1770208468717,7788.13,2072.22,150093824,100990976,70090512,66.84,4236371
1770208468818,7788.27,2072.30,150093824,100990976,70092000,66.84,4236371
1770208468918,7790.35,2073.97,150093824,100990976,70298944,67.04,4245901
1770208469019,7790.51,2074.04,150093824,100990976,70300432,67.04,4245901
1770208469119,7795.91,2074.31,150093824,100990976,70302176,67.05,4245901
1770208469220,7797.58,2075.96,150093824,100990976,70508904,67.24,4247239
1770208469321,7797.68,2076.03,150093824,100990976,70510392,67.24,4247239
1770208469421,7799.60,2077.66,150093824,100990976,70717376,67.44,4256769
1770208469522,7799.69,2077.71,150093824,100990976,70718864,67.44,4256769
1770208469623,7799.82,2077.81,150093824,100990976,70720328,67.44,4256769
1770208469724,7802.95,2079.95,150093824,100990976,70927080,67.64,4258107
1770208469825,7803.20,2080.11,150093824,100990976,70928568,67.64,4258107
1770208469925,7805.61,2081.83,150093824,100990976,71146152,67.85,4267637
1770208470026,7805.71,2081.92,150093824,100990976,71147640,67.85,4267637
1770208470126,7805.85,2082.03,150093824,100990976,71149104,67.85,4267637
1770208470228,7807.56,2083.77,150093824,100990976,71355864,68.05,4268975
1770208470328,7867.34,2094.09,108773376,59293696,42609072,40.64,4127024
1770208470428,7869.93,2095.68,108773376,59293696,43092728,41.10,4136554
1770208470529,7870.01,2095.73,108773376,59293696,43094200,41.10,4136554
1770208470629,7870.16,2095.80,108773376,59293696,43095648,41.10,4136554
1770208470730,7873.48,2097.88,108773376,59293696,43317600,41.31,4137892
1770208470831,7873.63,2097.96,108773376,59293696,43319072,41.31,4137892
1770208470931,7955.56,2106.75,95666176,46710784,42692144,40.71,4136554
1770208471032,7955.66,2106.80,95666176,46710784,42693656,40.72,4136554
1770208471133,7955.88,2106.97,95666176,46710784,42695096,40.72,4136554
1770208471235,7960.01,2108.98,95879168,46710784,42982600,40.99,4137892
1770208471336,7960.12,2109.05,95879168,46710784,42984064,40.99,4137892
1770208471436,7965.75,2110.80,96108544,46710784,43206600,41.21,4147422
1770208471538,8024.08,2113.90,95420416,46448640,42444312,40.48,4127024
1770208471640,8024.20,2113.96,95420416,46448640,42445824,40.48,4127024
1770208471741,8030.31,2115.46,95682560,46448640,42689408,40.71,4128362
1770208471842,8030.41,2115.52,95666176,46448640,42690872,40.71,4128362
1770208471943,8032.75,2117.19,95879168,46448640,42912376,40.92,4137892
1770208472044,8032.98,2117.35,95895552,46448640,42913840,40.93,4137892
1770208472146,8033.20,2117.51,95895552,46448640,42915280,40.93,4137892
1770208472247,8035.01,2118.97,96108544,46448640,43136464,41.14,4139230
1770208472348,8035.15,2119.07,96108544,46448640,43137928,41.14,4139230
1770208472449,8039.92,2121.01,96681984,49594368,42518808,40.55,4148760
1770208472550,8040.14,2121.13,96681984,49594368,42520272,40.55,4148760
1770208472650,8040.40,2121.29,96681984,49594368,42521712,40.55,4148760
1770208472752,8043.34,2123.15,96911360,49594368,42743184,40.76,4138559
1770208472853,8043.57,2123.24,96911360,49594368,42744648,40.76,4138559
1770208472954,8046.13,2124.99,97124352,49594368,42969304,40.98,4148089
1770208473055,8046.30,2125.09,97124352,49594368,42970768,40.98,4148089
1770208473155,8046.51,2125.22,97124352,49594368,42972208,40.98,4148089
1770208473255,8049.61,2127.01,97337344,49594368,43193416,41.19,4149427
1770208473356,8049.79,2127.13,97337344,49594368,43194880,41.19,4149427
1770208473457,8052.73,2129.13,97550336,49594368,43419624,41.41,4158957
1770208473558,8052.88,2129.24,97550336,49594368,43421088,41.41,4158957
1770208473659,8053.06,2129.34,97550336,49594368,43422528,41.41,4158957
1770208473760,8055.91,2131.29,97746944,49594368,43646752,41.62,4160295
1770208473861,8056.11,2131.43,97763328,49594368,43648216,41.63,4160295
1770208473962,8058.87,2133.21,97976320,49594368,43874208,41.84,4169825
1770208474063,8059.02,2133.28,97976320,49594368,43875672,41.84,4169825
1770208474164,8059.26,2133.43,97992704,49594368,43877112,41.84,4169825
1770208474265,8062.70,2135.26,98189312,49594368,42777344,40.80,4171163
1770208474366,8062.90,2135.37,98189312,49594368,42778808,40.80,4171163
1770208474467,8067.09,2137.36,98189312,49594368,43007864,41.02,4146084
1770208474568,8067.23,2137.47,98189312,49594368,43009328,41.02,4146084
1770208474669,8067.39,2137.57,98189312,49594368,43010768,41.02,4146084
1770208474770,8070.20,2139.25,98189312,49594368,43231952,41.23,4147422
1770208474871,8070.47,2139.42,98189312,49594368,43233416,41.23,4147422
1770208474972,8074.46,2141.21,98271232,49594368,43699208,41.67,4156952
1770208475073,8074.61,2141.29,98271232,49594368,43700672,41.68,4156952
1770208475174,8074.84,2141.45,98271232,49594368,43702112,41.68,4156952
1770208475275,8077.43,2143.22,98451456,49594368,43923448,41.89,4158290
1770208475375,8077.58,2143.33,98451456,49594368,43924912,41.89,4158290
1770208475476,8081.72,2145.16,98648064,49594368,44146480,42.10,4167820
1770208475577,8081.83,2145.24,98664448,49594368,44147944,42.10,4167820
1770208475678,8082.01,2145.34,98664448,49594368,44149384,42.10,4167820
1770208475779,8084.37,2147.41,98861056,49594368,44370216,42.31,4169158
1770208475880,8084.50,2147.51,98877440,49594368,44371680,42.32,4169158
1770208475981,8087.05,2149.10,99090432,49594368,44592744,42.53,4178688
1770208476082,8087.18,2149.19,99090432,49594368,44594208,42.53,4178688
1770208476182,8087.29,2149.27,99090432,49594368,44595648,42.53,4178688
1770208476284,8090.99,2150.98,99287040,49594368,43321672,41.31,4180026
1770208476386,8091.18,2151.08,99287040,49594368,43323136,41.32,4180026
1770208476487,8094.36,2153.00,99287040,49594368,43544216,41.53,4146751
1770208476588,8094.50,2153.11,99287040,49594368,43545680,41.53,4146751
1770208476689,8094.62,2153.20,99287040,49594368,43547120,41.53,4146751
1770208476790,8105.26,2155.05,99287040,49594368,43768368,41.74,4148089
1770208476891,8105.41,2155.16,99287040,49594368,43769808,41.74,4148089
1770208476991,8117.63,2157.06,99319808,49594368,43992784,41.95,4157619
1770208477092,8117.74,2157.13,99319808,49594368,43994248,41.96,4157619
1770208477192,8117.86,2157.20,99319808,49594368,43995688,41.96,4157619
1770208477292,8119.63,2159.06,99319808,49594368,44215768,42.17,4158957
1770208477393,8119.81,2159.19,99319808,49594368,44217208,42.17,4158957
1770208477494,8122.50,2160.78,99319808,49594368,44437576,42.38,4168487
1770208477595,8122.63,2160.87,99319808,49594368,44439040,42.38,4168487
1770208477695,8122.76,2160.96,99319808,49594368,44440480,42.38,4168487
1770208477797,8125.26,2162.83,99319808,49594368,44660616,42.59,4169825
1770208477898,8125.52,2163.02,99319808,49594368,44662056,42.59,4169825
1770208477999,8132.17,2165.35,99483648,49594368,44882560,42.80,4179355
1770208478100,8132.29,2165.42,99483648,49594368,44884024,42.80,4179355
1770208478201,8132.44,2165.52,99483648,49594368,44885464,42.81,4179355
1770208478302,8135.33,2167.43,96452608,46448640,43479872,41.47,4180693
1770208478404,8135.47,2167.53,96452608,46448640,43481336,41.47,4180693
1770208478505,8136.97,2168.65,96452608,46448640,43701688,41.68,4146751
1770208478606,8137.12,2168.72,96452608,46448640,43703128,41.68,4146751
1770208478707,8137.36,2168.86,96452608,46448640,43704568,41.68,4146751
1770208478808,8140.09,2170.61,96452608,46448640,43924728,41.89,4148089
1770208478909,8140.30,2170.72,96452608,46448640,43926168,41.89,4148089
1770208479009,8143.19,2172.55,96452608,46448640,44146496,42.10,4157619
1770208479109,8143.35,2172.66,96452608,46448640,44147936,42.10,4157619
1770208479210,8143.58,2172.80,96452608,46448640,44149376,42.10,4157619
1770208479311,8147.73,2174.98,96862208,49856512,43529184,41.51,4137892
1770208479412,8147.90,2175.08,96862208,49856512,43530624,41.51,4137892
1770208479513,8150.54,2176.60,97058816,49856512,43751000,41.72,4147422
1770208479614,8150.77,2176.73,97058816,49856512,43752440,41.73,4147422
1770208479716,8150.99,2176.89,97075200,49856512,43753880,41.73,4147422
1770208479816,8153.46,2178.67,97288192,49856512,43974032,41.94,4148760
1770208479918,8153.61,2178.79,97288192,49856512,43975472,41.94,4148760
1770208480019,8156.48,2180.60,97501184,49856512,44195800,42.15,4158290
1770208480120,8156.62,2180.70,97501184,49856512,44197240,42.15,4158290
1770208480220,8156.73,2180.78,97501184,49856512,44198680,42.15,4158290
1770208480322,8158.75,2182.32,97714176,49856512,44418768,42.36,4159628
1770208480423,8158.96,2182.47,97714176,49856512,44420232,42.36,4159628
1770208480524,8163.01,2184.20,97927168,49856512,44640928,42.57,4169158
1770208480625,8163.20,2184.30,97927168,49856512,44642368,42.57,4169158
1770208480726,8163.41,2184.39,97927168,49856512,44643808,42.58,4169158
1770208480827,8174.99,2186.83,98156544,49856512,44864080,42.79,4170496
1770208480928,8175.19,2186.95,98156544,49856512,44865544,42.79,4170496
1770208481029,8181.44,2188.69,98369536,49856512,45085632,43.00,4180026
1770208481131,8181.56,2188.78,98369536,49856512,45087072,43.00,4180026
1770208481232,8181.71,2188.88,98369536,49856512,45088512,43.00,4180026
1770208481333,8184.80,2190.90,98582528,49856512,45307952,43.21,4181364
1770208481433,8185.05,2191.03,98582528,49856512,45309416,43.21,4181364
1770208481535,8189.11,2194.07,96518144,46710784,43560720,41.54,4137892
1770208481636,8189.26,2194.17,96518144,46710784,43562160,41.54,4137892
1770208481736,8189.43,2194.27,96518144,46710784,43563600,41.55,4137892
1770208481838,8194.49,2195.93,96518144,46710784,43783152,41.75,4139230
1770208481939,8194.63,2196.02,96518144,46710784,43784592,41.76,4139230
1770208482041,8206.82,2197.87,96550912,46710784,44004752,41.97,4148760
1770208482143,8206.91,2197.95,96550912,46710784,44006192,41.97,4148760
1770208482244,8207.05,2198.05,96550912,46710784,44007632,41.97,4148760
1770208482345,8213.16,2199.74,96567296,46710784,44224664,42.18,4150098
1770208482445,8213.34,2199.86,96567296,46710784,44226128,42.18,4150098
1770208482546,8218.67,2201.74,95715328,46710784,43490448,41.48,4159628
1770208482647,8218.83,2201.85,95715328,46710784,43491888,41.48,4159628
1770208482749,8220.21,2202.73,95813632,46710784,43601016,41.58,4137892
1770208482850,8221.51,2203.36,95911936,46710784,43709144,41.68,4138559
1770208482952,8221.68,2203.46,95911936,46710784,43710584,41.69,4138559
1770208483053,8224.11,2205.13,96124928,46710784,43926712,41.89,4148089
1770208483153,8224.24,2205.23,96124928,46710784,43928152,41.89,4148089
1770208483254,8226.02,2206.16,96239616,46710784,44037280,42.00,4148760
1770208483355,8234.10,2206.91,96354304,46710784,44145552,42.10,4149427
1770208483456,8234.23,2207.01,96354304,46710784,44146992,42.10,4149427
1770208483557,8237.41,2208.61,96600064,46710784,44568856,42.50,4158957
1770208483658,8237.60,2208.72,96600064,46710784,44570296,42.51,4158957
1770208483758,8240.44,2210.11,95764480,46710784,43711096,41.69,4159628
1770208483859,8247.46,2210.88,95895552,46710784,43817120,41.79,4137892
1770208483959,8247.65,2211.03,95895552,46710784,43818560,41.79,4137892
1770208484060,8249.74,2212.85,96108544,46710784,44030224,41.99,4147422
1770208484160,8249.82,2212.91,96108544,46710784,44031664,41.99,4147422
1770208484261,8254.56,2214.70,96305152,46710784,44243072,42.19,4148760
1770208484362,8259.13,2214.84,96305152,46710784,44245192,42.20,4148760
1770208484463,8259.27,2214.96,96321536,46710784,44246632,42.20,4148760
1770208484564,8268.87,2216.77,96534528,46710784,44459224,42.40,4158290
1770208484665,8269.08,2216.91,96534528,46710784,44460664,42.40,4158290
1770208484765,8272.54,2219.04,95813632,46972928,43718200,41.69,4159628
1770208484867,8272.63,2219.11,95813632,46972928,43719640,41.69,4159628
1770208484968,8272.74,2219.17,95813632,46972928,43721080,41.70,4159628
1770208485069,8285.35,2220.99,96010240,46972928,44057256,42.02,4146751
1770208485170,8285.48,2221.09,96010240,46972928,44058696,42.02,4146751
1770208485271,8287.38,2222.84,96206848,46972928,44269728,42.22,4148089
1770208485372,8287.49,2222.94,96223232,46972928,44271168,42.22,4148089
1770208485474,8287.65,2223.04,96223232,46972928,44272608,42.22,4148089
1770208485575,8290.47,2225.03,96436224,46972928,44483840,42.42,4157619
1770208485676,8290.63,2225.12,96436224,46972928,44485280,42.42,4157619
1770208485777,8292.77,2226.82,96665600,46972928,44696304,42.63,4158957
1770208485877,8292.92,2226.90,96665600,46972928,44697744,42.63,4158957
1770208485978,8293.15,2227.04,96665600,46972928,44699184,42.63,4158957
1770208486080,8314.18,2229.05,95977472,47235072,43946736,41.91,4137892
1770208486181,8314.34,2229.14,95977472,47235072,43948176,41.91,4137892
1770208486282,8319.86,2230.94,96174080,47235072,44158072,42.11,4139230
1770208486381,8319.99,2231.03,96174080,47235072,44159512,42.11,4139230
1770208486483,8320.13,2231.13,96190464,47235072,44160952,42.12,4139230
1770208486583,8342.24,2233.13,96403456,47235072,44371648,42.32,4148760
1770208486685,8342.35,2233.21,96403456,47235072,44373088,42.32,4148760
1770208486785,8343.76,2234.34,96124928,47235072,44580080,42.51,4150098
1770208486886,8343.85,2234.39,95993856,47235072,44581520,42.52,4150098
1770208486987,8343.98,2234.45,95993856,47235072,44582960,42.52,4150098
1770208487088,8344.98,2235.23,95223808,47235072,43811416,41.78,4159628
1770208487189,8345.14,2235.30,95223808,47235072,43812856,41.78,4159628
1770208487290,8347.85,2237.22,95436800,47235072,44019768,41.98,4137892
1770208487391,8348.01,2237.32,95436800,47235072,44021208,41.98,4137892
1770208487491,8348.19,2237.44,95436800,47235072,44022648,41.98,4137892
1770208487591,8350.55,2239.16,95633408,47235072,44229992,42.18,4147422
1770208487692,8350.75,2239.24,95633408,47235072,44231432,42.18,4147422
1770208487793,8362.97,2240.78,95092736,47235072,44439176,42.38,4148760
1770208487893,8363.17,2240.89,95092736,47235072,44440616,42.38,4148760
1770208487994,8363.41,2241.06,95092736,47235072,44442056,42.38,4148760
1770208488094,8366.03,2242.92,95289344,47235072,44649256,42.58,4158290
1770208488195,8366.27,2243.05,95289344,47235072,44650696,42.58,4158290
1770208488296,8369.17,2245.28,94568448,47235072,43899488,41.87,4159628
1770208488396,8369.32,2245.36,94568448,47235072,43900928,41.87,4159628
1770208488497,8369.57,2245.53,94584832,47235072,43902368,41.87,4159628
1770208488598,8372.14,2247.57,94765056,47235072,44109560,42.07,4146751
1770208488699,8372.35,2247.70,94781440,47235072,44111000,42.07,4146751
1770208488800,8375.44,2249.47,94978048,47235072,44318200,42.27,4148089
1770208488900,8375.53,2249.53,94994432,47235072,44319640,42.27,4148089
1770208489001,8375.65,2249.62,94994432,47235072,44321080,42.27,4148089
1770208489102,8377.58,2251.25,95191040,47235072,44528216,42.47,4157619
1770208489203,8377.75,2251.34,95191040,47235072,44529656,42.47,4157619
1770208489304,8384.13,2252.92,95404032,47235072,44737200,42.66,4158957
1770208489405,8384.25,2253.00,95404032,47235072,44738640,42.67,4158957
1770208489506,8384.44,2253.11,95404032,47235072,44740080,42.67,4158957
1770208489606,8387.74,2255.25,94683136,47235072,43978656,41.94,4137892
1770208489708,8387.98,2255.40,94683136,47235072,43980096,41.94,4137892
1770208489809,8391.65,2256.95,94879744,47235072,44187320,42.14,4139230
