timestamp,cpu_user,cpu_system,rss,heapTotal,heapUsed,heapUsedMB,external
1770210555606,283.65,78.37,155222016,70828032,46485216,44.33,4119532
1770210555707,283.76,78.41,155222016,70828032,46490024,44.34,4119588
1770210555808,284.29,78.48,155238400,70828032,46519688,44.36,4119588
1770210555909,284.50,78.53,155254784,70828032,46522056,44.37,4119588
1770210556010,284.98,78.60,155254784,70828032,46525032,44.37,4119588
1770210556111,285.21,78.69,155254784,70828032,46527464,44.37,4119588
1770210556212,285.42,78.76,155254784,70828032,46529768,44.37,4119588
1770210556312,285.75,78.88,155254784,70828032,46532072,44.38,4119588
1770210556413,286.15,79.00,155254784,70828032,46534376,44.38,4119588
1770210556514,287.14,79.14,155254784,70828032,46536776,44.38,4119588
1770210556615,287.61,79.31,155271168,70828032,46539176,44.38,4119588
1770210556716,287.95,79.46,155271168,70828032,46541304,44.39,4119588
1770210556816,288.30,79.61,155271168,70828032,46543352,44.39,4119588
1770210556917,288.65,79.73,155271168,70828032,46545400,44.39,4119588
1770210557018,289.05,79.89,155271168,70828032,46547448,44.39,4119588
1770210557119,289.36,80.04,155271168,70828032,46549496,44.39,4119588
1770210557219,294.12,80.81,155598848,71090176,47126040,44.94,4129114
1770210557320,294.26,80.85,155598848,71090176,47128112,44.94,4129114
1770210557422,294.43,80.91,155598848,71090176,47130160,44.95,4129114
1770210557523,301.05,82.98,155828224,71352320,47633648,45.43,4130448
1770210557624,301.43,83.13,155828224,71352320,47635720,45.43,4130448
1770210557725,306.94,84.89,155893760,71352320,47918432,45.70,4139974
1770210557826,307.28,85.00,155893760,71352320,47920504,45.70,4139974
1770210557927,307.64,85.16,155893760,71352320,47922552,45.70,4139974
1770210558027,313.33,87.22,155942912,71614464,48233600,46.00,4141308
1770210558129,313.70,87.38,155942912,71614464,48235672,46.00,4141308
1770210558230,319.43,89.44,156041216,71614464,48513968,46.27,4150834
1770210558331,319.71,89.57,156041216,71614464,48516040,46.27,4150834
1770210558433,320.10,89.72,156041216,71614464,48518088,46.27,4150834
1770210558533,330.56,92.12,156385280,71876608,49173584,46.90,4152168
1770210558635,330.84,92.26,156385280,71876608,49175656,46.90,4152168
1770210558735,335.97,94.22,156385280,71876608,49453104,47.16,4161694
1770210558836,336.64,94.38,156385280,71876608,49459040,47.17,4161694
1770210558937,336.97,94.53,156385280,71876608,49461088,47.17,4161694
1770210559038,341.17,96.51,156418048,71876608,49738424,47.43,4163028
1770210559139,341.51,96.63,156418048,71876608,49740496,47.44,4163028
1770210559240,345.66,98.68,156450816,71876608,50018080,47.70,4172554
1770210559341,345.91,98.79,156450816,71876608,50020200,47.70,4172554
1770210559442,346.19,98.91,156450816,71876608,50022264,47.70,4172554
1770210559543,350.34,100.90,156467200,71876608,50299544,47.97,4173888
1770210559644,350.54,100.99,156467200,71876608,50301632,47.97,4173888
1770210559745,363.34,105.21,164052992,80003072,45905496,43.78,4183416
1770210559845,363.56,105.30,164052992,80003072,45907584,43.78,4183416
1770210559946,363.89,105.45,164052992,80003072,45909648,43.78,4183416
1770210560047,367.67,107.13,164052992,80003072,46187152,44.05,4125338
1770210560148,367.86,107.19,164052992,80003072,46189240,44.05,4125338
1770210560249,373.24,109.14,164052992,80003072,46467024,44.31,4134866
1770210560350,373.48,109.25,164052992,80003072,46469112,44.32,4134866
1770210560451,373.70,109.37,164052992,80003072,46471176,44.32,4134866
1770210560552,374.94,110.16,164052992,80003072,46748568,44.58,4136202
1770210560653,375.09,110.22,164052992,80003072,46750656,44.58,4136202
1770210560753,378.90,112.02,164052992,80003072,47028280,44.85,4145730
1770210560855,379.15,112.12,164052992,80003072,47030368,44.85,4145730
1770210560956,379.49,112.28,164052992,80003072,47032432,44.85,4145730
1770210561058,382.83,114.09,164085760,80003072,47309856,45.12,4147066
1770210561158,383.00,114.15,164085760,80003072,47311944,45.12,4147066
1770210561260,389.11,116.11,164085760,80003072,47589920,45.39,4156594
1770210561360,389.37,116.25,164085760,80003072,47592008,45.39,4156594
1770210561461,389.63,116.40,164085760,80003072,47594072,45.39,4156594
1770210561561,392.17,117.97,164085760,80003072,47871464,45.65,4157930
1770210561662,392.44,118.07,164085760,80003072,47873552,45.66,4157930
1770210561763,396.39,119.91,164085760,80003072,48151272,45.92,4167458
1770210561865,396.67,120.02,164085760,80003072,48153360,45.92,4167458
1770210561966,397.00,120.17,164085760,80003072,48155424,45.92,4167458
1770210562066,403.64,121.99,164167680,80003072,48433024,46.19,4168794
1770210562167,403.94,122.11,164167680,80003072,48435112,46.19,4168794
1770210562268,407.74,124.04,164167680,80003072,48712736,46.46,4178322
1770210562369,408.01,124.16,164167680,80003072,48714824,46.46,4178322
1770210562470,408.36,124.29,164167680,80003072,48716888,46.46,4178322
1770210562571,412.95,126.01,164167680,80003072,49015280,46.74,4179658
1770210562672,413.25,126.13,164167680,80003072,49017368,46.75,4179658
1770210562773,417.11,128.15,164184064,80003072,49294984,47.01,4189186
1770210562874,417.38,128.27,164184064,80003072,49297072,47.01,4189186
1770210562975,417.68,128.41,164184064,80003072,49299136,47.02,4189186
1770210563076,423.11,130.20,164216832,80003072,49576464,47.28,4190522
1770210563176,423.43,130.32,164216832,80003072,49578552,47.28,4190522
1770210563277,429.25,132.30,164216832,80003072,49856168,47.55,4200050
1770210563378,429.50,132.41,164216832,80003072,49858256,47.55,4200050
1770210563479,429.76,132.53,164216832,80003072,49860320,47.55,4200050
1770210563580,433.08,134.04,164216832,80003072,50137728,47.82,4201386
1770210563681,487.43,140.89,132186112,46710784,39677688,37.84,4118831
1770210563782,493.71,142.37,132186112,46710784,40045968,38.19,4128359
1770210563882,493.96,142.48,132186112,46710784,40048024,38.19,4128359
1770210563984,494.23,142.59,132186112,46710784,40050056,38.19,4128359
1770210564086,498.74,144.64,132186112,46710784,40325800,38.46,4129695
1770210564186,499.06,144.76,132186112,46710784,40327856,38.46,4129695
1770210564287,576.18,152.39,127795200,43302912,39799040,37.96,4128359
1770210564389,576.44,152.49,127795200,43302912,39801144,37.96,4128359
1770210564489,576.75,152.63,127795200,43302912,39803176,37.96,4128359
1770210564590,583.68,154.66,128073728,43302912,40275760,38.41,4129695
1770210564690,583.96,154.76,128073728,43302912,40277768,38.41,4129695
1770210564791,586.77,156.31,128352256,43302912,40542656,38.66,4139223
1770210564892,655.03,159.29,127664128,42778624,39649424,37.81,4118831
1770210564993,655.32,159.40,127664128,42778624,39654240,37.82,4118831
1770210565094,664.62,161.15,127959040,42778624,40011312,38.16,4120167
1770210565195,664.91,161.28,127959040,42778624,40013320,38.16,4120167
1770210565297,668.08,163.07,128221184,42778624,40269752,38.40,4129695
1770210565396,668.33,163.16,128221184,42778624,40271760,38.41,4129695
1770210565497,668.62,163.29,128221184,42778624,40273744,38.41,4129695
1770210565598,672.68,165.28,128466944,42778624,40529872,38.65,4131031
1770210565699,672.97,165.42,128466944,42778624,40531880,38.65,4131031
1770210565800,679.21,167.11,129056768,45924352,39923888,38.07,4129695
1770210565901,679.45,167.21,129056768,45924352,39925872,38.08,4129695
1770210566002,679.74,167.33,129056768,45924352,39927856,38.08,4129695
1770210566104,685.23,169.38,129302528,45924352,40182424,38.32,4131031
1770210566205,685.55,169.54,129302528,45924352,40184408,38.32,4131031
1770210566307,692.23,171.34,129630208,45924352,40573104,38.69,4140559
1770210566408,692.37,171.41,129630208,45924352,40575112,38.70,4140559
1770210566511,693.97,172.41,129761280,45924352,40702752,38.82,4141229
1770210566613,694.84,173.10,129875968,45924352,40829528,38.94,4141895
1770210566714,694.98,173.16,129875968,45924352,40831536,38.94,4141895
1770210566815,697.78,175.06,130121728,45924352,41084096,39.18,4151423
1770210566917,698.02,175.16,130121728,45924352,41086104,39.18,4151423
1770210567016,701.16,177.15,130351104,45924352,41338520,39.42,4152759
1770210567117,701.33,177.22,130351104,45924352,41340528,39.43,4152759
1770210567218,701.61,177.37,130367488,45924352,41342512,39.43,4152759
1770210567319,705.38,179.14,130629632,45924352,41601728,39.67,4162287
1770210567421,705.67,179.28,130629632,45924352,41603736,39.68,4162287
1770210567520,711.56,181.16,130777088,45924352,40206304,38.34,4163623
1770210567621,711.75,181.22,130777088,45924352,40208312,38.35,4163623
1770210567722,712.08,181.35,130777088,45924352,40210296,38.35,4163623
1770210567823,715.27,183.02,130826240,46186496,40720728,38.83,4138553
1770210567924,715.59,183.15,130826240,46186496,40722736,38.84,4138553
1770210568025,718.95,185.18,130826240,46186496,40975104,39.08,4139889
1770210568126,719.14,185.25,130826240,46186496,40977112,39.08,4139889
1770210568227,719.46,185.39,130826240,46186496,40979096,39.08,4139889
1770210568328,733.77,187.68,131072000,46186496,41232976,39.32,4149417
1770210568429,734.05,187.83,131088384,46186496,41234984,39.32,4149417
1770210568530,737.25,189.80,131317760,46186496,41483840,39.56,4150753
1770210568631,737.42,189.86,131317760,46186496,41485848,39.56,4150753
1770210568732,737.69,189.97,131317760,46186496,41487832,39.57,4150753
1770210568832,742.75,192.09,131579904,46186496,41737080,39.80,4160281
1770210568932,743.06,192.22,131579904,46186496,41739088,39.81,4160281
1770210569032,746.50,194.13,131825664,46186496,41987984,40.04,4161617
1770210569134,746.65,194.19,131825664,46186496,41989992,40.04,4161617
1770210569234,746.91,194.32,131842048,46186496,41991976,40.05,4161617
1770210569335,752.64,196.28,131973120,46186496,40744712,38.86,4171145
1770210569436,752.96,196.41,131973120,46186496,40746720,38.86,4171145
1770210569536,760.11,198.27,131989504,46186496,40996064,39.10,4130361
1770210569637,760.29,198.34,131989504,46186496,40998072,39.10,4130361
1770210569738,760.58,198.47,131989504,46186496,41000056,39.10,4130361
1770210569840,764.44,200.33,132005888,46186496,41244288,39.33,4139889
1770210569941,764.75,200.46,132005888,46186496,41246272,39.34,4139889
1770210570042,769.68,202.56,132005888,46186496,41490144,39.57,4141225
1770210570143,769.85,202.62,132005888,46186496,41492152,39.57,4141225
1770210570244,770.15,202.76,132005888,46186496,41494136,39.57,4141225
1770210570345,777.12,204.98,132038656,46186496,41739656,39.81,4150753
1770210570447,777.43,205.10,132038656,46186496,41741640,39.81,4150753
1770210570547,780.82,207.27,132038656,46186496,41985464,40.04,4152089
1770210570648,780.97,207.33,132038656,46186496,41987472,40.04,4152089
1770210570749,781.24,207.46,132038656,46186496,41989456,40.04,4152089
1770210570851,786.79,209.68,132071424,46186496,42233896,40.28,4161617
1770210570951,787.10,209.80,132071424,46186496,42235880,40.28,4161617
1770210571051,794.56,211.79,132071424,46186496,40977456,39.08,4162953
1770210571152,794.74,211.85,132071424,46186496,40979464,39.08,4162953
1770210571253,795.05,211.99,132071424,46186496,40981448,39.08,4162953
1770210571354,799.60,214.08,132071424,46186496,41224824,39.32,4138553
1770210571455,799.91,214.20,132071424,46186496,41226808,39.32,4138553
1770210571556,803.23,216.16,132071424,46186496,41469920,39.55,4139889
1770210571657,803.40,216.23,132071424,46186496,41471904,39.55,4139889
1770210571758,803.67,216.35,132071424,46186496,41473888,39.55,4139889
1770210571859,806.67,218.15,132071424,46186496,41717272,39.78,4149417
1770210571961,806.98,218.30,132071424,46186496,41719256,39.79,4149417
1770210572061,811.14,220.11,132087808,46186496,41962496,40.02,4150753
1770210572162,811.33,220.18,132087808,46186496,41964480,40.02,4150753
1770210572263,811.62,220.29,132087808,46186496,41966464,40.02,4150753
1770210572364,815.07,222.35,132087808,46186496,42209888,40.25,4160281
1770210572465,815.39,222.47,132087808,46186496,42211872,40.26,4160281
1770210572566,826.84,224.68,132087808,46186496,42456952,40.49,4161617
1770210572667,827.04,224.76,132087808,46186496,42458936,40.49,4161617
1770210572769,827.33,224.89,132087808,46186496,42460920,40.49,4161617
1770210572870,832.30,226.87,132366336,46710784,41199736,39.29,4171145
1770210572971,832.58,226.99,132366336,46710784,41201720,39.29,4171145
1770210573072,840.26,228.92,132366336,46710784,41444264,39.52,4130361
1770210573173,840.45,229.00,132366336,46710784,41446248,39.53,4130361
1770210573275,840.71,229.13,132366336,46710784,41448232,39.53,4130361
1770210573375,850.77,231.23,132382720,46710784,41688992,39.76,4139889
1770210573476,851.04,231.37,132382720,46710784,41690976,39.76,4139889
1770210573577,872.78,233.46,132743168,46710784,41929976,39.99,4141225
1770210573679,881.24,233.59,132775936,46710784,41934032,39.99,4141225
1770210573780,881.52,233.72,132775936,46710784,41936016,39.99,4141225
1770210573881,892.82,235.90,132792320,46710784,42178752,40.22,4150753
1770210573982,893.10,236.03,132792320,46710784,42180736,40.23,4150753
1770210574082,899.21,238.07,132792320,46710784,42418064,40.45,4152089
1770210574183,899.40,238.14,132792320,46710784,42420048,40.45,4152089
1770210574285,899.71,238.26,132792320,46710784,42422032,40.46,4152089
1770210574386,904.54,239.97,132808704,46710784,42659744,40.68,4161617
1770210574486,904.82,240.10,132808704,46710784,42661728,40.69,4161617
1770210574587,929.73,242.37,133054464,46972928,41403056,39.49,4162953
1770210574688,929.89,242.44,133054464,46972928,41405040,39.49,4162953
1770210574790,930.15,242.57,133054464,46972928,41407024,39.49,4162953
1770210574889,933.30,244.54,133070848,46972928,41644888,39.72,4138553
1770210574990,933.58,244.63,133070848,46972928,41646872,39.72,4138553
1770210575091,936.90,246.52,133070848,46972928,41884176,39.94,4139889
1770210575192,937.10,246.62,133070848,46972928,41886160,39.95,4139889
1770210575294,937.36,246.73,133070848,46972928,41888144,39.95,4139889
1770210575395,939.82,248.36,133070848,46972928,42125792,40.17,4149417
1770210575497,940.11,248.46,133070848,46972928,42127776,40.18,4149417
1770210575597,943.97,250.43,133070848,46972928,42365072,40.40,4150753
1770210575699,944.25,250.54,133070848,46972928,42367056,40.40,4150753
1770210575800,944.53,250.69,133070848,46972928,42369040,40.41,4150753
1770210575900,954.35,252.60,133087232,46972928,42608088,40.63,4160281
1770210576001,954.62,252.74,133087232,46972928,42610072,40.64,4160281
1770210576101,958.66,254.70,133087232,46972928,42847792,40.86,4161617
1770210576202,958.92,254.81,133087232,46972928,42849776,40.86,4161617
1770210576303,959.23,254.97,133087232,46972928,42851760,40.87,4161617
1770210576404,963.06,256.83,133087232,46972928,43089248,41.09,4171145
1770210576505,963.24,256.90,133087232,46972928,43091232,41.10,4171145
1770210576606,973.98,259.05,133644288,51167232,41900144,39.96,4129695
1770210576706,974.22,259.15,133644288,51167232,41902128,39.96,4129695
1770210576807,974.49,259.30,133644288,51167232,41904112,39.96,4129695
1770210576908,977.50,261.23,133644288,51167232,42141640,40.19,4139223
1770210577009,977.78,261.38,133644288,51167232,42143648,40.19,4139223
1770210577110,981.14,263.38,133644288,51167232,42380952,40.42,4140559
1770210577211,981.36,263.47,133644288,51167232,42382936,40.42,4140559
1770210577312,981.63,263.62,133644288,51167232,42384920,40.42,4140559
1770210577413,986.76,265.74,133660672,51167232,42622384,40.65,4150087
1770210577513,987.02,265.89,133660672,51167232,42624392,40.65,4150087
1770210577614,992.09,267.85,133677056,51167232,42861944,40.88,4151423
1770210577715,992.31,267.97,133677056,51167232,42863928,40.88,4151423
1770210577815,992.58,268.11,133677056,51167232,42865912,40.88,4151423
1770210577916,1007.28,270.21,133693440,51167232,43131040,41.13,4160951
1770210578017,1007.57,270.37,133693440,51167232,43133056,41.13,4160951
1770210578118,1010.87,272.30,133693440,51167232,43367040,41.36,4162287
1770210578218,1011.10,272.40,133693440,51167232,43369024,41.36,4162287
1770210578319,1011.36,272.55,133693440,51167232,43371008,41.36,4162287
1770210578420,1014.28,274.61,133906432,51167232,43605168,41.59,4171815
1770210578521,1014.54,274.76,133906432,51167232,43607176,41.59,4171815
1770210578622,1018.10,277.00,134234112,51429376,44146080,42.10,4173151
1770210578723,1018.34,277.11,134234112,51429376,44148088,42.10,4173151
1770210578825,1018.64,277.27,134234112,51429376,44150072,42.10,4173151
1770210578926,1021.73,279.32,134447104,51429376,44384304,42.33,4182679
1770210579027,1022.01,279.48,134463488,51429376,44386312,42.33,4182679
1770210579129,1036.68,281.64,134709248,51429376,44637448,42.57,4184015
1770210579230,1036.90,281.78,134709248,51429376,44639456,42.57,4184015
1770210579330,1037.16,281.93,134709248,51429376,44641440,42.57,4184015
1770210579431,1040.07,283.86,134938624,51429376,44870752,42.79,4193543
1770210579532,1040.35,283.99,134938624,51429376,44872760,42.79,4193543
1770210579633,1043.29,286.00,135151616,51429376,45101720,43.01,4194879
1770210579734,1043.51,286.10,135151616,51429376,45103728,43.01,4194879
1770210579835,1043.78,286.22,135151616,51429376,45105712,43.02,4194879
1770210579937,1047.06,288.42,135397376,51429376,45335040,43.23,4204407
1770210580038,1047.34,288.52,135397376,51429376,45337048,43.24,4204407
1770210580139,1050.24,290.61,135643136,51429376,45566048,43.46,4205743
1770210580241,1050.47,290.71,135643136,51429376,45568056,43.46,4205743
1770210580341,1050.74,290.83,135643136,51429376,45570040,43.46,4205743
1770210580442,1056.27,293.00,136101888,52477952,42588032,40.62,4215271
1770210580543,1056.53,293.12,136101888,52477952,42590040,40.62,4215271
1770210580643,1059.35,295.08,136101888,52477952,42818968,40.84,4130361
1770210580744,1059.52,295.16,136101888,52477952,42820952,40.84,4130361
1770210580845,1059.80,295.27,136101888,52477952,42822936,40.84,4130361
1770210580946,1063.09,297.18,136101888,52477952,43052048,41.06,4139889
1770210581047,1063.37,297.29,136101888,52477952,43054032,41.06,4139889
1770210581147,1066.57,299.35,136101888,52477952,43282960,41.28,4141225
1770210581249,1066.79,299.44,136101888,52477952,43284944,41.28,4141225
1770210581349,1067.08,299.57,136101888,52477952,43286928,41.28,4141225
1770210581450,1071.39,301.48,136101888,52477952,43516344,41.50,4150753
1770210581551,1071.65,301.60,136101888,52477952,43518328,41.50,4150753
1770210581652,1074.82,303.45,136118272,52477952,43746632,41.72,4152089
1770210581752,1075.02,303.55,136118272,52477952,43748616,41.72,4152089
1770210581854,1075.28,303.66,136118272,52477952,43750600,41.72,4152089
1770210581954,1078.17,305.63,136151040,52477952,43979088,41.94,4161617
1770210582055,1078.45,305.75,136151040,52477952,43981072,41.94,4161617
1770210582156,1082.88,307.71,136364032,52477952,44209328,42.16,4162953
1770210582257,1083.10,307.81,136364032,52477952,44211312,42.16,4162953
1770210582358,1083.37,307.93,136364032,52477952,44213296,42.17,4162953
1770210582459,1088.41,310.03,136593408,52477952,44441856,42.38,4172483
1770210582561,1088.67,310.19,136593408,52477952,44443864,42.38,4172483
1770210582662,1093.16,312.13,136806400,52477952,44672272,42.60,4173821
1770210582763,1093.41,312.25,136822784,52477952,44674280,42.60,4173821
1770210582865,1093.68,312.34,136822784,52477952,44676264,42.61,4173821
1770210582965,1097.57,314.45,137052160,52477952,44905504,42.83,4183351
1770210583066,1097.86,314.57,137052160,52477952,44907512,42.83,4183351
1770210583167,1100.66,316.50,137265152,52477952,45135592,43.04,4184689
1770210583268,1100.89,316.62,137265152,52477952,45137600,43.05,4184689
1770210583368,1101.17,316.74,137265152,52477952,45139584,43.05,4184689
1770210583469,1104.33,318.77,137494528,52477952,45367952,43.27,4194219
1770210583570,1104.60,318.89,137494528,52477952,45369960,43.27,4194219
1770210583671,1107.68,320.87,137723904,52477952,45598064,43.49,4195557
1770210583772,1107.93,320.98,137723904,52477952,45600072,43.49,4195557
1770210583872,1108.19,321.08,137723904,52477952,45602056,43.49,4195557
1770210583972,1113.61,323.54,138444800,53002240,43035968,41.04,4205087
1770210584073,1113.89,323.66,138444800,53002240,43037976,41.04,4205087
1770210584173,1117.16,325.60,138444800,53002240,43266184,41.26,4129697
1770210584274,1117.40,325.70,138444800,53002240,43268192,41.26,4129697
1770210584375,1117.68,325.82,138444800,53002240,43270176,41.27,4129697
1770210584476,1121.24,327.76,138461184,53002240,43498760,41.48,4139227
1770210584577,1121.50,327.88,138461184,53002240,43500768,41.49,4139227
1770210584678,1139.09,329.77,138510336,53002240,43730624,41.70,4140565
1770210584778,1139.34,329.87,138510336,53002240,43732632,41.71,4140565
1770210584878,1139.62,329.99,138510336,53002240,43734616,41.71,4140565
1770210584979,1142.77,331.99,138510336,53002240,43962664,41.93,4150095
1770210585080,1143.03,332.12,138510336,53002240,43964672,41.93,4150095
1770210585181,1150.67,334.25,138526720,53002240,44193032,42.15,4151433
1770210585282,1150.90,334.34,138526720,53002240,44195040,42.15,4151433
1770210585383,1151.17,334.46,138526720,53002240,44197024,42.15,4151433
1770210585483,1153.80,336.83,138526720,53002240,44425208,42.37,4160963
1770210585584,1154.49,336.99,138526720,53002240,44428200,42.37,4160963
1770210585685,1162.02,339.16,138543104,53002240,44656896,42.59,4162301
1770210585786,1162.24,339.26,138543104,53002240,44658904,42.59,4162301
1770210585887,1162.50,339.39,138543104,53002240,44660888,42.59,4162301
1770210585988,1165.68,341.57,138543104,53002240,44888504,42.81,4171831
1770210586088,1165.93,341.68,138543104,53002240,44890512,42.81,4171831
1770210586189,1168.96,343.62,138543104,53002240,45118016,43.03,4173169
1770210586290,1169.22,343.74,138543104,53002240,45120024,43.03,4173169
1770210586391,1169.47,343.87,138543104,53002240,45122008,43.03,4173169
1770210586492,1174.48,345.69,138543104,53002240,45353136,43.25,4182699
1770210586594,1174.76,345.81,138543104,53002240,45355144,43.25,4182699
1770210586695,1177.70,347.71,138543104,53002240,45582632,43.47,4184037
1770210586796,1177.97,347.80,138543104,53002240,45584640,43.47,4184037
1770210586897,1178.24,347.92,138543104,53002240,45586624,43.47,4184037
1770210586998,1180.85,349.77,138559488,53002240,45814592,43.69,4193567
1770210587099,1181.13,349.89,138559488,53002240,45816600,43.69,4193567
1770210587200,1184.17,351.84,138559488,53002240,46043992,43.91,4194905
1770210587301,1184.42,351.95,138559488,53002240,46046000,43.91,4194905
1770210587402,1184.66,352.07,138559488,53002240,46047984,43.91,4194905
1770210587502,1382.60,362.07,155172864,68730880,54872504,52.33,4118831
1770210587603,1436.54,364.02,156188672,85245952,50169536,47.85,4118832
1770210587704,1438.25,365.35,156188672,85245952,50414192,48.08,4120170
1770210587805,1438.42,365.45,156188672,85245952,50416200,48.08,4120170
1770210587908,1440.10,366.57,156188672,85245952,50536760,48.20,4129033
1770210588009,1442.01,367.61,156188672,85245952,50664544,48.32,4129700
1770210588110,1442.29,367.75,156188672,85245952,50666552,48.32,4129700
1770210588211,1445.63,369.81,156188672,85245952,50904264,48.55,4131038
1770210588312,1445.87,369.92,156188672,85245952,50906272,48.55,4131038
1770210588413,1449.58,371.84,156188672,85245952,51147232,48.78,4140568
1770210588514,1449.76,371.92,156188672,85245952,51149240,48.78,4140568
1770210588615,1450.02,372.05,156188672,85245952,51151224,48.78,4140568
1770210588717,1456.10,374.24,156188672,85245952,51404128,49.02,4141906
1770210588818,1456.39,374.39,156188672,85245952,51406136,49.02,4141906
1770210588918,1460.16,376.43,156188672,85245952,51643600,49.25,4151436
1770210589019,1460.36,376.50,156188672,85245952,51645608,49.25,4151436
1770210589120,1460.65,376.66,156188672,85245952,51647592,49.25,4151436
1770210589221,1465.60,378.71,156188672,85245952,51897072,49.49,4152774
1770210589322,1465.77,378.81,156188672,85245952,51899080,49.49,4152774
1770210589423,1468.62,380.84,156188672,85245952,52136128,49.72,4162304
1770210589523,1468.80,380.92,156188672,85245952,52138136,49.72,4162304
1770210589625,1469.05,381.05,156188672,85245952,52140120,49.72,4162304
1770210589725,1472.97,383.25,156188672,85245952,52376936,49.95,4163642
1770210589826,1473.26,383.39,156188672,85245952,52378944,49.95,4163642
1770210589926,1482.96,385.70,156188672,85245952,52646288,50.21,4173172
1770210590026,1506.31,385.93,156221440,85245952,52650624,50.21,4173172
1770210590127,1506.57,386.06,156221440,85245952,52652608,50.21,4173172
1770210590228,1532.00,388.16,156237824,85245952,52917880,50.47,4174510
1770210590329,1532.23,388.27,156237824,85245952,52919888,50.47,4174510
1770210590429,1535.55,390.22,156237824,85245952,53156048,50.69,4184040
1770210590530,1535.74,390.30,156237824,85245952,53158056,50.70,4184040
1770210590631,1536.03,390.45,156237824,85245952,53160040,50.70,4184040
1770210590732,1538.91,392.33,156237824,85245952,53396872,50.92,4185378
1770210590833,1539.21,392.54,156237824,85245952,53398880,50.93,4185378
1770210590933,1549.63,394.56,156237824,85245952,53636984,51.15,4194908
1770210591033,1549.81,394.63,156237824,85245952,53638992,51.15,4194908
1770210591134,1550.07,394.77,156237824,85245952,53640976,51.16,4194908
1770210591235,1553.71,396.91,156254208,85245952,53877856,51.38,4196246
1770210591336,1553.94,397.02,156254208,85245952,53879864,51.38,4196246
1770210591437,1559.72,399.11,156254208,85245952,54122992,51.62,4205776
1770210591539,1559.92,399.17,156254208,85245952,54125000,51.62,4205776
1770210591638,1560.21,399.31,156254208,85245952,54126984,51.62,4205776
1770210591740,1566.79,401.51,156254208,85245952,54389424,51.87,4207114
1770210591841,1567.05,401.62,156254208,85245952,54391432,51.87,4207114
1770210591942,1571.08,403.56,156254208,85245952,54628448,52.10,4216644
1770210592043,1571.24,403.61,156254208,85245952,54630456,52.10,4216644
1770210592145,1571.48,403.73,156254208,85245952,54632440,52.10,4216644
1770210592245,1575.67,405.63,156254208,85245952,54869320,52.33,4217982
1770210592346,1575.94,405.74,156254208,85245952,54871328,52.33,4217982
1770210592447,1579.00,407.70,156270592,85245952,55108320,52.56,4227512
1770210592548,1579.16,407.76,156270592,85245952,55110328,52.56,4227512
1770210592649,1579.40,407.89,156270592,85245952,55112312,52.56,4227512
1770210592750,1583.36,409.89,156270592,85245952,55377208,52.81,4228850
1770210592851,1583.60,410.00,156270592,85245952,55379216,52.81,4228850
1770210592952,1586.64,411.99,156286976,85245952,55615864,53.04,4238380
1770210593053,1586.85,412.06,156286976,85245952,55617872,53.04,4238380
1770210593153,1587.14,412.17,156286976,85245952,55619856,53.04,4238380
1770210593254,1589.92,413.97,156303360,85245952,55856256,53.27,4239718
1770210593355,1590.20,414.10,156303360,85245952,55858264,53.27,4239718
1770210593456,1592.81,415.72,156319744,85245952,56094936,53.50,4249248
1770210593557,1592.94,415.77,156319744,85245952,56096944,53.50,4249248
1770210593658,1593.17,415.86,156319744,85245952,56098928,53.50,4249248
1770210593759,1595.96,417.79,156319744,85245952,56335360,53.73,4250586
1770210593860,1596.23,417.91,156319744,85245952,56337368,53.73,4250586
1770210593961,1603.22,420.02,156319744,85245952,56574552,53.95,4260116
1770210594062,1603.42,420.10,156319744,85245952,56576560,53.96,4260116
1770210594163,1603.69,420.22,156319744,85245952,56578544,53.96,4260116
1770210594264,1611.04,422.26,156319744,85245952,56815880,54.18,4261454
1770210594365,1611.32,422.40,156319744,85245952,56817888,54.19,4261454
1770210594466,1614.43,424.57,156532736,85245952,57054576,54.41,4270984
1770210594567,1614.64,424.67,156532736,85245952,57056584,54.41,4270984
1770210594668,1614.89,424.80,156532736,85245952,57058568,54.42,4270984
1770210594769,1617.93,426.87,156762112,85245952,57297576,54.64,4272322
1770210594870,1618.20,427.00,156762112,85245952,57299584,54.65,4272322
1770210594971,1621.39,429.12,156975104,85245952,57538528,54.87,4281852
1770210595072,1621.61,429.22,156991488,85245952,57540536,54.87,4281852
1770210595173,1621.89,429.34,156991488,85245952,57542520,54.88,4281852
1770210595273,1626.28,431.54,157220864,85245952,57785056,55.11,4283190
1770210595373,1626.54,431.67,157237248,85245952,57787064,55.11,4283190
1770210595474,1631.65,434.51,157483008,85245952,58053408,55.36,4292720
1770210595575,1631.90,434.60,157483008,85245952,58055416,55.37,4292720
1770210595676,1632.15,434.72,157499392,85245952,58057400,55.37,4292720
1770210595777,1638.01,437.02,157712384,85245952,58293256,55.59,4294058
1770210595878,1638.29,437.15,157712384,85245952,58295264,55.59,4294058
1770210595979,1642.11,439.12,157941760,85245952,58529592,55.82,4303588
1770210596080,1642.32,439.21,157941760,85245952,58531600,55.82,4303588
1770210596181,1642.58,439.33,157941760,85245952,58533584,55.82,4303588
1770210596282,1646.40,441.31,158171136,85245952,58767880,56.05,4304926
1770210596384,1646.70,441.45,158171136,85245952,58769888,56.05,4304926
1770210596486,1652.64,443.61,158416896,85245952,59004200,56.27,4314456
1770210596587,1652.84,443.69,158433280,85245952,59006208,56.27,4314456
1770210596688,1653.10,443.86,158433280,85245952,59008192,56.27,4314456
1770210596790,1659.38,446.13,158646272,85245952,59242032,56.50,4315794
1770210596891,1662.29,446.27,158646272,85245952,59244280,56.50,4315794
1770210596992,1665.40,448.44,158875648,85245952,59478168,56.72,4325324
1770210597093,1665.63,448.55,158875648,85245952,59480176,56.72,4325324
1770210597193,1665.90,448.69,158875648,85245952,59482160,56.73,4325324
1770210597294,1668.92,450.87,159105024,85245952,59718520,56.95,4326662
1770210597395,1669.18,450.99,159105024,85245952,59720528,56.95,4326662
1770210597495,1672.29,453.08,159350784,85245952,59954416,57.18,4336192
1770210597596,1672.49,453.18,159350784,85245952,59956424,57.18,4336192
1770210597697,1672.73,453.29,159350784,85245952,59958408,57.18,4336192
1770210597798,1674.87,454.79,159612928,85245952,60195224,57.41,4337530
1770210597899,1675.13,454.91,159612928,85245952,60197232,57.41,4337530
1770210598000,1677.87,456.94,159825920,85245952,60463544,57.66,4347060
1770210598100,1678.09,457.06,159842304,85245952,60465552,57.66,4347060
1770210598200,1678.35,457.18,159842304,85245952,60467536,57.67,4347060
1770210598301,1681.50,459.25,160071680,85245952,60701280,57.89,4348398
1770210598402,1681.76,459.37,160071680,85245952,60703288,57.89,4348398
1770210598504,1686.89,461.57,160317440,85245952,60937632,58.11,4357928
1770210598605,1687.09,461.67,160317440,85245952,60939640,58.12,4357928
1770210598706,1687.33,461.79,160317440,85245952,60941624,58.12,4357928
1770210598807,1695.40,463.87,160546816,85245952,61208344,58.37,4359266
1770210598908,1695.66,463.97,160546816,85245952,61210352,58.37,4359266
1770210599008,1698.41,465.96,160759808,85245952,61444184,58.60,4368796
1770210599108,1698.66,466.06,160776192,85245952,61446192,58.60,4368796
1770210599209,1698.93,466.17,160776192,85245952,61448176,58.60,4368796
1770210599310,1706.26,468.38,160989184,85245952,61682568,58.83,4370134
1770210599411,1706.52,468.47,160989184,85245952,61684576,58.83,4370134
1770210599512,1710.29,470.56,161234944,85245952,61918432,59.05,4379664
1770210599613,1710.51,470.66,161234944,85245952,61920440,59.05,4379664
1770210599713,1710.78,470.78,161234944,85245952,61922424,59.05,4379664
1770210599814,1713.77,472.97,161464320,85245952,62156048,59.28,4381002
1770210599915,1714.00,473.07,161464320,85245952,62158056,59.28,4381002
1770210600017,1718.20,475.05,161710080,85245952,62502048,59.61,4390532
1770210600117,1718.45,475.17,161726464,85245952,62504056,59.61,4390532
1770210600218,1718.72,475.31,161726464,85245952,62506040,59.61,4390532
1770210600319,1723.01,477.34,161955840,85245952,62739696,59.83,4391870
1770210600420,1723.27,477.46,161955840,85245952,62741704,59.84,4391870
1770210600521,1726.06,479.47,162201600,85245952,62975536,60.06,4401400
1770210600622,1726.30,479.58,162201600,85245952,62977544,60.06,4401400
1770210600723,1726.52,479.68,162201600,85245952,62979528,60.06,4401400
1770210600824,1729.48,481.87,162430976,85245952,63213152,60.28,4402738
1770210600925,1729.72,481.97,162430976,85245952,63215160,60.29,4402738
1770210601026,1732.70,483.98,162660352,85245952,63449048,60.51,4412268
1770210601126,1732.92,484.09,162660352,85245952,63451056,60.51,4412268
1770210601227,1733.18,484.21,162660352,85245952,63453040,60.51,4412268
1770210601328,1736.14,486.02,162889728,85245952,63686640,60.74,4413606
1770210601429,1736.41,486.14,162889728,85245952,63688648,60.74,4413606
1770210601530,1741.12,488.24,163119104,85245952,63922624,60.96,4423136
1770210601631,1741.36,488.36,163135488,85245952,63924632,60.96,4423136
1770210601732,1741.63,488.49,163135488,85245952,63926616,60.97,4423136
1770210601833,1744.20,490.38,163348480,85245952,64160216,61.19,4424474
1770210601934,1744.49,490.49,163348480,85245952,64162224,61.19,4424474
1770210602035,1748.33,492.03,163577856,85245952,64396176,61.41,4434004
1770210602136,1748.52,492.11,163577856,85245952,64398184,61.41,4434004
1770210602237,1748.79,492.24,163577856,85245952,64400168,61.42,4434004
1770210602337,1753.87,494.31,163807232,85245952,64633288,61.64,4435342
1770210602438,1754.15,494.45,163807232,85245952,64635296,61.64,4435342
1770210602540,1756.91,496.39,164036608,85245952,64869720,61.86,4444872
1770210602641,1757.14,496.49,164036608,85245952,64871728,61.87,4444872
1770210602742,1757.36,496.60,164036608,85245952,64873712,61.87,4444872
1770210602843,1759.94,498.59,164265984,85245952,65117936,62.10,4446210
1770210602945,1760.22,498.72,164265984,85245952,65119944,62.10,4446210
1770210603044,1773.72,501.52,164495360,85245952,51437096,49.05,4455740
1770210603145,1773.98,501.62,164495360,85245952,51439104,49.06,4455740
1770210603246,1774.22,501.74,164495360,85245952,51441088,49.06,4455740
1770210603347,1781.15,503.60,164495360,85245952,51700896,49.31,4130367
1770210603447,1781.43,503.73,164495360,85245952,51702904,49.31,4130367
1770210603548,1784.42,505.59,164495360,85245952,51932408,49.53,4139897
1770210603650,1784.65,505.67,164495360,85245952,51934416,49.53,4139897
1770210603755,1791.39,507.04,164495360,85245952,52050984,49.64,4140568
1770210603856,1799.86,507.78,164495360,85245952,52167672,49.75,4141235
1770210603957,1800.12,507.89,164495360,85245952,52169680,49.75,4141235
1770210604058,1802.47,509.93,164511744,85245952,52397888,49.97,4150765
1770210604159,1802.76,510.06,164511744,85245952,52399896,49.97,4150765
1770210604259,1811.08,512.10,164511744,85245952,52628512,50.19,4152103
1770210604360,1818.94,512.22,164511744,85245952,52667744,50.23,4152103
1770210604461,1819.21,512.37,164511744,85245952,52669728,50.23,4152103
1770210604562,1822.30,514.55,164511744,85245952,52897992,50.45,4161633
1770210604663,1822.54,514.67,164511744,85245952,52900000,50.45,4161633
1770210604763,1827.22,516.71,164511744,85245952,53128096,50.67,4162971
1770210604864,1827.42,516.78,164511744,85245952,53130104,50.67,4162971
1770210604965,1827.70,516.92,164511744,85245952,53132088,50.67,4162971
1770210605066,1830.42,518.84,164528128,85245952,53360640,50.89,4172501
1770210605167,1830.66,518.96,164528128,85245952,53362648,50.89,4172501
1770210605268,1833.62,520.93,164528128,85245952,53590736,51.11,4173839
1770210605369,1833.81,520.99,164528128,85245952,53592744,51.11,4173839
1770210605470,1834.10,521.11,164528128,85245952,53594728,51.11,4173839
1770210605571,1837.15,523.06,164528128,85245952,53823000,51.33,4183369
1770210605672,1837.40,523.18,164528128,85245952,53825008,51.33,4183369
1770210605772,1850.75,525.16,164528128,85245952,54091928,51.59,4184707
1770210605873,1850.91,525.23,164528128,85245952,54093936,51.59,4184707
1770210605974,1851.14,525.33,164528128,85245952,54095920,51.59,4184707
1770210606075,1874.51,527.56,164577280,85508096,54530320,52.00,4194237
1770210606177,1874.70,527.66,164577280,85508096,54532328,52.01,4194237
1770210606278,1888.26,529.47,164577280,85508096,54755896,52.22,4195575
1770210606379,1898.24,529.59,164610048,85508096,54783184,52.25,4195575
1770210606480,1898.49,529.71,164610048,85508096,54785168,52.25,4195575
1770210606581,1901.10,531.59,164610048,85508096,55006088,52.46,4205105
1770210606682,1901.38,531.72,164610048,85508096,55008096,52.46,4205105
1770210606783,1904.04,533.66,164610048,85508096,55228696,52.67,4206443
1770210606883,1904.24,533.75,164610048,85508096,55230704,52.67,4206443
1770210606985,1904.54,533.90,164610048,85508096,55232688,52.67,4206443
1770210607086,1907.40,536.08,164626432,85508096,55453648,52.88,4215973
1770210607187,1907.69,536.22,164626432,85508096,55455656,52.89,4215973
1770210607289,1910.32,538.24,164626432,85508096,55676272,53.10,4217311
1770210607390,1910.51,538.32,164626432,85508096,55678280,53.10,4217311
1770210607491,1910.81,538.48,164626432,85508096,55680264,53.10,4217311
1770210607592,1913.69,540.53,164626432,85508096,55901096,53.31,4226841
1770210607693,1913.95,540.67,164626432,85508096,55903104,53.31,4226841
1770210607794,1916.81,542.65,164626432,85508096,56123696,53.52,4228179
1770210607895,1917.03,542.76,164626432,85508096,56125704,53.53,4228179
1770210607996,1917.33,542.90,164626432,85508096,56127688,53.53,4228179
1770210608097,1926.38,545.00,164642816,85508096,56366552,53.76,4237709
1770210608198,1926.67,545.14,164642816,85508096,56368560,53.76,4237709
1770210608299,1929.26,547.06,164642816,85508096,56589168,53.97,4239047
1770210608400,1929.43,547.13,164642816,85508096,56591176,53.97,4239047
1770210608501,1929.62,547.20,164642816,85508096,56593160,53.97,4239047
1770210608602,1932.41,549.05,164642816,85508096,56814184,54.18,4248577
1770210608702,1932.60,549.16,164642816,85508096,56816192,54.18,4248577
1770210608803,1933.61,549.95,164659200,85508096,57101280,54.46,4249915
1770210608904,1933.68,549.99,164659200,85508096,57103288,54.46,4249915
1770210609005,1933.80,550.04,164659200,85508096,57105272,54.46,4249915
1770210609106,1936.71,552.22,164675584,85508096,57326128,54.67,4259445
1770210609207,1936.98,552.34,164675584,85508096,57328136,54.67,4259445
1770210609308,1939.74,554.36,164757504,85508096,57548880,54.88,4260783
1770210609410,1939.94,554.45,164773888,85508096,57550888,54.88,4260783
1770210609511,1940.23,554.59,164773888,85508096,57552872,54.89,4260783
1770210609612,1942.74,556.48,164970496,85508096,57773712,55.10,4270313
1770210609713,1943.00,556.62,164986880,85508096,57775720,55.10,4270313
1770210609814,1945.68,558.53,165199872,85508096,57996312,55.31,4271651
1770210609916,1945.90,558.62,165199872,85508096,57998320,55.31,4271651
1770210610017,1946.17,558.76,165199872,85508096,58000304,55.31,4271651
1770210610118,1951.46,560.91,165429248,85508096,58221944,55.52,4281181
1770210610219,1951.74,561.01,165429248,85508096,58223952,55.53,4281181
1770210610320,1962.77,563.15,165658624,85508096,58459536,55.75,4282519
1770210610421,1963.02,563.28,165658624,85508096,58461544,55.75,4282519
1770210610522,1963.26,563.40,165658624,85508096,58463528,55.76,4282519
1770210610623,1965.75,565.12,165871616,85508096,58681672,55.96,4292049
1770210610724,1966.02,565.24,165871616,85508096,58683680,55.97,4292049
1770210610825,1968.61,567.21,166068224,85508096,58901752,56.17,4293387
1770210610926,1968.88,567.34,166084608,85508096,58903760,56.18,4293387
1770210611027,1969.18,567.49,166084608,85508096,58905744,56.18,4293387
1770210611128,1972.13,569.59,166281216,85508096,59123920,56.38,4302917
1770210611228,1972.43,569.73,166281216,85508096,59125928,56.39,4302917
1770210611329,1975.34,571.89,166494208,85508096,59343864,56.59,4304255
1770210611430,1975.59,571.99,166494208,85508096,59345872,56.60,4304255
1770210611531,1975.89,572.13,166494208,85508096,59347856,56.60,4304255
1770210611631,1978.64,574.16,166723584,85508096,59565952,56.81,4313785
1770210611732,1978.92,574.28,166723584,85508096,59567960,56.81,4313785
1770210611833,1981.68,576.13,166920192,85508096,59788008,57.02,4315123
1770210611933,1981.95,576.25,166920192,85508096,59790016,57.02,4315123
1770210612033,1982.22,576.38,166920192,85508096,59792000,57.02,4315123
1770210612134,1985.23,578.50,167133184,85508096,60012960,57.23,4324653
1770210612235,1985.49,578.62,167133184,85508096,60014968,57.23,4324653
1770210612336,1992.89,580.73,167346176,85508096,60278368,57.49,4325991
1770210612437,1993.12,580.83,167346176,85508096,60280376,57.49,4325991
1770210612538,1993.39,580.96,167346176,85508096,60282360,57.49,4325991
1770210612639,1996.40,583.04,167559168,85508096,60500864,57.70,4335521
1770210612740,1996.57,583.10,167559168,85508096,60502872,57.70,4335521
1770210612841,1999.13,584.96,167755776,85508096,60721000,57.91,4336859
1770210612942,1999.33,585.04,167755776,85508096,60723008,57.91,4336859
1770210613044,1999.60,585.18,167772160,85508096,60724992,57.91,4336859
1770210613145,2006.57,587.29,168001536,85508096,60943656,58.12,4346389
1770210613246,2006.83,587.40,168001536,85508096,60945664,58.12,4346389
1770210613347,2009.28,589.31,168230912,85508096,61163504,58.33,4347727
1770210613448,2009.50,589.41,168230912,85508096,61165512,58.33,4347727
1770210613549,2009.77,589.52,168230912,85508096,61167496,58.33,4347727
1770210613651,2012.62,591.58,168427520,85508096,61385616,58.54,4357257
1770210613751,2012.87,591.71,168443904,85508096,61387624,58.54,4357257
1770210613852,2015.51,593.77,168640512,85508096,61605528,58.75,4358595
1770210613953,2015.72,593.87,168640512,85508096,61607536,58.75,4358595
1770210614054,2015.99,593.99,168640512,85508096,61609520,58.76,4358595
1770210614155,2018.86,596.16,168853504,85508096,61827736,58.96,4368125
1770210614256,2019.11,596.28,168853504,85508096,61829744,58.97,4368125
1770210614357,2021.96,598.21,169082880,85508096,62047672,59.17,4369463
1770210614458,2022.19,598.30,169082880,85508096,62049680,59.18,4369463
1770210614559,2022.46,598.44,169082880,85508096,62051664,59.18,4369463
1770210614660,2025.37,600.41,169279488,85508096,62269856,59.39,4378993
1770210614761,2025.62,600.53,169295872,85508096,62271864,59.39,4378993
1770210614862,2029.50,602.25,169492480,85508096,62490120,59.60,4380331
1770210614963,2029.70,602.33,169492480,85508096,62492128,59.60,4380331
1770210615064,2029.96,602.46,169492480,85508096,62494112,59.60,4380331
1770210615165,2032.50,604.48,169721856,85508096,62712224,59.81,4389861
1770210615266,2032.78,604.59,169721856,85508096,62714232,59.81,4389861
1770210615367,2035.37,606.47,169918464,85508096,62932360,60.02,4391199
1770210615468,2035.65,606.59,169934848,85508096,62934368,60.02,4391199
1770210615569,2037.45,607.05,169984000,85770240,63224248,60.30,4391207
1770210615670,2040.60,609.38,170180608,85770240,63442584,60.50,4400737
1770210615771,2040.86,609.50,170180608,85770240,63444592,60.51,4400737
1770210615872,2042.79,611.07,170409984,85770240,63662704,60.71,4402075
1770210615973,2042.97,611.14,170409984,85770240,63664712,60.72,4402075
1770210616074,2043.27,611.32,170409984,85770240,63666696,60.72,4402075
1770210616175,2046.36,613.38,170622976,85770240,63885040,60.93,4411605
1770210616276,2046.55,613.46,170622976,85770240,63887048,60.93,4411605
1770210616377,2048.05,614.75,170819584,85770240,64105088,61.14,4412943
1770210616478,2048.24,614.84,170835968,85770240,64107096,61.14,4412943
1770210616579,2048.41,614.90,170835968,85770240,64109080,61.14,4412943
1770210616680,2049.58,616.03,171032576,85770240,64327368,61.35,4422473
1770210616781,2049.76,616.11,171032576,85770240,64329376,61.35,4422473
1770210616882,2052.60,618.12,171245568,85770240,64547464,61.56,4423811
1770210616983,2052.84,618.24,171245568,85770240,64549472,61.56,4423811
1770210617084,2053.08,618.45,171245568,85770240,64551456,61.56,4423811
1770210617185,2055.87,620.55,171474944,85770240,64769760,61.77,4433339
1770210617286,2056.14,620.69,171474944,85770240,64771768,61.77,4433339
1770210617388,2161.30,633.23,190087168,103333888,70628000,67.36,4129698
1770210617489,2396.95,639.39,192348160,105168896,71602088,68.29,4127024
1770210617589,2397.01,639.42,192348160,105168896,71604104,68.29,4127024
1770210617690,2397.69,639.89,192348160,105168896,71828672,68.50,4136552
1770210617791,2397.82,639.94,192348160,105168896,71830688,68.50,4136552
1770210617892,2401.85,641.36,192348160,105168896,72055976,68.72,4137888
1770210617993,2402.00,641.42,192348160,105168896,72057992,68.72,4137888
1770210618094,2402.24,641.55,192348160,105168896,72059984,68.72,4137888
1770210618196,2404.74,643.40,192348160,105168896,72286688,68.94,4147418
1770210618297,2404.97,643.53,192348160,105168896,72288704,68.94,4147418
1770210618398,2419.83,645.31,192364544,105168896,72532064,69.17,4148756
1770210618499,2419.99,645.39,192364544,105168896,72534080,69.17,4148756
1770210618600,2421.79,646.54,192364544,105168896,72647312,69.28,4157619
1770210618701,2423.95,647.59,192364544,105168896,72753720,69.38,4158286
1770210618801,2424.22,647.79,192364544,105168896,72755736,69.39,4158286
1770210618902,2427.32,650.37,192364544,105168896,72972704,69.59,4159624
1770210619003,2427.62,650.54,192364544,105168896,72974720,69.59,4159624
1770210619103,2429.08,651.77,192364544,105168896,73082400,69.70,4168487
1770210619204,2430.10,652.58,192364544,105168896,73188808,69.80,4169154
1770210619305,2430.32,652.70,192364544,105168896,73190824,69.80,4169154
1770210619406,2432.57,654.65,192364544,105168896,73414736,70.01,4170492
1770210619507,2432.84,654.79,192364544,105168896,73416752,70.02,4170492
1770210619607,2435.07,656.19,192364544,105168896,73524408,70.12,4179355
1770210619708,2437.56,657.09,192364544,105168896,73631096,70.22,4180022
1770210619809,2437.85,657.24,192364544,105168896,73633112,70.22,4180022
1770210619910,2441.17,659.39,192364544,105168896,73858488,70.44,4181360
1770210620011,2441.35,659.47,192364544,105168896,73860504,70.44,4181360
1770210620111,2443.52,661.28,192364544,105168896,74072712,70.64,4190890
1770210620212,2443.65,661.34,192364544,105168896,74074728,70.64,4190890
1770210620313,2443.85,661.41,192364544,105168896,74076720,70.65,4190890
1770210620414,2446.48,663.36,192364544,105168896,74288648,70.85,4192228
1770210620515,2446.76,663.59,192364544,105168896,74290664,70.85,4192228
1770210620615,2450.84,666.29,192364544,105168896,74502832,71.05,4201758
1770210620716,2452.27,666.46,192364544,105168896,74505600,71.05,4201758
1770210620817,2452.52,666.55,192364544,105168896,74507592,71.06,4201758
1770210620918,2455.32,668.51,192364544,105168896,74734816,71.27,4203096
1770210621019,2455.60,668.64,192364544,105168896,74736832,71.27,4203096
1770210621119,2462.99,670.50,192364544,105168896,74949456,71.48,4212626
1770210621220,2463.12,670.55,192364544,105168896,74951472,71.48,4212626
1770210621321,2463.32,670.63,192364544,105168896,74953464,71.48,4212626
1770210621422,2466.32,672.77,192364544,105168896,75165552,71.68,4213964
1770210621523,2466.58,672.90,192364544,105168896,75167568,71.69,4213964
1770210621624,2469.72,675.00,192364544,105168896,75379832,71.89,4223494
1770210621724,2469.91,675.08,192364544,105168896,75381848,71.89,4223494
1770210621825,2470.18,675.20,192364544,105168896,75383840,71.89,4223494
1770210621926,2472.77,677.19,192364544,105168896,75610752,72.11,4224832
1770210622027,2473.01,677.29,192364544,105168896,75612768,72.11,4224832
1770210622128,2475.53,679.29,192364544,105168896,75825128,72.31,4234362
1770210622229,2475.70,679.36,192364544,105168896,75827144,72.31,4234362
1770210622330,2475.92,679.45,192364544,105168896,75829136,72.32,4234362
1770210622431,2478.80,681.43,192364544,105168896,76041272,72.52,4235700
1770210622533,2479.02,681.53,192364544,105168896,76043288,72.52,4235700
1770210622634,2482.04,682.66,192364544,105168896,61767056,58.91,4245230
1770210622735,2482.20,682.73,192364544,105168896,61769072,58.91,4245230
1770210622836,2482.34,682.78,192364544,105168896,61771064,58.91,4245230
1770210622937,2484.08,684.32,192364544,105168896,61982720,59.11,4137890
1770210623038,2484.32,684.47,192364544,105168896,61984736,59.11,4137890
1770210623139,2487.16,686.81,192364544,105168896,62196648,59.32,4147420
1770210623240,2487.36,686.90,192364544,105168896,62198664,59.32,4147420
1770210623341,2487.54,687.01,192364544,105168896,62200656,59.32,4147420
1770210623442,2490.85,689.32,192364544,105168896,62412336,59.52,4148758
1770210623543,2491.13,689.50,192364544,105168896,62414352,59.52,4148758
1770210623644,2494.17,691.55,192364544,105168896,62635400,59.73,4158288
1770210623745,2494.34,691.62,192364544,105168896,62637416,59.74,4158288
1770210623846,2494.53,691.75,192364544,105168896,62639408,59.74,4158288
1770210623947,2500.31,693.92,192364544,105168896,62852728,59.94,4159626
1770210624048,2500.59,694.08,192364544,105168896,62854744,59.94,4159626
1770210624149,2502.23,695.86,192364544,105168896,63078648,60.16,4169156
1770210624250,2502.45,695.98,192364544,105168896,63080664,60.16,4169156
1770210624350,2502.68,696.16,192364544,105168896,63082656,60.16,4169156
1770210624452,2505.54,698.42,192364544,105168896,63294336,60.36,4170494
1770210624552,2505.81,698.57,192364544,105168896,63296352,60.36,4170494
1770210624653,2509.30,700.70,192380928,105168896,63508456,60.57,4180024
1770210624754,2509.57,700.86,192380928,105168896,63510472,60.57,4180024
1770210624855,2509.82,700.99,192380928,105168896,63512464,60.57,4180024
1770210624955,2512.67,702.80,192380928,105168896,63724160,60.77,4181362
1770210625057,2512.88,702.90,192380928,105168896,63726176,60.77,4181362
1770210625158,2515.47,704.84,192380928,105168896,63949336,60.99,4190892
1770210625259,2515.70,704.93,192167936,105168896,63951352,60.99,4190892
1770210625360,2516.00,705.03,192135168,105168896,63953344,60.99,4190892
1770210625461,2518.90,707.09,192135168,105168896,64165144,61.19,4192230
1770210625562,2600.15,720.91,138559488,51167232,41725888,39.79,4127024
1770210625662,2604.81,722.55,138559488,51167232,42003296,40.06,4136554
1770210625762,2605.11,722.69,138559488,51167232,42005304,40.06,4136554
1770210625863,2605.36,722.86,138559488,51167232,42007288,40.06,4136554
1770210625964,2607.43,724.09,138559488,51167232,42241904,40.29,4137892
1770210626065,2607.68,724.23,138559488,51167232,42243912,40.29,4137892
1770210626166,2689.05,731.12,132055040,46186496,41625448,39.70,4136554
1770210626267,2689.37,731.22,132055040,46186496,41627504,39.70,4136554
1770210626369,2689.68,731.38,132055040,46186496,41629488,39.70,4136554
1770210626471,2697.57,733.56,132268032,46186496,41870120,39.93,4137892
1770210626572,2697.85,733.68,132268032,46186496,41872128,39.93,4137892
1770210626673,2700.81,735.66,132481024,46186496,42098912,40.15,4147422
1770210626774,2779.19,739.90,131874816,45662208,41418144,39.50,4127024
1770210626875,2779.49,740.00,131874816,45662208,41422624,39.50,4127024
1770210626976,2785.05,741.78,132136960,45662208,41851232,39.91,4128362
1770210627077,2785.36,741.93,132136960,45662208,41853240,39.91,4128362
1770210627177,2789.02,744.18,132366336,45662208,42079992,40.13,4137892
1770210627278,2789.31,744.30,132366336,45662208,42082000,40.13,4137892
1770210627379,2789.60,744.44,132366336,45662208,42083984,40.13,4137892
1770210627480,2793.16,746.53,132579328,45662208,42310504,40.35,4139230
1770210627580,2793.39,746.68,132595712,45662208,42312512,40.35,4139230
1770210627681,2799.39,749.17,133169152,48807936,41695112,39.76,4148760
1770210627782,2799.66,749.27,133169152,48807936,41697120,39.77,4148760
1770210627883,2799.97,749.43,133169152,48807936,41699104,39.77,4148760
1770210627983,2806.63,752.16,133398528,48807936,41925616,39.98,4138559
1770210628084,2806.93,752.31,133414912,48807936,41927624,39.99,4138559
1770210628186,2810.61,754.51,133644288,48807936,42154216,40.20,4148089
1770210628287,2810.87,754.63,133644288,48807936,42156224,40.20,4148089
1770210628388,2811.07,754.70,133644288,48807936,42158208,40.21,4148089
1770210628490,2814.29,756.52,133857280,48807936,42384496,40.42,4149427
1770210628591,2814.56,756.64,133857280,48807936,42386504,40.42,4149427
1770210628692,2818.59,758.38,134070272,48807936,42613096,40.64,4158957
1770210628792,2818.84,758.45,134070272,48807936,42615104,40.64,4158957
1770210628894,2819.11,758.53,134070272,48807936,42617088,40.64,4158957
1770210628995,2823.04,760.25,134283264,48807936,42843328,40.86,4160295
1770210629096,2823.17,760.31,134299648,48807936,42845336,40.86,4160295
1770210629197,2825.28,761.88,134512640,48807936,43071600,41.08,4169825
1770210629298,2825.47,761.94,134512640,48807936,43073608,41.08,4169825
1770210629399,2825.73,762.02,134512640,48807936,43075592,41.08,4169825
1770210629500,2829.06,763.75,134742016,48807936,43301624,41.30,4171163
1770210629600,2829.32,763.83,134742016,48807936,43303632,41.30,4171163
1770210629701,2834.29,765.70,134938624,48807936,41970488,40.03,4180693
1770210629802,2834.51,765.78,134938624,48807936,41972496,40.03,4180693
1770210629902,2834.74,765.90,134938624,48807936,41974480,40.03,4180693
1770210630003,2837.89,767.70,134938624,48807936,42200544,40.25,4138559
1770210630103,2838.15,767.81,134938624,48807936,42202528,40.25,4138559
1770210630204,2846.51,769.61,135020544,48807936,42435824,40.47,4148089
1770210630306,2846.73,769.68,135020544,48807936,42437808,40.47,4148089
1770210630407,2846.88,769.72,135020544,48807936,42439792,40.47,4148089
1770210630508,2849.32,771.16,135069696,48807936,42665776,40.69,4149427
1770210630609,2849.50,771.21,135069696,48807936,42667760,40.69,4149427
1770210630710,2853.15,772.76,135282688,48807936,42902880,40.92,4158957
1770210630812,2853.29,772.83,135282688,48807936,42904864,40.92,4158957
1770210630912,2853.40,772.87,135282688,48807936,42906848,40.92,4158957
1770210631012,2855.64,774.38,135512064,48807936,43132416,41.13,4160295
1770210631113,2855.88,774.45,135512064,48807936,43134400,41.14,4160295
1770210631213,2858.74,776.09,135725056,48807936,43363384,41.35,4169825
1770210631314,2858.96,776.17,135725056,48807936,43365368,41.36,4169825
1770210631415,2859.24,776.26,135725056,48807936,43367352,41.36,4169825
1770210631516,2864.43,778.11,135954432,48807936,42188352,40.23,4171163
1770210631617,2864.70,778.20,135954432,48807936,42190336,40.24,4171163
1770210631718,2867.85,779.80,135954432,48807936,42419904,40.45,4146084
1770210631819,2868.10,779.88,135954432,48807936,42421912,40.46,4146084
1770210631920,2868.35,779.95,135954432,48807936,42423896,40.46,4146084
1770210632021,2871.66,781.89,135954432,48807936,42649464,40.67,4147422
1770210632122,2871.88,781.97,135954432,48807936,42651472,40.68,4147422
1770210632223,2875.35,783.45,135954432,48807936,42883808,40.90,4156952
1770210632324,2875.49,783.50,135954432,48807936,42885816,40.90,4156952
1770210632425,2875.75,783.59,135954432,48807936,42887800,40.90,4156952
1770210632526,2878.20,785.29,135954432,48807936,43113032,41.12,4158290
1770210632627,2878.45,785.36,135954432,48807936,43115040,41.12,4158290
1770210632728,2881.37,786.80,135954432,48807936,43342744,41.33,4167820
1770210632829,2881.62,786.86,135954432,48807936,43344752,41.34,4167820
1770210632930,2881.86,786.93,135954432,48807936,43346736,41.34,4167820
1770210633031,2884.51,788.47,135954432,48807936,43576552,41.56,4169158
1770210633131,2884.76,788.53,135954432,48807936,43578560,41.56,4169158
1770210633232,2887.60,789.89,135954432,48807936,42433072,40.47,4178688
1770210633333,2887.78,789.99,135954432,48807936,42435080,40.47,4178688
1770210633436,2889.76,790.71,135954432,48807936,42549152,40.58,4137225
1770210633537,2893.34,791.46,135954432,48807936,42870168,40.88,4137892
1770210633638,2893.59,791.52,135954432,48807936,42872152,40.89,4137892
1770210633739,2896.49,793.04,135954432,48807936,43097560,41.10,4147422
1770210633840,2896.68,793.10,135954432,48807936,43099544,41.10,4147422
1770210633940,2898.42,794.37,135954432,48807936,43324728,41.32,4148760
1770210634041,2898.52,794.42,135823360,48807936,43326712,41.32,4148760
1770210634142,2898.63,794.47,135823360,48807936,43328696,41.32,4148760
1770210634243,2900.90,795.76,135479296,48807936,43554120,41.54,4158290
1770210634344,2901.01,795.81,135430144,48807936,43556104,41.54,4158290
1770210634444,2903.69,797.38,134889472,48807936,43781320,41.75,4159628
1770210634545,2903.84,797.46,134889472,48807936,43783328,41.76,4159628
1770210634646,2903.98,797.53,134889472,48807936,43785312,41.76,4159628
1770210634747,2905.92,799.06,134889472,48807936,44010752,41.97,4169158
1770210634848,2906.03,799.11,134889472,48807936,44012736,41.97,4169158
1770210634948,2908.68,800.47,134922240,49070080,42869216,40.88,4170496
1770210635049,2908.80,800.52,134922240,49070080,42871224,40.89,4170496
1770210635150,2908.93,800.57,134922240,49070080,42873208,40.89,4170496
1770210635251,2910.89,801.94,134922240,49070080,43098688,41.10,4146084
1770210635352,2911.03,802.01,134922240,49070080,43100672,41.10,4146084
1770210635452,2913.34,803.33,134922240,49070080,43326072,41.32,4147422
1770210635554,2913.47,803.39,125845504,49070080,43328056,41.32,4147422
1770210635655,2913.60,803.46,92831744,49070080,43330040,41.32,4147422
1770210635756,2916.29,805.33,92880896,49070080,43563464,41.55,4156952
1770210635857,2916.44,805.38,92880896,49070080,43565440,41.55,4156952
1770210635958,2928.71,807.00,92913664,49070080,43799992,41.77,4158290
1770210636059,2928.86,807.07,92913664,49070080,43801968,41.77,4158290
1770210636159,2929.05,807.16,92913664,49070080,43803944,41.77,4158290
1770210636260,2932.99,809.13,92913664,49070080,44028248,41.99,4167820
1770210636361,2933.24,809.29,92913664,49070080,44030224,41.99,4167820
1770210636468,2935.99,811.32,92930048,49070080,44254256,42.20,4169158
1770210636569,2936.10,811.37,92930048,49070080,44256232,42.21,4169158
1770210636670,2936.24,811.44,92930048,49070080,44258208,42.21,4169158
1770210636770,2943.08,813.24,92995584,49070080,44482616,42.42,4178688
1770210636871,2943.26,813.30,92995584,49070080,44484592,42.42,4178688
1770210636972,2947.21,814.82,93224960,49332224,43213032,41.21,4180026
1770210637074,2947.32,814.87,93224960,49332224,43215032,41.21,4180026
1770210637175,2947.50,814.96,93224960,49332224,43217008,41.21,4180026
1770210637276,2949.65,816.46,93224960,49332224,43436000,41.42,4146751
1770210637377,2949.76,816.51,92946432,49332224,43438000,41.43,4146751
1770210637478,2953.87,818.01,92930048,49332224,43663816,41.64,4148089
1770210637579,2954.05,818.08,92930048,49332224,43665792,41.64,4148089
1770210637680,2954.22,818.13,92930048,49332224,43667768,41.64,4148089
1770210637781,2959.45,819.76,92930048,49332224,43887000,41.85,4157619
1770210637882,2959.67,819.83,92930048,49332224,43889000,41.86,4157619
1770210637982,2962.77,821.27,92930048,49332224,44106944,42.06,4158957
1770210638083,2963.01,821.34,92930048,49332224,44108920,42.07,4158957
1770210638183,2963.27,821.42,92930048,49332224,44110896,42.07,4158957
1770210638284,2966.53,823.11,92930048,49332224,44329032,42.28,4168487
1770210638385,2966.65,823.16,92930048,49332224,44331032,42.28,4168487
1770210638486,2971.24,824.50,92946432,49332224,44550488,42.49,4169825
1770210638587,2971.35,824.55,92946432,49332224,44552464,42.49,4169825
1770210638687,2971.47,824.60,92946432,49332224,44554440,42.49,4169825
1770210638789,2973.30,825.95,92995584,49332224,44772640,42.70,4179355
1770210638890,2973.58,826.05,92995584,49332224,44774640,42.70,4179355
1770210638991,2978.23,827.64,93569024,53526528,43521680,41.51,4180693
1770210639092,2978.40,827.68,93569024,53526528,43523656,41.51,4180693
1770210639193,2978.59,827.75,93569024,53526528,43525632,41.51,4180693
1770210639294,2987.11,829.45,93569024,53526528,43753896,41.73,4146751
1770210639395,2987.23,829.50,93569024,53526528,43755872,41.73,4146751
1770210639496,2989.27,830.93,93585408,53526528,43973888,41.94,4148089
1770210639597,2989.38,830.97,93585408,53526528,43975864,41.94,4148089
1770210639698,2989.49,831.02,93585408,53526528,43977840,41.94,4148089
1770210639799,2991.30,832.53,93585408,53526528,44195984,42.15,4157619
1770210639900,2991.53,832.61,93585408,53526528,44197960,42.15,4157619
1770210640001,2993.84,834.01,93585408,53526528,44415920,42.36,4158957
1770210640102,2994.08,834.13,93585408,53526528,44417896,42.36,4158957
1770210640203,2994.30,834.24,93585408,53526528,44419872,42.36,4158957
1770210640304,2996.53,835.69,93585408,53526528,44638040,42.57,4168487
1770210640405,2996.78,835.76,93585408,53526528,44640016,42.57,4168487
1770210640506,3000.31,837.26,93585408,53526528,44858056,42.78,4169825
1770210640606,3000.53,837.31,93585408,53526528,44860032,42.78,4169825
1770210640706,3000.78,837.37,93585408,53526528,44862008,42.78,4169825
1770210640807,3003.54,838.78,93585408,53526528,45080272,42.99,4179355
1770210640908,3003.69,838.83,93585408,53526528,45082248,42.99,4179355
1770210641009,3005.72,840.07,93716480,53526528,45300168,43.20,4180693
1770210641110,3005.83,840.11,93732864,53526528,45302144,43.20,4180693
1770210641211,3005.94,840.15,93732864,53526528,45304120,43.21,4180693
1770210641312,3027.79,842.12,94797824,53526528,45582456,43.47,4190223
1770210641413,3028.02,842.18,94797824,53526528,45584456,43.47,4190223
1770210641514,3030.65,843.72,94994432,53526528,45800488,43.68,4191561
1770210641615,3030.79,843.79,95010816,53526528,45802488,43.68,4191561
1770210641715,3030.98,843.85,95010816,53526528,45804464,43.68,4191561
1770210641817,3060.63,845.93,96878592,53526528,46020880,43.89,4201091
1770210641918,3060.87,845.99,96878592,53526528,46022880,43.89,4201091
1770210642019,3063.50,847.51,97091584,53526528,46235896,44.09,4202429
1770210642120,3063.64,847.56,97091584,53526528,46237896,44.10,4202429
1770210642220,3063.90,847.65,97107968,53526528,46239872,44.10,4202429
1770210642322,3066.71,849.32,97304576,53526528,46453112,44.30,4211959
1770210642423,3066.91,849.38,97304576,53526528,46455112,44.30,4211959
1770210642525,3069.40,850.96,97501184,53526528,46668248,44.51,4213297
1770210642626,3069.63,851.03,97501184,53526528,46670248,44.51,4213297
1770210642727,3069.88,851.11,97501184,53526528,46672224,44.51,4213297
1770210642828,3072.48,852.63,97730560,53526528,46885456,44.71,4222827
1770210642929,3072.71,852.68,97730560,53526528,46887456,44.72,4222827
1770210643031,3079.19,854.39,97943552,53526528,47130240,44.95,4224165
1770210643132,3079.37,854.45,97943552,53526528,47132240,44.95,4224165
1770210643233,3079.48,854.51,97943552,53526528,47134216,44.95,4224165
1770210643333,3088.68,856.65,93552640,47497216,44186736,42.14,4233695
1770210643434,3088.84,856.70,93552640,47497216,44188736,42.14,4233695
1770210643535,3091.60,858.16,93552640,47497216,44399232,42.34,4138559
1770210643636,3091.86,858.23,93552640,47497216,44401208,42.34,4138559
1770210643737,3092.12,858.29,93552640,47497216,44403184,42.35,4138559
1770210643838,3094.77,859.85,93569024,47497216,44613872,42.55,4148089
1770210643939,3095.01,859.90,93569024,47497216,44615848,42.55,4148089
1770210644040,3099.06,861.45,93569024,47497216,44826288,42.75,4149427
1770210644141,3099.26,861.51,93569024,47497216,44828264,42.75,4149427
1770210644242,3099.53,861.63,93569024,47497216,44830240,42.75,4149427
1770210644343,3103.78,863.63,92848128,47235072,44251688,42.20,4158957
1770210644444,3104.02,863.70,92848128,47235072,44253664,42.20,4158957
1770210644546,3106.74,865.36,93044736,47235072,44464144,42.40,4138559
1770210644647,3106.86,865.41,93044736,47235072,44466120,42.41,4138559
1770210644748,3107.03,865.45,93044736,47235072,44468096,42.41,4138559
1770210644849,3111.72,867.02,93241344,47235072,44882376,42.80,4148089
1770210644950,3111.97,867.09,93241344,47235072,44884352,42.81,4148089
1770210645051,3115.91,868.57,93454336,47235072,45094848,43.01,4149427
1770210645152,3116.16,868.70,93470720,47235072,45096824,43.01,4149427
1770210645255,3117.28,869.50,93569024,47235072,45203592,43.11,4158290
1770210645356,3118.58,870.28,94191616,50905088,44589160,42.52,4158957
1770210645458,3118.78,870.36,94191616,50905088,44591136,42.53,4158957
1770210645559,3121.10,871.93,94388224,50905088,44802288,42.73,4138559
1770210645660,3121.32,872.00,94388224,50905088,44804264,42.73,4138559
1770210645760,3123.91,873.60,94584832,50905088,45014584,42.93,4148089
1770210645862,3124.07,873.66,94584832,50905088,45016560,42.93,4148089
1770210645962,3124.32,873.73,94584832,50905088,45018536,42.93,4148089
1770210646064,3126.92,875.33,94781440,50905088,45228712,43.13,4149427
1770210646165,3127.14,875.41,94797824,50905088,45230688,43.14,4149427
1770210646265,3129.75,876.98,94994432,50905088,45441112,43.34,4158957
1770210646366,3129.93,877.05,94994432,50905088,45443088,43.34,4158957
1770210646466,3130.15,877.13,94994432,50905088,45445064,43.34,4158957
1770210646567,3132.36,878.67,95223808,50905088,45655248,43.54,4160295
1770210646668,3132.63,878.75,95223808,50905088,45657224,43.54,4160295
1770210646768,3134.53,879.95,95420416,50905088,45867592,43.74,4169825
1770210646870,3134.65,880.00,95420416,50905088,45869568,43.74,4169825
1770210646971,3134.83,880.05,95420416,50905088,45871544,43.75,4169825
1770210647072,3138.74,881.78,95764480,50905088,44802848,42.73,4171163
1770210647173,3138.97,881.85,95764480,50905088,44804824,42.73,4171163
1770210647298,3205.70,889.41,115376128,70107136,57358920,54.70,4137225
1770210647398,3480.36,901.15,144932864,98615296,63443200,60.50,4127691
1770210647499,3489.05,901.31,145080320,98615296,65673336,62.63,4127691
1770210647600,3492.91,902.80,145096704,98615296,65889528,62.84,4129029
1770210647701,3493.36,903.03,145096704,98615296,65891536,62.84,4129029
1770210647803,3497.39,904.51,145096704,98615296,66102680,63.04,4138559
1770210647904,3497.63,904.58,145096704,98615296,66104688,63.04,4138559
1770210648005,3497.88,904.66,145096704,98615296,66106672,63.04,4138559
1770210648107,3501.73,906.18,145096704,98615296,66317560,63.25,4139897
1770210648208,3501.98,906.25,145096704,98615296,66319568,63.25,4139897
1770210648308,3504.57,907.71,145113088,98615296,66530680,63.45,4149427
1770210648409,3504.78,907.77,145113088,98615296,66532688,63.45,4149427
1770210648510,3505.03,907.84,145113088,98615296,66534672,63.45,4149427
1770210648611,3507.70,909.27,145113088,98615296,66745648,63.65,4150765
1770210648712,3507.95,909.34,145113088,98615296,66747656,63.66,4150765
1770210648813,3510.82,910.88,145113088,98615296,66958840,63.86,4160295
1770210648914,3511.09,910.95,145113088,98615296,66960848,63.86,4160295
1770210649015,3511.37,911.02,145113088,98615296,66962832,63.86,4160295
1770210649116,3513.33,912.47,145113088,98615296,67173720,64.06,4161633
1770210649217,3513.51,912.53,145113088,98615296,67175728,64.06,4161633
1770210649318,3516.06,914.02,145113088,98615296,67387232,64.27,4171163
1770210649418,3516.32,914.09,145113088,98615296,67389240,64.27,4171163
1770210649518,3516.59,914.16,145113088,98615296,67391224,64.27,4171163
1770210649620,3521.97,915.93,145129472,98615296,67602608,64.47,4172501
1770210649722,3522.19,916.05,145129472,98615296,67604616,64.47,4172501
1770210649823,3523.98,917.34,145129472,98615296,67816136,64.67,4182031
1770210649924,3524.12,917.38,145129472,98615296,67818144,64.68,4182031
1770210650025,3524.28,917.43,145129472,98615296,67820128,64.68,4182031
1770210650125,3526.36,918.87,145129472,98615296,68031040,64.88,4183369
1770210650227,3526.55,918.92,145129472,98615296,68033048,64.88,4183369
1770210650328,3529.28,920.43,145145856,98615296,68244248,65.08,4192899
1770210650429,3529.51,920.50,145145856,98615296,68246256,65.08,4192899
1770210650530,3529.72,920.57,145145856,98615296,68248240,65.09,4192899
1770210650631,3532.37,922.06,145145856,98615296,68459168,65.29,4194237
1770210650732,3532.62,922.16,145145856,98615296,68461176,65.29,4194237
1770210650833,3535.41,923.70,145145856,98615296,68672312,65.49,4203767
1770210650933,3535.66,923.77,145145856,98615296,68674320,65.49,4203767
1770210651034,3535.91,923.86,145145856,98615296,68676304,65.49,4203767
1770210651136,3538.50,925.49,145145856,98615296,68887168,65.70,4205105
1770210651237,3538.76,925.56,145145856,98615296,68889176,65.70,4205105
1770210651338,3541.03,927.02,145145856,98615296,69100272,65.90,4214635
1770210651439,3541.26,927.08,145145856,98615296,69102280,65.90,4214635
1770210651541,3541.52,927.15,145145856,98615296,69104264,65.90,4214635
1770210651642,3544.53,928.83,145145856,98615296,69315232,66.10,4215973
1770210651743,3544.79,928.90,145145856,98615296,69317240,66.11,4215973
1770210651844,3547.42,930.34,145162240,98615296,69528416,66.31,4225503
1770210651945,3547.64,930.41,145162240,98615296,69530424,66.31,4225503
1770210652048,3549.28,931.25,145162240,98615296,69637336,66.41,4226174
1770210652148,3550.23,931.97,145162240,98615296,69743248,66.51,4226841
1770210652249,3550.48,932.04,145162240,98615296,69745256,66.51,4226841
1770210652350,3553.15,933.52,145162240,98615296,69956504,66.72,4236371
1770210652451,3553.40,933.58,145162240,98615296,69958512,66.72,4236371
1770210652552,3557.77,934.90,145178624,98615296,70171272,66.92,4237709
1770210652653,3557.89,934.96,145178624,98615296,70173280,66.92,4237709
1770210652754,3558.03,935.01,145178624,98615296,70175264,66.92,4237709
1770210652855,3560.06,936.25,145178624,98615296,70386328,67.13,4247239
1770210652955,3560.17,936.29,145178624,98615296,70388336,67.13,4247239
1770210653055,3561.78,937.56,145178624,98615296,70599216,67.33,4248577
1770210653157,3561.87,937.60,145178624,98615296,70601224,67.33,4248577
1770210653258,3561.99,937.66,145178624,98615296,70603208,67.33,4248577
1770210653358,3563.73,939.13,145178624,98615296,70814288,67.53,4258107
1770210653458,3564.26,939.17,145178624,98615296,70816352,67.54,4258107
1770210653560,3565.89,940.43,145178624,98615296,71027224,67.74,4259445
1770210653661,3566.04,940.48,145178624,98615296,71029232,67.74,4259445
1770210653762,3566.29,940.61,145178624,98615296,71031216,67.74,4259445
1770210653862,3568.32,942.03,145211392,98615296,71242240,67.94,4268975
1770210653963,3568.44,942.09,145211392,98615296,71244248,67.94,4268975
1770210654063,3570.05,943.32,145211392,98615296,71455048,68.14,4270313
1770210654163,3570.16,943.36,145211392,98615296,71457056,68.15,4270313
1770210654265,3570.30,943.41,145211392,98615296,71459040,68.15,4270313
1770210654366,3572.55,944.81,145211392,98615296,71670104,68.35,4279843
1770210654467,3572.74,944.88,145211392,98615296,71672112,68.35,4279843
1770210654568,3574.33,946.15,145211392,98615296,71882912,68.55,4281181
1770210654669,3574.45,946.20,145211392,98615296,71884920,68.55,4281181
1770210654770,3574.58,946.26,145211392,98615296,71886904,68.56,4281181
1770210654871,3577.38,947.87,145227776,98615296,72098024,68.76,4290711
1770210654972,3577.59,947.95,145227776,98615296,72100032,68.76,4290711
1770210655072,3581.41,949.43,145227776,98615296,72310824,68.96,4292049
1770210655173,3581.65,949.51,145227776,98615296,72312832,68.96,4292049
1770210655274,3581.89,949.61,145227776,98615296,72314816,68.96,4292049
1770210655376,3589.10,951.27,145244160,98615296,72526792,69.17,4301579
1770210655476,3638.58,959.93,105136128,56672256,41875240,39.94,4127024
1770210655577,3641.49,960.96,105136128,56672256,42364016,40.40,4128362
1770210655677,3641.61,961.00,105136128,56672256,42366024,40.40,4128362
1770210655779,3641.78,961.06,105136128,56672256,42368008,40.41,4128362
1770210655879,3644.50,962.48,105136128,56672256,42593552,40.62,4137892
1770210655980,3644.71,962.56,105136128,56672256,42595560,40.62,4137892
1770210656080,3725.90,971.82,93831168,45924352,41894696,39.95,4128362
1770210656182,3726.08,971.87,93831168,45924352,41896744,39.96,4128362
1770210656283,3726.28,971.95,93831168,45924352,41898720,39.96,4128362
1770210656383,3729.54,973.81,94044160,45924352,42124248,40.17,4137892
1770210656484,3729.85,973.98,94060544,45924352,42126248,40.17,4137892
1770210656585,3732.77,975.96,94289920,45924352,42351592,40.39,4139230
1770210656685,3807.54,980.06,93618176,45662208,41600184,39.67,4127024
1770210656786,3807.84,980.15,93618176,45662208,41605688,39.68,4127024
1770210656887,3817.43,982.15,93880320,45662208,42128864,40.18,4136554
1770210656987,3817.59,982.25,93880320,45662208,42130864,40.18,4136554
1770210657089,3821.83,984.10,94093312,45662208,42358760,40.40,4137892
1770210657191,3822.16,984.26,94093312,45662208,42360760,40.40,4137892
1770210657292,3822.38,984.34,94093312,45662208,42362736,40.40,4137892
1770210657393,3827.30,986.75,94322688,45662208,42588408,40.62,4147422
1770210657493,3827.43,986.81,94322688,45662208,42590408,40.62,4147422
1770210657595,3830.08,988.53,94912512,48807936,41973792,40.03,4148760
1770210657696,3830.28,988.62,94912512,48807936,41975792,40.03,4148760
1770210657796,3830.53,988.80,94912512,48807936,41977768,40.03,4148760
1770210657897,3834.72,990.58,95141888,48807936,42203024,40.25,4146751
1770210657998,3834.94,990.69,95141888,48807936,42205024,40.25,4146751
1770210658098,3837.83,992.67,95354880,48807936,42429880,40.46,4148089
1770210658200,3838.02,992.80,95354880,48807936,42431880,40.47,4148089
1770210658301,3838.32,992.97,95371264,48807936,42433856,40.47,4148089
1770210658402,3840.81,994.86,95600640,48807936,42658976,40.68,4157619
1770210658503,3840.97,994.96,95600640,48807936,42660976,40.68,4157619
1770210658604,3843.74,997.27,95813632,48807936,42885896,40.90,4158957
1770210658704,3843.86,997.34,95813632,48807936,42887896,40.90,4158957
1770210658805,3844.03,997.43,95813632,48807936,42889872,40.90,4158957
1770210658906,3846.97,999.31,96026624,48807936,43115008,41.12,4168487
1770210659007,3847.19,999.47,96026624,48807936,43117008,41.12,4168487
1770210659108,3851.35,1001.42,96256000,48807936,43341824,41.33,4169825
1770210659209,3851.53,1001.55,96256000,48807936,43343824,41.34,4169825
1770210659310,3851.74,1001.60,96256000,48807936,43345800,41.34,4169825
1770210659411,3855.87,1003.80,96452608,48807936,42189400,40.23,4179355
1770210659511,3856.14,1003.99,96452608,48807936,42191400,40.24,4179355
1770210659612,3861.10,1005.99,96468992,48807936,42416424,40.45,4137892
1770210659713,3861.36,1006.12,96468992,48807936,42418400,40.45,4137892
1770210659815,3861.62,1006.25,96468992,48807936,42420376,40.46,4137892
1770210659916,3864.42,1007.88,96468992,48807936,42644872,40.67,4147422
1770210660017,3864.65,1007.99,96468992,48807936,42646848,40.67,4147422
1770210660118,3872.73,1009.75,96550912,48807936,42871200,40.89,4148760
1770210660219,3872.85,1009.80,96550912,48807936,42873176,40.89,4148760
1770210660320,3873.04,1009.90,96550912,48807936,42875152,40.89,4148760
1770210660422,3875.52,1011.80,96747520,48807936,43099656,41.10,4158290
1770210660523,3875.76,1011.89,96747520,48807936,43101656,41.10,4158290
1770210660625,3880.39,1013.70,96976896,48807936,43326144,41.32,4159628
1770210660726,3880.62,1013.79,96976896,48807936,43328144,41.32,4159628
1770210660827,3880.88,1013.93,96993280,48807936,43330120,41.32,4159628
1770210660928,3883.90,1015.73,97206272,48807936,43554088,41.54,4169158
1770210661028,3884.01,1015.79,97206272,48807936,43556088,41.54,4169158
1770210661129,3886.47,1017.81,97419264,48807936,43779816,41.75,4170496
1770210661230,3886.63,1017.90,97419264,48807936,43781816,41.75,4170496
1770210661332,3886.78,1018.00,97419264,48807936,43783792,41.76,4170496
1770210661433,3890.30,1019.51,97566720,48807936,42522048,40.55,4180026
1770210661534,3890.46,1019.60,97566720,48807936,42524048,40.55,4180026
1770210661635,3892.96,1021.38,97566720,48807936,42747912,40.77,4138559
1770210661736,3893.10,1021.46,97566720,48807936,42749912,40.77,4138559
1770210661836,3893.30,1021.57,97566720,48807936,42751888,40.77,4138559
1770210661938,3896.69,1023.58,97566720,48807936,42976040,40.99,4148089
1770210662039,3896.95,1023.71,97566720,48807936,42978016,40.99,4148089
1770210662140,3900.24,1025.68,97583104,48807936,43201752,41.20,4149427
1770210662241,3900.60,1025.85,97583104,48807936,43203752,41.20,4149427
1770210662341,3900.89,1026.01,97583104,48807936,43205728,41.20,4149427
1770210662442,3903.84,1027.82,97583104,48807936,43429888,41.42,4158957
1770210662543,3904.13,1027.99,97583104,48807936,43431864,41.42,4158957
1770210662644,3907.19,1029.72,97583104,48807936,43655592,41.63,4160295
1770210662745,3907.40,1029.82,97583104,48807936,43657592,41.64,4160295
1770210662846,3907.67,1029.95,97583104,48807936,43659568,41.64,4160295
1770210662947,3913.10,1032.61,94650368,45662208,42667464,40.69,4169825
1770210663048,3913.40,1032.79,94650368,45662208,42669440,40.69,4169825
1770210663149,3920.58,1034.69,94650368,45662208,42894360,40.91,4137892
1770210663250,3920.83,1034.83,94650368,45662208,42896336,40.91,4137892
1770210663351,3921.11,1034.99,94650368,45662208,42898312,40.91,4137892
1770210663451,3923.51,1037.32,94666752,45662208,43122224,41.12,4147422
1770210663553,3923.79,1037.41,94666752,45662208,43124200,41.13,4147422
1770210663654,3926.18,1039.49,94666752,45662208,43347928,41.34,4148760
1770210663755,3926.40,1039.57,94666752,45662208,43349904,41.34,4148760
1770210663856,3926.67,1039.65,94666752,45662208,43351880,41.34,4148760
1770210663958,3931.33,1041.39,95158272,46972928,42895904,40.91,4146084
1770210664058,3931.64,1041.54,95158272,46972928,42897904,40.91,4146084
1770210664159,3933.85,1043.25,95371264,46972928,43121712,41.12,4147422
1770210664260,3934.08,1043.36,95371264,46972928,43123688,41.13,4147422
1770210664360,3934.34,1043.60,95371264,46972928,43125664,41.13,4147422
1770210664461,3937.72,1045.70,95600640,46972928,43350136,41.34,4156952
1770210664562,3938.02,1045.85,95600640,46972928,43352136,41.34,4156952
1770210664663,3941.74,1047.85,95928320,47235072,42842568,40.86,4158290
1770210664763,3941.90,1047.93,95928320,47235072,42844544,40.86,4158290
1770210664864,3942.11,1048.03,95928320,47235072,42846520,40.86,4158290
1770210664966,3944.96,1049.84,95928320,47235072,43223776,41.22,4146084
1770210665067,3945.14,1049.95,95928320,47235072,43225752,41.22,4146084
1770210665168,3948.50,1051.87,95928320,47235072,43449544,41.44,4147422
1770210665269,3948.79,1052.01,95928320,47235072,43451520,41.44,4147422
1770210665370,3949.05,1052.14,95928320,47235072,43453496,41.44,4147422
1770210665471,3952.79,1054.09,96092160,47497216,43076712,41.08,4156952
1770210665572,3953.10,1054.26,96092160,47497216,43078688,41.08,4156952
1770210665673,3963.90,1056.35,96092160,47497216,43303840,41.30,4137892
1770210665774,3964.18,1056.51,96092160,47497216,43305816,41.30,4137892
1770210665875,3967.43,1057.56,96092160,47497216,43419360,41.41,4146755
1770210665976,3970.20,1058.31,96092160,47497216,43531664,41.52,4147422
1770210666077,3970.38,1058.43,96092160,47497216,43533640,41.52,4147422
1770210666178,3972.65,1060.51,96108544,47497216,43757208,41.73,4148760
1770210666278,3972.78,1060.58,96108544,47497216,43759184,41.73,4148760
1770210666378,3974.84,1061.68,96108544,47497216,43872632,41.84,4157623
1770210666479,3975.88,1062.53,96124928,47497216,43984832,41.95,4158290
1770210666579,3976.18,1062.67,96124928,47497216,43986808,41.95,4158290
1770210666679,3980.29,1064.51,96206848,47497216,43438840,41.43,4137892
1770210666780,3980.55,1064.66,96206848,47497216,43440816,41.43,4137892
1770210666881,3985.21,1066.04,96206848,47497216,43554264,41.54,4146755
1770210666981,3986.59,1066.76,96206848,47497216,43666456,41.64,4147422
1770210667082,3986.87,1066.91,96206848,47497216,43668432,41.65,4147422
1770210667183,3997.87,1069.06,96223232,47497216,43892224,41.86,4148760
1770210667284,3998.00,1069.13,96223232,47497216,43894200,41.86,4148760
1770210667385,4007.42,1070.99,96354304,47759360,43367376,41.36,4158290
1770210667486,4008.73,1071.05,96354304,47759360,43369352,41.36,4158290
1770210667587,4009.01,1071.22,96354304,47759360,43371328,41.36,4158290
1770210667688,4011.84,1073.10,96354304,47759360,43587160,41.57,4138559
1770210667790,4012.13,1073.25,96354304,47759360,43589136,41.57,4138559
1770210667891,4014.80,1075.02,96370688,47759360,43805248,41.78,4148089
1770210667991,4015.02,1075.12,96370688,47759360,43807224,41.78,4148089
1770210668092,4015.32,1075.29,96370688,47759360,43809200,41.78,4148089
1770210668194,4018.42,1077.48,96370688,47759360,44025048,41.99,4149427
1770210668295,4018.66,1077.57,96370688,47759360,44027024,41.99,4149427
1770210668395,4025.26,1080.12,96632832,49856512,43525600,41.51,4158957
1770210668496,4026.92,1080.20,96632832,49856512,43529448,41.51,4158957
1770210668598,4027.16,1080.34,96632832,49856512,43531424,41.51,4158957
1770210668699,4030.45,1082.51,96681984,49856512,43747232,41.72,4138559
1770210668800,4030.71,1082.80,96681984,49856512,43749208,41.72,4138559
1770210668901,4035.50,1083.86,96698368,49856512,43971344,41.93,4148089
1770210669002,4035.64,1083.92,96698368,49856512,43973320,41.94,4148089
1770210669103,4035.88,1084.04,96698368,49856512,43975296,41.94,4148089
1770210669204,4038.34,1085.95,96698368,49856512,44191088,42.14,4149427
1770210669305,4038.56,1086.06,96698368,49856512,44193064,42.15,4149427
1770210669406,4040.78,1087.74,96731136,49856512,44409080,42.35,4158957
1770210669507,4040.93,1087.81,96747520,49856512,44411056,42.35,4158957
1770210669608,4041.15,1087.93,96747520,49856512,44413032,42.36,4158957
1770210669708,4043.29,1090.15,96944128,49856512,44628816,42.56,4160295
1770210669809,4043.58,1090.26,96944128,49856512,44630792,42.56,4160295
1770210669911,4046.54,1092.41,97157120,49856512,44846848,42.77,4169825
1770210670012,4046.84,1092.60,97173504,49856512,44848824,42.77,4169825
1770210670113,4047.14,1092.75,97173504,49856512,44850800,42.77,4169825
1770210670213,4049.94,1094.78,97370112,49856512,45066648,42.98,4171163
1770210670315,4050.11,1094.88,97370112,49856512,45068648,42.98,4171163
1770210670416,4052.81,1096.94,95666176,46972928,43821632,41.79,4180693
1770210670517,4052.93,1097.00,95666176,46972928,43823632,41.79,4180693
1770210670618,4053.12,1097.09,95666176,46972928,43825608,41.80,4180693
1770210670719,4055.80,1099.09,95666176,46972928,44041408,42.00,4137892
1770210670820,4055.96,1099.18,95666176,46972928,44043384,42.00,4137892
1770210670921,4075.32,1101.40,95682560,46972928,44702848,42.63,4147422
1770210671022,4075.50,1101.50,95682560,46972928,44704824,42.63,4147422
1770210671123,4075.68,1101.60,95682560,46972928,44706800,42.64,4147422
1770210671223,4078.25,1103.46,95682560,46972928,44920680,42.84,4148760
1770210671325,4078.47,1103.56,95682560,46972928,44922656,42.84,4148760
1770210671426,4084.11,1105.64,96337920,48545792,44514016,42.45,4146084
1770210671527,4084.28,1105.74,96337920,48545792,44515992,42.45,4146084
1770210671628,4084.50,1105.89,96337920,48545792,44517968,42.46,4146084
1770210671729,4119.36,1108.53,96583680,48545792,44732200,42.66,4147422
1770210671830,4119.55,1108.64,96583680,48545792,44734176,42.66,4147422
1770210671931,4121.94,1110.68,96796672,48545792,44945112,42.86,4156952
1770210672032,4122.21,1110.83,96796672,48545792,44947088,42.86,4156952
1770210672132,4122.45,1110.96,96796672,48545792,44949064,42.87,4156952
1770210672232,4125.41,1112.97,96993280,48545792,45159792,43.07,4158290
1770210672333,4125.69,1113.12,96993280,48545792,45161768,43.07,4158290
1770210672434,4129.05,1114.84,97304576,51167232,44635224,42.57,4137892
1770210672534,4129.23,1114.93,97304576,51167232,44637200,42.57,4137892
1770210672635,4129.44,1115.05,97304576,51167232,44639176,42.57,4137892
1770210672736,4137.82,1117.04,97304576,51167232,44850104,42.77,4139230
1770210672837,4138.16,1117.21,97304576,51167232,44852104,42.77,4139230
1770210672937,4145.36,1118.75,97320960,51167232,45064288,42.98,4148760
1770210673038,4145.56,1118.83,97320960,51167232,45065760,42.98,4148760
1770210673140,4145.80,1118.98,97320960,51167232,45067232,42.98,4148760
1770210673241,4148.58,1120.96,97320960,51167232,45277648,43.18,4150098
1770210673342,4148.82,1121.10,97320960,51167232,45279144,43.18,4150098
1770210673443,4157.78,1123.19,97484800,51167232,45490856,43.38,4159628
1770210673544,4157.98,1123.33,97484800,51167232,45492328,43.38,4159628
1770210673644,4158.10,1123.39,97484800,51167232,45493800,43.39,4159628
1770210673746,4159.85,1124.96,97697792,51167232,45703928,43.59,4160966
1770210673847,4160.01,1125.07,97714176,51167232,45705424,43.59,4160966
1770210673949,4163.33,1126.71,97910784,51167232,45915784,43.79,4170496
1770210674050,4163.51,1126.81,97910784,51167232,45917256,43.79,4170496
1770210674150,4163.72,1126.98,97910784,51167232,45918728,43.79,4170496
1770210674252,4165.91,1128.66,98123776,51167232,46128808,43.99,4171834
1770210674352,4166.14,1128.78,98123776,51167232,46130304,43.99,4171834
1770210674452,4168.76,1130.40,98467840,51167232,44790168,42.72,4181364
1770210674554,4168.88,1130.46,98467840,51167232,44791664,42.72,4181364
1770210674655,4169.04,1130.57,98467840,51167232,44793136,42.72,4181364
1770210674755,4171.03,1132.37,98467840,51167232,45003184,42.92,4137892
1770210674856,4171.19,1132.48,98467840,51167232,45004656,42.92,4137892
1770210674957,4176.65,1134.43,98484224,51167232,45215472,43.12,4147422
1770210675057,4176.89,1134.57,98484224,51167232,45216944,43.12,4147422
1770210675159,4177.14,1134.74,98484224,51167232,45218416,43.12,4147422
1770210675260,4179.66,1136.42,98484224,51167232,45428448,43.32,4148760
1770210675361,4179.91,1136.55,98484224,51167232,45429920,43.33,4148760
1770210675462,4182.41,1138.51,98648064,51167232,45640232,43.53,4158290
1770210675563,4184.24,1139.00,98779136,51167232,45672160,43.56,4158298
1770210675664,4184.45,1139.12,98795520,51167232,45673656,43.56,4158298
1770210675766,4188.06,1141.11,99008512,51167232,45883800,43.76,4159636
1770210675866,4188.20,1141.21,99008512,51167232,45885296,43.76,4159636
1770210675967,4190.66,1143.21,99205120,51167232,46095552,43.96,4169166
1770210676067,4190.81,1143.31,99205120,51167232,46097048,43.96,4169166
1770210676169,4190.99,1143.42,99205120,51167232,46098520,43.96,4169166
1770210676270,4193.89,1145.30,99418112,51167232,46308600,44.16,4170504
1770210676371,4194.11,1145.44,99418112,51167232,46310096,44.16,4170504
1770210676471,4198.25,1147.97,96731136,48283648,45084456,43.00,4180034
1770210676572,4198.50,1148.05,96731136,48283648,45085952,43.00,4180034
1770210676673,4198.75,1148.17,96731136,48283648,45087424,43.00,4180034
1770210676774,4201.81,1150.14,96731136,48283648,45297480,43.20,4138559
1770210676875,4202.08,1150.30,96731136,48283648,45298952,43.20,4138559
1770210676975,4217.02,1152.82,96747520,48283648,45509944,43.40,4148089
1770210677077,4217.30,1153.01,96747520,48283648,45511416,43.40,4148089
1770210677178,4217.56,1153.14,96747520,48283648,45512888,43.40,4148089
1770210677277,4220.42,1155.17,96747520,48283648,45722712,43.60,4149427
1770210677379,4220.65,1155.30,96747520,48283648,45724184,43.61,4149427
1770210677490,4353.76,1170.02,131432448,98123776,59868248,57.09,4137892
1770210677591,4590.93,1177.30,149651456,101531648,66370400,63.30,4128362
1770210677691,4592.70,1178.36,149651456,101531648,66580496,63.50,4129700
1770210677792,4592.77,1178.39,149651456,101531648,66582016,63.50,4129700
1770210677893,4592.95,1178.47,149651456,101531648,66583512,63.50,4129700
1770210677994,4595.33,1180.39,149651456,101531648,66793384,63.70,4139226
1770210678094,4595.51,1180.47,149651456,101531648,66794904,63.70,4139226
1770210678194,4597.74,1182.18,149651456,101531648,67004488,63.90,4140560
1770210678295,4597.90,1182.23,149651456,101531648,67006008,63.90,4140560
1770210678396,4598.20,1182.38,149651456,101531648,67007504,63.90,4140560
1770210678497,4601.08,1184.50,149651456,101531648,67217400,64.10,4150086
1770210678598,4601.34,1184.60,149651456,101531648,67218920,64.10,4150086
1770210678698,4603.13,1185.79,149667840,101531648,67428536,64.30,4151420
1770210678799,4603.31,1185.86,149667840,101531648,67430056,64.31,4151420
1770210678900,4603.60,1186.06,149667840,101531648,67431552,64.31,4151420
1770210679000,4606.31,1188.46,149667840,101531648,67641376,64.51,4160946
1770210679102,4606.47,1188.55,149667840,101531648,67642896,64.51,4160946
1770210679203,4608.69,1190.42,149667840,101531648,67852664,64.71,4162280
1770210679304,4608.83,1190.50,149667840,101531648,67854184,64.71,4162280
1770210679404,4608.99,1190.60,149667840,101531648,67855680,64.71,4162280
1770210679505,4610.86,1192.27,149667840,101531648,68065464,64.91,4171806
1770210679606,4611.02,1192.37,149667840,101531648,68066984,64.91,4171806
1770210679707,4613.11,1194.00,149667840,101531648,68276568,65.11,4173140
1770210679808,4613.22,1194.06,149667840,101531648,68278088,65.12,4173140
1770210679909,4613.40,1194.13,149667840,101531648,68279584,65.12,4173140
1770210680010,4615.41,1196.20,149684224,101531648,68489384,65.32,4182666
1770210680110,4615.77,1196.37,149684224,101531648,68490904,65.32,4182666
1770210680212,4618.52,1198.24,149684224,101531648,68700552,65.52,4184000
1770210680313,4618.72,1198.34,149684224,101531648,68702072,65.52,4184000
1770210680414,4618.93,1198.43,149684224,101531648,68703568,65.52,4184000
1770210680515,4621.05,1200.39,149700608,101531648,68913328,65.72,4193528
1770210680616,4621.21,1200.49,149700608,101531648,68914848,65.72,4193528
1770210680717,4622.69,1201.70,149700608,101531648,69124480,65.92,4194864
1770210680818,4622.76,1201.74,149700608,101531648,69126000,65.92,4194864
1770210680919,4622.87,1201.80,149700608,101531648,69127496,65.93,4194864
1770210681020,4625.73,1203.73,149700608,101531648,69337392,66.13,4204392
1770210681120,4625.98,1203.87,149700608,101531648,69338912,66.13,4204392
1770210681222,4628.80,1205.97,149716992,101531648,69548520,66.33,4205728
1770210681323,4629.03,1206.09,149716992,101531648,69550040,66.33,4205728
1770210681424,4629.28,1206.23,149716992,101531648,69551536,66.33,4205728
1770210681525,4631.25,1207.78,149733376,101531648,69761320,66.53,4215256
1770210681625,4631.40,1207.87,149733376,101531648,69762840,66.53,4215256
1770210681727,4633.27,1209.60,149733376,101531648,69972456,66.73,4216592
1770210681828,4634.69,1209.69,149733376,101531648,69974216,66.73,4216592
1770210681929,4634.86,1209.76,149733376,101531648,69975712,66.73,4216592
1770210682030,4640.62,1211.53,149733376,101531648,70186296,66.93,4226120
1770210682130,4640.74,1211.60,149733376,101531648,70187816,66.94,4226120
1770210682231,4642.86,1213.30,149749760,101531648,70397504,67.14,4227456
1770210682332,4643.01,1213.40,149749760,101531648,70399024,67.14,4227456
1770210682433,4643.15,1213.51,149749760,101531648,70400520,67.14,4227456
1770210682534,4644.78,1215.17,149749760,101531648,70610352,67.34,4236984
1770210682635,4644.94,1215.26,149749760,101531648,70611872,67.34,4236984
1770210682736,4647.05,1217.11,149749760,101531648,70821488,67.54,4238320
1770210682837,4647.33,1217.26,149749760,101531648,70823008,67.54,4238320
1770210682939,4647.52,1217.41,149766144,101531648,70824504,67.54,4238320
1770210683039,4649.21,1218.92,149766144,101531648,71034288,67.74,4247848
1770210683139,4649.34,1219.02,149766144,101531648,71035808,67.75,4247848
1770210683240,4651.07,1220.82,149766144,101531648,71245456,67.94,4249184
1770210683341,4651.28,1220.93,149766144,101531648,71246976,67.95,4249184
1770210683441,4651.59,1221.11,149766144,101531648,71248472,67.95,4249184
1770210683542,4653.58,1223.01,149782528,101531648,71458248,68.15,4258712
1770210683643,4653.82,1223.16,149782528,101531648,71459768,68.15,4258712
1770210683744,4655.33,1224.42,149782528,101531648,71669448,68.35,4260048
1770210683845,4655.66,1224.52,149782528,101531648,71670968,68.35,4260048
1770210683946,4657.63,1224.67,149782528,101531648,71672688,68.35,4260048
1770210684047,4659.33,1226.42,149782528,101531648,71882472,68.55,4269576
1770210684148,4659.57,1226.57,149782528,101531648,71883992,68.55,4269576
1770210684248,4662.13,1228.33,149782528,101531648,72093600,68.75,4270912
1770210684349,4662.33,1228.45,149782528,101531648,72095120,68.76,4270912
1770210684450,4662.49,1228.55,149782528,101531648,72096616,68.76,4270912
1770210684551,4665.31,1230.56,149782528,101531648,72562616,69.20,4280440
1770210684651,4665.50,1230.66,149782528,101531648,72564136,69.20,4280440
1770210684751,4667.82,1232.54,149782528,101531648,72773824,69.40,4281776
1770210684852,4668.00,1232.64,149782528,101531648,72775344,69.40,4281776
1770210684953,4668.21,1232.78,149782528,101531648,72776840,69.41,4281776
1770210685054,4670.71,1234.78,149782528,101531648,72986752,69.61,4291304
1770210685155,4670.99,1234.92,149782528,101531648,72988272,69.61,4291304
1770210685257,4680.92,1237.23,149798912,101531648,73200160,69.81,4292640
1770210685358,4681.17,1237.38,149798912,101531648,73201680,69.81,4292640
1770210685459,4681.45,1237.54,149798912,101531648,73203176,69.81,4292640
1770210685560,4683.65,1239.39,149798912,101531648,73412968,70.01,4302168
1770210685661,4760.18,1250.52,106266624,57458688,42184720,40.23,4135216
1770210685761,4764.09,1252.00,106266624,57458688,42693944,40.72,4136552
1770210685863,4764.25,1252.10,106266624,57458688,42695448,40.72,4136552
1770210685964,4764.39,1252.20,106266624,57458688,42696928,40.72,4136552
1770210686065,4770.41,1253.94,106266624,57458688,42926400,40.94,4146080
1770210686166,4770.57,1254.05,106266624,57458688,42927904,40.94,4146080
1770210686267,4829.80,1260.86,94437376,46710784,42230184,40.27,4136552
1770210686367,4829.96,1260.93,94437376,46710784,42231728,40.28,4136552
1770210686468,4830.14,1261.03,94437376,46710784,42233200,40.28,4136552
1770210686569,4832.58,1262.70,94650368,46710784,42457576,40.49,4146080
1770210686669,4832.75,1262.81,94650368,46710784,42459072,40.49,4146080
1770210686770,4834.61,1264.30,94879744,46710784,42683608,40.71,4147416
1770210686871,4893.48,1267.80,94191616,45924352,41939696,40.00,4135216
1770210686972,4893.84,1267.99,94191616,45924352,41943792,40.00,4135216
1770210687073,4898.31,1269.78,94437376,45924352,42354728,40.39,4144744
1770210687174,4898.46,1269.89,94437376,45924352,42356224,40.39,4144744
1770210687275,4900.36,1271.26,94650368,45924352,42580384,40.61,4146080
1770210687376,4900.51,1271.36,94650368,45924352,42581880,40.61,4146080
1770210687477,4900.68,1271.47,94650368,45924352,42583352,40.61,4146080
1770210687577,4902.95,1273.16,94879744,45924352,42807728,40.82,4155608
1770210687679,4903.07,1273.23,94879744,45924352,42809224,40.83,4155608
1770210687780,4905.79,1274.87,95453184,49070080,42160792,40.21,4156944
1770210687881,4906.00,1274.98,95453184,49070080,42162288,40.21,4156944
1770210687981,4906.29,1275.14,95453184,49070080,42163760,40.21,4156944
1770210688082,4909.00,1277.05,95682560,49070080,42388320,40.42,4154938
1770210688183,4909.20,1277.19,95682560,49070080,42389816,40.43,4154938
1770210688284,4912.19,1278.98,95895552,49070080,42613992,40.64,4156274
1770210688385,4912.40,1279.12,95895552,49070080,42615488,40.64,4156274
1770210688485,4912.56,1279.22,95895552,49070080,42616960,40.64,4156274
1770210688587,4914.86,1281.38,96108544,49070080,42841328,40.86,4165802
1770210688688,4915.01,1281.48,96108544,49070080,42842824,40.86,4165802
1770210688789,4917.19,1283.39,96337920,49070080,43066952,41.07,4167138
1770210688889,4917.39,1283.50,96337920,49070080,43068448,41.07,4167138
1770210688991,4917.63,1283.66,96337920,49070080,43069920,41.07,4167138
1770210689091,4920.25,1285.55,96550912,49070080,43294264,41.29,4176666
1770210689193,4920.46,1285.67,96550912,49070080,43295760,41.29,4176666
1770210689294,4923.01,1287.87,96780288,49070080,43519920,41.50,4178002
1770210689395,4923.25,1287.99,96780288,49070080,43521416,41.51,4178002
1770210689496,4923.50,1288.11,96780288,49070080,43522888,41.51,4178002
1770210689597,4926.26,1290.12,97009664,49070080,43747224,41.72,4187530
1770210689698,4926.54,1290.25,97009664,49070080,43748720,41.72,4187530
1770210689799,4928.78,1291.83,97206272,49070080,42443200,40.48,4188866
1770210689899,4928.98,1291.91,97206272,49070080,42444696,40.48,4188866
1770210690001,4930.08,1292.87,97255424,49070080,42558200,40.59,4153606
1770210690102,4930.88,1293.53,97288192,49070080,42670472,40.69,4154272
1770210690203,4931.03,1293.62,97288192,49070080,42671968,40.70,4154272
1770210690304,4938.44,1295.42,97288192,49070080,43103640,41.11,4155608
1770210690405,4938.69,1295.56,97288192,49070080,43105112,41.11,4155608
1770210690505,4940.49,1296.83,97288192,49070080,43218584,41.22,4164470
1770210690607,4941.53,1297.73,97288192,49070080,43330856,41.32,4165136
1770210690709,4941.80,1297.88,97288192,49070080,43332352,41.32,4165136
1770210690810,4946.36,1300.07,97484800,49070080,43561264,41.54,4166472
1770210690911,4946.62,1300.18,97484800,49070080,43562760,41.54,4166472
1770210691011,4949.30,1302.41,97697792,49070080,43789712,41.76,4176000
1770210691112,4949.47,1302.48,97697792,49070080,43791208,41.76,4176000
1770210691212,4949.82,1302.62,97697792,49070080,43792680,41.76,4176000
1770210691313,4971.10,1304.76,97927168,49070080,44131768,42.09,4177336
1770210691414,4971.30,1304.88,97927168,49070080,44133232,42.09,4177336
1770210691514,4976.61,1306.54,98156544,49070080,44357096,42.30,4186864
1770210691616,4976.71,1306.61,98156544,49070080,44358560,42.30,4186864
1770210691716,4976.91,1306.73,98156544,49070080,44360000,42.30,4186864
1770210691817,4981.43,1308.63,98304000,49070080,43124240,41.13,4188200
1770210691918,4981.69,1308.75,98304000,49070080,43125704,41.13,4188200
1770210692019,4984.53,1310.92,98304000,49070080,43348880,41.34,4154938
1770210692119,4984.64,1311.00,98304000,49070080,43350320,41.34,4154938
1770210692219,4984.78,1311.10,98304000,49070080,43351760,41.34,4154938
1770210692320,4988.67,1312.97,98304000,49070080,43574856,41.56,4156274
1770210692421,4988.91,1313.10,98304000,49070080,43576296,41.56,4156274
1770210692521,4991.90,1315.08,98304000,49070080,43799512,41.77,4165802
1770210692623,4992.04,1315.15,98304000,49070080,43800952,41.77,4165802
1770210692724,4992.28,1315.29,98304000,49070080,43802392,41.77,4165802
1770210692824,4994.96,1317.32,98320384,49070080,44025384,41.99,4167138
1770210692924,4995.18,1317.43,98320384,49070080,44026824,41.99,4167138
1770210693024,4997.58,1319.44,98320384,49070080,44249992,42.20,4176666
1770210693126,4997.73,1319.53,98320384,49070080,44251432,42.20,4176666
1770210693227,4997.99,1319.70,98320384,49070080,44252872,42.20,4176666
1770210693328,5003.57,1321.46,98320384,49070080,44476184,42.42,4178002
1770210693429,5003.73,1321.56,98320384,49070080,44477624,42.42,4178002
1770210693529,5007.56,1323.37,98320384,49070080,43300008,41.29,4187530
1770210693630,5007.79,1323.50,98320384,49070080,43301448,41.30,4187530
1770210693730,5007.98,1323.59,98320384,49070080,43302888,41.30,4187530
1770210693832,5010.00,1325.76,98320384,49070080,43526264,41.51,4146080
1770210693933,5010.15,1325.86,98320384,49070080,43527704,41.51,4146080
1770210694035,5012.61,1327.62,98320384,49070080,43750920,41.72,4155608
1770210694136,5012.77,1327.71,98320384,49070080,43752360,41.73,4155608
1770210694237,5012.91,1327.82,98320384,49070080,43753800,41.73,4155608
1770210694338,5015.05,1329.38,98336768,49070080,43976864,41.94,4156944
1770210694439,5015.23,1329.48,98336768,49070080,43978304,41.94,4156944
1770210694540,5018.36,1331.63,98336768,49070080,44201536,42.15,4166472
1770210694641,5018.49,1331.71,98336768,49070080,44202976,42.16,4166472
1770210694742,5018.68,1331.81,98336768,49070080,44204416,42.16,4166472
1770210694843,5021.63,1333.90,98336768,49070080,44427400,42.37,4167808
1770210694944,5021.79,1334.01,98336768,49070080,44428864,42.37,4167808
1770210695045,5024.85,1335.95,98336768,49070080,44652112,42.58,4177336
1770210695146,5025.07,1336.06,98336768,49070080,44653552,42.58,4177336
1770210695247,5025.31,1336.24,98336768,49070080,44654992,42.59,4177336
1770210695348,5029.45,1338.58,98500608,49332224,43511728,41.50,4178672
1770210695449,5029.64,1338.67,98500608,49332224,43513192,41.50,4178672
1770210695550,5032.30,1340.52,98500608,49332224,43736408,41.71,4154272
1770210695651,5032.45,1340.59,98500608,49332224,43737848,41.71,4154272
1770210695751,5032.67,1340.74,98500608,49332224,43739288,41.71,4154272
1770210695851,5039.43,1342.51,98516992,49332224,43963224,41.93,4155608
1770210695952,5039.60,1342.61,98516992,49332224,43964664,41.93,4155608
1770210696053,5045.13,1344.64,98516992,49332224,44187552,42.14,4165136
1770210696154,5045.35,1344.77,98516992,49332224,44188992,42.14,4165136
1770210696255,5045.59,1344.90,98516992,49332224,44190432,42.14,4165136
1770210696356,5048.69,1346.78,98516992,49332224,44413008,42.36,4166472
1770210696457,5048.88,1346.90,98516992,49332224,44414448,42.36,4166472
1770210696558,5054.12,1348.87,98533376,49332224,44637448,42.57,4176000
1770210696659,5054.26,1348.94,98533376,49332224,44638888,42.57,4176000
1770210696761,5054.48,1349.09,98533376,49332224,44640328,42.57,4176000
1770210696862,5061.49,1351.12,98533376,49332224,44863088,42.78,4177336
1770210696962,5061.71,1351.25,98533376,49332224,44864528,42.79,4177336
1770210697062,5066.46,1353.18,98533376,49332224,45088184,43.00,4186864
1770210697164,5066.64,1353.28,98533376,49332224,45089624,43.00,4186864
1770210697264,5066.87,1353.39,98533376,49332224,45091064,43.00,4186864
1770210697365,5080.17,1355.32,98828288,49594368,43819856,41.79,4188200
1770210697465,5080.38,1355.46,98828288,49594368,43821296,41.79,4188200
1770210697567,5089.35,1357.18,98828288,49594368,44037216,42.00,4154938
1770210697668,5089.53,1357.29,98828288,49594368,44038656,42.00,4154938
1770210697769,5089.77,1357.44,98828288,49594368,44040096,42.00,4154938
1770210697870,5092.76,1359.43,98828288,49594368,44404832,42.35,4156274
1770210697971,5092.97,1359.52,98828288,49594368,44406272,42.35,4156274
1770210698071,5098.12,1361.64,98844672,49594368,44620824,42.55,4165802
1770210698172,5098.34,1361.76,98844672,49594368,44622264,42.56,4165802
1770210698273,5098.47,1361.85,98844672,49594368,44623704,42.56,4165802
1770210698374,5101.04,1363.49,98844672,49594368,44837512,42.76,4167138
1770210698475,5101.27,1363.64,98844672,49594368,44838952,42.76,4167138
1770210698576,5108.31,1365.64,98844672,49594368,45053576,42.97,4176666
1770210698677,5108.47,1365.73,98844672,49594368,45055016,42.97,4176666
1770210698778,5108.66,1365.85,98844672,49594368,45056456,42.97,4176666
1770210698879,5111.26,1367.57,98893824,49594368,45270280,43.17,4178002
1770210698980,5111.53,1367.74,98893824,49594368,45271720,43.17,4178002
1770210699082,5119.36,1369.77,98910208,49594368,45485928,43.38,4187530
1770210699183,5119.49,1369.85,98910208,49594368,45487368,43.38,4187530
1770210699284,5119.61,1369.92,98910208,49594368,45488808,43.38,4187530
1770210699385,5123.66,1372.36,99467264,54575104,44312520,42.26,4188866
1770210699486,5123.81,1372.42,99467264,54575104,44313960,42.26,4188866
1770210699586,5125.78,1374.80,99467264,54575104,44527968,42.47,4154938
1770210699687,5125.96,1374.90,99467264,54575104,44529408,42.47,4154938
1770210699788,5126.15,1375.03,99467264,54575104,44530848,42.47,4154938
1770210699889,5129.69,1377.05,99467264,54575104,44744624,42.67,4156274
1770210699990,5129.89,1377.17,99467264,54575104,44746064,42.67,4156274
1770210700091,5139.84,1379.18,99483648,54575104,44960160,42.88,4165802
1770210700192,5140.06,1379.33,99483648,54575104,44961600,42.88,4165802
1770210700292,5140.25,1379.43,99483648,54575104,44963040,42.88,4165802
1770210700393,5142.86,1381.52,99483648,54575104,45176568,43.08,4167138
1770210700494,5143.03,1381.59,99483648,54575104,45178008,43.09,4167138
1770210700595,5146.02,1383.68,99483648,54575104,45391672,43.29,4176666
1770210700696,5146.17,1383.79,99483648,54575104,45393112,43.29,4176666
1770210700797,5146.36,1383.88,99483648,54575104,45394552,43.29,4176666
1770210700898,5148.22,1385.55,99483648,54575104,45608056,43.50,4178002
1770210700999,5148.42,1385.68,99483648,54575104,45609496,43.50,4178002
1770210701100,5151.41,1387.73,99483648,54575104,45823200,43.70,4187530
1770210701200,5151.56,1387.84,99483648,54575104,45824640,43.70,4187530
1770210701302,5151.76,1387.94,99483648,54575104,45826080,43.70,4187530
1770210701403,5176.17,1389.97,99598336,54575104,46040912,43.91,4188866
1770210701504,5176.38,1390.08,99598336,54575104,46042352,43.91,4188866
1770210701605,5179.38,1392.15,99811328,54575104,46254424,44.11,4198394
1770210701706,5179.58,1392.26,99811328,54575104,46255888,44.11,4198394
1770210701807,5179.83,1392.41,99811328,54575104,46257328,44.11,4198394
1770210701908,5214.77,1394.63,100040704,54575104,46473680,44.32,4199730
1770210702009,5214.98,1394.74,100040704,54575104,46475152,44.32,4199730
1770210702109,5218.14,1396.91,100237312,54575104,46684392,44.52,4209258
1770210702211,5218.32,1397.04,100253696,54575104,46685864,44.52,4209258
1770210702312,5218.58,1397.17,100253696,54575104,46687312,44.52,4209258
1770210702413,5226.73,1399.40,100450304,54575104,46896616,44.72,4210594
1770210702514,5226.94,1399.54,100450304,54575104,46898088,44.73,4210594
1770210702615,5229.77,1401.35,100646912,54575104,47359656,45.17,4220122
1770210702716,5230.02,1401.46,100646912,54575104,47361128,45.17,4220122
1770210702816,5230.30,1401.61,100646912,54575104,47362576,45.17,4220122
1770210702917,5233.01,1403.69,100843520,54575104,47571544,45.37,4221458
1770210703018,5233.20,1403.82,100843520,54575104,47573016,45.37,4221458
1770210703119,5236.07,1406.12,101040128,54575104,47782352,45.57,4230988
1770210703220,5236.29,1406.27,101040128,54575104,47783824,45.57,4230988
1770210703320,5236.57,1406.45,101040128,54575104,47785272,45.57,4230988
1770210703421,5239.35,1408.60,101269504,54575104,47994288,45.77,4232326
1770210703523,5239.62,1408.75,101269504,54575104,47995760,45.77,4232326
1770210703624,5243.47,1410.69,101761024,55361536,45102040,43.01,4241856
1770210703724,5243.62,1410.78,101761024,55361536,45103512,43.01,4241856
1770210703825,5243.79,1410.88,101761024,55361536,45104960,43.02,4241856
1770210703926,5245.52,1412.59,101761024,55361536,45314456,43.22,4146082
1770210704026,5245.74,1412.73,101761024,55361536,45315928,43.22,4146082
1770210704127,5249.38,1414.61,101761024,55361536,45525232,43.42,4155612
1770210704228,5249.59,1414.74,101761024,55361536,45526704,43.42,4155612
1770210704328,5249.85,1414.86,101761024,55361536,45528152,43.42,4155612
1770210704430,5252.91,1417.02,101761024,55361536,45737192,43.62,4156950
1770210704532,5253.15,1417.10,101761024,55361536,45738664,43.62,4156950
1770210704632,5255.71,1418.87,101777408,55361536,45947856,43.82,4166480
1770210704733,5255.91,1418.98,101777408,55361536,45949328,43.82,4166480
1770210704834,5256.13,1419.13,101777408,55361536,45950776,43.82,4166480
1770210704935,5259.32,1420.91,101777408,55361536,46159744,44.02,4167818
1770210705036,5259.60,1421.07,101777408,55361536,46161216,44.02,4167818
1770210705137,5264.00,1423.17,101777408,55361536,46370480,44.22,4177348
1770210705237,5264.17,1423.28,101777408,55361536,46371952,44.22,4177348
1770210705338,5264.31,1423.37,101777408,55361536,46373400,44.23,4177348
1770210705439,5266.59,1425.24,101892096,55361536,46582416,44.42,4178686
1770210705540,5266.89,1425.35,101892096,55361536,46584400,44.43,4178686
1770210705641,5269.83,1427.40,102088704,55361536,46793624,44.63,4188216
1770210705742,5270.01,1427.52,102088704,55361536,46795096,44.63,4188216
1770210705842,5270.28,1427.67,102088704,55361536,46796544,44.63,4188216
1770210705944,5273.15,1429.89,102285312,55361536,47005616,44.83,4189554
1770210706044,5273.33,1430.00,102285312,55361536,47007088,44.83,4189554
1770210706145,5276.46,1432.02,102514688,55361536,47216280,45.03,4199084
1770210706247,5276.56,1432.08,102514688,55361536,47217752,45.03,4199084
1770210706347,5276.72,1432.18,102514688,55361536,47219200,45.03,4199084
1770210706449,5279.60,1434.14,102711296,55361536,47428176,45.23,4200422
1770210706549,5279.78,1434.25,102711296,55361536,47429648,45.23,4200422
1770210706650,5282.21,1436.34,102907904,55361536,47638872,45.43,4209952
1770210706751,5282.39,1436.43,102907904,55361536,47640344,45.43,4209952
1770210706851,5282.60,1436.56,102924288,55361536,47641792,45.43,4209952
1770210706952,5285.50,1438.65,103120896,55361536,47850840,45.63,4211290
1770210707053,5285.74,1438.79,103120896,55361536,47852312,45.64,4211290
1770210707154,5291.14,1443.59,97337344,48807936,45602488,43.49,4220820
1770210707254,5291.36,1443.72,97337344,48807936,45603952,43.49,4220820
1770210707355,5291.60,1443.84,97337344,48807936,45605392,43.49,4220820
1770210707454,5555.48,1460.26,140623872,98369536,66174512,63.11,4136554
1770210707556,5643.19,1461.93,147636224,99680256,78333064,74.70,4136554
1770210707657,5644.49,1463.40,147652608,99680256,78542088,74.90,4146084
1770210707758,5644.68,1463.48,147652608,99680256,78543560,74.90,4146084
1770210707862,5646.43,1464.78,147652608,99680256,78649216,75.01,4146755
1770210707962,5648.84,1465.70,147652608,99680256,78754104,75.11,4147422
1770210708063,5648.99,1465.80,147652608,99680256,78755576,75.11,4147422
1770210708164,5654.36,1468.28,148848640,101515264,66078144,63.02,4156952
1770210708265,5654.48,1468.35,148848640,101515264,66079632,63.02,4156952
1770210708365,5656.61,1470.00,148848640,101515264,66288392,63.22,4147422
1770210708466,5656.73,1470.06,148848640,101515264,66289856,63.22,4147422
1770210708567,5656.97,1470.20,148848640,101515264,66291320,63.22,4147422
1770210708668,5659.81,1471.95,148865024,101515264,66500408,63.42,4156952
1770210708769,5660.07,1472.12,148865024,101515264,66501872,63.42,4156952
1770210708869,5661.73,1473.92,148865024,101515264,66710688,63.62,4158290
1770210708970,5661.89,1474.00,148865024,101515264,66712176,63.62,4158290
1770210709071,5662.30,1474.38,148865024,101515264,66713640,63.62,4158290
1770210709171,5665.24,1476.63,148865024,101515264,66922680,63.82,4167820
1770210709272,5665.61,1476.83,148865024,101515264,66924168,63.82,4167820
1770210709372,5667.76,1478.45,148865024,101515264,67132912,64.02,4169158
1770210709474,5667.85,1478.50,148865024,101515264,67134400,64.02,4169158
1770210709574,5667.96,1478.57,148865024,101515264,67135864,64.03,4169158
1770210709674,5670.45,1480.61,148865024,101515264,67344856,64.23,4178688
1770210709776,5670.59,1480.70,148865024,101515264,67346344,64.23,4178688
1770210709877,5672.94,1482.29,148881408,101515264,67555320,64.43,4180026
1770210709977,5673.08,1482.36,148471808,101515264,67556808,64.43,4180026
1770210710078,5673.24,1482.46,148471808,101515264,67558272,64.43,4180026
1770210710179,5676.14,1484.77,148471808,101515264,67767304,64.63,4189556
1770210710279,5676.33,1484.89,148471808,101515264,67768792,64.63,4189556
1770210710380,5679.32,1487.03,148471808,101515264,67977632,64.83,4190894
1770210710482,5679.44,1487.10,148471808,101515264,67979120,64.83,4190894
1770210710583,5679.65,1487.21,148471808,101515264,67980584,64.83,4190894
1770210710684,5682.05,1489.29,148471808,101515264,68189672,65.03,4200424
1770210710785,5682.17,1489.36,148471808,101515264,68191160,65.03,4200424
1770210710886,5684.15,1491.40,148471808,101515264,68399904,65.23,4201762
1770210710986,5684.28,1491.48,148471808,101515264,68401392,65.23,4201762
1770210711086,5684.47,1491.61,148471808,101515264,68402856,65.23,4201762
1770210711187,5687.31,1493.67,148471808,101515264,68611848,65.43,4211292
1770210711289,5687.59,1493.84,148471808,101515264,68613336,65.43,4211292
1770210711390,5690.45,1495.82,148488192,101515264,68822176,65.63,4212630
1770210711491,5690.60,1495.92,148488192,101515264,68823664,65.64,4212630
1770210711592,5690.79,1496.03,148488192,101515264,68825128,65.64,4212630
1770210711694,5693.61,1497.95,148488192,101515264,69034272,65.84,4222160
1770210711795,5693.81,1498.06,148488192,101515264,69035760,65.84,4222160
1770210711896,5695.90,1499.90,148488192,101515264,69244632,66.04,4223498
1770210711997,5696.01,1499.97,148488192,101515264,69246120,66.04,4223498
1770210712097,5696.14,1500.06,148488192,101515264,69247584,66.04,4223498
1770210712198,5698.48,1502.06,148488192,101515264,69456600,66.24,4233028
1770210712300,5698.59,1502.12,148488192,101515264,69458088,66.24,4233028
1770210712401,5702.37,1503.89,148488192,101515264,69666960,66.44,4234366
1770210712502,5702.53,1504.01,148488192,101515264,69668448,66.44,4234366
1770210712603,5702.77,1504.19,148488192,101515264,69669912,66.44,4234366
1770210712704,5705.26,1506.21,148504576,101515264,69878992,66.64,4243896
1770210712805,5705.52,1506.38,148504576,101515264,69880480,66.64,4243896
1770210712906,5707.62,1508.68,148504576,101515264,70089272,66.84,4245234
1770210713007,5707.78,1508.77,148504576,101515264,70090760,66.84,4245234
1770210713108,5707.92,1508.85,148504576,101515264,70092224,66.85,4245234
1770210713208,5712.84,1510.77,148520960,101515264,70301320,67.04,4254764
1770210713310,5712.98,1510.88,148520960,101515264,70302808,67.05,4254764
1770210713410,5715.02,1512.94,148520960,101515264,70511536,67.25,4256102
1770210713512,5715.17,1513.04,148520960,101515264,70513024,67.25,4256102
1770210713613,5715.32,1513.15,148520960,101515264,70514488,67.25,4256102
1770210713714,5718.03,1515.24,148520960,101515264,70723632,67.45,4265632
1770210713815,5718.18,1515.33,148520960,101515264,70725120,67.45,4265632
1770210713916,5720.09,1517.25,148520960,101515264,70933888,67.65,4266970
1770210714016,5720.32,1517.40,148520960,101515264,70935376,67.65,4266970
1770210714118,5720.47,1517.50,148520960,101515264,70936840,67.65,4266970
1770210714219,5724.32,1519.36,148520960,101515264,71146312,67.85,4276500
1770210714320,5724.51,1519.46,148520960,101515264,71147800,67.85,4276500
1770210714423,5732.09,1521.23,148537344,101515264,71357072,68.05,4277838
1770210714523,5732.21,1521.30,148537344,101515264,71358560,68.05,4277838
1770210714625,5732.35,1521.37,148537344,101515264,71360024,68.05,4277838
1770210714726,5736.17,1523.40,148537344,101515264,71568760,68.25,4287368
1770210714825,5736.41,1523.53,148537344,101515264,71570248,68.25,4287368
1770210714927,5739.05,1525.62,148537344,101515264,71778808,68.45,4288706
1770210715028,5739.18,1525.73,148537344,101515264,71780296,68.46,4288706
1770210715129,5739.33,1525.81,148537344,101515264,71781760,68.46,4288706
1770210715229,5742.03,1527.77,148537344,101515264,71990464,68.66,4298236
1770210715330,5742.21,1527.86,148537344,101515264,71991952,68.66,4298236
1770210715432,5750.75,1529.96,148553728,101515264,72200928,68.86,4299574
1770210715532,5802.50,1533.51,148602880,59031552,42135056,40.18,4135216
1770210715633,5816.45,1540.31,107413504,59031552,42323680,40.36,4135216
1770210715734,5819.75,1541.91,107413504,59031552,42569824,40.60,4144746
1770210715835,5819.94,1542.00,107413504,59031552,42571296,40.60,4144746
1770210715936,5823.22,1544.04,107413504,59031552,42794928,40.81,4146084
1770210716037,5823.50,1544.19,107413504,59031552,42796400,40.81,4146084
1770210716136,5834.81,1544.68,107429888,59031552,42794752,40.81,4146084
1770210716238,5898.09,1552.21,94502912,46448640,42309480,40.35,4144746
1770210716339,5898.26,1552.29,94502912,46448640,42310944,40.35,4144746
1770210716439,5900.26,1553.76,94732288,46448640,42534520,40.56,4146084
1770210716541,5900.37,1553.83,94732288,46448640,42535984,40.57,4146084
1770210716642,5900.53,1553.91,94732288,46448640,42537424,40.57,4146084
1770210716743,5908.23,1556.21,94945280,46448640,42766344,40.79,4155614
1770210716844,5976.10,1559.88,94273536,45924352,42140272,40.19,4135216
1770210716945,5984.02,1561.97,94535680,45924352,42594016,40.62,4136554
1770210717047,5984.23,1562.10,94535680,45924352,42595480,40.62,4136554
1770210717148,5984.42,1562.20,94535680,45924352,42596920,40.62,4136554
1770210717248,5987.52,1564.30,94748672,45924352,42820512,40.84,4146084
1770210717349,5987.73,1564.40,94748672,45924352,42821976,40.84,4146084
1770210717449,5991.20,1566.66,94961664,45924352,43045432,41.05,4147422
1770210717550,5991.40,1566.76,94961664,45924352,43046896,41.05,4147422
1770210717651,5991.64,1566.89,94961664,45924352,43048336,41.05,4147422
1770210717753,6010.45,1569.40,95567872,49070080,42431160,40.47,4156952
1770210717854,6010.70,1569.55,95567872,49070080,42432624,40.47,4156952
1770210717955,6015.32,1571.62,95813632,49070080,42656048,40.68,4146751
1770210718057,6015.57,1571.75,95813632,49070080,42657512,40.68,4146751
1770210718158,6015.82,1571.89,95813632,49070080,42658952,40.68,4146751
1770210718259,6019.03,1573.78,96026624,49070080,42882568,40.90,4156281
1770210718360,6019.28,1573.90,96026624,49070080,42884032,40.90,4156281
1770210718461,6024.81,1576.36,96256000,49070080,43107648,41.11,4157619
1770210718562,6025.07,1576.52,96256000,49070080,43109112,41.11,4157619
1770210718663,6025.28,1576.67,96206848,49070080,43110552,41.11,4157619
1770210718764,6027.85,1578.74,96419840,49070080,43334064,41.33,4167149
1770210718864,6028.10,1578.88,96419840,49070080,43335528,41.33,4167149
1770210718965,6031.16,1580.92,96632832,49070080,43558784,41.54,4168487
1770210719065,6031.42,1581.05,96632832,49070080,43560248,41.54,4168487
1770210719167,6031.65,1581.16,96436224,49070080,43561688,41.54,4168487
1770210719268,6033.36,1582.50,96649216,49070080,43785152,41.76,4178017
1770210719368,6033.59,1582.66,96649216,49070080,43786616,41.76,4178017
1770210719468,6035.31,1584.24,96878592,49070080,44009848,41.97,4179355
1770210719569,6035.43,1584.31,96813056,49070080,44011312,41.97,4179355
1770210719669,6035.58,1584.41,96813056,49070080,44012752,41.97,4179355
1770210719769,6038.44,1586.66,97026048,49070080,42674792,40.70,4188885
1770210719871,6038.55,1586.72,97026048,49070080,42676256,40.70,4188885
1770210719972,6040.53,1588.52,97026048,49070080,42899440,40.91,4146084
1770210720072,6040.65,1588.58,97026048,49070080,42900880,40.91,4146084
1770210720172,6040.85,1588.67,97026048,49070080,42902320,40.91,4146084
1770210720274,6048.60,1590.42,97140736,49070080,43295424,41.29,4155614
1770210720375,6048.87,1590.55,97140736,49070080,43296888,41.29,4155614
1770210720476,6052.11,1592.23,97140736,49070080,43520056,41.50,4156952
1770210720577,6052.30,1592.35,97140736,49070080,43521496,41.51,4156952
1770210720677,6052.54,1592.49,97140736,49070080,43522936,41.51,4156952
1770210720777,6056.84,1594.61,97337344,49070080,43746400,41.72,4166482
1770210720878,6057.09,1594.71,97337344,49070080,43747864,41.72,4166482
1770210720979,6060.25,1596.68,97550336,49070080,43970672,41.93,4167820
1770210721080,6060.46,1596.77,97550336,49070080,43972136,41.94,4167820
1770210721180,6060.72,1596.89,97550336,49070080,43973576,41.94,4167820
1770210721282,6063.78,1598.74,97763328,49070080,44196584,42.15,4177350
1770210721384,6064.06,1598.88,97763328,49070080,44198048,42.15,4177350
1770210721485,6068.46,1600.79,97976320,49070080,44420840,42.36,4178688
1770210721585,6068.66,1600.88,97976320,49070080,44422304,42.36,4178688
1770210721685,6068.90,1601.06,97976320,49070080,44423744,42.37,4178688
1770210721787,6072.47,1602.72,98156544,49070080,43174824,41.17,4188218
1770210721888,6072.74,1602.87,98156544,49070080,43176288,41.18,4188218
1770210721988,6075.90,1604.75,98156544,49070080,43399096,41.39,4146751
1770210722090,6076.10,1604.86,98156544,49070080,43400536,41.39,4146751
1770210722193,6078.34,1606.13,98156544,49070080,43513336,41.50,4155614
1770210722294,6080.32,1606.94,98156544,49070080,43625072,41.60,4156281
1770210722396,6080.58,1607.05,98156544,49070080,43626512,41.61,4156281
1770210722497,6083.77,1609.05,98156544,49070080,43849432,41.82,4157619
1770210722598,6084.00,1609.15,98156544,49070080,43850872,41.82,4157619
1770210722699,6087.50,1611.19,98156544,49070080,44073776,42.03,4167149
1770210722801,6087.65,1611.26,98156544,49070080,44075216,42.03,4167149
1770210722902,6087.91,1611.40,98156544,49070080,44076672,42.03,4167149
1770210723002,6091.02,1613.48,98156544,49070080,44299456,42.25,4168487
1770210723104,6091.25,1613.59,98156544,49070080,44300896,42.25,4168487
1770210723204,6096.63,1615.45,98172928,49070080,43346872,41.34,4178017
1770210723304,6096.80,1615.53,98172928,49070080,43348312,41.34,4178017
1770210723404,6097.04,1615.66,98172928,49070080,43349752,41.34,4178017
1770210723505,6101.49,1617.02,98172928,49070080,43572816,41.55,4146084
1770210723606,6101.73,1617.16,98172928,49070080,43574256,41.56,4146084
1770210723705,6104.90,1619.06,98172928,49070080,43797264,41.77,4155614
1770210723807,6105.05,1619.13,98172928,49070080,43798704,41.77,4155614
1770210723907,6105.32,1619.29,98172928,49070080,43800144,41.77,4155614
1770210724008,6108.10,1621.14,98172928,49070080,44023048,41.98,4156952
1770210724109,6108.35,1621.27,98172928,49070080,44024488,41.99,4156952
1770210724210,6111.62,1623.61,98172928,49070080,44247440,42.20,4166482
1770210724310,6111.77,1623.68,98172928,49070080,44248880,42.20,4166482
1770210724412,6112.02,1623.83,98172928,49070080,44250320,42.20,4166482
1770210724513,6115.09,1625.76,98189312,49070080,44473320,42.41,4167820
1770210724613,6115.35,1625.90,98189312,49070080,44474760,42.41,4167820
1770210724713,6118.11,1627.84,98189312,49070080,44697720,42.63,4177350
1770210724814,6118.24,1627.90,98189312,49070080,44699160,42.63,4177350
1770210724916,6118.47,1628.06,98189312,49070080,44700600,42.63,4177350
1770210725017,6122.53,1630.12,98418688,49594368,43551416,41.53,4178688
1770210725118,6122.78,1630.26,98418688,49594368,43552856,41.54,4178688
1770210725218,6125.90,1632.15,98418688,49594368,43775896,41.75,4154276
1770210725319,6126.03,1632.23,98418688,49594368,43777360,41.75,4154276
1770210725419,6126.23,1632.36,98418688,49594368,43778800,41.75,4154276
1770210725519,6128.94,1634.16,98418688,49594368,44001584,41.96,4155614
1770210725620,6129.19,1634.30,98418688,49594368,44003024,41.96,4155614
1770210725721,6133.98,1636.27,98418688,49594368,44226568,42.18,4165144
1770210725822,6134.13,1636.34,98418688,49594368,44228032,42.18,4165144
1770210725923,6134.38,1636.48,98418688,49594368,44229472,42.18,4165144
1770210726024,6141.14,1638.38,98435072,49594368,44452496,42.39,4166482
1770210726125,6141.37,1638.51,98435072,49594368,44453936,42.39,4166482
1770210726225,6144.82,1640.29,98435072,49594368,44676800,42.61,4176012
1770210726325,6144.95,1640.37,98435072,49594368,44678264,42.61,4176012
1770210726427,6145.13,1640.44,98435072,49594368,44679704,42.61,4176012
1770210726528,6148.11,1642.53,98435072,49594368,44902408,42.82,4177350
1770210726628,6148.28,1642.63,98435072,49594368,44903848,42.82,4177350
1770210726729,6151.36,1644.60,98435072,49594368,45126632,43.04,4186880
1770210726831,6151.46,1644.67,98435072,49594368,45128096,43.04,4186880
1770210726932,6151.62,1644.76,98435072,49594368,45129536,43.04,4186880
1770210727032,6158.21,1646.64,98680832,49594368,43857616,41.83,4188218
1770210727134,6158.39,1646.74,98680832,49594368,43859056,41.83,4188218
1770210727235,6170.42,1648.71,98680832,49594368,44081968,42.04,4154943
1770210727335,6170.52,1648.78,98680832,49594368,44083432,42.04,4154943
1770210727437,6170.68,1648.88,98680832,49594368,44084872,42.04,4154943
1770210727538,6179.56,1650.76,98680832,49594368,44402680,42.35,4156281
1770210727639,6179.74,1650.87,98680832,49594368,44404120,42.35,4156281
1770210727740,6183.63,1652.52,98680832,49594368,44619776,42.55,4165811
1770210727841,6183.74,1652.59,98680832,49594368,44621240,42.55,4165811
1770210727942,6183.94,1652.71,98680832,49594368,44622680,42.56,4165811
1770210728043,6186.68,1654.59,98680832,49594368,44837032,42.76,4167149
1770210728145,6186.87,1654.70,98680832,49594368,44838472,42.76,4167149
1770210728246,6202.24,1656.59,98697216,49594368,45053552,42.97,4176679
1770210728346,6202.40,1656.67,98697216,49594368,45055016,42.97,4176679
1770210728448,6202.64,1656.81,98697216,49594368,45056456,42.97,4176679
1770210728549,6208.86,1658.83,98713600,49594368,45270864,43.17,4178017
1770210728650,6209.05,1658.95,98713600,49594368,45272304,43.18,4178017
1770210728751,6210.64,1659.92,98746368,49594368,45486824,43.38,4187547
1770210728852,6210.74,1659.97,98746368,49594368,45488288,43.38,4187547
1770210728953,6210.88,1660.04,98746368,49594368,45489728,43.38,4187547
1770210729055,6216.40,1662.29,99303424,54312960,44302824,42.25,4188885
1770210729155,6216.58,1662.40,99303424,54312960,44304264,42.25,4188885
1770210729257,6225.56,1664.37,99303424,54312960,44519040,42.46,4154943
1770210729358,6225.68,1664.47,99303424,54312960,44520480,42.46,4154943
1770210729459,6225.84,1664.57,99303424,54312960,44521920,42.46,4154943
1770210729560,6228.59,1666.20,99303424,54312960,44830208,42.75,4156281
1770210729661,6228.85,1666.31,99303424,54312960,44831648,42.75,4156281
1770210729762,6231.70,1668.10,99303424,54312960,45046512,42.96,4165811
1770210729863,6231.88,1668.20,99303424,54312960,45047952,42.96,4165811
1770210729964,6232.04,1668.28,99303424,54312960,45049392,42.96,4165811
1770210730065,6239.27,1670.27,99303424,54312960,45263608,43.17,4167149
1770210730166,6239.49,1670.41,99303424,54312960,45265048,43.17,4167149
1770210730267,6242.37,1672.31,99319808,54312960,45479480,43.37,4176679
1770210730367,6242.57,1672.43,99319808,54312960,45480920,43.37,4176679
1770210730469,6242.84,1672.54,99319808,54312960,45482360,43.38,4176679
1770210730570,6245.49,1675.10,99319808,54312960,45696256,43.58,4178017
1770210730671,6245.69,1675.22,99319808,54312960,45697696,43.58,4178017
1770210730772,6248.41,1677.04,99319808,54312960,45911832,43.78,4187547
1770210730872,6248.64,1677.16,99319808,54312960,45913272,43.79,4187547
1770210730974,6248.82,1677.29,99319808,54312960,45914712,43.79,4187547
1770210731075,6251.29,1679.34,99434496,54312960,46128624,43.99,4188885
1770210731175,6251.48,1679.45,99434496,54312960,46130064,43.99,4188885
1770210731277,6278.56,1681.58,99663872,54312960,46347000,44.20,4198415
1770210731378,6278.68,1681.64,99663872,54312960,46348464,44.20,4198415
1770210731479,6278.96,1681.79,99663872,54312960,46349904,44.20,4198415
1770210731580,6281.54,1683.71,99876864,54312960,46561864,44.40,4199753
1770210731681,6281.72,1683.82,99876864,54312960,46563328,44.41,4199753
1770210731782,6315.78,1686.02,100089856,54312960,46775216,44.61,4209283
1770210731883,6317.58,1686.11,100106240,54312960,46777504,44.61,4209283
1770210731983,6317.75,1686.25,100106240,54312960,46778952,44.61,4209283
1770210732085,6320.15,1688.04,100302848,54312960,46987784,44.81,4210621
1770210732186,6320.36,1688.16,100302848,54312960,46989256,44.81,4210621
1770210732287,6322.97,1690.17,100499456,54312960,47198288,45.01,4220151
1770210732388,6323.12,1690.28,100499456,54312960,47199760,45.01,4220151
1770210732489,6323.31,1690.39,100499456,54312960,47201208,45.01,4220151
1770210732590,6326.20,1692.46,100696064,54312960,47410088,45.21,4221489
1770210732690,6326.46,1692.64,100712448,54312960,47411560,45.22,4221489
1770210732792,6329.31,1694.61,100909056,54312960,47620672,45.41,4231019
1770210732892,6329.46,1694.71,100909056,54312960,47622144,45.42,4231019
1770210732993,6329.61,1694.82,100909056,54312960,47623592,45.42,4231019
1770210733093,6331.32,1696.37,101138432,54312960,47832488,45.62,4232357
1770210733195,6331.48,1696.45,101138432,54312960,47833960,45.62,4232357
1770210733296,6336.97,1700.64,96813056,48545792,44904840,42.82,4241887
1770210733396,6337.24,1700.79,96813056,48545792,44906304,42.83,4241887
1770210733497,6337.49,1700.95,96813056,48545792,44907744,42.83,4241887
1770210733597,6340.45,1703.03,96813056,48545792,45116608,43.03,4146084
1770210733699,6340.63,1703.16,96813056,48545792,45118048,43.03,4146084
1770210733799,6343.31,1704.97,96813056,48545792,45327080,43.23,4155614
1770210733900,6343.53,1705.08,96813056,48545792,45328520,43.23,4155614
1770210734001,6343.78,1705.20,96813056,48545792,45329960,43.23,4155614
1770210734102,6347.52,1707.01,96714752,48545792,45538808,43.43,4156952
1770210734203,6347.67,1707.06,96714752,48545792,45540248,43.43,4156952
1770210734303,6350.44,1708.72,96714752,48545792,45749272,43.63,4166482
1770210734404,6350.69,1708.87,96714752,48545792,45750712,43.63,4166482
1770210734505,6350.96,1709.01,96714752,48545792,45752152,43.63,4166482
1770210734606,6355.04,1710.96,96108544,48021504,45352472,43.25,4146084
1770210734708,6355.28,1711.09,96108544,48021504,45353912,43.25,4146084
1770210734809,6358.06,1713.03,96305152,48021504,45562936,43.45,4155614
1770210734910,6358.24,1713.14,96305152,48021504,45564376,43.45,4155614
1770210735011,6358.48,1713.27,96305152,48021504,45565816,43.45,4155614
1770210735112,6362.55,1715.23,96518144,48021504,45774824,43.65,4156952
1770210735213,6362.73,1715.34,96518144,48021504,45776264,43.66,4156952
1770210735313,6365.52,1717.44,96731136,48021504,45985336,43.86,4166482
1770210735415,6365.69,1717.54,96731136,48021504,45986776,43.86,4166482
1770210735515,6366.74,1717.81,96747520,48021504,45999376,43.87,4166482
1770210735617,6370.63,1720.02,97484800,51691520,45532496,43.42,4146084
1770210735718,6370.91,1720.17,97484800,51691520,45533936,43.42,4146084
1770210735820,6373.68,1722.22,97697792,51691520,45743040,43.62,4155614
1770210735921,6373.93,1722.35,97697792,51691520,45744480,43.63,4155614
1770210736022,6374.19,1722.51,97697792,51691520,45745920,43.63,4155614
1770210736123,6376.69,1724.46,97894400,51691520,45954776,43.83,4156952
1770210736224,6376.90,1724.57,97894400,51691520,45956216,43.83,4156952
1770210736325,6380.52,1726.25,98091008,51691520,46165552,44.03,4166482
1770210736425,6380.68,1726.36,98091008,51691520,46166992,44.03,4166482
1770210736527,6380.88,1726.46,98091008,51691520,46168432,44.03,4166482
1770210736628,6383.75,1728.36,98304000,51691520,46377184,44.23,4167820
1770210736728,6383.95,1728.48,98304000,51691520,46378624,44.23,4167820
1770210736830,6386.80,1730.49,98500608,51691520,46587584,44.43,4177350
1770210736931,6386.99,1730.60,98500608,51691520,46589024,44.43,4177350
1770210737032,6387.29,1730.78,98500608,51691520,46590464,44.43,4177350
1770210737133,6390.13,1732.53,98713600,51691520,46799320,44.63,4178688
1770210737233,6390.35,1732.67,98713600,51691520,46800760,44.63,4178688
1770210737339,6527.77,1745.95,135528448,97304576,58160424,55.47,4146084
1770210737439,6740.81,1750.44,146849792,98353152,75032496,71.56,4135883
1770210737540,6742.04,1751.77,146849792,98353152,75240944,71.76,4137221
1770210737641,6742.14,1751.81,146849792,98353152,75242416,71.76,4137221
1770210737743,6742.36,1751.93,146849792,98353152,75243864,71.76,4137221
1770210737844,6745.05,1753.91,146849792,98353152,75452560,71.96,4146749
1770210737945,6745.24,1754.03,146849792,98353152,75454032,71.96,4146749
1770210738045,6747.50,1755.85,146849792,98353152,75662480,72.16,4148085
1770210738146,6747.66,1755.92,146849792,98353152,75663952,72.16,4148085
1770210738246,6747.94,1756.07,146849792,98353152,75665400,72.16,4148085
1770210738348,6750.66,1758.01,146866176,98353152,75874216,72.36,4157613
1770210738448,6750.93,1758.16,146866176,98353152,75875688,72.36,4157613
1770210738550,6753.90,1760.48,146866176,98353152,76084192,72.56,4158949
1770210738650,6754.02,1760.55,146849792,98353152,76085664,72.56,4158949
1770210738752,6754.17,1760.64,146849792,98353152,76087112,72.56,4158949
1770210738853,6756.22,1762.83,146849792,98353152,76295824,72.76,4168479
1770210738954,6756.44,1762.94,146849792,98353152,76297296,72.76,4168479
1770210739054,6759.09,1764.87,146849792,98353152,76506024,72.96,4169817
1770210739155,6759.21,1764.95,146800640,98353152,76507496,72.96,4169817
1770210739256,6759.38,1765.05,146800640,98353152,76508944,72.96,4169817
1770210739358,6763.32,1767.11,146833408,98353152,76717552,73.16,4179347
1770210739459,6763.52,1767.22,146833408,98353152,76719024,73.16,4179347
1770210739558,6769.53,1770.25,147456000,99401728,63234768,60.31,4180685
1770210739660,6769.65,1770.32,147456000,99401728,63236240,60.31,4180685
1770210739760,6769.84,1770.41,147456000,99401728,63237688,60.31,4180685
1770210739860,6772.71,1772.51,147456000,99401728,63446416,60.51,4154943
1770210739962,6772.87,1772.62,147456000,99401728,63447888,60.51,4154943
1770210740063,6774.60,1774.03,147456000,99401728,63656392,60.71,4156281
1770210740164,6774.85,1774.15,147456000,99401728,63657864,60.71,4156281
1770210740264,6775.05,1774.27,147456000,99401728,63659312,60.71,4156281
1770210740366,6777.59,1776.38,147456000,99401728,63868072,60.91,4165811
1770210740467,6777.83,1776.49,147456000,99401728,63869544,60.91,4165811
1770210740568,6780.29,1778.20,147472384,99401728,64078224,61.11,4167149
1770210740669,6780.47,1778.28,147472384,99401728,64079696,61.11,4167149
1770210740770,6780.74,1778.42,147472384,99401728,64081144,61.11,4167149
1770210740871,6783.64,1780.21,147472384,99401728,64290096,61.31,4176679
1770210740972,6783.85,1780.31,147472384,99401728,64291568,61.31,4176679
1770210741073,6785.72,1781.91,147472384,99401728,64500024,61.51,4178017
1770210741174,6785.85,1781.98,147472384,99401728,64501496,61.51,4178017
1770210741275,6786.06,1782.09,147472384,99401728,64502944,61.51,4178017
1770210741377,6788.17,1783.64,147472384,99401728,64711608,61.71,4187547
1770210741478,6788.44,1783.76,147472384,99401728,64713080,61.72,4187547
1770210741578,6790.86,1785.43,147472384,99401728,64921608,61.91,4188885
1770210741680,6791.02,1785.49,147472384,99401728,64923080,61.92,4188885
1770210741781,6791.31,1785.66,147472384,99401728,64924528,61.92,4188885
1770210741882,6794.12,1787.61,147472384,99401728,65133304,62.12,4198415
1770210741983,6794.36,1787.73,147472384,99401728,65134776,62.12,4198415
1770210742083,6801.62,1789.82,147488768,99401728,65343576,62.32,4199753
1770210742184,6801.78,1789.88,147488768,99401728,65345048,62.32,4199753
1770210742285,6802.02,1790.05,147488768,99401728,65346496,62.32,4199753
1770210742387,6804.19,1791.82,147488768,99401728,65555160,62.52,4209283
1770210742488,6804.48,1791.97,147488768,99401728,65556632,62.52,4209283
1770210742589,6806.10,1793.49,147505152,99401728,65765136,62.72,4210621
1770210742689,6806.27,1793.57,147505152,99401728,65766608,62.72,4210621
1770210742791,6806.50,1793.71,147505152,99401728,65768056,62.72,4210621
1770210742892,6808.96,1795.42,147505152,99401728,65976968,62.92,4220151
1770210742993,6809.23,1795.55,147505152,99401728,65978440,62.92,4220151
1770210743094,6811.81,1797.32,147505152,99401728,66187016,63.12,4221489
1770210743194,6812.02,1797.43,147505152,99401728,66188488,63.12,4221489
1770210743294,6812.22,1797.55,147505152,99401728,66189936,63.12,4221489
1770210743395,6814.75,1799.64,147505152,99401728,66398664,63.32,4231019
1770210743497,6814.98,1799.80,147505152,99401728,66400136,63.32,4231019
1770210743598,6817.81,1801.98,147357696,99401728,66608664,63.52,4232357
1770210743699,6818.05,1802.11,147357696,99401728,66610136,63.52,4232357
1770210743800,6818.30,1802.24,147357696,99401728,66611584,63.53,4232357
1770210743900,6820.95,1804.24,147374080,99401728,66820312,63.72,4241887
1770210744002,6821.16,1804.34,147374080,99401728,66821784,63.73,4241887
1770210744103,6823.59,1806.32,147374080,99401728,67030240,63.93,4243225
1770210744204,6823.81,1806.42,147374080,99401728,67031712,63.93,4243225
1770210744305,6824.10,1806.58,147374080,99401728,67033160,63.93,4243225
1770210744405,6828.57,1808.59,147374080,99401728,67241808,64.13,4252755
1770210744507,6828.81,1808.74,147374080,99401728,67243280,64.13,4252755
1770210744608,6830.50,1810.48,147374080,99401728,67451688,64.33,4254093
1770210744708,6830.72,1810.62,147374080,99401728,67453160,64.33,4254093
1770210744810,6830.92,1810.71,147374080,99401728,67454608,64.33,4254093
1770210744910,6833.65,1812.71,147374080,99401728,67663208,64.53,4263623
1770210745012,6833.91,1812.86,147374080,99401728,67664680,64.53,4263623
1770210745113,6836.52,1814.75,147374080,99401728,67873016,64.73,4264961
1770210745213,6836.69,1814.83,147374080,99401728,67874488,64.73,4264961
1770210745315,6836.94,1814.97,147374080,99401728,67875936,64.73,4264961
1770210745416,6846.49,1817.06,147390464,99401728,68085624,64.93,4274491
1770210745517,6899.59,1824.74,106889216,58245120,42530952,40.56,4143408
1770210745618,6903.84,1826.50,106889216,58245120,43021280,41.03,4144746
1770210745719,6904.00,1826.57,106889216,58245120,43022752,41.03,4144746
1770210745820,6904.21,1826.67,106889216,58245120,43024200,41.03,4144746
1770210745921,6907.40,1828.65,106889216,58245120,43247944,41.24,4154276
1770210746022,6907.61,1828.76,106889216,58245120,43249416,41.25,4154276
1770210746123,6979.95,1836.26,94486528,46448640,42582344,40.61,4144746
1770210746224,6980.08,1836.31,94486528,46448640,42583856,40.61,4144746
1770210746325,6980.28,1836.41,94486528,46448640,42585296,40.61,4144746
1770210746426,6983.90,1838.43,94699520,46448640,42813304,40.83,4154276
1770210746527,6984.10,1838.54,94699520,46448640,42814768,40.83,4154276
1770210746628,6988.18,1841.27,94928896,46448640,43038256,41.04,4155614
1770210746729,7050.83,1844.89,94240768,46448640,42237136,40.28,4143408
1770210746830,7051.03,1844.98,94240768,46448640,42240912,40.28,4143408
1770210746930,7055.15,1847.04,94502912,46448640,42672680,40.70,4152938
1770210747032,7055.40,1847.18,94519296,46448640,42674144,40.70,4152938
1770210747133,7058.65,1849.40,94715904,46448640,42897696,40.91,4154276
1770210747233,7058.89,1849.55,94732288,46448640,42899160,40.91,4154276
1770210747333,7059.07,1849.67,94732288,46448640,42900600,40.91,4154276
1770210747435,7061.87,1851.76,94961664,46448640,43124280,41.13,4163806
1770210747536,7062.10,1851.93,94961664,46448640,43125744,41.13,4163806
1770210747637,7065.11,1854.00,95518720,49594368,42507768,40.54,4165144
1770210747738,7065.31,1854.10,95518720,49594368,42509232,40.54,4165144
1770210747839,7065.51,1854.19,95518720,49594368,42510672,40.54,4165144
1770210747940,7070.03,1856.37,95748096,49594368,42738576,40.76,4163135
1770210748042,7070.30,1856.49,95748096,49594368,42740040,40.76,4163135
1770210748142,7073.64,1858.63,95977472,49594368,42963560,40.97,4164473
1770210748244,7073.90,1858.75,95977472,49594368,42965024,40.97,4164473
1770210748345,7074.17,1858.88,95977472,49594368,42966464,40.98,4164473
1770210748446,7077.21,1860.93,96190464,49594368,43190224,41.19,4174003
1770210748548,7077.46,1861.06,96190464,49594368,43191688,41.19,4174003
1770210748649,7081.08,1863.42,96403456,49594368,43415160,41.40,4175341
1770210748750,7081.45,1863.62,96403456,49594368,43416624,41.41,4175341
1770210748851,7081.73,1863.78,96403456,49594368,43418064,41.41,4175341
1770210748952,7088.71,1866.09,96616448,49594368,43641856,41.62,4184871
1770210749053,7088.93,1866.21,96616448,49594368,43643320,41.62,4184871
1770210749154,7091.99,1868.05,96829440,49594368,43866664,41.83,4186209
1770210749254,7092.18,1868.13,96829440,49594368,43868128,41.84,4186209
1770210749355,7092.45,1868.25,96845824,49594368,43869568,41.84,4186209
1770210749457,7106.51,1870.53,97075200,49594368,44269496,42.22,4195739
1770210749557,7106.77,1870.67,97075200,49594368,44270960,42.22,4195739
1770210749659,7117.98,1872.85,97304576,49594368,44493832,42.43,4197077
1770210749760,7118.21,1872.97,97304576,49594368,44495296,42.43,4197077
1770210749860,7118.50,1873.12,97304576,49594368,44496736,42.44,4197077
1770210749961,7123.18,1874.62,97353728,49594368,43136296,41.14,4154276
1770210750063,7123.43,1874.74,97353728,49594368,43137736,41.14,4154276
1770210750164,7127.77,1876.47,97435648,49594368,43360280,41.35,4155614
1770210750265,7128.01,1876.57,97435648,49594368,43361744,41.35,4155614
1770210750365,7128.28,1876.71,97435648,49594368,43363184,41.35,4155614
1770210750466,7131.04,1878.97,97435648,49594368,43585976,41.57,4165144
1770210750567,7131.27,1879.09,97435648,49594368,43587416,41.57,4165144
1770210750667,7135.81,1881.21,97583104,49594368,43810272,41.78,4166482
1770210750768,7136.06,1881.32,97583104,49594368,43811736,41.78,4166482
1770210750871,7138.27,1882.69,97681408,49594368,43924224,41.89,4175345
1770210750973,7139.50,1883.52,97796096,49594368,44037560,42.00,4176012
1770210751074,7139.75,1883.64,97796096,49594368,44039024,42.00,4176012
1770210751175,7142.37,1885.71,98009088,49594368,44263352,42.21,4177350
1770210751275,7142.52,1885.76,98009088,49594368,44264816,42.21,4177350
1770210751376,7145.49,1887.67,98238464,49594368,44489368,42.43,4186880
1770210751477,7145.64,1887.73,98238464,49594368,44490832,42.43,4186880
1770210751577,7145.84,1887.85,98238464,49594368,44492272,42.43,4186880
1770210751678,7149.28,1889.74,98336768,49594368,43345584,41.34,4153605
1770210751778,7149.47,1889.83,98336768,49594368,43347048,41.34,4153605
1770210751879,7155.95,1891.92,98336768,49594368,43573744,41.56,4163135
1770210751980,7163.03,1892.00,98336768,49594368,43810536,41.78,4163135
1770210752082,7163.26,1892.13,98336768,49594368,43811976,41.78,4163135
1770210752183,7172.63,1893.82,98353152,49594368,44034368,41.99,4164473
1770210752284,7172.78,1893.89,98353152,49594368,44035808,42.00,4164473
1770210752384,7174.90,1895.98,98353152,49594368,44257216,42.21,4174003
1770210752485,7175.08,1896.04,98353152,49594368,44258656,42.21,4174003
1770210752587,7175.33,1896.18,98353152,49594368,44260096,42.21,4174003
1770210752688,7181.99,1898.04,98353152,49594368,44481320,42.42,4175341
1770210752789,7182.24,1898.17,98353152,49594368,44482760,42.42,4175341
1770210752889,7185.30,1899.97,98353152,49594368,44703560,42.63,4184871
1770210752990,7185.44,1900.04,98353152,49594368,44705000,42.63,4184871
1770210753091,7185.69,1900.18,98353152,49594368,44706440,42.64,4184871
1770210753192,7193.11,1902.50,98369536,49594368,44927280,42.85,4186209
1770210753292,7193.35,1902.62,98369536,49594368,44928720,42.85,4186209
1770210753392,7196.79,1904.72,98369536,49594368,45149584,43.06,4195739
1770210753493,7196.96,1904.78,98369536,49594368,45151024,43.06,4195739
1770210753595,7197.23,1904.89,98369536,49594368,45152464,43.06,4195739
1770210753696,7202.74,1907.14,98451456,49856512,43901344,41.87,4154276
1770210753795,7202.99,1907.26,98451456,49856512,43902784,41.87,4154276
1770210753896,7206.45,1909.41,98451456,49856512,44123480,42.08,4163806
1770210753997,7206.61,1909.46,98451456,49856512,44124920,42.08,4163806
1770210754097,7206.84,1909.58,98451456,49856512,44126360,42.08,4163806
1770210754199,7212.00,1911.57,98451456,49856512,44346896,42.29,4165144
1770210754300,7212.23,1911.65,98451456,49856512,44348320,42.29,4165144
1770210754401,7215.34,1913.48,98467840,49856512,44569080,42.50,4174674
1770210754502,7215.50,1913.54,98467840,49856512,44570544,42.51,4174674
1770210754603,7215.72,1913.65,98467840,49856512,44571984,42.51,4174674
1770210754703,7218.71,1915.47,98467840,49856512,44792504,42.72,4176012
1770210754803,7218.94,1915.61,98467840,49856512,44793944,42.72,4176012
1770210754904,7222.08,1917.85,98467840,49856512,45014776,42.93,4185542
1770210755004,7222.30,1917.94,98467840,49856512,45016240,42.93,4185542
1770210755104,7222.54,1918.09,98467840,49856512,45017680,42.93,4185542
1770210755206,7226.72,1920.32,98729984,49856512,43961192,41.92,4186880
1770210755307,7226.92,1920.43,98729984,49856512,43962632,41.93,4186880
1770210755407,7230.04,1922.40,98729984,49856512,44183320,42.14,4162468
1770210755508,7230.25,1922.48,98729984,49856512,44184784,42.14,4162468
1770210755609,7230.52,1922.62,98729984,49856512,44186224,42.14,4162468
1770210755710,7235.00,1924.59,98746368,49856512,44407184,42.35,4163806
1770210755811,7235.21,1924.69,98746368,49856512,44408624,42.35,4163806
1770210755911,7250.93,1926.42,98746368,49856512,44630920,42.56,4173336
1770210756012,7251.10,1926.48,98746368,49856512,44632384,42.56,4173336
1770210756113,7251.37,1926.66,98746368,49856512,44633824,42.57,4173336
1770210756215,7254.49,1928.82,98762752,49856512,44853952,42.78,4174674
1770210756315,7254.76,1928.98,98762752,49856512,44855392,42.78,4174674
1770210756417,7259.78,1930.72,98762752,49856512,45075832,42.99,4184204
1770210756517,7259.96,1930.82,98762752,49856512,45077296,42.99,4184204
1770210756618,7260.21,1930.94,98762752,49856512,45078736,42.99,4184204
1770210756718,7263.64,1933.05,98762752,49856512,45298872,43.20,4185542
1770210756818,7263.86,1933.17,98762752,49856512,45300312,43.20,4185542
1770210756919,7268.74,1935.07,98762752,49856512,45520664,43.41,4195072
1770210757019,7268.91,1935.17,98762752,49856512,45522128,43.41,4195072
1770210757121,7269.19,1935.34,98762752,49856512,45523568,43.41,4195072
1770210757222,7286.83,1938.08,99254272,54312960,44228624,42.18,4196410
1770210757323,7287.09,1938.22,99254272,54312960,44230088,42.18,4196410
1770210757423,7291.75,1940.16,99270656,54312960,44443024,42.38,4163135
1770210757524,7291.97,1940.23,99270656,54312960,44444464,42.39,4163135
1770210757626,7292.21,1940.35,99270656,54312960,44445904,42.39,4163135
1770210757726,7295.29,1941.89,99270656,54312960,44658336,42.59,4164473
1770210757828,7295.47,1942.00,99270656,54312960,44659776,42.59,4164473
1770210757929,7297.88,1944.05,99270656,54312960,44871680,42.79,4174003
1770210758029,7298.13,1944.18,99270656,54312960,44873120,42.79,4174003
1770210758130,7298.40,1944.32,99270656,54312960,44874560,42.80,4174003
1770210758232,7302.10,1946.16,99270656,54312960,45086264,43.00,4175341
1770210758333,7302.29,1946.27,99270656,54312960,45087704,43.00,4175341
1770210758434,7308.55,1948.30,99287040,54312960,45299752,43.20,4184871
1770210758535,7308.79,1948.43,99287040,54312960,45301192,43.20,4184871
1770210758637,7309.08,1948.60,99287040,54312960,45302632,43.20,4184871
1770210758737,7312.58,1950.53,99319808,54312960,45514464,43.41,4186209
1770210758839,7312.85,1950.66,99319808,54312960,45515904,43.41,4186209
1770210758940,7322.48,1952.74,99336192,54312960,45728488,43.61,4195739
1770210759040,7322.73,1952.89,99336192,54312960,45729928,43.61,4195739
1770210759141,7322.97,1953.05,99336192,54312960,45731368,43.61,4195739
1770210759242,7325.95,1955.22,99418112,54312960,45942936,43.81,4197077
1770210759343,7326.16,1955.35,99418112,54312960,45944376,43.82,4197077
1770210759443,7328.96,1957.28,99647488,54312960,46156176,44.02,4206607
1770210759544,7329.21,1957.40,99647488,54312960,46157640,44.02,4206607
1770210759644,7329.49,1957.56,99647488,54312960,46159080,44.02,4206607
1770210759745,7332.09,1959.27,99844096,54312960,46370680,44.22,4207945
1770210759847,7332.33,1959.39,99844096,54312960,46372144,44.22,4207945
1770210759948,7335.49,1961.61,100040704,54312960,46583904,44.43,4217475
1770210760048,7335.67,1961.69,100040704,54312960,46585376,44.43,4217475
1770210760150,7335.95,1961.86,100040704,54312960,46586824,44.43,4217475
1770210760251,7338.74,1963.73,100253696,54312960,46798416,44.63,4218813
1770210760350,7338.97,1963.84,100253696,54312960,46799888,44.63,4218813
1770210760452,7341.64,1965.95,100450304,54312960,47011728,44.83,4228343
1770210760552,7341.86,1966.09,100450304,54312960,47013200,44.84,4228343
1770210760654,7342.10,1966.20,100450304,54312960,47014648,44.84,4228343
1770210760754,7345.26,1968.46,100663296,54312960,47226176,45.04,4229681
1770210760856,7345.54,1968.63,100663296,54312960,47227648,45.04,4229681
1770210760957,7379.97,1971.48,100876288,54312960,47439736,45.24,4239211
1770210761058,7382.20,1971.63,100909056,54312960,47442464,45.24,4239211
1770210761160,7382.47,1971.79,100909056,54312960,47443912,45.25,4239211
1770210761261,7385.26,1973.81,101122048,54312960,47654056,45.45,4240549
1770210761362,7385.50,1973.95,101122048,54312960,47655528,45.45,4240549
1770210761463,7388.47,1976.14,101318656,54312960,47866000,45.65,4250079
1770210761564,7388.72,1976.27,101318656,54312960,47867472,45.65,4250079
1770210761664,7389.01,1976.44,101318656,54312960,47868920,45.65,4250079
1770210761765,7426.09,1980.23,96878592,48021504,44997544,42.91,4251417
1770210761866,7426.23,1980.30,96878592,48021504,44999008,42.91,4251417
1770210761966,7429.19,1982.54,96894976,48021504,45206544,43.11,4163135
1770210762066,7429.42,1982.66,96894976,48021504,45208008,43.11,4163135
1770210762167,7429.68,1982.82,96894976,48021504,45209448,43.12,4163135
1770210762269,7432.72,1984.79,96894976,48021504,45416776,43.31,4164473
1770210762370,7432.98,1984.94,96894976,48021504,45418216,43.31,4164473
1770210762471,7435.99,1986.84,96894976,48021504,45625792,43.51,4174003
1770210762570,7436.26,1986.99,96894976,48021504,45627232,43.51,4174003
1770210762672,7436.53,1987.15,96894976,48021504,45628672,43.51,4174003
1770210762773,7440.96,1989.70,96206848,48021504,45037296,42.95,4175341
1770210762873,7441.19,1989.86,96206848,48021504,45038736,42.95,4175341
1770210762975,7443.24,1991.59,96403456,48021504,45246224,43.15,4163135
1770210763075,7443.43,1991.73,96403456,48021504,45247664,43.15,4163135
1770210763177,7443.56,1991.79,96403456,48021504,45249104,43.15,4163135
1770210763277,7446.39,1994.05,96600064,48021504,45456432,43.35,4164473
1770210763379,7446.62,1994.15,96600064,48021504,45457872,43.35,4164473
1770210763480,7449.80,1996.15,96813056,48021504,45665440,43.55,4174003
1770210763581,7450.04,1996.26,96813056,48021504,45666880,43.55,4174003
1770210763681,7450.21,1996.38,96813056,48021504,45668320,43.55,4174003
1770210763782,7453.52,1998.50,97550336,51429376,45164616,43.07,4175341
1770210763884,7453.79,1998.66,97566720,51429376,45166056,43.07,4175341
1770210763985,7458.09,2000.77,97746944,51429376,45373792,43.27,4163135
1770210764086,7459.30,2000.90,97763328,51429376,45375544,43.27,4163135
1770210764187,7459.55,2001.00,97763328,51429376,45376984,43.27,4163135
1770210764288,7464.93,2003.30,97959936,51429376,45584232,43.47,4164473
1770210764390,7465.21,2003.47,97959936,51429376,45585672,43.47,4164473
1770210764491,7467.80,2005.28,98156544,51429376,45792960,43.67,4174003
1770210764592,7468.03,2005.40,98156544,51429376,45794400,43.67,4174003
1770210764693,7468.27,2005.53,98156544,51429376,45795840,43.67,4174003
1770210764793,7471.27,2007.67,98369536,51429376,46002864,43.87,4175341
1770210764893,7471.55,2007.82,98369536,51429376,46004304,43.87,4175341
1770210764995,7475.91,2010.08,98566144,51429376,46211880,44.07,4184871
1770210765095,7476.09,2010.19,98582528,51429376,46213320,44.07,4184871
1770210765195,7476.30,2010.32,98582528,51429376,46214760,44.07,4184871
1770210765297,7478.80,2012.30,98779136,51429376,46421776,44.27,4186209
1770210765398,7479.03,2012.37,98779136,51429376,46423216,44.27,4186209
1770210765499,7481.46,2014.17,98975744,51429376,46630544,44.47,4195739
1770210765600,7481.74,2014.31,98975744,51429376,46632496,44.47,4195739
1770210765701,7482.02,2014.43,98975744,51429376,46633936,44.47,4195739
1770210765801,7484.84,2016.45,99172352,51429376,46840960,44.67,4197077
1770210765903,7485.11,2016.60,99172352,51429376,46842400,44.67,4197077
1770210766003,7489.85,2019.25,97304576,48283648,45527032,43.42,4206607
1770210766104,7490.10,2019.39,97304576,48283648,45528472,43.42,4206607
1770210766204,7490.30,2019.48,97304576,48283648,45529912,43.42,4206607
1770210766306,7492.95,2021.54,97304576,48283648,45746768,43.63,4154943
1770210766407,7493.15,2021.63,97304576,48283648,45748232,43.63,4154943
1770210766508,7496.07,2024.02,97304576,48283648,45955520,43.83,4164473
1770210766609,7496.23,2024.11,97304576,48283648,45956960,43.83,4164473
1770210766710,7496.39,2024.23,97304576,48283648,45958400,43.83,4164473
1770210766811,7500.29,2026.42,97812480,49594368,45553856,43.44,4165811
1770210766911,7500.54,2026.58,97828864,49594368,45555320,43.44,4165811
1770210767013,7503.53,2028.47,98009088,49594368,45833184,43.71,4163135
1770210767113,7503.76,2028.56,98025472,49594368,45834624,43.71,4163135
1770210767213,7504.06,2028.74,98025472,49594368,45836064,43.71,4163135
1770210767312,7752.73,2044.04,138166272,97042432,60946496,58.12,4144075
1770210767413,7861.01,2045.97,146538496,98091008,75602824,72.10,4144075
1770210767515,7862.28,2047.21,146538496,98091008,75810072,72.30,4153605
1770210767615,7862.40,2047.27,146538496,98091008,75811544,72.30,4153605
1770210767717,7862.63,2047.41,146538496,98091008,75812992,72.30,4153605
1770210767818,7865.39,2049.78,146538496,98091008,76020024,72.50,4154943
1770210767919,7865.64,2049.91,146538496,98091008,76021496,72.50,4154943
1770210768020,7868.75,2051.70,146538496,98091008,76228768,72.70,4164473
1770210768121,7868.97,2051.80,146538496,98091008,76230240,72.70,4164473
1770210768223,7869.20,2051.97,146538496,98091008,76231688,72.70,4164473
1770210768324,7870.86,2053.44,146538496,98091008,76438760,72.90,4165811
1770210768424,7871.13,2053.60,146423808,98091008,76440232,72.90,4165811
1770210768525,7882.57,2056.91,147554304,99401728,64137744,61.17,4175341
1770210768625,7882.89,2057.10,147554304,99401728,64139216,61.17,4175341
1770210768727,7883.13,2057.24,147554304,99401728,64140664,61.17,4175341
1770210768828,7886.04,2059.40,147554304,99401728,64347824,61.37,4154943
1770210768928,7886.31,2059.55,147554304,99401728,64349272,61.37,4154943
1770210769030,7889.31,2061.96,147554304,99401728,64556784,61.57,4164473
1770210769130,7889.59,2062.12,147554304,99401728,64558232,61.57,4164473
1770210769232,7891.45,2063.35,147554304,99401728,64662944,61.67,4165144
1770210769333,7892.56,2064.21,147554304,99401728,64766720,61.77,4165811
1770210769435,7892.80,2064.35,147554304,99401728,64768168,61.77,4165811
1770210769535,7896.11,2066.53,147554304,99401728,64976080,61.97,4175341
1770210769637,7896.38,2066.68,147554304,99401728,64977528,61.97,4175341
1770210769737,7898.48,2067.92,147554304,99401728,65082240,62.07,4176012
1770210769838,7904.04,2068.73,147554304,99401728,65187616,62.17,4176679
1770210769938,7904.31,2068.89,147554304,99401728,65189088,62.17,4176679
1770210770039,7908.28,2071.01,147554304,99401728,65539768,62.50,4186209
1770210770139,7908.55,2071.16,147554304,99401728,65541240,62.50,4186209
1770210770240,7910.54,2072.57,147554304,99401728,65646056,62.60,4186880
1770210770341,7911.63,2073.40,147554304,99401728,65749592,62.70,4187547
1770210770442,7911.91,2073.55,147554304,99401728,65751064,62.71,4187547
1770210770543,7914.96,2075.50,147554304,99401728,65958032,62.90,4197077
1770210770644,7915.17,2075.63,147554304,99401728,65959504,62.90,4197077
1770210770743,7917.06,2076.74,147554304,99401728,66064064,63.00,4197748
1770210770845,7917.93,2077.51,147554304,99401728,66167672,63.10,4198415
1770210770946,7922.07,2077.67,147554304,99401728,66169200,63.10,4198415
1770210771046,7924.79,2079.53,147570688,99401728,66376184,63.30,4207945
1770210771147,7924.98,2079.64,147570688,99401728,66377656,63.30,4207945
1770210771248,7927.91,2081.66,147570688,99401728,66584320,63.50,4209283
1770210771349,7928.01,2081.73,147570688,99401728,66585792,63.50,4209283
1770210771449,7928.19,2081.83,147570688,99401728,66587240,63.50,4209283
1770210771551,7930.85,2083.73,147570688,99401728,66794232,63.70,4218813
1770210771651,7931.05,2083.82,147570688,99401728,66795704,63.70,4218813
1770210771752,7932.97,2085.80,147570688,99401728,67002488,63.90,4220151
1770210771853,7933.13,2085.88,147570688,99401728,67003960,63.90,4220151
1770210771954,7933.40,2086.05,147570688,99401728,67005408,63.90,4220151
1770210772056,7936.02,2088.12,147570688,99401728,67212304,64.10,4229681
1770210772157,7936.21,2088.24,147570688,99401728,67213776,64.10,4229681
1770210772257,7939.20,2090.34,147570688,99401728,67420528,64.30,4231019
1770210772358,7939.35,2090.42,147570688,99401728,67422000,64.30,4231019
1770210772459,7939.58,2090.55,147570688,99401728,67423448,64.30,4231019
1770210772561,7941.15,2091.86,147587072,99401728,67630368,64.50,4240549
1770210772662,7941.35,2091.98,147587072,99401728,67631840,64.50,4240549
1770210772762,7944.00,2093.89,147587072,99401728,67838624,64.70,4241887
1770210772863,7944.14,2093.97,147587072,99401728,67840096,64.70,4241887
1770210772964,7944.33,2094.05,147587072,99401728,67841544,64.70,4241887
1770210773065,7950.69,2096.13,147603456,99401728,68048584,64.90,4251417
1770210773167,7950.94,2096.25,147603456,99401728,68050056,64.90,4251417
1770210773267,7953.82,2098.25,147603456,99401728,68256840,65.09,4252755
1770210773368,7953.96,2098.32,147603456,99401728,68258312,65.10,4252755
1770210773470,7954.17,2098.46,147603456,99401728,68259760,65.10,4252755
1770210773570,7957.20,2100.55,147603456,99401728,68466760,65.29,4262285
1770210773672,7957.44,2100.69,147603456,99401728,68468232,65.30,4262285
1770210773773,7960.61,2102.79,147603456,99401728,68674904,65.49,4263623
1770210773873,7960.80,2102.89,147603456,99401728,68676376,65.49,4263623
1770210773974,7961.04,2103.04,147603456,99401728,68677824,65.50,4263623
1770210774074,7963.95,2105.16,147603456,99401728,68884824,65.69,4273153
1770210774176,7964.13,2105.26,147603456,99401728,68886296,65.70,4273153
1770210774277,7972.70,2107.11,147619840,99401728,69093280,65.89,4274491
1770210774378,7972.80,2107.18,147619840,99401728,69094752,65.89,4274491
1770210774479,7972.97,2107.28,147619840,99401728,69096200,65.90,4274491
1770210774581,7976.01,2109.38,147619840,99401728,69303304,66.09,4284021
1770210774681,7976.26,2109.53,147619840,99401728,69304776,66.09,4284021
1770210774783,7979.10,2111.63,147619840,99401728,69511616,66.29,4285359
1770210774884,7979.29,2111.73,147619840,99401728,69513088,66.29,4285359
1770210774985,7979.54,2111.87,147619840,99401728,69514536,66.29,4285359
1770210775086,7982.45,2113.86,147619840,99401728,69721456,66.49,4294889
1770210775186,7982.70,2114.00,147619840,99401728,69722928,66.49,4294889
1770210775287,7984.86,2116.11,147619840,99401728,69929680,66.69,4296227
1770210775387,8025.57,2117.88,147619840,99401728,69942240,66.70,4296227
1770210775489,8057.89,2127.02,107970560,59031552,42679136,40.70,4143408
1770210775589,8069.17,2128.60,107970560,59031552,43177600,41.18,4152938
1770210775691,8069.38,2128.70,107970560,59031552,43179072,41.18,4152938
1770210775792,8072.32,2130.70,107970560,59031552,43400528,41.39,4154276
1770210775893,8072.43,2130.77,107970560,59031552,43402000,41.39,4154276
1770210775994,8072.60,2130.88,107970560,59031552,43403448,41.39,4154276
1770210776096,8151.20,2140.56,94666752,47235072,42864408,40.88,4152938
1770210776197,8151.40,2140.68,94666752,47235072,42865872,40.88,4152938
1770210776298,8155.68,2142.50,94879744,47235072,43094896,41.10,4154276
1770210776399,8155.83,2142.60,94879744,47235072,43096360,41.10,4154276
1770210776501,8156.03,2142.69,94879744,47235072,43097800,41.10,4154276
1770210776601,8159.23,2144.79,95109120,47235072,43319472,41.31,4163806
1770210776702,8234.79,2148.42,94470144,46448640,42390936,40.43,4143408
1770210776804,8243.06,2149.66,94715904,46448640,42710632,40.73,4144746
1770210776904,8243.22,2149.75,94715904,46448640,42712096,40.73,4144746
1770210777006,8243.49,2149.94,94715904,46448640,42713536,40.73,4144746
1770210777107,8246.44,2151.69,94928896,46448640,42935016,40.95,4154276
1770210777208,8246.66,2151.82,94928896,46448640,42936480,40.95,4154276
1770210777308,8248.54,2153.42,95174656,46448640,43157712,41.16,4155614
1770210777407,8248.68,2153.51,95174656,46448640,43159176,41.16,4155614
1770210777509,8248.88,2153.63,95174656,46448640,43160616,41.16,4155614
1770210777610,8253.77,2155.97,95731712,49594368,42538208,40.57,4165144
1770210777710,8253.96,2156.08,95731712,49594368,42539672,40.57,4165144
1770210777812,8256.76,2158.17,95961088,49594368,42760872,40.78,4154943
1770210777913,8256.94,2158.25,95961088,49594368,42762336,40.78,4154943
1770210778014,8257.05,2158.32,95961088,49594368,42763776,40.78,4154943
1770210778114,8259.06,2160.14,96174080,49594368,42985264,40.99,4164473
1770210778214,8259.28,2160.28,96174080,49594368,42986728,41.00,4164473
1770210778316,8261.19,2162.11,96387072,49594368,43207912,41.21,4165811
1770210778417,8261.34,2162.16,96387072,49594368,43209376,41.21,4165811
1770210778518,8261.53,2162.26,96387072,49594368,43210816,41.21,4165811
1770210778618,8264.01,2164.21,96600064,49594368,43436736,41.42,4175341
1770210778720,8264.25,2164.34,96600064,49594368,43438200,41.43,4175341
1770210778821,8266.81,2166.18,96813056,49594368,43663448,41.64,4176679
1770210778922,8267.09,2166.32,96796672,49594368,43664912,41.64,4176679
1770210779022,8267.27,2166.41,96796672,49594368,43666352,41.64,4176679
1770210779123,8269.73,2168.16,97009664,49594368,43888176,41.86,4186209
1770210779224,8269.90,2168.25,97026048,49594368,43889640,41.86,4186209
1770210779325,8273.46,2170.48,97222656,49594368,42745128,40.76,4187547
1770210779426,8273.67,2170.64,97222656,49594368,42746592,40.77,4187547
1770210779528,8273.78,2170.70,97173504,49594368,42748032,40.77,4187547
1770210779629,8277.69,2172.89,97173504,49594368,42976040,40.99,4162468
1770210779730,8277.92,2173.05,97173504,49594368,42977504,40.99,4162468
1770210779831,8279.57,2174.70,97173504,49594368,43198744,41.20,4163806
1770210779932,8279.72,2174.80,97173504,49594368,43200208,41.20,4163806
1770210780033,8279.83,2174.84,97173504,49594368,43201648,41.20,4163806
1770210780133,8283.68,2176.79,97255424,49594368,43667256,41.64,4173336
1770210780234,8283.84,2176.89,97255424,49594368,43668720,41.65,4173336
1770210780336,8285.56,2178.36,97271808,49594368,43889984,41.86,4174674
1770210780436,8285.70,2178.46,97271808,49594368,43891448,41.86,4174674
1770210780537,8285.85,2178.58,97239040,49594368,43892888,41.86,4174674
1770210780637,8290.02,2180.80,97452032,49594368,44114560,42.07,4184204
1770210780738,8290.21,2180.88,97452032,49594368,44116024,42.07,4184204
1770210780840,8293.35,2182.93,97665024,49594368,44336864,42.28,4185542
1770210780941,8293.58,2183.06,97599488,49594368,44338328,42.28,4185542
1770210781041,8293.85,2183.21,97599488,49594368,44339768,42.29,4185542
1770210781142,8296.30,2185.08,97828864,49594368,44560864,42.50,4195072
1770210781243,8296.55,2185.21,97828864,49594368,44562328,42.50,4195072
1770210781345,8303.26,2187.17,97959936,49594368,43368320,41.36,4153605
1770210781447,8303.51,2187.30,97959936,49594368,43369784,41.36,4153605
1770210781547,8303.77,2187.46,97959936,49594368,43371224,41.36,4153605
1770210781649,8306.95,2189.51,97959936,49594368,43592320,41.57,4163135
1770210781750,8307.21,2189.67,97959936,49594368,43593784,41.57,4163135
1770210781850,8319.92,2192.03,97959936,49594368,43827624,41.80,4164473
1770210781952,8320.14,2192.15,97959936,49594368,43829064,41.80,4164473
1770210782053,8320.41,2192.28,97959936,49594368,43830504,41.80,4164473
1770210782154,8334.37,2194.39,97976320,49594368,44053488,42.01,4174003
1770210782255,8334.56,2194.51,97976320,49594368,44054952,42.01,4174003
1770210782357,8337.89,2196.99,97976320,49594368,44275064,42.22,4175341
1770210782458,8338.10,2197.10,97976320,49594368,44276504,42.23,4175341
1770210782558,8338.36,2197.24,97976320,49594368,44277944,42.23,4175341
1770210782660,8340.81,2199.20,97976320,49594368,44498296,42.44,4184871
1770210782761,8341.00,2199.32,97976320,49594368,44499760,42.44,4184871
1770210782862,8343.67,2201.17,97976320,49594368,44719888,42.65,4186209
1770210782963,8343.85,2201.28,97976320,49594368,44721328,42.65,4186209
1770210783064,8344.03,2201.39,97976320,49594368,44722768,42.65,4186209
1770210783166,8351.03,2203.63,98172928,49594368,44943192,42.86,4195739
1770210783268,8351.23,2203.71,98172928,49594368,44944656,42.86,4195739
1770210783369,8356.76,2206.05,95240192,46448640,43540104,41.52,4154276
1770210783470,8357.01,2206.20,95240192,46448640,43541544,41.52,4154276
1770210783573,8359.11,2207.29,95240192,46448640,43653016,41.63,4163139
1770210783675,8360.15,2208.09,95240192,46448640,43763320,41.74,4163806
1770210783776,8360.39,2208.18,95240192,46448640,43764760,41.74,4163806
1770210783878,8363.30,2210.04,95240192,46448640,43984840,41.95,4165144
1770210783979,8363.48,2210.13,95240192,46448640,43986280,41.95,4165144
1770210784079,8366.33,2211.75,95240192,46448640,44206632,42.16,4174674
1770210784180,8366.50,2211.82,95240192,46448640,44208072,42.16,4174674
1770210784281,8366.74,2211.96,95240192,46448640,44209512,42.16,4174674
1770210784382,8370.58,2214.00,95780864,49594368,43601008,41.58,4154276
1770210784482,8370.83,2214.15,95780864,49594368,43602448,41.58,4154276
1770210784582,8373.74,2216.10,95961088,49594368,43822800,41.79,4163806
1770210784682,8373.92,2216.22,95961088,49594368,43824240,41.79,4163806
1770210784784,8374.16,2216.34,95977472,49594368,43825680,41.80,4163806
1770210784885,8377.33,2218.22,96174080,49594368,44045864,42.01,4165144
1770210784986,8377.56,2218.34,96174080,49594368,44047304,42.01,4165144
1770210785085,8380.34,2220.27,96387072,49594368,44267632,42.22,4174674
1770210785186,8380.53,2220.35,96387072,49594368,44269072,42.22,4174674
1770210785287,8380.78,2220.51,96387072,49594368,44270512,42.22,4174674
1770210785388,8383.45,2222.18,96600064,49594368,44490608,42.43,4176012
1770210785488,8383.69,2222.29,96600064,49594368,44492072,42.43,4176012
1770210785588,8388.46,2224.16,96813056,49594368,44718896,42.65,4185542
1770210785689,8388.62,2224.24,96813056,49594368,44720336,42.65,4185542
1770210785790,8388.89,2224.38,96813056,49594368,44721776,42.65,4185542
1770210785892,8398.57,2226.37,97042432,49594368,44942184,42.86,4186880
1770210785992,8398.81,2226.51,97042432,49594368,44943648,42.86,4186880
1770210786093,8405.34,2228.60,97255424,49594368,45166864,43.07,4196410
1770210786193,8405.52,2228.68,97271808,49594368,45168328,43.08,4196410
1770210786294,8405.80,2228.84,97271808,49594368,45169768,43.08,4196410
1770210786395,8409.07,2230.96,97484800,49594368,45389160,43.29,4197748
1770210786495,8409.26,2231.06,97484800,49594368,45390624,43.29,4197748
1770210786595,8413.24,2233.47,95338496,46448640,43642336,41.62,4162468
1770210786696,8413.40,2233.53,95338496,46448640,43643776,41.62,4162468
1770210786797,8413.67,2233.69,95338496,46448640,43645216,41.62,4162468
1770210786899,8418.21,2235.47,95354880,46448640,43864704,41.83,4163806
1770210787000,8418.47,2235.61,95354880,46448640,43866144,41.83,4163806
1770210787100,8425.91,2237.45,95354880,46448640,44085864,42.04,4173336
1770210787201,8431.80,2237.54,95354880,46448640,44193360,42.15,4173336
1770210787303,8432.03,2237.64,95354880,46448640,44194800,42.15,4173336
1770210787403,8440.15,2239.84,95387648,46448640,44411752,42.35,4174674
1770210787504,8440.41,2239.97,95387648,46448640,44413192,42.36,4174674
1770210787605,8443.09,2240.88,95649792,47497216,43676848,41.65,4154276
1770210787706,8443.19,2240.94,95502336,47497216,43678288,41.65,4154276
1770210787807,8443.30,2241.00,95502336,47497216,43679728,41.66,4154276
1770210787907,8444.58,2241.78,95698944,47497216,43895568,41.86,4155614
1770210788009,8444.71,2241.83,95698944,47497216,43897008,41.86,4155614
1770210788109,8447.75,2243.79,95911936,47497216,44113136,42.07,4165144
1770210788210,8447.91,2243.88,95911936,47497216,44114576,42.07,4165144
1770210788312,8448.00,2243.93,95911936,47497216,44116016,42.07,4165144
1770210788412,8452.00,2244.67,96124928,47497216,44331952,42.28,4166482
1770210788513,8452.11,2244.74,96141312,47497216,44333416,42.28,4166482
1770210788614,8453.86,2245.74,96387072,48021504,43826552,41.80,4176012
1770210788714,8453.94,2245.78,96387072,48021504,43827992,41.80,4176012
1770210788815,8454.02,2245.82,96387072,48021504,43829432,41.80,4176012
1770210788917,8457.85,2246.63,96403456,48021504,44041088,42.00,4154943
1770210789018,8458.01,2246.68,96403456,48021504,44042528,42.00,4154943
1770210789119,8460.47,2248.61,96403456,48021504,44254144,42.20,4164473
1770210789220,8460.63,2248.69,96403456,48021504,44255584,42.21,4164473
1770210789322,8460.91,2248.84,96403456,48021504,44257024,42.21,4164473
1770210789423,8470.80,2250.56,96436224,48021504,44469160,42.41,4165811
1770210789523,8471.07,2250.72,96436224,48021504,44470600,42.41,4165811
1770210789625,8480.81,2252.69,96436224,48021504,44682712,42.61,4175341
1770210789726,8481.03,2252.81,96436224,48021504,44684152,42.61,4175341
1770210789828,8481.29,2252.99,96436224,48021504,44685592,42.62,4175341
1770210789929,8484.83,2255.10,95420416,47235072,43923944,41.89,4176679
1770210790029,8485.05,2255.23,95420416,47235072,43925384,41.89,4176679
1770210790130,8498.23,2257.34,95436800,47235072,44137072,42.09,4163135
1770210790230,8498.44,2257.45,95436800,47235072,44138512,42.09,4163135
1770210790332,8498.72,2257.73,95436800,47235072,44139952,42.10,4163135
1770210790433,8501.49,2259.77,95436800,47235072,44351016,42.30,4164473
1770210790533,8501.73,2259.86,95436800,47235072,44352456,42.30,4164473
1770210790635,8504.82,2261.99,95436800,47235072,44563776,42.50,4174003
1770210790736,8505.03,2262.11,95436800,47235072,44565216,42.50,4174003
1770210790838,8505.27,2262.26,95436800,47235072,44566656,42.50,4174003
1770210790938,8508.88,2264.86,94486528,47235072,43838056,41.81,4175341
1770210791040,8509.13,2264.99,94486528,47235072,43839496,41.81,4175341
1770210791141,8534.40,2267.27,94732288,47235072,44056888,42.02,4162468
1770210791241,8534.55,2267.36,94732288,47235072,44058328,42.02,4162468
1770210791343,8534.75,2267.49,94732288,47235072,44059768,42.02,4162468
1770210791444,8540.90,2269.36,94961664,47235072,44269496,42.22,4163806
1770210791545,8541.03,2269.44,94961664,47235072,44270936,42.22,4163806
1770210791646,8563.50,2271.70,95600640,47235072,44481720,42.42,4173336
1770210791747,8563.65,2271.81,95600640,47235072,44483160,42.42,4173336
1770210791847,8563.83,2271.90,95600640,47235072,44484600,42.42,4173336
1770210791949,8566.15,2273.65,95797248,47235072,44691672,42.62,4174674
1770210792050,8566.44,2273.83,95797248,47235072,44693112,42.62,4174674
1770210792150,8569.14,2275.63,95092736,47235072,43927112,41.89,4184204
1770210792251,8569.31,2275.74,95092736,47235072,43928552,41.89,4184204
1770210792352,8569.49,2275.84,95092736,47235072,43929992,41.89,4184204
1770210792454,8572.18,2277.72,95289344,47235072,44136992,42.09,4154943
1770210792554,8572.39,2277.84,95289344,47235072,44138432,42.09,4154943
1770210792654,8574.31,2279.50,95485952,47235072,44345592,42.29,4164473
1770210792756,8574.48,2279.61,95485952,47235072,44347032,42.29,4164473
1770210792857,8574.67,2279.74,95485952,47235072,44348472,42.29,4164473
1770210792957,8587.82,2281.90,95731712,47235072,44556160,42.49,4165811
1770210793059,8588.07,2282.04,95731712,47235072,44557600,42.49,4165811
1770210793160,8591.27,2284.17,95043584,47235072,43871760,41.84,4175341
1770210793260,8591.48,2284.28,95043584,47235072,43873200,41.84,4175341
1770210793360,8591.72,2284.45,95059968,47235072,43874640,41.84,4175341
1770210793462,8595.15,2286.73,95256576,47235072,44081552,42.04,4154276
1770210793563,8595.40,2286.87,95256576,47235072,44082992,42.04,4154276
1770210793663,8598.66,2289.14,95453184,47235072,44290176,42.24,4163806
1770210793765,8598.88,2289.25,95453184,47235072,44291616,42.24,4163806
1770210793866,8599.15,2289.41,95453184,47235072,44293056,42.24,4163806
1770210793966,8603.59,2291.56,95649792,47235072,44500280,42.44,4165144
1770210794068,8603.83,2291.69,95649792,47235072,44501720,42.44,4165144
1770210794168,8606.60,2293.73,95862784,47235072,44708952,42.64,4174674
1770210794269,8606.75,2293.79,95862784,47235072,44710392,42.64,4174674
1770210794369,8607.00,2293.90,95862784,47235072,44711832,42.64,4174674
1770210794471,8615.75,2296.13,95158272,47235072,43944656,41.91,4176012
1770210794570,8616.00,2296.27,95158272,47235072,43946096,41.91,4176012
1770210794672,8618.73,2298.42,95354880,47235072,44153304,42.11,4163135
1770210794773,8618.96,2298.54,95354880,47235072,44154744,42.11,4163135
1770210794874,8619.24,2298.73,95354880,47235072,44156184,42.11,4163135
1770210794976,8623.76,2300.86,95551488,47235072,44363320,42.31,4164473
