timestamp,cpu_user,cpu_system,rss,heapTotal,heapUsed,heapUsedMB,external
1765902853462,1668.02,119.32,279953408,209551360,181019768,172.63,10676484
1765902853563,1668.13,119.39,279953408,209551360,181023968,172.64,10676540
1765902853664,1668.24,119.44,279953408,209551360,181026328,172.64,10676540
1765902853766,1668.36,119.50,279953408,209551360,181028664,172.64,10676540
1765902853866,1668.48,119.56,279953408,209551360,181031000,172.64,10676540
1765902853967,1668.67,119.62,279953408,209551360,181033400,172.65,10676540
1765902854068,1668.78,119.67,279953408,209551360,181035768,172.65,10676540
1765902854169,1668.88,119.71,279953408,209551360,181038136,172.65,10676540
1765902854271,1668.99,119.76,279953408,209551360,181040472,172.65,10676540
1765902854370,1669.28,119.86,279953408,209551360,181042880,172.66,10676540
1765902854471,1669.47,119.92,279969792,209551360,181045280,172.66,10676540
1765902854573,1669.58,119.95,279969792,209551360,181047440,172.66,10676540
1765902854674,1669.75,120.00,279969792,209551360,181049520,172.66,10676540
1765902854774,1670.07,120.08,279986176,209551360,181051696,172.66,10676540
1765902854875,1670.20,120.14,279986176,209551360,181053776,172.67,10676540
1765902854976,1670.34,120.17,279986176,209551360,181055856,172.67,10676540
1765902855077,1670.49,120.24,279986176,209551360,181057936,172.67,10676540
1765902855178,1670.63,120.30,279986176,209551360,181060016,172.67,10676540
1765902855280,1670.80,120.36,279986176,209551360,181062096,172.67,10676540
1765902855380,1673.27,120.60,280215552,209551360,181101904,172.71,10676540
1765902855481,1673.43,120.67,280215552,209551360,181103984,172.71,10676540
1765902855581,1673.61,120.75,280215552,209551360,181106064,172.72,10676540
1765902855682,1673.76,120.81,280215552,209551360,181108144,172.72,10676540
1765902855783,1673.92,120.86,280215552,209551360,181110224,172.72,10676540
1765902855885,1674.10,120.94,280215552,209551360,181112304,172.72,10676540
1765902855985,1674.22,120.99,280215552,209551360,181114384,172.72,10676540
1765902856086,1674.32,121.03,280215552,209551360,181116464,172.73,10676540
1765902856187,1674.49,121.08,280133632,209551360,181118544,172.73,10676540
1765902856287,1674.64,121.15,280133632,209551360,181120624,172.73,10676540
1765902856388,1674.84,121.21,280133632,209551360,181122704,172.73,10676540
1765902856489,1674.98,121.26,280133632,209551360,181124784,172.73,10676540
1765902856591,1675.12,121.32,280133632,209551360,181126864,172.74,10676540
1765902856692,1675.28,121.37,280133632,209551360,181128944,172.74,10676540
1765902856793,1675.47,121.44,280133632,209551360,181131024,172.74,10676540
1765902856895,1675.62,121.53,280133632,209551360,181133104,172.74,10676540
1765902856996,1675.92,121.59,280150016,209551360,181135184,172.74,10676540
1765902857096,1676.07,121.66,280150016,209551360,181137232,172.75,10676540
1765902857197,1676.19,121.72,280150016,209551360,181139360,172.75,10676540
1765902857298,1676.29,121.77,280150016,209551360,181141456,172.75,10676540
1765902857400,1676.48,121.83,280150016,209551360,181143640,172.75,10676540
1765902857501,1676.62,121.90,280150016,209551360,181145736,172.75,10676540
1765902857601,1676.74,121.96,280150016,209551360,181147832,172.76,10676540
1765902857702,1676.83,122.00,280150016,209551360,181149928,172.76,10676540
1765902857803,1676.96,122.06,280150016,209551360,181152024,172.76,10676540
1765902857905,1677.08,122.11,280150016,209551360,181154120,172.76,10676540
1765902858006,1677.19,122.16,280150016,209551360,181156216,172.76,10676540
1765902858106,1677.30,122.20,280150016,209551360,181158312,172.77,10676540
1765902858207,1677.42,122.25,280150016,209551360,181160408,172.77,10676540
1765902858308,1677.56,122.30,280150016,209551360,181162504,172.77,10676540
1765902858409,1677.70,122.37,280150016,209551360,181164600,172.77,10676540
1765902858511,1677.82,122.42,280150016,209551360,181166696,172.77,10676540
1765902858612,1677.92,122.47,280150016,209551360,181168792,172.78,10676540
1765902858712,1678.11,122.53,280150016,209551360,181170888,172.78,10676540
1765902858813,1678.35,122.65,280150016,209551360,181172984,172.78,10676540
1765902858915,1678.47,122.72,280150016,209551360,181175080,172.78,10676540
1765902859016,1678.59,122.77,280150016,209551360,181177176,172.78,10676540
1765902859116,1678.71,122.82,280150016,209551360,181179272,172.79,10676540
1765902859217,1678.81,122.86,280150016,209551360,181181368,172.79,10676540
1765902859318,1678.89,122.90,280150016,209551360,181183464,172.79,10676540
1765902859419,1678.99,122.95,280150016,209551360,181185560,172.79,10676540
1765902859521,1840.59,144.81,274841600,177831936,169654720,161.80,10667568
1765902859621,1840.73,144.86,274841600,177831936,169656888,161.80,10667568
1765902859722,1840.84,144.90,274841600,177831936,169658984,161.80,10667568
1765902859823,1840.94,144.93,274841600,177831936,169661080,161.80,10667568
1765902859924,1841.07,144.98,274841600,177831936,169663176,161.80,10667568
1765902860025,1841.19,145.03,274841600,177831936,169665272,161.81,10667568
1765902860125,1976.82,153.54,275677184,177831936,169293624,161.45,10667568
1765902860227,2000.27,155.15,274907136,177831936,169831640,161.96,10667568
1765902860328,2000.40,155.21,274907136,177831936,169833736,161.97,10667568
1765902860428,2000.51,155.26,274907136,177831936,169835832,161.97,10667568
1765902860529,2000.63,155.31,274907136,177831936,169837928,161.97,10667568
1765902860630,2000.83,155.38,274907136,177831936,169840024,161.97,10667568
1765902860732,2001.05,155.48,274907136,177831936,169842120,161.97,10667568
1765902860832,2001.16,155.52,274907136,177831936,169844216,161.98,10667568
1765902860933,2001.24,155.57,274923520,177831936,169846312,161.98,10667568
1765902861034,2001.31,155.59,274923520,177831936,169848408,161.98,10667568
1765902861135,2001.39,155.63,274923520,177831936,169850504,161.98,10667568
1765902861236,2001.47,155.67,274923520,177831936,169852600,161.98,10667568
1765902861337,2001.55,155.70,274923520,177831936,169854696,161.99,10667568
1765902861439,2001.66,155.74,274923520,177831936,169856792,161.99,10667568
1765902861540,2001.78,155.81,274923520,177831936,169858888,161.99,10667568
1765902861641,2001.93,155.86,274923520,177831936,169861208,161.99,10675760
1765902861742,2002.03,155.91,274939904,177831936,169863328,161.99,10675760
1765902861843,2002.13,155.95,274939904,177831936,169865424,162.00,10675760
1765902861944,2002.25,155.99,274939904,177831936,169867520,162.00,10675760
1765902862045,2002.36,156.04,274939904,177831936,169869616,162.00,10675760
1765902862146,2002.47,156.09,274939904,177831936,169871712,162.00,10675760
1765902862247,2002.60,156.15,274939904,177831936,169873808,162.00,10675760
1765902862348,2002.71,156.21,274939904,177831936,169875904,162.01,10675760
1765902862449,2002.81,156.25,274939904,177831936,169878000,162.01,10675760
1765902862550,2002.93,156.31,274939904,177831936,169880096,162.01,10675760
1765902862652,2003.02,156.35,274939904,177831936,169882192,162.01,10675760
1765902862753,2003.11,156.39,274939904,177831936,169884288,162.01,10675760
1765902862853,2003.19,156.43,274939904,177831936,169886384,162.02,10675760
1765902862954,2003.31,156.48,274939904,177831936,169888480,162.02,10675760
1765902863055,2003.43,156.53,274956288,177831936,169890576,162.02,10675760
1765902863156,2003.53,156.59,274956288,177831936,169892672,162.02,10675760
1765902863257,2003.62,156.63,274956288,177831936,169894768,162.02,10675760
1765902863359,2003.74,156.69,274956288,177831936,169896864,162.03,10675760
1765902863460,2003.86,156.74,274956288,177831936,169898960,162.03,10675760
1765902863561,2003.96,156.79,274956288,177831936,169901056,162.03,10675760
1765902863662,2004.08,156.84,274956288,177831936,169903152,162.03,10675760
1765902863763,2004.18,156.90,274956288,177831936,169905248,162.03,10675760
1765902863864,2004.27,156.95,274972672,177831936,169907344,162.04,10675760
1765902863965,2004.37,156.99,274972672,177831936,169909440,162.04,10675760
1765902864066,2004.48,157.04,274972672,177831936,169911536,162.04,10675760
1765902864166,2004.60,157.08,274972672,177831936,169913632,162.04,10675760
1765902864267,2004.69,157.11,274972672,177831936,169915728,162.04,10675760
1765902864368,2004.77,157.15,274972672,177831936,169917824,162.05,10675760
1765902864469,2004.87,157.21,274972672,177831936,169919920,162.05,10675760
1765902864570,2004.97,157.26,274972672,177831936,169922016,162.05,10675760
1765902864672,2005.07,157.32,274989056,177831936,169924112,162.05,10675760
1765902864773,2005.16,157.36,274989056,177831936,169926208,162.05,10675760
1765902864873,2005.25,157.40,274989056,177831936,169928304,162.06,10675760
1765902864974,2005.37,157.45,274989056,177831936,169930400,162.06,10675760
1765902865075,2005.50,157.51,274989056,177831936,169932496,162.06,10675760
1765902865176,2005.59,157.54,274989056,177831936,169934592,162.06,10675760
1765902865278,2005.76,157.59,274989056,177831936,169936688,162.06,10675760
1765902865378,2005.95,157.71,274989056,177831936,169938784,162.07,10675760
1765902865479,2006.05,157.77,275005440,177831936,169940880,162.07,10675760
1765902865580,2006.13,157.81,275005440,177831936,169942976,162.07,10675760
1765902865681,2006.22,157.84,275005440,177831936,169945072,162.07,10675760
1765902865783,2006.30,157.88,275005440,177831936,169947168,162.07,10675760
1765902865884,2006.36,157.92,275005440,177831936,169949264,162.08,10675760
1765902865985,2006.43,157.95,275005440,177831936,169951360,162.08,10675760
1765902866085,2006.49,157.99,275005440,177831936,169953456,162.08,10675760
1765902866186,2006.57,158.04,275005440,177831936,169955552,162.08,10675760
1765902866287,2006.66,158.10,275021824,177831936,169957648,162.08,10675760
1765902866388,2006.75,158.15,275021824,177831936,169959744,162.09,10675760
1765902866490,2006.92,158.21,275021824,177831936,169961840,162.09,10675760
1765902866590,2007.17,158.33,275021824,177831936,169963936,162.09,10675760
1765902866691,2007.27,158.38,275021824,177831936,169966032,162.09,10675760
1765902866792,2007.35,158.42,275021824,177831936,169968128,162.09,10675760
1765902866893,2007.43,158.47,275021824,177831936,169970224,162.10,10675760
1765902866994,2007.52,158.53,275038208,177831936,169972320,162.10,10675760
1765902867096,2007.69,158.58,275038208,177831936,169974416,162.10,10675760
1765902867196,2007.91,158.71,275038208,177831936,169976512,162.10,10675760
1765902867297,2008.00,158.75,275038208,177831936,169978608,162.10,10675760
1765902867398,2008.10,158.80,275038208,177831936,169980704,162.11,10675760
1765902867500,2008.18,158.84,275038208,177831936,169982800,162.11,10675760
1765902867601,2008.34,158.89,275038208,177831936,169984896,162.11,10675760
1765902867700,2008.55,159.00,275038208,177831936,169986992,162.11,10675760
1765902867802,2008.64,159.06,275054592,177831936,169989088,162.11,10675760
1765902867903,2008.73,159.11,275054592,177831936,169991184,162.12,10675760
1765902868003,2008.81,159.16,275054592,177831936,169993280,162.12,10675760
1765902868103,2008.89,159.21,275054592,177831936,169995376,162.12,10675760
1765902868205,2008.99,159.26,275054592,177831936,169997472,162.12,10675760
1765902868306,2009.07,159.29,275054592,177831936,169999568,162.12,10675760
1765902868406,2009.15,159.33,275054592,177831936,170001664,162.13,10675760
1765902868507,2009.25,159.37,275054592,177831936,170003760,162.13,10675760
1765902868608,2009.37,159.44,275070976,177831936,170005856,162.13,10675760
1765902868709,2009.43,159.49,275070976,177831936,170007952,162.13,10675760
1765902868810,2009.52,159.54,275070976,177831936,170010048,162.13,10675760
1765902868912,2009.60,159.59,275070976,177831936,170012144,162.14,10675760
1765902869013,2009.69,159.64,275070976,177831936,170014240,162.14,10675760
1765902869113,2009.79,159.68,275070976,177831936,170016336,162.14,10675760
1765902869214,2009.88,159.73,275070976,177831936,170018432,162.14,10675760
1765902869315,2009.96,159.77,275070976,177831936,170020528,162.14,10675760
1765902869416,2010.11,159.83,275087360,177831936,170022624,162.15,10675760
1765902869517,2010.30,159.94,275087360,177831936,170024720,162.15,10675760
1765902869618,2010.41,159.98,275087360,177831936,170026816,162.15,10675760
1765902869719,2010.50,160.03,275087360,177831936,170028912,162.15,10675760
1765902869820,2010.60,160.08,275087360,177831936,170031008,162.15,10675760
1765902869922,2010.70,160.16,275087360,177831936,170033104,162.16,10675760
1765902870023,2010.78,160.20,275087360,177831936,170035200,162.16,10675760
1765902870124,2010.90,160.24,275087360,177831936,170037296,162.16,10675760
1765902870224,2011.03,160.31,275103744,177831936,170039392,162.16,10675760
1765902870325,2011.11,160.35,275103744,177831936,170041488,162.16,10675760
1765902870426,2011.21,160.39,275103744,177831936,170043584,162.17,10675760
1765902870527,2011.30,160.43,275103744,177831936,170045680,162.17,10675760
1765902870629,2011.39,160.47,275103744,177831936,170047776,162.17,10675760
1765902870730,2011.55,160.51,275103744,177831936,170049872,162.17,10675760
1765902870830,2011.77,160.62,275103744,177831936,170051968,162.17,10675760
1765902870931,2011.87,160.68,275120128,177831936,170054064,162.18,10675760
1765902871031,2011.96,160.72,275120128,177831936,170056160,162.18,10675760
1765902871132,2012.04,160.77,275120128,177831936,170058256,162.18,10675760
1765902871233,2012.19,160.82,275120128,177831936,170060352,162.18,10675760
1765902871335,2012.41,160.93,275120128,177831936,170062448,162.18,10675760
1765902871436,2012.54,161.00,275120128,177831936,170064544,162.19,10675760
1765902871536,2012.70,161.08,275120128,177831936,170066640,162.19,10675760
1765902871637,2012.85,161.15,275136512,177831936,170068960,162.19,10683952
1765902871738,2012.97,161.22,275152896,177831936,170071080,162.19,10683952
1765902871840,2013.07,161.26,275152896,177831936,170073176,162.19,10683952
1765902871941,2013.18,161.29,275152896,177831936,170075272,162.20,10683952
1765902872042,2013.34,161.34,275152896,177831936,170077368,162.20,10683952
1765902872143,2013.50,161.43,275152896,177831936,170079464,162.20,10683952
1765902872244,2013.60,161.47,275152896,177831936,170081560,162.20,10683952
1765902872345,2013.69,161.51,275152896,177831936,170083656,162.20,10683952
1765902872447,2013.85,161.56,275152896,177831936,170085752,162.21,10683952
1765902872547,2014.07,161.69,275169280,177831936,170087848,162.21,10683952
1765902872648,2014.18,161.73,275169280,177831936,170089944,162.21,10683952
1765902872749,2014.28,161.78,275169280,177831936,170092040,162.21,10683952
1765902872850,2014.36,161.81,275169280,177831936,170094136,162.21,10683952
1765902872951,2014.44,161.85,275169280,177831936,170096232,162.22,10683952
1765902873052,2014.53,161.89,275169280,177831936,170098328,162.22,10683952
1765902873154,2014.63,161.94,275169280,177831936,170100424,162.22,10683952
1765902873255,2014.73,162.00,275169280,177831936,170102520,162.22,10683952
1765902873355,2014.84,162.05,275185664,177831936,170104616,162.22,10683952
1765902873456,2014.92,162.09,275185664,177831936,170106712,162.23,10683952
1765902873557,2015.03,162.13,275185664,177831936,170108808,162.23,10683952
1765902873658,2015.13,162.18,275185664,177831936,170110904,162.23,10683952
1765902873759,2023.62,163.58,276168704,178880512,169610776,161.75,10685295
1765902873861,2023.80,163.63,276168704,178880512,169612896,161.76,10685295
1765902873961,2027.46,164.66,276463616,179142656,170146128,162.26,10678446
1765902874062,2027.59,164.71,276463616,179142656,170148248,162.27,10678446
1765902874163,2027.68,164.76,276480000,179142656,170150344,162.27,10678446
1765902874265,2032.08,166.50,276758528,179142656,170481696,162.58,10679789
1765902874365,2032.17,166.54,276758528,179142656,170483816,162.59,10679789
1765902874466,2036.98,168.46,275988480,178094080,170111984,162.23,10681132
1765902874567,2037.07,168.49,275988480,178094080,170114104,162.23,10681132
1765902874668,2037.18,168.53,275988480,178094080,170116200,162.24,10681132
1765902874770,2041.69,170.45,275988480,178094080,170438080,162.54,10682474
1765902874871,2041.82,170.49,275988480,178094080,170440200,162.54,10682474
1765902874972,2046.37,172.31,275120128,178094080,170089512,162.21,10683817
1765902875073,2046.46,172.36,275136512,178094080,170091632,162.21,10683817
1765902875174,2046.57,172.40,275136512,178094080,170093728,162.21,10683817
1765902875274,2050.53,174.29,275415040,178094080,170405064,162.51,10685159
1765902875375,2050.67,174.35,275415040,178094080,170407184,162.51,10685159
1765902875477,2054.19,176.56,275693568,178094080,170714344,162.81,10694693
1765902875578,2054.32,176.62,275693568,178094080,170716464,162.81,10694693
1765902875678,2054.44,176.67,275693568,178094080,170718560,162.81,10694693
1765902875780,2059.37,178.70,275251200,178094080,170397696,162.50,10696036
1765902875880,2059.50,178.76,275267584,178094080,170399816,162.51,10696036
1765902875981,2062.66,180.95,275546112,178094080,170697088,162.79,10697379
1765902876082,2062.85,181.00,275546112,178094080,170699208,162.79,10697379
1765902876185,2065.20,182.24,275693568,178094080,170862744,162.95,10698055
1765902876285,2067.41,183.25,275152896,178094080,170365152,162.47,10698724
1765902876386,2067.53,183.29,275152896,178094080,170367272,162.47,10698724
1765902876488,2071.76,185.14,275431424,178356224,170874712,162.96,10708261
1765902876589,2071.88,185.19,275431424,178356224,170876832,162.96,10708261
1765902876688,2073.97,186.18,275578880,178356224,171025592,163.10,10708937
1765902876789,2075.33,187.00,275709952,178356224,171176200,163.25,10709606
1765902876890,2075.42,187.05,275726336,178356224,171178320,163.25,10709606
1765902876991,2079.36,189.13,275185664,178356224,170695648,162.79,10710951
1765902877092,2079.54,189.19,275185664,178356224,170697768,162.79,10710951
1765902877193,2082.51,191.19,275464192,178356224,170993256,163.07,10712296
1765902877294,2082.62,191.23,275464192,178356224,170995376,163.07,10712296
1765902877395,2082.74,191.28,275464192,178356224,170997472,163.08,10712296
1765902877496,2085.86,193.47,275759104,178356224,171295048,163.36,10721833
1765902877597,2085.97,193.52,275759104,178356224,171297168,163.36,10721833
1765902877698,2091.15,195.97,275316736,178356224,170957408,163.04,10714986
1765902877798,2091.27,196.01,275316736,178356224,170959528,163.04,10714986
1765902877899,2091.45,196.05,275316736,178356224,170961624,163.04,10714986
1765902878001,2094.68,197.91,275595264,178356224,171254304,163.32,10716331
1765902878102,2094.80,197.95,275595264,178356224,171256424,163.32,10716331
1765902878202,2101.55,199.94,275873792,178356224,171559696,163.61,10717676
1765902878303,2101.67,199.98,275873792,178356224,171561816,163.61,10717676
1765902878404,2101.79,200.04,275890176,178356224,171563912,163.62,10717676
1765902878505,2106.14,201.97,276381696,179404800,171059232,163.13,10727213
1765902878606,2106.25,202.03,276381696,179404800,171061352,163.14,10727213
1765902878708,2109.68,204.17,276643840,179404800,171355968,163.42,10720366
1765902878808,2109.80,204.24,276676608,179404800,171358088,163.42,10720366
1765902878909,2109.89,204.29,276676608,179404800,171360184,163.42,10720366
1765902879010,2113.44,206.46,276955136,179404800,171677696,163.72,10721711
1765902879111,2114.58,206.55,276971520,179404800,171053168,163.13,10721711
1765902879212,2118.78,208.46,276971520,179404800,171342792,163.41,10723056
1765902879313,2118.90,208.50,276971520,179404800,171344912,163.41,10723056
1765902879415,2118.99,208.55,276971520,179404800,171347008,163.41,10723056
1765902879516,2125.49,210.74,276987904,179404800,171643568,163.69,10732593
1765902879617,2125.63,210.79,276987904,179404800,171645656,163.69,10732593
1765902879717,2128.86,212.68,276987904,179404800,171936536,163.97,10733938
1765902879818,2128.99,212.72,276987904,179404800,171938624,163.97,10733938
1765902879919,2129.11,212.77,276987904,179404800,171940688,163.98,10733938
1765902880020,2134.20,214.18,276987904,179404800,171437632,163.50,10735283
1765902880122,2134.32,214.23,276987904,179404800,171439720,163.50,10735283
1765902880222,2144.22,215.97,277118976,179404800,171733808,163.78,10736628
1765902880323,2144.34,216.02,277118976,179404800,171735848,163.78,10736628
1765902880424,2144.45,216.06,277118976,179404800,171737864,163.78,10736628
1765902880525,2148.80,218.32,277217280,179404800,172021128,164.05,10746165
1765902880626,2148.91,218.37,277217280,179404800,172023168,164.05,10746165
1765902880728,2153.33,219.83,277299200,179404800,171550528,163.60,10739318
1765902880829,2153.48,219.90,277299200,179404800,171552568,163.61,10739318
1765902880929,2153.61,219.95,277299200,179404800,171554584,163.61,10739318
1765902881030,2157.92,222.28,277299200,179404800,171838968,163.88,10740663
1765902881132,2158.04,222.32,277299200,179404800,171841008,163.88,10740663
1765902881232,2161.52,224.09,277299200,179404800,171453544,163.51,10742008
1765902881333,2161.68,224.13,277299200,179404800,171455584,163.51,10742008
1765902881434,2163.83,225.10,277299200,179404800,171598672,163.65,10750876
1765902881536,2171.89,226.34,277364736,179404800,171751800,163.80,10751545
1765902881637,2172.01,226.39,277364736,179404800,171753840,163.80,10751545
1765902881737,2175.13,228.27,277364736,179404800,172026064,164.06,10752890
1765902881838,2175.28,228.31,277364736,179404800,172028104,164.06,10752890
1765902881940,2177.61,229.90,277364736,179404800,172301736,164.32,10754235
1765902882039,2177.69,229.95,277364736,179404800,172303776,164.32,10754235
1765902882140,2177.82,229.99,277364736,179404800,172305792,164.32,10754235
1765902882241,2182.40,231.98,277495808,181501952,171839408,163.88,10755580
1765902882343,2182.54,232.03,277495808,181501952,171841448,163.88,10755580
1765902882442,2184.20,233.13,277512192,181501952,172111712,164.14,10765117
1765902882543,2184.26,233.15,277512192,181501952,172113752,164.14,10765117
1765902882645,2184.36,233.19,277512192,181501952,172115768,164.14,10765117
1765902882746,2194.24,235.58,277512192,181501952,172394136,164.41,10766462
1765902882847,2194.35,235.63,277512192,181501952,172396176,164.41,10766462
1765902882947,2211.63,237.96,279232512,181501952,172667624,164.67,10767807
1765902883049,2219.95,238.35,281198592,181501952,172695752,164.70,10767807
1765902883150,2220.03,238.38,281198592,181501952,172697768,164.70,10767807
1765902883251,2222.47,240.02,281444352,181501952,172962224,164.95,10769152
1765902883352,2222.57,240.06,281444352,181501952,172964264,164.95,10769152
1765902883452,2225.47,242.02,281706496,181501952,173228832,165.20,10778689
1765902883553,2225.57,242.05,281706496,181501952,173230872,165.21,10778689
1765902883654,2225.67,242.11,281706496,181501952,173232888,165.21,10778689
1765902883755,2228.64,243.95,281952256,181501952,173500112,165.46,10780034
1765902883857,2228.78,244.00,281952256,181501952,173502152,165.46,10780034
1765902883957,2257.25,246.68,282017792,181501952,172219064,164.24,10764994
1765902884058,2257.39,246.75,282034176,181501952,172221104,164.24,10764994
1765902884160,2257.50,246.80,282034176,181501952,172223120,164.24,10764994
1765902884261,2260.76,248.59,282066944,181764096,172739328,164.74,10766339
1765902884362,2260.90,248.64,282066944,181764096,172741368,164.74,10766339
1765902884463,2263.60,250.51,282132480,181764096,173004304,164.99,10775876
1765902884563,2263.72,250.56,282132480,181764096,173006344,164.99,10775876
1765902884664,2263.84,250.60,282132480,181764096,173008360,164.99,10775876
1765902884765,2271.17,252.90,282378240,181764096,173271736,165.24,10777221
1765902884867,2271.28,252.94,282378240,181764096,173273776,165.25,10777221
1765902884967,2274.67,254.78,282656768,181764096,173536528,165.50,10778563
1765902885068,2274.76,254.82,282656768,181764096,173538568,165.50,10778563
1765902885170,2274.85,254.87,282656768,181764096,173540584,165.50,10778563
1765902885271,2279.62,256.70,282918912,181764096,173807816,165.76,10779908
1765902885371,2279.76,256.76,282918912,181764096,173809856,165.76,10779908
1765902885473,2285.07,258.52,283082752,181764096,172579680,164.58,10789445
1765902885574,2285.17,258.56,283082752,181764096,172581720,164.59,10789445
1765902885675,2285.30,258.63,283082752,181764096,172583736,164.59,10789445
1765902885777,2287.90,260.29,283099136,181764096,172846416,164.84,10774406
1765902885878,2288.03,260.33,283099136,181764096,172848456,164.84,10774406
1765902885979,2294.71,262.43,283099136,181764096,173111192,165.09,10775751
1765902886080,2294.87,262.47,283099136,181764096,173113232,165.09,10775751
1765902886181,2295.11,262.58,283099136,181764096,173115248,165.10,10775751
1765902886282,2299.32,264.64,283099136,181764096,173378008,165.35,10777096
1765902886383,2299.44,264.68,283099136,181764096,173380048,165.35,10777096
1765902886484,2302.53,266.61,283115520,181764096,173642944,165.60,10786632
1765902886585,2302.67,266.67,283115520,181764096,173644984,165.60,10786632
1765902886686,2304.62,267.84,283115520,181764096,173777560,165.73,10787308
1765902886786,2307.78,268.77,283131904,181764096,173909968,165.85,10787977
1765902886888,2307.89,268.81,283131904,181764096,173912008,165.86,10787977
1765902886988,2310.90,270.83,283148288,181764096,174174752,166.11,10789322
1765902887090,2311.03,270.87,283148288,181764096,174176792,166.11,10789322
1765902887190,2317.12,272.69,283148288,181764096,172940880,164.93,10782475
1765902887290,2319.84,272.81,283148288,181764096,172944040,164.93,10782475
1765902887391,2320.04,272.87,283148288,181764096,172946056,164.93,10782475
1765902887492,2332.35,274.68,283164672,181764096,173209944,165.19,10792011
1765902887592,2332.50,274.74,283164672,181764096,173211984,165.19,10792011
1765902887693,2335.32,276.58,283164672,181764096,173473888,165.44,10793355
1765902887794,2335.41,276.62,283164672,181764096,173475928,165.44,10793355
1765902887894,2335.53,276.68,283164672,181764096,173477944,165.44,10793355
1765902887996,2339.10,278.94,283181056,181764096,173739920,165.69,10794700
1765902888097,2339.25,278.99,283181056,181764096,173741960,165.69,10794700
1765902888198,2347.05,280.98,283197440,181764096,174004648,165.94,10796045
1765902888299,2347.15,281.02,283197440,181764096,174006688,165.95,10796045
1765902888401,2347.27,281.08,283197440,181764096,174008704,165.95,10796045
1765902888502,2350.60,282.96,283197440,181764096,174270896,166.20,10805582
1765902888603,2350.73,283.01,283197440,181764096,174272936,166.20,10805582
1765902888704,2356.32,285.36,283410432,182288384,173034336,165.02,10806927
1765902888805,2356.43,285.40,283410432,182288384,173036376,165.02,10806927
1765902888906,2356.55,285.44,283410432,182288384,173038392,165.02,10806927
1765902889008,2361.59,287.47,283426816,182288384,173300808,165.27,10791891
1765902889108,2361.70,287.52,283426816,182288384,173302848,165.27,10791891
1765902889210,2365.13,289.65,283426816,182288384,173563208,165.52,10793238
1765902889310,2365.26,289.70,283443200,182288384,173565248,165.52,10793238
1765902889411,2365.39,289.76,283443200,182288384,173567264,165.53,10793238
1765902889512,2367.85,291.48,283443200,182288384,173827816,165.78,10802775
1765902889613,2367.97,291.53,283443200,182288384,173829856,165.78,10802775
1765902889713,2371.43,293.44,283459584,182288384,174090160,166.03,10804121
1765902889815,2371.55,293.48,283459584,182288384,174092200,166.03,10804121
1765902889916,2371.72,293.54,283459584,182288384,174094216,166.03,10804121
1765902890016,2375.63,295.70,283459584,182288384,174355056,166.28,10805466
1765902890118,2375.77,295.76,283459584,182288384,174357096,166.28,10805466
1765902890219,2379.46,297.73,283459584,182288384,174617760,166.53,10806811
1765902890320,2379.54,297.77,283459584,182288384,174619800,166.53,10806811
1765902890420,2379.64,297.81,283459584,182288384,174621816,166.53,10806811
1765902890522,2386.21,300.01,283983872,186744832,173431216,165.40,10799965
1765902890623,2386.32,300.07,283983872,186744832,173433256,165.40,10799965
1765902890725,2390.94,301.98,283983872,186744832,173693224,165.65,10801310
1765902890826,2391.05,302.02,283983872,186744832,173695264,165.65,10801310
1765902890926,2391.17,302.08,283983872,186744832,173697280,165.65,10801310
1765902891028,2404.03,303.82,284000256,186744832,173965896,165.91,10802657
1765902891129,2404.13,303.86,284000256,186744832,173967936,165.91,10802657
1765902891230,2406.94,305.54,284016640,186744832,174227768,166.16,10804003
1765902891331,2407.04,305.58,284016640,186744832,174229808,166.16,10804003
1765902891433,2408.83,306.55,284016640,186744832,174361048,166.28,10812871
1765902891534,2410.20,307.40,284016640,186744832,174491888,166.41,10813540
1765902891635,2410.34,307.45,284016640,186744832,174493928,166.41,10813540
1765902891736,2412.79,308.98,284016640,186744832,174753736,166.66,10814885
1765902891837,2412.92,309.02,284016640,186744832,174755776,166.66,10814885
1765902891939,2415.46,310.69,284098560,186744832,175015520,166.91,10816229
1765902892041,2415.57,310.81,284098560,186744832,175017560,166.91,10816229
1765902892142,2415.66,310.86,284098560,186744832,175019576,166.91,10816229
1765902892242,2418.53,312.91,284344320,186744832,175279408,167.16,10817574
1765902892344,2418.65,312.97,284344320,186744832,175281448,167.16,10817574
1765902892444,2422.05,314.79,284590080,186744832,175541464,167.41,10827111
1765902892545,2422.16,314.84,284590080,186744832,175543504,167.41,10827111
1765902892646,2422.27,314.90,284606464,186744832,175545520,167.41,10827111
1765902892747,2425.70,316.74,284852224,186744832,175831576,167.69,10828456
1765902892848,2425.82,316.80,284852224,186744832,175833616,167.69,10828456
1765902892950,2433.99,319.06,285114368,186744832,176094144,167.94,10829801
1765902893050,2434.06,319.09,285114368,186744832,176096184,167.94,10829801
1765902893151,2434.15,319.13,285114368,186744832,176098200,167.94,10829801
1765902893253,2436.95,321.18,285360128,186744832,176358096,168.19,10831146
1765902893353,2437.07,321.22,285360128,186744832,176360136,168.19,10831146
1765902893454,2440.88,323.17,285638656,186744832,176786016,168.60,10840683
1765902893555,2440.97,323.21,285638656,186744832,176788056,168.60,10840683
1765902893656,2441.08,323.25,285638656,186744832,176790072,168.60,10840683
1765902893757,2444.06,325.29,285900800,186744832,177049872,168.85,10842028
1765902893858,2444.15,325.33,285900800,186744832,177051912,168.85,10842028
1765902893960,2450.41,329.54,258490368,187269120,174113384,166.05,10843373
1765902894061,2450.51,329.58,258490368,187269120,174115424,166.05,10843373
1765902894162,2450.64,329.64,258490368,187269120,174117440,166.05,10843373
1765902894263,2455.22,331.87,258506752,187269120,174375976,166.30,10820142
1765902894364,2455.35,331.94,258506752,187269120,174378016,166.30,10820142
1765902894465,2471.47,333.89,258605056,187269120,174638512,166.55,10829678
1765902894566,2471.56,333.92,258621440,187269120,174640552,166.55,10829678
1765902894667,2471.66,333.97,258621440,187269120,174642568,166.55,10829678
1765902894768,2474.20,335.75,258621440,187269120,174895080,166.79,10831023
1765902894869,2474.30,335.79,258621440,187269120,174897120,166.79,10831023
1765902894970,2477.24,337.62,258670592,187269120,175149632,167.04,10832368
1765902895071,2477.39,337.69,258670592,187269120,175151672,167.04,10832368
1765902895172,2477.50,337.73,258670592,187269120,175153688,167.04,10832368
1765902895274,2480.41,339.58,258670592,187269120,175406200,167.28,10833713
1765902895374,2480.54,339.65,258670592,187269120,175408240,167.28,10833713
1765902895476,2483.18,341.57,258916352,187269120,175661104,167.52,10843250
1765902895577,2483.28,341.63,258916352,187269120,175663144,167.53,10843250
1765902895677,2483.40,341.69,258916352,187269120,175665160,167.53,10843250
1765902895779,2486.79,343.38,259178496,187269120,175917672,167.77,10844595
1765902895880,2486.93,343.44,259178496,187269120,175919712,167.77,10844595
1765902895980,2489.71,345.43,259424256,187269120,176166560,168.01,10845939
1765902896081,2489.84,345.48,259424256,187269120,176168600,168.01,10845939
1765902896183,2491.57,346.37,259538944,187269120,176293176,168.13,10846615
1765902896285,2492.57,347.13,259670016,187269120,176417456,168.24,10847284
1765902896386,2492.70,347.18,259670016,187269120,176419496,168.25,10847284
1765902896487,2495.21,349.07,259915776,187269120,176666584,168.48,10856821
1765902896587,2495.35,349.13,259915776,187269120,176668624,168.48,10856821
1765902896688,2497.03,350.04,260030464,187269120,176793240,168.60,10857497
1765902896788,2498.12,350.78,260161536,187269120,176917504,168.72,10858165
1765902896890,2498.25,350.84,260161536,187269120,176919544,168.72,10858165
1765902896990,2501.44,352.98,260390912,187269120,177166488,168.96,10859510
1765902897092,2501.59,353.07,260390912,187269120,177168528,168.96,10859510
1765902897191,2507.38,355.44,261210112,188055552,174460640,166.38,10860855
1765902897292,2508.02,355.50,261226496,188055552,174462680,166.38,10860855
1765902897394,2508.10,355.55,261226496,188055552,174464696,166.38,10860855
1765902897494,2510.38,357.18,261226496,188055552,174711912,166.62,10845816
1765902897595,2510.50,357.22,261226496,188055552,174713952,166.62,10845816
1765902897696,2514.88,358.81,261226496,188055552,174961280,166.86,10847161
1765902897797,2514.98,358.85,261226496,188055552,174963320,166.86,10847161
1765902897897,2515.08,358.90,261226496,188055552,174965336,166.86,10847161
1765902897998,2517.84,360.59,261242880,188055552,175211648,167.09,10848506
1765902898097,2517.97,360.65,261242880,188055552,175213688,167.10,10848506
1765902898198,2520.75,362.52,261242880,188055552,175459920,167.33,10849851
1765902898299,2520.85,362.56,261242880,188055552,175461960,167.33,10849851
1765902898400,2520.95,362.61,261242880,188055552,175463976,167.34,10849851
1765902898501,2523.27,364.33,261242880,188055552,175710408,167.57,10859388
1765902898602,2523.36,364.37,261242880,188055552,175712448,167.57,10859388
1765902898704,2527.72,366.38,261242880,188055552,176223928,168.06,10860734
1765902898805,2527.83,366.43,261242880,188055552,176225968,168.06,10860734
1765902898905,2527.94,366.48,261242880,188055552,176227984,168.06,10860734
1765902899006,2531.32,368.08,261259264,188055552,176474384,168.30,10862081
1765902899107,2531.43,368.13,261259264,188055552,176476424,168.30,10862081
1765902899208,2557.69,370.51,261390336,188055552,176723960,168.54,10863428
1765902899309,2557.79,370.56,261390336,188055552,176726000,168.54,10863428
1765902899410,2557.88,370.61,261390336,188055552,176728016,168.54,10863428
1765902899512,2576.86,372.90,261423104,188055552,176985064,168.79,10872967
1765902899613,2576.96,372.94,261423104,188055552,176987104,168.79,10872967
1765902899713,2579.75,374.56,261439488,188055552,177232704,169.02,10874314
1765902899814,2579.86,374.60,261455872,188055552,177234744,169.02,10874314
1765902899916,2579.99,374.65,261455872,188055552,177236760,169.03,10874314
1765902900016,2582.91,376.32,261455872,188055552,177482872,169.26,10875660
1765902900117,2583.06,376.39,261455872,188055552,177484912,169.26,10875660
1765902900218,2585.45,378.42,261472256,188055552,177730944,169.50,10877007
1765902900319,2585.52,378.45,261472256,188055552,177732984,169.50,10877007
1765902900420,2585.60,378.49,261472256,188055552,177735000,169.50,10877007
1765902900521,2588.08,380.23,261472256,188055552,177981264,169.74,10886546
1765902900622,2588.21,380.28,261472256,188055552,177983304,169.74,10886546
1765902900723,2592.80,382.67,261963776,188841984,175249688,167.13,10887892
1765902900824,2592.95,382.72,261963776,188841984,175251728,167.13,10887892
1765902900925,2593.09,382.79,261963776,188841984,175253744,167.13,10887892
1765902901027,2598.51,385.02,261980160,188841984,175501136,167.37,10856471
1765902901127,2598.66,385.09,261980160,188841984,175503176,167.37,10856471
1765902901228,2601.42,386.95,261980160,188841984,175749192,167.61,10857817
1765902901329,2601.54,387.00,261980160,188841984,175751232,167.61,10857817
1765902901431,2601.67,387.05,261980160,188841984,175753248,167.61,10857817
1765902901531,2614.26,388.82,262012928,188841984,176033968,167.88,10867356
1765902901632,2614.38,388.85,262012928,188841984,176036008,167.88,10867356
1765902901733,2617.44,390.69,262029312,188841984,176276176,168.11,10868703
1765902901834,2617.56,390.75,262029312,188841984,176278216,168.11,10868703
1765902901934,2621.59,391.88,262029312,188841984,176399464,168.23,10869380
1765902902035,2623.95,392.67,262029312,188841984,176521168,168.34,10870050
1765902902136,2624.07,392.72,262029312,188841984,176523208,168.35,10870050
1765902902237,2627.43,394.68,262029312,188841984,176763120,168.57,10871397
1765902902338,2627.55,394.73,262029312,188841984,176765160,168.58,10871397
1765902902438,2629.08,395.65,262045696,188841984,176886440,168.69,10880266
1765902902540,2632.10,396.49,262062080,188841984,177008064,168.81,10880935
1765902902641,2632.25,396.54,262062080,188841984,177010104,168.81,10880935
1765902902741,2637.00,398.77,262062080,188841984,177250728,169.04,10882282
1765902902843,2637.12,398.82,262062080,188841984,177252768,169.04,10882282
1765902902942,2640.05,400.51,262078464,188841984,177492536,169.27,10883629
1765902903043,2640.15,400.57,262078464,188841984,177494576,169.27,10883629
1765902903144,2640.24,400.61,262078464,188841984,177496592,169.27,10883629
1765902903245,2644.86,402.24,262078464,188841984,177736616,169.50,10884976
1765902903346,2644.97,402.29,262078464,188841984,177738656,169.50,10884976
1765902903447,2647.71,403.88,262078464,188841984,177978704,169.73,10894515
1765902903548,2647.80,403.92,262078464,188841984,177980744,169.74,10894515
1765902903648,2647.91,403.96,262078464,188841984,177982760,169.74,10894515
1765902903749,2650.28,405.56,262094848,188841984,178222504,169.97,10895861
1765902903850,2650.41,405.61,262094848,188841984,178224544,169.97,10895861
1765902903951,2655.10,407.60,262094848,188841984,178464552,170.20,10897208
1765902904052,2655.16,407.63,262094848,188841984,178466592,170.20,10897208
1765902904154,2655.25,407.67,262094848,188841984,178468608,170.20,10897208
1765902904254,2657.93,411.95,258015232,188841984,178708416,170.43,10898555
1765902904354,2658.05,412.01,258015232,188841984,178710456,170.43,10898555
1765902904454,2663.88,414.56,258588672,189366272,176031408,167.88,10875326
1765902904556,2663.98,414.59,258588672,189366272,176033448,167.88,10875326
1765902904657,2664.10,414.64,258588672,189366272,176035464,167.88,10875326
1765902904758,2669.26,416.86,258588672,189366272,176278032,168.11,10876674
1765902904859,2669.37,416.91,258588672,189366272,176280072,168.11,10876674
1765902904960,2674.01,418.86,258605056,189366272,176521104,168.34,10878022
1765902905061,2674.13,418.91,258621440,189366272,176523144,168.35,10878022
1765902905160,2674.28,418.97,258621440,189366272,176525160,168.35,10878022
1765902905262,2684.09,421.13,258637824,189628416,176979240,168.78,10879372
1765902905363,2684.22,421.17,258637824,189628416,176981280,168.78,10879372
1765902905463,2686.96,422.89,258637824,189628416,177219280,169.01,10888911
1765902905564,2687.05,422.93,258637824,189628416,177221320,169.01,10888911
1765902905665,2687.14,422.97,258637824,189628416,177223336,169.01,10888911
1765902905767,2689.59,424.70,258637824,189628416,177460408,169.24,10890258
1765902905867,2689.71,424.75,258637824,189628416,177462448,169.24,10890258
1765902905968,2696.66,426.97,258654208,189628416,177700160,169.47,10891605
1765902906069,2696.73,427.00,258654208,189628416,177702200,169.47,10891605
1765902906170,2696.82,427.06,258654208,189628416,177704216,169.47,10891605
1765902906271,2699.09,428.85,258654208,189628416,177941312,169.70,10892952
1765902906372,2699.20,428.89,258654208,189628416,177943352,169.70,10892952
1765902906474,2701.70,430.46,258654208,189628416,178216464,169.96,10902492
1765902906575,2701.80,430.51,258654208,189628416,178218504,169.96,10902492
1765902906676,2701.89,430.56,258654208,189628416,178220520,169.96,10902492
1765902906777,2704.50,432.51,258670592,189628416,178457608,170.19,10903839
1765902906878,2704.60,432.56,258670592,189628416,178459648,170.19,10903839
1765902906979,2706.88,434.32,258670592,189628416,178696784,170.42,10905187
1765902907080,2706.99,434.38,258670592,189628416,178698824,170.42,10905187
1765902907184,2708.36,435.26,258670592,189628416,178818512,170.53,10905864
1765902907284,2709.35,435.96,258670592,189628416,178937896,170.65,10906534
1765902907385,2709.45,436.00,258670592,189628416,178939936,170.65,10906534
1765902907486,2712.38,437.99,258686976,189628416,179177336,170.88,10916072
1765902907587,2712.50,438.04,258686976,189628416,179179376,170.88,10916072
1765902907687,2716.25,439.27,258686976,189628416,179299664,170.99,10916749
1765902907788,2718.30,440.23,258703360,189628416,179419296,171.11,10917419
1765902907889,2718.43,440.29,258703360,189628416,179421336,171.11,10917419
1765902907991,2726.57,443.15,259751936,198541312,176956792,168.76,10918766
1765902908092,2726.69,443.22,259751936,198541312,176958832,168.76,10918766
1765902908191,2729.22,444.94,259768320,198541312,177195960,168.99,10895537
1765902908293,2729.30,444.98,259768320,198541312,177198000,168.99,10895537
1765902908394,2729.41,445.02,259768320,198541312,177200016,168.99,10895537
1765902908495,2732.07,446.98,259768320,198541312,177437584,169.22,10905076
1765902908596,2732.20,447.06,259768320,198541312,177439624,169.22,10905076
1765902908697,2734.92,448.78,259768320,198541312,177676696,169.45,10906424
1765902908798,2735.01,448.82,259768320,198541312,177678736,169.45,10906424
1765902908899,2735.11,448.87,259768320,198541312,177680752,169.45,10906424
1765902909001,2737.48,450.59,259784704,198541312,177917840,169.68,10907771
1765902909102,2737.61,450.65,259784704,198541312,177919880,169.68,10907771
1765902909202,2746.19,452.72,259784704,198541312,178157752,169.90,10909118
1765902909303,2746.28,452.76,259784704,198541312,178159792,169.91,10909118
1765902909405,2746.39,452.81,259784704,198541312,178161808,169.91,10909118
1765902909506,2748.55,454.61,259801088,198541312,178399016,170.13,10918657
1765902909607,2748.66,454.65,259801088,198541312,178401056,170.14,10918657
1765902909708,2751.51,456.37,259801088,198541312,178638072,170.36,10920004
1765902909809,2751.61,456.41,259801088,198541312,178640112,170.36,10920004
1765902909909,2751.72,456.46,259801088,198541312,178642128,170.37,10920004
1765902910010,2756.09,458.07,259801088,198541312,178879096,170.59,10921350
1765902910111,2756.20,458.12,259801088,198541312,178881136,170.59,10921350
1765902910212,2760.56,460.27,259817472,198541312,179116832,170.82,10922698
1765902910313,2760.65,460.32,259833856,198541312,179118872,170.82,10922698
1765902910415,2760.74,460.36,259833856,198541312,179120888,170.82,10922698
1765902910515,2764.83,461.95,259833856,198541312,179356176,171.05,10932237
1765902910616,2764.95,462.00,259833856,198541312,179358216,171.05,10932237
1765902910717,2767.50,463.96,259850240,198541312,179593272,171.27,10933585
1765902910819,2767.63,464.00,259850240,198541312,179595312,171.28,10933585
1765902910920,2767.74,464.05,259850240,198541312,179597328,171.28,10933585
1765902911021,2770.24,465.92,259850240,198541312,179832496,171.50,10934932
1765902911121,2770.36,465.98,259850240,198541312,179834536,171.50,10934932
1765902911222,2772.95,467.75,259850240,198541312,180069592,171.73,10936280
1765902911323,2773.05,467.79,259850240,198541312,180071632,171.73,10936280
1765902911424,2773.81,467.99,259866624,198541312,180093112,171.75,10936284
1765902911526,2777.46,469.73,259883008,198541312,180328608,171.97,10945823
1765902911626,2777.57,469.78,259883008,198541312,180330648,171.98,10945823
1765902911727,2782.28,471.52,260096000,198541312,180565568,172.20,10947170
1765902911828,2782.39,471.58,260096000,198541312,180567608,172.20,10947170
1765902911929,2782.50,471.63,260112384,198541312,180569624,172.20,10947170
1765902912030,2785.14,473.23,260325376,198541312,180804072,172.43,10948517
1765902912131,2785.32,473.27,260325376,198541312,180806112,172.43,10948517
1765902912233,2788.01,475.33,260571136,198541312,181040584,172.65,10949865
1765902912334,2788.20,475.44,260571136,198541312,181042624,172.66,10949865
1765902912434,2790.10,476.58,260734976,198541312,181194048,172.80,10958738
1765902912535,2791.07,477.42,260849664,198541312,181312112,172.91,10959409
1765902912636,2791.15,477.45,260849664,198541312,181314152,172.91,10959409
1765902912737,2793.49,479.43,261062656,198541312,181548720,173.14,10960756
1765902912838,2793.60,479.49,261079040,198541312,181550760,173.14,10960756
1765902912939,2798.86,481.50,261324800,198541312,181785352,173.36,10962104
1765902913041,2798.96,481.56,261324800,198541312,181787392,173.37,10962104
1765902913142,2799.09,481.61,261324800,198541312,181789408,173.37,10962104
1765902913242,2801.74,483.70,261554176,198541312,182023672,173.59,10963451
1765902913343,2801.84,483.74,261554176,198541312,182025712,173.59,10963451
1765902913444,2804.08,485.35,261783552,198541312,182260240,173.82,10972992
1765902913546,2804.24,485.41,261783552,198541312,182262280,173.82,10972992
1765902913647,2804.42,485.51,261783552,198541312,182264296,173.82,10972992
1765902913747,2806.45,487.10,262029312,198541312,182498728,174.04,10974339
1765902913848,2806.56,487.15,262029312,198541312,182500768,174.05,10974339
1765902913948,2809.28,489.27,262242304,198541312,182735080,174.27,10975687
1765902914049,2809.44,489.33,262242304,198541312,182737120,174.27,10975687
1765902914150,2809.62,489.43,262242304,198541312,182739136,174.27,10975687
1765902914251,2813.60,491.44,262471680,198541312,182973792,174.50,10977035
1765902914352,2813.70,491.49,262471680,198541312,182975832,174.50,10977035
1765902914452,2816.36,493.33,262733824,198541312,183210344,174.72,10986575
1765902914553,2816.44,493.37,262733824,198541312,183212384,174.72,10986575
1765902914654,2816.52,493.41,262733824,198541312,183214400,174.73,10986575
1765902914756,2820.36,495.15,262979584,198541312,183448816,174.95,10987923
1765902914857,2820.45,495.20,262979584,198541312,183450856,174.95,10987923
1765902914957,2829.95,497.92,263618560,199327744,178106760,169.86,10931918
1765902915058,2830.04,497.96,263618560,199327744,178108800,169.86,10931918
1765902915159,2830.12,498.01,263618560,199327744,178110816,169.86,10931918
1765902915261,2851.01,500.39,263634944,199327744,178350088,170.09,10933265
1765902915362,2851.10,500.43,263634944,199327744,178352128,170.09,10933265
1765902915463,2876.50,502.85,263651328,199327744,178586416,170.31,10942805
1765902915565,2876.59,502.92,263667712,199327744,178588456,170.32,10942805
1765902915666,2876.66,502.96,263667712,199327744,178590472,170.32,10942805
1765902915766,2879.82,505.11,263684096,199327744,178819896,170.54,10944153
1765902915867,2879.91,505.16,263684096,199327744,178821936,170.54,10944153
1765902915968,2883.25,507.15,263684096,199327744,179051152,170.76,10945501
1765902916069,2883.35,507.19,263684096,199327744,179053192,170.76,10945501
1765902916170,2883.44,507.23,263684096,199327744,179055208,170.76,10945501
1765902916271,2886.12,509.19,263782400,199327744,179477064,171.16,10946849
1765902916372,2886.22,509.24,263782400,199327744,179479104,171.16,10946849
1765902916474,2887.29,510.05,263782400,199327744,179708552,171.38,10956389
1765902916575,2887.34,510.07,263782400,199327744,179710592,171.39,10956389
1765902916676,2887.41,510.09,263782400,199327744,179712608,171.39,10956389
1765902916778,2888.90,511.19,263782400,199327744,179941840,171.61,10957737
1765902916879,2889.00,511.27,263782400,199327744,179943880,171.61,10957737
1765902916979,2897.40,513.19,263798784,199327744,180175024,171.83,10959085
1765902917080,2897.59,513.25,263798784,199327744,180177064,171.83,10959085
1765902917182,2899.43,513.35,263798784,199327744,180179800,171.83,10959085
1765902917283,2903.11,515.50,263798784,199327744,180409744,172.05,10960432
1765902917383,2903.30,515.60,263798784,199327744,180411784,172.05,10960432
1765902917485,2905.92,517.38,263815168,199327744,180641248,172.27,10969972
1765902917586,2906.01,517.43,263815168,199327744,180643288,172.27,10969972
1765902917685,2907.35,518.59,263815168,199327744,180759096,172.39,10970649
1765902917786,2908.28,519.40,263815168,199327744,180874656,172.50,10971320
1765902917886,2908.39,519.45,263815168,199327744,180876696,172.50,10971320
1765902917987,2911.14,521.54,263864320,199327744,181106120,172.72,10972668
1765902918089,2911.24,521.59,263864320,199327744,181108160,172.72,10972668
1765902918190,2914.06,523.64,264110080,199327744,181337328,172.94,10974016
1765902918291,2916.17,523.73,264110080,199327744,181339800,172.94,10974016
1765902918392,2916.27,523.78,264110080,199327744,181341816,172.94,10974016
1765902918494,2921.01,525.39,264339456,199327744,181570512,173.16,10983556
1765902918594,2921.12,525.44,264339456,199327744,181572552,173.16,10983556
1765902918695,2931.18,527.67,264585216,199327744,181800904,173.38,10984904
1765902918796,2931.27,527.72,264585216,199327744,181802944,173.38,10984904
1765902918897,2931.37,527.77,264585216,199327744,181804960,173.38,10984904
1765902918998,2933.52,529.68,264798208,199327744,182031824,173.60,10986252
1765902919100,2933.63,529.72,264798208,199327744,182033864,173.60,10986252
1765902919200,2938.89,531.71,265027584,199327744,182261784,173.82,10987600
1765902919301,2938.97,531.75,265027584,199327744,182263824,173.82,10987600
1765902919402,2939.06,531.80,265043968,199327744,182265840,173.82,10987600
1765902919504,2941.59,533.70,265256960,199327744,182493024,174.04,10997140
1765902919604,2941.69,533.77,265256960,199327744,182495064,174.04,10997140
1765902919705,2943.95,535.50,265469952,199327744,182721504,174.26,10998488
1765902919807,2944.03,535.54,265469952,199327744,182723544,174.26,10998488
1765902919908,2944.10,535.59,265469952,199327744,182725560,174.26,10998488
1765902920008,2948.01,537.35,265699328,199327744,182952896,174.48,10999836
1765902920109,2948.08,537.40,265699328,199327744,182954936,174.48,10999836
1765902920210,2953.58,539.51,265945088,199327744,183181912,174.70,11001184
1765902920312,2953.73,539.55,265945088,199327744,183183952,174.70,11001184
1765902920412,2953.92,539.65,265945088,199327744,183185968,174.70,11001184
1765902920514,2956.20,541.57,266174464,199327744,183412632,174.92,11010724
1765902920614,2956.37,541.62,266174464,199327744,183414672,174.92,11010724
1765902920716,2958.68,543.69,266387456,199327744,183641176,175.13,11012071
1765902920816,2958.85,543.76,266403840,199327744,183643216,175.14,11012071
1765902920917,2959.03,543.88,266403840,199327744,183645232,175.14,11012071
1765902921018,2962.93,545.86,266633216,199327744,183871720,175.35,11013418
1765902921120,2963.04,545.90,266633216,199327744,183873760,175.36,11013418
1765902921220,2965.01,547.54,266846208,199327744,184102608,175.57,11014765
1765902921321,2965.09,547.59,266862592,199327744,184104648,175.58,11014765
1765902921422,2965.17,547.63,266862592,199327744,184106664,175.58,11014765
1765902921523,2976.16,549.80,267108352,199327744,184359376,175.82,11024305
1765902921624,2976.27,549.86,267108352,199327744,184361416,175.82,11024305
1765902921725,2978.94,551.60,267321344,199327744,184585368,176.03,11025653
1765902921826,2979.10,551.65,267321344,199327744,184587408,176.04,11025653
1765902921927,2979.28,551.75,267321344,199327744,184589424,176.04,11025653
1765902922028,2984.07,554.11,267534336,199327744,184984528,176.41,11027001
1765902922129,2984.18,554.16,267534336,199327744,184986568,176.42,11027001
1765902922230,2986.27,555.82,267763712,199327744,185210536,176.63,11028348
1765902922332,2986.38,555.87,267763712,199327744,185212576,176.63,11028348
1765902922435,2987.99,556.83,267878400,199327744,185325952,176.74,11037217
1765902922535,2994.30,558.85,269025280,200900608,179559560,171.24,11037888
1765902922636,2994.40,558.89,269025280,200900608,179561600,171.24,11037888
1765902922737,2996.57,560.73,269025280,200900608,179785720,171.46,10973699
1765902922838,2996.66,560.78,269025280,200900608,179787760,171.46,10973699
1765902922939,2998.78,562.87,269041664,200900608,180011728,171.67,10975047
1765902923040,2998.90,562.93,269041664,200900608,180013768,171.67,10975047
1765902923140,2999.08,563.00,269041664,200900608,180015784,171.68,10975047
1765902923242,3001.46,564.93,269041664,200900608,180239752,171.89,10976393
1765902923343,3001.60,564.98,269041664,200900608,180241792,171.89,10976393
1765902923442,3004.22,566.98,269058048,200900608,180465952,172.11,10985933
1765902923544,3004.32,567.03,269058048,200900608,180467992,172.11,10985933
1765902923645,3004.41,567.07,269058048,200900608,180470008,172.11,10985933
1765902923746,3006.53,568.80,269074432,200900608,180694056,172.32,10987281
1765902923847,3006.70,568.86,269074432,200900608,180696096,172.33,10987281
1765902923948,3008.91,570.89,269074432,200900608,180920056,172.54,10988629
1765902924050,3009.06,570.93,269074432,200900608,180922096,172.54,10988629
1765902924150,3009.25,571.04,269074432,200900608,180924112,172.54,10988629
1765902924251,3013.02,572.83,269074432,200900608,181148808,172.76,10989976
1765902924352,3013.12,572.87,269074432,200900608,181150848,172.76,10989976
1765902924453,3015.25,574.59,269090816,200900608,181375256,172.97,10999516
1765902924555,3015.34,574.64,269090816,200900608,181377296,172.97,10999516
1765902924656,3015.41,574.68,269090816,200900608,181379312,172.98,10999516
1765902924757,3017.39,576.36,269090816,200900608,181603312,173.19,11000864
1765902924858,3017.51,576.40,269090816,200900608,181605352,173.19,11000864
1765902924958,3019.46,577.67,269090816,200900608,181829384,173.41,11002211
1765902925059,3019.54,577.72,269090816,200900608,181831424,173.41,11002211
1765902925160,3019.64,577.79,269090816,200900608,181833440,173.41,11002211
1765902925261,3021.63,579.56,269107200,200900608,182057432,173.62,11003557
1765902925362,3021.74,579.63,269107200,200900608,182059472,173.63,11003557
1765902925463,3023.29,580.93,269107200,200900608,182283696,173.84,11013096
1765902925564,3023.39,580.99,269107200,200900608,182285736,173.84,11013096
1765902925666,3023.48,581.02,269107200,200900608,182287752,173.84,11013096
1765902925766,3026.25,582.83,269107200,200900608,182511784,174.06,11014444
1765902925867,3026.43,582.92,269107200,200900608,182513824,174.06,11014444
1765902925969,3028.84,585.02,269123584,200900608,182737896,174.27,11015792
1765902926070,3028.95,585.08,269139968,200900608,182739936,174.27,11015792
1765902926170,3029.02,585.11,269139968,200900608,182741952,174.28,11015792
1765902926271,3032.42,586.87,269139968,200900608,182966400,174.49,11017138
1765902926373,3032.53,586.91,269139968,200900608,182968440,174.49,11017138
1765902926474,3034.96,588.87,269139968,200900608,183192544,174.71,11026677
1765902926574,3035.12,588.94,269139968,200900608,183194584,174.71,11026677
1765902926675,3035.20,588.98,269139968,200900608,183196600,174.71,11026677
1765902926777,3037.67,590.85,269156352,200900608,183420432,174.92,11028023
1765902926878,3037.86,590.96,269156352,200900608,183422472,174.93,11028023
1765902926979,3039.94,592.66,269156352,200900608,183646320,175.14,11029371
1765902927081,3040.11,592.72,269156352,200900608,183648360,175.14,11029371
1765902927180,3040.29,592.84,269156352,200900608,183650376,175.14,11029371
1765902927281,3042.42,594.70,269156352,200900608,183874328,175.36,11030719
1765902927382,3042.52,594.75,269156352,200900608,183876368,175.36,11030719
1765902927484,3045.07,596.79,269172736,200900608,184100448,175.57,11040258
1765902927585,3045.16,596.84,269172736,200900608,184102488,175.57,11040258
1765902927686,3046.45,597.90,269172736,200900608,184215584,175.68,11040935
1765902927786,3047.41,598.75,269172736,200900608,184328352,175.79,11041605
1765902927887,3047.51,598.81,269172736,200900608,184330392,175.79,11041605
1765902927989,3050.13,600.70,269172736,200900608,184554232,176.00,11042951
1765902928090,3050.24,600.75,269172736,200900608,184556272,176.01,11042951
1765902928192,3057.72,602.98,269189120,200900608,184781040,176.22,11044299
1765902928293,3057.80,603.03,269189120,200900608,184783080,176.22,11044299
1765902928394,3057.91,603.08,269189120,200900608,184785096,176.22,11044299
1765902928495,3060.54,604.97,269189120,200900608,185009368,176.44,11053839
1765902928596,3060.64,605.01,269189120,200900608,185011408,176.44,11053839
1765902928697,3063.76,607.11,269205504,200900608,185235456,176.65,11055186
1765902928797,3063.91,607.16,269205504,200900608,185237496,176.66,11055186
1765902928898,3064.16,607.27,269205504,200900608,185239512,176.66,11055186
1765902929000,3066.94,608.92,269221888,200900608,185463560,176.87,11056534
1765902929100,3067.10,608.98,269221888,200900608,185465600,176.87,11056534
1765902929201,3069.28,611.03,269402112,200900608,185689712,177.09,11057881
1765902929302,3069.42,611.10,269402112,200900608,185691752,177.09,11057881
1765902929403,3069.53,611.14,269402112,200900608,185693768,177.09,11057881
1765902929505,3218.30,622.40,270565376,201424896,171393632,163.45,11010077
1765902929605,3218.44,622.45,270565376,201424896,171580592,163.63,11010077
1765902929707,3221.43,624.30,270581760,201424896,171806816,163.85,10677108
1765902929808,3221.53,624.36,270581760,201424896,171808856,163.85,10677108
1765902929908,3221.59,624.40,270581760,201424896,171810872,163.85,10677108
1765902930009,3224.54,626.21,270598144,201424896,172036896,164.07,10678456
1765902930110,3224.64,626.27,270598144,201424896,172038936,164.07,10678456
1765902930211,3227.20,628.25,270598144,201424896,172265192,164.28,10679804
1765902930311,3227.30,628.30,270598144,201424896,172267232,164.29,10679804
1765902930412,3227.40,628.35,270598144,201424896,172269248,164.29,10679804
1765902930513,3230.26,630.43,270598144,201424896,172495464,164.50,10689343
1765902930615,3230.43,630.53,270598144,201424896,172497504,164.51,10689343
1765902930716,3233.87,632.34,270614528,201424896,172729664,164.73,10690690
1765902930817,3233.97,632.39,270614528,201424896,172731704,164.73,10690690
1765902930918,3234.03,632.43,270614528,201424896,172733720,164.73,10690690
1765902931018,3237.84,634.42,270614528,201424896,172960088,164.95,10692038
1765902931119,3237.94,634.47,270614528,201424896,172962128,164.95,10692038
1765902931221,3240.26,636.56,270614528,201424896,173188176,165.17,10693386
1765902931321,3240.35,636.60,270614528,201424896,173190216,165.17,10693386
1765902931422,3240.43,636.65,270614528,201424896,173192232,165.17,10693386
1765902931523,3243.40,638.60,270630912,201424896,173418512,165.38,10702926
1765902931623,3243.50,638.65,270630912,201424896,173420552,165.39,10702926
1765902931724,3246.37,640.92,270630912,201424896,173646600,165.60,10704274
1765902931826,3246.48,640.97,270630912,201424896,173648640,165.60,10704274
1765902931927,3246.55,641.02,270630912,201424896,173650656,165.61,10704274
1765902932028,3249.54,643.01,270630912,201424896,173876720,165.82,10705622
1765902932129,3249.70,643.05,270630912,201424896,173878760,165.82,10705622
1765902932230,3252.33,644.90,270647296,201424896,174104784,166.04,10706970
1765902932331,3252.49,644.95,270647296,201424896,174106824,166.04,10706970
1765902932434,3253.90,645.92,270647296,201424896,174221224,166.15,10715839
1765902932535,3254.82,646.94,270647296,201424896,174335096,166.26,10716510
1765902932636,3254.93,646.99,270647296,201424896,174337136,166.26,10716510
1765902932737,3257.00,648.83,270647296,201424896,174563120,166.48,10717858
1765902932838,3257.10,648.88,270647296,201424896,174565160,166.48,10717858
1765902932940,3259.36,650.84,270663680,201424896,174791088,166.69,10719206
1765902933041,3259.45,650.89,270663680,201424896,174793128,166.70,10719206
1765902933142,3259.52,650.93,270663680,201424896,174795200,166.70,10719206
1765902933243,3261.68,652.78,270663680,201424896,175021184,166.91,10720554
1765902933345,3261.79,652.82,270663680,201424896,175023224,166.92,10720554
1765902933445,3269.45,655.20,270663680,201424896,175249496,167.13,10730093
1765902933546,3272.47,655.28,270680064,201424896,175266752,167.15,10730093
1765902933647,3272.61,655.33,270680064,201424896,175268768,167.15,10730093
1765902933750,3378.41,662.84,292716544,225017856,185234312,176.65,10706865
1765902933849,3596.14,666.71,293879808,225804288,193661088,184.69,10706865
1765902933949,3767.80,673.71,298778624,228425728,197509480,188.36,10677107
1765902934050,3782.78,674.15,298958848,228425728,198959392,189.74,10679156
1765902934151,3782.85,674.19,298958848,228425728,198961432,189.74,10679156
1765902934251,3786.63,675.70,298958848,228425728,199198208,189.97,10680503
1765902934352,3786.71,675.74,298958848,228425728,199200248,189.97,10680503
1765902934453,3789.01,677.58,298975232,228425728,199434808,190.20,10690043
1765902934554,3789.12,677.62,298975232,228425728,199436848,190.20,10690043
1765902934656,3789.20,677.66,298975232,228425728,199438864,190.20,10690043
1765902934756,3795.27,679.70,298975232,228425728,199673040,190.42,10691391
1765902934857,3795.39,679.75,298975232,228425728,199675080,190.42,10691391
1765902934958,3797.74,681.72,298991616,228425728,199909024,190.65,10692737
1765902935059,3797.83,681.76,298991616,228425728,199911064,190.65,10692737
1765902935160,3797.99,681.82,298991616,228425728,199913080,190.65,10692737
1765902935261,3800.77,683.87,298991616,228425728,200147056,190.88,10694085
1765902935362,3800.90,683.93,298991616,228425728,200149096,190.88,10694085
1765902935463,3803.36,685.73,298991616,228425728,200383256,191.10,10703624
1765902935564,3803.44,685.77,298991616,228425728,200385296,191.10,10703624
1765902935666,3803.51,685.80,298991616,228425728,200387312,191.10,10703624
1765902935766,3805.70,687.84,299008000,228425728,200621472,191.33,10704970
1765902935868,3805.78,687.87,299008000,228425728,200623512,191.33,10704970
1765902935969,3808.01,689.63,299008000,228425728,200857448,191.55,10706318
1765902936070,3808.09,689.67,299008000,228425728,200859488,191.55,10706318
1765902936170,3808.18,689.74,299008000,228425728,200861504,191.56,10706318
1765902936272,3811.26,691.85,299024384,228425728,201095504,191.78,10707666
1765902936373,3811.36,691.90,299024384,228425728,201097544,191.78,10707666
1765902936474,3816.76,693.88,299024384,228425728,201332944,192.01,10717204
1765902936575,3816.84,693.93,299024384,228425728,201334984,192.01,10717204
1765902936677,3816.93,693.97,299024384,228425728,201337000,192.01,10717204
1765902936778,3821.96,696.04,299040768,228425728,201571200,192.23,10718552
1765902936879,3822.09,696.11,299040768,228425728,201573240,192.24,10718552
1765902936979,3824.15,697.79,299040768,228425728,201807208,192.46,10719899
1765902937081,3824.27,697.84,299040768,228425728,201809248,192.46,10719899
1765902937184,3825.63,698.80,299040768,228425728,201927336,192.57,10720576
1765902937285,3826.52,699.66,299040768,228425728,202045280,192.69,10721247
1765902937387,3826.62,699.71,299040768,228425728,202047320,192.69,10721247
1765902937487,3828.66,701.61,299057152,228425728,202281496,192.91,10730787
1765902937589,3828.76,701.66,299057152,228425728,202283536,192.91,10730787
1765902937690,3830.69,703.43,299057152,228425728,202517432,193.14,10732135
1765902937791,3830.77,703.49,299057152,228425728,202519472,193.14,10732135
1765902937892,3830.84,703.53,299057152,228425728,202521488,193.14,10732135
1765902937994,3833.23,705.43,299057152,228425728,202755536,193.36,10733483
1765902938094,3833.33,705.47,299057152,228425728,202757576,193.36,10733483
1765902938195,3835.43,707.22,299057152,228425728,202991664,193.59,10734831
1765902938296,3835.52,707.27,299057152,228425728,202993704,193.59,10734831
1765902938396,3835.61,707.31,299057152,228425728,202995720,193.59,10734831
1765902938498,3838.20,708.97,299057152,228425728,203453776,194.03,10744371
1765902938599,3838.31,709.02,299057152,228425728,203455816,194.03,10744371
1765902938699,3841.08,711.12,299057152,228425728,203689760,194.25,10745718
1765902938800,3841.17,711.16,299057152,228425728,203691800,194.26,10745718
1765902938901,3841.25,711.21,299057152,228425728,203693816,194.26,10745718
1765902939001,3843.27,712.88,299073536,228425728,203927880,194.48,10747065
1765902939102,3843.36,712.92,299073536,228425728,203929920,194.48,10747065
1765902939204,3846.21,715.13,299089920,228425728,204163864,194.71,10748412
1765902939304,3846.29,715.17,299089920,228425728,204165904,194.71,10748412
1765902939405,3846.36,715.21,299089920,228425728,204167920,194.71,10748412
1765902939506,3849.13,717.24,299089920,228425728,204402168,194.93,10757951
1765902939607,3849.22,717.29,299089920,228425728,204404208,194.94,10757951
1765902939708,3852.29,719.15,299089920,228425728,204638240,195.16,10759299
1765902939810,3852.44,719.20,299089920,228425728,204640280,195.16,10759299
1765902939909,3852.63,719.30,299089920,228425728,204642296,195.16,10759299
1765902940011,3860.51,721.63,299122688,228425728,204877616,195.39,10760646
1765902940112,3860.64,721.67,299122688,228425728,204879656,195.39,10760646
1765902940213,3863.10,723.44,299122688,228425728,205113448,195.61,10761994
1765902940314,3863.26,723.49,299122688,228425728,205115488,195.61,10761994
1765902940413,3863.43,723.58,299122688,228425728,205117504,195.62,10761994
1765902940513,3865.47,725.34,299139072,228425728,205351520,195.84,10771534
1765902940615,3865.62,725.38,299139072,228425728,205353560,195.84,10771534
1765902940715,3872.82,728.38,299663360,229998592,191229640,182.37,10723729
1765902940816,3872.91,728.41,299663360,229998592,191231680,182.37,10723729
1765902940917,3873.06,728.46,299663360,229998592,191233696,182.37,10723729
1765902941018,3875.56,730.32,299663360,229998592,191467488,182.60,10725077
1765902941119,3875.66,730.37,299663360,229998592,191469528,182.60,10725077
1765902941221,3881.65,732.53,299679744,229998592,191704480,182.82,10726424
1765902941322,3881.75,732.59,299679744,229998592,191706520,182.83,10726424
1765902941423,3881.97,732.66,299679744,229998592,191709384,182.83,10726424
1765902941524,3885.12,734.78,299679744,229998592,191943528,183.05,10735963
1765902941625,3885.22,734.85,299679744,229998592,191945568,183.05,10735963
1765902941726,3888.24,736.72,299679744,229998592,192179360,183.28,10737310
1765902941827,3888.35,736.77,299679744,229998592,192181400,183.28,10737310
1765902941929,3888.45,736.82,299679744,229998592,192183416,183.28,10737310
1765902942029,3891.49,738.36,299696128,229998592,192417632,183.50,10738658
1765902942130,3891.58,738.40,299696128,229998592,192419672,183.51,10738658
1765902942231,3895.44,740.18,299696128,229998592,192654032,183.73,10740006
1765902942332,3895.59,740.22,299696128,229998592,192656072,183.73,10740006
1765902942435,3897.53,741.34,299696128,229998592,192774592,183.84,10748875
1765902942536,3902.10,742.61,299712512,229998592,192894560,183.96,10749545
1765902942637,3902.21,742.65,299712512,229998592,192896600,183.96,10749545
1765902942737,3903.78,743.90,299712512,229998592,193130000,184.18,10750893
1765902942839,3903.87,743.95,299712512,229998592,193132040,184.19,10750893
1765902942938,3905.21,745.07,299712512,229998592,193249896,184.30,10751570
1765902943039,3906.20,745.92,299712512,229998592,193367424,184.41,10752241
1765902943141,3906.30,745.97,299712512,229998592,193369464,184.41,10752241
1765902943241,3909.18,747.49,299728896,229998592,193602824,184.63,10753588
1765902943342,3909.25,747.52,299728896,229998592,193604864,184.64,10753588
1765902943443,3911.64,749.33,299728896,229998592,193838512,184.86,10763127
1765902943544,3911.73,749.38,299728896,229998592,193840552,184.86,10763127
1765902943645,3911.80,749.42,299728896,229998592,193842568,184.86,10763127
1765902943746,3914.54,751.42,299728896,229998592,194075944,185.09,10764475
1765902943846,3914.78,751.52,299728896,229998592,194077984,185.09,10764475
1765902943947,3917.68,753.49,299745280,229998592,194311376,185.31,10765823
1765902944048,3917.78,753.52,299745280,229998592,194313416,185.31,10765823
1765902944149,3917.93,753.57,299745280,229998592,194315432,185.31,10765823
1765902944250,3920.39,755.28,299761664,229998592,194548800,185.54,10767170
1765902944351,3920.48,755.33,299761664,229998592,194550840,185.54,10767170
1765902944452,3922.88,757.41,299778048,229998592,194784432,185.76,10776709
1765902944553,3922.97,757.46,299778048,229998592,194786472,185.76,10776709
1765902944654,3923.03,757.50,299778048,229998592,194788488,185.76,10776709
1765902944756,3925.31,759.44,299778048,229998592,195021872,185.99,10778056
1765902944857,3925.40,759.48,299778048,229998592,195023912,185.99,10778056
1765902944958,3929.17,761.62,299778048,229998592,195257176,186.21,10779404
1765902945059,3929.24,761.68,299778048,229998592,195259216,186.21,10779404
1765902945160,3929.31,761.72,299778048,229998592,195261232,186.22,10779404
1765902945261,3931.46,763.49,299794432,229998592,195494296,186.44,10780751
1765902945361,3931.57,763.54,299794432,229998592,195496336,186.44,10780751
1765902945463,3934.21,765.55,299794432,229998592,195729600,186.66,10790290
1765902945563,3934.38,765.60,299794432,229998592,195731640,186.66,10790290
1765902945663,3934.56,765.71,299794432,229998592,195733656,186.67,10790290
1765902945764,3949.34,768.09,299843584,229998592,195968264,186.89,10791637
1765902945865,3949.43,768.13,299843584,229998592,195970304,186.89,10791637
1765902945967,3951.94,770.27,299843584,229998592,196203072,187.11,10792984
1765902946068,3952.00,770.30,299843584,229998592,196205112,187.12,10792984
1765902946169,3952.11,770.35,299843584,229998592,196207128,187.12,10792984
1765902946270,3954.66,772.11,299843584,229998592,196623664,187.51,10794331
1765902946371,3954.76,772.15,299843584,229998592,196625704,187.52,10794331
1765902946471,3957.01,774.14,299859968,229998592,196858728,187.74,10803870
1765902946572,3957.10,774.18,299859968,229998592,196860768,187.74,10803870
1765902946674,3957.18,774.22,299859968,229998592,196862784,187.74,10803870
1765902946774,3959.35,776.11,299859968,229998592,197095656,187.97,10805218
1765902946875,3959.46,776.16,299859968,229998592,197097696,187.97,10805218
1765902946977,3961.58,777.98,299859968,229998592,197330496,188.19,10806565
1765902947077,3961.68,778.02,299859968,229998592,197332536,188.19,10806565
1765902947178,3961.78,778.09,299859968,229998592,197334552,188.19,10806565
1765902947279,3964.38,780.04,299876352,229998592,197567400,188.41,10807912
1765902947381,3964.55,780.09,299876352,229998592,197569440,188.42,10807912
1765902947482,3967.07,782.23,299876352,229998592,197802488,188.64,10817452
1765902947583,3967.17,782.27,299876352,229998592,197804528,188.64,10817452
1765902947685,3968.92,783.50,299876352,229998592,197922032,188.75,10818129
1765902947786,3970.06,784.55,299876352,229998592,198039480,188.87,10818799
1765902947888,3970.16,784.60,299876352,229998592,198041520,188.87,10818799
1765902947988,3972.93,786.46,299892736,229998592,198274344,189.09,10820146
1765902948089,3973.03,786.50,299892736,229998592,198276384,189.09,10820146
1765902948190,3976.50,788.28,299892736,229998592,198508984,189.31,10821493
1765902948290,3976.58,788.35,299892736,229998592,198511024,189.31,10821493
1765902948391,3976.67,788.40,299892736,229998592,198513040,189.32,10821493
1765902948493,3978.75,790.18,299892736,229998592,198745704,189.54,10831032
1765902948593,3978.92,790.24,299892736,229998592,198747744,189.54,10831032
1765902948694,3981.04,792.33,299909120,229998592,198980192,189.76,10832379
1765902948795,3981.13,792.38,299909120,229998592,198982232,189.76,10832379
1765902948896,3981.27,792.43,299909120,229998592,198984248,189.77,10832379
1765902948997,3984.01,794.17,299909120,229998592,199216680,189.99,10833727
1765902949098,3984.09,794.21,299909120,229998592,199218720,189.99,10833727
1765902949200,3986.31,796.34,299925504,229998592,199451208,190.21,10835074
1765902949301,3986.39,796.39,299925504,229998592,199453248,190.21,10835074
1765902949401,3986.45,796.42,299925504,229998592,199455264,190.22,10835074
1765902949502,3988.85,798.52,299925504,229998592,199687928,190.44,10844614
1765902949603,3988.94,798.56,299925504,229998592,199689968,190.44,10844614
1765902949704,3992.46,800.40,299925504,229998592,199922896,190.66,10845961
1765902949805,3992.55,800.44,299925504,229998592,199924936,190.66,10845961
1765902949907,3992.63,800.49,299925504,229998592,199926952,190.67,10845961
1765902950007,3995.54,802.45,299941888,229998592,200159416,190.89,10847309
1765902950108,3995.66,802.50,299941888,229998592,200161456,190.89,10847309
1765902950209,3998.06,804.52,299941888,229998592,200393904,191.11,10848657
1765902950311,3998.16,804.57,299941888,229998592,200395944,191.11,10848657
1765902950412,3998.24,804.61,299941888,229998592,200397960,191.11,10848657
1765902950513,4001.34,806.55,299941888,229998592,200630648,191.34,10858196
1765902950613,4001.45,806.60,299941888,229998592,200632688,191.34,10858196
1765902950715,4004.22,808.58,299958272,229998592,200865168,191.56,10859542
1765902950815,4004.37,808.63,299958272,229998592,200867208,191.56,10859542
1765902950916,4004.61,808.73,299958272,229998592,200869224,191.56,10859542
1765902951017,4007.69,810.34,299958272,229998592,201101856,191.79,10860889
1765902951118,4008.54,810.39,299958272,229998592,201103952,191.79,10860889
1765902951219,4013.10,812.14,299974656,229998592,201337168,192.01,10862236
1765902951320,4013.19,812.18,299974656,229998592,201339208,192.01,10862236
1765902951421,4013.27,812.23,299974656,229998592,201341224,192.01,10862236
1765902951522,4016.00,814.23,299974656,229998592,201574008,192.24,10871775
1765902951624,4016.10,814.27,299974656,229998592,201576048,192.24,10871775
1765902951724,4018.18,816.00,299974656,229998592,201808528,192.46,10873122
1765902951825,4018.26,816.04,299974656,229998592,201810568,192.46,10873122
1765902951926,4018.33,816.07,299974656,229998592,201812584,192.46,10873122
1765902952028,4028.14,818.11,299991040,229998592,202067632,192.71,10874470
1765902952129,4028.22,818.15,299991040,229998592,202069672,192.71,10874470
1765902952229,4030.35,819.99,299991040,229998592,202300648,192.93,10875818
1765902952330,4030.44,820.03,299991040,229998592,202302688,192.93,10875818
1765902952430,4030.54,820.07,299991040,229998592,202304704,192.93,10875818
1765902952532,4032.63,821.90,300007424,229998592,202535960,193.15,10885357
1765902952633,4032.74,821.96,300007424,229998592,202538000,193.16,10885357
1765902952733,4036.16,824.00,300007424,229998592,202769024,193.38,10886705
1765902952835,4036.25,824.05,300007424,229998592,202771064,193.38,10886705
1765902952934,4037.45,825.00,300007424,229998592,202887720,193.49,10887382
1765902953035,4038.37,825.74,300007424,229998592,203004056,193.60,10888052
1765902953136,4038.49,825.78,300007424,229998592,203006096,193.60,10888052
1765902953237,4041.42,828.05,300023808,229998592,203237104,193.82,10889400
1765902953338,4041.51,828.10,300023808,229998592,203239144,193.82,10889400
1765902953440,4043.76,830.09,300040192,229998592,203470400,194.04,10898939
1765902953541,4043.85,830.17,300040192,229998592,203472440,194.05,10898939
1765902953642,4043.93,830.24,300040192,229998592,203474456,194.05,10898939
1765902953744,4046.17,832.19,300040192,229998592,203962272,194.51,10900286
1765902953845,4046.33,832.25,300040192,229998592,203964312,194.52,10900286
1765902953946,4050.21,834.26,300040192,229998592,204195384,194.74,10901634
1765902954047,4050.30,834.30,300040192,229998592,204197424,194.74,10901634
1765902954148,4050.39,834.34,300040192,229998592,204199440,194.74,10901634
1765902954249,4057.60,836.31,300072960,229998592,204432528,194.96,10902981
1765902954350,4057.68,836.35,300072960,229998592,204434568,194.96,10902981
1765902954452,4070.20,838.43,300089344,229998592,204667192,195.19,10912520
1765902954553,4070.26,838.47,300089344,229998592,204669232,195.19,10912520
1765902954654,4070.34,838.51,300089344,229998592,204671248,195.19,10912520
1765902954754,4072.68,840.64,300089344,229998592,204897664,195.41,10913867
1765902954855,4072.78,840.69,300089344,229998592,204899704,195.41,10913867
1765902954956,4075.66,842.37,300138496,229998592,205125992,195.62,10915215
1765902955058,4075.76,842.42,300138496,229998592,205128032,195.63,10915215
1765902955159,4075.84,842.47,300138496,229998592,205130048,195.63,10915215
1765902955259,4077.95,844.42,300154880,229998592,205356384,195.84,10916561
1765902955360,4078.04,844.46,300154880,229998592,205358424,195.85,10916561
1765902955460,4080.71,846.27,300171264,229998592,205585024,196.06,10926101
1765902955561,4080.80,846.32,300171264,229998592,205587064,196.06,10926101
1765902955661,4080.88,846.37,300171264,229998592,205589080,196.07,10926101
1765902955763,4088.00,848.61,301318144,231047168,193933744,184.95,10927449
1765902955863,4088.08,848.66,301318144,231047168,193935784,184.95,10927449
1765902955963,4090.30,850.49,301334528,231047168,194163528,185.17,10805916
1765902956064,4090.45,850.53,301334528,231047168,194165568,185.17,10805916
1765902956166,4090.70,850.63,301334528,231047168,194167584,185.17,10805916
1765902956267,4093.26,852.57,301334528,231047168,194395344,185.39,10807263
1765902956368,4093.37,852.61,301334528,231047168,194397384,185.39,10807263
1765902956470,4096.40,854.38,301334528,231047168,194625392,185.61,10816802
1765902956570,4096.50,854.43,301334528,231047168,194627432,185.61,10816802
1765902956671,4096.58,854.48,301334528,231047168,194629448,185.61,10816802
1765902956771,4098.79,856.26,301350912,231047168,194857256,185.83,10818149
1765902956872,4098.89,856.30,301350912,231047168,194859296,185.83,10818149
1765902956974,4101.37,857.97,301350912,231047168,195087072,186.05,10819496
1765902957075,4101.49,858.03,301350912,231047168,195089112,186.05,10819496
1765902957175,4101.55,858.07,301350912,231047168,195091128,186.05,10819496
1765902957276,4105.93,860.28,301350912,231047168,195320024,186.27,10820844
1765902957378,4106.04,860.33,301350912,231047168,195322064,186.27,10820844
1765902957478,4108.12,862.29,301367296,231047168,195550160,186.49,10830384
1765902957579,4108.26,862.34,301367296,231047168,195552200,186.49,10830384
1765902957680,4108.44,862.40,301367296,231047168,195554216,186.50,10830384
1765902957780,4110.97,864.31,301367296,231047168,195781968,186.71,10831732
1765902957881,4111.12,864.36,301367296,231047168,195784008,186.71,10831732
1765902957982,4117.12,866.64,301383680,231047168,196013440,186.93,10833079
1765902958083,4117.22,866.68,301383680,231047168,196015480,186.93,10833079
1765902958185,4119.04,867.98,301383680,231047168,196130472,187.04,10833756
1765902958287,4121.67,869.08,301383680,231047168,196246360,187.16,10834426
1765902958388,4121.78,869.13,301383680,231047168,196248400,187.16,10834426
1765902958490,4124.08,870.82,301383680,231047168,196476080,187.37,10843966
1765902958590,4124.18,870.86,301383680,231047168,196478120,187.38,10843966
1765902958691,4128.10,872.70,301400064,231047168,196705584,187.59,10845314
1765902958792,4128.19,872.75,301400064,231047168,196707624,187.60,10845314
1765902958893,4128.28,872.79,301400064,231047168,196709640,187.60,10845314
1765902958994,4130.49,874.73,301400064,231047168,196937488,187.81,10846662
1765902959095,4130.60,874.78,301400064,231047168,196939528,187.82,10846662
1765902959196,4132.83,876.64,301416448,231047168,197167000,188.03,10848009
1765902959296,4132.98,876.68,301416448,231047168,197169040,188.04,10848009
1765902959397,4133.15,876.79,301416448,231047168,197171056,188.04,10848009
1765902959499,4135.50,878.60,301432832,231047168,197398760,188.25,10857549
1765902959600,4135.64,878.65,301432832,231047168,197400800,188.26,10857549
1765902959701,4137.72,880.55,301432832,231047168,197628312,188.47,10858896
1765902959802,4137.78,880.57,301432832,231047168,197630352,188.47,10858896
1765902959902,4137.85,880.61,301432832,231047168,197632368,188.48,10858896
1765902960003,4140.68,882.54,301449216,231047168,197859832,188.69,10860243
1765902960105,4140.81,882.60,301449216,231047168,197861872,188.70,10860243
1765902960205,4143.63,884.33,301449216,231047168,198089336,188.91,10861591
1765902960306,4143.72,884.38,301449216,231047168,198091376,188.91,10861591
1765902960407,4143.82,884.42,301449216,231047168,198093392,188.92,10861591
1765902960508,4146.62,886.63,301449216,231047168,198321072,189.13,10871130
1765902960610,4146.73,886.68,301449216,231047168,198323112,189.14,10871130
1765902960711,4152.93,889.15,301481984,231047168,198550624,189.35,10872478
1765902960812,4153.03,889.20,301481984,231047168,198552664,189.35,10872478
1765902960913,4153.15,889.24,301481984,231047168,198554680,189.36,10872478
1765902961014,4155.36,890.94,301481984,231047168,198781984,189.57,10873826
1765902961115,4155.47,890.98,301481984,231047168,198784024,189.58,10873826
1765902961217,4160.31,893.08,301498368,231047168,199011208,189.79,10875173
1765902961318,4160.41,893.12,301498368,231047168,199013248,189.79,10875173
1765902961419,4160.49,893.16,301498368,231047168,199015264,189.80,10875173
1765902961520,4163.04,895.19,301514752,231047168,199242640,190.01,10884713
1765902961621,4163.12,895.24,301514752,231047168,199244680,190.01,10884713
1765902961722,4164.99,896.80,301514752,231047168,199471840,190.23,10886061
1765902961822,4165.07,896.84,301514752,231047168,199473880,190.23,10886061
1765902961923,4165.16,896.90,301514752,231047168,199475896,190.24,10886061
1765902962024,4167.68,898.82,301531136,231047168,199745816,190.49,10887409
1765902962125,4167.76,898.87,301531136,231047168,199747856,190.49,10887409
1765902962226,4170.26,900.97,301531136,231047168,199975032,190.71,10888756
1765902962327,4170.34,901.00,301531136,231047168,199977072,190.71,10888756
1765902962428,4170.40,901.04,301531136,231047168,199979088,190.71,10888756
1765902962529,4172.60,902.77,301547520,231047168,200206464,190.93,10898296
1765902962630,4172.76,902.82,301547520,231047168,200208504,190.93,10898296
1765902962731,4175.07,904.77,301547520,231047168,200435728,191.15,10899644
1765902962832,4175.22,904.82,301547520,231047168,200437768,191.15,10899644
1765902962934,4176.67,905.99,301547520,231047168,200552464,191.26,10900321
1765902963035,4177.56,906.75,301547520,231047168,200666904,191.37,10900992
1765902963135,4177.65,906.80,301547520,231047168,200668944,191.37,10900992
1765902963236,4179.57,908.50,301547520,231047168,201096000,191.78,10902339
1765902963337,4179.66,908.55,301547520,231047168,201098040,191.78,10902339
1765902963438,4180.94,909.58,301580288,231047168,201213088,191.89,10911208
1765902963540,4182.01,910.43,301580288,231047168,201327512,192.00,10911878
1765902963640,4182.13,910.48,301580288,231047168,201329552,192.00,10911878
1765902963742,4185.52,912.69,301580288,231047168,201556792,192.22,10913226
1765902963842,4185.59,912.73,301580288,231047168,201558832,192.22,10913226
1765902963942,4189.58,915.01,301596672,231047168,201786440,192.44,10914574
1765902964043,4189.71,915.05,301596672,231047168,201788480,192.44,10914574
1765902964145,4189.89,915.16,301596672,231047168,201790496,192.44,10914574
1765902964245,4192.26,917.17,301596672,231047168,202017648,192.66,10915921
1765902964347,4192.37,917.22,301596672,231047168,202019688,192.66,10915921
1765902964446,4195.09,919.28,301596672,231047168,202247064,192.88,10925460
1765902964547,4195.18,919.32,301596672,231047168,202249104,192.88,10925460
1765902964648,4195.29,919.38,301596672,231047168,202251120,192.88,10925460
1765902964750,4198.00,921.35,301613056,231047168,202478296,193.10,10926808
1765902964851,4198.10,921.39,301613056,231047168,202480336,193.10,10926808
1765902964952,4200.40,923.17,301613056,231047168,202707512,193.32,10928156
1765902965052,4200.61,923.22,301613056,231047168,202709552,193.32,10928156
1765902965153,4204.82,923.34,301613056,231047168,202712656,193.32,10928156
1765902965254,4207.05,925.24,301629440,231047168,202939336,193.54,10929504
1765902965355,4207.14,925.28,301629440,231047168,202940872,193.54,10929504
1765902965457,4209.52,927.14,301645824,231047168,203167744,193.76,10939044
1765902965558,4209.63,927.20,301645824,231047168,203169280,193.76,10939044
1765902965658,4209.72,927.27,301645824,231047168,203170792,193.76,10939044
1765902965759,4211.73,929.08,301645824,231047168,203397456,193.97,10940392
1765902965860,4211.84,929.13,301645824,231047168,203398992,193.98,10940392
1765902965962,4217.93,931.36,301662208,231047168,203626208,194.19,10941739
1765902966063,4218.03,931.42,301662208,231047168,203627744,194.19,10941739
1765902966164,4218.11,931.46,301662208,231047168,203629256,194.20,10941739
1765902966265,4220.88,933.16,301662208,231047168,203855792,194.41,10943086
1765902966366,4221.03,933.23,301662208,231047168,203857328,194.41,10943086
1765902966467,4223.17,934.93,301678592,231047168,204084040,194.63,10952626
1765902966567,4223.25,934.97,301678592,231047168,204085576,194.63,10952626
1765902966668,4223.32,935.01,301678592,231047168,204087088,194.63,10952626
1765902966769,4225.43,936.81,301678592,231047168,204313576,194.85,10953973
1765902966870,4225.53,936.85,301678592,231047168,204315112,194.85,10953973
1765902966971,4229.77,939.03,301678592,231047168,204542136,195.07,10955321
1765902967072,4229.85,939.07,301678592,231047168,204543672,195.07,10955321
1765902967174,4229.95,939.12,301678592,231047168,204545184,195.07,10955321
1765902967275,4232.68,941.43,301694976,231047168,204771672,195.29,10956668
1765902967376,4232.75,941.47,301694976,231047168,204773208,195.29,10956668
1765902967478,4234.89,943.25,301711360,231047168,204999912,195.50,10966208
1765902967578,4234.98,943.30,301711360,231047168,205001448,195.50,10966208
1765902967679,4235.08,943.34,301711360,231047168,205002960,195.51,10966208
1765902967780,4242.08,945.78,301727744,231047168,205230760,195.72,10967555
1765902967882,4242.19,945.83,301727744,231047168,205232296,195.72,10967555
1765902967982,4244.45,947.95,301727744,231047168,205458808,195.94,10968902
1765902968083,4244.53,947.99,301727744,231047168,205460344,195.94,10968902
1765902968184,4245.84,948.92,301727744,231047168,205574448,196.05,10969579
1765902968286,4246.90,949.90,301727744,231047168,205688272,196.16,10970250
1765902968387,4247.01,949.97,301727744,231047168,205689808,196.16,10970250
1765902968487,4253.44,952.37,301744128,231047168,205917576,196.38,10979789
1765902968588,4253.56,952.43,301744128,231047168,205919112,196.38,10979789
1765902968690,4255.98,954.34,301744128,231047168,206145424,196.60,10981136
1765902968792,4256.07,954.43,301744128,231047168,206146960,196.60,10981136
1765902968893,4256.13,954.47,301744128,231047168,206148472,196.60,10981136
1765902968993,4258.24,956.13,301760512,231047168,206374760,196.81,10982483
1765902969094,4258.35,956.18,301760512,231047168,206376296,196.82,10982483
1765902969195,4260.94,958.00,301760512,231047168,206602904,197.03,10983830
1765902969296,4261.08,958.04,301760512,231047168,206604440,197.03,10983830
1765902969397,4261.25,958.15,301760512,231047168,206605952,197.03,10983830
1765902969497,4271.45,961.53,304021504,233406464,196170256,187.08,10878681
1765902969598,4271.54,961.57,304021504,233406464,196171792,187.08,10878681
1765902969699,4274.46,963.50,304037888,233406464,196398088,187.30,10880029
1765902969800,4274.52,963.53,304037888,233406464,196399624,187.30,10880029
1765902969901,4274.59,963.58,304037888,233406464,196401136,187.30,10880029
1765902970003,4276.89,965.86,304037888,233406464,196627400,187.52,10881377
1765902970104,4276.97,965.90,304037888,233406464,196628968,187.52,10881377
1765902970204,4279.22,967.97,304037888,233406464,196855232,187.74,10882725
1765902970305,4279.29,968.01,304037888,233406464,196856768,187.74,10882725
1765902970406,4279.35,968.05,304037888,233406464,196858280,187.74,10882725
1765902970507,4287.04,970.13,304070656,233406464,197087184,187.96,10892264
1765902970608,4287.11,970.18,304070656,233406464,197088720,187.96,10892264
1765902970709,4289.43,971.88,304070656,233406464,197314968,188.17,10893610
1765902970810,4289.50,971.92,304070656,233406464,197316504,188.18,10893610
1765902970912,4289.56,971.96,304070656,233406464,197318016,188.18,10893610
1765902971012,4291.58,973.73,304070656,233406464,197572088,188.42,10894957
1765902971113,4291.76,973.84,304070656,233406464,197573624,188.42,10894957
1765902971214,4293.80,975.43,304070656,233406464,197800000,188.64,10896304
1765902971316,4293.88,975.47,304070656,233406464,197801536,188.64,10896304
1765902971416,4294.34,975.68,304087040,233406464,197818752,188.65,10896308
1765902971517,4301.38,977.87,304087040,233406464,198045896,188.87,10905846
1765902971618,4301.49,977.93,304087040,233406464,198047432,188.87,10905846
1765902971719,4303.48,979.62,304087040,233406464,198317168,189.13,10907194
1765902971820,4303.62,979.68,304087040,233406464,198318704,189.13,10907194
1765902971921,4303.77,979.78,304087040,233406464,198320216,189.13,10907194
1765902972022,4320.97,981.99,304152576,233406464,198580400,189.38,10908542
1765902972123,4321.04,982.03,304152576,233406464,198581936,189.38,10908542
1765902972224,4323.32,984.08,304168960,233406464,198803192,189.59,10909889
1765902972326,4323.42,984.14,304168960,233406464,198804728,189.59,10909889
1765902972427,4323.89,984.28,304168960,233406464,198821368,189.61,10909893
1765902972528,4326.46,985.78,304168960,233406464,199042792,189.82,10919432
1765902972629,4326.54,985.83,304168960,233406464,199044328,189.82,10919432
1765902972730,4328.52,987.44,304168960,233406464,199265920,190.03,10920779
1765902972831,4328.60,987.48,304168960,233406464,199267456,190.04,10920779
1765902972934,4330.01,988.55,304168960,233406464,199378912,190.14,10921456
1765902973035,4330.77,989.34,304168960,233406464,199502304,190.26,10922126
1765902973136,4330.86,989.39,304168960,233406464,199503840,190.26,10922126
1765902973238,4332.93,991.11,304168960,233406464,199725040,190.47,10923473
1765902973339,4333.00,991.15,304168960,233406464,199726576,190.47,10923473
1765902973440,4335.33,993.09,304168960,233406464,200040696,190.77,10933013
1765902973542,4335.41,993.16,304168960,233406464,200042232,190.78,10933013
1765902973643,4335.53,993.20,304168960,233406464,200043744,190.78,10933013
1765902973744,4340.95,995.42,304168960,233406464,200265760,190.99,10934360
1765902973845,4341.04,995.47,304168960,233406464,200267296,190.99,10934360
1765902973946,4343.88,997.73,304185344,233406464,200488480,191.20,10935707
1765902974046,4343.95,997.77,304185344,233406464,200490016,191.20,10935707
1765902974147,4344.05,997.85,304185344,233406464,200491528,191.20,10935707
1765902974248,4346.47,999.70,304185344,233406464,200712704,191.41,10937055
1765902974348,4346.56,999.75,304185344,233406464,200714240,191.42,10937055
1765902974449,4359.08,1001.84,304201728,233406464,200936848,191.63,10946594
1765902974551,4359.14,1001.87,304201728,233406464,200938384,191.63,10946594
1765902974652,4359.18,1001.91,304201728,233406464,200939896,191.63,10946594
1765902974752,4362.25,1003.87,304218112,233406464,201161240,191.84,10947941
1765902974853,4362.35,1003.91,304218112,233406464,201162776,191.84,10947941
1765902974955,4364.93,1005.78,304218112,233406464,201383864,192.05,10949287
1765902975055,4365.02,1005.82,304218112,233406464,201385400,192.06,10949287
1765902975156,4365.09,1005.86,304218112,233406464,201386912,192.06,10949287
1765902975258,4367.17,1007.68,304218112,233406464,201608088,192.27,10950635
1765902975359,4367.24,1007.72,304218112,233406464,201609624,192.27,10950635
1765902975459,4369.53,1009.48,304234496,233406464,201830944,192.48,10960174
1765902975560,4369.61,1009.52,304234496,233406464,201832480,192.48,10960174
1765902975662,4369.68,1009.57,304234496,233406464,201833992,192.48,10960174
1765902975763,4374.11,1011.55,304234496,233406464,202055144,192.69,10961521
1765902975864,4374.23,1011.59,304234496,233406464,202056680,192.70,10961521
1765902975964,4376.97,1013.41,304250880,233406464,202277792,192.91,10962869
1765902976066,4377.11,1013.47,304250880,233406464,202279328,192.91,10962869
1765902976166,4377.30,1013.58,304250880,233406464,202280840,192.91,10962869
1765902976267,4379.47,1015.57,304332800,233406464,202747168,193.35,10964216
1765902976369,4379.59,1015.62,304332800,233406464,202748704,193.36,10964216
1765902976470,4381.36,1017.21,304332800,233406464,202970016,193.57,10973756
1765902976571,4381.43,1017.25,304332800,233406464,202971552,193.57,10973756
1765902976671,4381.52,1017.30,304332800,233406464,202973064,193.57,10973756
1765902976772,4383.65,1019.11,304349184,233406464,203194192,193.78,10975103
1765902976874,4383.76,1019.17,304349184,233406464,203195728,193.78,10975103
1765902976975,4387.05,1021.50,304349184,233406464,203416840,193.99,10976450
1765902977076,4387.18,1021.55,304349184,233406464,203418376,193.99,10976450
1765902977176,4387.31,1021.63,304349184,233406464,203419888,194.00,10976450
1765902977277,4389.84,1023.47,304349184,233406464,203640984,194.21,10977798
1765902977378,4389.96,1023.53,304349184,233406464,203642520,194.21,10977798
1765902977480,4392.53,1025.34,304365568,233406464,203863952,194.42,10987338
1765902977580,4392.62,1025.38,304365568,233406464,203865488,194.42,10987338
1765902977684,4394.24,1026.52,304365568,233406464,203976896,194.53,10988015
1765902977785,4395.47,1027.56,304365568,233406464,204088032,194.63,10988685
1765902977886,4395.65,1027.66,304365568,233406464,204089568,194.63,10988685
1765902977987,4397.99,1029.78,304381952,233406464,204310672,194.85,10990032
1765902978088,4398.09,1029.83,304381952,233406464,204312208,194.85,10990032
1765902978191,4400.77,1031.68,304381952,233406464,204533232,195.06,10991380
1765902978292,4400.83,1031.72,304381952,233406464,204534768,195.06,10991380
1765902978393,4400.90,1031.77,304381952,233406464,204536280,195.06,10991380
1765902978495,4403.51,1033.52,304381952,233406464,204757592,195.27,11000918
1765902978595,4403.74,1033.58,304381952,233406464,204759128,195.27,11000918
1765902978696,4407.26,1035.23,304398336,233406464,204980456,195.48,11002265
1765902978797,4407.40,1035.28,304398336,233406464,204981992,195.49,11002265
1765902978898,4407.61,1035.38,304398336,233406464,204983504,195.49,11002265
1765902979000,4409.74,1037.49,304398336,233406464,205204600,195.70,11003612
1765902979100,4409.90,1037.61,304398336,233406464,205206136,195.70,11003612
1765902979202,4412.27,1039.52,304398336,233406464,205427336,195.91,11004959
1765902979303,4412.35,1039.57,304398336,233406464,205428872,195.91,11004959
1765902979403,4412.45,1039.62,304398336,233406464,205430384,195.91,11004959
1765902979503,4414.36,1041.33,304414720,233406464,205651672,196.12,11014497
1765902979604,4414.51,1041.38,304414720,233406464,205653208,196.13,11014497
1765902979705,4416.57,1043.17,304414720,233406464,205874432,196.34,11015845
1765902979806,4416.66,1043.21,304414720,233406464,205875968,196.34,11015845
1765902979908,4416.74,1043.26,304414720,233406464,205877480,196.34,11015845
1765902980008,4418.73,1045.17,304431104,233406464,206098560,196.55,11017192
1765902980109,4418.87,1045.22,304431104,233406464,206100096,196.55,11017192
1765902980210,4422.60,1047.21,304431104,233406464,206321640,196.76,11018540
1765902980312,4422.75,1047.26,304431104,233406464,206323176,196.77,11018540
1765902980412,4422.93,1047.38,304431104,233406464,206324688,196.77,11018540
1765902980513,4445.28,1049.65,304496640,233406464,206551936,196.98,11028080
1765902980614,4445.41,1049.69,304496640,233406464,206553472,196.98,11028080
1765902980715,4448.18,1051.89,304513024,233406464,206775632,197.20,11029426
1765902980816,4448.33,1051.94,304513024,233406464,206777168,197.20,11029426
1765902980918,4448.57,1052.06,304513024,233406464,206778680,197.20,11029426
1765902981019,4450.77,1053.76,304513024,233406464,207001232,197.41,11030773
1765902981119,4450.90,1053.84,304513024,233406464,207002768,197.41,11030773
1765902981220,4457.65,1055.97,304529408,233406464,207225960,197.63,11032121
1765902981321,4458.55,1056.02,304529408,233406464,207227720,197.63,11032121
1765902981423,4458.62,1056.06,304529408,233406464,207229232,197.63,11032121
1765902981523,4461.42,1058.26,304529408,233406464,207452008,197.84,11041661
1765902981624,4461.54,1058.32,304529408,233406464,207453544,197.84,11041661
1765902981726,4464.24,1060.28,304545792,233406464,207676176,198.06,11043009
1765902981826,4464.33,1060.33,304545792,233406464,207677712,198.06,11043009
1765902981927,4464.43,1060.38,304545792,233406464,207679224,198.06,11043009
1765902982029,4473.01,1062.36,304545792,233406464,207904720,198.27,11044356
1765902982129,4473.10,1062.41,304545792,233406464,207906256,198.27,11044356
1765902982231,4475.45,1064.49,304545792,233406464,208140088,198.50,11045704
1765902982332,4475.54,1064.54,304545792,233406464,208141624,198.50,11045704
1765902982433,4476.85,1065.57,304545792,233406464,208253800,198.61,11054573
1765902982534,4477.70,1066.42,304545792,233406464,208365480,198.71,11055243
1765902982634,4477.84,1066.48,304545792,233406464,208367016,198.71,11055243
1765902982736,4480.38,1068.34,304545792,233406464,208591320,198.93,11056590
1765902982837,4480.48,1068.39,304545792,233406464,208592856,198.93,11056590
1765902982938,4487.48,1069.74,304545792,233406464,208708152,199.04,11057267
1765902983039,4497.26,1071.20,304594944,233668608,209082984,199.40,11057937
1765902983140,4497.37,1071.26,304594944,233668608,209084520,199.40,11057937
1765902983241,4499.57,1073.10,304594944,233668608,209306776,199.61,11059285
1765902983342,4499.64,1073.13,304594944,233668608,209308312,199.61,11059285
1765902983443,4501.74,1074.84,304594944,233668608,209530704,199.82,11068823
1765902983544,4501.82,1074.90,304594944,233668608,209532240,199.83,11068823
1765902983644,4501.96,1074.95,304594944,233668608,209533752,199.83,11068823
1765902983745,4504.19,1076.76,304611328,233668608,209755920,200.04,11070170
1765902983846,4504.29,1076.81,304611328,233668608,209757456,200.04,11070170
1765902983947,4506.34,1078.69,304611328,233668608,209979624,200.25,11071517
1765902984048,4506.49,1078.74,304611328,233668608,209981160,200.25,11071517
1765902984150,4506.68,1078.86,304611328,233668608,209982672,200.26,11071517
1765902984250,4508.89,1080.87,304611328,233668608,210204904,200.47,11072864
1765902984352,4508.99,1080.92,304611328,233668608,210206440,200.47,11072864
1765902984452,4518.49,1084.56,306675712,236552192,199076232,189.85,10959515
1765902984553,4518.59,1084.61,306675712,236552192,199077768,189.86,10959515
1765902984655,4518.67,1084.66,306675712,236552192,199079280,189.86,10959515
1765902984755,4520.59,1086.30,306675712,236552192,199301472,190.07,10960862
1765902984857,4520.70,1086.36,306675712,236552192,199303008,190.07,10960862
1765902984957,4523.21,1088.03,306692096,236552192,199525272,190.28,10962209
1765902985058,4523.31,1088.11,306692096,236552192,199526808,190.28,10962209
1765902985159,4523.38,1088.15,306692096,236552192,199528320,190.29,10962209
1765902985260,4525.45,1090.04,306692096,236552192,199750552,190.50,10963556
1765902985362,4525.60,1090.09,306692096,236552192,199752088,190.50,10963556
1765902985463,4527.62,1091.84,306692096,236552192,199974608,190.71,10973096
1765902985563,4527.72,1091.90,306692096,236552192,199976144,190.71,10973096
1765902985664,4527.80,1091.96,306692096,236552192,199977656,190.71,10973096
1765902985765,4529.85,1093.72,306708480,236552192,200199896,190.93,10974443
1765902985867,4529.99,1093.77,306708480,236552192,200201432,190.93,10974443
1765902985967,4538.40,1095.88,306708480,236552192,200424720,191.14,10975791
1765902986069,4538.45,1095.92,306708480,236552192,200426256,191.14,10975791
1765902986170,4538.54,1095.98,306708480,236552192,200427768,191.14,10975791
1765902986270,4541.54,1097.93,306724864,236552192,200649576,191.35,10977139
1765902986372,4541.64,1097.98,306724864,236552192,200651112,191.36,10977139
1765902986473,4544.15,1099.80,306724864,236552192,200873120,191.57,10986678
1765902986573,4544.25,1099.87,306724864,236552192,200874688,191.57,10986678
1765902986674,4544.35,1099.95,306724864,236552192,200876200,191.57,10986678
1765902986775,4547.54,1101.88,306741248,236552192,201097984,191.78,10988026
1765902986877,4547.67,1101.94,306741248,236552192,201099520,191.78,10988026
1765902986977,4549.77,1103.66,306741248,236552192,201321336,191.99,10989374
1765902987078,4549.87,1103.72,306741248,236552192,201322872,192.00,10989374
1765902987180,4550.03,1103.78,306741248,236552192,201324384,192.00,10989374
1765902987280,4554.98,1106.09,306741248,236552192,201546512,192.21,10990722
1765902987381,4555.15,1106.15,306741248,236552192,201548048,192.21,10990722
1765902987482,4557.23,1107.93,306757632,236552192,201769840,192.42,11000261
1765902987584,4557.33,1107.97,306757632,236552192,201771376,192.42,11000261
1765902987684,4558.98,1109.09,306757632,236552192,201882984,192.53,11000938
1765902987785,4559.84,1109.93,306757632,236552192,201994344,192.64,11001607
1765902987886,4559.94,1109.98,306757632,236552192,201995880,192.64,11001607
1765902987987,4561.91,1111.76,306774016,236552192,202217392,192.85,11002954
1765902988089,4562.01,1111.81,306774016,236552192,202218928,192.85,11002954
1765902988191,4564.53,1113.64,306774016,236552192,202440440,193.06,11004301
1765902988292,4564.62,1113.70,306774016,236552192,202441976,193.06,11004301
1765902988393,4564.74,1113.76,306774016,236552192,202443488,193.07,11004301
1765902988494,4567.07,1115.65,306774016,236552192,202665192,193.28,11013841
1765902988596,4579.37,1115.83,306823168,236814336,202873344,193.48,11013841
1765902988697,4587.46,1117.85,306839552,236814336,203097024,193.69,11015188
1765902988798,4587.52,1117.89,306839552,236814336,203098528,193.69,11015188
1765902988899,4587.61,1117.93,306839552,236814336,203100008,193.69,11015188
1765902989000,4589.93,1119.76,306839552,236814336,203321176,193.90,11016535
1765902989101,4590.01,1119.81,306839552,236814336,203322680,193.90,11016535
1765902989203,4592.24,1121.54,306839552,236814336,203543800,194.11,11017882
1765902989302,4592.30,1121.59,306855936,236814336,203545304,194.12,11017882
1765902989403,4592.36,1121.63,306855936,236814336,203546784,194.12,11017882
1765902989504,4594.63,1123.44,306855936,236814336,203768160,194.33,11027421
1765902989605,4594.72,1123.49,306855936,236814336,203769664,194.33,11027421
1765902989706,4596.62,1125.32,306855936,236814336,203990824,194.54,11028769
1765902989807,4596.69,1125.36,306855936,236814336,203992328,194.54,11028769
1765902989907,4596.78,1125.41,306855936,236814336,203993808,194.54,11028769
1765902990008,4598.97,1127.15,306872320,236814336,204215008,194.75,11030117
1765902990109,4599.06,1127.19,306872320,236814336,204216512,194.76,11030117
1765902990210,4601.04,1128.87,306872320,236814336,204437696,194.97,11031464
1765902990312,4601.11,1128.92,306872320,236814336,204439200,194.97,11031464
1765902990413,4601.15,1128.95,306872320,236814336,204440680,194.97,11031464
1765902990513,4603.15,1130.85,306872320,236814336,204662016,195.18,11041003
1765902990614,4603.24,1130.91,306872320,236814336,204663520,195.18,11041003
1765902990715,4605.27,1132.76,306888704,236814336,204884632,195.39,11042351
1765902990817,4605.35,1132.80,306888704,236814336,204886136,195.39,11042351
1765902990918,4605.43,1132.85,306888704,236814336,204887616,195.40,11042351
1765902991019,4610.66,1134.85,306888704,236814336,205109192,195.61,11043698
1765902991120,4610.76,1134.92,306888704,236814336,205110696,195.61,11043698
1765902991222,4613.16,1136.77,306905088,236814336,205331608,195.82,11045044
1765902991323,4613.24,1136.81,306905088,236814336,205333112,195.82,11045044
1765902991424,4613.34,1136.86,306905088,236814336,205334592,195.82,11045044
1765902991525,4616.57,1138.96,306905088,236814336,205577968,196.05,11054583
1765902991626,4616.66,1139.01,306921472,236814336,205579472,196.06,11054583
1765902991728,4618.73,1140.99,306921472,236814336,205800432,196.27,11055930
1765902991829,4618.79,1141.03,306921472,236814336,205801936,196.27,11055930
1765902991930,4618.85,1141.06,306921472,236814336,205803416,196.27,11055930
1765902992030,4628.37,1143.33,306954240,236814336,206079136,196.53,11057278
1765902992132,4628.55,1143.45,306954240,236814336,206080640,196.53,11057278
1765902992233,4630.80,1145.52,306954240,236814336,206300704,196.74,11058625
1765902992334,4630.88,1145.56,306954240,236814336,206302208,196.75,11058625
1765902992434,4632.13,1146.45,306954240,236814336,206413288,196.85,11067494
1765902992536,4633.05,1147.45,306970624,236814336,206523872,196.96,11068165
1765902992637,4633.15,1147.52,306970624,236814336,206525376,196.96,11068165
1765902992737,4635.25,1149.36,306970624,236814336,206745576,197.17,11069512
1765902992838,4635.35,1149.43,306970624,236814336,206747080,197.17,11069512
1765902992939,4636.98,1150.68,306970624,236814336,206858008,197.28,11070189
1765902993040,4638.17,1151.56,306970624,236814336,206968592,197.38,11070860
1765902993140,4638.25,1151.61,306970624,236814336,206970096,197.38,11070860
1765902993242,4640.42,1153.39,306987008,236814336,207190144,197.59,11072207
1765902993342,4640.48,1153.44,306987008,236814336,207191648,197.59,11072207
1765902993443,4642.62,1155.15,306987008,236814336,207411880,197.80,11081747
1765902993544,4642.73,1155.19,306987008,236814336,207413384,197.80,11081747
1765902993645,4642.98,1155.32,306987008,236814336,207414864,197.81,11081747
1765902993746,4747.05,1165.51,321585152,251232256,218381608,208.26,11009367
1765902993845,4962.21,1170.41,314474496,243892224,191079664,182.23,10686001
1765902993946,5079.90,1173.26,314507264,243892224,193201216,184.25,10686001
1765902994047,5079.99,1173.32,314507264,243892224,193202696,184.25,10686001
1765902994148,5080.07,1173.36,314507264,243892224,193204176,184.25,10686001
1765902994248,5080.11,1173.39,314507264,243892224,193205656,184.26,10686001
1765902994349,5080.17,1173.43,314507264,243892224,193207136,184.26,10686001
1765902994450,5087.24,1174.84,314507264,243892224,194073240,185.08,10686435
1765902994551,5107.56,1176.21,314556416,244154368,195164512,186.12,10686879
1765902994653,5107.65,1176.27,314556416,244154368,195166016,186.12,10686879
1765902994754,5107.75,1176.32,314556416,244154368,195167496,186.13,10686879
1765902994855,5107.83,1176.36,314556416,244154368,195168976,186.13,10686879
1765902994956,5107.90,1176.41,314556416,244154368,195170456,186.13,10686879
1765902995057,5107.96,1176.48,314556416,244154368,195171936,186.13,10686879
1765902995158,5108.03,1176.54,314556416,244154368,195173416,186.13,10686879
1765902995259,5108.11,1176.58,314556416,244154368,195174896,186.13,10686879
1765902995361,5108.19,1176.63,314556416,244154368,195176376,186.13,10686879
1765902995462,5108.26,1176.68,314556416,244154368,195177856,186.14,10686879
1765902995563,5108.34,1176.73,314556416,244154368,195179336,186.14,10686879
1765902995664,5108.42,1176.78,314556416,244154368,195180816,186.14,10686879
1765902995765,5108.49,1176.83,314556416,244154368,195182296,186.14,10686879
1765902995866,5108.57,1176.88,314556416,244154368,195183776,186.14,10686879
1765902995967,5108.64,1176.93,314556416,244154368,195185256,186.14,10686879
1765902996068,5108.71,1176.98,314556416,244154368,195186736,186.14,10686879
1765902996170,5108.77,1177.04,314556416,244154368,195188216,186.15,10686879
1765902996271,5108.84,1177.10,314556416,244154368,195189696,186.15,10686879
1765902996371,5108.90,1177.14,314556416,244154368,195191176,186.15,10686879
1765902996472,5108.96,1177.18,314556416,244154368,195192656,186.15,10686879
1765902996573,5109.02,1177.22,314556416,244154368,195194136,186.15,10686879
1765902996674,5109.09,1177.27,314556416,244154368,195195616,186.15,10686879
1765902996775,5109.14,1177.32,314556416,244154368,195197096,186.15,10686879
1765902996876,5109.19,1177.35,314556416,244154368,195198576,186.16,10686879
1765902996977,5109.31,1177.40,314556416,244154368,195200056,186.16,10686879
1765902997079,5109.47,1177.53,314556416,244154368,195201536,186.16,10686879
1765902997179,5109.53,1177.57,314556416,244154368,195203016,186.16,10686879
1765902997280,5109.58,1177.61,314556416,244154368,195204496,186.16,10686879
1765902997381,5109.63,1177.65,314556416,244154368,195205976,186.16,10686879
1765902997482,5109.68,1177.69,314556416,244154368,195207456,186.16,10686879
1765902997583,5109.78,1177.73,314556416,244154368,195208936,186.17,10686879
1765902997685,5109.97,1177.84,314556416,244154368,195210416,186.17,10686879
1765902997786,5110.01,1177.88,314556416,244154368,195211896,186.17,10686879
1765902997886,5110.06,1177.92,314556416,244154368,195213376,186.17,10686879
1765902997987,5110.10,1177.96,314556416,244154368,195214856,186.17,10686879
1765902998088,5110.16,1178.01,314556416,244154368,195216336,186.17,10686879
1765902998189,5110.22,1178.04,314556416,244154368,195217816,186.17,10686879
1765902998290,5110.35,1178.09,314556416,244154368,195219296,186.18,10686879
1765902998391,5110.58,1178.22,314556416,244154368,195220776,186.18,10686879
1765902998492,5110.74,1178.40,314556416,244154368,195222256,186.18,10686879
1765902998593,5110.84,1178.46,314556416,244154368,195223736,186.18,10686879
1765902998695,5110.93,1178.52,314556416,244154368,195225216,186.18,10686879
1765902998796,5111.07,1178.58,314556416,244154368,195226696,186.18,10686879
1765902998896,5111.25,1178.69,314556416,244154368,195228176,186.18,10686879
1765902998997,5111.35,1178.74,314556416,244154368,195229656,186.19,10686879
1765902999098,5111.49,1178.79,314556416,244154368,195231360,186.19,10695071
1765902999199,5111.71,1178.91,314556416,244154368,195232864,186.19,10695071
1765902999301,5111.90,1179.04,314556416,244154368,195234344,186.19,10695071
1765902999402,5111.96,1179.08,314556416,244154368,195235824,186.19,10695071
1765902999503,5112.03,1179.13,314556416,244154368,195237392,186.19,10695071
1765902999604,5112.09,1179.18,314556416,244154368,195238872,186.19,10695071
1765902999705,5112.18,1179.23,314556416,244154368,195240352,186.20,10695071
1765902999806,5112.26,1179.26,314556416,244154368,195241832,186.20,10695071
1765902999907,5112.32,1179.30,314556416,244154368,195243312,186.20,10695071
1765903000009,5112.38,1179.34,314556416,244154368,195244792,186.20,10695071
1765903000110,5112.43,1179.38,314556416,244154368,195246272,186.20,10695071
1765903000211,5112.48,1179.42,314556416,244154368,195247752,186.20,10695071
1765903000311,5112.56,1179.48,314556416,244154368,195249232,186.20,10695071
1765903000412,5112.64,1179.53,314556416,244154368,195250712,186.21,10695071
1765903000513,5112.72,1179.62,314556416,244154368,195252192,186.21,10695071
1765903000614,5112.77,1179.66,314556416,244154368,195253672,186.21,10695071
1765903000715,5112.82,1179.71,314556416,244154368,195255152,186.21,10695071
1765903000817,5112.88,1179.76,314556416,244154368,195256632,186.21,10695071
1765903000918,5112.93,1179.81,314556416,244154368,195258112,186.21,10695071
1765903001019,5112.99,1179.86,314556416,244154368,195259592,186.21,10695071
1765903001119,5113.05,1179.91,314556416,244154368,195261072,186.22,10695071
1765903001220,5113.11,1179.96,314556416,244154368,195262552,186.22,10695071
1765903001321,5113.17,1180.02,314556416,244154368,195264032,186.22,10695071
1765903030314,1691.67,104.74,343326720,209289216,180642592,172.27,10676476
1765903030415,1691.81,104.86,343326720,209289216,180647144,172.28,10676532
1765903030516,1691.97,104.91,343326720,209289216,180649536,172.28,10676532
1765903030617,1692.14,104.97,343326720,209289216,180651872,172.28,10676532
1765903030719,1692.29,105.04,343326720,209289216,180654208,172.29,10676532
1765903030818,1692.51,105.15,318521344,209551360,180869552,172.49,10676532
1765903030919,1692.65,105.21,298532864,209551360,180871888,172.49,10676532
1765903031020,1692.74,105.25,295747584,209551360,180874256,172.50,10676532
1765903031122,1692.87,105.32,295731200,209551360,180876624,172.50,10676532
1765903031221,1693.07,105.39,295616512,209551360,180878976,172.50,10676532
1765903031322,1693.17,105.44,295632896,209551360,180881376,172.50,10676532
1765903031423,1693.26,105.49,295632896,209551360,180883536,172.50,10676532
1765903031524,1693.38,105.53,295632896,209551360,180885616,172.51,10676532
1765903031625,1693.62,105.60,295632896,209551360,180887696,172.51,10676532
1765903031726,1693.88,105.67,295337984,209551360,180889808,172.51,10676532
1765903031828,1694.02,105.72,242171904,209551360,180891888,172.51,10676532
1765903031928,1694.14,105.77,216023040,209551360,180893968,172.51,10676532
1765903032029,1694.25,105.83,216039424,209551360,180896048,172.52,10676532
1765903032130,1694.37,105.86,216039424,209551360,180898128,172.52,10676532
1765903032232,1697.85,106.77,201179136,209551360,181168048,172.78,10676532
1765903032333,1697.94,106.83,201195520,209551360,181170128,172.78,10676532
1765903032433,1698.03,106.86,185761792,209551360,181172208,172.78,10676532
1765903032534,1698.10,106.91,158679040,209551360,181174288,172.78,10676532
1765903032635,1698.18,106.96,158679040,209551360,181176368,172.78,10676532
1765903032736,1698.28,107.00,158679040,209551360,181178448,172.79,10676532
1765903032837,1698.37,107.04,158679040,209551360,181180528,172.79,10676532
1765903032939,1698.51,107.09,158679040,209551360,181182608,172.79,10676532
1765903033039,1698.80,107.20,158679040,209551360,181184688,172.79,10676532
1765903033139,1699.08,107.35,158695424,209551360,181186768,172.79,10676532
1765903033240,1699.21,107.44,158760960,209551360,181188848,172.80,10676532
1765903033341,1699.31,107.47,158760960,209551360,181190928,172.80,10676532
1765903033443,1699.40,107.51,158760960,209551360,181193008,172.80,10676532
1765903033543,1699.49,107.57,158760960,209551360,181195088,172.80,10676532
1765903033643,1699.61,107.63,158760960,209551360,181197168,172.80,10676532
1765903033744,1699.72,107.68,158760960,209551360,181199248,172.81,10676532
1765903033845,1699.84,107.73,158760960,209551360,181201328,172.81,10676532
1765903033947,1699.99,107.80,158777344,209551360,181203376,172.81,10676532
1765903034048,1700.10,107.85,158777344,209551360,181205504,172.81,10676532
1765903034148,1700.16,107.88,158777344,209551360,181207600,172.81,10676532
1765903034249,1700.27,107.93,158777344,209551360,181209784,172.82,10676532
1765903034350,1700.40,107.97,158777344,209551360,181211880,172.82,10676532
1765903034451,1700.61,108.07,158777344,209551360,181213976,172.82,10676532
1765903034552,1700.70,108.11,158777344,209551360,181216072,172.82,10676532
1765903034653,1700.78,108.15,158777344,209551360,181218168,172.82,10676532
1765903034755,1700.86,108.22,158793728,209551360,181220264,172.83,10676532
1765903034856,1700.99,108.26,158793728,209551360,181222360,172.83,10676532
1765903034956,1701.07,108.29,158793728,209551360,181224456,172.83,10676532
1765903035057,1701.17,108.34,158793728,209551360,181226552,172.83,10676532
1765903035158,1701.27,108.37,158793728,209551360,181228648,172.83,10676532
1765903035259,1701.36,108.41,158793728,209551360,181230744,172.84,10676532
1765903035361,1701.53,108.47,158793728,209551360,181232840,172.84,10676532
1765903035460,1701.71,108.59,158793728,209551360,181234936,172.84,10676532
1765903035561,1701.80,108.64,158810112,209551360,181237032,172.84,10676532
1765903035662,1701.91,108.68,158810112,209551360,181239128,172.84,10676532
1765903035763,1702.02,108.74,158810112,209551360,181241224,172.85,10676532
1765903035865,1702.11,108.78,158810112,209551360,181243320,172.85,10676532
1765903035966,1702.24,108.82,158810112,209551360,181245416,172.85,10676532
1765903036066,1702.46,108.94,158810112,209551360,181247512,172.85,10676532
1765903036167,1702.62,109.01,158810112,209551360,181249608,172.85,10676532
1765903036269,1702.75,109.10,158810112,209551360,181251704,172.86,10676532
1765903036370,1851.92,150.38,225099776,177569792,169523184,161.67,10667560
1765903036471,1852.02,150.41,225099776,177569792,169525352,161.67,10667560
1765903036572,1852.12,150.46,225099776,177569792,169527448,161.67,10667560
1765903036673,1852.19,150.50,225099776,177569792,169529544,161.68,10667560
1765903036774,1852.26,150.56,225099776,177569792,169531640,161.68,10667560
1765903036875,1852.35,150.62,225099776,177569792,169533736,161.68,10667560
1765903036975,1966.58,156.02,225099776,177569792,169569200,161.71,10667560
1765903037076,2011.98,161.01,225132544,177307648,169633160,161.77,10667560
1765903037177,2012.12,161.06,225132544,177307648,169891392,162.02,10667560
1765903037277,2012.24,161.12,225148928,177307648,169893488,162.02,10667560
1765903037378,2012.35,161.18,225148928,177307648,169895584,162.03,10667560
1765903037479,2012.51,161.23,225148928,177307648,169897680,162.03,10667560
1765903037581,2012.80,161.35,225148928,177307648,169899776,162.03,10667560
1765903037681,2013.05,161.47,225148928,177307648,169901872,162.03,10667560
1765903037782,2013.18,161.53,225148928,177307648,169903968,162.03,10667560
1765903037883,2013.27,161.57,225148928,177307648,169906064,162.04,10667560
1765903037985,2013.37,161.62,225148928,177307648,169908160,162.04,10667560
1765903038086,2013.47,161.68,225165312,177307648,169910256,162.04,10667560
1765903038186,2013.53,161.72,225165312,177307648,169912352,162.04,10667560
1765903038287,2013.59,161.77,225165312,177307648,169914448,162.04,10667560
1765903038388,2013.69,161.81,225165312,177307648,169916544,162.05,10667560
1765903038489,2013.80,161.86,225165312,177307648,169918640,162.05,10667560
1765903038590,2013.91,161.91,225165312,177307648,169920960,162.05,10675752
1765903038692,2014.03,161.97,225165312,177307648,169923080,162.05,10675752
1765903038793,2014.17,162.04,225165312,177307648,169925176,162.05,10675752
1765903038894,2014.36,162.16,225181696,177307648,169927272,162.06,10675752
1765903038995,2014.47,162.21,225181696,177307648,169929368,162.06,10675752
1765903039096,2014.58,162.27,225181696,177307648,169931464,162.06,10675752
1765903039198,2014.69,162.33,225181696,177307648,169933560,162.06,10675752
1765903039298,2014.76,162.37,225181696,177307648,169935656,162.06,10675752
1765903039400,2014.88,162.43,225181696,177307648,169937752,162.07,10675752
1765903039501,2014.97,162.47,225181696,177307648,169939848,162.07,10675752
1765903039601,2015.07,162.52,225181696,177307648,169941944,162.07,10675752
1765903039702,2015.14,162.57,225198080,177307648,169944040,162.07,10675752
1765903039803,2015.25,162.63,225198080,177307648,169946136,162.07,10675752
1765903039904,2015.36,162.69,225198080,177307648,169948232,162.08,10675752
1765903040005,2015.48,162.75,225198080,177307648,169950328,162.08,10675752
1765903040106,2015.56,162.78,225198080,177307648,169952424,162.08,10675752
1765903040207,2015.66,162.84,225198080,177307648,169954520,162.08,10675752
1765903040308,2015.73,162.90,225198080,177307648,169956616,162.08,10675752
1765903040410,2015.80,162.97,225214464,177307648,169958712,162.09,10675752
1765903040510,2015.90,163.02,225214464,177307648,169960808,162.09,10675752
1765903040611,2016.02,163.06,225214464,177307648,169962904,162.09,10675752
1765903040712,2016.13,163.10,225214464,177307648,169965000,162.09,10675752
1765903040814,2016.24,163.16,225214464,177307648,169967096,162.09,10675752
1765903040915,2016.38,163.21,225214464,177307648,169969192,162.10,10675752
1765903041015,2016.68,163.33,225214464,177307648,169971288,162.10,10675752
1765903041116,2016.91,163.44,225214464,177307648,169973384,162.10,10675752
1765903041217,2017.01,163.50,225230848,177307648,169975480,162.10,10675752
1765903041318,2017.08,163.54,225230848,177307648,169977576,162.10,10675752
1765903041419,2017.15,163.58,225230848,177307648,169979672,162.11,10675752
1765903041520,2017.21,163.62,225230848,177307648,169981768,162.11,10675752
1765903041622,2017.28,163.67,225230848,177307648,169983864,162.11,10675752
1765903041723,2017.34,163.70,225230848,177307648,169985960,162.11,10675752
1765903041823,2017.39,163.74,225230848,177307648,169988056,162.11,10675752
1765903041924,2017.46,163.79,225230848,177307648,169990152,162.12,10675752
1765903042025,2017.54,163.86,225247232,177307648,169992248,162.12,10675752
1765903042126,2017.62,163.90,225247232,177307648,169994344,162.12,10675752
1765903042227,2017.81,163.95,225247232,177307648,169996440,162.12,10675752
1765903042329,2018.02,164.07,225247232,177307648,169998536,162.12,10675752
1765903042430,2018.19,164.14,225247232,177307648,170000632,162.13,10675752
1765903042531,2018.48,164.26,225247232,177307648,170002728,162.13,10675752
1765903042631,2018.71,164.38,225247232,177307648,170004824,162.13,10675752
1765903042732,2018.88,164.43,225247232,177307648,170006920,162.13,10675752
1765903042833,2019.09,164.56,225263616,177307648,170009016,162.13,10675752
1765903042934,2019.16,164.60,225263616,177307648,170011112,162.14,10675752
1765903043035,2019.23,164.64,225263616,177307648,170013208,162.14,10675752
1765903043136,2019.29,164.69,225263616,177307648,170015304,162.14,10675752
1765903043237,2019.37,164.74,225263616,177307648,170017400,162.14,10675752
1765903043338,2019.45,164.79,225263616,177307648,170019496,162.14,10675752
1765903043438,2019.52,164.83,225263616,177307648,170021592,162.15,10675752
1765903043539,2019.58,164.87,225263616,177307648,170023688,162.15,10675752
1765903043640,2019.65,164.91,225280000,177307648,170025784,162.15,10675752
1765903043741,2019.79,164.97,225280000,177307648,170027880,162.15,10675752
1765903043843,2020.04,165.06,225280000,177307648,170029976,162.15,10675752
1765903043943,2020.33,165.20,225280000,177307648,170032072,162.16,10675752
1765903044044,2020.56,165.33,225280000,177307648,170034168,162.16,10675752
1765903044145,2020.66,165.37,225280000,177307648,170036264,162.16,10675752
1765903044247,2020.83,165.42,225280000,177307648,170038360,162.16,10675752
1765903044346,2021.04,165.55,225280000,177307648,170040456,162.16,10675752
1765903044448,2021.21,165.60,225296384,177307648,170042552,162.17,10675752
1765903044548,2021.43,165.72,225296384,177307648,170044648,162.17,10675752
1765903044649,2021.51,165.76,225296384,177307648,170046744,162.17,10675752
1765903044750,2021.58,165.79,225296384,177307648,170048840,162.17,10675752
1765903044851,2021.64,165.84,225296384,177307648,170050936,162.17,10675752
1765903044952,2021.79,165.89,225296384,177307648,170053032,162.18,10675752
1765903045052,2021.99,166.00,225296384,177307648,170055128,162.18,10675752
1765903045153,2022.06,166.05,225312768,177307648,170057224,162.18,10675752
1765903045254,2022.12,166.10,225312768,177307648,170059320,162.18,10675752
1765903045355,2022.19,166.14,225312768,177307648,170061416,162.18,10675752
1765903045456,2022.26,166.18,225312768,177307648,170063512,162.19,10675752
1765903045557,2022.35,166.22,225312768,177307648,170065608,162.19,10675752
1765903045658,2022.42,166.26,225312768,177307648,170067704,162.19,10675752
1765903045759,2022.50,166.30,225312768,177307648,170069800,162.19,10675752
1765903045859,2022.57,166.34,225312768,177307648,170071896,162.19,10675752
1765903045960,2022.62,166.39,225329152,177307648,170073992,162.20,10675752
1765903046061,2022.68,166.43,225329152,177307648,170076088,162.20,10675752
1765903046162,2022.75,166.49,225329152,177307648,170078184,162.20,10675752
1765903046263,2022.82,166.53,225329152,177307648,170080280,162.20,10675752
1765903046364,2022.89,166.57,225329152,177307648,170082376,162.20,10675752
1765903046466,2022.95,166.61,225329152,177307648,170084472,162.21,10675752
1765903046567,2023.01,166.64,225329152,177307648,170086568,162.21,10675752
1765903046668,2023.07,166.68,225329152,177307648,170088664,162.21,10675752
1765903046769,2023.12,166.72,225345536,177307648,170090760,162.21,10675752
1765903046870,2023.17,166.76,225345536,177307648,170092856,162.21,10675752
1765903046971,2023.23,166.81,225345536,177307648,170094952,162.22,10675752
1765903047072,2023.29,166.84,225345536,177307648,170097048,162.22,10675752
1765903047173,2023.35,166.88,225345536,177307648,170099144,162.22,10675752
1765903047274,2023.46,166.96,225345536,177307648,170101240,162.22,10675752
1765903047376,2023.55,167.02,225345536,177307648,170103336,162.22,10675752
1765903047476,2023.64,167.07,225345536,177307648,170105432,162.23,10675752
1765903047577,2023.81,167.13,225361920,177307648,170107528,162.23,10675752
1765903047678,2024.10,167.26,225361920,177307648,170109624,162.23,10675752
1765903047779,2024.41,167.39,225361920,177307648,170111720,162.23,10675752
1765903047880,2024.62,167.51,225361920,177307648,170113816,162.23,10675752
1765903047981,2024.78,167.56,225361920,177307648,170115912,162.24,10675752
1765903048083,2024.99,167.66,225361920,177307648,170118008,162.24,10675752
1765903048184,2025.11,167.71,225361920,177307648,170120104,162.24,10675752
1765903048285,2025.32,167.82,225361920,177307648,170122200,162.24,10675752
1765903048385,2025.41,167.88,225378304,177307648,170124296,162.24,10675752
1765903048486,2025.47,167.92,225378304,177307648,170126392,162.25,10675752
1765903048587,2025.54,167.96,225378304,177307648,170128712,162.25,10683944
1765903048689,2025.61,168.00,225378304,177307648,170130832,162.25,10683944
1765903048790,2025.69,168.05,225378304,177307648,170132928,162.25,10683944
1765903048890,2025.79,168.10,225378304,177307648,170135024,162.25,10683944
1765903048991,2025.87,168.15,225378304,177307648,170137120,162.26,10683944
1765903049092,2026.02,168.22,225394688,177307648,170139264,162.26,10683944
1765903049194,2026.31,168.34,225394688,177307648,170141360,162.26,10683944
1765903049294,2026.57,168.47,225394688,177307648,170143456,162.26,10683944
1765903049395,2026.76,168.56,225394688,177307648,170145552,162.26,10683944
1765903049496,2026.85,168.60,225394688,177307648,170147648,162.27,10683944
1765903049597,2026.93,168.64,225394688,177307648,170149744,162.27,10683944
1765903049699,2027.08,168.69,225411072,177307648,170151840,162.27,10683944
1765903049799,2027.38,168.81,225411072,177307648,170153936,162.27,10683944
1765903049900,2027.60,168.91,225411072,177307648,170156032,162.27,10683944
1765903050001,2027.67,168.94,225411072,177307648,170158128,162.28,10683944
1765903050103,2027.72,168.98,225411072,177307648,170160224,162.28,10683944
1765903050204,2027.77,169.02,225411072,177307648,170162320,162.28,10683944
1765903050305,2027.85,169.06,225411072,177307648,170164416,162.28,10683944
1765903050406,2027.92,169.11,225411072,177307648,170166512,162.28,10683944
1765903050506,2028.00,169.16,225427456,177307648,170168608,162.29,10683944
1765903050607,2034.01,170.06,226492416,178356224,169682208,161.82,10685287
1765903050708,2034.10,170.11,226508800,178356224,169684328,161.82,10685287
1765903050809,2034.17,170.16,226508800,178356224,169686424,161.83,10685287
1765903050910,2039.88,172.03,226951168,178356224,170205288,162.32,10678438
1765903051012,2040.00,172.07,226951168,178356224,170207408,162.32,10678438
1765903051113,2044.90,173.90,227295232,178356224,170523312,162.62,10679781
1765903051213,2045.04,173.96,227295232,178356224,170525432,162.63,10679781
1765903051314,2045.14,174.00,227295232,178356224,170527528,162.63,10679781
1765903051416,2049.97,175.86,226541568,177307648,170069472,162.19,10681124
1765903051517,2050.08,175.90,225837056,177307648,170071592,162.19,10681124
1765903051618,2053.27,177.61,225869824,177569792,170614224,162.71,10682466
1765903051719,2053.36,177.65,225869824,177569792,170616344,162.71,10682466
1765903051819,2053.49,177.71,225869824,177569792,170618440,162.71,10682466
1765903051920,2056.64,178.97,225001472,177569792,170299744,162.41,10683809
1765903052022,2056.77,179.01,225001472,177569792,170301864,162.41,10683809
1765903052122,2059.81,180.66,225280000,177569792,170598496,162.70,10685151
1765903052223,2059.89,180.69,225280000,177569792,170600616,162.70,10685151
1765903052325,2062.26,181.76,225411072,177569792,170755584,162.85,10694010
1765903052425,2063.50,182.59,225558528,177569792,170905024,162.99,10694685
1765903052526,2063.61,182.64,225558528,177569792,170907144,162.99,10694685
1765903052627,2068.23,184.70,225148928,177569792,170536232,162.64,10696028
1765903052728,2068.32,184.74,225148928,177569792,170538352,162.64,10696028
1765903052828,2070.78,186.05,225280000,177569792,170687040,162.78,10696696
1765903052929,2072.23,186.63,225411072,177569792,170838312,162.92,10697371
1765903053030,2072.35,186.67,225411072,177569792,170840432,162.93,10697371
1765903053131,2075.97,188.61,225705984,177569792,171139216,163.21,10698716
1765903053232,2076.05,188.64,225673216,177569792,171141336,163.21,10698716
1765903053334,2082.63,191.68,225378304,177569792,170683072,162.78,10700061
1765903053434,2082.72,191.73,225378304,177569792,170685192,162.78,10700061
1765903053535,2082.82,191.77,225378304,177569792,170687288,162.78,10700061
1765903053636,2085.64,192.97,225673216,177569792,170982072,163.06,10701406
1765903053737,2085.75,193.03,225673216,177569792,170984192,163.06,10701406
1765903053838,2089.22,194.91,225951744,177569792,171278264,163.34,10702751
1765903053939,2089.30,194.94,225951744,177569792,171280384,163.35,10702751
1765903054040,2089.39,195.00,225951744,177569792,171282480,163.35,10702751
1765903054142,2094.74,197.40,225394688,177569792,170783008,162.87,10704096
1765903054243,2094.85,197.44,225394688,177569792,170785128,162.87,10704096
1765903054344,2098.33,199.11,225656832,177569792,171080048,163.15,10713633
1765903054445,2098.43,199.15,225656832,177569792,171082168,163.16,10713633
1765903054546,2098.53,199.19,225656832,177569792,171084264,163.16,10713633
1765903054647,2101.90,201.07,225984512,177569792,171381624,163.44,10714978
1765903054747,2102.07,201.12,225984512,177569792,171383744,163.44,10714978
1765903054848,2106.50,203.35,226426880,178618368,170944992,163.03,10716323
1765903054949,2106.58,203.38,226426880,178618368,170947112,163.03,10716323
1765903055050,2106.71,203.42,226426880,178618368,170949208,163.03,10716323
1765903055150,2112.18,205.47,226836480,178618368,171248040,163.31,10717668
1765903055251,2112.31,205.50,226836480,178618368,171250160,163.32,10717668
1765903055352,2116.07,207.55,227131392,178618368,171547232,163.60,10727205
1765903055453,2116.21,207.60,227131392,178618368,171549352,163.60,10727205
1765903055554,2116.32,207.65,227147776,178618368,171551448,163.60,10727205
1765903055655,2120.47,209.64,226246656,177569792,171076408,163.15,10720358
1765903055756,2120.59,209.69,226246656,177569792,171078528,163.15,10720358
1765903055857,2124.01,211.42,226246656,177569792,171390824,163.45,10721703
1765903055958,2124.11,211.46,226246656,177569792,171392944,163.45,10721703
1765903056060,2124.22,211.51,226246656,177569792,171395040,163.46,10721703
1765903056160,2128.15,213.52,226263040,177569792,171688680,163.74,10723048
1765903056261,2128.32,213.57,226263040,177569792,171690800,163.74,10723048
1765903056362,2135.57,215.89,226656256,178618368,171198336,163.27,10732585
1765903056463,2135.68,215.94,226656256,178618368,171200424,163.27,10732585
1765903056565,2135.84,215.98,226656256,178618368,171202488,163.27,10732585
1765903056665,2139.20,218.04,226951168,178618368,171497184,163.55,10725738
1765903056766,2139.29,218.07,226951168,178618368,171499272,163.55,10725738
1765903056868,2143.70,220.10,227246080,178618368,171794192,163.84,10727083
1765903056968,2143.81,220.14,227246080,178618368,171796280,163.84,10727083
1765903057069,2143.92,220.18,227246080,178618368,171798344,163.84,10727083
1765903057170,2154.73,222.71,227966976,178618368,171325936,163.39,10728428
1765903057271,2154.86,222.75,227966976,178618368,171327976,163.39,10728428
1765903057372,2158.27,224.47,227966976,178618368,171613704,163.66,10737965
1765903057473,2158.39,224.53,227966976,178618368,171615744,163.67,10737965
1765903057575,2160.49,225.53,227966976,178618368,171758368,163.80,10738634
1765903057677,2161.61,226.22,227966976,178618368,171897664,163.93,10739310
1765903057778,2161.73,226.26,227966976,178618368,171899704,163.94,10739310
1765903057879,2166.94,227.96,227966976,178618368,171404912,163.46,10740655
1765903057981,2167.04,227.99,227966976,178618368,171406952,163.47,10740655
1765903058080,2168.78,228.88,227966976,178618368,171551192,163.60,10741324
1765903058181,2169.95,229.47,227966976,178618368,171690072,163.74,10742000
1765903058282,2170.28,229.54,227966976,178618368,171695512,163.74,10742000
1765903058383,2180.76,231.70,228130816,178618368,171988784,164.02,10751537
1765903058484,2180.88,231.74,228130816,178618368,171990824,164.02,10751537
1765903058584,2185.36,233.90,228278272,180715520,171503952,163.56,10752882
1765903058685,2185.46,233.95,228278272,180715520,171505992,163.56,10752882
1765903058787,2185.63,234.04,228278272,180715520,171508008,163.56,10752882
1765903058887,2188.00,235.67,228278272,180715520,171781760,163.82,10746035
1765903058988,2188.08,235.70,228278272,180715520,171783800,163.83,10746035
1765903059089,2191.33,237.43,228278272,180715520,172056552,164.09,10747380
1765903059190,2191.42,237.46,228278272,180715520,172058592,164.09,10747380
1765903059291,2191.63,237.52,228278272,180715520,172060912,164.09,10747380
1765903059392,2193.82,238.56,228294656,180715520,172331232,164.35,10756917
1765903059494,2193.90,238.61,228294656,180715520,172333272,164.35,10756917
1765903059594,2202.82,240.78,228491264,180715520,172615320,164.62,10758262
1765903059695,2202.91,240.82,228491264,180715520,172617360,164.62,10758262
1765903059795,2203.01,240.86,228491264,180715520,172619376,164.62,10758262
1765903059896,2228.36,243.92,232308736,180977664,173145640,165.12,10759607
1765903059998,2228.44,243.95,232308736,180977664,173147680,165.13,10759607
1765903060099,2230.85,245.58,232570880,180977664,173412128,165.38,10760952
1765903060199,2230.91,245.61,232570880,180977664,173414168,165.38,10760952
1765903060300,2230.98,245.66,232587264,180977664,173416184,165.38,10760952
1765903060402,2235.28,247.99,232833024,180977664,172091120,164.12,10770489
1765903060503,2235.38,248.02,232833024,180977664,172093160,164.12,10770489
1765903060603,2237.95,249.41,232833024,180977664,172357496,164.37,10755450
1765903060704,2238.06,249.45,232833024,180977664,172359536,164.37,10755450
1765903060805,2238.21,249.52,232833024,180977664,172361552,164.38,10755450
1765903060906,2264.74,252.06,233324544,180977664,172628456,164.63,10756794
1765903061008,2264.85,252.11,233324544,180977664,172630496,164.63,10756794
1765903061108,2268.07,254.09,233472000,180977664,172892936,164.88,10758139
1765903061209,2268.18,254.13,233472000,180977664,172894976,164.89,10758139
1765903061311,2268.28,254.17,233472000,180977664,172896992,164.89,10758139
1765903061410,2271.15,255.94,233734144,180977664,173159960,165.14,10767676
1765903061511,2271.25,255.99,233734144,180977664,173162000,165.14,10767676
1765903061612,2278.28,257.93,233996288,180977664,173424888,165.39,10769021
1765903061713,2278.40,257.97,233996288,180977664,173426928,165.39,10769021
1765903061814,2278.55,258.01,233996288,180977664,173428944,165.39,10769021
1765903061915,2282.17,260.01,234274816,180977664,173694288,165.65,10770363
1765903062016,2282.28,260.05,234274816,180977664,173696328,165.65,10770363
1765903062117,2287.95,262.31,234684416,181764096,172472560,164.48,10763516
1765903062218,2288.03,262.34,234684416,181764096,172474600,164.48,10763516
1765903062319,2288.12,262.39,234684416,181764096,172476616,164.49,10763516
1765903062420,2291.26,264.04,234700800,181764096,172739648,164.74,10773053
1765903062521,2291.38,264.09,234700800,181764096,172741688,164.74,10773053
1765903062622,2294.52,265.84,234700800,181764096,173004376,164.99,10774398
1765903062723,2294.64,265.90,234700800,181764096,173006416,164.99,10774398
1765903062825,2296.31,266.99,234700800,181764096,173139000,165.12,10775067
1765903062925,2299.66,267.92,234717184,181764096,173271112,165.24,10775743
1765903063027,2299.77,267.97,234717184,181764096,173273152,165.25,10775743
1765903063127,2303.41,269.50,234717184,181764096,173535904,165.50,10777088
1765903063228,2303.53,269.55,234717184,181764096,173537944,165.50,10777088
1765903063329,2305.46,270.50,234717184,181764096,173670808,165.63,10785948
1765903063430,2306.52,271.41,234717184,181764096,173802864,165.75,10786624
1765903063531,2306.63,271.45,234717184,181764096,173804904,165.75,10786624
1765903063632,2312.23,273.78,234979328,182026240,172590232,164.59,10787969
1765903063733,2312.30,273.81,234979328,182026240,172592272,164.60,10787969
1765903063834,2315.48,275.51,234979328,182026240,172854856,164.85,10772930
1765903063935,2315.59,275.59,234979328,182026240,172856896,164.85,10772930
1765903064037,2315.70,275.63,234979328,182026240,172858912,164.85,10772930
1765903064137,2321.80,277.88,234995712,182026240,173122720,165.10,10774275
1765903064238,2321.91,277.93,234995712,182026240,173124760,165.10,10774275
1765903064338,2334.44,279.99,235028480,182026240,173388592,165.36,10783811
1765903064439,2334.51,280.01,235028480,182026240,173390632,165.36,10783811
1765903064540,2334.58,280.06,235028480,182026240,173392648,165.36,10783811
1765903064641,2337.27,281.61,235044864,182026240,173654624,165.61,10785155
1765903064743,2337.37,281.64,235044864,182026240,173656664,165.61,10785155
1765903064843,2340.51,283.28,235044864,182026240,173918672,165.86,10786500
1765903064944,2340.62,283.32,235044864,182026240,173920712,165.86,10786500
1765903065045,2340.73,283.36,235044864,182026240,173922728,165.87,10786500
1765903065146,2349.67,285.82,235290624,182026240,172816584,164.81,10787845
1765903065247,2349.82,285.86,235290624,182026240,172818624,164.81,10787845
1765903065348,2352.92,287.66,235290624,182026240,173080816,165.06,10789190
1765903065449,2352.99,287.69,235290624,182026240,173082856,165.06,10789190
1765903065551,2353.08,287.72,235290624,182026240,173084872,165.07,10789190
1765903065651,2356.81,290.18,235307008,182026240,173346848,165.32,10790535
1765903065752,2356.94,290.22,235307008,182026240,173348888,165.32,10790535
1765903065853,2361.58,291.80,235307008,182026240,173611320,165.57,10791883
1765903065955,2361.67,291.84,235307008,182026240,173613360,165.57,10791883
1765903066056,2361.78,291.87,235307008,182026240,173615376,165.57,10791883
1765903066156,2364.52,293.73,235307008,182026240,173875736,165.82,10793230
1765903066258,2364.63,293.77,235307008,182026240,173877776,165.82,10793230
1765903066358,2368.10,295.47,235323392,182026240,174138336,166.07,10802767
1765903066459,2368.20,295.51,235323392,182026240,174140376,166.07,10802767
1765903066560,2368.28,295.55,235323392,182026240,174142392,166.08,10802767
1765903066661,2372.21,297.62,235536384,182288384,173021656,165.01,10804113
1765903066762,2372.32,297.66,235536384,182288384,173023696,165.01,10804113
1765903066863,2376.58,299.51,235536384,182288384,173284936,165.26,10789074
1765903066964,2376.70,299.55,235536384,182288384,173286976,165.26,10789074
1765903067065,2376.86,299.59,235536384,182288384,173288992,165.26,10789074
1765903067166,2381.50,301.83,235569152,182288384,173549616,165.51,10790419
1765903067268,2381.60,301.87,235569152,182288384,173551656,165.51,10790419
1765903067368,2387.32,303.60,235569152,182288384,173811888,165.76,10799957
1765903067470,2387.42,303.64,235569152,182288384,173813928,165.76,10799957
1765903067570,2387.53,303.69,235569152,182288384,173815944,165.76,10799957
1765903067671,2392.42,305.70,235585536,182288384,174093848,166.03,10801302
1765903067771,2392.53,305.75,235585536,182288384,174095888,166.03,10801302
1765903067873,2405.76,308.27,235585536,182288384,174519464,166.43,10802649
1765903067974,2405.89,308.32,235585536,182288384,174521504,166.44,10802649
1765903068073,2407.70,309.41,235585536,182288384,174652704,166.56,10803319
1765903068173,2409.54,310.40,235601920,182288384,174783352,166.69,10803995
1765903068274,2409.68,310.45,235601920,182288384,174785392,166.69,10803995
1765903068375,2414.47,313.02,236109824,186744832,173597088,165.56,10813532
1765903068476,2414.62,313.07,236109824,186744832,173599128,165.56,10813532
1765903068577,2416.72,314.21,236109824,186744832,173730336,165.68,10797817
1765903068679,2418.23,315.38,236109824,186744832,173860952,165.81,10798493
1765903068780,2418.34,315.42,236109824,186744832,173862992,165.81,10798493
1765903068882,2421.55,317.22,236126208,186744832,174122784,166.06,10799837
1765903068982,2421.62,317.25,236126208,186744832,174124824,166.06,10799837
1765903069082,2425.02,319.16,236126208,186744832,174384648,166.31,10801182
1765903069183,2425.10,319.20,236126208,186744832,174386688,166.31,10801182
1765903069284,2425.18,319.24,236126208,186744832,174388704,166.31,10801182
1765903069385,2429.01,320.74,236126208,186744832,174648768,166.56,10810719
1765903069486,2429.13,320.78,236126208,186744832,174650808,166.56,10810719
1765903069587,2433.00,322.56,236142592,186744832,174910792,166.81,10812064
1765903069688,2433.10,322.63,236142592,186744832,174912832,166.81,10812064
1765903069789,2433.20,322.67,236142592,186744832,174914848,166.81,10812064
1765903069890,2440.99,324.50,236158976,186744832,175175368,167.06,10813409
1765903069991,2441.08,324.57,236158976,186744832,175177408,167.06,10813409
1765903070092,2443.91,326.37,236421120,186744832,175437224,167.31,10814754
1765903070193,2444.02,326.42,236421120,186744832,175439272,167.31,10814754
1765903070294,2444.12,326.46,236421120,186744832,175441288,167.31,10814754
1765903070395,2448.75,328.67,236666880,186744832,175701304,167.56,10824291
1765903070496,2448.85,328.72,236666880,186744832,175703344,167.56,10824291
1765903070598,2452.03,330.74,236912640,186744832,175963224,167.81,10825636
1765903070698,2452.08,330.76,236912640,186744832,175965264,167.81,10825636
1765903070799,2452.16,330.81,236929024,186744832,175967280,167.82,10825636
1765903070899,2456.04,336.67,232194048,186744832,176227120,168.06,10826981
1765903071000,2456.16,336.71,232194048,186744832,176229160,168.07,10826981
1765903071102,2460.79,338.83,232439808,186744832,176487384,168.31,10828326
1765903071203,2460.89,338.87,232439808,186744832,176489424,168.31,10828326
1765903071303,2461.02,338.92,232439808,186744832,176491440,168.32,10828326
1765903071404,2477.47,341.16,232718336,187006976,176960752,168.76,10837862
1765903071505,2477.58,341.20,232718336,187006976,176962792,168.76,10837862
1765903071606,2481.12,343.61,232964096,187006976,177215320,169.01,10839207
1765903071707,2481.20,343.66,232964096,187006976,177217360,169.01,10839207
1765903071807,2481.29,343.72,232980480,187006976,177219376,169.01,10839207
1765903071909,2486.39,345.96,233521152,187531264,174251648,166.18,10840552
1765903072009,2486.50,346.03,233521152,187531264,174253688,166.18,10840552
1765903072110,2489.48,348.08,233521152,187531264,174519800,166.44,10817321
1765903072211,2489.58,348.12,233521152,187531264,174521840,166.44,10817321
1765903072313,2489.69,348.18,233521152,187531264,174523856,166.44,10817321
1765903072413,2492.70,350.21,233537536,187531264,174776592,166.68,10826858
1765903072514,2492.80,350.27,233537536,187531264,174778632,166.68,10826858
1765903072615,2496.76,352.20,233537536,187531264,175282216,167.16,10828203
1765903072716,2496.82,352.23,233537536,187531264,175284256,167.16,10828203
1765903072817,2496.91,352.26,233537536,187531264,175286272,167.17,10828203
1765903072918,2499.78,354.31,233553920,187531264,175533168,167.40,10829547
1765903073020,2499.93,354.39,233553920,187531264,175535208,167.40,10829547
1765903073120,2502.60,356.07,233553920,187531264,175782240,167.64,10830892
1765903073221,2502.72,356.13,233553920,187531264,175784280,167.64,10830892
1765903073322,2502.82,356.17,233553920,187531264,175786296,167.64,10830892
1765903073422,2505.58,357.85,233684992,187531264,176033440,167.88,10840429
1765903073523,2505.67,357.88,233684992,187531264,176035480,167.88,10840429
1765903073624,2508.58,359.72,233930752,187531264,176282344,168.12,10841773
1765903073725,2508.71,359.77,233930752,187531264,176284384,168.12,10841773
1765903073825,2510.76,360.91,234061824,187531264,176409064,168.24,10842442
1765903073926,2511.96,361.76,234176512,187531264,176533248,168.36,10843118
1765903074028,2512.07,361.80,234176512,187531264,176535288,168.36,10843118
1765903074129,2516.36,363.90,234405888,187531264,176782328,168.59,10844463
1765903074230,2516.52,363.96,234405888,187531264,176784368,168.59,10844463
1765903074331,2518.30,365.06,234536960,187531264,176909328,168.71,10853324
1765903074433,2519.78,366.02,234668032,187531264,177033504,168.83,10854000
1765903074534,2519.93,366.07,234668032,187531264,177035544,168.83,10854000
1765903074635,2524.69,368.11,234897408,187531264,177282680,169.07,10855345
1765903074736,2524.80,368.16,234897408,187531264,177284720,169.07,10855345
1765903074836,2528.05,369.94,235159552,187531264,177530952,169.31,10856690
1765903074937,2528.11,369.97,235159552,187531264,177532992,169.31,10856690
1765903075038,2528.20,370.01,235159552,187531264,177535008,169.31,10856690
1765903075138,2532.93,371.99,235831296,188317696,175060432,166.95,10833459
1765903075240,2533.02,372.04,235831296,188317696,175062472,166.95,10833459
1765903075340,2535.41,373.70,235831296,188317696,175308928,167.19,10842996
1765903075441,2535.55,373.76,235831296,188317696,175310968,167.19,10842996
1765903075542,2535.66,373.83,235831296,188317696,175312984,167.19,10842996
1765903075644,2540.53,376.05,235831296,188317696,175559344,167.43,10844342
1765903075745,2540.68,376.12,235831296,188317696,175561384,167.43,10844342
1765903075846,2545.25,378.13,235847680,188317696,175816832,167.67,10845689
1765903075947,2545.34,378.17,235847680,188317696,175818872,167.67,10845689
1765903076047,2545.45,378.21,235847680,188317696,175820888,167.68,10845689
1765903076149,2571.23,380.43,235880448,188317696,176068440,167.91,10847036
1765903076249,2571.32,380.48,235880448,188317696,176070480,167.91,10847036
1765903076350,2589.07,382.58,235896832,188317696,176327552,168.16,10856575
1765903076451,2589.16,382.63,235896832,188317696,176329592,168.16,10856575
1765903076553,2589.27,382.68,235896832,188317696,176331608,168.16,10856575
1765903076653,2592.53,384.79,235929600,188317696,176577216,168.40,10857922
1765903076754,2592.66,384.86,235929600,188317696,176579256,168.40,10857922
1765903076855,2595.98,386.59,235945984,188317696,176825384,168.63,10859268
1765903076956,2596.13,386.63,235945984,188317696,176827424,168.64,10859268
1765903077057,2596.21,386.69,235945984,188317696,176829440,168.64,10859268
1765903077159,2599.03,388.20,235945984,188317696,177075568,168.87,10860615
1765903077260,2599.11,388.24,235945984,188317696,177077608,168.87,10860615
1765903077360,2601.61,389.73,235945984,188317696,177323864,169.11,10870154
1765903077461,2601.71,389.79,235945984,188317696,177325904,169.11,10870154
1765903077563,2601.88,389.85,235945984,188317696,177327920,169.11,10870154
1765903077663,2604.84,391.68,235978752,188317696,177574112,169.35,10871500
1765903077764,2604.94,391.74,235978752,188317696,177576152,169.35,10871500
1765903077865,2610.03,393.68,235978752,188317696,177823584,169.59,10872847
1765903077967,2610.14,393.73,235978752,188317696,177825624,169.59,10872847
1765903078067,2610.30,393.84,235978752,188317696,177827640,169.59,10872847
1765903078168,2613.04,395.54,235978752,188317696,178073672,169.82,10874193
1765903078269,2613.14,395.57,235978752,188317696,178075712,169.83,10874193
1765903078370,2625.70,397.73,236011520,188317696,178356552,170.09,10883732
1765903078471,2625.80,397.77,236011520,188317696,178358592,170.10,10883732
1765903078571,2625.91,397.82,236011520,188317696,178360608,170.10,10883732
1765903078672,2630.86,399.83,236453888,188841984,175608608,167.47,10885079
1765903078773,2630.97,399.88,236453888,188841984,175610648,167.48,10885079
1765903078874,2637.06,401.61,236453888,188841984,175851760,167.71,10853658
1765903078975,2637.18,401.68,236453888,188841984,175853800,167.71,10853658
1765903079076,2639.24,402.96,236470272,188841984,175975056,167.82,10854328
1765903079178,2641.93,404.02,236470272,188841984,176095656,167.94,10855005
1765903079278,2642.03,404.08,236470272,188841984,176097696,167.94,10855005
1765903079379,2646.90,406.04,236470272,188841984,176338576,168.17,10864543
1765903079480,2647.00,406.09,236470272,188841984,176340616,168.17,10864543
1765903079581,2648.66,407.05,236470272,188841984,176461832,168.29,10865213
1765903079681,2651.41,407.98,236486656,188841984,176583256,168.40,10865890
1765903079782,2651.52,408.02,236486656,188841984,176585296,168.40,10865890
1765903079883,2654.54,410.29,236486656,188841984,176825096,168.63,10867237
1765903079984,2654.63,410.33,236486656,188841984,176827136,168.64,10867237
1765903080084,2660.09,412.65,236486656,188841984,177067120,168.86,10868584
1765903080185,2660.20,412.71,236486656,188841984,177069160,168.87,10868584
1765903080286,2660.31,412.76,236486656,188841984,177071176,168.87,10868584
1765903080387,2663.24,414.70,236519424,188841984,177311160,169.10,10878123
1765903080488,2663.35,414.75,236519424,188841984,177313200,169.10,10878123
1765903080589,2666.27,416.85,236519424,188841984,177552968,169.33,10879469
1765903080690,2666.36,416.92,236519424,188841984,177555008,169.33,10879469
1765903080791,2666.45,416.97,236519424,188841984,177557024,169.33,10879469
1765903080893,2670.24,422.23,235503616,188841984,177797096,169.56,10880816
1765903080993,2670.33,422.29,235503616,188841984,177799136,169.56,10880816
1765903081095,2673.90,424.41,235503616,188841984,178071104,169.82,10882163
1765903081196,2673.96,424.44,235503616,188841984,178073144,169.82,10882163
1765903081296,2674.04,424.49,235503616,188841984,178075160,169.83,10882163
1765903081397,2677.53,427.11,235503616,188841984,178315152,170.05,10891702
1765903081499,2677.62,427.16,235503616,188841984,178317192,170.06,10891702
1765903081600,2681.83,428.69,235520000,188841984,178557440,170.29,10893050
1765903081701,2681.91,428.72,235520000,188841984,178559480,170.29,10893050
1765903081801,2682.05,428.78,235520000,188841984,178561496,170.29,10893050
1765903081902,2687.35,430.94,235601920,188841984,178801864,170.52,10894398
1765903082003,2687.46,430.99,235601920,188841984,178803904,170.52,10894398
1765903082104,2699.78,433.45,236388352,189890560,176243104,168.08,10895748
1765903082205,2699.88,433.49,236388352,189890560,176245144,168.08,10895748
1765903082306,2699.96,433.54,236388352,189890560,176247160,168.08,10895748
1765903082407,2703.68,435.24,236388352,189890560,176485160,168.31,10880711
1765903082508,2703.79,435.33,236388352,189890560,176487200,168.31,10880711
1765903082610,2706.49,437.17,236388352,189890560,176724272,168.54,10882058
1765903082711,2706.59,437.22,236388352,189890560,176726312,168.54,10882058
1765903082812,2706.75,437.27,236388352,189890560,176728328,168.54,10882058
1765903082913,2714.32,439.44,236421120,189890560,176966056,168.77,10883405
1765903083014,2714.44,439.49,236421120,189890560,176968096,168.77,10883405
1765903083115,2717.51,441.40,236421120,189890560,177205232,169.00,10884752
1765903083216,2717.58,441.44,236421120,189890560,177207272,169.00,10884752
1765903083318,2717.66,441.48,236421120,189890560,177209288,169.00,10884752
1765903083418,2720.72,443.45,236437504,189890560,177446600,169.23,10894292
1765903083519,2720.87,443.51,236437504,189890560,177448640,169.23,10894292
1765903083620,2723.93,445.36,236437504,189890560,177685736,169.45,10895639
1765903083722,2724.03,445.41,236437504,189890560,177687776,169.46,10895639
1765903083824,2725.86,446.55,236437504,189890560,177807560,169.57,10896310
1765903083926,2727.59,447.53,236437504,189890560,177926816,169.68,10896987
1765903084027,2727.71,447.59,236437504,189890560,177928856,169.69,10896987
1765903084128,2731.27,450.01,236453888,189890560,178166080,169.91,10898334
1765903084229,2731.44,450.07,236453888,189890560,178168120,169.91,10898334
1765903084330,2733.94,451.12,236453888,189890560,178288280,170.03,10907195
1765903084430,2734.91,451.81,236453888,189890560,178407672,170.14,10907872
1765903084532,2735.08,451.87,236453888,189890560,178409712,170.14,10907872
1765903084632,2740.60,453.98,236453888,189890560,178647600,170.37,10909219
1765903084733,2740.69,454.02,236453888,189890560,178649640,170.37,10909219
1765903084834,2744.71,456.06,236470272,189890560,178886792,170.60,10910566
1765903084935,2745.68,456.13,236470272,189890560,178889456,170.60,10910566
1765903085036,2745.80,456.19,236470272,189890560,178891472,170.60,10910566
1765903085137,2748.84,458.35,236470272,189890560,179128576,170.83,10911913
1765903085238,2749.02,458.42,236470272,189890560,179130616,170.83,10911913
1765903085339,2752.13,460.53,236486656,189890560,179367968,171.06,10921452
1765903085440,2752.27,460.57,236486656,189890560,179370008,171.06,10921452
1765903085541,2752.36,460.62,236486656,189890560,179372024,171.06,10921452
1765903085643,2754.76,462.43,236503040,189890560,179609112,171.29,10922800
1765903085744,2754.86,462.49,236503040,189890560,179611152,171.29,10922800
1765903085846,2759.71,465.69,237535232,198541312,176918160,168.72,10891379
1765903085947,2759.82,465.74,237535232,198541312,176920200,168.72,10891379
1765903086047,2759.93,465.80,237535232,198541312,176922216,168.73,10891379
1765903086149,2769.07,467.98,237551616,198541312,177160000,168.95,10892726
1765903086249,2769.22,468.03,237551616,198541312,177162040,168.95,10892726
1765903086351,2772.03,469.76,237551616,198541312,177399256,169.18,10902265
1765903086452,2772.15,469.81,237551616,198541312,177401296,169.18,10902265
1765903086553,2772.27,469.86,237551616,198541312,177403312,169.18,10902265
1765903086654,2774.95,471.81,237551616,198541312,177767352,169.53,10903612
1765903086755,2775.08,471.88,237551616,198541312,177769392,169.53,10903612
1765903086856,2780.20,473.81,237551616,198541312,178006352,169.76,10904958
1765903086957,2780.31,473.85,237551616,198541312,178008392,169.76,10904958
1765903087057,2780.42,473.92,237551616,198541312,178010408,169.76,10904958
1765903087158,2785.42,476.07,237568000,198541312,178246104,169.99,10906306
1765903087259,2785.54,476.13,237568000,198541312,178248144,169.99,10906306
1765903087359,2790.35,477.94,237568000,198541312,178483544,170.22,10915845
1765903087461,2790.45,477.99,237568000,198541312,178485584,170.22,10915845
1765903087562,2790.57,478.05,237568000,198541312,178487600,170.22,10915845
1765903087663,2793.68,479.91,237568000,198541312,178722656,170.44,10917193
1765903087763,2793.86,479.97,237568000,198541312,178724696,170.45,10917193
1765903087865,2796.38,481.73,237584384,198541312,178959776,170.67,10918540
1765903087966,2796.45,481.76,237584384,198541312,178961816,170.67,10918540
1765903088067,2796.57,481.82,237584384,198541312,178963832,170.67,10918540
1765903088168,2799.40,483.99,237600768,198541312,179199264,170.90,10919888
1765903088270,2800.10,484.21,237633536,198541312,179220392,170.92,10919892
1765903088370,2804.00,486.55,237649920,198541312,179455904,171.14,10929431
1765903088471,2804.11,486.58,237649920,198541312,179457944,171.14,10929431
1765903088574,2808.11,487.69,237649920,198541312,179577000,171.26,10930101
1765903088675,2809.26,488.63,237649920,198541312,179694936,171.37,10930778
1765903088777,2809.37,488.68,237649920,198541312,179696976,171.37,10930778
1765903088877,2812.34,490.63,237649920,198541312,179931448,171.60,10932125
1765903088978,2812.44,490.67,237649920,198541312,179933488,171.60,10932125
1765903089078,2814.39,491.75,237666304,198541312,180052008,171.71,10932796
1765903089179,2815.77,493.11,237666304,198541312,180169960,171.82,10933473
1765903089280,2816.18,493.22,237666304,198541312,180189920,171.84,10933477
1765903089381,2818.63,495.23,237764608,198541312,180439552,172.08,10943017
1765903089482,2818.70,495.26,237764608,198541312,180441592,172.08,10943017
1765903089584,2821.76,497.41,237993984,198541312,180675976,172.31,10944364
1765903089684,2821.83,497.45,237993984,198541312,180678016,172.31,10944364
1765903089785,2821.89,497.49,237993984,198541312,180680032,172.31,10944364
1765903089885,2827.32,499.80,238239744,198541312,180914656,172.53,10945712
1765903089986,2827.43,499.83,238239744,198541312,180916696,172.54,10945712
1765903090086,2830.31,501.77,238452736,198541312,181150936,172.76,10947059
1765903090187,2830.39,501.80,238452736,198541312,181152976,172.76,10947059
1765903090288,2830.47,501.86,238469120,198541312,181154992,172.76,10947059
1765903090389,2833.78,504.04,238682112,198541312,181389464,172.99,10956600
1765903090490,2833.87,504.08,238682112,198541312,181391504,172.99,10956600
1765903090592,2836.85,505.73,238927872,198541312,181625792,173.21,10957947
1765903090692,2836.95,505.77,238927872,198541312,181627832,173.21,10957947
1765903090793,2837.04,505.82,238927872,198541312,181629848,173.22,10957947
1765903090894,2839.43,507.67,239173632,198541312,181864088,173.44,10959295
1765903090995,2839.58,507.75,239190016,198541312,181866128,173.44,10959295
1765903091096,2843.31,509.25,239419392,198541312,182100632,173.66,10960643
1765903091197,2843.43,509.28,239419392,198541312,182102672,173.67,10960643
1765903091298,2843.60,509.35,239419392,198541312,182104688,173.67,10960643
1765903091399,2847.13,511.42,239648768,198541312,182339176,173.89,10970183
1765903091501,2847.22,511.46,239648768,198541312,182341216,173.89,10970183
1765903091601,2851.69,513.35,239878144,198541312,182575496,174.12,10971531
1765903091703,2851.79,513.39,239861760,198541312,182577536,174.12,10971531
1765903091804,2851.88,513.44,239861760,198541312,182579552,174.12,10971531
1765903091904,2858.90,515.25,240107520,198541312,182901664,174.43,10972878
1765903092004,2859.01,515.29,240107520,198541312,182903704,174.43,10972878
1765903092106,2880.79,517.88,240353280,198541312,183145656,174.66,10974225
1765903092206,2880.89,517.92,240353280,198541312,183147696,174.66,10974225
1765903092307,2881.03,517.98,240353280,198541312,183149712,174.67,10974225
1765903092409,2907.16,520.24,240713728,198541312,183383968,174.89,10983765
1765903092509,2907.24,520.28,240730112,198541312,183386008,174.89,10983765
1765903092611,2910.88,522.24,240943104,198541312,183615328,175.11,10985113
1765903092711,2911.00,522.29,240943104,198541312,183617368,175.11,10985113
1765903092812,2911.13,522.35,240943104,198541312,183619384,175.11,10985113
1765903092913,2915.57,524.39,241172480,198541312,183848600,175.33,10986461
1765903093014,2915.76,524.47,241188864,198541312,183850640,175.33,10986461
1765903093115,2919.12,526.71,241483776,198541312,184278640,175.74,10987809
1765903093217,2919.22,526.75,241483776,198541312,184280680,175.74,10987809
1765903093317,2919.32,526.79,241483776,198541312,184282696,175.75,10987809
1765903093418,2922.67,528.75,241713152,198541312,184512144,175.96,10997349
1765903093519,2922.81,528.80,241713152,198541312,184514184,175.97,10997349
1765903093620,2925.52,530.69,241958912,198541312,184743424,176.19,10998697
1765903093722,2927.89,531.21,242466816,199065600,178429328,170.16,10998697
1765903093824,2931.63,532.58,242466816,199065600,178546264,170.27,10933824
1765903093925,2936.38,534.00,242466816,199065600,178662536,170.39,10934501
1765903094026,2936.46,534.06,242466816,199065600,178664576,170.39,10934501
1765903094127,2940.62,535.93,242483200,199065600,178894440,170.61,10935848
1765903094228,2940.72,535.98,242483200,199065600,178896480,170.61,10935848
1765903094329,2942.40,537.17,242483200,199065600,179012616,170.72,10944711
1765903094430,2943.42,537.71,242483200,199065600,179127960,170.83,10945388
1765903094532,2943.54,537.75,242483200,199065600,179130000,170.83,10945388
1765903094632,2946.33,539.39,242483200,199065600,179359232,171.05,10946736
1765903094733,2946.42,539.43,242483200,199065600,179361272,171.05,10946736
1765903094834,2949.35,541.50,242499584,199065600,179590432,171.27,10948084
1765903094935,2949.50,541.58,242499584,199065600,179592472,171.27,10948084
1765903095036,2949.61,541.62,242499584,199065600,179594488,171.27,10948084
1765903095137,2954.11,543.51,242499584,199065600,179824432,171.49,10949432
1765903095239,2954.18,543.54,242499584,199065600,179826472,171.50,10949432
1765903095339,2958.98,545.41,242499584,199065600,180055176,171.71,10958972
1765903095440,2959.07,545.49,242499584,199065600,180057216,171.72,10958972
1765903095541,2959.15,545.53,242499584,199065600,180059232,171.72,10958972
1765903095642,2968.49,547.33,242515968,199065600,180287248,171.94,10960320
1765903095742,2968.60,547.38,242515968,199065600,180289288,171.94,10960320
1765903095843,2971.89,549.50,242515968,199065600,180516120,172.15,10961668
1765903095944,2972.00,549.54,242515968,199065600,180518160,172.16,10961668
1765903096046,2972.10,549.59,242515968,199065600,180520176,172.16,10961668
1765903096146,2977.36,551.19,242548736,199065600,180748008,172.37,10963016
1765903096247,2977.48,551.23,242548736,199065600,180750048,172.38,10963016
1765903096348,2979.41,552.60,242548736,199065600,180976744,172.59,10972556
1765903096450,2979.51,552.63,242548736,199065600,180978784,172.59,10972556
1765903096551,2979.61,552.67,242548736,199065600,180980800,172.60,10972556
1765903096651,2983.57,554.34,242614272,199065600,181207960,172.81,10973904
1765903096753,2983.72,554.38,242614272,199065600,181210000,172.82,10973904
1765903096853,2988.30,556.12,242843648,199065600,181437360,173.03,10975252
1765903096954,2988.41,556.16,242843648,199065600,181439400,173.03,10975252
1765903097055,2988.54,556.22,242843648,199065600,181441416,173.04,10975252
1765903097157,2994.14,558.30,243073024,199065600,181668328,173.25,10976600
1765903097258,2994.25,558.35,243073024,199065600,181670368,173.25,10976600
1765903097358,2997.36,560.37,243302400,199065600,181897024,173.47,10986140
1765903097459,2997.48,560.42,243302400,199065600,181899064,173.47,10986140
1765903097560,2997.60,560.48,243302400,199065600,181901080,173.47,10986140
1765903097661,3000.92,562.41,243515392,199065600,182127552,173.69,10987487
1765903097762,3001.04,562.49,243515392,199065600,182129592,173.69,10987487
1765903097864,3005.02,564.35,243744768,199065600,182356096,173.91,10988834
1765903097964,3005.13,564.41,243761152,199065600,182358136,173.91,10988834
1765903098065,3005.24,564.45,243761152,199065600,182360152,173.91,10988834
1765903098166,3008.15,566.62,243974144,199065600,182586696,174.13,10990181
1765903098267,3008.27,566.68,243974144,199065600,182588736,174.13,10990181
1765903098369,3019.47,569.13,244203520,199065600,182882016,174.41,10999721
1765903098469,3019.56,569.18,244203520,199065600,182884056,174.41,10999721
1765903098570,3019.65,569.22,244203520,199065600,182886072,174.41,10999721
1765903098672,3022.10,571.13,244432896,199065600,183110216,174.63,11001069
1765903098772,3022.22,571.19,244432896,199065600,183112256,174.63,11001069
1765903098873,3026.08,572.92,244662272,199065600,183336432,174.84,11002417
1765903098974,3026.17,572.96,244662272,199065600,183338472,174.85,11002417
1765903099075,3028.08,573.88,244776960,199065600,183451712,174.95,11003087
1765903099177,3029.76,574.72,244875264,199065600,183564448,175.06,11003764
1765903099277,3029.88,574.77,244891648,199065600,183566488,175.06,11003764
1765903099378,3032.36,577.00,245121024,199065600,183790712,175.28,11013304
1765903099479,3032.49,577.06,245121024,199065600,183792752,175.28,11013304
1765903099580,3034.13,578.13,245235712,199065600,183906064,175.39,11013974
1765903099682,3035.01,578.64,245350400,199065600,184018816,175.49,11014651
1765903099783,3035.14,578.70,245350400,199065600,184020856,175.50,11014651
1765903099885,3038.25,580.42,245563392,199065600,184244888,175.71,11015999
1765903099986,3038.35,580.46,245563392,199065600,184246928,175.71,11015999
1765903100086,3040.95,582.35,245776384,199065600,184470864,175.93,11017345
1765903100187,3041.04,582.38,245776384,199065600,184472904,175.93,11017345
1765903100289,3041.13,582.42,245776384,199065600,184474920,175.93,11017345
1765903100388,3043.69,584.12,246005760,199065600,184699120,176.14,11026885
1765903100490,3043.76,584.15,246005760,199065600,184701160,176.14,11026885
1765903100590,3046.72,586.23,246218752,199065600,184925184,176.36,11028233
1765903100691,3046.80,586.27,246218752,199065600,184927224,176.36,11028233
1765903100792,3046.88,586.31,246218752,199065600,184929240,176.36,11028233
1765903100893,3049.41,588.21,246431744,199065600,185153216,176.58,11029581
1765903100994,3049.48,588.25,246431744,199065600,185155256,176.58,11029581
1765903101094,3096.05,592.05,247922688,200900608,179882480,171.55,10973584
1765903101195,3217.67,599.38,247824384,200114176,171461280,163.52,10973584
1765903101296,3217.78,599.40,247824384,200114176,171465592,163.52,10973584
1765903101396,3221.01,600.92,247824384,200114176,171771448,163.81,10685292
1765903101497,3221.11,600.95,247824384,200114176,171773488,163.82,10685292
1765903101597,3224.14,602.87,247824384,200114176,171999656,164.03,10686640
1765903101698,3224.21,602.90,247824384,200114176,172001696,164.03,10686640
1765903101799,3224.31,602.95,247824384,200114176,172003712,164.04,10686640
1765903101900,3228.20,604.75,247824384,200114176,172237776,164.26,10687987
1765903102002,3228.30,604.79,247824384,200114176,172239816,164.26,10687987
1765903102102,3231.42,607.31,247824384,200114176,172465896,164.48,10689333
1765903102203,3231.53,607.36,247824384,200114176,172467936,164.48,10689333
1765903102304,3231.63,607.41,247824384,200114176,172469952,164.48,10689333
1765903102405,3234.39,609.12,247824384,200114176,172696168,164.70,10698872
1765903102506,3234.50,609.16,247824384,200114176,172698208,164.70,10698872
1765903102607,3236.76,610.80,247824384,200114176,172924192,164.91,10700220
1765903102708,3236.83,610.83,247824384,200114176,172926232,164.92,10700220
1765903102809,3236.92,610.86,247824384,200114176,172928248,164.92,10700220
1765903102909,3239.17,612.40,247824384,200114176,173154264,165.13,10701568
1765903103010,3239.28,612.47,247824384,200114176,173156304,165.13,10701568
1765903103110,3243.40,614.44,247824384,200114176,173382744,165.35,10702914
1765903103211,3243.51,614.48,247824384,200114176,173384784,165.35,10702914
1765903103312,3243.62,614.54,247824384,200114176,173386800,165.35,10702914
1765903103413,3245.98,616.29,247824384,200114176,173612864,165.57,10712453
1765903103514,3246.10,616.34,247824384,200114176,173614904,165.57,10712453
1765903103615,3248.32,618.11,247824384,200114176,173840720,165.79,10713799
1765903103716,3248.39,618.13,247824384,200114176,173842760,165.79,10713799
1765903103817,3248.52,618.18,247824384,200114176,173844776,165.79,10713799
1765903103918,3251.05,619.95,247824384,200114176,174070664,166.01,10715147
1765903104019,3251.16,620.01,247824384,200114176,174072704,166.01,10715147
1765903104120,3253.77,621.93,247824384,200114176,174298552,166.22,10716495
1765903104222,3253.85,621.96,247824384,200114176,174300592,166.23,10716495
1765903104325,3255.58,623.00,247824384,200114176,174414976,166.34,10725357
1765903104425,3256.59,623.96,247824384,200114176,174535120,166.45,10726034
1765903104526,3256.69,624.00,247824384,200114176,174537160,166.45,10726034
1765903104627,3258.10,625.18,247824384,200114176,174762992,166.67,10727381
1765903104728,3258.22,625.23,247824384,200114176,174765032,166.67,10727381
1765903104829,3260.03,626.38,247824384,200114176,174982232,166.88,10728050
1765903104929,3261.11,627.08,247824384,200114176,175095896,166.98,10728727
1765903105031,3261.22,627.13,247824384,200114176,175097936,166.99,10728727
1765903105131,3267.52,629.21,247824384,200114176,175324744,167.20,10730075
1765903105232,3267.63,629.28,247824384,200114176,175326784,167.20,10730075
1765903105336,3268.84,630.35,247824384,200114176,175441248,167.31,10738938
1765903105436,3270.34,631.40,247824384,200114176,175555080,167.42,10739615
1765903105538,3270.45,631.45,247824384,200114176,175557120,167.42,10739615
1765903105638,3273.79,633.34,247824384,200114176,175783112,167.64,10740962
1765903105740,3273.93,633.40,247824384,200114176,175785152,167.64,10740962
1765903105840,3275.31,634.52,247824384,200114176,176011200,167.86,10742310
1765903105941,3275.46,634.60,247824384,200114176,176013240,167.86,10742310
1765903106043,3275.57,634.65,247824384,200114176,176015256,167.86,10742310
1765903106143,3278.99,637.09,247824384,200114176,176241536,168.08,10743657
1765903106244,3279.15,637.14,247824384,200114176,176243576,168.08,10743657
1765903106346,3282.85,638.82,247824384,200114176,176469264,168.29,10753197
1765903106446,3282.92,638.84,247824384,200114176,176471304,168.30,10753197
1765903106547,3282.99,638.88,247824384,200114176,176473320,168.30,10753197
1765903106648,3285.94,640.88,247824384,200114176,176698512,168.51,10754545
1765903106750,3286.07,640.94,247824384,200114176,176700552,168.51,10754545
1765903106850,3289.80,643.11,247824384,200114176,176925736,168.73,10755893
1765903106951,3289.87,643.14,247824384,200114176,176927776,168.73,10755893
1765903107052,3289.96,643.20,247824384,200114176,176929792,168.73,10755893
1765903107153,3292.93,644.85,247824384,200114176,177155040,168.95,10757241
1765903107255,3293.06,644.90,247824384,200114176,177157080,168.95,10757241
1765903107355,3295.98,646.75,247824384,200114176,177382496,169.17,10766780
1765903107456,3296.08,646.80,247824384,200114176,177384536,169.17,10766780
1765903107556,3296.17,646.84,247824384,200114176,177386552,169.17,10766780
1765903107657,3300.06,649.02,247824384,200114176,177611824,169.38,10768127
1765903107758,3300.15,649.06,247824384,200114176,177613864,169.39,10768127
1765903107860,3304.36,651.06,247824384,200114176,177839400,169.60,10769475
1765903107960,3304.42,651.09,247824384,200114176,177841440,169.60,10769475
1765903108061,3304.49,651.13,247824384,200114176,177843560,169.60,10769475
1765903108162,3306.89,653.13,247824384,200114176,178068776,169.82,10770823
1765903108264,3307.07,653.18,247824384,200114176,178070816,169.82,10770823
1765903108365,3310.52,655.51,247824384,200114176,178296200,170.04,10780363
1765903108465,3310.59,655.54,247824384,200114176,178298240,170.04,10780363
1765903108566,3310.68,655.59,247824384,200114176,178300256,170.04,10780363
1765903108667,3313.20,657.47,247824384,200114176,178525416,170.26,10781711
1765903108768,3313.28,657.51,247824384,200114176,178527456,170.26,10781711
1765903108869,3315.44,659.17,247824384,200114176,178752680,170.47,10783059
1765903108970,3315.54,659.21,247824384,200114176,178754720,170.47,10783059
1765903109074,3317.27,660.24,247824384,200114176,178868544,170.58,10783730
1765903109175,3321.73,661.24,247840768,200114176,172735584,164.73,10784407
1765903109276,3321.83,661.28,247840768,200114176,172737624,164.74,10784407
1765903109377,3324.46,662.75,247840768,200114176,172963048,164.95,10736603
1765903109478,3324.55,662.79,247840768,200114176,172965088,164.95,10736603
1765903109579,3330.14,664.10,247840768,200114176,173088048,165.07,10737274
1765903109679,3331.06,664.83,247840768,200114176,173201880,165.18,10737951
1765903109781,3331.17,664.88,247840768,200114176,173203920,165.18,10737951
1765903109882,3334.87,666.64,247840768,200114176,173429088,165.39,10739299
1765903109982,3334.94,666.67,247840768,200114176,173431128,165.40,10739299
1765903110082,3337.36,668.34,247840768,200114176,173656280,165.61,10740647
1765903110184,3337.48,668.43,247840768,200114176,173658320,165.61,10740647
1765903110285,3337.58,668.47,247840768,200114176,173660336,165.62,10740647
1765903110385,3346.47,670.49,247840768,200114176,173887208,165.83,10750186
1765903110487,3346.55,670.54,247840768,200114176,173889248,165.83,10750186
1765903110619,3408.38,675.47,255639552,219316224,191800336,182.92,10734473
1765903110719,3640.77,685.40,272990208,226066432,187294736,178.62,10735150
1765903110819,3809.98,689.84,274219008,226328576,193153736,184.21,10675752
1765903110920,3888.67,693.66,276316160,228425728,195755288,186.69,10679148
1765903111021,3888.78,693.71,276316160,228425728,195757328,186.69,10679148
1765903111122,3891.92,695.16,276316160,228425728,195993344,186.91,10680495
1765903111223,3892.00,695.19,276316160,228425728,195995384,186.92,10680495
1765903111324,3892.07,695.24,276316160,228425728,195997400,186.92,10680495
1765903111425,3894.20,696.77,276332544,228425728,196231976,187.14,10690035
1765903111526,3894.29,696.81,276332544,228425728,196234016,187.14,10690035
1765903111627,3898.28,698.45,276332544,228425728,196468392,187.37,10691383
1765903111728,3898.38,698.49,276299776,228425728,196470432,187.37,10691383
1765903111828,3900.13,699.48,276299776,228425728,196588840,187.48,10692052
1765903111930,3901.45,700.42,276316160,228425728,196706624,187.59,10692729
1765903112030,3901.58,700.47,276316160,228425728,196708664,187.60,10692729
1765903112131,3905.30,702.73,276316160,228425728,196942928,187.82,10694077
1765903112232,3905.44,702.77,276316160,228425728,196944968,187.82,10694077
1765903112334,3908.43,704.53,276316160,228425728,197179448,188.04,10703616
1765903112435,3908.56,704.59,276316160,228425728,197181488,188.05,10703616
1765903112536,3908.68,704.65,276316160,228425728,197183504,188.05,10703616
1765903112638,3911.86,706.64,276332544,228425728,197417744,188.27,10704962
1765903112738,3911.95,706.68,276332544,228425728,197419784,188.27,10704962
1765903112839,3918.03,708.74,276332544,228425728,197655544,188.50,10706310
1765903112940,3918.14,708.78,276332544,228425728,197657584,188.50,10706310
1765903113041,3918.24,708.83,276332544,228425728,197659600,188.50,10706310
1765903113143,3921.29,711.01,276348928,228425728,197893784,188.73,10707658
1765903113244,3921.39,711.06,276348928,228425728,197895824,188.73,10707658
1765903113345,3924.33,713.02,276348928,228425728,198130184,188.95,10717196
1765903113446,3924.43,713.07,276348928,228425728,198132224,188.95,10717196
1765903113548,3924.53,713.13,276348928,228425728,198134240,188.96,10717196
1765903113648,3928.86,714.76,276348928,228425728,198368616,189.18,10718544
1765903113748,3928.93,714.80,276348928,228425728,198370664,189.18,10718544
1765903113849,3932.63,716.54,276348928,228425728,198768944,189.56,10719891
1765903113950,3932.68,716.57,276348928,228425728,198770984,189.56,10719891
1765903114051,3932.74,716.62,276348928,228425728,198773000,189.56,10719891
1765903114152,3935.63,718.78,276348928,228425728,199007248,189.79,10721239
1765903114253,3935.74,718.82,276348928,228425728,199009288,189.79,10721239
1765903114354,3938.29,720.46,276365312,228425728,199243800,190.01,10730779
1765903114455,3938.39,720.50,276365312,228425728,199245840,190.02,10730779
1765903114556,3938.46,720.53,276365312,228425728,199247856,190.02,10730779
1765903114658,3940.93,722.22,276365312,228425728,199482008,190.24,10732127
1765903114759,3941.03,722.25,276365312,228425728,199484048,190.24,10732127
1765903114860,3943.45,723.85,276365312,228425728,199718224,190.47,10733475
1765903114961,3943.56,723.90,276365312,228425728,199720264,190.47,10733475
1765903115062,3943.68,723.95,276365312,228425728,199722280,190.47,10733475
1765903115163,3946.61,725.72,276348928,228425728,199956520,190.69,10734823
1765903115264,3946.72,725.76,276348928,228425728,199958560,190.70,10734823
1765903115366,3948.72,726.76,276234240,228425728,200192952,190.92,10744363
1765903115467,3948.81,726.80,276135936,228425728,200194992,190.92,10744363
1765903115568,3948.91,726.84,271220736,228425728,200197008,190.92,10744363
1765903115669,3950.86,728.43,271220736,228425728,200431144,191.15,10745710
1765903115770,3950.99,728.47,271220736,228425728,200433184,191.15,10745710
1765903115871,3954.61,730.29,271253504,228425728,200667320,191.37,10747057
1765903115972,3954.70,730.32,271253504,228425728,200669360,191.37,10747057
1765903116074,3956.54,731.53,271253504,228425728,200787480,191.49,10747727
1765903116176,3957.96,732.41,271253504,228425728,200905072,191.60,10748404
1765903116277,3958.09,732.46,271253504,228425728,200907112,191.60,10748404
1765903116378,3960.24,733.92,271007744,228425728,201141160,191.82,10757943
1765903116479,3960.37,733.96,271007744,228425728,201143200,191.83,10757943
1765903116580,3961.61,734.70,271007744,228425728,201261376,191.94,10758614
1765903116682,3962.30,735.25,271007744,228425728,201378984,192.05,10759291
1765903116782,3962.41,735.29,271007744,228425728,201381024,192.05,10759291
1765903116884,3967.17,736.82,271024128,228425728,201615984,192.28,10760638
1765903116985,3967.26,736.86,271024128,228425728,201618024,192.28,10760638
1765903117084,3970.45,738.63,270942208,228425728,201851808,192.50,10761986
1765903117186,3970.59,738.71,270942208,228425728,201853848,192.50,10761986
1765903117286,3970.71,738.76,270942208,228425728,201855864,192.50,10761986
1765903117387,3973.24,740.32,270942208,228425728,202089872,192.73,10771526
1765903117488,3973.35,740.36,270942208,228425728,202091912,192.73,10771526
1765903117589,3977.28,742.38,270958592,228425728,202326184,192.95,10772873
1765903117690,3977.45,742.46,270958592,228425728,202328224,192.96,10772873
1765903117792,3977.57,742.50,270958592,228425728,202330240,192.96,10772873
1765903117892,3980.38,744.26,270958592,228425728,202563984,193.18,10774221
1765903117993,3980.48,744.30,270958592,228425728,202566024,193.18,10774221
1765903118094,3983.22,746.45,270958592,228425728,202799808,193.40,10775568
1765903118196,3983.31,746.48,270958592,228425728,202801848,193.41,10775568
1765903118296,3983.53,746.55,270958592,228425728,202804712,193.41,10775568
1765903118398,3986.04,748.20,270958592,228425728,203038680,193.63,10785107
1765903118499,3986.18,748.25,270958592,228425728,203040720,193.63,10785107
1765903118600,3989.35,749.90,270974976,228425728,203274488,193.86,10786454
1765903118701,3989.43,749.94,270974976,228425728,203276528,193.86,10786454
1765903118802,3989.51,749.99,270974976,228425728,203278544,193.86,10786454
1765903118903,3993.89,752.02,270974976,228425728,203513360,194.09,10787802
1765903119004,3993.97,752.06,270974976,228425728,203515400,194.09,10787802
1765903119105,3997.61,754.04,270991360,228425728,203749168,194.31,10789150
1765903119206,3997.68,754.09,270991360,228425728,203751208,194.31,10789150
1765903119307,3997.82,754.14,270991360,228425728,203753528,194.31,10789150
1765903119408,4003.41,756.39,270991360,228425728,203989744,194.54,10798689
1765903119509,4003.49,756.43,270991360,228425728,203991784,194.54,10798689
1765903119610,4004.69,757.51,270991360,228425728,204225440,194.76,10800037
1765903119712,4004.79,757.55,270991360,228425728,204227480,194.77,10800037
1765903119812,4004.90,757.59,270991360,228425728,204229496,194.77,10800037
1765903119914,4008.07,759.56,271007744,228425728,204463120,194.99,10801385
1765903120014,4008.19,759.64,271007744,228425728,204465160,194.99,10801385
1765903120115,4010.72,761.35,271007744,228425728,204698776,195.22,10802732
1765903120216,4010.80,761.39,271007744,228425728,204700816,195.22,10802732
1765903120317,4010.89,761.43,271007744,228425728,204702832,195.22,10802732
1765903120418,4012.44,762.67,271220736,228425728,204936744,195.44,10812271
1765903120519,4012.56,762.72,271220736,228425728,204938784,195.44,10812271
1765903120620,4015.43,765.02,271482880,228425728,205360032,195.85,10813619
1765903120722,4015.55,765.08,271482880,228425728,205362072,195.85,10813619
1765903120824,4017.24,766.18,271581184,228425728,205480288,195.96,10814290
1765903120926,4018.92,767.42,271728640,228425728,205597816,196.07,10814967
1765903121026,4019.05,767.47,271728640,228425728,205599856,196.08,10814967
1765903121127,4025.61,769.68,272416768,229474304,191444608,182.58,10742586
1765903121228,4025.73,769.75,272416768,229474304,191446648,182.58,10742586
1765903121329,4027.50,770.88,272416768,229474304,191565088,182.69,10751448
1765903121430,4028.88,771.67,272416768,229474304,191682680,182.80,10752125
1765903121532,4028.99,771.73,272416768,229474304,191684720,182.80,10752125
1765903121632,4031.60,774.12,272433152,229474304,191918704,183.03,10753472
1765903121734,4031.70,774.17,272433152,229474304,191920744,183.03,10753472
1765903121833,4035.48,776.31,272433152,229474304,192154328,183.25,10754820
1765903121935,4035.61,776.38,272433152,229474304,192156368,183.25,10754820
1765903122035,4035.72,776.42,272433152,229474304,192158384,183.26,10754820
1765903122136,4038.23,777.99,272433152,229474304,192391808,183.48,10756167
1765903122237,4038.35,778.04,272433152,229474304,192393848,183.48,10756167
1765903122338,4041.62,780.21,272449536,229474304,192627512,183.70,10765706
1765903122439,4041.70,780.24,272449536,229474304,192629552,183.71,10765706
1765903122540,4041.81,780.30,272449536,229474304,192631568,183.71,10765706
1765903122641,4054.49,782.36,272465920,229474304,192866528,183.93,10767053
1765903122742,4054.59,782.42,272465920,229474304,192868568,183.93,10767053
1765903122843,4057.09,784.22,272465920,229474304,193101856,184.16,10768400
1765903122944,4057.18,784.26,272465920,229474304,193103896,184.16,10768400
1765903123046,4057.30,784.31,272465920,229474304,193105912,184.16,10768400
1765903123147,4060.16,786.38,272465920,229474304,193339272,184.38,10769747
1765903123248,4060.28,786.43,272465920,229474304,193341312,184.38,10769747
1765903123350,4062.97,788.38,272482304,229474304,193574936,184.61,10779286
1765903123451,4063.05,788.41,272482304,229474304,193576976,184.61,10779286
1765903123551,4063.14,788.45,272482304,229474304,193578992,184.61,10779286
1765903123653,4065.45,790.07,272482304,229474304,193812256,184.83,10780634
1765903123753,4065.59,790.13,272482304,229474304,193814296,184.84,10780634
1765903123855,4068.06,791.99,272482304,229474304,194048208,185.06,10781981
1765903123956,4068.15,792.03,272482304,229474304,194050248,185.06,10781981
1765903124056,4068.26,792.08,272482304,229474304,194052264,185.06,10781981
1765903124157,4071.18,794.34,272482304,229474304,194285528,185.29,10783328
1765903124259,4071.30,794.40,272482304,229474304,194287568,185.29,10783328
1765903124358,4074.26,796.37,272498688,229474304,194521144,185.51,10792868
1765903124459,4074.38,796.42,272498688,229474304,194523184,185.51,10792868
1765903124561,4074.51,796.49,272498688,229474304,194525200,185.51,10792868
1765903124662,4076.81,798.02,272498688,229474304,194758496,185.74,10794215
1765903124762,4076.93,798.08,272498688,229474304,194760536,185.74,10794215
1765903124863,4079.24,799.58,272498688,229474304,194993816,185.96,10795562
1765903124964,4079.34,799.63,272498688,229474304,194995856,185.96,10795562
1765903125066,4079.52,799.69,272498688,229474304,194997872,185.96,10795562
1765903125166,4083.10,801.64,272515072,229474304,195231032,186.19,10796909
1765903125267,4083.21,801.69,272515072,229474304,195233072,186.19,10796909
1765903125368,4087.51,803.76,272515072,229474304,195466424,186.41,10806448
1765903125468,4087.62,803.81,272515072,229474304,195468464,186.41,10806448
1765903125569,4087.75,803.87,272515072,229474304,195470480,186.42,10806448
1765903125670,4090.46,806.14,272515072,229474304,195703496,186.64,10807795
1765903125771,4090.61,806.22,272515072,229474304,195705536,186.64,10807795
1765903125873,4093.01,808.04,272531456,229474304,195938472,186.86,10809143
1765903125974,4093.13,808.09,272531456,229474304,195940512,186.86,10809143
1765903126075,4094.60,808.94,272531456,229474304,196058280,186.98,10809813
1765903126176,4095.65,809.63,272531456,229474304,196176048,187.09,10810490
1765903126277,4095.82,809.69,272531456,229474304,196178088,187.09,10810490
1765903126378,4099.25,811.91,272531456,229474304,196411424,187.31,10820030
1765903126480,4099.38,811.96,272531456,229474304,196413464,187.31,10820030
1765903126580,4100.77,813.01,272547840,229474304,196531232,187.43,10820700
1765903126682,4102.80,814.08,272547840,229474304,196648560,187.54,10821377
1765903126783,4102.92,814.12,272547840,229474304,196650600,187.54,10821377
1765903126884,4105.96,815.86,272547840,229474304,196883624,187.76,10822725
1765903126985,4106.13,815.91,272547840,229474304,196885664,187.76,10822725
1765903127085,4109.90,817.96,272547840,229474304,197118704,187.99,10824073
1765903127186,4110.04,818.00,272547840,229474304,197120744,187.99,10824073
1765903127288,4110.18,818.07,272547840,229474304,197122760,187.99,10824073
1765903127388,4112.89,819.63,272564224,229474304,197355936,188.21,10833612
1765903127490,4113.00,819.67,272564224,229474304,197357976,188.22,10833612
1765903127590,4115.61,821.28,272564224,229474304,197590936,188.44,10834958
1765903127691,4115.74,821.33,272564224,229474304,197592976,188.44,10834958
1765903127792,4115.85,821.39,272564224,229474304,197594992,188.44,10834958
1765903127893,4119.07,823.73,272564224,229474304,197827920,188.66,10836305
1765903127994,4119.20,823.79,272564224,229474304,197829960,188.67,10836305
1765903128095,4125.33,825.81,272596992,229474304,198085304,188.91,10837652
1765903128197,4125.45,825.85,272596992,229474304,198087344,188.91,10837652
1765903128297,4125.56,825.89,272596992,229474304,198089360,188.91,10837652
1765903128398,4128.28,828.01,272728064,229474304,198322536,189.14,10847191
1765903128499,4128.42,828.06,272728064,229474304,198324576,189.14,10847191
1765903128600,4131.84,830.08,272728064,229474304,198557520,189.36,10848538
1765903128701,4131.94,830.12,272728064,229474304,198559560,189.36,10848538
1765903128802,4132.07,830.18,272728064,229474304,198561576,189.36,10848538
1765903128903,4141.63,832.50,272744448,229474304,199042552,189.82,10849886
1765903129004,4141.74,832.55,272744448,229474304,199044592,189.82,10849886
1765903129105,4144.69,834.39,272744448,229474304,199276072,190.04,10851234
1765903129207,4144.79,834.44,272744448,229474304,199278112,190.05,10851234
1765903129307,4144.90,834.49,272744448,229474304,199280128,190.05,10851234
1765903129408,4148.26,836.75,272744448,229474304,199511920,190.27,10860773
1765903129510,4148.37,836.81,272744448,229474304,199513960,190.27,10860773
1765903129610,4151.71,838.98,272760832,229474304,199745432,190.49,10862121
1765903129711,4151.80,839.03,272760832,229474304,199747472,190.49,10862121
1765903129812,4151.92,839.09,272760832,229474304,199749488,190.50,10862121
1765903129913,4154.65,840.70,272760832,229474304,199980960,190.72,10863468
1765903130014,4154.77,840.75,272760832,229474304,199983000,190.72,10863468
1765903130114,4156.93,842.43,272760832,229474304,200214544,190.94,10864816
1765903130216,4157.03,842.46,272760832,229474304,200216584,190.94,10864816
1765903130316,4157.15,842.51,272760832,229474304,200218600,190.94,10864816
1765903130417,4159.63,844.17,272777216,229474304,200450328,191.16,10874355
1765903130518,4159.74,844.22,272777216,229474304,200452368,191.17,10874355
1765903130619,4162.62,846.66,272941056,229474304,200683952,191.39,10875702
1765903130720,4162.73,846.71,272941056,229474304,200685992,191.39,10875702
1765903130825,4165.31,847.63,272957440,229474304,200803032,191.50,10876373
1765903130926,4166.52,848.43,272973824,229474304,200919488,191.61,10877050
1765903131027,4166.65,848.48,272973824,229474304,200921528,191.61,10877050
1765903131128,4174.46,850.31,272973824,229474304,201155240,191.84,10878397
1765903131229,4174.58,850.36,272973824,229474304,201157280,191.84,10878397
1765903131330,4176.39,851.45,272973824,229474304,201274544,191.95,10887259
1765903131431,4186.55,852.23,273055744,229474304,201392224,192.06,10887936
1765903131531,4186.64,852.28,273055744,229474304,201394264,192.06,10887936
1765903131633,4190.12,854.74,273072128,229474304,201621096,192.28,10889283
1765903131733,4190.23,854.80,273072128,229474304,201623136,192.28,10889283
1765903131834,4193.63,856.72,273121280,229474304,201850120,192.50,10890631
1765903131935,4193.76,856.79,273121280,229474304,201852160,192.50,10890631
1765903132037,4193.89,856.86,273121280,229474304,201854176,192.50,10890631
1765903132137,4196.32,858.46,273137664,229474304,202081040,192.72,10891977
1765903132239,4196.48,858.51,273137664,229474304,202083080,192.72,10891977
1765903132339,4198.98,860.38,273137664,229474304,202310088,192.94,10901517
1765903132440,4199.10,860.42,273137664,229474304,202312128,192.94,10901517
1765903132541,4199.23,860.48,273137664,229474304,202314144,192.94,10901517
1765903132642,4202.25,862.49,273186816,229474304,202541096,193.16,10902865
1765903132744,4202.37,862.54,273186816,229474304,202543136,193.16,10902865
1765903132844,4205.35,864.41,273219584,229474304,202770000,193.38,10904212
1765903132945,4205.46,864.45,273219584,229474304,202772040,193.38,10904212
1765903133046,4205.58,864.49,273219584,229474304,202774056,193.38,10904212
1765903133147,4208.37,866.60,273219584,229474304,203000896,193.60,10905559
1765903133249,4208.48,866.65,273219584,229474304,203002936,193.60,10905559
1765903133350,4210.75,868.57,273219584,229474304,203229976,193.82,10915098
1765903133451,4210.83,868.61,273219584,229474304,203232016,193.82,10915098
1765903133552,4210.92,868.65,273219584,229474304,203234032,193.82,10915098
1765903133653,4213.67,870.40,273235968,229474304,203460848,194.04,10916445
1765903133754,4213.80,870.45,273235968,229474304,203462888,194.04,10916445
1765903133854,4216.04,872.04,273235968,229474304,203689688,194.25,10917792
1765903133955,4216.15,872.08,273235968,229474304,203691728,194.26,10917792
1765903134056,4216.31,872.15,273235968,229474304,203693744,194.26,10917792
1765903134158,4221.93,874.72,273268736,229474304,203921664,194.47,10919140
1765903134259,4222.06,874.78,273268736,229474304,203923704,194.48,10919140
1765903134360,4224.74,876.88,273285120,229474304,204150712,194.69,10928680
1765903134461,4224.87,876.96,273285120,229474304,204152752,194.70,10928680
1765903134562,4224.99,877.02,273285120,229474304,204154768,194.70,10928680
1765903134664,4227.62,878.85,273301504,229474304,204381552,194.91,10930028
1765903134764,4227.74,878.92,273301504,229474304,204383592,194.92,10930028
1765903134866,4233.77,881.37,273317888,229474304,204612088,195.13,10931375
1765903134966,4233.91,881.41,273317888,229474304,204614128,195.14,10931375
1765903135067,4234.10,881.54,273317888,229474304,204616144,195.14,10931375
1765903135168,4236.79,883.14,273317888,229474304,204843024,195.35,10932722
1765903135269,4236.92,883.23,273317888,229474304,204845064,195.36,10932722
1765903135370,4239.19,885.09,273317888,229474304,205072080,195.57,10942262
1765903135471,4239.32,885.14,273317888,229474304,205074120,195.57,10942262
1765903135575,4241.07,886.36,273334272,229474304,205188760,195.68,10942933
1765903135676,4243.28,887.23,273350656,229474304,205302872,195.79,10943610
1765903135777,4243.40,887.29,273350656,229474304,205304912,195.79,10943610
1765903135878,4250.45,893.57,247300096,202473472,193770288,184.79,10944958
1765903135980,4250.57,893.62,247300096,202473472,193772328,184.80,10944958
1765903136080,4252.20,894.72,247300096,202473472,193887976,184.91,10822748
1765903136181,4252.92,895.42,247316480,202473472,194020016,185.03,10823425
1765903136283,4253.06,895.49,247316480,202473472,194022056,185.03,10823425
1765903136384,4255.44,896.81,247316480,202473472,194250704,185.25,10832965
1765903136484,4255.57,896.87,247316480,202473472,194252744,185.25,10832965
1765903136584,4257.84,898.48,247316480,202473472,194481168,185.47,10834312
1765903136685,4257.99,898.54,247316480,202473472,194483208,185.47,10834312
1765903136786,4258.13,898.60,247316480,202473472,194485224,185.48,10834312
1765903136888,4260.80,900.63,247316480,202473472,194713648,185.69,10835659
1765903136988,4260.93,900.70,247316480,202473472,194715688,185.70,10835659
1765903137088,4264.13,902.92,247316480,202473472,195069040,186.03,10837007
1765903137189,4264.21,902.99,247316480,202473472,195071080,186.03,10837007
1765903137291,4264.31,903.05,247316480,202473472,195073096,186.04,10837007
1765903137391,4267.07,904.89,247332864,202473472,195301944,186.25,10846546
1765903137493,4267.21,904.95,247332864,202473472,195303984,186.26,10846546
1765903137593,4271.83,906.65,247332864,202473472,195532608,186.47,10847894
1765903137694,4271.95,906.70,247332864,202473472,195534648,186.48,10847894
1765903137795,4272.08,906.76,247332864,202473472,195536664,186.48,10847894
1765903137897,4274.23,908.23,247332864,202473472,195765080,186.70,10849242
1765903137997,4274.41,908.30,247332864,202473472,195767120,186.70,10849242
1765903138098,4278.94,910.27,247349248,202473472,195996168,186.92,10850589
1765903138199,4279.02,910.31,247349248,202473472,195998208,186.92,10850589
1765903138300,4279.11,910.35,247349248,202473472,196000224,186.92,10850589
1765903138401,4283.45,912.56,247349248,202473472,196228960,187.14,10860129
1765903138502,4283.55,912.63,247349248,202473472,196231000,187.14,10860129
1765903138604,4290.87,916.74,251019264,219512832,194260448,185.26,10836901
1765903138705,4290.99,916.79,251019264,219512832,194262488,185.26,10836901
1765903138805,4291.10,916.84,251019264,219512832,194264504,185.27,10836901
1765903138906,4293.66,918.47,251232256,219512832,194492312,185.48,10838249
1765903139007,4293.76,918.53,251232256,219512832,194494352,185.48,10838249
1765903139108,4296.20,920.29,251478016,219512832,194722160,185.70,10839596
1765903139209,4296.31,920.35,251478016,219512832,194724200,185.70,10839596
1765903139310,4296.43,920.40,251478016,219512832,194726216,185.71,10839596
1765903139411,4298.99,922.12,251691008,219512832,194954336,185.92,10849136
1765903139512,4299.17,922.19,251691008,219512832,194956376,185.92,10849136
1765903139613,4302.45,924.60,251920384,219512832,195184184,186.14,10850484
1765903139714,4302.54,924.64,251920384,219512832,195186224,186.14,10850484
1765903139815,4302.69,924.71,251936768,219512832,195188240,186.15,10850484
1765903139916,4305.26,927.02,252149760,219512832,195416048,186.36,10851832
1765903140017,4305.37,927.07,252149760,219512832,195418088,186.37,10851832
1765903140118,4308.19,929.11,252379136,219512832,195645896,186.58,10853179
1765903140219,4308.30,929.16,252379136,219512832,195647936,186.58,10853179
1765903140320,4308.39,929.21,252379136,219512832,195649952,186.59,10853179
1765903140421,4310.93,931.14,252608512,219512832,195877984,186.80,10862718
1765903140522,4311.05,931.22,252608512,219512832,195880024,186.81,10862718
1765903140623,4315.01,933.79,252837888,219512832,196107848,187.02,10864066
1765903140724,4315.10,933.84,252837888,219512832,196109888,187.02,10864066
1765903140824,4316.69,934.87,252936192,219512832,196225488,187.14,10864737
1765903140925,4319.30,935.82,253050880,219512832,196340112,187.24,10865414
1765903141027,4319.43,935.90,253050880,219512832,196342152,187.25,10865414
1765903141128,4321.82,937.65,253280256,219512832,196570040,187.46,10866761
1765903141228,4321.99,937.72,253280256,219512832,196572080,187.47,10866761
1765903141328,4323.99,938.87,253394944,219512832,196687512,187.58,10875623
1765903141429,4324.84,939.59,253509632,219512832,196802200,187.69,10876300
1765903141530,4325.01,939.66,253509632,219512832,196804240,187.69,10876300
1765903141631,4327.83,941.47,253722624,219512832,197032160,187.90,10877648
1765903141732,4327.92,941.51,253722624,219512832,197034200,187.91,10877648
1765903141834,4335.76,943.70,253935616,219512832,197294872,188.16,10878996
1765903141936,4335.93,943.77,253952000,219512832,197296912,188.16,10878996
1765903142036,4339.38,943.83,253952000,219512832,197300016,188.16,10878996
1765903142137,4342.19,945.74,254181376,219512832,197527256,188.38,10880344
1765903142238,4342.30,945.79,254181376,219512832,197528792,188.38,10880344
1765903142339,4349.54,947.84,254410752,219512832,197756800,188.60,10889884
1765903142440,4349.64,947.88,254410752,219512832,197758336,188.60,10889884
1765903142542,4349.79,947.95,254410752,219512832,197759848,188.60,10889884
1765903142644,4352.44,950.27,254623744,219512832,197987040,188.82,10891232
1765903142746,4352.59,950.34,254623744,219512832,197988576,188.82,10891232
1765903142848,4358.77,952.38,254853120,219512832,198317784,189.13,10892579
1765903142950,4358.84,952.42,254869504,219512832,198319320,189.13,10892579
1765903143052,4358.94,952.48,254869504,219512832,198320832,189.13,10892579
1765903143154,4361.69,954.70,255082496,219512832,198547912,189.35,10893926
1765903143256,4361.84,954.76,255082496,219512832,198549448,189.35,10893926
1765903143356,4364.76,956.30,255295488,219512832,198776696,189.57,10903466
1765903143458,4364.86,956.36,255295488,219512832,198778232,189.57,10903466
1765903143561,4364.99,956.43,255295488,219512832,198779744,189.57,10903466
1765903143663,4367.64,958.35,255524864,219512832,199006744,189.79,10904813
1765903143764,4367.77,958.42,255524864,219512832,199008280,189.79,10904813
1765903143867,4372.26,960.04,255754240,219512832,199235520,190.01,10906161
1765903143968,4372.40,960.09,255754240,219512832,199237056,190.01,10906161
1765903144070,4372.59,960.22,255754240,219512832,199238568,190.01,10906161
1765903144172,4375.14,962.37,255983616,219512832,199465592,190.23,10907508
1765903144274,4375.28,962.44,255983616,219512832,199467128,190.23,10907508
1765903144376,4377.66,964.18,256196608,219512832,199694368,190.44,10917048
1765903144478,4377.74,964.22,256196608,219512832,199695904,190.44,10917048
1765903144581,4377.84,964.28,256196608,219512832,199697416,190.45,10917048
1765903144682,4383.47,965.70,256425984,219512832,199925744,190.66,10918395
1765903144785,4383.55,965.74,256425984,219512832,199927280,190.67,10918395
1765903144886,4386.00,967.37,256655360,219512832,200154272,190.88,10919742
1765903144987,4386.09,967.41,256671744,219512832,200155792,190.88,10919742
1765903145088,4388.42,968.82,256884736,219512832,200382784,191.10,10921090
1765903145190,4388.51,968.86,256884736,219512832,200384320,191.10,10921090
1765903145292,4388.62,968.91,256884736,219512832,200385832,191.10,10921090
1765903145392,4393.94,970.05,257114112,219512832,200614224,191.32,10930629
1765903145494,4394.08,970.15,257114112,219512832,200615760,191.32,10930629
1765903145596,4396.12,972.08,257327104,219512832,200842624,191.54,10931976
1765903145698,4396.20,972.13,257327104,219512832,200844160,191.54,10931976
1765903145800,4396.29,972.17,257327104,219512832,200845672,191.54,10931976
1765903145902,4398.94,973.92,257556480,219512832,201072480,191.76,10933323
1765903146005,4399.05,973.99,257556480,219512832,201074016,191.76,10933323
1765903146105,4401.59,975.98,257785856,219512832,201300816,191.98,10934670
1765903146207,4401.66,976.02,257785856,219512832,201302352,191.98,10934670
1765903146309,4401.74,976.07,257785856,219512832,201303864,191.98,10934670
1765903146411,4404.77,978.11,257998848,219512832,201530936,192.19,10944209
1765903146514,4404.89,978.20,257998848,219512832,201532472,192.20,10944209
1765903146615,4406.89,979.96,258211840,219512832,201759272,192.41,10945557
1765903146717,4406.98,980.00,258211840,219512832,201760808,192.41,10945557
1765903146819,4407.14,980.07,258211840,219512832,201762320,192.42,10945557
1765903146919,4409.23,982.04,258441216,219512832,202209512,192.84,10946905
1765903147021,4409.33,982.10,258441216,219512832,202211048,192.84,10946905
1765903147123,4411.69,984.20,258670592,219512832,202437848,193.06,10948253
1765903147224,4411.79,984.27,258670592,219512832,202439384,193.06,10948253
1765903147326,4414.13,985.45,258785280,219512832,202554048,193.17,10957115
1765903147427,4414.95,985.97,258899968,219512832,202667912,193.28,10957792
1765903147529,4415.10,986.04,258899968,219512832,202669448,193.28,10957792
1765903147630,4417.54,988.07,259129344,219512832,202896264,193.50,10959138
1765903147732,4417.70,988.22,259129344,219512832,202897800,193.50,10959138
1765903147832,4423.15,992.18,259653632,220561408,196059656,186.98,10886757
1765903147934,4423.24,992.23,259653632,220561408,196061192,186.98,10886757
1765903148037,4423.35,992.29,259653632,220561408,196062704,186.98,10886757
1765903148138,4425.73,993.99,259653632,220561408,196289544,187.20,10888104
1765903148240,4426.66,994.32,259653632,220561408,196306544,187.21,10888108
1765903148342,4429.43,996.15,259653632,220561408,196533712,187.43,10897646
1765903148442,4429.53,996.19,259653632,220561408,196535248,187.43,10897646
1765903148545,4429.65,996.25,259653632,220561408,196536760,187.43,10897646
1765903148646,4432.42,998.36,259670016,220561408,196763624,187.65,10898994
1765903148748,4432.58,998.41,259670016,220561408,196765160,187.65,10898994
1765903148850,4445.19,1000.49,259686400,220561408,197002216,187.88,10900342
1765903148950,4445.26,1000.52,259686400,220561408,197003752,187.88,10900342
1765903149052,4445.36,1000.58,259686400,220561408,197005264,187.88,10900342
1765903149154,4447.96,1002.50,259686400,220561408,197227080,188.09,10901689
1765903149257,4448.36,1002.63,259686400,220561408,197243688,188.11,10901693
1765903149358,4450.89,1004.61,259686400,220561408,197465760,188.32,10911232
1765903149459,4450.99,1004.66,259686400,220561408,197467296,188.32,10911232
1765903149561,4451.09,1004.72,259686400,220561408,197468808,188.32,10911232
1765903149663,4453.49,1006.62,259702784,220561408,197690576,188.53,10912579
1765903149765,4453.60,1006.67,259702784,220561408,197692112,188.53,10912579
1765903149867,4456.26,1008.31,259702784,220561408,197913888,188.75,10913926
1765903149969,4456.33,1008.35,259702784,220561408,197915424,188.75,10913926
1765903150071,4456.41,1008.40,259702784,220561408,197916936,188.75,10913926
1765903150174,4458.63,1009.99,259702784,220561408,198138824,188.96,10915273
1765903150275,4458.74,1010.05,259702784,220561408,198140360,188.96,10915273
1765903150377,4461.38,1012.29,259719168,220561408,198362976,189.17,10924813
1765903150479,4461.50,1012.35,259719168,220561408,198364512,189.18,10924813
1765903150580,4466.18,1013.63,259719168,220561408,198477152,189.28,10925483
1765903150682,4467.21,1014.44,259719168,220561408,198588648,189.39,10926160
1765903150785,4467.39,1014.52,259719168,220561408,198590184,189.39,10926160
1765903150885,4469.69,1016.32,259735552,220561408,198812016,189.60,10927507
1765903150987,4469.82,1016.39,259735552,220561408,198813552,189.60,10927507
1765903151088,4472.54,1017.93,259735552,220561408,199035328,189.81,10928855
1765903151189,4472.63,1017.96,259735552,220561408,199036864,189.82,10928855
1765903151291,4472.74,1018.01,259735552,220561408,199038376,189.82,10928855
1765903151393,4485.18,1020.10,259751936,220561408,199261592,190.03,10938394
1765903151496,4485.28,1020.17,259751936,220561408,199263128,190.03,10938394
1765903151597,4488.57,1022.19,259981312,220561408,199485040,190.24,10939741
1765903151699,4488.64,1022.23,259981312,220561408,199486576,190.25,10939741
1765903151802,4488.78,1022.28,259981312,220561408,199488088,190.25,10939741
1765903151903,4491.13,1024.09,260210688,220561408,199709880,190.46,10941087
1765903152005,4491.26,1024.15,260210688,220561408,199711416,190.46,10941087
1765903152107,4493.54,1025.91,260423680,220561408,199933096,190.67,10942435
1765903152209,4493.65,1025.96,260423680,220561408,199934632,190.67,10942435
1765903152312,4493.75,1026.03,260423680,220561408,199936144,190.67,10942435
1765903152413,4496.17,1028.10,260636672,220561408,200158064,190.89,10951974
1765903152516,4496.28,1028.16,260636672,220561408,200159600,190.89,10951974
1765903152617,4500.65,1030.61,260866048,220561408,200381888,191.10,10953321
1765903152719,4500.77,1030.65,260866048,220561408,200383424,191.10,10953321
1765903152820,4500.86,1030.70,260866048,220561408,200384936,191.10,10953321
1765903152921,4503.59,1032.89,261079040,220561408,200606608,191.31,10954669
1765903153023,4503.71,1032.93,261079040,220561408,200608144,191.31,10954669
1765903153125,4506.25,1034.90,261357568,220561408,201078552,191.76,10956016
1765903153227,4506.34,1034.97,261373952,220561408,201080088,191.76,10956016
1765903153328,4507.01,1035.51,261488640,220561408,201192200,191.87,10964879
1765903153430,4507.67,1036.04,261603328,220561408,201303504,191.98,10965556
1765903153532,4507.73,1036.07,261603328,220561408,201305040,191.98,10965556
1765903153634,4508.91,1037.13,261816320,220561408,201526768,192.19,10966903
1765903153737,4509.04,1037.18,261816320,220561408,201528304,192.19,10966903
1765903153837,4511.66,1039.07,262029312,220561408,201750536,192.40,10968250
1765903153939,4511.79,1039.10,262029312,220561408,201752072,192.41,10968250
1765903154042,4511.89,1039.15,262029312,220561408,201753584,192.41,10968250
1765903154144,4514.58,1041.02,262258688,220561408,201975320,192.62,10969598
1765903154245,4514.71,1041.10,262258688,220561408,201976856,192.62,10969598
1765903154347,4517.15,1042.90,262471680,220561408,202198840,192.83,10979138
1765903154450,4517.24,1042.94,262471680,220561408,202200376,192.83,10979138
1765903154551,4517.34,1042.99,262471680,220561408,202201888,192.83,10979138
1765903154652,4519.97,1045.36,262684672,220561408,202423624,193.05,10980485
1765903154754,4520.10,1045.44,262684672,220561408,202425160,193.05,10980485
1765903154856,4522.95,1047.27,262914048,220561408,202646968,193.26,10981832
1765903154958,4523.06,1047.32,262914048,220561408,202648504,193.26,10981832
1765903155060,4523.23,1047.42,262914048,220561408,202650016,193.26,10981832
1765903155162,4525.84,1049.13,263127040,220561408,202871792,193.47,10983180
1765903155264,4525.97,1049.18,263127040,220561408,202873328,193.48,10983180
1765903155366,4528.04,1050.65,263340032,220561408,203095208,193.69,10992718
1765903155468,4528.11,1050.68,263340032,220561408,203096744,193.69,10992718
1765903155570,4528.20,1050.74,263356416,220561408,203098256,193.69,10992718
1765903155672,4530.99,1052.91,263569408,220561408,203319976,193.90,10994065
1765903155771,4532.56,1052.99,263569408,220561408,203322760,193.90,10994065
1765903155873,4534.84,1054.51,263782400,220561408,203544448,194.12,10995412
1765903155975,4534.94,1054.56,263782400,220561408,203545984,194.12,10995412
1765903156076,4536.37,1055.47,263913472,220561408,203658336,194.22,10996082
1765903156178,4540.44,1059.66,249692160,204832768,197386776,188.24,10996759
1765903156280,4540.57,1059.71,249692160,204832768,197388312,188.24,10996759
1765903156381,4543.00,1061.74,249708544,204832768,197610192,188.46,10940753
1765903156484,4543.09,1061.77,249708544,204832768,197611728,188.46,10940753
1765903156584,4545.52,1063.49,249708544,204832768,197833384,188.67,10942101
1765903156685,4545.62,1063.55,249708544,204832768,197834920,188.67,10942101
1765903156787,4545.78,1063.60,249708544,204832768,197836432,188.67,10942101
1765903156888,4548.59,1065.51,249708544,204832768,198058144,188.88,10943448
1765903156990,4548.68,1065.56,249708544,204832768,198059680,188.88,10943448
1765903157091,4552.60,1067.57,249724928,204832768,198282976,189.10,10944796
1765903157193,4552.66,1067.60,249724928,204832768,198284512,189.10,10944796
1765903157295,4552.73,1067.65,249724928,204832768,198286024,189.10,10944796
1765903157398,4574.93,1070.08,249790464,205094912,198726192,189.52,10954336
1765903157500,4575.07,1070.15,249790464,205094912,198727728,189.52,10954336
1765903157602,4578.49,1072.29,249806848,205094912,198950656,189.73,10955682
1765903157704,4578.62,1072.35,249806848,205094912,198952192,189.74,10955682
1765903157806,4578.75,1072.51,249806848,205094912,198953704,189.74,10955682
1765903157909,4583.69,1076.33,252035072,215056384,197920152,188.75,10940645
1765903158010,4583.81,1076.40,252035072,215056384,197921688,188.75,10940645
1765903158112,4590.64,1078.52,252248064,215056384,198145464,188.97,10941993
1765903158215,4590.85,1078.61,252280832,215056384,198147000,188.97,10941993
1765903158316,4591.95,1078.73,252280832,215056384,198148736,188.97,10941993
1765903158418,4594.59,1080.78,252493824,215056384,198372112,189.18,10951533
1765903158520,4594.69,1080.84,252493824,215056384,198373648,189.18,10951533
1765903158622,4597.15,1082.66,252706816,215056384,198596872,189.40,10952881
1765903158724,4597.24,1082.71,252706816,215056384,198598408,189.40,10952881
1765903158825,4600.71,1084.12,252805120,215056384,198711080,189.51,10953551
1765903158927,4606.58,1085.21,252936192,215056384,198825872,189.62,10954228
1765903159028,4606.72,1085.27,252936192,215056384,198827408,189.62,10954228
1765903159131,4609.41,1087.23,253149184,215056384,199049896,189.83,10955576
1765903159231,4609.53,1087.28,253149184,215056384,199051432,189.83,10955576
1765903159332,4611.93,1089.13,253378560,215056384,199274000,190.04,10965115
1765903159434,4612.02,1089.20,253378560,215056384,199275536,190.04,10965115
1765903159537,4612.13,1089.26,253378560,215056384,199277048,190.05,10965115
1765903159638,4614.37,1090.87,253591552,215056384,199499448,190.26,10966462
1765903159740,4614.47,1090.94,253591552,215056384,199500984,190.26,10966462
1765903159843,4629.98,1093.38,253837312,215056384,199725800,190.47,10967809
1765903159945,4630.06,1093.42,253837312,215056384,199727336,190.47,10967809
1765903160046,4630.17,1093.46,253837312,215056384,199728848,190.48,10967809
1765903160149,4632.53,1095.64,254083072,215056384,199951248,190.69,10969157
1765903160250,4632.62,1095.69,254083072,215056384,199952784,190.69,10969157
1765903160352,4634.99,1097.39,254279680,215056384,200175376,190.90,10978695
1765903160454,4635.11,1097.45,254296064,215056384,200176912,190.90,10978695
1765903160555,4635.23,1097.51,254296064,215056384,200178424,190.91,10978695
1765903160656,4636.79,1098.83,254525440,215056384,200400856,191.12,10980042
1765903160756,4636.89,1098.89,254525440,215056384,200402392,191.12,10980042
1765903160859,4639.73,1100.91,254722048,215056384,200684744,191.39,10981389
1765903160961,4639.83,1100.99,254738432,215056384,200686280,191.39,10981389
1765903161063,4639.99,1101.05,254738432,215056384,200687792,191.39,10981389
1765903161165,4642.61,1103.37,254935040,215056384,200910208,191.60,10982736
1765903161268,4642.75,1103.43,254951424,215056384,200911744,191.60,10982736
1765903161369,4645.26,1105.45,255164416,215056384,201134360,191.82,10992275
1765903161471,4645.42,1105.51,255180800,215056384,201135896,191.82,10992275
1765903161572,4645.60,1105.63,255180800,215056384,201137408,191.82,10992275
1765903161674,4648.67,1107.56,255377408,215056384,201359832,192.03,10993622
1765903161776,4648.78,1107.63,255393792,215056384,201361368,192.03,10993622
1765903161878,4651.31,1109.41,255590400,215056384,201583880,192.25,10994969
1765903161980,4651.48,1109.50,255606784,215056384,201585416,192.25,10994969
1765903162082,4653.94,1111.68,255836160,215056384,201807800,192.46,10996316
1765903162184,4654.04,1111.76,255836160,215056384,201809336,192.46,10996316
1765903162286,4654.14,1111.81,255836160,215056384,201810848,192.46,10996316
1765903162388,4657.15,1113.77,256049152,215056384,202033720,192.67,11005856
1765903162490,4657.25,1113.82,256049152,215056384,202035256,192.68,11005856
1765903162592,4659.31,1115.70,256278528,215056384,202257680,192.89,11007203
1765903162693,4659.40,1115.75,256278528,215056384,202259216,192.89,11007203
1765903162795,4659.49,1115.80,256278528,215056384,202260728,192.89,11007203
1765903162897,4668.43,1118.03,256491520,215056384,202484104,193.10,11008551
1765903162999,4668.58,1118.11,256491520,215056384,202485640,193.11,11008551
1765903163101,4670.96,1120.28,256704512,215056384,202809240,193.41,11009899
1765903163203,4671.06,1120.34,256704512,215056384,202810776,193.42,11009899
1765903163305,4671.15,1120.39,256704512,215056384,202812288,193.42,11009899
1765903163406,4676.39,1122.99,257196032,215318528,198767784,189.56,11019438
1765903163508,4676.50,1123.05,257196032,215318528,198769320,189.56,11019438
1765903163610,4684.93,1124.96,257212416,215318528,198993024,189.77,10971634
1765903163712,4685.02,1125.02,257212416,215318528,198994560,189.78,10971634
1765903163815,4685.17,1125.08,257212416,215318528,198996072,189.78,10971634
1765903163916,4687.38,1126.89,257212416,215318528,199217192,189.99,10972982
1765903164018,4687.48,1126.94,257212416,215318528,199218728,189.99,10972982
1765903164120,4692.70,1129.25,257228800,215318528,199440008,190.20,10974330
1765903164220,4692.78,1129.30,257228800,215318528,199441544,190.20,10974330
1765903164323,4694.44,1130.52,257228800,215318528,199553152,190.31,10983192
1765903164425,4695.15,1131.14,257228800,215318528,199664056,190.41,10983869
1765903164527,4695.26,1131.19,257228800,215318528,199665592,190.42,10983869
1765903164630,4697.99,1133.42,257228800,215318528,199886376,190.63,10985215
1765903164731,4698.15,1133.48,257228800,215318528,199887912,190.63,10985215
1765903164832,4700.44,1135.03,257245184,215318528,200108672,190.84,10986562
1765903164933,4700.58,1135.12,257245184,215318528,200110208,190.84,10986562
1765903165034,4700.73,1135.19,257245184,215318528,200111720,190.84,10986562
1765903165137,4703.37,1137.00,257245184,215318528,200332496,191.05,10987909
1765903165238,4703.50,1137.06,257245184,215318528,200334032,191.05,10987909
1765903165338,4706.28,1138.80,257245184,215318528,200555072,191.26,10997449
1765903165440,4706.39,1138.85,257245184,215318528,200556608,191.27,10997449
1765903165542,4706.53,1138.91,257245184,215318528,200558120,191.27,10997449
1765903165644,4726.90,1141.53,257458176,215318528,200782872,191.48,10998796
1765903165746,4727.00,1141.59,257458176,215318528,200784376,191.48,10998796
1765903165848,4729.94,1143.34,257703936,215318528,201004936,191.69,11000143
1765903165950,4730.00,1143.38,257703936,215318528,201006440,191.69,11000143
1765903166053,4730.11,1143.44,257703936,215318528,201007920,191.70,11000143
1765903166154,4732.49,1145.45,257900544,215318528,201270408,191.95,11001490
1765903166256,4732.61,1145.51,257916928,215318528,201271912,191.95,11001490
1765903166358,4735.48,1147.55,258113536,215318528,201492544,192.16,11011029
1765903166460,4735.58,1147.63,258113536,215318528,201494048,192.16,11011029
1765903166562,4735.69,1147.69,258113536,215318528,201495528,192.16,11011029
1765903166664,4738.38,1150.03,258342912,215318528,201715960,192.37,11012377
1765903166766,4738.50,1150.08,258342912,215318528,201717464,192.37,11012377
1765903166868,4741.06,1152.02,258572288,215318528,201937936,192.58,11013725
1765903166970,4741.18,1152.08,258572288,215318528,201939440,192.58,11013725
1765903167071,4741.29,1152.14,258572288,215318528,201940920,192.59,11013725
1765903167173,4743.61,1154.10,258785280,215318528,202161584,192.80,11015072
1765903167275,4743.72,1154.17,258785280,215318528,202163088,192.80,11015072
1765903167377,4746.38,1155.96,258998272,215318528,202383728,193.01,11024611
1765903167479,4746.49,1156.03,259014656,215318528,202385232,193.01,11024611
1765903167580,4747.96,1157.13,259112960,215318528,202496672,193.12,11025282
1765903167682,4748.74,1157.80,259211264,215318528,202607328,193.22,11025959
1765903167784,4748.83,1157.85,259211264,215318528,202608832,193.22,11025959
1765903167886,4753.95,1159.50,259424256,215318528,202971984,193.57,11027306
1765903167988,4754.03,1159.55,259424256,215318528,202973488,193.57,11027306
1765903168089,4758.95,1162.53,260423680,216629248,199708056,190.46,10995884
1765903168192,4759.02,1162.59,260423680,216629248,199709560,190.46,10995884
1765903168291,4759.09,1162.65,260423680,216629248,199711040,190.46,10995884
1765903168393,4762.25,1164.39,260440064,216629248,199953696,190.69,11005423
1765903168495,4762.44,1164.48,260440064,216629248,199955200,190.69,11005423
1765903168597,4765.06,1166.43,260456448,216629248,200175424,190.90,11006770
1765903168699,4765.15,1166.47,260456448,216629248,200176928,190.90,11006770
1765903168801,4765.25,1166.52,260456448,216629248,200178408,190.91,11006770
1765903168901,4767.74,1168.43,260472832,216629248,200398648,191.12,11008118
1765903169004,4767.83,1168.47,260472832,216629248,200400152,191.12,11008118
1765903169105,4770.67,1170.38,260472832,216629248,200620400,191.33,11009465
1765903169207,4770.77,1170.45,260472832,216629248,200621904,191.33,11009465
1765903169310,4770.87,1170.52,260472832,216629248,200623384,191.33,11009465
1765903169411,4773.21,1172.12,260472832,216629248,200843824,191.54,11019005
1765903169513,4773.32,1172.17,260472832,216629248,200845328,191.54,11019005
1765903169615,4775.36,1174.25,260489216,216629248,201065544,191.75,11020352
1765903169717,4775.47,1174.29,260489216,216629248,201067048,191.75,11020352
1765903169820,4775.64,1174.41,260489216,216629248,201068528,191.75,11020352
1765903169921,4777.83,1176.29,260489216,216629248,201288792,191.96,11021700
1765903170023,4777.96,1176.34,260489216,216629248,201290296,191.97,11021700
1765903170125,4780.44,1178.28,260489216,216629248,201510576,192.18,11023047
1765903170228,4780.55,1178.34,260489216,216629248,201512080,192.18,11023047
1765903170328,4782.07,1179.40,260505600,216629248,201623472,192.28,11031910
1765903170430,4782.84,1180.20,260505600,216629248,201734032,192.39,11032587
1765903170531,4782.96,1180.25,260505600,216629248,201735536,192.39,11032587
1765903170631,4861.89,1193.97,286572544,251494400,215238200,205.27,11009359
1765903170731,5106.17,1206.21,288407552,244940800,206139752,196.59,11009359
1765903170832,5213.49,1209.23,289931264,245202944,206720768,197.14,10685993
1765903170934,5213.58,1209.30,289931264,245202944,206722272,197.15,10685993
1765903171036,5213.65,1209.34,289931264,245202944,206723752,197.15,10685993
1765903171138,5213.72,1209.39,289931264,245202944,206725232,197.15,10685993
1765903171241,5213.81,1209.43,289931264,245202944,206726712,197.15,10685993
1765903171354,5223.09,1211.24,289947648,245202944,207573032,197.96,10686427
1765903171455,5231.19,1212.51,268042240,245202944,193313200,184.36,10686871
1765903171557,5231.25,1212.54,262504448,245202944,193314704,184.36,10686871
1765903171657,5231.34,1212.60,261505024,245202944,193316184,184.36,10686871
1765903171758,5231.43,1212.64,261423104,245202944,193317664,184.36,10686871
1765903171861,5231.53,1212.71,260849664,245202944,193319144,184.36,10686871
1765903171960,5231.65,1212.79,260849664,245202944,193320624,184.36,10686871
1765903172062,5231.81,1212.87,260849664,245202944,193322104,184.37,10686871
1765903172165,5232.02,1213.01,260849664,245202944,193323584,184.37,10686871
1765903172265,5232.14,1213.09,260849664,245202944,193325064,184.37,10686871
1765903172367,5232.24,1213.15,260849664,245202944,193326544,184.37,10686871
1765903172468,5232.35,1213.22,260849664,245202944,193328024,184.37,10686871
1765903172568,5232.44,1213.28,260849664,245202944,193329504,184.37,10686871
1765903172670,5232.52,1213.33,260849664,245202944,193330984,184.37,10686871
1765903172771,5232.61,1213.38,260784128,245202944,193332464,184.38,10686871
1765903172873,5232.70,1213.44,260784128,245202944,193333944,184.38,10686871
1765903172975,5232.81,1213.51,260784128,245202944,193335424,184.38,10686871
1765903173077,5232.88,1213.56,260784128,245202944,193336904,184.38,10686871
1765903173179,5232.98,1213.61,260521984,245202944,193338384,184.38,10686871
1765903173282,5233.13,1213.72,260521984,245202944,193339864,184.38,10686871
1765903173382,5233.23,1213.79,260521984,245202944,193341344,184.38,10686871
1765903173484,5233.30,1213.83,260521984,245202944,193342824,184.39,10686871
1765903173586,5233.45,1213.91,255655936,245202944,193344304,184.39,10686871
1765903173687,5233.59,1213.98,255655936,245202944,193345784,184.39,10686871
1765903173789,5233.70,1214.04,255655936,245202944,193347264,184.39,10686871
1765903173892,5233.78,1214.08,255655936,245202944,193348744,184.39,10686871
1765903173994,5233.84,1214.12,255655936,245202944,193350224,184.39,10686871
1765903174095,5233.90,1214.17,255655936,245202944,193351704,184.39,10686871
1765903174197,5233.97,1214.22,255655936,245202944,193353184,184.40,10686871
1765903174299,5234.07,1214.28,255655936,245202944,193354664,184.40,10686871
1765903174401,5234.20,1214.39,255655936,245202944,193356144,184.40,10686871
1765903174503,5234.25,1214.43,255655936,245202944,193357624,184.40,10686871
1765903174606,5234.30,1214.47,255655936,245202944,193359104,184.40,10686871
1765903174708,5234.35,1214.51,255655936,245202944,193360584,184.40,10686871
1765903174807,5234.40,1214.55,255655936,245202944,193362064,184.40,10686871
1765903174909,5234.47,1214.61,255655936,245202944,193363544,184.41,10686871
1765903175011,5234.53,1214.65,255655936,245202944,193365024,184.41,10686871
1765903175113,5234.59,1214.70,255655936,245202944,193366504,184.41,10686871
1765903175216,5234.63,1214.74,255655936,245202944,193367984,184.41,10686871
1765903175318,5234.67,1214.79,255655936,245202944,193369464,184.41,10686871
1765903175420,5234.72,1214.83,255655936,245202944,193370944,184.41,10686871
1765903175522,5234.76,1214.85,255655936,245202944,193372424,184.41,10686871
1765903175623,5234.81,1214.88,255655936,245202944,193373904,184.42,10686871
1765903175725,5234.91,1214.94,255655936,245202944,193375384,184.42,10686871
1765903175827,5235.03,1215.04,255655936,245202944,193376864,184.42,10686871
1765903175929,5235.11,1215.09,255655936,245202944,193378344,184.42,10686871
1765903176032,5235.23,1215.16,255672320,245202944,193380048,184.42,10695063
1765903176133,5235.42,1215.23,255672320,245202944,193381552,184.42,10695063
1765903176234,5235.61,1215.36,255672320,245202944,193383032,184.42,10695063
1765903176336,5235.68,1215.41,255672320,245202944,193384512,184.43,10695063
1765903176438,5235.74,1215.46,255672320,245202944,193385992,184.43,10695063
1765903176540,5235.81,1215.52,255672320,245202944,193387472,184.43,10695063
1765903176642,5235.86,1215.57,255672320,245202944,193388952,184.43,10695063
1765903176743,5235.93,1215.61,255672320,245202944,193390432,184.43,10695063
1765903176845,5236.02,1215.66,255672320,245202944,193391912,184.43,10695063
1765903176947,5236.13,1215.71,255672320,245202944,193393392,184.43,10695063
1765903177049,5236.26,1215.77,255672320,245202944,193394872,184.44,10695063
1765903177151,5236.42,1215.89,255672320,245202944,193396352,184.44,10695063
1765903177254,5236.50,1215.95,255672320,245202944,193397832,184.44,10695063
1765903177355,5236.57,1216.00,255672320,245202944,193399312,184.44,10695063
1765903177457,5236.64,1216.06,255672320,245202944,193400792,184.44,10695063
1765903177559,5236.69,1216.11,255672320,245202944,193402272,184.44,10695063
1765903177661,5236.82,1216.17,255672320,245202944,193403752,184.44,10695063
1765903177764,5236.98,1216.28,255672320,245202944,193405232,184.45,10695063
1765903177866,5237.04,1216.33,255672320,245202944,193406712,184.45,10695063
1765903177968,5237.10,1216.38,255672320,245202944,193408192,184.45,10695063
1765903178070,5237.15,1216.42,255672320,245202944,193409672,184.45,10695063
1765903178171,5237.21,1216.46,255672320,245202944,193411152,184.45,10695063
1765903207229,1674.94,102.45,154746880,209551360,181170760,172.78,10676468
1765903207331,1675.07,102.53,154779648,209551360,181175312,172.78,10676524
1765903207434,1675.21,102.60,154812416,209551360,181177704,172.78,10676524
1765903207535,1675.37,102.68,154828800,209551360,181180040,172.79,10676524
1765903207636,1675.56,102.75,154845184,209551360,181182440,172.79,10676524
1765903207737,1675.69,102.81,154845184,209551360,181184776,172.79,10676524
1765903207838,1675.79,102.89,154861568,209551360,181187112,172.79,10676524
1765903207940,1675.89,102.93,154861568,209551360,181189480,172.80,10676524
1765903208042,1675.99,102.98,154877952,209551360,181191848,172.80,10676524
1765903208145,1676.17,103.05,154894336,209551360,181194256,172.80,10676524
1765903208246,1676.32,103.12,154910720,209551360,181196656,172.80,10676524
1765903208347,1676.49,103.20,154927104,209551360,181198816,172.80,10676524
1765903208448,1676.79,103.34,154927104,209551360,181200896,172.81,10676524
1765903208550,1677.21,103.47,154943488,209551360,181202976,172.81,10676524
1765903208651,1677.60,103.58,154976256,209551360,181205088,172.81,10676524
1765903208753,1677.90,103.73,154992640,209551360,181207168,172.81,10676524
1765903208854,1678.02,103.78,154992640,209551360,181209248,172.81,10676524
1765903208956,1678.14,103.82,154992640,209551360,181211328,172.82,10676524
1765903209059,1678.27,103.88,154992640,209551360,181213408,172.82,10676524
1765903209160,1681.67,104.60,155942912,209813504,181626232,173.21,10676524
1765903209262,1681.81,104.68,155959296,209813504,181628312,173.21,10676524
1765903209364,1682.00,104.75,155975680,209813504,181630392,173.22,10676524
1765903209465,1682.24,104.89,155992064,209813504,181632472,173.22,10676524
1765903209567,1682.45,104.95,155975680,209813504,181634552,173.22,10676524
1765903209669,1682.68,105.07,155975680,209813504,181636632,173.22,10676524
1765903209771,1682.79,105.12,155975680,209813504,181638712,173.22,10676524
1765903209874,1682.91,105.17,155975680,209813504,181640792,173.23,10676524
1765903209975,1683.08,105.28,156008448,209813504,181642872,173.23,10676524
1765903210077,1683.26,105.37,156008448,209813504,181644952,173.23,10676524
1765903210179,1683.40,105.47,156057600,209813504,181647032,173.23,10676524
1765903210281,1683.52,105.50,156057600,209813504,181649112,173.23,10676524
1765903210384,1683.65,105.55,156057600,209813504,181651192,173.24,10676524
1765903210486,1683.80,105.61,156057600,209813504,181653272,173.24,10676524
1765903210588,1683.91,105.65,156057600,209813504,181655352,173.24,10676524
1765903210688,1684.02,105.70,156057600,209813504,181657432,173.24,10676524
1765903210790,1684.13,105.76,156073984,209813504,181659512,173.24,10676524
1765903210893,1684.25,105.81,156073984,209813504,181661560,173.25,10676524
1765903210994,1684.40,105.86,156073984,209813504,181663688,173.25,10676524
1765903211096,1684.58,105.95,156073984,209813504,181665784,173.25,10676524
1765903211199,1684.82,106.05,156090368,209813504,181667968,173.25,10676524
1765903211300,1685.04,106.16,156090368,209813504,181670064,173.25,10676524
1765903211401,1685.13,106.20,156090368,209813504,181672160,173.26,10676524
1765903211503,1685.21,106.25,156090368,209813504,181674256,173.26,10676524
1765903211605,1685.32,106.32,156106752,209813504,181676352,173.26,10676524
1765903211707,1685.44,106.36,156106752,209813504,181678448,173.26,10676524
1765903211809,1685.56,106.42,156057600,209813504,181680544,173.26,10676524
1765903211912,1685.66,106.47,156057600,209813504,181682640,173.27,10676524
1765903212013,1685.78,106.52,156057600,209813504,181684736,173.27,10676524
1765903212115,1685.94,106.56,156057600,209813504,181686832,173.27,10676524
1765903212217,1686.13,106.67,156057600,209813504,181688928,173.27,10676524
1765903212319,1686.24,106.71,156057600,209813504,181691024,173.27,10676524
1765903212421,1686.35,106.78,156057600,209813504,181693120,173.28,10676524
1765903212521,1686.48,106.86,156057600,209813504,181695216,173.28,10676524
1765903212624,1686.59,106.90,156057600,209813504,181697312,173.28,10676524
1765903212725,1686.71,106.95,156057600,209813504,181699408,173.28,10676524
1765903212827,1686.81,106.99,156057600,209813504,181701504,173.28,10676524
1765903212929,1686.91,107.04,156057600,209813504,181703600,173.29,10676524
1765903213029,1687.01,107.09,156057600,209813504,181705696,173.29,10676524
1765903213131,1687.11,107.13,156057600,209813504,181707792,173.29,10676524
1765903213252,1787.79,137.18,243499008,178094080,169217320,161.38,10667552
1765903213354,1810.98,141.64,222117888,178094080,169526432,161.67,10667552
1765903213456,1811.12,141.70,222117888,178094080,169528528,161.68,10667552
1765903213559,1811.21,141.76,222117888,178094080,169530624,161.68,10667552
1765903213658,1811.32,141.81,222117888,178094080,169532720,161.68,10667552
1765903213760,1811.44,141.87,222117888,178094080,169534816,161.68,10667552
1765903213860,1832.42,142.99,222150656,178094080,169526496,161.67,10667552
1765903213962,1973.05,152.07,221773824,177307648,169671848,161.81,10667552
1765903214064,1973.16,152.12,221773824,177307648,169676112,161.82,10667552
1765903214166,1973.24,152.17,221790208,177307648,169678208,161.82,10667552
1765903214268,1973.32,152.21,221790208,177307648,169680304,161.82,10667552
1765903214371,1973.40,152.25,221790208,177307648,169682400,161.82,10667552
1765903214472,1973.47,152.29,221790208,177307648,169684496,161.82,10667552
1765903214574,1973.58,152.34,221790208,177307648,169686592,161.83,10667552
1765903214676,1973.69,152.39,221790208,177307648,169688688,161.83,10667552
1765903214778,1973.82,152.45,221790208,177307648,169690784,161.83,10667552
1765903214880,1973.97,152.50,221790208,177307648,169692880,161.83,10667552
1765903214983,1974.09,152.57,221806592,177307648,169694976,161.83,10667552
1765903215084,1974.18,152.61,221806592,177307648,169697072,161.84,10667552
1765903215186,1974.30,152.66,221806592,177307648,169699168,161.84,10667552
1765903215288,1974.48,152.72,221806592,177307648,169701264,161.84,10667552
1765903215390,1974.70,152.82,221806592,177307648,169703360,161.84,10667552
1765903215492,1974.85,152.88,221806592,177307648,169705456,161.84,10667552
1765903215594,1974.98,152.95,221806592,177307648,169707776,161.85,10675744
1765903215697,1975.15,153.00,221806592,177307648,169709896,161.85,10675744
1765903215798,1975.41,153.12,221822976,177307648,169711992,161.85,10675744
1765903215899,1975.71,153.25,221822976,177307648,169714088,161.85,10675744
1765903216001,1976.03,153.37,221822976,177307648,169716184,161.85,10675744
1765903216104,1976.27,153.49,221822976,177307648,169718280,161.86,10675744
1765903216206,1976.41,153.55,221822976,177307648,169720376,161.86,10675744
1765903216308,1976.54,153.62,221822976,177307648,169722472,161.86,10675744
1765903216410,1976.67,153.67,221822976,177307648,169724568,161.86,10675744
1765903216512,1976.81,153.72,221822976,177307648,169726664,161.86,10675744
1765903216615,1976.99,153.80,221839360,177307648,169728760,161.87,10675744
1765903216716,1977.26,153.92,221839360,177307648,169730856,161.87,10675744
1765903216817,1977.51,154.05,221839360,177307648,169732952,161.87,10675744
1765903216920,1977.64,154.12,221839360,177307648,169735048,161.87,10675744
1765903217021,1977.77,154.22,221839360,177307648,169737144,161.87,10675744
1765903217123,1977.87,154.28,221839360,177307648,169739240,161.88,10675744
1765903217225,1977.96,154.34,221839360,177307648,169741336,161.88,10675744
1765903217328,1978.06,154.41,221855744,177307648,169743432,161.88,10675744
1765903217430,1978.16,154.46,221855744,177307648,169745528,161.88,10675744
1765903217531,1978.33,154.58,221855744,177307648,169747624,161.88,10675744
1765903217632,1978.44,154.62,221855744,177307648,169749720,161.89,10675744
1765903217735,1978.55,154.67,221855744,177307648,169751816,161.89,10675744
1765903217836,1978.64,154.72,221855744,177307648,169753912,161.89,10675744
1765903217936,1978.71,154.77,221855744,177307648,169756008,161.89,10675744
1765903218038,1978.79,154.81,221855744,177307648,169758104,161.89,10675744
1765903218140,1978.93,154.88,221872128,177307648,169760200,161.90,10675744
1765903218243,1979.07,154.96,221872128,177307648,169762296,161.90,10675744
1765903218344,1979.15,155.00,221872128,177307648,169764392,161.90,10675744
1765903218446,1979.32,155.05,221872128,177307648,169766488,161.90,10675744
1765903218548,1979.62,155.18,221872128,177307648,169768584,161.90,10675744
1765903218651,1979.93,155.31,221872128,177307648,169770680,161.91,10675744
1765903218752,1980.16,155.44,221872128,177307648,169772776,161.91,10675744
1765903218854,1980.26,155.49,221872128,177307648,169774872,161.91,10675744
1765903218954,1980.34,155.54,221888512,177307648,169776968,161.91,10675744
1765903219056,1980.41,155.60,221888512,177307648,169779064,161.91,10675744
1765903219159,1980.48,155.64,221888512,177307648,169781160,161.92,10675744
1765903219261,1980.56,155.68,221888512,177307648,169783256,161.92,10675744
1765903219363,1980.72,155.81,221888512,177307648,169785352,161.92,10675744
1765903219465,1980.79,155.85,221888512,177307648,169787448,161.92,10675744
1765903219567,1980.86,155.89,221888512,177307648,169789544,161.92,10675744
1765903219669,1980.93,155.94,221888512,177307648,169791640,161.93,10675744
1765903219770,1981.08,155.99,221904896,177307648,169793736,161.93,10675744
1765903219871,1981.29,156.11,221904896,177307648,169795832,161.93,10675744
1765903219974,1981.37,156.16,221904896,177307648,169797928,161.93,10675744
1765903220075,1981.44,156.20,221904896,177307648,169800024,161.93,10675744
1765903220176,1981.51,156.24,221904896,177307648,169802120,161.94,10675744
1765903220277,1981.59,156.29,221904896,177307648,169804216,161.94,10675744
1765903220379,1981.76,156.34,221904896,177307648,169806312,161.94,10675744
1765903220479,1981.97,156.47,221904896,177307648,169808408,161.94,10675744
1765903220582,1982.15,156.53,221921280,177307648,169810504,161.94,10675744
1765903220683,1982.36,156.65,221921280,177307648,169812600,161.95,10675744
1765903220785,1982.47,156.69,221921280,177307648,169818032,161.95,10675744
1765903220887,1982.55,156.73,221921280,177307648,169820128,161.95,10675744
1765903220989,1982.62,156.76,221921280,177307648,169822224,161.96,10675744
1765903221091,1982.69,156.81,221921280,177307648,169824320,161.96,10675744
1765903221192,1982.76,156.85,221921280,177307648,169826416,161.96,10675744
1765903221295,1982.86,156.91,221921280,177307648,169828512,161.96,10675744
1765903221396,1982.95,156.96,221937664,177307648,169830608,161.96,10675744
1765903221498,1983.12,157.02,221937664,177307648,169832704,161.97,10675744
1765903221600,1983.34,157.15,221937664,177307648,169834800,161.97,10675744
1765903221702,1983.42,157.19,221937664,177307648,169836896,161.97,10675744
1765903221804,1983.49,157.23,221937664,177307648,169838992,161.97,10675744
1765903221904,1983.56,157.27,221937664,177307648,169841088,161.97,10675744
1765903222006,1983.63,157.32,221937664,177307648,169843184,161.98,10675744
1765903222109,1983.72,157.37,221954048,177307648,169845280,161.98,10675744
1765903222211,1983.79,157.41,221954048,177307648,169847376,161.98,10675744
1765903222313,1983.87,157.46,221954048,177307648,169849472,161.98,10675744
1765903222415,1984.02,157.51,221954048,177307648,169851568,161.98,10675744
1765903222517,1984.21,157.63,221954048,177307648,169853664,161.99,10675744
1765903222619,1984.36,157.67,221954048,177307648,169855760,161.99,10675744
1765903222721,1984.42,157.72,221954048,177307648,169857856,161.99,10675744
1765903222823,1984.49,157.76,221954048,177307648,169859952,161.99,10675744
1765903222925,1984.55,157.82,221970432,177307648,169862048,161.99,10675744
1765903223027,1984.63,157.86,221970432,177307648,169864144,162.00,10675744
1765903223130,1984.72,157.91,221970432,177307648,169866240,162.00,10675744
1765903223230,1984.79,157.95,221970432,177307648,169868336,162.00,10675744
1765903223333,1984.85,157.99,221970432,177307648,169870432,162.00,10675744
1765903223435,1984.99,158.03,221970432,177307648,169872528,162.00,10675744
1765903223537,1985.20,158.15,221970432,177307648,169874624,162.01,10675744
1765903223638,1985.27,158.20,221970432,177307648,169876720,162.01,10675744
1765903223740,1985.35,158.26,221986816,177307648,169878816,162.01,10675744
1765903223842,1985.42,158.30,221986816,177307648,169880912,162.01,10675744
1765903223944,1985.49,158.35,221986816,177307648,169883008,162.01,10675744
1765903224046,1985.66,158.41,221986816,177307648,169885104,162.02,10675744
1765903224148,1985.97,158.54,221986816,177307648,169887200,162.02,10675744
1765903224250,1986.29,158.66,221986816,177307648,169889296,162.02,10675744
1765903224352,1986.49,158.78,221986816,177307648,169891392,162.02,10675744
1765903224454,1986.56,158.83,221986816,177307648,169893488,162.02,10675744
1765903224556,1986.64,158.88,222003200,177307648,169895584,162.03,10675744
1765903224659,1986.73,158.93,222003200,177307648,169897680,162.03,10675744
1765903224759,1986.90,158.98,222003200,177307648,169899776,162.03,10675744
1765903224861,1987.10,159.09,222003200,177307648,169901872,162.03,10675744
1765903224963,1987.27,159.15,222003200,177307648,169903968,162.03,10675744
1765903225065,1987.57,159.27,222003200,177307648,169906064,162.04,10675744
1765903225167,1987.81,159.38,222003200,177307648,169908160,162.04,10675744
1765903225268,1987.89,159.42,222003200,177307648,169910256,162.04,10675744
1765903225370,1987.96,159.48,222019584,177307648,169912368,162.04,10675744
1765903225473,1988.04,159.52,222019584,177307648,169914464,162.04,10675744
1765903225574,1988.14,159.58,222019584,177307648,169916560,162.05,10675744
1765903225676,1988.31,159.63,222019584,177307648,169918880,162.05,10683936
1765903225778,1988.52,159.75,222019584,177307648,169921000,162.05,10683936
1765903225881,1988.71,159.82,222035968,177307648,169923096,162.05,10683936
1765903225982,1989.02,159.94,222035968,177307648,169925192,162.05,10683936
1765903226083,1989.26,160.06,222035968,177307648,169927288,162.06,10683936
1765903226185,1989.34,160.10,222035968,177307648,169929384,162.06,10683936
1765903226287,1989.40,160.14,222035968,177307648,169931480,162.06,10683936
1765903226389,1989.46,160.19,222035968,177307648,169933576,162.06,10683936
1765903226491,1989.55,160.24,222035968,177307648,169935672,162.06,10683936
1765903226593,1989.62,160.28,222035968,177307648,169937768,162.07,10683936
1765903226696,1989.71,160.34,222052352,177307648,169939864,162.07,10683936
1765903226798,1989.79,160.38,222052352,177307648,169941960,162.07,10683936
1765903226900,1989.93,160.43,222052352,177307648,169944056,162.07,10683936
1765903227002,1990.14,160.55,222052352,177307648,169946152,162.07,10683936
1765903227104,1990.21,160.60,222052352,177307648,169948248,162.08,10683936
1765903227207,1990.34,160.67,222052352,177307648,169950344,162.08,10683936
1765903227309,1990.52,160.77,222052352,177307648,169952440,162.08,10683936
1765903227411,1990.62,160.81,222052352,177307648,169954536,162.08,10683936
1765903227513,1998.58,162.63,223084544,178356224,169697808,161.84,10685279
1765903227614,1998.70,162.67,223084544,178356224,169699928,161.84,10685279
1765903227716,1998.83,162.72,223100928,178356224,169702024,161.84,10685279
1765903227818,2004.90,164.82,223395840,178618368,170255024,162.37,10678430
1765903227920,2005.00,164.87,223395840,178618368,170257144,162.37,10678430
1765903228022,2010.52,167.10,223690752,178618368,170575184,162.67,10679773
1765903228124,2010.63,167.16,223690752,178618368,170577304,162.68,10679773
1765903228226,2010.76,167.22,223690752,178618368,170579400,162.68,10679773
1765903228328,2017.36,169.90,222855168,177569792,170102528,162.22,10681116
1765903228430,2017.49,169.97,222855168,177569792,170104648,162.22,10681116
1765903228532,2023.39,172.35,222855168,177569792,170425400,162.53,10682458
1765903228634,2023.49,172.40,222855168,177569792,170427520,162.53,10682458
1765903228734,2026.35,173.65,222855168,177569792,170592984,162.69,10683133
1765903228836,2029.12,174.76,221986816,177569792,170128592,162.25,10683801
1765903228938,2029.24,174.81,221986816,177569792,170130712,162.25,10683801
1765903229040,2034.23,176.90,222265344,177569792,170431448,162.54,10685143
1765903229142,2034.34,176.95,222265344,177569792,170433568,162.54,10685143
1765903229243,2038.84,179.03,222543872,177569792,170744656,162.83,10694677
1765903229344,2038.98,179.08,222560256,177569792,170746776,162.84,10694677
1765903229446,2039.19,179.17,222560256,177569792,170748872,162.84,10694677
1765903229548,2044.63,181.69,222003200,177569792,170299720,162.41,10696020
1765903229649,2044.79,181.74,222003200,177569792,170301840,162.41,10696020
1765903229751,2048.92,183.78,222281728,177569792,170597584,162.69,10697363
1765903229853,2049.03,183.84,222281728,177569792,170599704,162.70,10697363
1765903229955,2049.16,183.89,222281728,177569792,170601800,162.70,10697363
1765903230057,2053.14,186.06,222576640,177569792,170909992,162.99,10698708
1765903230160,2053.28,186.12,222593024,177569792,170912112,162.99,10698708
1765903230262,2058.37,188.36,222887936,177831936,171422432,163.48,10708245
1765903230364,2058.49,188.41,222887936,177831936,171424552,163.48,10708245
1765903230466,2058.67,188.47,222887936,177831936,171426648,163.49,10708245
1765903230568,2065.37,190.94,222314496,177831936,170924696,163.01,10701398
1765903230670,2065.49,190.98,222314496,177831936,170926816,163.01,10701398
1765903230772,2069.47,192.93,222593024,177831936,171223176,163.29,10702743
1765903230874,2069.61,192.99,222593024,177831936,171225296,163.29,10702743
1765903230976,2069.80,193.06,222593024,177831936,171227392,163.30,10702743
1765903231078,2075.60,195.54,222035968,177831936,170780656,162.87,10704088
1765903231181,2075.74,195.59,222035968,177831936,170782776,162.87,10704088
1765903231283,2079.82,197.86,222314496,177831936,171079472,163.15,10713625
1765903231384,2079.92,197.90,222314496,177831936,171081592,163.16,10713625
1765903231486,2083.11,199.12,222593024,177831936,171376432,163.44,10714970
1765903231587,2083.22,199.17,222593024,177831936,171378552,163.44,10714970
1765903231688,2083.38,199.25,222593024,177831936,171380648,163.44,10714970
1765903231789,2086.74,200.88,223051776,178880512,170910136,162.99,10716315
1765903231890,2086.88,200.93,222937088,178880512,170912256,162.99,10716315
1765903231990,2091.25,202.38,223232000,178880512,171210896,163.28,10717660
1765903232093,2091.38,202.41,223232000,178880512,171213016,163.28,10717660
1765903232194,2091.51,202.48,223232000,178880512,171215112,163.28,10717660
1765903232296,2096.27,204.93,223510528,178880512,171509216,163.56,10727197
1765903232398,2096.40,204.99,223526912,178880512,171511336,163.57,10727197
1765903232499,2101.13,207.38,222789632,177831936,171032368,163.11,10728542
1765903232601,2101.26,207.45,222806016,177831936,171034488,163.11,10728542
1765903232703,2101.37,207.50,222806016,177831936,171036584,163.11,10728542
1765903232805,2105.33,209.54,222789632,177831936,171348648,163.41,10721695
1765903232908,2105.42,209.58,222789632,177831936,171350768,163.41,10721695
1765903233010,2110.84,211.71,222789632,177831936,171643936,163.69,10723040
1765903233112,2110.97,211.77,222789632,177831936,171646056,163.69,10723040
1765903233214,2111.12,211.81,222789632,177831936,171648152,163.70,10723040
1765903233316,2119.30,214.19,222986240,178880512,171183096,163.25,10732577
1765903233418,2119.42,214.22,222986240,178880512,171185184,163.25,10732577
1765903233520,2122.24,215.59,223264768,178880512,171472944,163.53,10725730
1765903233622,2122.36,215.61,223264768,178880512,171475032,163.53,10725730
1765903233724,2122.49,215.67,223264768,178880512,171477096,163.53,10725730
1765903233825,2127.95,218.29,223543296,178880512,171772288,163.81,10727075
1765903233927,2128.09,218.34,223543296,178880512,171774376,163.82,10727075
1765903234028,2140.33,220.90,224116736,178880512,171317888,163.38,10728420
1765903234129,2140.47,220.97,224116736,178880512,171319928,163.38,10728420
1765903234234,2142.77,221.97,224116736,178880512,171462736,163.52,10737288
1765903234336,2145.61,223.01,224116736,178880512,171604600,163.65,10737957
1765903234438,2145.78,223.08,224116736,178880512,171606640,163.66,10737957
1765903234539,2150.43,225.15,224116736,178880512,171889304,163.93,10739302
1765903234641,2150.54,225.19,224116736,178880512,171891344,163.93,10739302
1765903234742,2156.00,227.19,224133120,178880512,172176496,164.20,10740647
1765903234844,2156.13,227.22,224133120,178880512,172178536,164.20,10740647
1765903234947,2156.27,227.28,224133120,178880512,172180552,164.20,10740647
1765903235048,2162.03,229.51,224149504,178880512,171678848,163.73,10741992
1765903235150,2162.45,229.60,224149504,178880512,171688992,163.74,10741992
1765903235251,2171.86,231.97,224362496,178880512,171979240,164.01,10751529
1765903235353,2171.96,232.03,224362496,178880512,171981280,164.01,10751529
1765903235456,2172.06,232.08,224362496,178880512,171983296,164.02,10751529
1765903235557,2176.23,234.31,224362496,178880512,172257512,164.28,10752874
1765903235659,2176.39,234.36,224362496,178880512,172259552,164.28,10752874
1765903235761,2180.42,236.64,224526336,180977664,171806392,163.85,10746027
1765903235863,2180.53,236.69,224526336,180977664,171808432,163.85,10746027
1765903235965,2180.66,236.74,224526336,180977664,171810448,163.85,10746027
1765903236065,2185.32,238.87,224526336,180977664,172078040,164.11,10747372
1765903236167,2185.49,238.94,224526336,180977664,172080384,164.11,10747372
1765903236269,2187.87,240.22,224526336,180977664,172345904,164.36,10756909
1765903236371,2187.98,240.27,224526336,180977664,172347944,164.36,10756909
1765903236474,2188.07,240.32,224526336,180977664,172349960,164.37,10756909
1765903236575,2197.08,242.85,224722944,180977664,172639760,164.64,10758254
1765903236677,2197.20,242.91,224739328,180977664,172641800,164.64,10758254
1765903236779,2225.18,246.57,229130240,180977664,172988888,164.98,10759599
1765903236882,2225.28,246.62,229130240,180977664,172990928,164.98,10759599
1765903236984,2227.72,248.03,229277696,180977664,173124312,165.10,10760275
1765903237086,2228.96,249.03,229408768,180977664,173257368,165.23,10760944
1765903237188,2229.11,249.08,229408768,180977664,173259408,165.23,10760944
1765903237290,2233.00,251.35,229654528,180977664,173524000,165.49,10770481
1765903237392,2233.17,251.40,229654528,180977664,173526040,165.49,10770481
1765903237493,2239.09,253.91,229900288,181239808,172173824,164.20,10755442
1765903237595,2239.20,253.95,229900288,181239808,172175864,164.20,10755442
1765903237697,2239.32,254.00,229900288,181239808,172177880,164.20,10755442
1765903237798,2266.41,256.91,229965824,181239808,172444808,164.46,10756786
1765903237900,2266.49,256.95,229982208,181239808,172446848,164.46,10756786
1765903238002,2270.34,259.30,230014976,181239808,172709272,164.71,10758131
1765903238104,2270.44,259.33,230014976,181239808,172711312,164.71,10758131
1765903238206,2270.53,259.40,230014976,181239808,172713328,164.71,10758131
1765903238308,2274.40,261.66,230260736,181239808,172976312,164.96,10767668
1765903238411,2274.52,261.71,230260736,181239808,172978352,164.97,10767668
1765903238512,2282.02,263.66,230522880,181239808,173389552,165.36,10769013
1765903238615,2282.15,263.71,230522880,181239808,173391592,165.36,10769013
1765903238715,2282.28,263.75,230522880,181239808,173393608,165.36,10769013
1765903238817,2286.73,266.09,230768640,181239808,173656440,165.61,10770355
1765903238919,2286.84,266.13,230768640,181239808,173658480,165.61,10770355
1765903239021,2294.45,268.43,231227392,182026240,172449384,164.46,10771700
1765903239123,2294.56,268.48,231227392,182026240,172451424,164.46,10771700
1765903239225,2294.66,268.55,231227392,182026240,172453440,164.46,10771700
1765903239328,2298.16,270.75,231227392,182026240,172716368,164.72,10773045
1765903239429,2298.30,270.81,231227392,182026240,172718408,164.72,10773045
1765903239531,2301.87,272.85,231227392,182026240,172981088,164.97,10774390
1765903239633,2301.97,272.91,231227392,182026240,172983128,164.97,10774390
1765903239734,2304.10,273.97,231227392,182026240,173115584,165.10,10775066
1765903239836,2308.43,274.99,231243776,182026240,173247848,165.22,10775735
1765903239938,2308.53,275.03,231243776,182026240,173249888,165.22,10775735
1765903240040,2313.62,277.13,231243776,182026240,173512632,165.47,10777080
1765903240143,2313.74,277.18,231243776,182026240,173514672,165.48,10777080
1765903240244,2317.36,279.47,231243776,182026240,173777608,165.73,10786616
1765903240346,2317.49,279.51,231243776,182026240,173779648,165.73,10786616
1765903240449,2317.67,279.56,231243776,182026240,173781664,165.73,10786616
1765903240550,2325.92,281.83,231522304,182026240,172687624,164.69,10771577
1765903240653,2326.01,281.87,231522304,182026240,172689664,164.69,10771577
1765903240754,2329.84,284.18,231522304,182026240,172952384,164.94,10772922
1765903240856,2330.00,284.24,231522304,182026240,172954424,164.94,10772922
1765903240959,2330.22,284.34,231522304,182026240,172956440,164.94,10772922
1765903241061,2334.51,285.43,231538688,182026240,173220312,165.20,10774267
1765903241162,2334.62,285.48,231538688,182026240,173222352,165.20,10774267
1765903241264,2348.28,287.51,231555072,182026240,173487416,165.45,10783803
1765903241366,2348.37,287.56,231555072,182026240,173489456,165.45,10783803
1765903241469,2348.53,287.61,231555072,182026240,173491472,165.45,10783803
1765903241571,2352.56,289.89,231555072,182026240,173753400,165.70,10785147
1765903241674,2352.66,289.94,231555072,182026240,173755440,165.71,10785147
1765903241775,2356.24,292.09,231555072,182026240,174017640,165.96,10786492
1765903241877,2356.36,292.16,231555072,182026240,174019680,165.96,10786492
1765903241979,2356.50,292.22,231555072,182026240,174021696,165.96,10786492
1765903242081,2365.33,294.47,231571456,182026240,174284392,166.21,10787837
1765903242183,2365.44,294.52,231571456,182026240,174286432,166.21,10787837
1765903242285,2370.94,296.86,231751680,182026240,172999088,164.98,10780990
1765903242387,2371.09,296.95,231751680,182026240,173001128,164.99,10780990
1765903242487,2375.55,299.11,231751680,182026240,173263040,165.24,10782335
1765903242589,2375.76,299.21,231751680,182026240,173265080,165.24,10782335
1765903242691,2375.87,299.26,231751680,182026240,173267096,165.24,10782335
1765903242793,2381.51,301.12,231751680,182026240,173532240,165.49,10783683
1765903242896,2381.67,301.18,231751680,182026240,173534280,165.50,10783683
1765903242998,2385.95,303.37,231768064,182026240,173794640,165.74,10785030
1765903243098,2386.06,303.42,231784448,182026240,173796680,165.75,10785030
1765903243200,2386.16,303.46,231784448,182026240,173798696,165.75,10785030
1765903243303,2389.94,305.51,231784448,182026240,174059224,166.00,10794567
1765903243405,2390.06,305.56,231784448,182026240,174061264,166.00,10794567
1765903243507,2394.10,307.48,231784448,182026240,174321624,166.25,10795913
1765903243610,2394.20,307.52,231784448,182026240,174323664,166.25,10795913
1765903243711,2394.32,307.58,231784448,182026240,174325680,166.25,10795913
1765903243813,2399.37,309.74,231784448,182026240,174715256,166.62,10797258
1765903243915,2399.48,309.79,231784448,182026240,174717296,166.62,10797258
1765903244017,2406.09,311.92,232046592,182550528,173461472,165.43,10790411
1765903244119,2406.18,311.96,232046592,182550528,173463512,165.43,10790411
1765903244221,2406.27,312.00,232046592,182550528,173465528,165.43,10790411
1765903244323,2412.46,314.22,232062976,182550528,173725784,165.68,10799949
1765903244425,2412.59,314.28,232062976,182550528,173727824,165.68,10799949
1765903244527,2418.49,316.40,232062976,182550528,173987824,165.93,10801294
1765903244629,2418.61,316.46,232062976,182550528,173989864,165.93,10801294
1765903244734,2420.83,317.63,232062976,182550528,174120912,166.05,10801970
1765903244836,2432.82,319.06,232079360,182550528,174260440,166.19,10802641
1765903244937,2432.94,319.10,232079360,182550528,174262480,166.19,10802641
1765903245039,2436.17,321.21,232095744,182550528,174522272,166.44,10803987
1765903245141,2436.32,321.26,232095744,182550528,174524312,166.44,10803987
1765903245242,2439.96,323.52,232095744,182550528,174784504,166.69,10813524
1765903245344,2440.07,323.57,232095744,182550528,174786544,166.69,10813524
1765903245446,2440.18,323.62,232095744,182550528,174788560,166.69,10813524
1765903245548,2444.81,326.29,232685568,187531264,173636424,165.59,10814869
1765903245650,2444.89,326.33,232685568,187531264,173638464,165.59,10814869
1765903245752,2448.56,328.65,232718336,187531264,173898296,165.84,10799829
1765903245854,2448.66,328.69,232718336,187531264,173900336,165.84,10799829
1765903245956,2448.87,328.74,232718336,187531264,173902352,165.85,10799829
1765903246058,2452.20,330.78,232718336,187531264,174162160,166.09,10801174
1765903246161,2452.33,330.83,232718336,187531264,174164200,166.10,10801174
1765903246262,2456.86,333.17,232718336,187531264,174424216,166.34,10810711
1765903246364,2456.97,333.22,232718336,187531264,174426256,166.35,10810711
1765903246467,2457.12,333.27,232718336,187531264,174428272,166.35,10810711
1765903246569,2461.43,335.57,232734720,187531264,174688216,166.60,10812056
1765903246671,2461.55,335.62,232734720,187531264,174690256,166.60,10812056
1765903246773,2471.25,337.93,232734720,187531264,174954696,166.85,10813401
1765903246875,2471.36,337.99,232734720,187531264,174956736,166.85,10813401
1765903246977,2471.46,338.04,232734720,187531264,174958752,166.85,10813401
1765903247080,2474.36,339.99,232751104,187531264,175218624,167.10,10814746
1765903247182,2474.49,340.04,232751104,187531264,175220664,167.10,10814746
1765903247284,2478.88,342.14,232980480,187531264,175480704,167.35,10824283
1765903247387,2478.99,342.20,232980480,187531264,175482744,167.35,10824283
1765903247486,2482.05,344.13,233226240,187531264,175742480,167.60,10825628
1765903247588,2482.18,344.20,233226240,187531264,175744520,167.60,10825628
1765903247688,2482.31,344.25,233226240,187531264,175746536,167.60,10825628
1765903247790,2486.16,351.58,229818368,187531264,176006824,167.85,10826973
1765903247893,2486.28,351.65,229818368,187531264,176008864,167.86,10826973
1765903247992,2491.12,353.76,230064128,187531264,176267128,168.10,10828318
1765903248095,2491.25,353.84,230064128,187531264,176269168,168.10,10828318
1765903248196,2491.38,353.90,230064128,187531264,176271184,168.11,10828318
1765903248299,2508.04,355.53,230342656,187531264,176561584,168.38,10837854
1765903248400,2508.13,355.58,230359040,187531264,176563624,168.38,10837854
1765903248502,2511.47,357.87,230621184,187531264,176816144,168.63,10839199
1765903248605,2511.55,357.91,230621184,187531264,176818184,168.63,10839199
1765903248706,2511.63,357.95,230621184,187531264,176820200,168.63,10839199
1765903248808,2515.30,360.26,230916096,187531264,177218888,169.01,10840544
1765903248910,2515.40,360.30,230916096,187531264,177220928,169.01,10840544
1765903249010,2518.79,362.11,231161856,187531264,177473488,169.25,10841889
1765903249112,2518.91,362.17,231161856,187531264,177475528,169.25,10841889
1765903249215,2519.02,362.22,231161856,187531264,177477544,169.26,10841889
1765903249317,2525.32,364.23,231407616,187531264,174500264,166.42,10826850
1765903249419,2525.41,364.27,231407616,187531264,174502304,166.42,10826850
1765903249519,2529.91,366.48,231424000,187531264,174754832,166.66,10828195
1765903249621,2530.03,366.53,231424000,187531264,174756872,166.66,10828195
1765903249723,2530.14,366.58,231424000,187531264,174758888,166.66,10828195
1765903249823,2533.67,368.82,231424000,187531264,175005736,166.90,10829539
1765903249925,2533.79,368.90,231424000,187531264,175007776,166.90,10829539
1765903250027,2537.36,370.84,231424000,187531264,175254656,167.14,10830884
1765903250129,2537.48,370.91,231424000,187531264,175256696,167.14,10830884
1765903250234,2539.60,372.04,231440384,187531264,175381472,167.26,10839752
1765903250336,2541.24,373.07,231440384,187531264,175505760,167.38,10840421
1765903250437,2541.33,373.12,231440384,187531264,175507800,167.38,10840421
1765903250539,2545.00,374.90,231505920,187531264,175754648,167.61,10841765
1765903250641,2545.13,374.97,231505920,187531264,175756688,167.61,10841765
1765903250742,2548.70,377.24,231735296,187531264,176003624,167.85,10843110
1765903250844,2548.80,377.29,231735296,187531264,176005664,167.85,10843110
1765903250946,2548.92,377.35,231735296,187531264,176007680,167.85,10843110
1765903251048,2553.32,379.51,232013824,187531264,176254608,168.09,10844455
1765903251150,2553.41,379.55,232013824,187531264,176256648,168.09,10844455
1765903251251,2556.70,381.50,232243200,187531264,176503736,168.33,10853992
1765903251352,2556.79,381.55,232243200,187531264,176505776,168.33,10853992
1765903251454,2556.90,381.62,232259584,187531264,176507792,168.33,10853992
1765903251556,2561.59,383.84,232505344,187531264,176755136,168.57,10855337
1765903251658,2561.70,383.90,232505344,187531264,176757176,168.57,10855337
1765903251761,2565.28,386.40,232734720,187531264,177003368,168.80,10856682
1765903251862,2565.39,386.45,232734720,187531264,177005408,168.81,10856682
1765903251963,2565.51,386.53,232751104,187531264,177007424,168.81,10856682
1765903252065,2571.61,389.70,233488384,188317696,174734520,166.64,10858027
1765903252168,2571.71,389.75,233488384,188317696,174736560,166.64,10858027
1765903252269,2574.89,391.69,233504768,188317696,174983000,166.88,10842988
1765903252371,2574.99,391.74,233504768,188317696,174985040,166.88,10842988
1765903252474,2575.09,391.79,233504768,188317696,174987056,166.88,10842988
1765903252575,2579.28,393.71,233504768,188317696,175233408,167.12,10844334
1765903252677,2579.45,393.79,233504768,188317696,175235448,167.12,10844334
1765903252779,2583.93,395.91,233504768,188317696,175490648,167.36,10845681
1765903252882,2584.10,395.98,233504768,188317696,175492688,167.36,10845681
1765903252985,2589.83,397.25,233521152,188317696,175616824,167.48,10846358
1765903253087,2612.94,398.50,233668608,188317696,175887640,167.74,10847028
1765903253189,2613.08,398.55,233668608,188317696,175889680,167.74,10847028
1765903253291,2635.71,401.39,233701376,188317696,176146736,167.99,10856567
1765903253393,2635.83,401.44,233701376,188317696,176148776,167.99,10856567
1765903253494,2639.65,403.62,233734144,188317696,176394912,168.22,10857914
1765903253595,2639.78,403.67,233750528,188317696,176396952,168.23,10857914
1765903253697,2639.88,403.74,233750528,188317696,176398968,168.23,10857914
1765903253798,2643.32,405.84,233750528,188317696,176645024,168.46,10859260
1765903253900,2643.41,405.89,233750528,188317696,176647064,168.46,10859260
1765903254000,2646.75,407.88,233766912,188317696,176893104,168.70,10860607
1765903254103,2646.88,407.93,233766912,188317696,176895144,168.70,10860607
1765903254204,2647.00,407.98,233766912,188317696,176897160,168.70,10860607
1765903254306,2650.58,410.21,233766912,188317696,177143440,168.94,10870146
1765903254408,2650.69,410.27,233766912,188317696,177145480,168.94,10870146
1765903254510,2654.48,412.18,233766912,188317696,177391520,169.17,10871492
1765903254612,2654.65,412.23,233766912,188317696,177393560,169.18,10871492
1765903254714,2654.89,412.34,233766912,188317696,177395576,169.18,10871492
1765903254816,2660.80,414.33,233783296,188317696,177642944,169.41,10872839
1765903254918,2660.90,414.37,233783296,188317696,177645000,169.42,10872839
1765903255020,2664.68,416.41,233783296,188317696,177891016,169.65,10874185
1765903255121,2664.77,416.46,233783296,188317696,177893056,169.65,10874185
1765903255223,2664.86,416.52,233783296,188317696,177895072,169.65,10874185
1765903255325,2678.29,418.82,233816064,188317696,178175792,169.92,10883724
1765903255427,2678.40,418.87,233816064,188317696,178177832,169.92,10883724
1765903255529,2684.24,421.29,234225664,188317696,175420936,167.29,10885071
1765903255631,2684.33,421.35,234225664,188317696,175422976,167.30,10885071
1765903255734,2687.95,422.15,234225664,188317696,175544272,167.41,10852980
1765903255835,2691.50,423.20,234225664,188317696,175665920,167.53,10853650
1765903255938,2691.62,423.27,234225664,188317696,175667960,167.53,10853650
1765903256039,2696.15,425.60,234225664,188317696,175907720,167.76,10854997
1765903256141,2696.28,425.67,234225664,188317696,175909760,167.76,10854997
1765903256242,2701.82,428.13,234258432,188317696,176150640,167.99,10864535
1765903256344,2701.93,428.18,234258432,188317696,176152680,167.99,10864535
1765903256447,2702.12,428.27,234258432,188317696,176154696,167.99,10864535
1765903256549,2706.72,430.08,234258432,188317696,176395304,168.22,10865882
1765903256652,2706.81,430.13,234258432,188317696,176397344,168.23,10865882
1765903256753,2710.42,432.04,234274816,188317696,176637136,168.45,10867229
1765903256855,2710.51,432.07,234274816,188317696,176639176,168.46,10867229
1765903256957,2710.62,432.13,234274816,188317696,176641192,168.46,10867229
1765903257059,2716.36,434.08,234274816,188317696,176881248,168.69,10868576
1765903257161,2716.49,434.14,234274816,188317696,176883288,168.69,10868576
1765903257263,2719.76,436.58,234274816,188317696,177123272,168.92,10878115
1765903257365,2719.86,436.62,234274816,188317696,177125312,168.92,10878115
1765903257467,2719.94,436.65,234274816,188317696,177127328,168.92,10878115
1765903257569,2723.51,439.15,234274816,188317696,177388952,169.17,10879461
1765903257671,2723.63,439.22,234291200,188317696,177390992,169.17,10879461
1765903257773,2728.74,444.44,233275392,188317696,177631016,169.40,10880808
1765903257875,2728.85,444.50,233275392,188317696,177633056,169.40,10880808
1765903257978,2729.01,444.57,233275392,188317696,177635072,169.41,10880808
1765903258080,2733.82,446.41,233275392,188317696,177874832,169.63,10882155
1765903258182,2733.92,446.47,233275392,188317696,177876872,169.64,10882155
1765903258284,2737.55,448.50,233275392,188317696,178155664,169.90,10891694
1765903258386,2737.64,448.55,233275392,188317696,178157704,169.90,10891694
1765903258486,2742.96,450.75,233291776,188317696,178398552,170.13,10893042
1765903258588,2743.20,450.83,233291776,188317696,178401376,170.14,10893042
1765903258690,2743.31,450.88,233291776,188317696,178403392,170.14,10893042
1765903258792,2749.53,452.81,233488384,188317696,178645152,170.37,10894390
1765903258895,2749.64,452.87,233504768,188317696,178647192,170.37,10894390
1765903258995,2760.34,455.07,233750528,188579840,179101384,170.80,10895740
1765903259097,2760.46,455.11,233750528,188579840,179103424,170.81,10895740
1765903259200,2760.63,455.17,233750528,188579840,179105440,170.81,10895740
1765903259301,2767.54,458.31,234340352,189628416,176441272,168.27,10872511
1765903259403,2767.64,458.37,234340352,189628416,176443312,168.27,10872511
1765903259505,2770.57,460.41,234340352,189628416,176680384,168.50,10873858
1765903259607,2770.65,460.45,234340352,189628416,176682424,168.50,10873858
1765903259709,2770.76,460.50,234340352,189628416,176684440,168.50,10873858
1765903259811,2778.24,462.60,234356736,189628416,176922184,168.73,10875205
1765903259914,2778.38,462.64,234356736,189628416,176924224,168.73,10875205
1765903260016,2781.60,464.66,234356736,189628416,177161320,168.95,10876552
1765903260119,2781.68,464.70,234356736,189628416,177163360,168.96,10876552
1765903260219,2781.77,464.75,234356736,189628416,177165376,168.96,10876552
1765903260321,2785.16,466.92,234356736,189628416,177402672,169.18,10886092
1765903260424,2785.27,466.99,234356736,189628416,177404712,169.19,10886092
1765903260525,2788.58,468.95,234373120,189628416,177871536,169.63,10887439
1765903260627,2788.75,469.02,234373120,189628416,177873576,169.63,10887439
1765903260729,2788.87,469.07,234373120,189628416,177875592,169.64,10887439
1765903260831,2791.82,471.02,234373120,189628416,178112680,169.86,10888787
1765903260933,2791.95,471.10,234373120,189628416,178114720,169.86,10888787
1765903261035,2795.20,473.45,234373120,189628416,178351936,170.09,10890134
1765903261137,2795.34,473.51,234373120,189628416,178353976,170.09,10890134
1765903261238,2799.33,475.90,234389504,189628416,178591440,170.32,10899672
1765903261340,2799.44,475.96,234389504,189628416,178593480,170.32,10899672
1765903261443,2799.62,476.02,234389504,189628416,178595496,170.32,10899672
1765903261545,2806.11,478.26,234405888,189628416,178833400,170.55,10901019
1765903261646,2806.24,478.33,234405888,189628416,178835440,170.55,10901019
1765903261748,2812.75,480.67,234422272,189628416,179073520,170.78,10902366
1765903261850,2812.84,480.73,234422272,189628416,179075560,170.78,10902366
1765903261952,2812.94,480.78,234422272,189628416,179077576,170.78,10902366
1765903262054,2816.46,483.38,234422272,189628416,179314656,171.01,10903713
1765903262156,2816.57,483.44,234422272,189628416,179316696,171.01,10903713
1765903262258,2821.57,486.63,235470848,198541312,176937848,168.74,10913252
1765903262360,2821.68,486.69,235470848,198541312,176939888,168.74,10913252
1765903262462,2821.82,486.75,235470848,198541312,176941904,168.74,10913252
1765903262564,2825.09,489.01,235487232,198541312,177179048,168.97,10890024
1765903262667,2825.27,489.07,235487232,198541312,177181088,168.97,10890024
1765903262768,2828.75,490.88,235487232,198541312,177418200,169.20,10891371
1765903262870,2828.88,490.94,235487232,198541312,177420240,169.20,10891371
1765903262972,2828.99,491.00,235487232,198541312,177422256,169.20,10891371
1765903263074,2840.09,493.42,235503616,198541312,177660048,169.43,10892718
1765903263176,2840.20,493.48,235503616,198541312,177662088,169.43,10892718
1765903263278,2843.77,495.63,235503616,198541312,177899288,169.66,10902257
1765903263381,2843.89,495.68,235503616,198541312,177901328,169.66,10902257
1765903263484,2846.01,496.89,235503616,198541312,178020944,169.77,10902934
1765903263584,2847.48,497.98,235503616,198541312,178140280,169.89,10903604
1765903263686,2847.60,498.03,235503616,198541312,178142320,169.89,10903604
1765903263788,2852.98,500.10,235520000,198541312,178379384,170.12,10904950
1765903263890,2853.11,500.16,235520000,198541312,178381424,170.12,10904950
1765903263991,2858.48,502.03,235520000,198541312,178617264,170.34,10906298
1765903264093,2858.59,502.08,235536384,198541312,178619304,170.34,10906298
1765903264196,2858.72,502.14,235536384,198541312,178621320,170.35,10906298
1765903264297,2864.05,504.55,235552768,198541312,178856632,170.57,10915837
1765903264399,2864.16,504.61,235552768,198541312,178858672,170.57,10915837
1765903264499,2867.17,506.44,235552768,198541312,179093728,170.80,10917185
1765903264601,2867.26,506.50,235552768,198541312,179095768,170.80,10917185
1765903264703,2867.37,506.54,235552768,198541312,179097784,170.80,10917185
1765903264805,2870.63,508.65,235552768,198541312,179332912,171.03,10918532
1765903264907,2870.73,508.71,235552768,198541312,179334952,171.03,10918532
1765903265010,2873.46,510.71,235569152,198541312,179570024,171.25,10919880
1765903265111,2873.56,510.76,235569152,198541312,179572064,171.25,10919880
1765903265213,2874.20,510.93,235585536,198541312,179592944,171.27,10919884
1765903265316,2878.41,512.88,235585536,198541312,179828448,171.50,10929423
1765903265417,2878.51,512.92,235585536,198541312,179830488,171.50,10929423
1765903265519,2884.37,515.42,235601920,198541312,180065432,171.72,10930770
1765903265621,2884.46,515.46,235601920,198541312,180067472,171.73,10930770
1765903265723,2884.56,515.51,235601920,198541312,180069488,171.73,10930770
1765903265824,2887.61,517.89,235601920,198541312,180303984,171.95,10932117
1765903265926,2887.73,517.95,235601920,198541312,180306024,171.95,10932117
1765903266028,2891.29,519.96,235651072,198541312,180540480,172.18,10933465
1765903266131,2891.58,520.08,235667456,198541312,180547768,172.18,10933465
1765903266234,2893.53,521.33,235831296,198541312,180693664,172.32,10942338
1765903266336,2894.92,522.38,235929600,198541312,180811736,172.44,10943009
1765903266438,2895.01,522.42,235929600,198541312,180813776,172.44,10943009
1765903266540,2897.82,524.65,236158976,198541312,181048280,172.66,10944356
1765903266640,2897.91,524.70,236158976,198541312,181050320,172.66,10944356
1765903266741,2904.87,527.04,236388352,198541312,181284960,172.89,10945704
1765903266842,2905.03,527.13,236404736,198541312,181287000,172.89,10945704
1765903266944,2905.19,527.21,236404736,198541312,181289016,172.89,10945704
1765903267046,2908.48,529.62,236634112,198541312,181523288,173.11,10947051
1765903267148,2908.58,529.67,236634112,198541312,181525328,173.12,10947051
1765903267248,2911.48,531.70,236879872,198541312,181759816,173.34,10956592
1765903267350,2911.55,531.79,236879872,198541312,181761856,173.34,10956592
1765903267452,2911.64,531.84,236879872,198541312,181763872,173.34,10956592
1765903267554,2914.24,533.84,237109248,198541312,181998112,173.57,10957939
1765903267657,2914.38,533.91,237109248,198541312,182000152,173.57,10957939
1765903267759,2917.04,535.95,237338624,198541312,182234536,173.79,10959287
1765903267861,2917.15,536.00,237338624,198541312,182236576,173.79,10959287
1765903267963,2917.24,536.05,237338624,198541312,182238592,173.80,10959287
1765903268065,2920.45,538.26,237568000,198541312,182473168,174.02,10960635
1765903268166,2920.60,538.30,237568000,198541312,182475208,174.02,10960635
1765903268268,2924.94,540.89,237797376,198541312,182710032,174.25,10970175
1765903268371,2925.07,540.93,237797376,198541312,182712072,174.25,10970175
1765903268470,2925.14,540.99,237813760,198541312,182714088,174.25,10970175
1765903268572,2930.27,543.31,238043136,198541312,182948848,174.47,10971523
1765903268674,2930.36,543.36,238043136,198541312,182950888,174.48,10971523
1765903268776,2938.25,545.31,238256128,198541312,183186552,174.70,10972870
1765903268878,2938.35,545.38,238272512,198541312,183188592,174.70,10972870
1765903268980,2938.46,545.45,238272512,198541312,183190608,174.70,10972870
1765903269082,2960.81,548.17,238518272,198541312,183469992,174.97,10974217
1765903269185,2960.93,548.23,238518272,198541312,183472032,174.97,10974217
1765903269286,2989.43,551.19,238829568,198541312,183706296,175.20,10983757
1765903269388,2989.49,551.23,238845952,198541312,183708336,175.20,10983757
1765903269489,2993.45,553.58,239091712,198541312,183937576,175.42,10985105
1765903269591,2993.58,553.65,239091712,198541312,183939616,175.42,10985105
1765903269693,2993.75,553.71,239091712,198541312,183941632,175.42,10985105
1765903269795,2998.26,556.04,239304704,198541312,184170872,175.64,10986453
1765903269897,2998.42,556.11,239304704,198541312,184172912,175.64,10986453
1765903269999,3002.20,558.19,239616000,198541312,184698744,176.14,10987801
1765903270101,3002.29,558.25,239632384,198541312,184700784,176.14,10987801
1765903270203,3002.38,558.29,239632384,198541312,184702800,176.15,10987801
1765903270305,3005.72,560.19,239861760,198541312,184932240,176.37,10997341
1765903270407,3005.82,560.23,239861760,198541312,184934280,176.37,10997341
1765903270510,3013.26,562.80,240353280,199589888,178762440,170.48,10933145
1765903270611,3013.40,562.85,240353280,199589888,178764480,170.48,10933145
1765903270713,3013.58,562.91,240353280,199589888,178766496,170.49,10933145
1765903270816,3022.39,565.76,240369664,199589888,178997712,170.71,10934493
1765903270918,3022.53,565.81,240369664,199589888,178999752,170.71,10934493
1765903271021,3026.99,568.21,240369664,199589888,179229760,170.93,10935840
1765903271122,3027.05,568.24,240369664,199589888,179231800,170.93,10935840
1765903271224,3027.11,568.28,240369664,199589888,179233816,170.93,10935840
1765903271326,3030.09,570.55,240386048,199589888,179463256,171.15,10945380
1765903271428,3030.19,570.59,240386048,199589888,179465296,171.15,10945380
1765903271530,3032.76,572.72,240386048,199589888,179694568,171.37,10946728
1765903271632,3032.89,572.76,240386048,199589888,179696608,171.37,10946728
1765903271734,3034.84,574.01,240386048,199589888,179812352,171.48,10947405
1765903271836,3036.17,575.03,240386048,199589888,179927808,171.59,10948076
1765903271938,3036.32,575.08,240386048,199589888,179929848,171.59,10948076
1765903272040,3041.67,577.40,240418816,199589888,180159712,171.81,10949424
1765903272143,3041.82,577.45,240418816,199589888,180161752,171.82,10949424
1765903272243,3046.69,579.12,240418816,199589888,180390456,172.03,10958964
1765903272345,3046.80,579.16,240418816,199589888,180392496,172.04,10958964
1765903272447,3046.99,579.22,240418816,199589888,180394512,172.04,10958964
1765903272549,3057.42,581.47,240435200,199589888,180622496,172.26,10960312
1765903272651,3057.51,581.53,240435200,199589888,180624536,172.26,10960312
1765903272753,3060.07,583.68,240435200,199589888,180851376,172.47,10961660
1765903272855,3060.19,583.73,240435200,199589888,180853416,172.48,10961660
1765903272957,3060.30,583.77,240435200,199589888,180855432,172.48,10961660
1765903273060,3065.74,585.68,240484352,199589888,181083368,172.69,10963008
1765903273162,3065.87,585.73,240484352,199589888,181085408,172.70,10963008
1765903273264,3068.64,587.70,240517120,199589888,181312160,172.91,10972548
1765903273366,3068.70,587.73,240517120,199589888,181314200,172.91,10972548
1765903273468,3068.77,587.77,240533504,199589888,181316216,172.92,10972548
1765903273570,3071.76,589.92,240746496,199589888,181542672,173.13,10973896
1765903273672,3071.88,589.96,240746496,199589888,181544720,173.13,10973896
1765903273775,3076.34,591.82,240992256,199589888,181772048,173.35,10975244
1765903273876,3076.44,591.86,240992256,199589888,181774088,173.35,10975244
1765903273978,3076.54,591.91,240992256,199589888,181776104,173.36,10975244
1765903274079,3082.97,594.26,241205248,199589888,182003032,173.57,10976592
1765903274180,3084.55,594.31,241205248,199589888,182008384,173.58,10976592
1765903274282,3087.58,596.50,241434624,199589888,182235104,173.79,10986132
1765903274384,3087.70,596.56,241451008,199589888,182237144,173.79,10986132
1765903274484,3089.61,597.93,241549312,199589888,182351680,173.90,10986809
1765903274586,3090.80,598.74,241680384,199589888,182465744,174.01,10987479
1765903274688,3090.90,598.78,241680384,199589888,182467784,174.01,10987479
1765903274788,3094.82,600.81,241893376,199589888,182694288,174.23,10988826
1765903274891,3094.93,600.86,241893376,199589888,182696328,174.23,10988826
1765903274992,3097.76,603.04,242122752,199589888,182922784,174.45,10990173
1765903275095,3097.90,603.09,242122752,199589888,182924824,174.45,10990173
1765903275196,3098.04,603.17,242122752,199589888,182926840,174.45,10990173
1765903275298,3109.40,605.57,242384896,199589888,183155784,174.67,10999713
1765903275401,3109.49,605.60,242384896,199589888,183157824,174.67,10999713
1765903275503,3112.79,607.90,242597888,199589888,183381880,174.89,11001061
1765903275605,3112.87,607.93,242597888,199589888,183383920,174.89,11001061
1765903275707,3112.96,607.98,242597888,199589888,183385936,174.89,11001061
1765903275809,3118.08,609.86,242827264,199589888,183610128,175.10,11002409
1765903275911,3118.22,609.89,242827264,199589888,183612168,175.11,11002409
1765903276013,3121.61,611.93,243056640,199589888,183836104,175.32,11003756
1765903276116,3121.69,611.97,243056640,199589888,183838144,175.32,11003756
1765903276218,3121.78,612.01,243056640,199589888,183840160,175.32,11003756
1765903276318,3124.89,614.25,243269632,199589888,184064400,175.54,11013296
1765903276420,3124.99,614.29,243269632,199589888,184066440,175.54,11013296
1765903276523,3127.24,616.33,243499008,199589888,184290464,175.75,11014643
1765903276624,3127.33,616.38,243499008,199589888,184292504,175.76,11014643
1765903276726,3127.43,616.43,243499008,199589888,184294520,175.76,11014643
1765903276828,3130.29,618.28,243712000,199589888,184518552,175.97,11015991
1765903276930,3130.39,618.32,243712000,199589888,184520592,175.97,11015991
1765903277033,3133.16,620.33,243924992,199589888,184744536,176.19,11017337
1765903277134,3133.24,620.37,243924992,199589888,184746576,176.19,11017337
1765903277234,3135.16,621.55,244039680,199589888,184859888,176.30,11026206
1765903277336,3136.42,622.84,244170752,199589888,184972704,176.40,11026877
1765903277437,3136.50,622.87,244170752,199589888,184974744,176.41,11026877
1765903277538,3139.54,624.85,244400128,199589888,185198920,176.62,11028225
1765903277640,3139.63,624.89,244400128,199589888,185200960,176.62,11028225
1765903277740,3146.01,628.36,245841920,201162752,179699120,171.37,11029573
1765903277842,3146.12,628.40,245841920,201162752,179701160,171.38,11029573
1765903277945,3146.29,628.46,245841920,201162752,179703176,171.38,11029573
1765903278047,3150.73,630.54,245841920,201162752,180080096,171.74,10973576
1765903278148,3150.86,630.58,245841920,201162752,180082136,171.74,10973576
1765903278250,3154.24,632.77,245858304,201162752,180306360,171.95,10983116
1765903278353,3154.37,632.84,245858304,201162752,180308400,171.96,10983116
1765903278454,3154.50,632.90,245858304,201162752,180310416,171.96,10983116
1765903278557,3157.66,634.92,245858304,201162752,180534416,172.17,10984464
1765903278658,3157.78,634.99,245858304,201162752,180536456,172.17,10984464
1765903278760,3161.35,637.11,245858304,201162752,180760432,172.39,10985811
1765903278862,3161.46,637.15,245858304,201162752,180762472,172.39,10985811
1765903278964,3161.58,637.20,245858304,201162752,180764488,172.39,10985811
1765903279066,3164.63,639.51,245874688,201162752,180988544,172.60,10987157
1765903279168,3164.70,639.54,245874688,201162752,180990584,172.61,10987157
1765903279270,3167.84,641.75,245874688,201162752,181214832,172.82,10996696
1765903279372,3167.94,641.80,245874688,201162752,181216872,172.82,10996696
1765903279474,3168.03,641.85,245874688,201162752,181218888,172.82,10996696
1765903279576,3171.01,643.93,245874688,201162752,181442928,173.04,10998044
1765903279679,3171.10,643.97,245874688,201162752,181444968,173.04,10998044
1765903279780,3173.94,645.94,245891072,201162752,181669008,173.25,10999392
1765903279882,3174.03,646.02,245907456,201162752,181671048,173.26,10999392
1765903279986,3177.07,647.29,245907456,201162752,181784712,173.36,11000069
1765903280088,3178.64,648.25,245907456,201162752,181897488,173.47,11000738
1765903280190,3178.77,648.30,245907456,201162752,181899528,173.47,11000738
1765903280292,3181.87,650.29,245907456,201162752,182123600,173.69,11010277
1765903280394,3182.02,650.34,245907456,201162752,182125640,173.69,11010277
1765903280496,3185.14,652.38,245923840,201162752,182349472,173.90,11011623
1765903280597,3185.22,652.41,245923840,201162752,182351512,173.90,11011623
1765903280698,3185.38,652.46,245923840,201162752,182353528,173.91,11011623
1765903280798,3188.66,654.15,245923840,201162752,182577376,174.12,11012971
1765903280901,3188.78,654.21,245923840,201162752,182579416,174.12,11012971
1765903281001,3191.94,656.20,245923840,201162752,182803312,174.33,11014319
1765903281103,3192.05,656.26,245923840,201162752,182805352,174.34,11014319
1765903281205,3192.16,656.33,245923840,201162752,182807368,174.34,11014319
1765903281307,3195.49,658.63,245940224,201162752,183031584,174.55,11023858
1765903281409,3195.61,658.70,245940224,201162752,183033624,174.55,11023858
1765903281511,3198.81,660.96,245940224,201162752,183257464,174.77,11025205
1765903281614,3198.93,661.01,245940224,201162752,183259504,174.77,11025205
1765903281715,3199.04,661.06,245940224,201162752,183261520,174.77,11025205
1765903281817,3202.20,663.48,245940224,201162752,183485344,174.99,11026551
1765903281919,3202.29,663.52,245940224,201162752,183487384,174.99,11026551
1765903282021,3209.51,666.00,245972992,201162752,183712208,175.20,11027899
1765903282123,3209.61,666.04,245972992,201162752,183714248,175.20,11027899
1765903282226,3209.71,666.10,245972992,201162752,183716264,175.21,11027899
1765903282325,3213.10,668.25,245972992,201162752,183940512,175.42,11037439
1765903282428,3213.24,668.30,245972992,201162752,183942552,175.42,11037439
1765903282530,3214.88,669.77,246005760,201162752,184166576,175.63,11038786
1765903282631,3214.97,669.80,246005760,201162752,184168616,175.64,11038786
1765903282734,3216.87,670.76,246005760,201162752,184281736,175.74,11039463
1765903282835,3218.39,672.08,246005760,201162752,184394584,175.85,11040134
1765903282937,3218.51,672.13,246005760,201162752,184396624,175.85,11040134
1765903283038,3221.84,673.95,246005760,201162752,184620712,176.07,11041481
1765903283140,3221.96,674.03,246005760,201162752,184622752,176.07,11041481
1765903283241,3225.86,676.20,246022144,201162752,184846992,176.28,11051021
1765903283343,3225.98,676.25,246022144,201162752,184849032,176.29,11051021
1765903283445,3226.16,676.29,246022144,201162752,184851048,176.29,11051021
1765903283545,3229.18,678.48,246022144,201162752,185075080,176.50,11052369
1765903283647,3229.26,678.51,246022144,201162752,185077120,176.50,11052369
1765903283748,3230.67,679.82,246022144,201162752,185301136,176.72,11053717
1765903283850,3230.77,679.87,246022144,201162752,185303176,176.72,11053717
1765903283952,3230.88,679.91,246022144,201162752,185305192,176.72,11053717
1765903284052,3233.77,681.96,246038528,201162752,185529304,176.93,11055065
1765903284154,3233.89,682.03,246038528,201162752,185531344,176.94,11055065
1765903284256,3237.09,684.15,246038528,201162752,185755760,177.15,11064604
1765903284356,3237.21,684.20,246038528,201162752,185757800,177.15,11064604
1765903284458,3237.30,684.24,246038528,201162752,185759816,177.15,11064604
1765903284560,3399.61,698.16,247054336,201424896,171557376,163.61,11008607
1765903284662,3399.76,698.21,247054336,201424896,171615872,163.67,11008607
1765903284764,3404.67,700.71,247054336,201424896,171845824,163.88,10677762
1765903284866,3404.74,700.74,247054336,201424896,171847864,163.89,10677762
1765903284968,3404.85,700.77,247054336,201424896,171849880,163.89,10677762
1765903285070,3408.03,703.17,247054336,201424896,172074008,164.10,10679110
1765903285172,3408.14,703.22,247054336,201424896,172076048,164.10,10679110
1765903285274,3411.01,705.16,247054336,201424896,172300392,164.32,10688650
1765903285376,3411.13,705.21,247054336,201424896,172302432,164.32,10688650
1765903285478,3411.25,705.26,247054336,201424896,172304448,164.32,10688650
1765903285580,3414.25,707.41,247054336,201424896,172528560,164.54,10689998
1765903285682,3414.34,707.44,247054336,201424896,172530600,164.54,10689998
1765903285784,3417.22,709.87,247054336,201424896,172754808,164.75,10691346
1765903285886,3417.30,709.89,247054336,201424896,172756848,164.75,10691346
1765903285987,3420.48,712.13,247054336,201424896,172980840,164.97,10692694
1765903286089,3420.67,712.21,247054336,201424896,172982880,164.97,10692694
1765903286191,3420.80,712.27,247054336,201424896,172984896,164.97,10692694
1765903286294,3424.05,714.36,247054336,201424896,173209264,165.19,10702234
1765903286395,3424.18,714.42,247054336,201424896,173211304,165.19,10702234
1765903286497,3427.35,716.75,247054336,201424896,173520512,165.48,10703582
1765903286599,3427.44,716.82,247054336,201424896,173522552,165.48,10703582
1765903286700,3427.54,716.86,247054336,201424896,173524568,165.49,10703582
1765903286802,3430.81,718.94,247054336,201424896,173748632,165.70,10704930
1765903286904,3430.92,718.99,247054336,201424896,173750672,165.70,10704930
1765903287005,3433.74,721.02,247054336,201424896,173974728,165.92,10706278
1765903287108,3433.84,721.06,247054336,201424896,173976768,165.92,10706278
1765903287209,3433.95,721.11,247054336,201424896,173978784,165.92,10706278
1765903287312,3444.65,723.28,247054336,201424896,174217864,166.15,10715817
1765903287413,3444.76,723.32,247054336,201424896,174219904,166.15,10715817
1765903287525,3495.77,726.74,248659968,218464256,177182312,168.97,10700110
1765903287627,3731.68,736.09,271024128,225280000,192630296,183.71,10700781
1765903287727,3921.83,742.20,276381696,228687872,199634184,190.39,10675744
1765903287829,3975.57,745.02,277823488,230260736,192580304,183.66,10679140
1765903287930,3975.67,745.05,277823488,230260736,192582344,183.66,10679140
1765903288031,3979.13,746.54,277823488,230260736,192819184,183.89,10680487
1765903288132,3979.21,746.58,277823488,230260736,192821224,183.89,10680487
1765903288235,3981.35,747.34,277839872,230260736,192940232,184.00,10689356
1765903288336,3983.08,748.24,277839872,230260736,193058576,184.12,10690027
1765903288438,3983.18,748.27,277839872,230260736,193060616,184.12,10690027
1765903288538,3986.48,750.57,277839872,230260736,193295744,184.34,10691375
1765903288640,3986.59,750.63,277839872,230260736,193297784,184.34,10691375
1765903288741,3989.77,752.76,277856256,230260736,193532776,184.57,10692721
1765903288843,3989.91,752.80,277856256,230260736,193534816,184.57,10692721
1765903288945,3990.04,752.86,277856256,230260736,193536832,184.57,10692721
1765903289047,3993.28,755.20,277856256,230260736,193771848,184.80,10694069
1765903289148,3993.44,755.28,277856256,230260736,193773888,184.80,10694069
1765903289250,3996.35,757.47,277856256,230260736,194009136,185.02,10703608
1765903289352,3996.51,757.53,277856256,230260736,194011176,185.02,10703608
1765903289454,3996.64,757.60,277856256,230260736,194013192,185.03,10703608
1765903289556,4000.06,759.57,277856256,230260736,194262736,185.26,10704954
1765903289658,4000.18,759.64,277856256,230260736,194264776,185.27,10704954
1765903289760,4003.69,762.13,277856256,230260736,194499808,185.49,10706302
1765903289862,4003.82,762.18,277856256,230260736,194501848,185.49,10706302
1765903289965,4003.99,762.25,277856256,230260736,194503864,185.49,10706302
1765903290067,4007.19,764.59,277872640,230260736,194903912,185.87,10707650
1765903290168,4007.31,764.65,277872640,230260736,194905952,185.88,10707650
1765903290269,4010.86,766.80,277872640,230260736,195141232,186.10,10717188
1765903290371,4010.98,766.87,277872640,230260736,195143272,186.10,10717188
1765903290473,4011.11,766.94,277872640,230260736,195145288,186.11,10717188
1765903290576,4016.16,769.02,277872640,230260736,195380536,186.33,10718536
1765903290677,4016.30,769.08,277872640,230260736,195382576,186.33,10718536
1765903290779,4022.08,771.57,277889024,230260736,195617264,186.56,10719883
1765903290881,4022.18,771.62,277889024,230260736,195619304,186.56,10719883
1765903290985,4024.23,772.91,277889024,230260736,195737584,186.67,10720560
1765903291086,4025.63,774.02,277889024,230260736,195855592,186.78,10721231
1765903291189,4025.75,774.07,277889024,230260736,195857672,186.78,10721231
1765903291290,4029.03,776.30,277905408,230260736,196092216,187.01,10730771
1765903291393,4029.14,776.37,277905408,230260736,196094256,187.01,10730771
1765903291493,4031.16,777.41,277905408,230260736,196328616,187.23,10732119
1765903291595,4031.30,777.49,277905408,230260736,196330656,187.24,10732119
1765903291696,4031.42,777.55,277544960,230260736,196332672,187.24,10732119
1765903291798,4033.39,779.03,277544960,230260736,196566992,187.46,10733467
1765903291900,4033.49,779.08,277544960,230260736,196569032,187.46,10733467
1765903292002,4036.44,780.97,277561344,230260736,196803504,187.69,10734815
1765903292104,4036.54,781.01,277561344,230260736,196805544,187.69,10734815
1765903292206,4036.66,781.07,277561344,230260736,196807560,187.69,10734815
1765903292307,4039.82,783.41,277561344,230260736,197042176,187.91,10744355
1765903292409,4039.94,783.47,277561344,230260736,197044216,187.92,10744355
1765903292511,4042.59,785.50,277561344,230260736,197278544,188.14,10745702
1765903292613,4042.72,785.56,277561344,230260736,197280584,188.14,10745702
1765903292715,4042.83,785.61,277561344,230260736,197282600,188.14,10745702
1765903292817,4047.55,788.08,277577728,230260736,197516728,188.37,10747049
1765903292919,4047.65,788.13,277577728,230260736,197518768,188.37,10747049
1765903293021,4051.11,790.13,277577728,230260736,197752840,188.59,10748396
1765903293123,4051.25,790.20,277561344,230260736,197754880,188.59,10748396
1765903293225,4051.39,790.27,277561344,230260736,197756896,188.60,10748396
1765903293327,4055.01,792.48,277561344,230260736,197991496,188.82,10757935
1765903293429,4055.14,792.51,277561344,230260736,197993536,188.82,10757935
1765903293531,4058.76,793.85,277577728,230260736,198228760,189.05,10759283
1765903293633,4058.89,793.90,277577728,230260736,198230800,189.05,10759283
1765903293734,4060.94,795.12,277577728,230260736,198348888,189.16,10759960
1765903293837,4064.85,796.37,277594112,230260736,198468080,189.27,10760630
1765903293939,4064.97,796.42,277594112,230260736,198470120,189.28,10760630
1765903294041,4068.38,798.63,277594112,230260736,198704080,189.50,10761978
1765903294143,4068.51,798.69,277594112,230260736,198706120,189.50,10761978
1765903294245,4071.50,800.73,277594112,230260736,198940280,189.72,10771518
1765903294347,4071.64,800.77,277594112,230260736,198942320,189.73,10771518
1765903294449,4071.73,800.83,277594112,230260736,198944336,189.73,10771518
1765903294551,4075.56,802.94,277610496,230260736,199178344,189.95,10772865
1765903294653,4075.71,803.02,277610496,230260736,199180384,189.95,10772865
1765903294753,4078.90,805.23,277610496,230260736,199414360,190.18,10774213
1765903294855,4079.01,805.27,277610496,230260736,199416400,190.18,10774213
1765903294957,4079.12,805.33,277610496,230260736,199418416,190.18,10774213
1765903295059,4082.43,807.85,277610496,230260736,199652360,190.40,10775560
1765903295161,4082.63,807.93,277610496,230260736,199655008,190.41,10775560
1765903295264,4086.09,810.24,277626880,230260736,199889184,190.63,10785099
1765903295365,4086.19,810.29,277626880,230260736,199891224,190.63,10785099
1765903295467,4086.29,810.34,277626880,230260736,199893240,190.63,10785099
1765903295570,4089.03,812.30,277626880,230260736,200127312,190.86,10786446
1765903295672,4089.15,812.37,277626880,230260736,200129352,190.86,10786446
1765903295773,4091.75,813.45,277643264,230260736,200364232,191.08,10787794
1765903295876,4091.86,813.50,277643264,230260736,200366272,191.08,10787794
1765903295977,4091.99,813.56,277643264,230260736,200368288,191.09,10787794
1765903296079,4097.06,815.70,277643264,230260736,200602248,191.31,10789142
1765903296181,4097.21,815.77,277643264,230260736,200604592,191.31,10789142
1765903296283,4103.90,818.09,277643264,230260736,200841240,191.54,10798681
1765903296385,4104.06,818.13,277643264,230260736,200843280,191.54,10798681
1765903296486,4106.00,819.63,277643264,230260736,201248064,191.93,10800029
1765903296588,4106.07,819.68,277643264,230260736,201250104,191.93,10800029
1765903296690,4106.17,819.71,277643264,230260736,201252120,191.93,10800029
1765903296791,4109.23,821.93,277659648,230260736,201486024,192.15,10801377
1765903296893,4109.37,822.01,277659648,230260736,201488064,192.15,10801377
1765903296995,4110.97,822.95,277659648,230260736,201721880,192.38,10802724
1765903297098,4111.02,822.97,277659648,230260736,201723920,192.38,10802724
1765903297199,4111.08,823.00,277659648,230260736,201725936,192.38,10802724
1765903297301,4114.37,825.63,277659648,230260736,201959968,192.60,10812263
1765903297403,4114.50,825.69,277659648,230260736,201962008,192.61,10812263
1765903297505,4117.83,827.87,277676032,230260736,202195816,192.83,10813611
1765903297607,4117.92,827.90,277676032,230260736,202197856,192.83,10813611
1765903297709,4118.04,827.96,277676032,230260736,202199872,192.83,10813611
1765903297811,4121.10,830.20,277676032,230260736,202433768,193.06,10814959
1765903297913,4121.23,830.27,277676032,230260736,202435808,193.06,10814959
1765903298015,4126.46,832.67,277708800,230260736,202669528,193.28,10816306
1765903298117,4126.54,832.72,277708800,230260736,202671568,193.28,10816306
1765903298219,4126.65,832.78,277708800,230260736,202673584,193.28,10816306
1765903298321,4130.35,834.95,277708800,230260736,202907464,193.51,10825845
1765903298423,4130.51,835.01,277708800,230260736,202909504,193.51,10825845
1765903298525,4134.26,837.29,277708800,230260736,203143168,193.73,10827192
1765903298626,4134.39,837.35,277708800,230260736,203145208,193.73,10827192
1765903298728,4134.50,837.41,277708800,230260736,203147224,193.74,10827192
1765903298830,4138.75,839.64,277725184,230260736,203380744,193.96,10828540
1765903298932,4138.84,839.68,277725184,230260736,203382784,193.96,10828540
1765903299034,4141.91,841.63,277725184,230260736,203616160,194.18,10829887
1765903299136,4142.00,841.66,277725184,230260736,203618200,194.19,10829887
1765903299236,4145.70,843.54,277725184,230260736,203851688,194.41,10839426
1765903299337,4147.88,843.68,277725184,230260736,203854688,194.41,10839426
1765903299439,4147.99,843.73,277725184,230260736,203856704,194.41,10839426
1765903299541,4161.61,846.33,277757952,230260736,204091592,194.64,10840773
1765903299642,4161.70,846.37,277757952,230260736,204093632,194.64,10840773
1765903299743,4165.20,848.72,277774336,230260736,204326784,194.86,10842120
1765903299845,4165.32,848.80,277774336,230260736,204328824,194.86,10842120
1765903299947,4165.46,848.86,277774336,230260736,204330840,194.87,10842120
1765903300049,4168.94,851.05,277774336,230260736,204563984,195.09,10843467
1765903300151,4169.05,851.09,277774336,230260736,204566024,195.09,10843467
1765903300253,4172.36,853.33,277774336,230260736,204799408,195.31,10853006
1765903300355,4172.45,853.37,277774336,230260736,204801448,195.31,10853006
1765903300457,4172.54,853.42,277774336,230260736,204803464,195.32,10853006
1765903300559,4175.69,855.53,277790720,230260736,205036600,195.54,10854354
1765903300661,4175.78,855.56,277790720,230260736,205038640,195.54,10854354
1765903300763,4178.56,857.67,277790720,230260736,205272088,195.76,10855701
1765903300865,4178.71,857.71,277790720,230260736,205274128,195.76,10855701
1765903300968,4178.93,857.83,277790720,230260736,205276144,195.77,10855701
1765903301068,4182.29,860.20,277790720,230260736,205509312,195.99,10857048
1765903301170,4182.40,860.25,277790720,230260736,205511352,195.99,10857048
1765903301270,4185.55,862.43,277807104,230260736,205744712,196.21,10866588
1765903301372,4185.67,862.48,277807104,230260736,205746752,196.22,10866588
1765903301473,4185.80,862.54,277807104,230260736,205748768,196.22,10866588
1765903301575,4188.83,864.85,277807104,230260736,205981920,196.44,10867935
1765903301677,4188.96,864.91,277807104,230260736,205983960,196.44,10867935
1765903301780,4192.50,866.86,277807104,230260736,206217136,196.66,10869282
1765903301882,4192.61,866.92,277807104,230260736,206219176,196.67,10869282
1765903301984,4195.31,868.26,277807104,230260736,206336920,196.78,10869959
1765903302086,4196.86,869.28,277823488,230260736,206454168,196.89,10870629
1765903302188,4196.98,869.34,277823488,230260736,206456208,196.89,10870629
1765903302290,4200.32,871.75,277823488,230260736,206689264,197.11,10880168
1765903302392,4200.44,871.81,277823488,230260736,206691304,197.12,10880168
1765903302494,4203.32,874.01,277823488,230260736,206924120,197.34,10881515
1765903302596,4203.47,874.08,277823488,230260736,206926160,197.34,10881515
1765903302698,4203.57,874.14,277823488,230260736,206928176,197.34,10881515
1765903302800,4210.89,877.06,277823488,230260736,193842648,184.86,10882863
1765903302902,4210.96,877.10,277823488,230260736,193844688,184.86,10882863
1765903303004,4213.86,879.37,277823488,230260736,194077784,185.09,10769522
1765903303105,4213.98,879.41,277823488,230260736,194079824,185.09,10769522
1765903303207,4214.11,879.48,277823488,230260736,194081840,185.09,10769522
1765903303309,4217.14,881.70,277839872,230260736,194315152,185.31,10779062
1765903303411,4217.27,881.76,277839872,230260736,194317192,185.32,10779062
1765903303513,4221.29,883.54,277839872,230260736,194550664,185.54,10780409
1765903303614,4221.40,883.58,277839872,230260736,194552704,185.54,10780409
1765903303716,4221.54,883.63,277839872,230260736,194554720,185.54,10780409
1765903303818,4225.71,885.86,277839872,230260736,194787832,185.76,10781757
1765903303920,4225.84,885.92,277839872,230260736,194789872,185.77,10781757
1765903304022,4228.85,888.28,277856256,230260736,195023032,185.99,10783105
1765903304125,4228.95,888.33,277856256,230260736,195025072,185.99,10783105
1765903304226,4229.04,888.37,277856256,230260736,195027088,185.99,10783105
1765903304328,4232.10,890.51,277856256,230260736,195260400,186.21,10792644
1765903304430,4232.24,890.58,277856256,230260736,195262440,186.22,10792644
1765903304532,4235.10,892.62,277856256,230260736,195495608,186.44,10793990
1765903304633,4235.17,892.65,277856256,230260736,195497648,186.44,10793990
1765903304734,4237.13,893.87,277872640,230260736,195615312,186.55,10794667
1765903304835,4238.56,895.15,277872640,230260736,195732728,186.67,10795337
1765903304937,4238.68,895.21,277872640,230260736,195734768,186.67,10795337
1765903305038,4244.72,897.55,277872640,230260736,195968640,186.89,10796684
1765903305139,4244.80,897.58,277872640,230260736,195970680,186.89,10796684
1765903305240,4248.19,899.60,277872640,230260736,196204024,187.11,10806223
1765903305342,4248.31,899.65,277872640,230260736,196206064,187.12,10806223
1765903305444,4248.43,899.70,277872640,230260736,196208080,187.12,10806223
1765903305546,4251.83,901.57,277889024,230260736,196441304,187.34,10807570
1765903305648,4251.92,901.61,277889024,230260736,196443344,187.34,10807570
1765903305750,4261.60,903.79,277905408,230260736,196676832,187.57,10808918
1765903305852,4262.06,903.82,277905408,230260736,196678928,187.57,10808918
1765903305954,4262.18,903.86,277905408,230260736,196680944,187.57,10808918
1765903306055,4265.41,906.20,277905408,230260736,196912512,187.79,10810266
1765903306156,4265.65,906.27,277905408,230260736,196914552,187.79,10810266
1765903306258,4268.87,908.60,277905408,230260736,197146344,188.01,10819805
1765903306361,4268.97,908.67,277905408,230260736,197148384,188.02,10819805
1765903306462,4269.15,908.73,277905408,230260736,197150400,188.02,10819805
1765903306564,4272.77,910.91,277921792,230260736,197381984,188.24,10821153
1765903306666,4272.94,910.98,277921792,230260736,197384024,188.24,10821153
1765903306767,4276.17,913.28,277921792,230260736,197615608,188.46,10822500
1765903306870,4276.26,913.31,277921792,230260736,197617648,188.46,10822500
1765903306972,4276.37,913.36,277921792,230260736,197619664,188.46,10822500
1765903307074,4279.95,915.30,277921792,230260736,197851240,188.69,10823848
1765903307176,4280.09,915.37,277921792,230260736,197853280,188.69,10823848
1765903307279,4283.57,917.77,277938176,230260736,198085088,188.91,10833387
1765903307380,4283.68,917.81,277938176,230260736,198087128,188.91,10833387
1765903307484,4285.63,918.88,277938176,230260736,198204072,189.02,10834064
1765903307585,4287.02,919.86,277938176,230260736,198320704,189.13,10834734
1765903307687,4287.17,919.93,277938176,230260736,198322744,189.14,10834734
1765903307788,4291.89,922.42,277954560,230260736,198554512,189.36,10836082
1765903307890,4291.97,922.45,277954560,230260736,198556552,189.36,10836082
1765903307991,4300.66,924.24,277970944,230260736,198791000,189.58,10837429
1765903308092,4300.75,924.28,277970944,230260736,198793040,189.58,10837429
1765903308194,4300.91,924.34,277970944,230260736,198795056,189.59,10837429
1765903308296,4313.66,926.66,277987328,230522880,199288656,190.06,10846968
1765903308398,4313.74,926.70,277987328,230522880,199290696,190.06,10846968
1765903308500,4316.65,928.91,278003712,230522880,199517656,190.27,10848315
1765903308601,4316.72,928.94,278003712,230522880,199519696,190.28,10848315
1765903308703,4316.82,929.00,278003712,230522880,199521712,190.28,10848315
1765903308805,4320.11,931.12,278036480,230522880,199748600,190.50,10849663
1765903308907,4320.19,931.15,278036480,230522880,199750640,190.50,10849663
1765903309009,4323.55,933.38,278052864,230522880,199977504,190.71,10851009
1765903309111,4323.66,933.42,278052864,230522880,199979544,190.72,10851009
1765903309213,4323.83,933.48,278052864,230522880,199981560,190.72,10851009
1765903309315,4326.90,935.89,278052864,230522880,200208680,190.93,10860549
1765903309417,4327.05,935.93,278052864,230522880,200210720,190.94,10860549
1765903309519,4330.21,938.13,278069248,230522880,200437672,191.15,10861897
1765903309620,4330.31,938.17,278069248,230522880,200439712,191.15,10861897
1765903309722,4330.43,938.22,278069248,230522880,200441728,191.16,10861897
1765903309823,4333.66,940.39,278069248,230522880,200669200,191.37,10863244
1765903309925,4333.80,940.47,278069248,230522880,200671240,191.38,10863244
1765903310026,4337.07,942.79,278069248,230522880,200898128,191.59,10864591
1765903310127,4337.20,942.85,278069248,230522880,200900168,191.59,10864591
1765903310229,4337.33,942.91,278069248,230522880,200902184,191.60,10864591
1765903310331,4340.08,944.85,278085632,230522880,201129440,191.81,10874130
1765903310433,4340.20,944.92,278085632,230522880,201131480,191.81,10874130
1765903310533,4342.53,946.63,278085632,230522880,201358368,192.03,10875477
1765903310636,4342.63,946.68,278085632,230522880,201360408,192.03,10875477
1765903310737,4345.72,949.12,278085632,230522880,201587760,192.25,10876824
1765903310837,4345.88,949.21,278085632,230522880,201589800,192.25,10876824
1765903310939,4346.01,949.27,278085632,230522880,201591816,192.25,10876824
1765903311041,4351.07,951.56,278102016,230522880,201819728,192.47,10878172
1765903311143,4351.20,951.64,278102016,230522880,201821768,192.47,10878172
1765903311245,4354.76,953.51,278102016,230522880,202048872,192.69,10887712
1765903311347,4354.87,953.59,278102016,230522880,202050912,192.69,10887712
1765903311449,4355.01,953.65,278102016,230522880,202052928,192.69,10887712
1765903311551,4357.90,956.02,278118400,230522880,202279824,192.91,10889060
1765903311654,4358.04,956.08,278118400,230522880,202281864,192.91,10889060
1765903311755,4364.39,958.21,278118400,230522880,202510696,193.13,10890407
1765903311857,4364.50,958.26,278118400,230522880,202512736,193.13,10890407
1765903311960,4364.61,958.32,278118400,230522880,202514752,193.13,10890407
1765903312062,4367.76,960.73,278118400,230522880,202741696,193.35,10891754
1765903312164,4367.89,960.82,278118400,230522880,202743736,193.35,10891754
1765903312266,4370.78,962.85,278134784,230522880,202970880,193.57,10901294
1765903312368,4370.87,962.88,278134784,230522880,202972920,193.57,10901294
1765903312470,4371.00,962.96,278134784,230522880,202974936,193.57,10901294
1765903312572,4374.05,965.48,278134784,230522880,203201824,193.79,10902642
1765903312674,4374.21,965.55,278134784,230522880,203203864,193.79,10902642
1765903312776,4377.06,967.77,278151168,230522880,203430784,194.01,10903990
1765903312878,4377.19,967.83,278151168,230522880,203432824,194.01,10903990
1765903312983,4378.78,969.02,278151168,230522880,203547384,194.12,10904667
1765903313085,4380.32,970.13,278151168,230522880,203661696,194.23,10905337
1765903313187,4380.45,970.20,278151168,230522880,203663736,194.23,10905337
1765903313290,4383.72,972.13,278151168,230522880,203890864,194.45,10914877
1765903313391,4383.84,972.20,278151168,230522880,203892904,194.45,10914877
1765903313492,4392.78,974.65,278183936,230522880,204122184,194.67,10916224
1765903313594,4392.91,974.72,278183936,230522880,204124224,194.67,10916224
1765903313696,4393.03,974.78,278183936,230522880,204126240,194.67,10916224
1765903313797,4395.97,976.75,278183936,230522880,204353064,194.89,10917571
1765903313899,4396.15,976.82,278183936,230522880,204355104,194.89,10917571
1765903314001,4399.45,978.73,278200320,230522880,204581984,195.10,10918919
1765903314103,4399.55,978.77,278200320,230522880,204584024,195.11,10918919
1765903314206,4399.68,978.82,278200320,230522880,204586040,195.11,10918919
1765903314308,4407.10,980.73,278200320,230522880,204813704,195.33,10928458
1765903314410,4407.25,980.79,278200320,230522880,204815744,195.33,10928458
1765903314512,4413.84,983.15,278216704,230522880,205043352,195.54,10929806
1765903314614,4413.91,983.18,278216704,230522880,205045392,195.55,10929806
1765903314716,4414.01,983.22,278216704,230522880,205047408,195.55,10929806
1765903314818,4417.30,985.63,278216704,230522880,205274168,195.76,10931154
1765903314920,4417.42,985.68,278216704,230522880,205276208,195.77,10931154
1765903315023,4422.84,988.08,278216704,230522880,205502688,195.98,10932501
1765903315123,4422.94,988.11,278216704,230522880,205504728,195.98,10932501
1765903315225,4423.09,988.16,278216704,230522880,205506744,195.99,10932501
1765903315328,4425.99,990.05,278233088,230522880,205733544,196.20,10942041
1765903315429,4426.11,990.10,278233088,230522880,205735584,196.20,10942041
1765903315531,4429.18,992.37,278233088,230522880,205962056,196.42,10943389
1765903315631,4429.29,992.43,278233088,230522880,205964096,196.42,10943389
1765903315734,4431.14,993.32,278249472,230522880,206078440,196.53,10944066
1765903315836,4432.75,994.29,278249472,230522880,206192616,196.64,10944737
1765903315938,4432.86,994.36,278249472,230522880,206194656,196.64,10944737
1765903316040,4435.79,996.68,278249472,230522880,206423040,196.86,10946084
1765903316142,4435.89,996.74,278249472,230522880,206425080,196.86,10946084
1765903316243,4438.89,998.80,278249472,230522880,206657936,197.08,10955624
1765903316346,4439.03,998.89,278249472,230522880,206659976,197.09,10955624
1765903316447,4439.16,998.97,278249472,230522880,206661992,197.09,10955624
1765903316550,4442.39,1001.07,278249472,230522880,206894208,197.31,10956972
1765903316651,4442.47,1001.10,278249472,230522880,206896248,197.31,10956972
1765903316753,4445.65,1003.13,278249472,230522880,207128408,197.53,10958320
1765903316855,4445.76,1003.16,278249472,230522880,207130480,197.54,10958320
1765903316956,4445.84,1003.20,278249472,230522880,207132528,197.54,10958320
1765903317057,4448.96,1005.16,278249472,230522880,207365224,197.76,10959667
1765903317159,4449.08,1005.22,278249472,230522880,207367296,197.76,10959667
1765903317261,4462.21,1013.35,252018688,204832768,196338784,187.24,10846326
1765903317363,4462.31,1013.41,252018688,204832768,196340824,187.25,10846326
1765903317465,4462.47,1013.48,252018688,204832768,196342840,187.25,10846326
1765903317567,4465.93,1015.56,252035072,204832768,196569320,187.46,10847674
1765903317669,4466.04,1015.60,252035072,204832768,196571360,187.47,10847674
1765903317771,4470.25,1017.92,252035072,204832768,196797816,187.68,10849022
1765903317873,4470.37,1017.95,252035072,204832768,196799856,187.68,10849022
1765903317975,4470.48,1018.03,252035072,204832768,196801872,187.68,10849022
1765903318077,4473.68,1020.40,252035072,204832768,197028352,187.90,10850369
1765903318179,4473.80,1020.45,252035072,204832768,197030392,187.90,10850369
1765903318281,4477.14,1022.83,252035072,204832768,197289192,188.15,10859908
1765903318383,4477.22,1022.86,252035072,204832768,197291232,188.15,10859908
1765903318485,4479.13,1023.94,252035072,204832768,197405576,188.26,10860585
1765903318586,4480.55,1024.98,252035072,204832768,197519672,188.37,10861256
1765903318688,4480.67,1025.03,252035072,204832768,197521712,188.37,10861256
1765903318789,4483.39,1026.90,252035072,204832768,197748168,188.59,10862604
1765903318891,4483.48,1026.93,252035072,204832768,197750208,188.59,10862604
1765903318992,4486.40,1028.74,252051456,204832768,197976704,188.81,10863952
1765903319094,4486.53,1028.78,252051456,204832768,197978744,188.81,10863952
1765903319197,4486.69,1028.83,252051456,204832768,197980760,188.81,10863952
1765903319299,4489.85,1030.83,252051456,204832768,198207432,189.03,10873492
1765903319401,4489.93,1030.88,252051456,204832768,198209472,189.03,10873492
1765903319503,4493.05,1032.73,252051456,204832768,198662808,189.46,10874840
1765903319604,4493.13,1032.76,252051456,204832768,198664848,189.46,10874840
1765903319707,4493.20,1032.79,252051456,204832768,198666864,189.46,10874840
1765903319808,4500.44,1035.36,252051456,204832768,198893848,189.68,10876187
1765903319910,4503.92,1035.42,252067840,204832768,198896976,189.68,10876187
1765903320012,4511.21,1039.59,255737856,222134272,196832776,187.71,10861150
1765903320113,4511.37,1039.64,255754240,222134272,196834312,187.72,10861150
1765903320215,4511.55,1039.75,255754240,222134272,196835824,187.72,10861150
1765903320317,4514.39,1041.85,255967232,222134272,197061904,187.93,10870690
1765903320419,4514.49,1041.90,255967232,222134272,197063440,187.93,10870690
1765903320521,4517.05,1043.79,256196608,222134272,197289192,188.15,10872037
1765903320623,4517.16,1043.85,256196608,222134272,197290696,188.15,10872037
1765903320725,4517.26,1043.91,256196608,222134272,197292208,188.15,10872037
1765903320825,4521.85,1045.93,256425984,222134272,197518424,188.37,10873385
1765903320927,4521.95,1045.99,256425984,222134272,197519960,188.37,10873385
1765903321030,4525.00,1048.44,256638976,222134272,197745800,188.59,10874732
1765903321131,4525.13,1048.51,256638976,222134272,197747336,188.59,10874732
1765903321234,4526.87,1049.80,256770048,222134272,197861304,188.70,10883601
1765903321336,4528.19,1050.93,256884736,222134272,197974872,188.80,10884272
1765903321438,4528.32,1050.98,256884736,222134272,197976408,188.81,10884272
1765903321541,4535.74,1053.23,257097728,222134272,198204016,189.02,10885619
1765903321642,4535.81,1053.27,257097728,222134272,198205552,189.02,10885619
1765903321742,4538.76,1055.42,257343488,222134272,198431304,189.24,10886966
1765903321844,4538.87,1055.47,257343488,222134272,198432840,189.24,10886966
1765903321946,4538.97,1055.53,257343488,222134272,198434352,189.24,10886966
1765903322047,4542.41,1057.77,257556480,222134272,198660216,189.46,10888314
1765903322149,4542.52,1057.83,257556480,222134272,198661752,189.46,10888314
1765903322252,4548.82,1060.11,257802240,222134272,198901936,189.69,10897853
1765903322353,4548.91,1060.15,257802240,222134272,198903472,189.69,10897853
1765903322455,4549.01,1060.21,257802240,222134272,198904984,189.69,10897853
1765903322557,4551.94,1062.63,258015232,222134272,199130640,189.91,10899200
1765903322659,4552.02,1062.67,258015232,222134272,199132176,189.91,10899200
1765903322761,4555.10,1064.83,258228224,222134272,199357744,190.12,10900547
1765903322864,4555.21,1064.86,258228224,222134272,199359280,190.12,10900547
1765903322965,4555.38,1064.97,258228224,222134272,199360792,190.13,10900547
1765903323067,4558.67,1067.09,258457600,222134272,199586352,190.34,10901894
1765903323169,4558.77,1067.16,258473984,222134272,199587888,190.34,10901894
1765903323271,4562.53,1069.17,258686976,222134272,199813784,190.56,10911433
1765903323373,4562.65,1069.22,258686976,222134272,199815320,190.56,10911433
1765903323475,4562.75,1069.28,258686976,222134272,199816832,190.56,10911433
1765903323577,4566.04,1071.62,258899968,222134272,200042472,190.78,10912781
1765903323679,4566.16,1071.68,258899968,222134272,200044008,190.78,10912781
1765903323779,4568.96,1073.71,259129344,222134272,200269584,190.99,10914129
1765903323881,4569.07,1073.77,259129344,222134272,200271120,190.99,10914129
1765903323983,4570.82,1074.97,259244032,222134272,200384768,191.10,10914806
1765903324085,4571.74,1075.66,259358720,222134272,200498144,191.21,10915477
1765903324187,4571.83,1075.70,259358720,222134272,200499680,191.21,10915477
1765903324289,4575.85,1078.08,259588096,222134272,200725632,191.43,10925016
1765903324392,4575.98,1078.14,259588096,222134272,200727168,191.43,10925016
1765903324492,4578.87,1080.39,259801088,222134272,200952720,191.64,10926362
1765903324594,4578.99,1080.44,259801088,222134272,200954256,191.64,10926362
1765903324697,4579.13,1080.50,259801088,222134272,200955768,191.65,10926362
1765903324798,4582.14,1082.73,260014080,222134272,201181776,191.86,10927709
1765903324900,4582.28,1082.78,260030464,222134272,201183312,191.86,10927709
1765903325002,4585.13,1084.78,260259840,222134272,201408904,192.08,10929056
1765903325104,4585.21,1084.81,260259840,222134272,201410440,192.08,10929056
1765903325206,4585.63,1085.03,260276224,222134272,201427432,192.10,10929060
1765903325308,4588.90,1087.16,260489216,222134272,201653256,192.31,10938598
1765903325410,4589.00,1087.22,260489216,222134272,201654792,192.31,10938598
1765903325512,4592.11,1089.68,260718592,222134272,201880400,192.53,10939946
1765903325615,4592.21,1089.73,260718592,222134272,201881936,192.53,10939946
1765903325717,4592.31,1089.79,260718592,222134272,201883448,192.53,10939946
1765903325817,4609.93,1092.33,260964352,222134272,202127216,192.76,10941294
1765903325919,4610.04,1092.39,260964352,222134272,202128752,192.76,10941294
1765903326021,4613.04,1094.69,261177344,222134272,202349432,192.98,10942641
1765903326123,4613.11,1094.72,261177344,222134272,202350968,192.98,10942641
1765903326225,4613.50,1094.86,261193728,222134272,202367608,192.99,10942645
1765903326327,4616.12,1096.95,261439488,222134272,202588392,193.20,10952184
1765903326429,4616.29,1097.02,261439488,222134272,202589928,193.20,10952184
1765903326530,4619.38,1099.47,261636096,222134272,202810552,193.42,10953531
1765903326632,4619.47,1099.52,261652480,222134272,202812088,193.42,10953531
1765903326733,4621.12,1100.77,261750784,222134272,202923312,193.52,10954208
1765903326835,4622.41,1101.94,261849088,222134272,203034176,193.63,10954878
1765903326936,4622.51,1101.98,261849088,222134272,203035712,193.63,10954878
1765903327038,4625.42,1104.09,262078464,222134272,203256296,193.84,10956225
1765903327139,4625.51,1104.11,262078464,222134272,203257832,193.84,10956225
1765903327240,4628.54,1105.89,262291456,222134272,203478696,194.05,10965765
1765903327342,4628.65,1105.96,262291456,222134272,203480232,194.05,10965765
1765903327443,4628.76,1106.02,262291456,222134272,203481744,194.06,10965765
1765903327545,4634.23,1108.28,262520832,222134272,203868328,194.42,10967112
1765903327647,4634.32,1108.36,262520832,222134272,203869864,194.43,10967112
1765903327749,4636.80,1110.14,262733824,222134272,204090496,194.64,10968459
1765903327850,4636.88,1110.17,262733824,222134272,204092032,194.64,10968459
1765903327952,4637.00,1110.21,262733824,222134272,204093544,194.64,10968459
1765903328054,4640.00,1112.48,262946816,222134272,204314088,194.85,10969807
1765903328156,4640.11,1112.54,262946816,222134272,204315624,194.85,10969807
1765903328258,4654.23,1114.60,263176192,222134272,204537736,195.06,10979346
1765903328360,4654.31,1114.64,263192576,222134272,204539272,195.06,10979346
1765903328462,4654.42,1114.69,263192576,222134272,204540784,195.07,10979346
1765903328564,4658.39,1117.00,263405568,222134272,204761232,195.28,10980693
1765903328666,4658.52,1117.08,263405568,222134272,204762768,195.28,10980693
1765903328769,4661.40,1119.18,263618560,222134272,204983304,195.49,10982039
1765903328871,4661.55,1119.27,263618560,222134272,204984840,195.49,10982039
1765903328973,4661.65,1119.33,263618560,222134272,204986352,195.49,10982039
1765903329075,4664.76,1121.62,263847936,222134272,205206904,195.70,10983387
1765903329176,4664.86,1121.66,263847936,222134272,205208440,195.70,10983387
1765903329279,4667.93,1123.89,264077312,222134272,205429216,195.91,10992926
1765903329381,4668.01,1123.93,264077312,222134272,205430752,195.91,10992926
1765903329483,4671.70,1125.20,264175616,222134272,205542232,196.02,10993603
1765903329585,4675.59,1127.03,264716288,222920704,198322776,189.14,10994273
1765903329687,4675.70,1127.08,264716288,222920704,198324312,189.14,10994273
1765903329789,4678.63,1129.31,264732672,222920704,198544776,189.35,10913693
1765903329892,4678.73,1129.36,264732672,222920704,198546312,189.35,10913693
1765903329992,4681.64,1131.63,264814592,222920704,198766752,189.56,10915040
1765903330093,4681.77,1131.70,264814592,222920704,198768288,189.56,10915040
1765903330195,4681.87,1131.75,264814592,222920704,198769800,189.56,10915040
1765903330298,4683.14,1132.64,264814592,222920704,198990736,189.77,10924580
1765903330399,4683.21,1132.68,264814592,222920704,198992272,189.77,10924580
1765903330500,4684.73,1133.75,264814592,222920704,199320408,190.09,10925927
1765903330602,4684.82,1133.80,264814592,222920704,199321944,190.09,10925927
1765903330704,4684.93,1133.85,264814592,222920704,199323456,190.09,10925927
1765903330806,4687.75,1136.11,264830976,222920704,199543928,190.30,10927274
1765903330909,4687.91,1136.17,264830976,222920704,199545464,190.30,10927274
1765903331010,4691.02,1138.41,264830976,222920704,199765920,190.51,10928622
1765903331112,4691.17,1138.47,264830976,222920704,199767456,190.51,10928622
1765903331215,4691.40,1138.60,264830976,222920704,199768968,190.51,10928622
1765903331317,4694.61,1140.77,264830976,222920704,199989680,190.73,10938162
1765903331419,4694.69,1140.82,264830976,222920704,199991216,190.73,10938162
1765903331521,4698.02,1143.06,264847360,222920704,200211784,190.94,10939509
1765903331623,4698.09,1143.11,264847360,222920704,200213320,190.94,10939509
1765903331725,4698.17,1143.15,264847360,222920704,200214832,190.94,10939509
1765903331827,4701.13,1145.23,264847360,222920704,200435464,191.15,10940856
1765903331929,4701.22,1145.27,264847360,222920704,200437000,191.15,10940856
1765903332031,4704.59,1147.23,264863744,222920704,200657440,191.36,10942204
1765903332132,4704.72,1147.27,264863744,222920704,200658976,191.36,10942204
1765903332233,4706.45,1148.53,264863744,222920704,200770328,191.47,10951073
1765903332335,4707.92,1149.59,264863744,222920704,200881128,191.58,10951742
1765903332437,4708.05,1149.66,264863744,222920704,200882664,191.58,10951742
1765903332539,4711.10,1151.66,264863744,222920704,201103152,191.79,10953089
1765903332640,4711.20,1151.71,264863744,222920704,201104688,191.79,10953089
1765903332740,4714.29,1153.75,264880128,222920704,201325280,192.00,10954436
1765903332842,4714.40,1153.80,264880128,222920704,201326816,192.00,10954436
1765903332945,4714.55,1153.86,264880128,222920704,201328328,192.00,10954436
1765903333047,4717.63,1156.18,264880128,222920704,201548832,192.21,10955783
1765903333149,4717.76,1156.22,264880128,222920704,201550368,192.21,10955783
1765903333250,4720.29,1157.82,264945664,222920704,201771016,192.42,10965321
1765903333352,4720.35,1157.85,264945664,222920704,201772552,192.43,10965321
1765903333454,4720.44,1157.89,264945664,222920704,201774064,192.43,10965321
1765903333556,4723.61,1160.30,265175040,222920704,201994520,192.64,10966669
1765903333659,4723.73,1160.34,265175040,222920704,201996056,192.64,10966669
1765903333760,4726.83,1162.44,265388032,222920704,202216496,192.85,10968016
1765903333861,4726.92,1162.47,265388032,222920704,202218032,192.85,10968016
1765903333963,4727.01,1162.52,265404416,222920704,202219544,192.85,10968016
1765903334064,4730.76,1164.62,265617408,222920704,202440456,193.06,10969364
1765903334167,4730.89,1164.68,265617408,222920704,202441992,193.06,10969364
1765903334267,4754.32,1167.18,265879552,222920704,202839736,193.44,10978904
1765903334369,4754.40,1167.22,265879552,222920704,202841272,193.44,10978904
1765903334471,4754.51,1167.27,265879552,222920704,202842784,193.45,10978904
1765903334573,4757.86,1169.57,266092544,222920704,203064264,193.66,10980250
1765903334674,4757.98,1169.64,266108928,222920704,203065800,193.66,10980250
1765903334776,4761.03,1171.48,266305536,222920704,203287728,193.87,10981597
1765903334878,4761.12,1171.51,266305536,222920704,203289264,193.87,10981597
1765903334979,4761.22,1171.57,266321920,222920704,203290776,193.87,10981597
1765903335081,4768.98,1173.96,266534912,222920704,203513712,194.09,10982945
1765903335183,4769.09,1174.02,266551296,222920704,203515248,194.09,10982945
1765903335285,4772.04,1176.40,266747904,222920704,203737384,194.30,10992485
1765903335387,4772.16,1176.47,266747904,222920704,203738920,194.30,10992485
1765903335487,4775.16,1178.71,266977280,222920704,203960912,194.51,10993833
1765903335590,4775.28,1178.76,266977280,222920704,203962448,194.51,10993833
1765903335691,4775.44,1178.83,266977280,222920704,203963960,194.52,10993833
1765903335793,4785.35,1181.05,267206656,222920704,204189008,194.73,10995180
1765903335895,4785.46,1181.11,267206656,222920704,204190544,194.73,10995180
1765903335997,4788.44,1183.34,267436032,222920704,204411712,194.94,10996528
1765903336099,4788.56,1183.38,267436032,222920704,204413248,194.94,10996528
1765903336200,4789.51,1183.42,267436032,222920704,204414984,194.95,10996528
1765903336302,4792.33,1185.50,267649024,222920704,204636448,195.16,11006067
1765903336404,4792.46,1185.57,267649024,222920704,204637984,195.16,11006067
1765903336506,4795.30,1187.86,267862016,222920704,204859184,195.37,11007414
1765903336608,4795.40,1187.89,267862016,222920704,204860720,195.37,11007414
1765903336710,4795.51,1187.95,267862016,222920704,204862232,195.37,11007414
1765903336812,4811.47,1190.14,268124160,222920704,205086024,195.59,11008761
1765903336915,4811.60,1190.20,268124160,222920704,205087560,195.59,11008761
1765903337016,4814.85,1192.72,268337152,222920704,205308760,195.80,11010109
1765903337116,4814.93,1192.76,268337152,222920704,205310296,195.80,11010109
1765903337219,4815.01,1192.81,268337152,222920704,205311808,195.80,11010109
1765903337321,4817.96,1195.00,268550144,222920704,205533720,196.01,11019647
1765903337424,4818.04,1195.04,268550144,222920704,205535256,196.01,11019647
1765903337527,4820.83,1196.98,268779520,222920704,205756400,196.22,11020994
1765903337628,4820.94,1197.02,268795904,222920704,205757944,196.23,11020994
1765903337730,4821.09,1197.07,268795904,222920704,205759456,196.23,11020994
1765903337831,4824.15,1199.11,269008896,222920704,205980600,196.44,11022341
1765903337933,4824.25,1199.16,269025280,222920704,205982136,196.44,11022341
1765903338035,4834.38,1206.23,254590976,207454208,199917824,190.66,10958152
1765903338137,4834.48,1206.26,254590976,207454208,199919360,190.66,10958152
1765903338237,4837.78,1208.53,254590976,207454208,200140688,190.87,10967691
1765903338338,4837.88,1208.63,254590976,207454208,200142224,190.87,10967691
1765903338440,4837.98,1208.68,254590976,207454208,200143736,190.87,10967691
1765903338542,4840.69,1210.57,254590976,207454208,200364936,191.08,10969038
1765903338644,4840.79,1210.63,254590976,207454208,200366472,191.08,10969038
1765903338745,4843.87,1212.76,254607360,207454208,200587616,191.30,10970385
1765903338848,4843.98,1212.81,254607360,207454208,200589152,191.30,10970385
1765903338949,4844.13,1212.86,254607360,207454208,200590664,191.30,10970385
1765903339051,4847.37,1214.63,254607360,207454208,200811872,191.51,10971732
1765903339153,4847.48,1214.70,254607360,207454208,200813408,191.51,10971732
1765903339254,4850.45,1216.90,254623744,207454208,201034976,191.72,10981272
1765903339357,4850.54,1216.96,254623744,207454208,201036512,191.72,10981272
1765903339459,4850.63,1217.01,254623744,207454208,201038024,191.72,10981272
1765903339562,4855.72,1220.26,256671744,217415680,199975488,190.71,10982619
1765903339662,4855.89,1220.34,256671744,217415680,199977024,190.71,10982619
1765903339763,4865.71,1222.92,256917504,217415680,200411688,191.13,10967583
1765903339865,4865.85,1222.96,256917504,217415680,200413224,191.13,10967583
1765903339967,4866.03,1223.08,256917504,217415680,200414736,191.13,10967583
1765903340069,4868.82,1225.24,257130496,217415680,200635496,191.34,10968931
1765903340171,4868.93,1225.30,257130496,217415680,200637032,191.34,10968931
1765903340271,4872.15,1227.66,257359872,217415680,200858040,191.55,10978470
1765903340372,4872.30,1227.70,257359872,217415680,200859576,191.55,10978470
1765903340474,4872.40,1227.77,257359872,217415680,200861088,191.56,10978470
1765903340576,4876.40,1229.92,257589248,217415680,201081848,191.77,10979818
1765903340679,4876.53,1229.98,257589248,217415680,201083384,191.77,10979818
1765903340780,4879.63,1232.18,257802240,217415680,201304216,191.98,10981166
1765903340880,4879.75,1232.24,257802240,217415680,201305752,191.98,10981166
1765903340984,4881.40,1233.37,257916928,217415680,201417008,192.09,10981843
1765903341085,4884.95,1234.57,258015232,217415680,201528184,192.19,10982514
1765903341187,4885.12,1234.65,258031616,217415680,201529720,192.19,10982514
1765903341288,4888.26,1236.91,258228224,217415680,201750408,192.40,10992053
1765903341390,4888.35,1236.95,258228224,217415680,201751944,192.41,10992053
1765903341491,4891.06,1239.18,258457600,217415680,201972416,192.62,10993399
1765903341593,4891.18,1239.27,258457600,217415680,201973952,192.62,10993399
1765903341695,4891.35,1239.33,258457600,217415680,201975464,192.62,10993399
1765903341797,4894.32,1241.59,258670592,217415680,202195920,192.83,10994746
1765903341899,4894.44,1241.64,258670592,217415680,202197456,192.83,10994746
1765903342001,4897.73,1243.71,258899968,217415680,202417928,193.04,10996093
1765903342103,4897.82,1243.76,258899968,217415680,202419464,193.04,10996093
1765903342205,4897.92,1243.80,258899968,217415680,202420976,193.04,10996093
1765903342307,4901.32,1246.07,259129344,217415680,202641656,193.25,11005633
1765903342409,4901.45,1246.13,259129344,217415680,202643192,193.26,11005633
1765903342512,4909.87,1248.79,259342336,217415680,202865736,193.47,11006980
1765903342613,4909.98,1248.84,259358720,217415680,202867272,193.47,11006980
1765903342715,4910.14,1248.90,259358720,217415680,202868784,193.47,11006980
1765903342817,4913.10,1250.97,259555328,217415680,203088968,193.68,11008327
1765903342919,4913.25,1251.03,259555328,217415680,203090504,193.68,11008327
1765903343021,4916.45,1253.18,259784704,217415680,203310936,193.89,11009674
1765903343123,4916.55,1253.24,259784704,217415680,203312472,193.89,11009674
1765903343225,4916.65,1253.29,259784704,217415680,203313984,193.90,11009674
1765903343327,4919.62,1255.53,259997696,217415680,203534400,194.11,11019213
1765903343429,4919.79,1255.58,259997696,217415680,203535936,194.11,11019213
1765903343531,4922.98,1257.63,260210688,217415680,203756080,194.32,11020561
1765903343634,4933.00,1257.79,260259840,217677824,203967888,194.52,11020561
1765903343734,4934.77,1259.05,260374528,217677824,204078848,194.62,11021238
1765903343836,4936.07,1259.99,260472832,217677824,204189968,194.73,11021909
1765903343939,4936.23,1260.05,260472832,217677824,204191472,194.73,11021909
1765903344040,4938.91,1261.86,260702208,217677824,204411648,194.94,11023256
1765903344142,4939.02,1261.93,260702208,217677824,204413184,194.94,11023256
1765903344243,4942.23,1264.18,260915200,217677824,204633496,195.15,11032795
1765903344345,4942.33,1264.22,260915200,217677824,204635000,195.16,11032795
1765903344447,4942.44,1264.29,260915200,217677824,204636480,195.16,11032795
1765903344549,4945.34,1266.56,261144576,217677824,204856656,195.37,11034143
1765903344651,4945.46,1266.62,261144576,217677824,204858160,195.37,11034143
1765903344753,4951.40,1268.97,261357568,217677824,205078680,195.58,11035490
1765903344855,4951.47,1269.01,261357568,217677824,205080184,195.58,11035490
1765903344957,4951.56,1269.06,261357568,217677824,205081664,195.58,11035490
1765903345059,4957.20,1270.95,261685248,217677824,201282464,191.96,10995876
1765903345161,4957.34,1271.02,261685248,217677824,201283968,191.96,10995876
1765903345264,4960.83,1272.81,261685248,217677824,201526336,192.19,11005415
1765903345364,4960.95,1272.87,261701632,217677824,201527840,192.19,11005415
1765903345466,4961.10,1272.94,261701632,217677824,201529320,192.19,11005415
1765903345568,4964.19,1275.33,261701632,217677824,201749240,192.40,11006762
1765903345670,4964.31,1275.39,261701632,217677824,201750744,192.40,11006762
1765903345771,4967.15,1277.81,261718016,217677824,201970744,192.61,11008110
1765903345873,4967.22,1277.85,261718016,217677824,201972248,192.62,11008110
1765903345975,4967.31,1277.90,261718016,217677824,201973728,192.62,11008110
1765903346077,4969.11,1279.36,261718016,217677824,202193632,192.83,11009457
1765903346179,4969.24,1279.45,261718016,217677824,202195136,192.83,11009457
1765903346281,4971.12,1280.79,261734400,217677824,202415328,193.04,11018997
1765903346384,4971.22,1280.85,261734400,217677824,202416832,193.04,11018997
1765903346485,4973.01,1282.22,261734400,217677824,202636728,193.25,11020344
1765903346587,4973.09,1282.27,261734400,217677824,202638232,193.25,11020344
1765903346689,4973.22,1282.34,261734400,217677824,202639712,193.25,11020344
1765903346791,4975.83,1284.23,261734400,217677824,202859624,193.46,11021692
1765903346893,4975.97,1284.31,261734400,217677824,202861128,193.46,11021692
1765903346995,4978.97,1286.42,261734400,217677824,203096664,193.69,11023039
1765903347097,4979.06,1286.51,261734400,217677824,203098168,193.69,11023039
1765903347199,4979.18,1286.57,261734400,217677824,203099648,193.69,11023039
1765903347301,4982.16,1288.32,261963776,217677824,203319896,193.90,11032579
1765903347403,4982.23,1288.36,261963776,217677824,203321400,193.90,11032579
1765903347504,5005.63,1293.14,269893632,233734144,210089480,200.36,11008680
1765903347605,5209.02,1301.33,284311552,246513664,191048000,182.20,11009351
1765903347705,5365.66,1305.74,289718272,246513664,199043544,189.82,10685985
1765903347807,5411.60,1307.13,289669120,246775808,196545072,187.44,10685985
1765903347909,5411.66,1307.17,289669120,246775808,196546552,187.44,10685985
1765903348011,5411.71,1307.19,289669120,246775808,196548032,187.44,10685985
1765903348113,5411.81,1307.22,289669120,246775808,196549512,187.44,10685985
1765903348216,5411.92,1307.26,289669120,246775808,196550992,187.45,10685985
1765903348318,5425.18,1309.32,289734656,246775808,198217320,189.03,10686863
1765903348420,5425.26,1309.36,289734656,246775808,198218824,189.04,10686863
1765903348520,5425.37,1309.39,289734656,246775808,198220304,189.04,10686863
1765903348623,5425.45,1309.43,289734656,246775808,198221784,189.04,10686863
1765903348724,5425.53,1309.49,289734656,246775808,198223264,189.04,10686863
1765903348826,5425.62,1309.53,289734656,246775808,198224744,189.04,10686863
1765903348928,5425.69,1309.58,289734656,246775808,198226224,189.04,10686863
1765903349030,5425.76,1309.62,289734656,246775808,198227704,189.04,10686863
1765903349131,5425.84,1309.66,289734656,246775808,198229184,189.05,10686863
1765903349233,5425.94,1309.71,289734656,246775808,198230664,189.05,10686863
1765903349333,5426.00,1309.74,289734656,246775808,198232144,189.05,10686863
1765903349435,5426.06,1309.78,289734656,246775808,198233624,189.05,10686863
1765903349537,5426.12,1309.82,289734656,246775808,198235104,189.05,10686863
1765903349639,5426.18,1309.85,289734656,246775808,198236584,189.05,10686863
1765903349741,5426.25,1309.90,289734656,246775808,198238064,189.05,10686863
1765903349844,5426.32,1309.94,289734656,246775808,198239544,189.06,10686863
1765903349946,5426.42,1309.97,289734656,246775808,198241024,189.06,10686863
1765903350048,5426.53,1310.03,289734656,246775808,198242504,189.06,10686863
1765903350150,5426.63,1310.08,289734656,246775808,198243984,189.06,10686863
1765903350252,5426.78,1310.17,289734656,246775808,198245464,189.06,10686863
1765903350354,5426.85,1310.21,289734656,246775808,198246944,189.06,10686863
1765903350455,5426.90,1310.25,289734656,246775808,198248424,189.06,10686863
1765903350556,5426.94,1310.28,289734656,246775808,198249904,189.07,10686863
1765903350658,5427.00,1310.32,289734656,246775808,198251384,189.07,10686863
1765903350760,5427.12,1310.37,289734656,246775808,198252864,189.07,10686863
1765903350862,5427.28,1310.49,289734656,246775808,198254344,189.07,10686863
1765903350962,5427.35,1310.52,289734656,246775808,198255824,189.07,10686863
1765903351063,5427.41,1310.57,289734656,246775808,198257304,189.07,10686863
1765903351165,5427.51,1310.64,289734656,246775808,198258784,189.07,10686863
1765903351267,5427.67,1310.75,289734656,246775808,198260264,189.08,10686863
1765903351370,5427.80,1310.82,289325056,246775808,198261744,189.08,10686863
1765903351472,5427.97,1311.01,281051136,246775808,198263224,189.08,10686863
1765903351574,5428.06,1311.14,281001984,246775808,198264704,189.08,10686863
1765903351676,5428.18,1311.22,280985600,246775808,198266184,189.08,10686863
1765903351777,5428.27,1311.29,280969216,246775808,198267664,189.08,10686863
1765903351880,5428.40,1311.34,280969216,246775808,198269144,189.08,10686863
1765903351980,5428.57,1311.41,280969216,246775808,198270624,189.09,10686863
1765903352080,5428.78,1311.51,280969216,246775808,198272104,189.09,10686863
1765903352182,5428.95,1311.64,280969216,246775808,198273584,189.09,10686863
1765903352284,5429.13,1311.75,280969216,246775808,198275064,189.09,10686863
1765903352386,5429.34,1311.85,280969216,246775808,198276544,189.09,10686863
1765903352488,5429.47,1311.92,280969216,246775808,198278024,189.09,10686863
1765903352590,5429.57,1311.98,280969216,246775808,198279504,189.09,10686863
1765903352692,5429.71,1312.04,280969216,246775808,198280984,189.10,10686863
1765903352794,5429.96,1312.19,280969216,246775808,198282464,189.10,10686863
1765903352896,5430.15,1312.31,280969216,246775808,198283944,189.10,10686863
1765903352998,5430.29,1312.40,280969216,246775808,198285648,189.10,10695055
1765903353100,5430.46,1312.51,280969216,246775808,198287152,189.10,10695055
1765903353202,5430.56,1312.57,280969216,246775808,198288632,189.10,10695055
1765903353304,5430.62,1312.63,280969216,246775808,198290112,189.10,10695055
1765903353407,5430.73,1312.68,280969216,246775808,198291592,189.11,10695055
1765903353509,5430.80,1312.75,280969216,246775808,198293072,189.11,10695055
1765903353610,5430.86,1312.82,280969216,246775808,198294552,189.11,10695055
1765903353712,5430.92,1312.85,280969216,246775808,198296032,189.11,10695055
1765903353812,5431.00,1312.88,280969216,246775808,198297512,189.11,10695055
1765903353914,5431.14,1312.93,280969216,246775808,198298992,189.11,10695055
1765903354016,5431.34,1313.05,280969216,246775808,198300472,189.11,10695055
1765903354118,5431.53,1313.19,280969216,246775808,198301952,189.12,10695055
1765903354220,5431.64,1313.26,280969216,246775808,198303432,189.12,10695055
1765903354322,5431.73,1313.31,280969216,246775808,198304912,189.12,10695055
1765903354424,5431.82,1313.37,280969216,246775808,198306392,189.12,10695055
1765903354525,5431.89,1313.44,280969216,246775808,198307872,189.12,10695055
1765903354627,5431.94,1313.48,280969216,246775808,198309352,189.12,10695055
1765903354729,5431.98,1313.51,280969216,246775808,198310832,189.12,10695055
1765903354831,5432.04,1313.57,280969216,246775808,198312312,189.13,10695055
1765903354933,5432.15,1313.63,280969216,246775808,198313792,189.13,10695055
1765903355035,5432.22,1313.69,280969216,246775808,198315272,189.13,10695055
1765903384090,1659.11,104.92,163381248,209813504,181113736,172.72,10676460
1765903384191,1659.24,105.05,163397632,209813504,181118288,172.73,10676516
1765903384293,1659.37,105.11,163397632,209813504,181120680,172.73,10676516
1765903384395,1659.48,105.16,163119104,209813504,181123016,172.73,10676516
1765903384497,1659.59,105.21,163119104,209813504,181125352,172.73,10676516
1765903384599,1659.76,105.26,163119104,209813504,181127752,172.74,10676516
1765903384701,1659.86,105.32,163119104,209813504,181130088,172.74,10676516
1765903384803,1659.95,105.37,163119104,209813504,181132456,172.74,10676516
1765903384905,1660.07,105.43,163135488,209813504,181134824,172.74,10676516
1765903385007,1660.27,105.51,163151872,209813504,181137232,172.75,10676516
1765903385109,1660.43,105.58,163168256,209813504,181139632,172.75,10676516
1765903385211,1660.57,105.64,163168256,209813504,181141792,172.75,10676516
1765903385313,1660.73,105.71,163168256,209813504,181143872,172.75,10676516
1765903385415,1661.09,105.77,163168256,209813504,181145952,172.75,10676516
1765903385515,1661.49,105.92,163184640,209813504,181148064,172.76,10676516
1765903385617,1661.61,105.99,163184640,209813504,181150144,172.76,10676516
1765903385719,1661.74,106.04,163201024,209813504,181152224,172.76,10676516
1765903385820,1661.88,106.10,163201024,209813504,181154304,172.76,10676516
1765903385922,1662.00,106.15,163201024,209813504,181156384,172.76,10676516
1765903386024,1665.29,106.75,163758080,209813504,181296376,172.90,10676516
1765903386125,1665.46,106.83,163758080,209813504,181298456,172.90,10676516
1765903386227,1665.64,106.93,163774464,209813504,181300536,172.90,10676516
1765903386330,1665.79,106.99,163774464,209813504,181302616,172.90,10676516
1765903386432,1665.92,107.06,163774464,209813504,181304696,172.91,10676516
1765903386534,1666.05,107.13,163774464,209813504,181306776,172.91,10676516
1765903386636,1666.19,107.19,163774464,209813504,181308856,172.91,10676516
1765903386738,1666.30,107.23,163774464,209813504,181310936,172.91,10676516
1765903386840,1666.41,107.30,163774464,209813504,181313016,172.91,10676516
1765903386942,1666.49,107.35,163774464,209813504,181315096,172.92,10676516
1765903387044,1666.61,107.44,163840000,209813504,181317176,172.92,10676516
1765903387146,1666.80,107.50,163840000,209813504,181319256,172.92,10676516
1765903387248,1667.04,107.62,163840000,209813504,181321336,172.92,10676516
1765903387351,1667.24,107.72,163840000,209813504,181323416,172.92,10676516
1765903387452,1667.50,107.85,163840000,209813504,181325496,172.93,10676516
1765903387554,1667.63,107.91,163840000,209813504,181327576,172.93,10676516
1765903387656,1667.81,107.97,163840000,209813504,181329656,172.93,10676516
1765903387758,1667.94,108.03,163840000,209813504,181331704,172.93,10676516
1765903387860,1668.05,108.09,163856384,209813504,181333832,172.93,10676516
1765903387962,1668.15,108.15,163856384,209813504,181335928,172.94,10676516
1765903388064,1668.34,108.21,163856384,209813504,181338112,172.94,10676516
1765903388165,1668.54,108.32,163856384,209813504,181340208,172.94,10676516
1765903388267,1668.67,108.37,163856384,209813504,181342304,172.94,10676516
1765903388369,1668.79,108.42,163856384,209813504,181344400,172.94,10676516
1765903388471,1668.91,108.48,163856384,209813504,181346496,172.95,10676516
1765903388573,1669.06,108.55,163856384,209813504,181348592,172.95,10676516
1765903388675,1669.18,108.60,163872768,209813504,181350688,172.95,10676516
1765903388776,1669.30,108.64,163872768,209813504,181352784,172.95,10676516
1765903388877,1669.44,108.70,163872768,209813504,181354880,172.95,10676516
1765903388979,1669.59,108.75,163872768,209813504,181356976,172.96,10676516
1765903389081,1669.79,108.82,163872768,209813504,181359072,172.96,10676516
1765903389184,1670.00,108.92,163872768,209813504,181361168,172.96,10676516
1765903389285,1670.16,108.99,163872768,209813504,181363264,172.96,10676516
1765903389387,1670.28,109.06,163889152,209813504,181365360,172.96,10676516
1765903389489,1670.43,109.12,163889152,209813504,181367456,172.97,10676516
1765903389591,1670.57,109.18,163889152,209813504,181369552,172.97,10676516
1765903389694,1670.66,109.23,163889152,209813504,181371648,172.97,10676516
1765903389795,1670.75,109.27,163889152,209813504,181373744,172.97,10676516
1765903389897,1670.88,109.32,163889152,209813504,181375840,172.97,10676516
1765903389998,1671.05,109.38,163889152,209813504,181377936,172.98,10676516
1765903390098,1741.38,130.25,222330880,209813504,181413080,173.01,10676516
1765903390200,1814.25,147.34,225099776,177831936,169579552,161.72,10667544
1765903390302,1814.37,147.38,225099776,177831936,169581672,161.73,10667544
1765903390404,1814.49,147.44,225099776,177831936,169583768,161.73,10667544
1765903390506,1814.62,147.50,225099776,177831936,169585864,161.73,10667544
1765903390608,1814.76,147.56,225099776,177831936,169587960,161.73,10667544
1765903390709,1814.86,147.62,225116160,177831936,169590056,161.73,10667544
1765903390811,1981.01,158.28,225443840,178094080,169563232,161.71,10667544
1765903390913,1981.18,158.33,225443840,178094080,169822752,161.96,10667544
1765903391015,1981.30,158.39,225443840,178094080,169824848,161.96,10667544
1765903391117,1981.43,158.44,225443840,178094080,169826944,161.96,10667544
1765903391219,1981.55,158.49,225460224,178094080,169829040,161.96,10667544
1765903391321,1981.63,158.54,225460224,178094080,169831136,161.96,10667544
1765903391422,1981.71,158.57,225460224,178094080,169833232,161.97,10667544
1765903391524,1981.83,158.62,225460224,178094080,169835328,161.97,10667544
1765903391626,1982.03,158.76,225460224,178094080,169837424,161.97,10667544
1765903391729,1982.16,158.82,225460224,178094080,169839520,161.97,10667544
1765903391828,1982.28,158.87,225460224,178094080,169841616,161.97,10667544
1765903391930,1982.45,158.92,225460224,178094080,169843712,161.98,10667544
1765903392032,1982.62,159.03,225476608,178094080,169845808,161.98,10667544
1765903392134,1982.71,159.07,225476608,178094080,169847904,161.98,10667544
1765903392236,1982.83,159.13,225476608,178094080,169850000,161.98,10667544
1765903392338,1982.94,159.17,225476608,178094080,169852096,161.98,10667544
1765903392440,1983.09,159.22,225476608,178094080,169854416,161.99,10675736
1765903392542,1983.20,159.28,225476608,178094080,169856536,161.99,10675736
1765903392644,1983.32,159.34,225476608,178094080,169858632,161.99,10675736
1765903392746,1983.48,159.41,225476608,178094080,169860728,161.99,10675736
1765903392848,1983.66,159.52,225492992,178094080,169862824,161.99,10675736
1765903392949,1983.75,159.55,225492992,178094080,169864920,162.00,10675736
1765903393051,1983.84,159.59,225492992,178094080,169867016,162.00,10675736
1765903393153,1983.99,159.64,225492992,178094080,169869112,162.00,10675736
1765903393255,1984.12,159.69,225492992,178094080,169871208,162.00,10675736
1765903393357,1984.24,159.75,225492992,178094080,169873304,162.00,10675736
1765903393459,1984.35,159.79,225492992,178094080,169875400,162.01,10675736
1765903393561,1984.47,159.87,225509376,178094080,169877496,162.01,10675736
1765903393663,1984.59,159.92,225509376,178094080,169879592,162.01,10675736
1765903393764,1984.75,159.99,225509376,178094080,169881688,162.01,10675736
1765903393866,1984.86,160.03,225509376,178094080,169883784,162.01,10675736
1765903393968,1984.97,160.08,225509376,178094080,169885880,162.02,10675736
1765903394070,1985.07,160.14,225509376,178094080,169887976,162.02,10675736
1765903394172,1985.17,160.19,225509376,178094080,169890072,162.02,10675736
1765903394274,1985.26,160.25,225509376,178094080,169892168,162.02,10675736
1765903394376,1985.41,160.30,225509376,178094080,169894280,162.02,10675736
1765903394478,1985.53,160.36,225509376,178094080,169896376,162.03,10675736
1765903394581,1985.64,160.41,225509376,178094080,169898472,162.03,10675736
1765903394683,1985.78,160.47,225509376,178094080,169900568,162.03,10675736
1765903394785,1985.90,160.52,225509376,178094080,169902664,162.03,10675736
1765903394887,1985.99,160.57,225509376,178094080,169904760,162.03,10675736
1765903394989,1986.09,160.63,225525760,178094080,169906856,162.04,10675736
1765903395091,1986.16,160.67,225525760,178094080,169908952,162.04,10675736
1765903395193,1986.22,160.73,225525760,178094080,169911048,162.04,10675736
1765903395294,1986.29,160.78,225525760,178094080,169913144,162.04,10675736
1765903395396,1986.45,160.83,225525760,178094080,169915240,162.04,10675736
1765903395498,1986.64,160.95,225525760,178094080,169917336,162.05,10675736
1765903395600,1986.72,160.99,225525760,178094080,169919432,162.05,10675736
1765903395702,1986.80,161.03,225525760,178094080,169921528,162.05,10675736
1765903395804,1986.88,161.08,225542144,178094080,169923624,162.05,10675736
1765903395906,1986.96,161.12,225542144,178094080,169925720,162.05,10675736
1765903396008,1987.04,161.16,225542144,178094080,169927816,162.06,10675736
1765903396109,1987.12,161.21,225542144,178094080,169929912,162.06,10675736
1765903396211,1987.20,161.25,225542144,178094080,169932008,162.06,10675736
1765903396313,1987.36,161.29,225542144,178094080,169934104,162.06,10675736
1765903396415,1987.61,161.39,225542144,178094080,169936200,162.06,10675736
1765903396518,1987.83,161.47,225542144,178094080,169938296,162.07,10675736
1765903396620,1988.04,161.58,225558528,178094080,169940392,162.07,10675736
1765903396722,1988.15,161.63,225558528,178094080,169942488,162.07,10675736
1765903396823,1988.28,161.74,225558528,178094080,169944584,162.07,10675736
1765903396925,1988.35,161.78,225558528,178094080,169946680,162.07,10675736
1765903397026,1988.44,161.84,225558528,178094080,169948776,162.08,10675736
1765903397128,1988.53,161.88,225558528,178094080,169950872,162.08,10675736
1765903397230,1988.63,161.94,225558528,178094080,169952968,162.08,10675736
1765903397332,1988.70,161.99,225574912,178094080,169955064,162.08,10675736
1765903397434,1988.78,162.04,225574912,178094080,169957160,162.08,10675736
1765903397536,1988.85,162.08,225574912,178094080,169959256,162.09,10675736
1765903397638,1988.93,162.12,225574912,178094080,169961352,162.09,10675736
1765903397740,1989.02,162.16,225574912,178094080,169963448,162.09,10675736
1765903397842,1989.10,162.20,225574912,178094080,169965544,162.09,10675736
1765903397944,1989.18,162.25,225574912,178094080,169967640,162.09,10675736
1765903398047,1989.35,162.31,225574912,178094080,169969736,162.10,10675736
1765903398147,1989.56,162.44,225591296,178094080,169971832,162.10,10675736
1765903398249,1989.63,162.48,225591296,178094080,169973928,162.10,10675736
1765903398351,1989.69,162.53,225591296,178094080,169976024,162.10,10675736
1765903398453,1989.75,162.57,225591296,178094080,169978120,162.10,10675736
1765903398555,1989.83,162.62,225591296,178094080,169980216,162.11,10675736
1765903398657,1989.92,162.67,225591296,178094080,169982312,162.11,10675736
1765903398759,1989.99,162.71,225591296,178094080,169984408,162.11,10675736
1765903398861,1990.08,162.75,225591296,178094080,169986504,162.11,10675736
1765903398964,1990.24,162.81,225607680,178094080,169988600,162.11,10675736
1765903399066,1990.45,162.92,225607680,178094080,169990696,162.12,10675736
1765903399168,1990.53,162.96,225607680,178094080,169992792,162.12,10675736
1765903399270,1990.69,163.01,225607680,178094080,169994888,162.12,10675736
1765903399372,1990.91,163.13,225607680,178094080,169996984,162.12,10675736
1765903399472,1991.00,163.19,225607680,178094080,169999080,162.12,10675736
1765903399574,1991.08,163.24,225607680,178094080,170001176,162.13,10675736
1765903399676,1991.16,163.30,225607680,178094080,170003272,162.13,10675736
1765903399778,1991.31,163.36,225624064,178094080,170005368,162.13,10675736
1765903399880,1991.52,163.47,225624064,178094080,170007464,162.13,10675736
1765903399982,1991.69,163.53,225624064,178094080,170009560,162.13,10675736
1765903400084,1991.91,163.64,225624064,178094080,170011656,162.14,10675736
1765903400185,1991.99,163.67,225624064,178094080,170013752,162.14,10675736
1765903400287,1992.08,163.71,225624064,178094080,170015848,162.14,10675736
1765903400389,1992.17,163.75,225624064,178094080,170017944,162.14,10675736
1765903400490,1992.27,163.79,225624064,178094080,170020040,162.14,10675736
1765903400591,1992.34,163.84,225640448,178094080,170022136,162.15,10675736
1765903400693,1992.40,163.88,225640448,178094080,170024232,162.15,10675736
1765903400795,1992.57,163.94,225640448,178094080,170026328,162.15,10675736
1765903400895,1992.79,164.06,225640448,178094080,170028424,162.15,10675736
1765903400997,1992.89,164.10,225640448,178094080,170030520,162.15,10675736
1765903401099,1993.04,164.15,225640448,178094080,170032616,162.16,10675736
1765903401201,1993.27,164.26,225640448,178094080,170034712,162.16,10675736
1765903401303,1993.44,164.34,225656832,178094080,170036808,162.16,10675736
1765903401405,1993.67,164.45,225656832,178094080,170038904,162.16,10675736
1765903401506,1993.78,164.50,225656832,178094080,170041000,162.16,10675736
1765903401608,1993.86,164.55,225656832,178094080,170043096,162.17,10675736
1765903401710,1993.96,164.61,225656832,178094080,170045192,162.17,10675736
1765903401812,1994.04,164.65,225656832,178094080,170047288,162.17,10675736
1765903401914,1994.21,164.70,225656832,178094080,170049384,162.17,10675736
1765903402016,1994.46,164.87,225656832,178094080,170051480,162.17,10675736
1765903402118,1994.55,164.92,225673216,178094080,170053576,162.18,10675736
1765903402220,1994.64,164.97,225673216,178094080,170055672,162.18,10675736
1765903402323,1994.72,165.01,225673216,178094080,170057768,162.18,10675736
1765903402424,1994.80,165.05,225673216,178094080,170059864,162.18,10675736
1765903402526,1994.88,165.09,225673216,178094080,170062184,162.18,10683928
1765903402628,1994.96,165.13,225673216,178094080,170064304,162.19,10683928
1765903402730,1995.13,165.18,225673216,178094080,170066400,162.19,10683928
1765903402833,1995.43,165.29,225673216,178094080,170068496,162.19,10683928
1765903402932,1995.65,165.41,225689600,178094080,170070592,162.19,10683928
1765903403034,1995.72,165.45,225689600,178094080,170072688,162.19,10683928
1765903403136,1995.80,165.49,225689600,178094080,170074784,162.20,10683928
1765903403238,1995.88,165.53,225689600,178094080,170076880,162.20,10683928
1765903403340,1995.96,165.57,225689600,178094080,170078976,162.20,10683928
1765903403442,1996.04,165.63,225689600,178094080,170081072,162.20,10683928
1765903403544,1996.13,165.67,225689600,178094080,170083168,162.20,10683928
1765903403644,1996.29,165.71,225689600,178094080,170085264,162.21,10683928
1765903403746,1996.59,165.80,225705984,178094080,170087360,162.21,10683928
1765903403848,1996.88,165.91,225705984,178094080,170089456,162.21,10683928
1765903403950,1997.10,166.02,225705984,178094080,170091552,162.21,10683928
1765903404052,1997.18,166.06,225705984,178094080,170093648,162.21,10683928
1765903404154,1997.26,166.10,225705984,178094080,170095744,162.22,10683928
1765903404256,1997.34,166.15,225705984,178094080,170097840,162.22,10683928
1765903404358,1997.43,166.19,225705984,178094080,170099936,162.22,10683928
1765903404458,2007.09,168.43,226770944,179142656,169686880,161.83,10685271
1765903404560,2007.26,168.50,226770944,179142656,169689000,161.83,10685271
1765903404662,2013.79,170.66,227164160,179142656,170194248,162.31,10678422
1765903404764,2013.90,170.69,227164160,179142656,170196368,162.31,10678422
1765903404865,2013.99,170.74,227164160,179142656,170198464,162.31,10678422
1765903404968,2019.21,172.88,227508224,179142656,170515456,162.62,10679765
1765903405069,2019.34,172.93,227508224,179142656,170517576,162.62,10679765
1765903405171,2025.66,175.50,226803712,178094080,170168512,162.29,10681108
1765903405273,2025.79,175.55,226803712,178094080,170170632,162.29,10681108
1765903405375,2025.89,175.60,226803712,178094080,170172728,162.29,10681108
1765903405477,2031.32,177.94,226852864,178094080,170495016,162.60,10682450
1765903405579,2031.49,178.01,226852864,178094080,170497136,162.60,10682450
1765903405681,2036.86,180.02,226017280,178094080,170177832,162.29,10683793
1765903405782,2036.98,180.06,226017280,178094080,170179952,162.30,10683793
1765903405883,2039.79,181.23,226148352,178094080,170332120,162.44,10684468
1765903405984,2041.34,182.04,226295808,178094080,170480184,162.58,10685135
1765903406086,2041.47,182.08,226295808,178094080,170482304,162.58,10685135
1765903406188,2045.95,183.97,226590720,178094080,170781744,162.87,10694669
1765903406291,2046.07,184.02,226590720,178094080,170783864,162.87,10694669
1765903406392,2051.33,186.41,226181120,178094080,170432280,162.54,10696012
1765903406494,2051.45,186.46,226181120,178094080,170434400,162.54,10696012
1765903406596,2051.59,186.50,226181120,178094080,170436496,162.54,10696012
1765903406698,2055.71,188.47,226459648,178094080,170736624,162.83,10697355
1765903406800,2055.81,188.52,226459648,178094080,170738744,162.83,10697355
1765903406902,2060.90,191.04,226066432,178094080,170382696,162.49,10698700
1765903407004,2061.05,191.08,226066432,178094080,170384816,162.49,10698700
1765903407106,2061.16,191.13,226066432,178094080,170386912,162.49,10698700
1765903407208,2065.87,192.62,226410496,178094080,170685200,162.78,10708237
1765903407310,2066.00,192.68,226410496,178094080,170687320,162.78,10708237
1765903407412,2070.53,194.88,226689024,178094080,170983240,163.06,10709582
1765903407514,2070.67,194.94,226689024,178094080,170985360,163.06,10709582
1765903407616,2070.81,195.01,226705408,178094080,170987456,163.07,10709582
1765903407718,2075.11,197.19,226148352,178094080,170527464,162.63,10710927
1765903407819,2075.25,197.24,226148352,178094080,170529584,162.63,10710927
1765903407921,2079.30,199.15,226426880,178094080,170824536,162.91,10712272
1765903408023,2079.42,199.20,226426880,178094080,170826656,162.91,10712272
1765903408125,2079.54,199.25,226426880,178094080,170828752,162.91,10712272
1765903408228,2083.85,201.30,226705408,178094080,171124392,163.20,10721809
1765903408329,2083.99,201.37,226705408,178094080,171126512,163.20,10721809
1765903408431,2089.69,203.71,226295808,178094080,170767648,162.86,10714962
1765903408533,2089.79,203.74,226295808,178094080,170769768,162.86,10714962
1765903408633,2092.46,204.84,226426880,178094080,170915664,163.00,10715638
1765903408735,2093.88,205.56,226557952,178094080,171063344,163.14,10716307
1765903408837,2094.00,205.62,226557952,178094080,171068560,163.14,10716307
1765903408939,2100.53,207.62,226885632,178094080,171370208,163.43,10717652
1765903409041,2100.67,207.69,226885632,178094080,171372328,163.43,10717652
1765903409142,2104.93,209.61,227377152,179142656,170866120,162.95,10727189
1765903409243,2105.05,209.67,227377152,179142656,170868240,162.95,10727189
1765903409346,2105.19,209.74,227377152,179142656,170870336,162.95,10727189
1765903409448,2109.07,211.63,227639296,179142656,171163400,163.23,10720342
1765903409550,2109.18,211.69,227655680,179142656,171165520,163.24,10720342
1765903409652,2113.34,213.78,227950592,179142656,171485936,163.54,10721687
1765903409754,2113.43,213.81,227950592,179142656,171488056,163.54,10721687
1765903409856,2113.53,213.86,227950592,179142656,171490152,163.55,10721687
1765903409958,2119.75,216.38,228098048,179142656,171068672,163.14,10723032
1765903410060,2119.90,216.46,228098048,179142656,171070792,163.15,10723032
1765903410162,2126.46,219.02,228114432,179142656,171368312,163.43,10732569
1765903410264,2126.56,219.07,228114432,179142656,171370400,163.43,10732569
1765903410366,2126.72,219.12,228114432,179142656,171372464,163.43,10732569
1765903410468,2130.95,221.15,228114432,179142656,171666008,163.71,10733914
1765903410570,2131.09,221.22,228114432,179142656,171668096,163.72,10733914
1765903410672,2136.68,223.06,228114432,179142656,171161696,163.23,10735259
1765903410775,2136.83,223.12,228114432,179142656,171163784,163.23,10735259
1765903410876,2137.01,223.18,228114432,179142656,171165848,163.24,10735259
1765903410979,2148.57,225.84,228573184,179142656,171471344,163.53,10736604
1765903411081,2148.70,225.90,228573184,179142656,171473384,163.53,10736604
1765903411183,2153.04,228.00,228573184,179142656,171755232,163.80,10746141
1765903411285,2153.15,228.05,228573184,179142656,171757272,163.80,10746141
1765903411386,2154.58,228.99,228573184,179142656,171897016,163.93,10746817
1765903411488,2156.56,229.77,228638720,179142656,171278528,163.34,10747486
1765903411590,2156.68,229.82,228638720,179142656,171280568,163.35,10747486
1765903411692,2161.78,231.57,228638720,179142656,171568448,163.62,10740639
1765903411794,2161.95,231.64,228638720,179142656,171570488,163.62,10740639
1765903411895,2165.64,233.59,228638720,179142656,171851624,163.89,10741984
1765903411997,2165.96,233.70,228638720,179142656,171856672,163.90,10741984
1765903412097,2166.12,233.76,228638720,179142656,171858688,163.90,10741984
1765903412199,2175.94,236.17,228769792,179142656,171370904,163.43,10751521
1765903412301,2176.05,236.22,228769792,179142656,171372944,163.43,10751521
1765903412404,2180.16,238.19,228769792,179142656,171645200,163.69,10744674
1765903412505,2180.26,238.23,228769792,179142656,171647240,163.70,10744674
1765903412607,2180.43,238.32,228769792,179142656,171649256,163.70,10744674
1765903412709,2183.37,240.04,228769792,179142656,171922128,163.96,10746019
1765903412811,2183.52,240.12,228769792,179142656,171924168,163.96,10746019
1765903412913,2188.92,241.93,228917248,181239808,171512648,163.57,10747364
1765903413015,2189.08,241.99,228917248,181239808,171514992,163.57,10747364
1765903413117,2189.19,242.03,228917248,181239808,171517008,163.57,10747364
1765903413220,2191.43,243.34,228917248,181239808,171789600,163.83,10756901
1765903413321,2191.55,243.40,228917248,181239808,171791640,163.83,10756901
1765903413423,2201.26,246.09,228917248,181501952,172281888,164.30,10758246
1765903413525,2201.38,246.14,228917248,181501952,172283928,164.30,10758246
1765903413627,2201.49,246.19,228917248,181501952,172285944,164.30,10758246
1765903413729,2230.52,249.81,233095168,181501952,172588776,164.59,10759591
1765903413831,2230.64,249.85,233095168,181501952,172590816,164.60,10759591
1765903413933,2233.36,251.53,233291776,181501952,172855408,164.85,10760936
1765903414035,2233.47,251.59,233308160,181501952,172857448,164.85,10760936
1765903414136,2235.90,252.76,233422848,181501952,172991032,164.98,10769804
1765903414238,2237.18,253.60,233553920,181501952,173124048,165.10,10770473
1765903414340,2237.30,253.65,233553920,181501952,173126088,165.11,10770473
1765903414442,2241.06,258.07,231178240,181501952,173390440,165.36,10771818
1765903414543,2241.20,258.13,231178240,181501952,173392480,165.36,10771818
1765903414644,2262.88,260.37,231424000,181501952,172025280,164.06,10773162
1765903414746,2269.91,260.86,231456768,181501952,172067328,164.10,10773162
1765903414848,2270.06,260.91,231456768,181501952,172069344,164.10,10773162
1765903414950,2274.10,263.03,231489536,181501952,172350712,164.37,10766315
1765903415052,2274.21,263.08,231489536,181501952,172352752,164.37,10766315
1765903415154,2278.20,265.05,231489536,181501952,172615648,164.62,10775852
1765903415255,2278.32,265.10,231489536,181501952,172617688,164.62,10775852
1765903415357,2278.44,265.15,231489536,181501952,172619704,164.62,10775852
1765903415460,2285.55,267.20,231538688,181501952,172882608,164.87,10777197
1765903415562,2285.70,267.26,231538688,181501952,172884648,164.88,10777197
1765903415664,2290.04,269.54,231800832,181501952,173152224,165.13,10778539
1765903415766,2290.15,269.58,231800832,181501952,173154264,165.13,10778539
1765903415868,2290.30,269.64,231800832,181501952,173160192,165.14,10778539
1765903415970,2295.74,271.87,232062976,181501952,173434792,165.40,10779884
1765903416072,2295.87,271.94,232062976,181501952,173436832,165.40,10779884
1765903416174,2299.42,273.91,232308736,181501952,173704952,165.66,10789421
1765903416276,2299.55,273.95,232308736,181501952,173706992,165.66,10789421
1765903416377,2299.68,274.02,232308736,181501952,173709008,165.66,10789421
1765903416479,2305.26,276.53,232472576,181501952,172526488,164.53,10790766
1765903416581,2305.39,276.59,232472576,181501952,172528528,164.54,10790766
1765903416683,2310.94,278.28,232472576,181501952,172830024,164.82,10775727
1765903416785,2311.05,278.33,232472576,181501952,172832064,164.83,10775727
1765903416885,2313.58,279.68,232488960,181501952,172964584,164.95,10776403
1765903416987,2316.00,280.55,232488960,181501952,173096824,165.08,10777072
1765903417090,2316.18,280.60,232488960,181501952,173098864,165.08,10777072
1765903417192,2319.74,282.57,232488960,181501952,173362120,165.33,10786608
1765903417294,2319.92,282.63,232488960,181501952,173364160,165.33,10786608
1765903417394,2325.10,284.32,232521728,181501952,173627056,165.58,10787953
1765903417496,2325.24,284.38,232521728,181501952,173629096,165.59,10787953
1765903417597,2325.37,284.44,232521728,181501952,173631112,165.59,10787953
1765903417699,2328.90,286.22,232521728,181501952,173893776,165.84,10789298
1765903417801,2329.02,286.27,232521728,181501952,173895816,165.84,10789298
1765903417903,2335.93,288.63,232521728,181501952,174159624,166.09,10790643
1765903418005,2336.04,288.66,232521728,181501952,174161664,166.09,10790643
1765903418107,2336.19,288.75,232521728,181501952,174163680,166.10,10790643
1765903418210,2352.18,291.63,232800256,182026240,172965952,164.95,10791987
1765903418312,2352.32,291.68,232800256,182026240,172967992,164.96,10791987
1765903418414,2355.97,293.68,232816640,182026240,173229888,165.20,10793331
1765903418516,2356.14,293.73,232816640,182026240,173231928,165.21,10793331
1765903418618,2356.40,293.85,232816640,182026240,173233944,165.21,10793331
1765903418720,2358.81,295.22,232816640,182026240,173495920,165.46,10794676
1765903418822,2358.93,295.29,232816640,182026240,173497960,165.46,10794676
1765903418925,2367.51,297.91,232833024,182026240,173760616,165.71,10796021
1765903419027,2367.64,297.97,232833024,182026240,173762656,165.71,10796021
1765903419133,2370.08,299.25,232833024,182026240,173894984,165.84,10804889
1765903419235,2371.30,300.06,232833024,182026240,174026816,165.96,10805558
1765903419336,2371.44,300.11,232833024,182026240,174028856,165.97,10805558
1765903419438,2375.22,301.94,232833024,182026240,174290888,166.22,10806903
1765903419540,2375.33,301.99,232833024,182026240,174292928,166.22,10806903
1765903419641,2381.19,304.54,233095168,182812672,173333864,165.30,10791867
1765903419744,2382.21,304.62,233095168,182812672,173336352,165.31,10791867
1765903419846,2382.38,304.68,233095168,182812672,173338368,165.31,10791867
1765903419948,2384.42,305.91,233111552,182812672,173598704,165.56,10793214
1765903420050,2384.52,305.97,233127936,182812672,173600744,165.56,10793214
1765903420152,2388.11,308.06,233127936,182812672,173861432,165.81,10802751
1765903420252,2388.25,308.12,233127936,182812672,173863472,165.81,10802751
1765903420355,2388.40,308.18,233127936,182812672,173865488,165.81,10802751
1765903420455,2391.96,310.24,233127936,182812672,174125808,166.06,10804097
1765903420557,2392.10,310.29,233127936,182812672,174127848,166.06,10804097
1765903420659,2396.56,312.52,233144320,182812672,174388720,166.31,10805442
1765903420761,2396.67,312.56,233144320,182812672,174390760,166.31,10805442
1765903420863,2396.84,312.62,233144320,182812672,174392776,166.31,10805442
1765903420963,2401.35,314.75,233144320,182812672,174655888,166.56,10806787
1765903421065,2401.48,314.81,233144320,182812672,174657928,166.57,10806787
1765903421167,2405.11,316.12,233160704,182812672,174918184,166.81,10816325
1765903421269,2405.24,316.18,233160704,182812672,174920224,166.82,10816325
1765903421371,2405.37,316.23,233160704,182812672,174922240,166.82,10816325
1765903421473,2412.65,318.49,233390080,182812672,173685344,165.64,10801286
1765903421575,2412.78,318.55,233390080,182812672,173687384,165.64,10801286
1765903421677,2427.62,320.81,233422848,182812672,173956040,165.90,10802633
1765903421779,2427.79,320.88,233422848,182812672,173958080,165.90,10802633
1765903421884,2430.13,322.03,233422848,182812672,174089096,166.02,10803309
1765903421985,2431.56,322.92,233422848,182812672,174219872,166.15,10803979
1765903422086,2431.71,322.99,233422848,182812672,174221912,166.15,10803979
1765903422187,2435.62,324.78,233439232,182812672,174481960,166.40,10813516
1765903422290,2435.74,324.84,233439232,182812672,174484000,166.40,10813516
1765903422391,2439.07,326.78,233439232,182812672,174743784,166.65,10814861
1765903422492,2439.16,326.83,233439232,182812672,174745824,166.65,10814861
1765903422594,2439.26,326.87,233439232,182812672,174747840,166.65,10814861
1765903422696,2443.56,329.47,234012672,187793408,173740552,165.69,10816205
1765903422798,2443.68,329.53,234012672,187793408,173742592,165.69,10816205
1765903422898,2447.04,331.68,234029056,187793408,174002408,165.94,10809358
1765903423000,2447.15,331.72,234029056,187793408,174004448,165.94,10809358
1765903423102,2447.26,331.77,234029056,187793408,174006464,165.95,10809358
1765903423204,2451.51,333.94,234029056,187793408,174266480,166.19,10818895
1765903423306,2451.62,334.01,234029056,187793408,174268520,166.20,10818895
1765903423406,2455.96,336.06,234029056,187793408,174528328,166.44,10820240
1765903423508,2456.10,336.12,234029056,187793408,174530368,166.45,10820240
1765903423610,2456.24,336.18,234029056,187793408,174532384,166.45,10820240
1765903423712,2465.26,338.54,234045440,187793408,174796800,166.70,10821585
1765903423814,2465.37,338.59,234045440,187793408,174798840,166.70,10821585
1765903423916,2468.71,340.54,234045440,187793408,175058656,166.95,10822930
1765903424018,2468.81,340.58,234045440,187793408,175060696,166.95,10822930
1765903424120,2468.92,340.66,234045440,187793408,175062712,166.95,10822930
1765903424222,2473.28,342.66,234078208,187793408,175322728,167.20,10832467
1765903424324,2473.41,342.72,234078208,187793408,175324768,167.20,10832467
1765903424426,2476.59,344.52,234225664,187793408,175584704,167.45,10833812
1765903424528,2476.72,344.59,234225664,187793408,175586744,167.45,10833812
1765903424637,2480.75,348.64,232423424,187793408,175718120,167.58,10834488
1765903424739,2482.14,349.44,232554496,187793408,175848568,167.70,10835157
1765903424841,2482.26,349.50,232570880,187793408,175850608,167.70,10835157
1765903424943,2487.07,351.53,232816640,187793408,176108664,167.95,10836502
1765903425044,2487.22,351.60,232833024,187793408,176110704,167.95,10836502
1765903425144,2502.03,353.60,233078784,187793408,176368224,168.20,10846038
1765903425246,2504.47,353.83,233111552,187793408,176372120,168.20,10846038
1765903425348,2504.61,353.88,233111552,187793408,176374136,168.20,10846038
1765903425449,2507.89,356.03,233357312,187793408,176626664,168.44,10847383
1765903425551,2507.99,356.08,233357312,187793408,176628704,168.45,10847383
1765903425653,2511.34,358.29,233635840,187793408,176881440,168.69,10848728
1765903425755,2511.43,358.32,233652224,187793408,176883480,168.69,10848728
1765903425857,2511.57,358.40,233652224,187793408,176885496,168.69,10848728
1765903425959,2514.78,360.33,233881600,187793408,177138112,168.93,10850073
1765903426061,2514.90,360.40,233881600,187793408,177140152,168.93,10850073
1765903426163,2518.27,362.56,234143744,187793408,177392896,169.18,10859610
1765903426265,2518.38,362.61,234143744,187793408,177394936,169.18,10859610
1765903426367,2518.49,362.67,234143744,187793408,177396952,169.18,10859610
1765903426469,2525.78,364.81,234455040,187793408,174391808,166.31,10828187
1765903426571,2525.88,364.87,234455040,187793408,174393848,166.31,10828187
1765903426673,2529.12,366.94,234455040,187793408,174640736,166.55,10829531
1765903426774,2529.24,367.00,234455040,187793408,174642776,166.55,10829531
1765903426876,2529.40,367.06,234455040,187793408,174677288,166.59,10829531
1765903426978,2533.07,369.10,234455040,187793408,174924168,166.82,10830876
1765903427080,2533.23,369.17,234455040,187793408,174926208,166.82,10830876
1765903427182,2536.55,371.15,234455040,187793408,175173296,167.06,10840413
1765903427284,2536.64,371.18,234455040,187793408,175175336,167.06,10840413
1765903427385,2538.93,372.47,234455040,187793408,175299976,167.18,10841089
1765903427487,2540.08,373.37,234471424,187793408,175424240,167.30,10841757
1765903427587,2540.24,373.42,234471424,187793408,175426280,167.30,10841757
1765903427689,2543.57,375.33,234471424,187793408,175673176,167.53,10843102
1765903427791,2543.71,375.39,234471424,187793408,175675216,167.54,10843102
1765903427891,2547.87,377.51,234717184,187793408,175922024,167.77,10844447
1765903427993,2548.36,377.57,234717184,187793408,175924064,167.77,10844447
1765903428095,2548.47,377.62,234717184,187793408,175926080,167.78,10844447
1765903428195,2551.91,379.87,234946560,187793408,176314688,168.15,10853984
1765903428297,2552.05,379.94,234946560,187793408,176316728,168.15,10853984
1765903428399,2556.47,381.77,235192320,187793408,176572792,168.39,10855329
1765903428500,2556.57,381.83,235208704,187793408,176574832,168.39,10855329
1765903428602,2556.68,381.88,235208704,187793408,176576848,168.40,10855329
1765903428704,2560.01,383.87,235454464,187793408,176823064,168.63,10856674
1765903428806,2560.11,383.93,235454464,187793408,176825104,168.63,10856674
1765903428908,2563.27,386.02,235683840,187793408,177071352,168.87,10858019
1765903429010,2563.37,386.07,235683840,187793408,177073392,168.87,10858019
1765903429112,2563.50,386.14,235700224,187793408,177075408,168.87,10858019
1765903429214,2566.68,388.22,235929600,187793408,177321888,169.11,10867556
1765903429316,2566.84,388.29,235929600,187793408,177323928,169.11,10867556
1765903429418,2571.44,390.42,236191744,187793408,177570256,169.34,10868902
1765903429520,2571.55,390.49,236191744,187793408,177572296,169.35,10868902
1765903429622,2571.65,390.55,236208128,187793408,177574312,169.35,10868902
1765903429724,2575.97,392.53,236437504,187793408,177820776,169.58,10870249
1765903429826,2576.11,392.59,236437504,187793408,177822816,169.59,10870249
1765903429928,2605.65,395.45,237125632,188317696,175093824,166.98,10847020
1765903430030,2605.77,395.50,237125632,188317696,175095864,166.98,10847020
1765903430133,2608.02,396.66,237142016,188317696,175219800,167.10,10855889
1765903430232,2624.81,397.56,237174784,188317696,175354912,167.23,10856559
1765903430334,2624.91,397.62,237174784,188317696,175356952,167.23,10856559
1765903430436,2628.34,399.21,237207552,188317696,175602696,167.47,10857906
1765903430538,2628.45,399.28,237223936,188317696,175604736,167.47,10857906
1765903430639,2630.60,400.46,237223936,188317696,175728928,167.59,10858583
1765903430741,2631.50,401.16,237223936,188317696,175852776,167.71,10859252
1765903430843,2631.60,401.22,237223936,188317696,175854816,167.71,10859252
1765903430945,2634.84,403.46,237223936,188317696,176100848,167.94,10860599
1765903431047,2634.97,403.52,237223936,188317696,176102888,167.94,10860599
1765903431149,2638.18,405.44,237240320,188317696,176349288,168.18,10870138
1765903431251,2638.29,405.48,237240320,188317696,176351328,168.18,10870138
1765903431353,2638.42,405.54,237240320,188317696,176353344,168.18,10870138
1765903431455,2641.75,407.35,237240320,188317696,176599408,168.42,10871484
1765903431557,2641.85,407.40,237240320,188317696,176601448,168.42,10871484
1765903431659,2647.47,409.42,237240320,188317696,176848888,168.66,10872831
1765903431761,2647.59,409.49,237240320,188317696,176850928,168.66,10872831
1765903431862,2647.73,409.54,237240320,188317696,176852944,168.66,10872831
1765903431962,2651.05,411.63,237256704,188317696,177098992,168.89,10874177
1765903432064,2651.22,411.71,237256704,188317696,177101032,168.90,10874177
1765903432167,2664.23,414.22,237289472,188317696,177517664,169.29,10883716
1765903432269,2664.32,414.26,237289472,188317696,177519704,169.30,10883716
1765903432370,2664.43,414.31,237289472,188317696,177521720,169.30,10883716
1765903432472,2667.80,416.41,237289472,188317696,177761888,169.53,10885063
1765903432574,2667.93,416.48,237289472,188317696,177763928,169.53,10885063
1765903432677,2674.72,418.34,237289472,188317696,178004864,169.76,10886410
1765903432779,2674.84,418.41,237289472,188317696,178006904,169.76,10886410
1765903432883,2676.99,419.66,237305856,188317696,178127944,169.88,10887087
1765903432985,2678.73,420.51,237305856,188317696,178248672,169.99,10887757
1765903433087,2678.84,420.56,237305856,188317696,178250712,169.99,10887757
1765903433189,2683.91,422.36,237322240,188317696,178491856,170.22,10897295
1765903433291,2684.03,422.42,237322240,188317696,178493896,170.23,10897295
1765903433391,2691.39,425.30,237912064,189366272,175763752,167.62,10865874
1765903433492,2692.02,425.40,237912064,189366272,175766560,167.62,10865874
1765903433594,2692.14,425.47,237912064,189366272,175768576,167.63,10865874
1765903433697,2695.08,427.21,237912064,189366272,176008424,167.85,10867221
1765903433799,2695.19,427.28,237912064,189366272,176010464,167.86,10867221
1765903433900,2700.41,429.29,237912064,189366272,176250576,168.09,10868568
1765903434002,2700.55,429.34,237912064,189366272,176252616,168.09,10868568
1765903434104,2700.68,429.40,237912064,189366272,176254632,168.09,10868568
1765903434206,2703.87,431.51,237928448,189366272,176494616,168.32,10878107
1765903434308,2704.00,431.60,237928448,189366272,176496656,168.32,10878107
1765903434410,2707.28,433.72,237928448,189366272,176736448,168.55,10879453
1765903434513,2707.38,433.78,237928448,189366272,176738488,168.55,10879453
1765903434614,2707.55,433.84,237928448,189366272,176740504,168.55,10879453
1765903434716,2712.20,439.91,237944832,189366272,176980528,168.78,10880800
1765903434818,2712.30,439.97,237944832,189366272,176982568,168.78,10880800
1765903434920,2715.83,441.73,237944832,189366272,177222424,169.01,10882147
1765903435022,2715.92,441.79,237944832,189366272,177224464,169.01,10882147
1765903435124,2716.02,441.85,237944832,189366272,177226480,169.02,10882147
1765903435225,2719.26,443.87,237944832,189366272,177466536,169.25,10891686
1765903435327,2719.39,443.94,237944832,189366272,177468576,169.25,10891686
1765903435428,2724.56,446.04,237961216,189366272,177708888,169.48,10893034
1765903435530,2724.67,446.10,237961216,189366272,177710928,169.48,10893034
1765903435633,2726.72,447.28,237961216,189366272,177831952,169.59,10893711
1765903435735,2729.80,448.19,237961216,189366272,177953208,169.71,10894382
1765903435837,2729.93,448.25,237977600,189366272,177955248,169.71,10894382
1765903435939,2740.24,450.29,237993984,189366272,178195136,169.94,10895732
1765903436040,2740.35,450.35,237993984,189366272,178197176,169.94,10895732
1765903436141,2743.92,452.30,237993984,189366272,178435128,170.17,10905271
1765903436243,2744.06,452.36,237993984,189366272,178437168,170.17,10905271
1765903436345,2744.18,452.42,237993984,189366272,178439184,170.17,10905271
1765903436446,2747.35,453.76,238010368,189366272,178676264,170.40,10906618
1765903436548,2747.45,453.83,238010368,189366272,178678304,170.40,10906618
1765903436649,2754.73,455.87,238010368,189366272,178916032,170.63,10907965
1765903436749,2754.84,455.92,238010368,189366272,178918072,170.63,10907965
1765903436851,2754.97,455.98,238010368,189366272,178920088,170.63,10907965
1765903436953,2759.51,458.06,238518272,189890560,176507944,168.33,10909312
1765903437055,2759.64,458.12,238518272,189890560,176509984,168.33,10909312
1765903437157,2762.80,460.15,238518272,189890560,176747624,168.56,10894276
1765903437259,2762.90,460.20,238518272,189890560,176749664,168.56,10894276
1765903437360,2763.02,460.25,238518272,189890560,176751680,168.56,10894276
1765903437462,2766.11,461.94,238534656,189890560,176988776,168.79,10895623
1765903437564,2766.28,462.01,238534656,189890560,176990816,168.79,10895623
1765903437666,2769.33,463.97,238534656,189890560,177228112,169.02,10896971
1765903437768,2769.43,464.02,238534656,189890560,177230152,169.02,10896971
1765903437870,2769.57,464.09,238534656,189890560,177232168,169.02,10896971
1765903437972,2772.60,466.04,238534656,189890560,177469248,169.25,10898318
1765903438075,2772.73,466.12,238534656,189890560,177471288,169.25,10898318
1765903438177,2776.43,468.31,238567424,189890560,177708680,169.48,10907856
1765903438280,2776.55,468.37,238567424,189890560,177710720,169.48,10907856
1765903438383,2779.54,469.44,238567424,189890560,177830376,169.59,10908533
1765903438485,2782.32,470.62,238583808,189890560,177950608,169.71,10909203
1765903438587,2782.46,470.68,238583808,189890560,177952648,169.71,10909203
1765903438689,2787.84,472.41,238600192,189890560,178190384,169.94,10910550
1765903438791,2787.97,472.46,238600192,189890560,178192424,169.94,10910550
1765903438892,2790.90,474.00,238600192,189890560,178430024,170.16,10911897
1765903438994,2791.02,474.06,238600192,189890560,178432064,170.17,10911897
1765903439096,2791.14,474.13,238600192,189890560,178434080,170.17,10911897
1765903439197,2794.10,475.94,238600192,189890560,178671384,170.39,10921436
1765903439299,2794.27,476.00,238600192,189890560,178673424,170.40,10921436
1765903439400,2797.81,477.98,238616576,189890560,178910552,170.62,10922784
1765903439502,2797.95,478.03,238616576,189890560,178912592,170.62,10922784
1765903439604,2798.07,478.09,238616576,189890560,178914608,170.63,10922784
1765903439704,2801.11,480.22,238616576,189890560,179151696,170.85,10924131
1765903439806,2801.22,480.27,238616576,189890560,179153736,170.85,10924131
1765903439909,2810.86,482.78,238632960,189890560,179391504,171.08,10925478
1765903440011,2810.97,482.82,238632960,189890560,179393544,171.08,10925478
1765903440113,2811.09,482.88,238632960,189890560,179395560,171.08,10925478
1765903440215,2814.17,484.97,238632960,189890560,179632760,171.31,10935017
1765903440317,2814.32,485.03,238632960,189890560,179634800,171.31,10935017
1765903440418,2819.13,487.81,239714304,198803456,176989816,168.79,10936364
1765903440519,2819.25,487.85,239714304,198803456,176991856,168.79,10936364
1765903440621,2819.35,487.90,239714304,198803456,176993872,168.79,10936364
1765903440724,2823.99,489.75,239730688,198803456,177230856,169.02,10904942
1765903440826,2824.11,489.80,239730688,198803456,177232896,169.02,10904942
1765903440929,2829.07,491.72,239730688,198803456,177468584,169.25,10906290
1765903441031,2829.17,491.78,239747072,198803456,177470624,169.25,10906290
1765903441132,2832.69,492.90,239747072,198803456,177589496,169.36,10915159
1765903441234,2833.82,493.77,239763456,198803456,177707944,169.48,10915829
1765903441336,2834.33,493.84,239763456,198803456,177709984,169.48,10915829
1765903441438,2837.28,495.68,239763456,198803456,177945256,169.70,10917177
1765903441540,2837.37,495.73,239763456,198803456,177947296,169.70,10917177
1765903441641,2840.40,497.70,239763456,198803456,178182320,169.93,10918524
1765903441743,2840.52,497.76,239763456,198803456,178184360,169.93,10918524
1765903441845,2840.62,497.83,239763456,198803456,178186376,169.93,10918524
1765903441947,2843.89,499.92,239779840,198803456,178421448,170.16,10919872
1765903442049,2844.53,500.14,239812608,198803456,178442576,170.18,10919876
1765903442149,2848.26,502.07,239812608,198803456,178678096,170.40,10929415
1765903442251,2848.35,502.13,239812608,198803456,178680136,170.40,10929415
1765903442353,2848.47,502.18,239812608,198803456,178682152,170.40,10929415
1765903442455,2853.90,504.34,239812608,198803456,178917144,170.63,10930762
1765903442557,2854.04,504.42,239812608,198803456,178919184,170.63,10930762
1765903442659,2856.36,506.32,239828992,198803456,179153616,170.85,10932109
1765903442761,2856.49,506.38,239828992,198803456,179155704,170.86,10932109
1765903442864,2856.62,506.43,239828992,198803456,179157720,170.86,10932109
1765903442966,2859.57,508.30,239828992,198803456,179392152,171.08,10933457
1765903443068,2860.04,508.45,239828992,198803456,179412152,171.10,10933461
1765903443170,2863.42,510.19,239828992,198803456,179661640,171.34,10943001
1765903443273,2863.53,510.25,239828992,198803456,179663680,171.34,10943001
1765903443374,2863.65,510.32,239828992,198803456,179665696,171.34,10943001
1765903443476,2866.77,512.39,239845376,198803456,179900160,171.57,10944348
1765903443578,2866.91,512.47,239845376,198803456,179902200,171.57,10944348
1765903443679,2872.60,514.25,239861760,198803456,180136872,171.79,10945696
1765903443781,2872.70,514.30,239861760,198803456,180138912,171.79,10945696
1765903443882,2874.72,515.53,239861760,198803456,180257208,171.91,10946373
1765903443984,2875.87,516.49,239878144,198803456,180375176,172.02,10947043
1765903444087,2875.99,516.55,239878144,198803456,180377216,172.02,10947043
1765903444189,2879.05,518.53,240041984,198803456,180611848,172.24,10956584
1765903444291,2879.16,518.61,240041984,198803456,180613888,172.25,10956584
1765903444391,2881.97,519.92,240271360,198803456,180848112,172.47,10957931
1765903444493,2882.11,519.99,240271360,198803456,180850152,172.47,10957931
1765903444595,2882.24,520.05,240271360,198803456,180852168,172.47,10957931
1765903444697,2885.34,522.09,240517120,198803456,181086408,172.70,10959279
1765903444797,2885.50,522.17,240517120,198803456,181088448,172.70,10959279
1765903444898,2888.63,524.17,240730112,198803456,181322736,172.92,10960627
1765903445000,2888.75,524.25,240730112,198803456,181324776,172.92,10960627
1765903445102,2888.88,524.31,240746496,198803456,181326792,172.93,10960627
1765903445204,2893.31,526.56,240959488,198803456,181561520,173.15,10970167
1765903445306,2893.49,526.65,240959488,198803456,181563560,173.15,10970167
1765903445406,2898.34,528.67,241205248,198803456,181797952,173.38,10971515
1765903445508,2898.45,528.74,241205248,198803456,181799992,173.38,10971515
1765903445610,2898.58,528.79,241205248,198803456,181802008,173.38,10971515
1765903445712,2905.31,530.92,241434624,198803456,182037752,173.60,10972862
1765903445814,2905.43,530.98,241434624,198803456,182039792,173.61,10972862
1765903445916,2926.98,533.26,241680384,199065600,182479816,174.03,10974209
1765903446018,2927.07,533.30,241680384,199065600,182481856,174.03,10974209
1765903446120,2927.20,533.37,241680384,199065600,182483872,174.03,10974209
1765903446222,2954.66,536.14,242024448,199065600,182751768,174.29,10983749
1765903446324,2954.77,536.20,242040832,199065600,182753808,174.29,10983749
1765903446426,2958.78,538.54,242270208,199065600,182983024,174.51,10985097
1765903446528,2958.91,538.60,242270208,199065600,182985064,174.51,10985097
1765903446632,2960.89,539.88,242368512,199065600,183100832,174.62,10985774
1765903446734,2962.67,540.85,242483200,199065600,183216288,174.73,10986445
1765903446836,2962.80,540.91,242483200,199065600,183218328,174.73,10986445
1765903446938,2966.03,543.07,242810880,199065600,183681096,175.17,10987793
1765903447040,2966.14,543.13,242810880,199065600,183683136,175.17,10987793
1765903447141,2968.90,544.80,243040256,199065600,183912576,175.39,10997333
1765903447243,2969.03,544.85,243040256,199065600,183914616,175.39,10997333
1765903447345,2969.14,544.90,243040256,199065600,183916632,175.40,10997333
1765903447447,2972.23,547.11,243253248,199065600,184145856,175.62,10998681
1765903447547,2972.37,547.17,243269632,199065600,184147896,175.62,10998681
1765903447648,2980.30,549.27,243515392,199065600,184379176,175.84,11000029
1765903447750,2980.39,549.31,243515392,199065600,184381216,175.84,11000029
1765903447852,2980.51,549.36,243515392,199065600,184383232,175.84,11000029
1765903447954,2984.51,551.19,243744768,199065600,184613280,176.06,11001376
1765903448056,2984.62,551.25,243744768,199065600,184615320,176.06,11001376
1765903448158,2987.55,553.17,243957760,199065600,184844768,176.28,11010916
1765903448260,2987.67,553.22,243957760,199065600,184846808,176.28,11010916
1765903448362,2987.79,553.28,243957760,199065600,184848824,176.29,11010916
1765903448464,2993.36,555.43,244596736,199589888,178744376,170.46,11012264
1765903448567,2993.49,555.49,244596736,199589888,178746416,170.47,11012264
1765903448669,2996.36,557.37,244596736,199589888,178975664,170.68,10948068
1765903448771,2996.45,557.42,244596736,199589888,178977704,170.69,10948068
1765903448873,2996.56,557.48,244596736,199589888,178979720,170.69,10948068
1765903448975,3001.21,559.74,244629504,199589888,179209376,170.91,10949416
1765903449076,3001.35,559.80,244629504,199589888,179211416,170.91,10949416
1765903449178,3006.19,561.56,244629504,199589888,179440128,171.13,10958956
1765903449280,3006.36,561.62,244629504,199589888,179442168,171.13,10958956
1765903449383,3010.04,562.66,244629504,199589888,179557152,171.24,10959633
1765903449484,3016.31,563.92,244645888,199589888,179672096,171.35,10960304
1765903449586,3016.45,563.98,244645888,199589888,179674136,171.35,10960304
1765903449687,3019.18,565.85,244645888,199589888,179900960,171.57,10961652
1765903449789,3019.29,565.91,244645888,199589888,179903000,171.57,10961652
1765903449891,3023.21,567.61,244645888,199589888,180129760,171.79,10963000
1765903449993,3024.16,567.70,244662272,199589888,180132800,171.79,10963000
1765903450095,3024.29,567.77,244662272,199589888,180134816,171.79,10963000
1765903450197,3027.21,569.51,244678656,199589888,180361472,172.01,10972540
1765903450299,3027.32,569.58,244678656,199589888,180363512,172.01,10972540
1765903450400,3030.33,571.64,244678656,199589888,180589960,172.22,10973888
1765903450501,3030.43,571.69,244678656,199589888,180592000,172.23,10973888
1765903450603,3030.55,571.75,244678656,199589888,180594016,172.23,10973888
1765903450704,3035.23,573.71,244695040,199589888,180821352,172.44,10975236
1765903450806,3035.34,573.76,244695040,199589888,180823392,172.45,10975236
1765903450908,3041.36,575.67,244695040,199589888,181050528,172.66,10976584
1765903451011,3042.65,575.72,244695040,199589888,181055880,172.67,10976584
1765903451113,3042.75,575.78,244695040,199589888,181057896,172.67,10976584
1765903451215,3045.70,577.71,244711424,199589888,181284568,172.89,10986124
1765903451317,3045.80,577.76,244711424,199589888,181286608,172.89,10986124
1765903451419,3048.74,579.89,244793344,199589888,181513096,173.10,10987471
1765903451521,3048.85,579.94,244809728,199589888,181515136,173.11,10987471
1765903451623,3048.96,580.00,244809728,199589888,181517152,173.11,10987471
1765903451725,3053.29,582.17,245039104,199589888,181743648,173.32,10988818
1765903451827,3053.47,582.24,245039104,199589888,181745688,173.33,10988818
1765903451927,3056.31,584.38,245268480,199589888,181972384,173.54,10990165
1765903452029,3056.48,584.45,245268480,199589888,181974424,173.54,10990165
1765903452133,3063.45,585.65,245383168,199589888,182088984,173.65,10999034
1765903452235,3068.31,586.88,245514240,199589888,182204136,173.76,10999705
1765903452335,3068.44,586.95,245514240,199589888,182206176,173.77,10999705
1765903452437,3071.28,588.79,245743616,199589888,182430112,173.98,11001053
1765903452539,3071.39,588.85,245743616,199589888,182432152,173.98,11001053
1765903452640,3074.87,590.30,245956608,199589888,182656232,174.19,11002401
1765903452742,3075.65,590.40,245956608,199589888,182658424,174.20,11002401
1765903452844,3075.73,590.45,245940224,199589888,182660440,174.20,11002401
1765903452946,3077.70,591.64,246153216,199589888,182907808,174.43,11003748
1765903453047,3077.97,591.75,246153216,199589888,182909848,174.44,11003748
1765903453148,3081.93,593.91,246382592,199589888,183134152,174.65,11013288
1765903453250,3082.11,593.99,246366208,199589888,183136192,174.65,11013288
1765903453352,3082.26,594.06,246382592,199589888,183138208,174.65,11013288
1765903453453,3085.86,596.22,246595584,199589888,183362288,174.87,11014635
1765903453555,3086.02,596.28,246595584,199589888,183364328,174.87,11014635
1765903453657,3089.85,598.18,244383744,199589888,183588464,175.08,11015983
1765903453759,3090.00,598.26,244383744,199589888,183590504,175.09,11015983
1765903453861,3090.12,598.32,244383744,199589888,183592520,175.09,11015983
1765903453963,3092.92,600.47,244596736,199589888,183970376,175.45,11017329
1765903454065,3093.07,600.52,244596736,199589888,183972416,175.45,11017329
1765903454167,3095.93,602.54,244842496,199589888,184196648,175.66,11026869
1765903454268,3096.10,602.60,244842496,199589888,184198688,175.67,11026869
1765903454370,3096.24,602.67,244842496,199589888,184200704,175.67,11026869
1765903454472,3098.76,604.23,245071872,199589888,184424704,175.88,11028217
1765903454574,3098.89,604.27,245071872,199589888,184426744,175.88,11028217
1765903454675,3101.07,606.09,245252096,199589888,184650728,176.10,11029565
1765903454777,3101.19,606.16,245252096,199589888,184652768,176.10,11029565
1765903454878,3101.30,606.22,245252096,199589888,184654784,176.10,11029565
1765903454980,3105.32,608.11,245481472,199589888,184879456,176.31,11030912
1765903455082,3105.48,608.17,245481472,199589888,184881496,176.32,11030912
1765903455184,3108.32,610.15,245694464,199589888,185105744,176.53,11040452
1765903455286,3108.41,610.20,245694464,199589888,185107784,176.53,11040452
1765903455386,3109.45,611.10,245809152,199589888,185221032,176.64,11041129
1765903455488,3110.36,611.71,245923840,199589888,185333848,176.75,11041800
1765903455590,3110.48,611.78,245923840,199589888,185335888,176.75,11041800
1765903455691,3270.98,626.56,249266176,200376320,171371360,163.43,10985803
1765903455793,3271.15,626.62,249266176,200376320,171582680,163.63,10985803
1765903455893,3273.89,628.47,249266176,200376320,171805968,163.85,10677752
1765903455995,3274.02,628.53,249266176,200376320,171808008,163.85,10677752
1765903456097,3274.14,628.59,249266176,200376320,171810024,163.85,10677752
1765903456199,3276.74,630.39,249266176,200376320,172034296,164.06,10687291
1765903456301,3276.84,630.44,249266176,200376320,172036384,164.07,10687291
1765903456403,3279.24,632.20,249266176,200376320,172260432,164.28,10688639
1765903456505,3279.36,632.25,249266176,200376320,172262472,164.28,10688639
1765903456607,3279.52,632.30,249266176,200376320,172264488,164.28,10688639
1765903456709,3281.37,633.71,249266176,200376320,172488552,164.50,10689987
1765903456811,3281.49,633.76,249266176,200376320,172490592,164.50,10689987
1765903456913,3285.76,635.89,249266176,200376320,172721384,164.72,10691333
1765903457015,3285.84,635.95,249266176,200376320,172723424,164.72,10691333
1765903457118,3285.93,636.00,249266176,200376320,172725440,164.72,10691333
1765903457220,3288.52,637.70,249266176,200376320,172949584,164.94,10700872
1765903457322,3288.61,637.75,249266176,200376320,172951624,164.94,10700872
1765903457424,3291.38,639.50,249266176,200376320,173175560,165.15,10702218
1765903457526,3291.49,639.55,249266176,200376320,173177600,165.16,10702218
1765903457628,3291.58,639.61,249266176,200376320,173179616,165.16,10702218
1765903457730,3294.28,641.28,249266176,200376320,173403688,165.37,10703566
1765903457831,3294.40,641.36,249266176,200376320,173405728,165.37,10703566
1765903457933,3297.12,643.40,249266176,200376320,173629640,165.59,10704914
1765903458035,3297.20,643.44,249266176,200376320,173631680,165.59,10704914
1765903458136,3298.95,644.55,249266176,200376320,173745088,165.70,10713783
1765903458239,3299.94,645.42,249266176,200376320,173858008,165.80,10714453
1765903458341,3300.09,645.49,249266176,200376320,173860048,165.81,10714453
1765903458443,3303.01,647.62,249266176,200376320,174083936,166.02,10715800
1765903458545,3303.14,647.69,249266176,200376320,174085976,166.02,10715800
1765903458646,3306.00,649.59,249266176,200376320,174309904,166.23,10717146
1765903458748,3306.10,649.65,249266176,200376320,174311944,166.24,10717146
1765903458850,3306.22,649.71,249266176,200376320,174313960,166.24,10717146
1765903458952,3313.15,651.85,249266176,200376320,174538824,166.45,10718494
1765903459054,3313.28,651.91,249266176,200376320,174540864,166.46,10718494
1765903459156,3316.54,653.87,249266176,200376320,174765240,166.67,10728034
1765903459258,3316.62,653.90,249266176,200376320,174767280,166.67,10728034
1765903459360,3316.73,653.95,249266176,200376320,174769296,166.67,10728034
1765903459463,3319.45,655.74,249266176,200376320,174993352,166.89,10729381
1765903459565,3319.56,655.80,249266176,200376320,174995392,166.89,10729381
1765903459666,3322.24,658.03,249266176,200376320,175219504,167.10,10730729
1765903459766,3322.32,658.07,249266176,200376320,175221544,167.10,10730729
1765903459868,3322.40,658.11,249266176,200376320,175223560,167.11,10730729
1765903459970,3325.25,660.14,249266176,200376320,175447688,167.32,10732076
1765903460072,3325.36,660.20,249266176,200376320,175449728,167.32,10732076
1765903460174,3328.74,662.28,249266176,200376320,175674128,167.54,10741616
1765903460276,3328.85,662.34,249266176,200376320,175676168,167.54,10741616
1765903460378,3328.95,662.40,249266176,200376320,175678184,167.54,10741616
1765903460480,3331.74,664.47,249266176,200376320,175902232,167.75,10742964
1765903460581,3331.88,664.54,249266176,200376320,175904272,167.76,10742964
1765903460683,3334.74,666.72,249266176,200376320,176128320,167.97,10744312
1765903460785,3334.81,666.75,249266176,200376320,176130360,167.97,10744312
1765903460886,3336.74,667.93,249266176,200376320,176243632,168.08,10744989
1765903460988,3337.69,668.75,249266176,200376320,176356504,168.19,10745660
1765903461090,3337.82,668.81,249266176,200376320,176358544,168.19,10745660
1765903461192,3340.64,670.71,249266176,200376320,176582856,168.40,10755199
1765903461294,3340.75,670.78,249266176,200376320,176584896,168.40,10755199
1765903461394,3343.48,672.63,249266176,200376320,176809032,168.62,10756546
1765903461496,3343.63,672.71,249266176,200376320,176811072,168.62,10756546
1765903461598,3343.74,672.76,249266176,200376320,176813088,168.62,10756546
1765903461700,3347.47,674.76,249266176,200376320,177037536,168.84,10757894
1765903461802,3347.56,674.81,249266176,200376320,177039576,168.84,10757894
1765903461905,3350.30,676.73,249266176,200376320,177263856,169.05,10759242
1765903462007,3350.41,676.78,249266176,200376320,177265896,169.05,10759242
1765903462109,3350.51,676.83,249266176,200376320,177267912,169.06,10759242
1765903462211,3353.24,678.83,249266176,200376320,177492232,169.27,10768782
1765903462313,3353.41,678.89,249266176,200376320,177494272,169.27,10768782
1765903462415,3356.18,680.90,249266176,200376320,177718352,169.49,10770130
1765903462517,3356.24,680.94,249266176,200376320,177720392,169.49,10770130
1765903462619,3356.32,680.98,249266176,200376320,177722408,169.49,10770130
1765903462720,3359.04,682.96,249266176,200376320,177946520,169.70,10771478
1765903462822,3359.16,683.04,249266176,200376320,177948560,169.70,10771478
1765903462924,3361.86,684.93,249266176,200376320,178172664,169.92,10772826
1765903463026,3361.98,684.99,249266176,200376320,178174704,169.92,10772826
1765903463128,3362.14,685.05,249266176,200376320,178176720,169.92,10772826
1765903463229,3365.28,687.21,249266176,200376320,178401000,170.14,10782366
1765903463331,3365.39,687.28,249266176,200376320,178403040,170.14,10782366
1765903463433,3368.02,689.11,249266176,200376320,178627104,170.35,10783714
1765903463535,3368.10,689.15,249266176,200376320,178629144,170.35,10783714
1765903463635,3369.97,690.46,249266176,200376320,178742376,170.46,10784391
1765903463737,3370.98,691.31,249266176,200376320,178855248,170.57,10785062
1765903463839,3371.09,691.37,249266176,200376320,178857288,170.57,10785062
1765903463941,3378.32,696.57,235651072,186482688,172771672,164.77,10729066
1765903464043,3378.43,696.64,235651072,186482688,172773712,164.77,10729066
1765903464144,3385.38,698.56,235651072,186482688,172998048,164.98,10738605
1765903464246,3388.64,698.91,235651072,186482688,173018504,165.00,10738605
1765903464348,3388.76,698.97,235651072,186482688,173020520,165.01,10738605
1765903464448,3516.94,707.05,265158656,215384064,193279344,184.33,10731761
1765903464548,3738.42,711.30,266027008,226852864,196605808,187.50,10731761
1765903464649,3916.47,719.54,278708224,229474304,195524704,186.47,10679132
1765903464751,3916.60,719.60,278708224,229474304,195526744,186.47,10679132
1765903464854,3916.70,719.66,278708224,229474304,195528760,186.47,10679132
1765903464956,3920.57,721.41,278724608,229474304,195765592,186.70,10680479
1765903465056,3920.68,721.45,278724608,229474304,195767632,186.70,10680479
1765903465159,3923.48,723.25,278724608,229474304,196003048,186.92,10690019
1765903465261,3923.59,723.30,278724608,229474304,196005088,186.93,10690019
1765903465363,3923.68,723.35,278724608,229474304,196007104,186.93,10690019
1765903465465,3927.11,725.38,278740992,229474304,196242160,187.15,10691367
1765903465567,3927.19,725.42,278740992,229474304,196244200,187.15,10691367
1765903465670,3930.02,727.33,278740992,229474304,196479312,187.38,10692713
1765903465772,3930.14,727.38,278740992,229474304,196481352,187.38,10692713
1765903465874,3930.22,727.43,278740992,229474304,196483368,187.38,10692713
1765903465976,3933.04,729.28,278740992,229474304,196718440,187.61,10694061
1765903466079,3933.15,729.34,278740992,229474304,196720480,187.61,10694061
1765903466181,3935.99,731.48,278757376,229474304,196955696,187.83,10703600
1765903466283,3936.10,731.54,278757376,229474304,196957736,187.83,10703600
1765903466383,3938.07,732.81,278757376,229474304,197076352,187.95,10704277
1765903466485,3939.19,733.82,278757376,229474304,197194720,188.06,10704946
1765903466587,3939.28,733.89,278757376,229474304,197196760,188.06,10704946
1765903466689,3942.09,735.86,278757376,229474304,197431752,188.29,10706294
1765903466789,3942.20,735.91,278757376,229474304,197433792,188.29,10706294
1765903466891,3945.04,737.62,278773760,229474304,197668848,188.51,10707642
1765903466994,3945.15,737.68,278773760,229474304,197670888,188.51,10707642
1765903467096,3945.26,737.72,278773760,229474304,197672904,188.52,10707642
1765903467198,3948.09,739.67,278773760,229474304,197908136,188.74,10717180
1765903467300,3948.17,739.70,278773760,229474304,197910176,188.74,10717180
1765903467401,3952.64,741.78,278790144,229474304,198145448,188.97,10718528
1765903467503,3952.72,741.81,278790144,229474304,198147488,188.97,10718528
1765903467605,3952.80,741.86,278790144,229474304,198149504,188.97,10718528
1765903467707,3957.04,743.94,278790144,229474304,198384528,189.19,10719875
1765903467808,3957.13,743.99,278790144,229474304,198386568,189.20,10719875
1765903467910,3960.09,746.07,278806528,229474304,198620912,189.42,10721223
1765903468011,3960.20,746.11,278806528,229474304,198622952,189.42,10721223
1765903468113,3960.29,746.15,278806528,229474304,198624968,189.42,10721223
1765903468215,3963.20,747.97,278806528,229474304,198859536,189.65,10730763
1765903468317,3963.34,748.01,278806528,229474304,198861576,189.65,10730763
1765903468419,3966.01,749.83,278806528,229474304,199095912,189.87,10732111
1765903468521,3966.11,749.88,278806528,229474304,199097952,189.87,10732111
1765903468623,3966.20,749.93,278806528,229474304,199099968,189.88,10732111
1765903468725,3969.08,752.09,278822912,229474304,199334312,190.10,10733459
1765903468827,3969.19,752.14,278822912,229474304,199336352,190.10,10733459
1765903468927,3972.14,754.43,278822912,229474304,199570712,190.33,10734807
1765903469029,3972.25,754.48,278822912,229474304,199572752,190.33,10734807
1765903469132,3973.88,755.26,278822912,229474304,199691256,190.44,10743676
1765903469234,3975.17,756.25,278822912,229474304,199809272,190.55,10744347
1765903469336,3975.26,756.29,278822912,229474304,199811312,190.55,10744347
1765903469438,3978.01,758.33,278839296,229474304,200045632,190.78,10745694
1765903469540,3978.13,758.38,278839296,229474304,200047672,190.78,10745694
1765903469640,3978.26,758.42,278724608,229474304,200049688,190.78,10745694
1765903469742,3981.07,759.34,278757376,229474304,200283792,191.01,10747041
1765903469844,3981.17,759.38,278757376,229474304,200285832,191.01,10747041
1765903469946,3984.10,761.39,278757376,229474304,200519768,191.23,10748388
1765903470047,3984.22,761.44,278757376,229474304,200521808,191.23,10748388
1765903470148,3986.93,763.39,278757376,229474304,200756016,191.46,10757927
1765903470249,3987.01,763.43,278757376,229474304,200758056,191.46,10757927
1765903470351,3987.10,763.46,278757376,229474304,200760072,191.46,10757927
1765903470453,3992.61,765.38,278773760,229474304,200995200,191.68,10759275
1765903470555,3992.70,765.43,278773760,229474304,200997240,191.69,10759275
1765903470657,3997.39,767.28,278773760,229474304,201232624,191.91,10760622
1765903470760,3997.48,767.33,278773760,229474304,201234664,191.91,10760622
1765903470862,3997.55,767.38,278773760,229474304,201236680,191.91,10760622
1765903470964,4000.15,769.33,278773760,229474304,201470616,192.14,10761970
1765903471066,4000.24,769.37,278773760,229474304,201472656,192.14,10761970
1765903471168,4003.05,771.18,278790144,229474304,201706856,192.36,10771510
1765903471270,4003.19,771.24,278790144,229474304,201708896,192.36,10771510
1765903471372,4003.32,771.28,278790144,229474304,201710912,192.37,10771510
1765903471474,4006.79,773.26,278790144,229474304,201944912,192.59,10772857
1765903471576,4006.91,773.31,278790144,229474304,201946952,192.59,10772857
1765903471678,4009.55,775.21,278790144,229474304,202180928,192.81,10774205
1765903471780,4009.65,775.27,278790144,229474304,202182968,192.82,10774205
1765903471883,4011.70,776.53,278806528,229474304,202301056,192.93,10774882
1765903471983,4012.80,777.36,278806528,229474304,202419184,193.04,10775552
1765903472085,4012.91,777.43,278806528,229474304,202421768,193.04,10775552
1765903472187,4015.68,779.33,278806528,229474304,202655928,193.27,10785091
1765903472289,4015.77,779.38,278806528,229474304,202657968,193.27,10785091
1765903472391,4018.50,781.38,278806528,229474304,202892040,193.49,10786438
1765903472493,4018.61,781.46,278806528,229474304,202894080,193.49,10786438
1765903472595,4018.72,781.50,278806528,229474304,202896096,193.50,10786438
1765903472697,4021.62,782.70,278806528,229474304,203355888,193.94,10787786
1765903472799,4021.69,782.74,278806528,229474304,203357928,193.94,10787786
1765903472902,4025.35,784.31,278822912,229474304,203591864,194.16,10789134
1765903473004,4025.50,784.38,278822912,229474304,203594208,194.16,10789134
1765903473106,4025.62,784.43,278822912,229474304,203596224,194.16,10789134
1765903473206,4031.73,786.34,278822912,229474304,203832880,194.39,10798673
1765903473308,4031.83,786.39,278822912,229474304,203834920,194.39,10798673
1765903473410,4033.44,787.45,278822912,229474304,204068904,194.62,10800021
1765903473512,4033.54,787.50,278822912,229474304,204070944,194.62,10800021
1765903473613,4033.62,787.55,278822912,229474304,204072960,194.62,10800021
1765903473715,4036.22,789.28,278839296,229474304,204306816,194.84,10801369
1765903473818,4036.29,789.32,278839296,229474304,204308856,194.84,10801369
1765903473920,4038.86,791.60,278839296,229474304,204542672,195.07,10802716
1765903474022,4039.01,791.67,278839296,229474304,204544712,195.07,10802716
1765903474124,4039.11,791.72,278839296,229474304,204546728,195.07,10802716
1765903474226,4041.29,793.48,278839296,229474304,204780840,195.29,10812255
1765903474328,4041.41,793.53,278839296,229474304,204782880,195.30,10812255
1765903474430,4044.27,795.51,278855680,229474304,205016688,195.52,10813603
1765903474532,4044.42,795.55,278855680,229474304,205018728,195.52,10813603
1765903474633,4046.43,796.77,278855680,229474304,205136752,195.63,10814280
1765903474733,4047.41,797.75,278855680,229474304,205254520,195.75,10814951
1765903474835,4047.51,797.79,278855680,229474304,205256560,195.75,10814951
1765903474937,4052.38,799.94,278888448,229474304,205490320,195.97,10816298
1765903475039,4052.48,799.99,278888448,229474304,205492360,195.97,10816298
1765903475141,4062.08,803.11,278888448,229474304,192389904,183.48,10743917
1765903475241,4062.18,803.15,278888448,229474304,192391944,183.48,10743917
1765903475343,4062.30,803.20,278888448,229474304,192393960,183.48,10743917
1765903475445,4064.94,805.08,278888448,229474304,192627712,183.70,10745264
1765903475547,4065.08,805.13,278888448,229474304,192629752,183.71,10745264
1765903475649,4069.10,807.36,278904832,229474304,192863424,183.93,10746612
1765903475751,4069.21,807.41,278904832,229474304,192865464,183.93,10746612
1765903475853,4069.31,807.45,278904832,229474304,192867480,183.93,10746612
1765903475955,4072.07,809.41,278904832,229474304,193100928,184.16,10747959
1765903476055,4072.17,809.45,278904832,229474304,193102968,184.16,10747959
1765903476158,4077.79,811.63,278904832,229474304,193337632,184.38,10757498
1765903476260,4077.88,811.67,278904832,229474304,193339672,184.38,10757498
1765903476362,4077.98,811.75,278904832,229474304,193341688,184.39,10757498
1765903476464,4091.54,814.13,278937600,229474304,193576688,184.61,10758845
1765903476567,4091.69,814.18,278937600,229474304,193578728,184.61,10758845
1765903476669,4094.55,816.01,278953984,229474304,193812192,184.83,10760192
1765903476771,4094.65,816.07,278953984,229474304,193814232,184.84,10760192
1765903476873,4094.74,816.12,278953984,229474304,193816248,184.84,10760192
1765903476976,4097.42,818.11,278953984,229474304,194049592,185.06,10761539
1765903477078,4097.52,818.15,278953984,229474304,194051632,185.06,10761539
1765903477180,4100.29,820.11,278953984,229474304,194285160,185.28,10771078
1765903477282,4100.37,820.14,278953984,229474304,194287200,185.29,10771078
1765903477383,4102.21,821.34,278953984,229474304,194405008,185.40,10771755
1765903477485,4103.26,822.05,278970368,229474304,194522696,185.51,10772426
1765903477587,4103.37,822.09,278970368,229474304,194524736,185.51,10772426
1765903477689,4106.11,823.81,278970368,229474304,194758000,185.74,10773773
1765903477792,4106.22,823.85,278970368,229474304,194760040,185.74,10773773
1765903477892,4109.00,825.68,278970368,229474304,194993400,185.96,10775120
1765903477994,4109.11,825.75,278970368,229474304,194995440,185.96,10775120
1765903478096,4109.22,825.79,278970368,229474304,194997456,185.96,10775120
1765903478198,4112.01,827.92,278986752,229474304,195230968,186.19,10784660
1765903478301,4112.08,827.95,278986752,229474304,195233008,186.19,10784660
1765903478403,4115.22,830.11,278986752,229474304,195466328,186.41,10786007
1765903478505,4115.33,830.15,278986752,229474304,195468368,186.41,10786007
1765903478607,4115.44,830.22,278986752,229474304,195470384,186.42,10786007
1765903478709,4118.01,832.03,278986752,229474304,195703648,186.64,10787354
1765903478811,4118.15,832.12,278986752,229474304,195705688,186.64,10787354
1765903478913,4121.74,834.58,279003136,229474304,195939608,186.86,10788701
1765903479016,4121.90,834.66,279003136,229474304,195941648,186.86,10788701
1765903479117,4122.10,834.82,279003136,229474304,195943664,186.87,10788701
1765903479219,4125.58,837.42,279003136,229474304,196176816,187.09,10798240
1765903479320,4125.69,837.46,279003136,229474304,196178856,187.09,10798240
1765903479422,4128.47,839.58,279003136,229474304,196411816,187.31,10799587
1765903479524,4128.59,839.63,279003136,229474304,196413856,187.31,10799587
1765903479626,4128.68,839.68,279003136,229474304,196415872,187.32,10799587
1765903479728,4131.45,841.52,279019520,229474304,196648848,187.54,10800935
1765903479830,4131.58,841.58,279019520,229474304,196650888,187.54,10800935
1765903479932,4134.40,843.64,279019520,229474304,196883832,187.76,10802282
1765903480034,4134.48,843.69,279019520,229474304,196885872,187.76,10802282
1765903480135,4136.40,845.27,279019520,229474304,197003736,187.88,10811151
1765903480237,4137.37,845.94,279019520,229474304,197121648,187.99,10811822
1765903480338,4137.48,845.99,279019520,229474304,197123688,187.99,10811822
1765903480440,4140.94,847.81,279035904,229474304,197356976,188.21,10813169
1765903480541,4141.03,847.85,279035904,229474304,197359016,188.22,10813169
1765903480641,4143.62,849.58,279035904,229474304,197591888,188.44,10814517
1765903480742,4143.74,849.64,279035904,229474304,197593928,188.44,10814517
1765903480844,4143.85,849.68,279035904,229474304,197595944,188.44,10814517
1765903480946,4146.46,851.68,279035904,229474304,197828896,188.66,10815865
1765903481048,4146.56,851.72,279035904,229474304,197830936,188.67,10815865
1765903481150,4149.22,853.42,279035904,229474304,198065024,188.89,10825404
1765903481251,4149.33,853.48,279035904,229474304,198067064,188.89,10825404
1765903481353,4149.43,853.53,279035904,229474304,198069080,188.89,10825404
1765903481455,4152.45,855.84,279035904,229474304,198307424,189.12,10826750
1765903481557,4152.55,855.88,279035904,229474304,198309464,189.12,10826750
1765903481659,4155.17,857.56,279035904,229474304,198547672,189.35,10828097
1765903481761,4155.26,857.60,279035904,229474304,198549712,189.35,10828097
1765903481863,4155.34,857.64,279035904,229474304,198551728,189.35,10828097
1765903481965,4160.84,859.81,279052288,229474304,198793976,189.58,10829444
1765903482067,4160.91,859.85,279052288,229474304,198796016,189.59,10829444
1765903482169,4163.68,861.93,279052288,229474304,199033440,189.81,10838983
1765903482269,4163.79,861.97,279052288,229474304,199035520,189.82,10838983
1765903482371,4163.88,862.01,279052288,229474304,199037568,189.82,10838983
1765903482473,4166.74,863.77,279052288,229474304,199275752,190.04,10840330
1765903482575,4166.85,863.82,279052288,229474304,199277824,190.05,10840330
1765903482677,4176.31,865.90,279068672,229736448,199782104,190.53,10841678
1765903482779,4176.41,865.94,279068672,229736448,199784144,190.53,10841678
1765903482882,4178.25,867.16,279085056,229736448,199901000,190.64,10842355
1765903482984,4179.14,867.81,279085056,229736448,200017584,190.75,10843026
1765903483086,4179.23,867.87,279085056,229736448,200019624,190.75,10843026
1765903483188,4181.97,869.85,279085056,229736448,200251336,190.97,10852565
1765903483291,4182.08,869.90,279085056,229736448,200253376,190.98,10852565
1765903483392,4185.63,871.88,279101440,229736448,200484856,191.20,10853913
1765903483494,4185.76,871.95,279101440,229736448,200486896,191.20,10853913
1765903483596,4185.86,872.00,279101440,229736448,200488912,191.20,10853913
1765903483698,4188.63,874.03,279101440,229736448,200720384,191.42,10855260
1765903483800,4188.69,874.06,279101440,229736448,200722424,191.42,10855260
1765903483902,4191.46,876.10,279101440,229736448,200953904,191.64,10856608
1765903484004,4191.56,876.15,279101440,229736448,200955944,191.65,10856608
1765903484106,4191.65,876.19,279101440,229736448,200957960,191.65,10856608
1765903484208,4194.32,878.11,279117824,229736448,201189776,191.87,10866147
1765903484310,4194.42,878.15,279117824,229736448,201191816,191.87,10866147
1765903484412,4197.11,879.87,279117824,229736448,201423312,192.09,10867494
1765903484514,4197.23,879.91,279117824,229736448,201425352,192.09,10867494
1765903484616,4197.32,879.96,279117824,229736448,201427368,192.10,10867494
1765903484718,4201.26,881.83,279117824,229736448,201658904,192.32,10868842
1765903484819,4201.38,881.92,279117824,229736448,201660944,192.32,10868842
1765903484920,4207.48,883.79,279150592,229736448,201894456,192.54,10870189
1765903485022,4207.57,883.85,279150592,229736448,201896496,192.54,10870189
1765903485122,4207.66,883.90,279150592,229736448,201898512,192.55,10870189
1765903485224,4219.14,885.89,279166976,229736448,202131440,192.77,10879728
1765903485326,4219.23,885.93,279166976,229736448,202133480,192.77,10879728
1765903485428,4221.99,887.79,279166976,229736448,202360304,192.99,10881075
1765903485530,4222.09,887.84,279166976,229736448,202362344,192.99,10881075
1765903485632,4223.79,889.16,279199744,229736448,202476856,193.10,10881752
1765903485734,4224.78,889.96,279216128,229736448,202591144,193.21,10882423
1765903485835,4224.88,890.00,279216128,229736448,202593184,193.21,10882423
1765903485937,4227.57,891.97,279232512,229736448,202819976,193.42,10883769
1765903486040,4227.68,892.02,279232512,229736448,202822016,193.43,10883769
1765903486141,4230.34,893.98,279232512,229736448,203049080,193.64,10893309
1765903486243,4230.42,894.03,279232512,229736448,203051120,193.64,10893309
1765903486345,4230.52,894.07,279232512,229736448,203053136,193.65,10893309
1765903486447,4233.19,896.05,279232512,229736448,203279920,193.86,10894657
1765903486549,4233.31,896.09,279232512,229736448,203281960,193.86,10894657
1765903486650,4235.94,897.89,279248896,229736448,203508784,194.08,10896004
1765903486751,4236.02,897.92,279248896,229736448,203510824,194.08,10896004
1765903486853,4236.11,897.97,279248896,229736448,203512840,194.08,10896004
1765903486954,4238.80,899.81,279248896,229736448,203739640,194.30,10897351
1765903487056,4238.92,899.86,279248896,229736448,203741680,194.30,10897351
1765903487158,4241.52,901.71,279248896,229736448,203968760,194.52,10906890
1765903487260,4241.60,901.74,279248896,229736448,203970800,194.52,10906890
1765903487362,4241.70,901.78,279248896,229736448,203972816,194.52,10906890
1765903487464,4244.49,903.80,279265280,229736448,204199608,194.74,10908237
1765903487564,4244.61,903.84,279265280,229736448,204201648,194.74,10908237
1765903487666,4247.24,905.99,279265280,229736448,204428496,194.96,10909584
1765903487768,4247.31,906.02,279265280,229736448,204430536,194.96,10909584
1765903487870,4247.41,906.07,279265280,229736448,204432552,194.96,10909584
1765903487972,4251.75,908.29,279281664,229736448,204660352,195.18,10910932
1765903488074,4251.85,908.34,279281664,229736448,204662392,195.18,10910932
1765903488176,4254.44,909.79,279281664,229736448,204889552,195.40,10920472
1765903488278,4254.53,909.84,279281664,229736448,204891592,195.40,10920472
1765903488379,4254.60,909.89,279281664,229736448,204893608,195.40,10920472
1765903488481,4257.41,912.05,279281664,229736448,205120392,195.62,10921820
1765903488583,4257.51,912.09,279281664,229736448,205122432,195.62,10921820
1765903488685,4263.21,914.08,279314432,229736448,205351112,195.84,10923167
1765903488787,4263.30,914.11,279314432,229736448,205353152,195.84,10923167
1765903488888,4264.97,914.96,279314432,229736448,205468168,195.95,10923844
1765903488990,4265.91,915.68,279314432,229736448,205582408,196.06,10924514
1765903489092,4266.02,915.73,279314432,229736448,205584448,196.06,10924514
1765903489192,4268.74,917.98,279314432,229736448,205811504,196.28,10934054
1765903489292,4268.84,918.03,279314432,229736448,205813544,196.28,10934054
1765903489392,4270.66,919.42,279330816,229736448,206040336,196.50,10935402
1765903489493,4270.83,919.51,279330816,229736448,206042376,196.50,10935402
1765903489595,4270.95,919.63,279363584,229736448,206044392,196.50,10935402
1765903489697,4277.83,926.09,252919808,203522048,194747992,185.73,10936750
1765903489799,4277.89,926.11,252919808,203522048,194750032,185.73,10936750
1765903489899,4280.56,927.82,252936192,203522048,194978472,185.95,10823409
1765903490001,4280.66,927.86,252936192,203522048,194980512,185.95,10823409
1765903490103,4280.76,927.89,252936192,203522048,194982528,185.95,10823409
1765903490205,4283.47,929.73,252936192,203522048,195211160,186.17,10832949
1765903490307,4284.33,929.79,252936192,203522048,195213200,186.17,10832949
1765903490409,4286.87,931.39,252936192,203522048,195441616,186.39,10834296
1765903490511,4286.95,931.43,252936192,203522048,195443656,186.39,10834296
1765903490613,4287.08,931.48,252936192,203522048,195445672,186.39,10834296
1765903490715,4288.97,932.88,252936192,203522048,195704576,186.64,10835643
1765903490817,4289.04,932.92,252936192,203522048,195706616,186.64,10835643
1765903490919,4291.80,934.58,252936192,203522048,195935016,186.86,10836991
1765903491021,4291.91,934.64,252936192,203522048,195937056,186.86,10836991
1765903491123,4292.02,934.70,252936192,203522048,195939072,186.86,10836991
1765903491225,4294.69,936.54,252936192,203522048,196167712,187.08,10846530
1765903491326,4294.78,936.58,252936192,203522048,196169752,187.08,10846530
1765903491428,4300.55,938.54,252952576,203522048,196398384,187.30,10847878
1765903491530,4300.65,938.58,252952576,203522048,196400424,187.30,10847878
1765903491633,4302.55,939.80,252952576,203522048,196515848,187.41,10848555
1765903491735,4303.51,940.56,252952576,203522048,196630744,187.52,10849226
1765903491837,4303.60,940.62,252952576,203522048,196632784,187.52,10849226
1765903491939,4308.52,942.87,252952576,203522048,196969872,187.85,10850573
1765903492041,4308.62,942.92,252952576,203522048,196971912,187.85,10850573
1765903492141,4310.95,944.68,252952576,203522048,197200184,188.06,10860113
1765903492242,4311.04,944.74,252952576,203522048,197202224,188.07,10860113
1765903492343,4311.17,944.78,252952576,203522048,197204240,188.07,10860113
1765903492445,4318.11,948.00,256573440,220299264,195164512,186.12,10861461
1765903492545,4318.23,948.04,256573440,220299264,195166552,186.13,10861461
1765903492646,4320.88,949.91,256786432,220299264,195394384,186.34,10838233
1765903492748,4320.98,949.95,256786432,220299264,195396424,186.34,10838233
1765903492851,4321.08,949.99,256786432,220299264,195398440,186.35,10838233
1765903492953,4323.88,952.15,257032192,220299264,195626248,186.56,10839580
1765903493055,4323.98,952.20,257032192,220299264,195628288,186.57,10839580
1765903493157,4326.79,954.26,257261568,220299264,195856360,186.78,10849120
1765903493259,4326.89,954.31,257261568,220299264,195858400,186.79,10849120
1765903493359,4326.98,954.37,257261568,220299264,195860416,186.79,10849120
1765903493461,4329.76,956.46,257490944,220299264,196088344,187.00,10850468
1765903493563,4329.90,956.51,257490944,220299264,196090384,187.01,10850468
1765903493665,4332.67,958.74,257703936,220299264,196318264,187.22,10851816
1765903493767,4332.73,958.78,257703936,220299264,196320304,187.23,10851816
1765903493869,4332.78,958.83,257720320,220299264,196322320,187.23,10851816
1765903493971,4335.41,960.81,257933312,220299264,196550128,187.44,10853163
1765903494073,4335.51,960.85,257933312,220299264,196552168,187.45,10853163
1765903494175,4338.03,962.51,258162688,220299264,196780240,187.66,10862702
1765903494277,4338.18,962.55,258162688,220299264,196782280,187.67,10862702
1765903494382,4340.12,963.75,258277376,220299264,196897304,187.78,10863379
1765903494483,4341.84,964.56,258375680,220299264,197012088,187.89,10864050
1765903494585,4341.92,964.61,258392064,220299264,197014128,187.89,10864050
1765903494686,4345.44,966.68,258621440,220299264,197242040,188.10,10865398
1765903494788,4345.54,966.72,258621440,220299264,197244080,188.11,10865398
1765903494889,4347.33,967.93,258736128,220299264,197359160,188.22,10866075
1765903494991,4348.24,968.75,258834432,220299264,197473944,188.33,10866745
1765903495091,4348.36,968.81,258834432,220299264,197475984,188.33,10866745
1765903495193,4351.22,970.85,259047424,220299264,197704088,188.55,10876284
1765903495295,4351.31,970.92,259063808,220299264,197706128,188.55,10876284
1765903495397,4357.45,972.71,259309568,220299264,197936336,188.77,10877632
1765903495499,4357.53,972.75,259309568,220299264,197938376,188.77,10877632
1765903495601,4357.60,972.78,259309568,220299264,197940392,188.77,10877632
1765903495703,4360.27,974.89,259522560,220299264,198168144,188.99,10878980
1765903495805,4360.39,974.94,259522560,220299264,198170184,188.99,10878980
1765903495907,4363.11,976.88,259735552,220299264,198397944,189.21,10880328
1765903496009,4363.23,976.95,259735552,220299264,198399984,189.21,10880328
1765903496111,4363.33,977.00,259751936,220299264,198402000,189.21,10880328
1765903496213,4370.87,979.11,259964928,220299264,198638304,189.44,10889868
1765903496315,4370.98,979.16,259964928,220299264,198640344,189.44,10889868
1765903496417,4373.66,981.05,260177920,220299264,198879576,189.67,10891216
1765903496519,4373.73,981.08,260177920,220299264,198881616,189.67,10891216
1765903496621,4373.85,981.13,260177920,220299264,198883632,189.67,10891216
1765903496723,4383.01,983.22,260440064,220299264,199134760,189.91,10892563
1765903496826,4383.11,983.26,260440064,220299264,199136296,189.91,10892563
1765903496928,4386.15,985.21,260653056,220299264,199363320,190.13,10893910
1765903497030,4386.24,985.25,260653056,220299264,199364856,190.13,10893910
1765903497133,4387.98,986.11,260767744,220299264,199479440,190.24,10902779
1765903497234,4389.24,987.14,260866048,220299264,199593536,190.35,10903450
1765903497335,4389.33,987.18,260866048,220299264,199595072,190.35,10903450
1765903497438,4392.32,989.01,261079040,220299264,199882136,190.62,10904797
1765903497540,4392.42,989.05,261079040,220299264,199883672,190.62,10904797
1765903497641,4395.83,990.98,261308416,220299264,200110600,190.84,10906145
1765903497743,4396.62,991.04,261308416,220299264,200112376,190.84,10906145
1765903497845,4396.73,991.08,261308416,220299264,200113976,190.84,10906145
1765903497947,4399.33,993.28,261554176,220299264,200340960,191.06,10907492
1765903498047,4399.41,993.32,261554176,220299264,200342496,191.06,10907492
1765903498148,4402.38,995.07,261767168,220299264,200569736,191.28,10917032
1765903498250,4402.46,995.13,261767168,220299264,200571272,191.28,10917032
1765903498352,4402.53,995.17,261767168,220299264,200572784,191.28,10917032
1765903498454,4408.39,997.39,261996544,220299264,200801184,191.50,10918379
1765903498556,4408.46,997.42,261996544,220299264,200802720,191.50,10918379
1765903498657,4411.08,999.30,262225920,220299264,201029936,191.72,10919726
1765903498759,4411.16,999.34,262225920,220299264,201031472,191.72,10919726
1765903498861,4411.29,999.40,262225920,220299264,201032984,191.72,10919726
1765903498963,4413.96,1001.34,262438912,220299264,201260072,191.94,10921074
1765903499065,4414.07,1001.38,262438912,220299264,201261608,191.94,10921074
1765903499167,4419.94,1003.64,262668288,220299264,201489888,192.16,10930613
1765903499269,4420.02,1003.69,262668288,220299264,201491424,192.16,10930613
1765903499370,4420.11,1003.73,262668288,220299264,201492936,192.16,10930613
1765903499472,4422.79,1005.78,262881280,220299264,201719752,192.37,10931960
1765903499574,4422.90,1005.85,262897664,220299264,201721288,192.38,10931960
1765903499676,4425.56,1007.88,263110656,220299264,201948248,192.59,10933307
1765903499778,4425.65,1007.92,263110656,220299264,201949784,192.59,10933307
1765903499883,4427.43,1009.09,263225344,220299264,202196912,192.83,10933984
1765903499985,4428.34,1009.91,263340032,220299264,202310928,192.94,10934654
1765903500087,4428.45,1009.95,263340032,220299264,202312464,192.94,10934654
1765903500189,4431.91,1011.64,263569408,220299264,202539480,193.16,10944193
1765903500292,4432.00,1011.69,263569408,220299264,202541016,193.16,10944193
1765903500392,4434.38,1013.17,263782400,220299264,202767776,193.37,10945541
1765903500492,4434.48,1013.22,263782400,220299264,202769312,193.38,10945541
1765903500593,4434.58,1013.26,263782400,220299264,202770824,193.38,10945541
1765903500695,4437.36,1015.42,264011776,220299264,202997752,193.59,10946889
1765903500797,4437.48,1015.48,264028160,220299264,202999288,193.60,10946889
1765903500898,4440.22,1017.51,264241152,220299264,203226120,193.81,10948237
1765903501000,4440.30,1017.55,264241152,220299264,203227656,193.81,10948237
1765903501102,4440.40,1017.59,264241152,220299264,203229168,193.81,10948237
1765903501204,4444.00,1019.57,264454144,220299264,203456320,194.03,10957776
1765903501306,4444.11,1019.61,264454144,220299264,203457856,194.03,10957776
1765903501408,4447.07,1021.59,264683520,220299264,203684664,194.25,10959122
1765903501510,4447.15,1021.62,264683520,220299264,203686200,194.25,10959122
1765903501612,4447.22,1021.66,264683520,220299264,203687712,194.25,10959122
1765903501714,4449.88,1023.71,264896512,220299264,203914520,194.47,10960469
1765903501816,4449.96,1023.75,264912896,220299264,203916056,194.47,10960469
1765903501918,4452.65,1025.53,265125888,220299264,204142872,194.69,10961816
1765903502020,4453.13,1025.82,265158656,220299264,204160112,194.70,10961820
1765903502122,4453.19,1025.87,265158656,220299264,204161648,194.70,10961820
1765903502224,4455.66,1027.70,265388032,220299264,204388648,194.92,10971358
1765903502325,4455.77,1027.74,265388032,220299264,204390184,194.92,10971358
1765903502427,4460.62,1030.75,266043392,221609984,196935752,187.81,10972706
1765903502529,4460.71,1030.79,266043392,221609984,196937288,187.81,10972706
1765903502629,4460.80,1030.83,266043392,221609984,196938800,187.82,10972706
1765903502731,4478.76,1034.11,266108928,221609984,197199832,188.06,10892130
1765903502833,4478.85,1034.15,266108928,221609984,197201368,188.07,10892130
1765903502935,4481.42,1036.16,266108928,221609984,197423152,188.28,10893477
1765903503037,4481.86,1036.30,266108928,221609984,197439816,188.29,10893481
1765903503138,4483.63,1037.66,266108928,221609984,197551872,188.40,10902350
1765903503240,4484.48,1038.43,266108928,221609984,197663368,188.51,10903020
1765903503342,4484.59,1038.47,266108928,221609984,197664904,188.51,10903020
1765903503444,4487.17,1040.19,266125312,221609984,197886720,188.72,10904367
1765903503546,4487.25,1040.23,266125312,221609984,197888256,188.72,10904367
1765903503647,4489.87,1042.23,266125312,221609984,198110024,188.93,10905714
1765903503749,4489.96,1042.29,266125312,221609984,198111560,188.93,10905714
1765903503851,4490.04,1042.33,266125312,221609984,198113072,188.94,10905714
1765903503953,4492.66,1044.06,266125312,221609984,198334840,189.15,10907061
1765903504055,4492.72,1044.10,266125312,221609984,198336376,189.15,10907061
1765903504157,4495.22,1045.90,266141696,221609984,198558400,189.36,10916601
1765903504259,4495.31,1045.94,266141696,221609984,198559936,189.36,10916601
1765903504361,4495.39,1046.00,266141696,221609984,198561448,189.36,10916601
1765903504463,4500.91,1048.20,266141696,221609984,198784016,189.58,10917948
1765903504564,4500.99,1048.24,266141696,221609984,198785552,189.58,10917948
1765903504666,4503.61,1050.27,266141696,221609984,199231992,190.00,10919295
1765903504768,4503.68,1050.31,266141696,221609984,199233528,190.00,10919295
1765903504870,4503.75,1050.35,266141696,221609984,199235040,190.01,10919295
1765903504972,4506.40,1052.35,266141696,221609984,199456808,190.22,10920643
1765903505074,4506.47,1052.39,266141696,221609984,199458344,190.22,10920643
1765903505176,4518.72,1054.29,266158080,221609984,199681608,190.43,10930182
1765903505278,4518.80,1054.33,266158080,221609984,199683144,190.43,10930182
1765903505382,4520.52,1055.48,266158080,221609984,199794848,190.54,10930859
1765903505484,4521.97,1056.05,266174464,221609984,199906512,190.65,10931529
1765903505586,4522.04,1056.10,266174464,221609984,199908048,190.65,10931529
1765903505688,4524.58,1057.92,266174464,221609984,200129712,190.86,10932875
1765903505790,4524.68,1057.98,266174464,221609984,200131248,190.86,10932875
1765903505891,4527.24,1059.73,266174464,221609984,200352864,191.07,10934223
1765903505993,4527.33,1059.79,266174464,221609984,200354400,191.07,10934223
1765903506094,4527.45,1059.84,266174464,221609984,200355912,191.07,10934223
1765903506196,4529.96,1061.94,266387456,221609984,200578064,191.29,10943762
1765903506298,4530.05,1061.98,266387456,221609984,200579600,191.29,10943762
1765903506400,4534.92,1064.18,266600448,221609984,200801336,191.50,10945109
1765903506501,4535.00,1064.21,266600448,221609984,200802872,191.50,10945109
1765903506603,4535.12,1064.26,266600448,221609984,200804384,191.50,10945109
1765903506705,4537.83,1066.25,266813440,221609984,201026160,191.71,10946457
1765903506807,4537.93,1066.30,266813440,221609984,201027696,191.71,10946457
1765903506909,4540.51,1068.25,267124736,221609984,201249384,191.93,10947804
1765903507011,4540.59,1068.29,267124736,221609984,201250920,191.93,10947804
1765903507113,4540.70,1068.34,267124736,221609984,201252432,191.93,10947804
1765903507215,4542.40,1069.77,267337728,221609984,201474512,192.14,10957344
1765903507317,4542.46,1069.80,267337728,221609984,201476048,192.14,10957344
1765903507419,4544.32,1071.23,267550720,221609984,201698184,192.35,10958691
1765903507521,4544.40,1071.27,267550720,221609984,201699720,192.36,10958691
1765903507623,4544.48,1071.33,267550720,221609984,201701232,192.36,10958691
1765903507725,4547.06,1073.37,267780096,221609984,201923008,192.57,10960038
1765903507827,4547.16,1073.42,267780096,221609984,201924544,192.57,10960038
1765903507929,4549.70,1075.40,267993088,221609984,202146216,192.78,10961386
1765903508030,4549.80,1075.44,268009472,221609984,202147752,192.78,10961386
1765903508132,4551.45,1076.56,268107776,221609984,202259728,192.89,10970255
1765903508235,4552.39,1077.30,268222464,221609984,202371160,193.00,10970926
1765903508337,4552.49,1077.36,268238848,221609984,202372696,193.00,10970926
1765903508437,4555.03,1079.37,268435456,221609984,202594368,193.21,10972273
1765903508539,4555.12,1079.41,268435456,221609984,202595904,193.21,10972273
1765903508642,4557.50,1081.16,268648448,221609984,202817696,193.42,10973620
1765903508744,4557.60,1081.23,268648448,221609984,202819232,193.42,10973620
1765903508845,4557.70,1081.27,268648448,221609984,202820744,193.42,10973620
1765903508947,4560.34,1083.15,268877824,221609984,203042608,193.64,10974968
1765903509049,4560.45,1083.19,268877824,221609984,203044144,193.64,10974968
1765903509149,4563.16,1085.22,269090816,221609984,203266088,193.85,10984506
1765903509252,4563.24,1085.26,269090816,221609984,203267624,193.85,10984506
1765903509354,4563.34,1085.30,269090816,221609984,203269136,193.85,10984506
1765903509456,4566.00,1087.32,269303808,221609984,203491056,194.06,10985853
1765903509558,4566.14,1087.38,269303808,221609984,203492592,194.07,10985853
1765903509660,4569.80,1089.65,269549568,221609984,203714264,194.28,10987200
1765903509762,4569.90,1089.69,269549568,221609984,203715800,194.28,10987200
1765903509864,4570.08,1089.78,269549568,221609984,203717312,194.28,10987200
1765903509966,4573.20,1091.59,269762560,221609984,203939600,194.49,10988547
1765903510068,4573.33,1091.63,269762560,221609984,203941136,194.49,10988547
1765903510170,4580.84,1097.10,255524864,206143488,198389360,189.20,10932545
1765903510272,4580.94,1097.14,255524864,206143488,198390896,189.20,10932545
1765903510373,4581.23,1097.26,255524864,206143488,198392408,189.20,10932545
1765903510474,4587.49,1099.39,255541248,206143488,198646360,189.44,10933893
1765903510576,4587.67,1099.47,255541248,206143488,198647896,189.45,10933893
1765903510678,4591.40,1101.58,255541248,206143488,198869720,189.66,10935240
1765903510780,4591.54,1101.63,255541248,206143488,198871256,189.66,10935240
1765903510884,4593.74,1102.79,255541248,206143488,198982960,189.76,10935917
1765903510987,4596.72,1103.83,255557632,206143488,199094864,189.87,10936588
1765903511088,4596.91,1103.91,255557632,206143488,199096400,189.87,10936588
1765903511189,4626.01,1107.03,255574016,206143488,199415960,190.18,10946128
1765903511291,4626.14,1107.07,255574016,206143488,199417496,190.18,10946128
1765903511391,4628.26,1108.61,255590400,206143488,199640568,190.39,10947474
1765903511492,4628.33,1108.66,255262720,206143488,199642104,190.39,10947474
1765903511592,4628.40,1108.69,252002304,206143488,199643616,190.39,10947474
1765903511693,4630.01,1109.85,252002304,206143488,199866808,190.61,10948821
1765903511794,4630.09,1109.89,252002304,206143488,199868344,190.61,10948821
1765903511894,4636.41,1112.05,254132224,215842816,198689632,189.49,10941977
1765903511995,4636.50,1112.12,181338112,215842816,198691168,189.49,10941977
1765903512096,4636.59,1112.15,172965888,215842816,198692680,189.49,10941977
1765903512197,4638.60,1113.85,172507136,215842816,198916176,189.70,10951517
1765903512298,4638.68,1113.89,171851776,215842816,198917712,189.70,10951517
1765903512398,4640.57,1115.24,172032000,215842816,199140928,189.92,10952865
1765903512499,4640.64,1115.26,172032000,215842816,199142464,189.92,10952865
1765903512600,4640.76,1115.32,172032000,215842816,199143976,189.92,10952865
1765903512701,4648.48,1117.25,172359680,215842816,199369992,190.13,10954212
1765903512802,4648.60,1117.30,172359680,215842816,199371528,190.14,10954212
1765903512903,4651.59,1119.40,172589056,215842816,199593912,190.35,10955560
1765903513004,4652.35,1119.52,172589056,215842816,199595672,190.35,10955560
1765903513105,4652.44,1119.55,172589056,215842816,199597184,190.35,10955560
1765903513206,4655.22,1121.56,172818432,215842816,199819848,190.56,10965099
1765903513307,4655.35,1121.63,172818432,215842816,199821384,190.56,10965099
1765903513408,4658.37,1123.84,173031424,215842816,200043768,190.78,10966446
1765903513509,4658.47,1123.88,173031424,215842816,200045304,190.78,10966446
1765903513610,4658.62,1123.93,173031424,215842816,200046816,190.78,10966446
1765903513711,4675.00,1126.67,173211648,215842816,200271816,190.99,10967793
1765903513812,4675.07,1126.71,173211648,215842816,200273352,191.00,10967793
1765903513913,4677.91,1128.36,173457408,215842816,200524496,191.24,10969141
1765903514014,4678.01,1128.40,173408256,215842816,200526032,191.24,10969141
1765903514114,4678.10,1128.46,173408256,215842816,200527544,191.24,10969141
1765903514215,4680.36,1130.44,173621248,215842816,200750128,191.45,10978679
1765903514316,4680.46,1130.49,173621248,215842816,200751664,191.45,10978679
1765903514417,4683.28,1132.36,173850624,215842816,200974088,191.66,10980026
1765903514517,4683.40,1132.39,173850624,215842816,200975624,191.67,10980026
1765903514618,4683.49,1132.44,173850624,215842816,200977136,191.67,10980026
1765903514719,4686.24,1134.44,174063616,215842816,201199664,191.88,10981373
1765903514820,4686.33,1134.47,174063616,215842816,201201200,191.88,10981373
1765903514921,4689.23,1136.56,174276608,215842816,201423576,192.09,10982720
1765903515021,4689.33,1136.61,174276608,215842816,201425112,192.09,10982720
1765903515123,4689.42,1136.65,174276608,215842816,201426624,192.10,10982720
1765903515224,4692.29,1138.68,174505984,215842816,201807488,192.46,10992259
1765903515325,4692.40,1138.73,174505984,215842816,201809024,192.46,10992259
1765903515426,4695.15,1140.94,174718976,215842816,202031472,192.67,10993606
1765903515527,4695.25,1140.99,174718976,215842816,202033008,192.67,10993606
1765903515631,4697.12,1142.24,174882816,215842816,202145064,192.78,10994283
1765903515732,4698.22,1143.22,174981120,215842816,202256864,192.89,10994953
1765903515833,4698.34,1143.28,174981120,215842816,202258400,192.89,10994953
1765903515934,4701.19,1145.44,175226880,215842816,202480840,193.10,10996300
1765903516034,4701.31,1145.49,175226880,215842816,202482376,193.10,10996300
1765903516134,4703.10,1146.82,175390720,215842816,202594840,193.21,11005169
1765903516235,4704.08,1147.62,175521792,215842816,202706624,193.32,11005840
1765903516336,4704.19,1147.66,175521792,215842816,202708160,193.32,11005840
1765903516437,4706.88,1149.50,175734784,215842816,202930560,193.53,11007187
1765903516538,4706.96,1149.53,175734784,215842816,202932096,193.53,11007187
1765903516639,4714.63,1151.00,175833088,215842816,203046040,193.64,11007864
1765903516740,4715.57,1151.94,175980544,215842816,203157616,193.75,11008535
1765903516841,4715.67,1151.99,175980544,215842816,203159152,193.75,11008535
1765903516942,4718.68,1154.28,176209920,215842816,203381232,193.96,11009883
1765903517043,4718.82,1154.34,176226304,215842816,203382768,193.96,11009883
1765903517143,4721.52,1156.27,176472064,215842816,203605000,194.17,11019422
1765903517244,4721.60,1156.32,176472064,215842816,203606536,194.17,11019422
1765903517345,4721.70,1156.36,176472064,215842816,203608048,194.18,11019422
1765903517446,4725.39,1158.45,176701440,215842816,203830048,194.39,11020770
1765903517547,4725.47,1158.48,176701440,215842816,203831584,194.39,11020770
1765903517648,4730.02,1161.37,177258496,216367104,199685712,190.44,11022118
1765903517749,4730.14,1161.42,177258496,216367104,199687248,190.44,11022118
1765903517850,4730.25,1161.46,177258496,216367104,199688760,190.44,11022118
1765903517951,4734.90,1163.60,177291264,216367104,199910952,190.65,10974314
1765903518052,4734.97,1163.65,177291264,216367104,199912488,190.65,10974314
1765903518153,4737.70,1165.94,177324032,216367104,200134400,190.86,10983853
1765903518254,4737.77,1165.97,177324032,216367104,200135936,190.86,10983853
1765903518355,4737.90,1166.02,177324032,216367104,200137448,190.87,10983853
1765903518456,4740.79,1167.79,177340416,216367104,200359152,191.08,10985199
1765903518557,4740.88,1167.83,177340416,216367104,200360688,191.08,10985199
1765903518658,4743.72,1169.66,177340416,216367104,200582400,191.29,10986546
1765903518759,4743.80,1169.70,177340416,216367104,200583936,191.29,10986546
1765903518860,4743.89,1169.74,177340416,216367104,200585448,191.29,10986546
1765903518961,4746.74,1171.07,177340416,216367104,200807160,191.50,10987893
1765903519062,4746.85,1171.15,177324032,216367104,200808696,191.51,10987893
1765903519163,4749.74,1172.94,177274880,216367104,201030632,191.72,10997433
1765903519264,4749.83,1172.98,177274880,216367104,201032168,191.72,10997433
1765903519365,4749.94,1173.03,177274880,216367104,201033680,191.72,10997433
1765903519467,4757.25,1175.27,109412352,216367104,201257200,191.93,10998780
1765903519568,4757.35,1175.34,107888640,216367104,201258736,191.94,10998780
1765903519669,4759.57,1176.86,103776256,216367104,201480120,192.15,11000127
1765903519770,4759.64,1176.89,103743488,216367104,201481656,192.15,11000127
1765903519871,4759.75,1176.94,103743488,216367104,201483168,192.15,11000127
1765903519971,4763.27,1178.90,103989248,216367104,201704544,192.36,11001474
1765903520071,4763.40,1178.98,103989248,216367104,201706080,192.36,11001474
1765903520172,4765.24,1180.36,100335616,216367104,201928016,192.57,11011013
1765903520273,4771.14,1180.98,102203392,216367104,201931016,192.58,11011013
1765903520373,4771.31,1181.10,100827136,216367104,201932496,192.58,11011013
1765903520474,4773.42,1182.55,98992128,216367104,202183384,192.82,11012361
1765903520574,4773.64,1182.66,98582528,216367104,202184880,192.82,11012361
1765903520675,4778.06,1185.17,98254848,216367104,202406288,193.03,11013709
1765903520775,4778.17,1185.22,98254848,216367104,202407784,193.03,11013709
1765903520876,4778.40,1185.37,98254848,216367104,202409256,193.03,11013709
1765903520976,4782.38,1188.03,98467840,216367104,202630680,193.24,11015056
1765903521077,4782.49,1188.17,98467840,216367104,202632176,193.25,11015056
1765903521177,4784.72,1190.67,98680832,216367104,202853728,193.46,11024595
1765903521278,4784.84,1190.72,98680832,216367104,202855224,193.46,11024595
1765903521381,4786.53,1191.59,98811904,216367104,202966752,193.56,11025272
1765903521481,4788.01,1192.69,98926592,216367104,203078048,193.67,11025943
1765903521582,4788.19,1192.79,98926592,216367104,203079544,193.67,11025943
1765903521683,4794.14,1195.17,99205120,216367104,203558448,194.13,11027290
1765903521784,4794.35,1195.27,99205120,216367104,203559944,194.13,11027290
1765903521884,4796.51,1196.65,99336192,216367104,203671408,194.24,11027967
1765903521985,4798.29,1197.98,99467264,216367104,203782528,194.34,11028636
1765903522086,4798.47,1198.05,99467264,216367104,203784024,194.34,11028636
1765903522187,4802.90,1200.58,99663872,216367104,204039648,194.59,11038175
1765903522288,4803.01,1200.64,99680256,216367104,204041144,194.59,11038175
1765903522393,4807.23,1203.29,99893248,216367104,204262240,194.80,11039522
1765903522494,4807.36,1203.37,99893248,216367104,204263736,194.80,11039522
1765903522595,4807.59,1203.49,99893248,216367104,204265208,194.80,11039522
1765903522696,4817.38,1210.27,101924864,217415680,200680808,191.38,10999910
1765903522797,4817.59,1210.40,101924864,217415680,200682312,191.39,10999910
1765903522897,4821.67,1213.12,101941248,217415680,200903488,191.60,11001257
1765903522998,4821.85,1213.21,101941248,217415680,200904992,191.60,11001257
1765903523099,4822.05,1213.31,101941248,217415680,200906472,191.60,11001257
1765903523200,4826.18,1216.04,101957632,217415680,201127864,191.81,11010797
1765903523300,4826.35,1216.11,101957632,217415680,201129368,191.81,11010797
1765903523400,4830.24,1218.79,101957632,217415680,201350496,192.02,11012144
1765903523501,4830.39,1218.86,101957632,217415680,201352000,192.02,11012144
1765903523602,4830.56,1218.95,101957632,217415680,201353480,192.03,11012144
1765903523703,4834.66,1221.59,101974016,217415680,201574616,192.24,11013492
1765903523805,4834.82,1221.65,101974016,217415680,201576120,192.24,11013492
1765903523906,4838.86,1224.17,102006784,217415680,201797248,192.45,11014839
1765903524007,4839.00,1224.22,102006784,217415680,201798752,192.45,11014839
1765903524108,4839.17,1224.32,102006784,217415680,201800232,192.45,11014839
1765903524209,4843.22,1227.09,102039552,217415680,202021592,192.66,11024379
1765903524310,4843.38,1227.16,102039552,217415680,202023096,192.66,11024379
1765903524427,4875.24,1240.60,119914496,233996288,209102632,199.42,11008672
1765903524527,5036.79,1309.36,244334592,245727232,184737712,176.18,11009343
1765903524626,5212.22,1317.49,253427712,245727232,190678952,181.85,10685977
1765903524728,5288.22,1320.16,254525440,245727232,196469488,187.37,10685977
1765903524829,5288.29,1320.21,254525440,245727232,196470968,187.37,10685977
1765903524930,5288.34,1320.24,254525440,245727232,196472448,187.37,10685977
1765903525031,5288.40,1320.29,254476288,245727232,196473928,187.37,10685977
1765903525132,5288.54,1320.36,254476288,245727232,196475408,187.37,10685977
1765903525232,5309.09,1324.47,254558208,245989376,198371096,189.18,10686855
1765903525333,5309.18,1324.53,254459904,245989376,198372600,189.18,10686855
1765903525434,5309.26,1324.56,254459904,245989376,198374080,189.18,10686855
1765903525535,5309.34,1324.61,254459904,245989376,198375560,189.19,10686855
1765903525636,5309.53,1324.71,254459904,245989376,198377040,189.19,10686855
1765903525737,5309.74,1324.82,254459904,245989376,198378520,189.19,10686855
1765903525837,5309.93,1324.92,254459904,245989376,198380000,189.19,10686855
1765903525937,5310.10,1325.00,254459904,245989376,198381480,189.19,10686855
1765903526038,5310.28,1325.11,254459904,245989376,198382960,189.19,10686855
1765903526139,5310.53,1325.27,254459904,245989376,198384440,189.19,10686855
1765903526240,5310.75,1325.39,254459904,245989376,198385920,189.20,10686855
1765903526341,5310.99,1325.52,254459904,245989376,198387400,189.20,10686855
1765903526442,5311.26,1325.70,254459904,245989376,198388880,189.20,10686855
1765903526543,5311.48,1325.85,254459904,245989376,198390360,189.20,10686855
1765903526644,5311.68,1325.98,254459904,245989376,198391840,189.20,10686855
1765903526745,5311.92,1326.11,254459904,245989376,198393320,189.20,10686855
1765903526846,5312.18,1326.23,254459904,245989376,198394800,189.20,10686855
1765903526947,5312.45,1326.38,254459904,245989376,198396280,189.21,10686855
1765903527048,5312.70,1326.52,254459904,245989376,198397760,189.21,10686855
1765903527149,5312.95,1326.67,254459904,245989376,198399240,189.21,10686855
1765903527250,5313.16,1326.81,254459904,245989376,198400720,189.21,10686855
1765903527351,5313.40,1326.95,254459904,245989376,198402200,189.21,10686855
1765903527451,5313.68,1327.10,254459904,245989376,198403680,189.21,10686855
1765903527551,5313.96,1327.27,254459904,245989376,198405160,189.21,10686855
1765903527652,5314.22,1327.44,254459904,245989376,198406640,189.22,10686855
1765903527753,5314.50,1327.60,254459904,245989376,198408120,189.22,10686855
1765903527854,5314.77,1327.76,254459904,245989376,198409600,189.22,10686855
1765903527955,5315.02,1327.92,254459904,245989376,198411080,189.22,10686855
1765903528056,5315.26,1328.08,254459904,245989376,198412560,189.22,10686855
1765903528157,5315.51,1328.24,254459904,245989376,198414040,189.22,10686855
1765903528258,5315.77,1328.40,254459904,245989376,198415520,189.22,10686855
1765903528359,5316.02,1328.56,254459904,245989376,198417000,189.23,10686855
1765903528460,5316.28,1328.71,254459904,245989376,198418480,189.23,10686855
1765903528561,5316.55,1328.87,254459904,245989376,198419960,189.23,10686855
1765903528662,5316.78,1329.01,254459904,245989376,198421440,189.23,10686855
1765903528764,5317.04,1329.17,254459904,245989376,198422920,189.23,10686855
1765903528865,5317.30,1329.32,254459904,245989376,198424400,189.23,10686855
1765903528966,5317.53,1329.42,254459904,245989376,198425880,189.23,10686855
1765903529067,5317.77,1329.58,254459904,245989376,198427360,189.24,10686855
1765903529168,5318.05,1329.74,254459904,245989376,198428840,189.24,10686855
1765903529269,5318.31,1329.91,254459904,245989376,198430320,189.24,10686855
1765903529371,5318.54,1330.07,254459904,245989376,198431800,189.24,10686855
1765903529472,5318.77,1330.22,254459904,245989376,198433280,189.24,10686855
1765903529573,5318.98,1330.31,254459904,245989376,198434760,189.24,10686855
1765903529674,5319.20,1330.46,254459904,245989376,198436240,189.24,10686855
1765903529775,5319.42,1330.60,254459904,245989376,198437720,189.24,10686855
1765903529876,5319.64,1330.77,254459904,245989376,198439424,189.25,10695047
1765903529977,5319.87,1330.92,254459904,245989376,198440928,189.25,10695047
1765903530078,5320.12,1331.07,254459904,245989376,198442408,189.25,10695047
1765903530179,5320.35,1331.23,254459904,245989376,198443888,189.25,10695047
1765903530281,5320.58,1331.38,254459904,245989376,198445368,189.25,10695047
1765903530382,5320.81,1331.53,254459904,245989376,198446848,189.25,10695047
1765903530483,5321.02,1331.67,254459904,245989376,198448328,189.26,10695047
1765903530584,5321.12,1331.72,254459904,245989376,198449808,189.26,10695047
1765903530685,5321.22,1331.76,254459904,245989376,198451288,189.26,10695047
1765903530786,5321.41,1331.91,254459904,245989376,198452768,189.26,10695047
1765903530887,5321.64,1332.08,254459904,245989376,198454248,189.26,10695047
1765903530988,5321.89,1332.22,254459904,245989376,198455728,189.26,10695047
1765903531089,5322.13,1332.44,254459904,245989376,198457208,189.26,10695047
1765903531190,5322.34,1332.60,254459904,245989376,198458688,189.26,10695047
1765903531291,5322.53,1332.74,254459904,245989376,198460168,189.27,10695047
1765903531391,5322.68,1332.85,254459904,245989376,198461648,189.27,10695047
1765903531492,5322.88,1333.04,254410752,245989376,198463128,189.27,10695047
1765903531593,5323.04,1333.20,254410752,245989376,198464608,189.27,10695047
1765903531694,5323.26,1333.33,254410752,245989376,198466088,189.27,10695047
1765903531795,5323.47,1333.46,254410752,245989376,198467568,189.27,10695047
1765903531896,5323.63,1333.60,254410752,245989376,198469048,189.27,10695047
1765903561042,1614.88,111.92,274759680,208764928,180818608,172.44,10676412
1765903561143,1615.03,111.98,270991360,208764928,180823160,172.45,10676468
1765903561243,1615.17,112.04,269254656,208764928,180825552,172.45,10676468
1765903561344,1615.28,112.10,269254656,208764928,180827888,172.45,10676468
1765903561445,1615.42,112.15,269221888,208764928,180830224,172.45,10676468
1765903561546,1615.76,112.24,269254656,208764928,180832624,172.46,10676468
1765903561646,1615.90,112.31,269254656,208764928,180834960,172.46,10676468
1765903561747,1615.99,112.36,269254656,208764928,180837328,172.46,10676468
1765903561848,1616.13,112.41,269254656,208764928,180839696,172.46,10676468
1765903561949,1616.30,112.47,269254656,208764928,180842112,172.46,10676468
1765903562050,1616.48,112.52,269271040,208764928,180844512,172.47,10676468
1765903562151,1616.68,112.61,269271040,208764928,180846672,172.47,10676468
1765903562252,1616.91,112.70,269271040,208764928,180848752,172.47,10676468
1765903562354,1617.46,112.81,269271040,208764928,180850832,172.47,10676468
1765903562455,1618.08,112.98,269287424,208764928,180852944,172.47,10676468
1765903562556,1618.26,113.05,269287424,208764928,180855024,172.48,10676468
1765903562657,1618.60,113.17,269287424,208764928,180857104,172.48,10676468
1765903562758,1618.97,113.32,269287424,208764928,180859184,172.48,10676468
1765903562859,1619.29,113.46,269287424,208764928,180861264,172.48,10676468
1765903562960,1625.07,114.19,269664256,209027072,181060056,172.67,10676468
1765903563061,1625.36,114.33,269680640,209027072,181062136,172.67,10676468
1765903563162,1625.65,114.46,269680640,209027072,181064216,172.68,10676468
1765903563263,1625.90,114.57,269680640,209027072,181066296,172.68,10676468
1765903563364,1626.15,114.67,269680640,209027072,181068376,172.68,10676468
1765903563464,1626.45,114.78,269680640,209027072,181070456,172.68,10676468
1765903563565,1626.73,114.89,269680640,209027072,181072536,172.68,10676468
1765903563666,1627.00,115.00,269680640,209027072,181074616,172.69,10676468
1765903563767,1627.25,115.09,269680640,209027072,181076696,172.69,10676468
1765903563867,1627.45,115.18,269680640,209027072,181078776,172.69,10676468
1765903563968,1627.67,115.28,269680640,209027072,181080856,172.69,10676468
1765903564069,1627.86,115.34,269680640,209027072,181082936,172.69,10676468
1765903564170,1628.12,115.46,269680640,209027072,181085016,172.70,10676468
1765903564271,1628.38,115.57,269680640,209027072,181087096,172.70,10676468
1765903564372,1628.62,115.66,269680640,209027072,181089176,172.70,10676468
1765903564473,1628.90,115.76,269680640,209027072,181091256,172.70,10676468
1765903564574,1629.19,115.87,269680640,209027072,181093336,172.70,10676468
1765903564675,1629.47,115.96,269680640,209027072,181095384,172.71,10676468
1765903564776,1629.75,116.07,269680640,209027072,181097512,172.71,10676468
1765903564877,1630.01,116.19,269680640,209027072,181099608,172.71,10676468
1765903564979,1630.34,116.29,269680640,209027072,181101792,172.71,10676468
1765903565080,1630.61,116.43,269680640,209027072,181103888,172.71,10676468
1765903565181,1630.93,116.55,269680640,209027072,181105984,172.72,10676468
1765903565282,1631.30,116.73,269680640,209027072,181108080,172.72,10676468
1765903565383,1631.65,116.89,269680640,209027072,181110176,172.72,10676468
1765903565484,1632.00,117.05,269680640,209027072,181112272,172.72,10676468
1765903565585,1632.32,117.24,269680640,209027072,181114368,172.72,10676468
1765903565686,1632.48,117.31,269680640,209027072,181116464,172.73,10676468
1765903565787,1632.68,117.44,269680640,209027072,181118560,172.73,10676468
1765903565888,1632.85,117.52,269680640,209027072,181120656,172.73,10676468
1765903565989,1633.17,117.66,269680640,209027072,181122752,172.73,10676468
1765903566090,1633.49,117.80,269680640,209027072,181124848,172.73,10676468
1765903566192,1633.78,117.95,269680640,209027072,181126944,172.74,10676468
1765903566293,1634.07,118.08,269680640,209027072,181129040,172.74,10676468
1765903566394,1634.32,118.18,269680640,209027072,181131136,172.74,10676468
1765903566495,1634.63,118.32,269680640,209027072,181133232,172.74,10676468
1765903566597,1634.92,118.47,269680640,209027072,181135328,172.74,10676468
1765903566698,1635.18,118.58,269680640,209027072,181137424,172.75,10676468
1765903566799,1635.47,118.70,269680640,209027072,181139520,172.75,10676468
1765903566900,1635.71,118.83,269680640,209027072,181141616,172.75,10676468
1765903567001,1635.84,118.89,269680640,209027072,181143712,172.75,10676468
1765903567102,1835.47,140.97,263340032,176783360,169558296,161.70,10667496
1765903567203,1835.62,141.03,263340032,176783360,169560464,161.71,10667496
1765903567304,1835.84,141.14,263340032,176783360,169562560,161.71,10667496
1765903567405,1836.11,141.23,263340032,176783360,169564656,161.71,10667496
1765903567506,1836.39,141.40,263340032,176783360,169566752,161.71,10667496
1765903567607,1836.60,141.50,263340032,176783360,169568848,161.71,10667496
1765903567707,1955.98,143.32,263602176,176783360,169593192,161.74,10667496
1765903567808,2070.80,150.56,263684096,177045504,169586264,161.73,10667496
1765903567909,2071.06,150.64,263684096,177045504,169844496,161.98,10667496
1765903568010,2071.30,150.75,263684096,177045504,169846592,161.98,10667496
1765903568111,2071.52,150.86,263700480,177045504,169848688,161.98,10667496
1765903568212,2071.71,150.94,263700480,177045504,169850784,161.98,10667496
1765903568313,2071.90,151.03,263700480,177045504,169852880,161.98,10667496
1765903568414,2072.13,151.12,263700480,177045504,169854976,161.99,10667496
1765903568515,2072.39,151.24,263700480,177045504,169857072,161.99,10667496
1765903568616,2072.61,151.33,263700480,177045504,169859168,161.99,10667496
1765903568717,2072.75,151.39,263700480,177045504,169861264,161.99,10667496
1765903568818,2072.95,151.48,263700480,177045504,169863360,161.99,10667496
1765903568919,2073.16,151.58,263716864,177045504,169865456,162.00,10667496
1765903569020,2073.37,151.67,263716864,177045504,169867552,162.00,10667496
1765903569121,2073.59,151.77,263716864,177045504,169869648,162.00,10667496
1765903569222,2073.78,151.85,263716864,177045504,169871744,162.00,10667496
1765903569323,2073.91,151.91,263716864,177045504,169874064,162.00,10675688
1765903569424,2074.03,151.95,263716864,177045504,169876184,162.01,10675688
1765903569526,2074.24,152.04,263716864,177045504,169878280,162.01,10675688
1765903569627,2074.44,152.13,263716864,177045504,169880376,162.01,10675688
1765903569728,2074.63,152.22,263716864,177045504,169882472,162.01,10675688
1765903569829,2074.86,152.31,263716864,177045504,169884568,162.01,10675688
1765903569930,2075.11,152.46,263716864,177045504,169886664,162.02,10675688
1765903570031,2075.23,152.50,263716864,177045504,169888760,162.02,10675688
1765903570132,2075.35,152.56,263716864,177045504,169890856,162.02,10675688
1765903570233,2075.46,152.63,263733248,177045504,169892952,162.02,10675688
1765903570334,2075.72,152.72,263733248,177045504,169895048,162.02,10675688
1765903570434,2076.03,152.86,263733248,177045504,169897144,162.03,10675688
1765903570534,2076.24,152.94,263733248,177045504,169899240,162.03,10675688
1765903570636,2076.35,153.00,263733248,177045504,169901336,162.03,10675688
1765903570737,2076.50,153.07,263733248,177045504,169903432,162.03,10675688
1765903570838,2076.72,153.15,263733248,177045504,169905528,162.03,10675688
1765903570939,2076.92,153.23,263733248,177045504,169907624,162.04,10675688
1765903571040,2077.11,153.34,263749632,177045504,169909720,162.04,10675688
1765903571141,2077.30,153.43,263749632,177045504,169911816,162.04,10675688
1765903571242,2077.50,153.52,263749632,177045504,169913912,162.04,10675688
1765903571343,2077.72,153.63,263749632,177045504,169916008,162.04,10675688
1765903571444,2077.87,153.68,263749632,177045504,169918104,162.05,10675688
1765903571545,2078.10,153.81,263749632,177045504,169920200,162.05,10675688
1765903571646,2078.35,153.93,263749632,177045504,169922296,162.05,10675688
1765903571747,2078.58,154.04,263749632,177045504,169924392,162.05,10675688
1765903571849,2078.80,154.17,263766016,177045504,169926488,162.05,10675688
1765903571950,2078.98,154.24,263766016,177045504,169928584,162.06,10675688
1765903572051,2079.19,154.33,263766016,177045504,169930680,162.06,10675688
1765903572151,2079.39,154.42,263766016,177045504,169932776,162.06,10675688
1765903572251,2079.59,154.51,263766016,177045504,169934872,162.06,10675688
1765903572352,2079.76,154.59,263766016,177045504,169936968,162.06,10675688
1765903572453,2079.96,154.67,263766016,177045504,169939064,162.07,10675688
1765903572554,2080.18,154.77,263766016,177045504,169941160,162.07,10675688
1765903572654,2080.35,154.87,263782400,177045504,169943256,162.07,10675688
1765903572756,2080.53,154.96,263782400,177045504,169945352,162.07,10675688
1765903572857,2080.74,155.06,263782400,177045504,169947448,162.07,10675688
1765903572958,2080.97,155.15,263782400,177045504,169949544,162.08,10675688
1765903573058,2081.26,155.26,263782400,177045504,169951640,162.08,10675688
1765903573159,2081.61,155.41,263782400,177045504,169953736,162.08,10675688
1765903573260,2081.93,155.56,263782400,177045504,169955832,162.08,10675688
1765903573361,2082.24,155.67,263782400,177045504,169957928,162.08,10675688
1765903573462,2082.58,155.79,263798784,177045504,169960024,162.09,10675688
1765903573563,2082.86,155.90,263798784,177045504,169962120,162.09,10675688
1765903573664,2083.12,155.99,263798784,177045504,169964216,162.09,10675688
1765903573765,2083.38,156.10,263798784,177045504,169966312,162.09,10675688
1765903573866,2083.59,156.19,263798784,177045504,169968408,162.09,10675688
1765903573967,2083.78,156.27,263798784,177045504,169970504,162.10,10675688
1765903574068,2084.00,156.36,263798784,177045504,169972600,162.10,10675688
1765903574168,2084.27,156.48,263815168,177045504,169974696,162.10,10675688
1765903574269,2084.51,156.58,263815168,177045504,169976792,162.10,10675688
1765903574370,2084.71,156.67,263815168,177045504,169978888,162.10,10675688
1765903574471,2084.90,156.75,263815168,177045504,169980984,162.11,10675688
1765903574571,2085.11,156.84,263815168,177045504,169983080,162.11,10675688
1765903574672,2085.32,156.93,263815168,177045504,169985176,162.11,10675688
1765903574773,2085.53,157.02,263815168,177045504,169987272,162.11,10675688
1765903574874,2085.74,157.11,263815168,177045504,169989368,162.11,10675688
1765903574975,2085.93,157.20,263831552,177045504,169991464,162.12,10675688
1765903575076,2086.19,157.30,263831552,177045504,169993560,162.12,10675688
1765903575177,2086.56,157.45,263831552,177045504,169995656,162.12,10675688
1765903575278,2086.89,157.56,263831552,177045504,169997752,162.12,10675688
1765903575379,2087.19,157.68,263831552,177045504,169999848,162.12,10675688
1765903575480,2087.46,157.79,263831552,177045504,170001944,162.13,10675688
1765903575581,2087.73,157.88,263831552,177045504,170004040,162.13,10675688
1765903575682,2087.95,158.00,263831552,177045504,170006136,162.13,10675688
1765903575783,2088.14,158.10,263847936,177045504,170008232,162.13,10675688
1765903575884,2088.35,158.19,263847936,177045504,170010328,162.13,10675688
1765903575984,2088.55,158.28,263847936,177045504,170012424,162.14,10675688
1765903576086,2088.74,158.35,263847936,177045504,170014520,162.14,10675688
1765903576187,2088.93,158.44,263847936,177045504,170016616,162.14,10675688
1765903576288,2089.12,158.53,263847936,177045504,170018712,162.14,10675688
1765903576389,2089.35,158.62,263847936,177045504,170020808,162.14,10675688
1765903576490,2089.66,158.75,263847936,177045504,170022904,162.15,10675688
1765903576591,2089.91,158.88,263864320,177045504,170025000,162.15,10675688
1765903576692,2090.10,158.96,263864320,177045504,170027096,162.15,10675688
1765903576793,2090.30,159.05,263864320,177045504,170029192,162.15,10675688
1765903576894,2090.51,159.13,263864320,177045504,170031288,162.15,10675688
1765903576995,2090.72,159.22,263864320,177045504,170033384,162.16,10675688
1765903577096,2090.92,159.31,263864320,177045504,170035480,162.16,10675688
1765903577197,2091.09,159.38,263864320,177045504,170037576,162.16,10675688
1765903577298,2091.25,159.48,263864320,177045504,170039672,162.16,10675688
1765903577399,2091.45,159.55,263880704,177045504,170041768,162.16,10675688
1765903577499,2091.68,159.69,263880704,177045504,170043864,162.17,10675688
1765903577600,2091.88,159.77,263880704,177045504,170045960,162.17,10675688
1765903577701,2092.11,159.86,263880704,177045504,170048056,162.17,10675688
1765903577802,2092.33,159.94,263880704,177045504,170050152,162.17,10675688
1765903577903,2092.53,160.01,263880704,177045504,170052248,162.17,10675688
1765903578005,2092.73,160.10,263880704,177045504,170054344,162.18,10675688
1765903578106,2092.95,160.21,263897088,177045504,170056440,162.18,10675688
1765903578207,2093.17,160.30,263897088,177045504,170058536,162.18,10675688
1765903578308,2093.39,160.40,263897088,177045504,170060632,162.18,10675688
1765903578409,2093.64,160.49,263897088,177045504,170062728,162.18,10675688
1765903578510,2093.92,160.64,263897088,177045504,170064824,162.19,10675688
1765903578612,2094.13,160.73,263897088,177045504,170066920,162.19,10675688
1765903578713,2094.33,160.81,263897088,177045504,170069016,162.19,10675688
1765903578814,2094.53,160.90,263897088,177045504,170071112,162.19,10675688
1765903578915,2094.71,160.99,263913472,177045504,170073208,162.19,10675688
1765903579016,2094.93,161.11,263913472,177045504,170075304,162.20,10675688
1765903579117,2095.15,161.21,263913472,177045504,170077400,162.20,10675688
1765903579218,2095.36,161.29,263913472,177045504,170079496,162.20,10675688
1765903579319,2095.61,161.39,263913472,177045504,170081816,162.20,10683880
1765903579420,2095.86,161.50,263913472,177045504,170083936,162.20,10683880
1765903579521,2096.10,161.62,263913472,177045504,170086032,162.21,10683880
1765903579622,2096.28,161.70,263913472,177045504,170088128,162.21,10683880
1765903579724,2096.45,161.80,263929856,177045504,170090224,162.21,10683880
1765903579825,2096.66,161.90,263929856,177045504,170092320,162.21,10683880
1765903579926,2096.86,161.99,263929856,177045504,170094416,162.21,10683880
1765903580027,2097.10,162.08,263929856,177045504,170096512,162.22,10683880
1765903580128,2097.41,162.21,263929856,177045504,170098608,162.22,10683880
1765903580229,2097.68,162.28,263929856,177045504,170100704,162.22,10683880
1765903580330,2097.90,162.37,263929856,177045504,170102800,162.22,10683880
1765903580432,2098.10,162.45,263929856,177045504,170104896,162.22,10683880
1765903580533,2098.35,162.56,263946240,177045504,170106992,162.23,10683880
1765903580634,2098.59,162.68,263946240,177045504,170109088,162.23,10683880
1765903580734,2098.82,162.77,263946240,177045504,170111184,162.23,10683880
1765903580835,2099.02,162.86,263946240,177045504,170113280,162.23,10683880
1765903580936,2099.22,162.94,263946240,177045504,170115376,162.23,10683880
1765903581037,2099.41,163.02,263946240,177045504,170117472,162.24,10683880
1765903581138,2099.62,163.12,263946240,177045504,170119568,162.24,10683880
1765903581240,2099.84,163.21,263946240,177045504,170121664,162.24,10683880
1765903581341,2100.02,163.31,263962624,177045504,170123760,162.24,10683880
1765903581442,2108.54,165.23,264945664,178094080,169759752,161.90,10685223
1765903581543,2108.63,165.26,264945664,178094080,169761872,161.90,10685223
1765903581644,2119.01,167.51,265371648,178094080,170072512,162.19,10678374
1765903581745,2119.18,167.56,265371648,178094080,170074632,162.20,10678374
1765903581846,2119.41,167.67,265371648,178094080,170076728,162.20,10678374
1765903581947,2127.79,170.03,265650176,178094080,170432024,162.54,10679717
1765903582048,2128.04,170.15,265650176,178094080,170434144,162.54,10679717
1765903582149,2137.08,172.87,264896512,177045504,170187536,162.30,10681060
1765903582250,2137.20,172.91,264896512,177045504,170189656,162.31,10681060
1765903582351,2137.39,172.99,264896512,177045504,170191752,162.31,10681060
1765903582452,2146.07,175.29,264945664,177045504,170516232,162.62,10682402
1765903582553,2146.21,175.33,264945664,177045504,170518352,162.62,10682402
1765903582654,2154.98,177.71,264077312,177045504,170155320,162.27,10683745
1765903582755,2155.12,177.76,264077312,177045504,170157440,162.27,10683745
1765903582863,2159.32,179.77,264241152,177045504,170308680,162.42,10684412
1765903582964,2162.16,180.86,264372224,177045504,170456216,162.56,10685087
1765903583065,2162.45,180.97,264372224,177045504,170458336,162.56,10685087
1765903583166,2168.93,183.60,264650752,177045504,170757680,162.85,10694621
1765903583267,2169.09,183.66,264650752,177045504,170759800,162.85,10694621
1765903583372,2173.04,185.40,264814592,177045504,170911512,162.99,10695289
1765903583473,2176.91,186.70,264126464,177045504,170292528,162.40,10695964
1765903583574,2177.17,186.80,264126464,177045504,170294648,162.41,10695964
1765903583676,2182.84,189.07,264404992,177045504,170592224,162.69,10697307
1765903583777,2183.08,189.15,264404992,177045504,170594344,162.69,10697307
1765903583880,2188.95,191.74,264683520,177045504,170895160,162.98,10698652
1765903583981,2189.23,191.83,264683520,177045504,170897280,162.98,10698652
1765903584082,2189.52,191.96,264683520,177045504,170899376,162.98,10698652
1765903584183,2197.05,194.42,264994816,177045504,171204312,163.27,10708189
1765903584283,2197.33,194.54,264994816,177045504,171206432,163.28,10708189
1765903584384,2205.84,196.97,264437760,177045504,170730472,162.82,10701342
1765903584485,2206.06,197.05,264454144,177045504,170732592,162.82,10701342
1765903584586,2206.40,197.20,264454144,177045504,170734688,162.83,10701342
1765903584687,2212.23,199.80,264732672,177045504,171031216,163.11,10702687
1765903584788,2212.39,199.85,264732672,177045504,171033336,163.11,10702687
1765903584889,2219.55,202.74,264175616,177045504,170562160,162.66,10704032
1765903584990,2219.73,202.81,264175616,177045504,170564280,162.66,10704032
1765903585091,2220.00,202.95,264192000,177045504,170566376,162.66,10704032
1765903585192,2225.69,205.13,264454144,177045504,170863176,162.95,10713569
1765903585293,2225.92,205.24,264470528,177045504,170865296,162.95,10713569
1765903585394,2233.07,207.91,264749056,177045504,171164296,163.23,10714914
1765903585495,2233.21,207.97,264749056,177045504,171166416,163.24,10714914
1765903585595,2233.41,208.05,264749056,177045504,171168512,163.24,10714914
1765903585697,2240.83,210.83,265207808,178094080,170691088,162.78,10716259
1765903585798,2240.99,210.87,265207808,178094080,170693208,162.79,10716259
1765903585899,2247.43,213.58,265486336,178094080,170990680,163.07,10717604
1765903586000,2247.58,213.63,265486336,178094080,170992800,163.07,10717604
1765903586101,2247.82,213.74,265486336,178094080,170994896,163.07,10717604
1765903586202,2257.44,216.63,265781248,178094080,171291088,163.36,10727141
1765903586303,2257.59,216.70,265781248,178094080,171293208,163.36,10727141
1765903586404,2265.26,219.54,265043968,177045504,170821832,162.91,10728486
1765903586505,2265.43,219.61,265043968,177045504,170823952,162.91,10728486
1765903586610,2268.92,221.14,265043968,177045504,170985008,163.06,10720963
1765903586711,2271.70,222.16,265060352,177045504,171152296,163.22,10721639
1765903586812,2271.88,222.25,265043968,177045504,171154416,163.23,10721639
1765903586912,2276.54,224.70,265043968,177045504,171444288,163.50,10722984
1765903587013,2276.67,224.76,265011200,177045504,171446408,163.50,10722984
1765903587113,2282.19,226.17,262815744,177045504,171592728,163.64,10731845
1765903587214,2285.35,227.01,262815744,177045504,171738416,163.78,10732521
1765903587315,2285.53,227.10,262717440,177045504,171740504,163.78,10732521
1765903587416,2293.30,230.30,263225344,178094080,171281280,163.35,10725674
1765903587516,2293.41,230.38,263176192,178094080,171283368,163.35,10725674
1765903587621,2299.08,232.53,263454720,178094080,171571088,163.62,10727019
1765903587722,2299.30,232.61,263454720,178094080,171573176,163.62,10727019
1765903587823,2299.56,232.71,263454720,178094080,171575240,163.63,10727019
1765903587924,2317.17,235.77,264339456,178356224,171103104,163.18,10728364
1765903588025,2317.33,235.84,264339456,178356224,171105144,163.18,10728364
1765903588126,2322.76,237.77,264339456,178356224,171524728,163.58,10737901
1765903588227,2323.05,237.88,264339456,178356224,171526768,163.58,10737901
1765903588328,2323.34,238.00,264339456,178356224,171528784,163.58,10737901
1765903588429,2328.96,240.34,264339456,178356224,171805904,163.85,10739246
1765903588530,2329.24,240.47,264339456,178356224,171807944,163.85,10739246
1765903588633,2336.48,243.17,264355840,178356224,172085608,164.11,10740591
1765903588734,2336.76,243.26,264355840,178356224,172087648,164.12,10740591
1765903588835,2337.07,243.41,264355840,178356224,172089664,164.12,10740591
1765903588935,2342.41,246.00,264470528,178618368,171593120,163.64,10741936
1765903589037,2342.86,246.13,264470528,178618368,171596008,163.65,10741936
1765903589138,2356.76,248.78,264503296,178618368,171882080,163.92,10751473
1765903589239,2356.94,248.84,264503296,178618368,171884120,163.92,10751473
1765903589340,2357.19,248.96,264503296,178618368,171886136,163.92,10751473
1765903589441,2362.62,251.26,264503296,178618368,172154008,164.18,10752818
1765903589543,2362.88,251.39,264503296,178618368,172156048,164.18,10752818
1765903589644,2368.67,253.96,264830976,180977664,171677712,163.72,10745971
1765903589745,2368.82,254.01,264830976,180977664,171679752,163.73,10745971
1765903589846,2369.07,254.13,264830976,180977664,171681768,163.73,10745971
1765903589948,2374.91,256.63,264830976,180977664,171949960,163.98,10747316
1765903590049,2375.13,256.74,264830976,180977664,171952000,163.99,10747316
1765903590150,2380.34,259.07,264847360,180977664,172217448,164.24,10756853
1765903590251,2380.50,259.14,264847360,180977664,172219488,164.24,10756853
1765903590352,2380.75,259.24,264847360,180977664,172221504,164.24,10756853
1765903590453,2393.61,262.14,264945664,181239808,172700120,164.70,10758198
1765903590555,2393.85,262.25,264945664,181239808,172702160,164.70,10758198
1765903590656,2431.83,266.60,268959744,181239808,172967552,164.95,10759543
1765903590757,2431.96,266.64,268959744,181239808,172969592,164.96,10759543
1765903590861,2435.34,268.38,269090816,181239808,173103104,165.08,10760212
1765903590962,2437.72,269.53,269221888,181239808,173236024,165.21,10760888
1765903591063,2438.01,269.64,269221888,181239808,173238064,165.21,10760888
1765903591164,2443.24,271.95,269500416,181239808,173502632,165.47,10770425
1765903591265,2443.39,272.01,269516800,181239808,173504672,165.47,10770425
1765903591366,2448.78,273.88,269746176,181239808,171992048,164.02,10771094
1765903591467,2451.05,277.49,252493824,181239808,172124936,164.15,10755386
1765903591568,2451.22,277.54,252493824,181239808,172126976,164.15,10755386
1765903591669,2490.38,280.10,252575744,181239808,172393632,164.41,10756730
1765903591770,2490.52,280.15,252575744,181239808,172395672,164.41,10756730
1765903591869,2495.92,282.74,252592128,181239808,172760864,164.76,10758075
1765903591971,2496.13,282.82,252592128,181239808,172762904,164.76,10758075
1765903592072,2496.38,282.94,252592128,181239808,172764920,164.76,10758075
1765903592173,2501.54,285.48,252788736,181239808,173027832,165.01,10767612
1765903592274,2501.70,285.55,252788736,181239808,173029872,165.01,10767612
1765903592375,2512.93,287.70,252919808,181239808,173162744,165.14,10768281
1765903592476,2515.16,288.57,253050880,181239808,173294800,165.27,10768957
1765903592577,2515.47,288.70,253050880,181239808,173296840,165.27,10768957
1765903592678,2522.56,291.54,253329408,181239808,173559688,165.52,10770299
1765903592779,2522.85,291.66,253329408,181239808,173561728,165.52,10770299
1765903592880,2530.45,294.29,253607936,181239808,173829400,165.78,10771644
1765903592981,2530.72,294.41,253607936,181239808,173831440,165.78,10771644
1765903593082,2531.05,294.52,253607936,181239808,173833456,165.78,10771644
1765903593183,2538.95,297.12,253870080,181501952,172619416,164.62,10772989
1765903593284,2539.22,297.22,253870080,181501952,172621456,164.62,10772989
1765903593385,2544.53,299.82,253886464,181501952,172884144,164.88,10774334
1765903593486,2544.76,299.93,253886464,181501952,172886184,164.88,10774334
1765903593586,2545.03,300.02,253886464,181501952,172888200,164.88,10774334
1765903593687,2553.63,302.76,253886464,181501952,173150944,165.13,10775679
1765903593788,2553.88,302.85,253886464,181501952,173152984,165.13,10775679
1765903593889,2560.54,305.24,253886464,181501952,173415728,165.38,10777024
1765903593990,2560.73,305.31,253886464,181501952,173417768,165.38,10777024
1765903594091,2561.00,305.39,253886464,181501952,173419784,165.39,10777024
1765903594192,2566.35,307.92,253902848,181501952,173682680,165.64,10786560
1765903594293,2566.61,308.02,253902848,181501952,173684720,165.64,10786560
1765903594394,2574.63,310.48,253902848,181501952,173947648,165.89,10787905
1765903594495,2574.77,310.52,253902848,181501952,173949688,165.89,10787905
1765903594596,2575.00,310.63,253902848,181501952,173951704,165.89,10787905
1765903594697,2582.51,313.31,254181376,181764096,172678544,164.68,10789250
1765903594798,2582.75,313.41,254181376,181764096,172680584,164.68,10789250
1765903594899,2592.86,316.27,254181376,181764096,172944384,164.93,10774211
1765903595000,2592.99,316.32,254181376,181764096,172946424,164.93,10774211
1765903595101,2593.20,316.41,254181376,181764096,172948440,164.94,10774211
1765903595202,2603.47,318.37,254181376,181764096,173307128,165.28,10783747
1765903595303,2603.59,318.41,254181376,181764096,173309168,165.28,10783747
1765903595403,2608.69,320.57,254214144,181764096,173571144,165.53,10785091
1765903595505,2608.85,320.62,254214144,181764096,173573184,165.53,10785091
1765903595605,2610.24,321.55,254214144,181764096,173705424,165.66,10785760
1765903595706,2611.46,322.34,254214144,181764096,173837128,165.78,10786436
1765903595806,2611.60,322.39,254214144,181764096,173839168,165.79,10786436
1765903595907,2621.09,324.76,254230528,181764096,174101824,166.04,10787781
1765903596008,2621.21,324.80,254230528,181764096,174103864,166.04,10787781
1765903596108,2622.32,325.34,254230528,181764096,174236384,166.16,10796642
1765903596209,2623.39,325.94,254230528,181764096,174368088,166.29,10797318
1765903596311,2623.53,326.00,254230528,181764096,174370128,166.29,10797318
1765903596412,2629.42,328.25,254492672,182288384,173135504,165.11,10782279
1765903596513,2629.54,328.29,254492672,182288384,173137544,165.12,10782279
1765903596614,2632.55,329.72,254509056,182288384,173269840,165.24,10782951
1765903596715,2636.64,330.66,254509056,182288384,173404584,165.37,10783627
1765903596816,2636.75,330.72,254509056,182288384,173406624,165.37,10783627
1765903596916,2638.81,331.79,254509056,182288384,173666928,165.62,10784974
1765903597016,2638.90,331.82,254509056,182288384,173668968,165.62,10784974
1765903597121,2643.79,334.06,254525440,182288384,173929440,165.87,10794511
1765903597222,2643.97,334.12,254525440,182288384,173931480,165.87,10794511
1765903597323,2644.23,334.22,254525440,182288384,173933496,165.88,10794511
1765903597424,2647.50,335.89,254525440,182288384,174193816,166.12,10795857
1765903597525,2647.65,335.94,254525440,182288384,174195984,166.13,10795857
1765903597626,2654.04,338.23,254525440,182288384,174456816,166.37,10797202
1765903597727,2654.29,338.30,254525440,182288384,174458856,166.38,10797202
1765903597828,2654.55,338.38,254525440,182288384,174460872,166.38,10797202
1765903597929,2663.20,341.89,255066112,186482688,173186856,165.16,10798547
1765903598030,2663.47,341.99,255066112,186482688,173188896,165.17,10798547
1765903598132,2671.93,344.63,255066112,186482688,173449144,165.41,10799893
1765903598233,2672.19,344.71,255066112,186482688,173451184,165.42,10799893
1765903598334,2672.48,344.82,255066112,186482688,173453200,165.42,10799893
1765903598435,2679.78,347.68,255066112,186482688,173745288,165.70,10801238
1765903598537,2679.92,347.73,255066112,186482688,173747328,165.70,10801238
1765903598638,2699.42,350.48,255082496,186482688,174015888,165.95,10802585
1765903598739,2699.59,350.54,255082496,186482688,174017928,165.96,10802585
1765903598840,2699.80,350.65,255082496,186482688,174019944,165.96,10802585
1765903598941,2704.83,353.01,255082496,186482688,174279744,166.21,10803931
1765903599042,2704.96,353.06,255082496,186482688,174281784,166.21,10803931
1765903599143,2709.54,355.04,255082496,186482688,174541832,166.46,10813468
1765903599243,2709.64,355.08,255082496,186482688,174543872,166.46,10813468
1765903599345,2709.84,355.17,255082496,186482688,174545888,166.46,10813468
1765903599446,2715.03,357.83,255082496,186482688,174807848,166.71,10814813
1765903599546,2715.23,357.90,255082496,186482688,174809920,166.71,10814813
1765903599648,2720.14,360.37,255148032,186482688,175075032,166.96,10816157
1765903599749,2720.27,360.42,255148032,186482688,175077096,166.97,10816157
1765903599850,2720.47,360.52,255148032,186482688,175079144,166.97,10816157
1765903599951,2725.57,363.00,255410176,186482688,175344792,167.22,10817502
1765903600052,2725.81,363.09,255410176,186482688,175346864,167.22,10817502
1765903600153,2732.03,365.43,255672320,186744832,175867384,167.72,10827039
1765903600254,2732.13,365.47,255672320,186744832,175869424,167.72,10827039
1765903600359,2734.92,367.01,255803392,186744832,176000568,167.85,10827708
1765903600461,2738.00,368.06,255918080,186744832,176131216,167.97,10828384
1765903600562,2738.22,368.16,255918080,186744832,176133256,167.97,10828384
1765903600663,2749.65,370.51,256212992,186744832,176397640,168.23,10829729
1765903600764,2749.79,370.56,256212992,186744832,176399680,168.23,10829729
1765903600864,2752.68,372.15,256344064,186744832,176530880,168.35,10830398
1765903600965,2754.86,373.17,256458752,186744832,176661528,168.48,10831074
1765903601066,2755.00,373.21,256458752,186744832,176663568,168.48,10831074
1765903601167,2761.55,376.15,256720896,186744832,176923632,168.73,10840611
1765903601268,2761.66,376.20,256720896,186744832,176925672,168.73,10840611
1765903601369,2766.47,378.78,256983040,186744832,177185448,168.98,10841956
1765903601470,2766.63,378.86,256983040,186744832,177187488,168.98,10841956
1765903601571,2766.76,378.90,256983040,186744832,177189504,168.98,10841956
1765903601672,2778.42,384.60,251756544,187269120,174231664,166.16,10843301
1765903601773,2778.55,384.64,251756544,187269120,174233704,166.16,10843301
1765903601874,2785.87,387.18,251756544,187269120,174491920,166.41,10811878
1765903601975,2786.09,387.26,251756544,187269120,174493960,166.41,10811878
1765903602076,2786.31,387.36,251756544,187269120,174495976,166.41,10811878
1765903602178,2813.42,390.44,251772928,187269120,174755216,166.66,10821414
1765903602279,2813.55,390.49,251772928,187269120,174757256,166.66,10821414
1765903602380,2818.40,393.29,251772928,187269120,175009792,166.90,10822759
1765903602481,2818.59,393.36,251772928,187269120,175011832,166.90,10822759
1765903602583,2818.73,393.40,251772928,187269120,175013848,166.91,10822759
1765903602683,2823.67,396.06,251822080,187269120,175266408,167.15,10824104
1765903602784,2823.81,396.10,251822080,187269120,175268448,167.15,10824104
1765903602885,2828.32,398.26,251838464,187269120,175520976,167.39,10825449
1765903602986,2828.52,398.34,251838464,187269120,175523016,167.39,10825449
1765903603087,2828.76,398.44,251854848,187269120,175525032,167.39,10825449
1765903603188,2833.49,401.10,252100608,187269120,175777768,167.63,10834986
1765903603289,2833.62,401.14,252100608,187269120,175779808,167.64,10834986
1765903603389,2839.34,403.61,252346368,187269120,176032352,167.88,10836331
1765903603491,2839.55,403.69,252346368,187269120,176034392,167.88,10836331
1765903603592,2839.75,403.77,252346368,187269120,176036408,167.88,10836331
1765903603693,2844.24,405.83,252608512,187269120,176283256,168.12,10837675
1765903603794,2844.39,405.87,252608512,187269120,176285296,168.12,10837675
1765903603895,2849.20,408.62,252854272,187269120,176532160,168.35,10839020
1765903603996,2849.30,408.69,252854272,187269120,176534200,168.36,10839020
1765903604097,2849.43,408.73,252854272,187269120,176536216,168.36,10839020
1765903604198,2854.19,411.33,253083648,187269120,176783312,168.59,10848557
1765903604299,2854.40,411.43,253100032,187269120,176785352,168.60,10848557
1765903604400,2859.16,414.01,253345792,187269120,177032272,168.83,10849901
1765903604501,2859.28,414.06,253345792,187269120,177034312,168.83,10849901
1765903604602,2859.47,414.15,253345792,187269120,177036328,168.83,10849901
1765903604704,2863.99,416.51,253591552,187269120,177283272,169.07,10851246
1765903604805,2864.20,416.58,253591552,187269120,177285312,169.07,10851246
1765903604906,2874.10,419.47,254246912,187793408,174650008,166.56,10828015
1765903605007,2874.22,419.52,254246912,187793408,174652048,166.56,10828015
1765903605111,2876.99,420.96,254263296,187793408,174776952,166.68,10836876
1765903605212,2879.09,421.93,254263296,187793408,174901104,166.80,10837552
1765903605313,2879.28,422.02,254263296,187793408,174903144,166.80,10837552
1765903605414,2886.52,424.37,254263296,187793408,175150448,167.04,10838897
1765903605515,2886.64,424.44,254263296,187793408,175152488,167.04,10838897
1765903605617,2889.36,425.91,254263296,187793408,175276888,167.16,10839566
1765903605718,2891.41,426.94,254263296,187793408,175400728,167.28,10840242
1765903605819,2891.62,427.03,254263296,187793408,175402768,167.28,10840242
1765903605921,2896.35,429.53,254296064,187793408,175649152,167.51,10841587
1765903606022,2896.49,429.57,254296064,187793408,175651192,167.51,10841587
1765903606122,2901.24,432.01,254296064,187793408,175897728,167.75,10851124
1765903606223,2901.41,432.08,254296064,187793408,175899768,167.75,10851124
1765903606324,2901.54,432.13,254296064,187793408,175901784,167.75,10851124
1765903606425,2908.43,434.61,254296064,187793408,176148128,167.99,10852470
1765903606526,2908.56,434.65,254296064,187793408,176150168,167.99,10852470
1765903606627,2915.20,437.09,254312448,187793408,176405336,168.23,10853817
1765903606728,2915.42,437.22,254312448,187793408,176407376,168.24,10853817
1765903606829,2915.64,437.30,254312448,187793408,176409392,168.24,10853817
1765903606930,2956.83,440.87,254345216,187793408,176656896,168.47,10855164
1765903607031,2956.95,440.92,254345216,187793408,176658936,168.48,10855164
1765903607133,2972.17,443.83,254345216,187793408,176914672,168.72,10864703
1765903607235,2982.68,444.09,254361600,187793408,176918056,168.72,10864703
1765903607336,2982.90,444.20,254361600,187793408,176920072,168.72,10864703
1765903607437,2987.60,446.46,254377984,187793408,177216744,169.01,10866050
1765903607539,2987.73,446.50,254377984,187793408,177218784,169.01,10866050
1765903607639,2992.23,448.73,254394368,187793408,177464864,169.24,10867396
1765903607741,2992.34,448.78,254394368,187793408,177466904,169.25,10867396
1765903607842,2992.54,448.88,254394368,187793408,177468920,169.25,10867396
1765903607943,2997.09,451.21,254394368,187793408,177714984,169.48,10868743
1765903608044,2997.30,451.29,254394368,187793408,177717024,169.48,10868743
1765903608145,3001.80,453.31,254394368,187793408,177963368,169.72,10878282
1765903608246,3001.93,453.37,254394368,187793408,177965408,169.72,10878282
1765903608347,3002.12,453.47,254394368,187793408,177967424,169.72,10878282
1765903608448,3009.93,457.07,254885888,188055552,175196576,167.08,10879628
1765903608549,3010.12,457.17,254885888,188055552,175198616,167.08,10879628
1765903608650,3019.87,459.59,254885888,188055552,175445984,167.32,10848207
1765903608751,3020.01,459.64,254885888,188055552,175448024,167.32,10848207
1765903608851,3020.19,459.74,254885888,188055552,175450040,167.32,10848207
1765903608953,3024.80,462.35,254885888,188055552,175696064,167.56,10849553
1765903609054,3024.99,462.44,254885888,188055552,175698104,167.56,10849553
1765903609155,3043.80,464.93,254918656,188317696,176214472,168.05,10859092
1765903609256,3043.92,464.98,254918656,188317696,176216512,168.05,10859092
1765903609359,3046.57,466.39,254918656,188317696,176337832,168.17,10859762
1765903609460,3048.84,467.58,254935040,188317696,176458624,168.28,10860439
1765903609561,3049.04,467.67,254935040,188317696,176460664,168.29,10860439
1765903609662,3059.66,469.86,254935040,188317696,176701624,168.52,10861786
1765903609764,3059.79,469.91,254935040,188317696,176703664,168.52,10861786
1765903609865,3062.44,471.66,254935040,188317696,176824848,168.63,10862456
1765903609966,3065.86,472.73,254935040,188317696,176945624,168.75,10863133
1765903610067,3066.09,472.83,254935040,188317696,176947664,168.75,10863133
1765903610168,3073.48,474.98,254951424,188317696,177188584,168.98,10872671
1765903610269,3073.59,475.02,254951424,188317696,177190624,168.98,10872671
1765903610371,3079.59,477.46,254951424,188317696,177430408,169.21,10874018
1765903610472,3080.49,477.56,254951424,188317696,177433216,169.21,10874018
1765903610573,3080.70,477.65,254951424,188317696,177435232,169.22,10874018
1765903610674,3085.24,480.18,254967808,188317696,177675008,169.44,10875365
1765903610775,3085.43,480.26,254967808,188317696,177677048,169.45,10875365
1765903610876,3094.04,482.84,254967808,188317696,177917104,169.67,10876712
1765903610977,3094.24,482.91,254967808,188317696,177919144,169.68,10876712
1765903611078,3094.44,482.99,254967808,188317696,177921160,169.68,10876712
1765903611179,3098.78,485.27,254984192,188317696,178161168,169.91,10886251
1765903611280,3098.91,485.32,254984192,188317696,178163208,169.91,10886251
1765903611381,3103.33,487.27,255000576,188317696,178403000,170.14,10887597
1765903611482,3103.57,487.35,255000576,188317696,178405040,170.14,10887597
1765903611583,3103.79,487.47,255000576,188317696,178407056,170.14,10887597
1765903611684,3111.80,493.73,255000576,188317696,178647056,170.37,10888944
1765903611785,3111.99,493.84,255000576,188317696,178649096,170.37,10888944
1765903611885,3117.43,496.71,255148032,188317696,178888896,170.60,10890291
1765903611986,3117.67,496.82,255148032,188317696,178890936,170.60,10890291
1765903612087,3117.89,496.92,255148032,188317696,178892952,170.61,10890291
1765903612188,3126.84,499.63,255721472,189104128,176193352,168.03,10875254
1765903612289,3127.05,499.73,255721472,189104128,176195392,168.03,10875254
1765903612389,3134.11,501.65,255721472,189104128,176435616,168.26,10876602
1765903612490,3134.35,501.78,255721472,189104128,176437656,168.26,10876602
1765903612591,3134.56,501.90,255721472,189104128,176439672,168.27,10876602
1765903612692,3142.05,504.33,255737856,189104128,176679968,168.50,10877950
1765903612792,3142.17,504.37,255737856,189104128,176682008,168.50,10877950
1765903612894,3158.70,507.11,255754240,189104128,176921880,168.73,10879300
1765903612995,3158.80,507.15,255754240,189104128,176923920,168.73,10879300
1765903613096,3159.00,507.25,255754240,189104128,176925936,168.73,10879300
1765903613197,3164.06,509.64,255754240,189104128,177163928,168.96,10888839
1765903613298,3164.24,509.71,255754240,189104128,177165968,168.96,10888839
1765903613399,3168.43,511.78,255770624,189104128,177403064,169.18,10890186
1765903613500,3168.57,511.82,255770624,189104128,177405104,169.19,10890186
1765903613601,3168.76,511.94,255770624,189104128,177407120,169.19,10890186
1765903613702,3180.23,513.89,255787008,189104128,177644832,169.42,10891533
1765903613803,3180.41,513.97,255787008,189104128,177646872,169.42,10891533
1765903613903,3184.65,516.40,255787008,189104128,177884000,169.64,10892880
1765903614005,3184.78,516.46,255787008,189104128,177886040,169.65,10892880
1765903614111,3187.35,517.95,255803392,189104128,178006112,169.76,10901743
1765903614212,3189.31,518.94,255803392,189104128,178125368,169.87,10902420
1765903614313,3189.50,519.02,255803392,189104128,178127408,169.88,10902420
1765903614414,3194.01,521.72,255803392,189104128,178364760,170.10,10903767
1765903614515,3194.17,521.79,255803392,189104128,178366800,170.10,10903767
1765903614618,3198.61,524.27,255803392,189104128,178603832,170.33,10905115
1765903614719,3198.79,524.35,255803392,189104128,178605872,170.33,10905115
1765903614820,3198.98,524.45,255803392,189104128,178607888,170.33,10905115
1765903614921,3203.37,526.69,255819776,189104128,178845336,170.56,10906462
1765903615022,3203.52,526.73,255819776,189104128,178847376,170.56,10906462
1765903615123,3208.31,528.87,255819776,189104128,179084808,170.79,10916000
1765903615224,3208.52,528.95,255819776,189104128,179086848,170.79,10916000
1765903615325,3208.74,529.04,255819776,189104128,179088864,170.79,10916000
1765903615426,3217.52,531.84,255836160,189104128,179326792,171.02,10917347
1765903615527,3217.67,531.88,255836160,189104128,179328832,171.02,10917347
1765903615629,3228.70,535.52,256933888,198279168,176576928,168.40,10918694
1765903615731,3228.94,535.61,256933888,198279168,176578968,168.40,10918694
1765903615832,3229.16,535.73,256933888,198279168,176580984,168.40,10918694
1765903615933,3233.61,538.38,256933888,198279168,176818144,168.63,10887273
1765903616034,3233.81,538.49,256933888,198279168,176820184,168.63,10887273
1765903616135,3238.18,540.71,256950272,198279168,177057552,168.86,10896812
1765903616236,3238.40,540.78,256950272,198279168,177059592,168.86,10896812
1765903616337,3238.69,540.94,256950272,198279168,177061608,168.86,10896812
1765903616438,3243.11,543.37,256966656,198279168,177298696,169.09,10898160
1765903616538,3243.33,543.47,256966656,198279168,177300736,169.09,10898160
1765903616640,3247.60,545.91,256966656,198279168,177537864,169.31,10899507
1765903616741,3247.74,545.96,256966656,198279168,177539904,169.32,10899507
1765903616842,3247.95,546.07,256966656,198279168,177541920,169.32,10899507
1765903616943,3260.58,548.51,256983040,198279168,177779696,169.54,10900854
1765903617044,3260.82,548.64,256983040,198279168,177781736,169.55,10900854
1765903617145,3265.03,550.76,256983040,198279168,178262344,170.00,10910393
1765903617246,3265.17,550.82,256983040,198279168,178264384,170.01,10910393
1765903617347,3265.38,550.91,256983040,198279168,178266400,170.01,10910393
1765903617448,3269.56,552.94,256983040,198279168,178503376,170.23,10911740
1765903617548,3269.77,553.02,256983040,198279168,178505416,170.24,10911740
1765903617649,3276.89,555.27,256983040,198279168,178742384,170.46,10913086
1765903617750,3277.03,555.34,256983040,198279168,178744424,170.46,10913086
1765903617851,3277.26,555.48,256983040,198279168,178746440,170.47,10913086
1765903617952,3284.19,558.02,256999424,198279168,178982272,170.69,10914434
1765903618053,3284.40,558.12,256999424,198279168,178984312,170.69,10914434
1765903618154,3291.66,560.43,256999424,198279168,179219600,170.92,10923973
1765903618255,3291.78,560.48,256999424,198279168,179221640,170.92,10923973
1765903618359,3294.33,562.26,256999424,198279168,179340416,171.03,10924644
1765903618460,3296.31,563.31,257015808,198279168,179458672,171.15,10925321
1765903618561,3296.55,563.40,257015808,198279168,179460712,171.15,10925321
1765903618662,3300.55,565.47,257015808,198279168,179695768,171.37,10926668
1765903618763,3300.72,565.53,257015808,198279168,179697808,171.37,10926668
1765903618864,3303.26,567.05,257015808,198279168,179816664,171.49,10927339
1765903618965,3306.07,568.29,257081344,198279168,179953944,171.62,10928020
1765903619065,3306.23,568.39,257081344,198279168,179955984,171.62,10928020
1765903619166,3311.98,570.83,257097728,198279168,180191504,171.84,10937559
1765903619267,3312.10,570.88,257097728,198279168,180193544,171.85,10937559
1765903619369,3319.53,572.83,257179648,198279168,180312560,171.96,10938229
1765903619470,3321.48,574.00,257294336,198279168,180430496,172.07,10938906
1765903619571,3321.70,574.12,257294336,198279168,180432536,172.07,10938906
1765903619672,3325.91,576.58,257540096,198279168,180666968,172.30,10940253
1765903619773,3326.11,576.68,257540096,198279168,180669008,172.30,10940253
1765903619874,3330.43,579.33,257769472,198279168,180903800,172.52,10941601
1765903619975,3331.27,579.55,257785856,198279168,180923760,172.54,10941605
1765903620076,3331.52,579.69,257785856,198279168,180925800,172.54,10941605
1765903620177,3336.11,582.59,258015232,198279168,181175320,172.78,10951145
1765903620278,3336.32,582.69,258031616,198279168,181177360,172.78,10951145
1765903620379,3340.78,585.65,258260992,198279168,181411816,173.01,10952492
1765903620480,3340.99,585.72,258260992,198279168,181413856,173.01,10952492
1765903620581,3341.25,585.85,258260992,198279168,181415872,173.01,10952492
1765903620682,3350.53,587.86,258490368,198279168,181650512,173.24,10953840
1765903620783,3350.76,587.97,258490368,198279168,181652552,173.24,10953840
1765903620883,3354.66,589.81,258719744,198279168,181886856,173.46,10955187
1765903620984,3354.89,589.92,258719744,198279168,181888896,173.46,10955187
1765903621084,3355.12,590.05,258719744,198279168,181890912,173.46,10955187
1765903621186,3359.16,591.90,258965504,198279168,182125384,173.69,10964728
1765903621286,3359.36,592.03,258965504,198279168,182127424,173.69,10964728
1765903621387,3363.76,594.49,259178496,198279168,182361688,173.91,10966075
1765903621488,3363.96,594.57,259178496,198279168,182363728,173.92,10966075
1765903621589,3364.18,594.65,259178496,198279168,182365744,173.92,10966075
1765903621690,3368.67,597.65,259424256,198279168,182599992,174.14,10967423
1765903621790,3368.88,597.75,259424256,198279168,182602032,174.14,10967423
1765903621892,3375.27,600.53,259670016,198279168,182836552,174.37,10968771
1765903621993,3375.39,600.58,259670016,198279168,182838592,174.37,10968771
1765903622094,3375.51,600.63,259670016,198279168,182840608,174.37,10968771
1765903622195,3379.99,603.61,259899392,198279168,183075160,174.59,10978311
1765903622296,3380.11,603.68,259899392,198279168,183077200,174.60,10978311
1765903622397,3387.64,606.22,260145152,198279168,183311920,174.82,10979659
1765903622498,3387.74,606.27,260145152,198279168,183313960,174.82,10979659
1765903622599,3387.93,606.36,260145152,198279168,183315976,174.82,10979659
1765903622701,3398.39,608.81,260390912,198279168,183551624,175.05,10981006
1765903622802,3398.59,608.88,260390912,198279168,183553664,175.05,10981006
1765903622904,3427.49,611.65,260636672,198541312,183993864,175.47,10982353
1765903623005,3429.70,612.24,261160960,199589888,178137544,169.89,10982353
1765903623110,3435.21,613.64,261160960,199589888,178255112,170.00,10933864
1765903623212,3467.61,614.98,261685248,199589888,178373768,170.11,10934541
1765903623313,3467.82,615.08,261685248,199589888,178375808,170.11,10934541
1765903623414,3472.88,617.38,261701632,199589888,178605032,170.33,10935889
1765903623515,3473.01,617.44,261701632,199589888,178607072,170.33,10935889
1765903623618,3477.26,619.89,261701632,199589888,178836280,170.55,10937237
1765903623719,3478.79,620.02,261701632,199589888,178838320,170.55,10937237
1765903623820,3479.04,620.12,261701632,199589888,178840336,170.56,10937237
1765903623922,3483.45,622.72,261799936,199589888,179164568,170.86,10938585
1765903624023,3483.66,622.83,261799936,199589888,179166608,170.87,10938585
1765903624124,3488.03,625.20,261816320,199589888,179396056,171.09,10948125
1765903624225,3488.30,625.29,261816320,199589888,179398096,171.09,10948125
1765903624326,3488.56,625.41,261816320,199589888,179400112,171.09,10948125
1765903624426,3492.92,627.70,261816320,199589888,179629440,171.31,10949473
1765903624527,3493.11,627.79,261816320,199589888,179631480,171.31,10949473
1765903624628,3504.62,630.26,261865472,199589888,179862800,171.53,10950821
1765903624729,3504.81,630.36,261865472,199589888,179864840,171.53,10950821
1765903624830,3504.96,630.41,261865472,199589888,179866856,171.53,10950821
1765903624931,3511.91,633.03,261881856,199589888,180096712,171.75,10952168
1765903625032,3512.11,633.13,261881856,199589888,180098752,171.76,10952168
1765903625133,3516.26,635.46,261881856,199589888,180328224,171.97,10961708
1765903625234,3516.49,635.55,261881856,199589888,180330264,171.98,10961708
1765903625335,3516.75,635.65,261881856,199589888,180332280,171.98,10961708
1765903625436,3521.07,638.10,261881856,199589888,180561576,172.20,10963056
1765903625536,3521.29,638.21,261881856,199589888,180563616,172.20,10963056
1765903625636,3525.43,640.70,261898240,199589888,180792832,172.42,10964404
1765903625737,3525.59,640.76,261898240,199589888,180794872,172.42,10964404
1765903625838,3525.79,640.85,261898240,199589888,180796888,172.42,10964404
1765903625939,3532.33,643.15,261898240,199589888,181026600,172.64,10965752
1765903626040,3532.54,643.24,261898240,199589888,181028640,172.64,10965752
1765903626140,3540.60,645.46,262094848,199589888,181257392,172.86,10975292
1765903626242,3540.73,645.51,262094848,199589888,181259432,172.86,10975292
1765903626343,3540.95,645.61,262094848,199589888,181261448,172.86,10975292
1765903626444,3556.71,648.46,262324224,199589888,181675896,173.26,10976640
1765903626544,3556.91,648.57,262340608,199589888,181677936,173.26,10976640
1765903626645,3561.05,651.41,262553600,199589888,181904792,173.48,10977988
1765903626746,3561.19,651.47,262553600,199589888,181906832,173.48,10977988
1765903626847,3561.39,651.56,262553600,199589888,181908848,173.48,10977988
1765903626948,3568.20,654.28,262782976,199589888,182136664,173.70,10979336
1765903627049,3568.43,654.38,262782976,199589888,182138704,173.70,10979336
1765903627150,3572.69,657.09,263012352,199589888,182365400,173.92,10988876
1765903627251,3572.81,657.27,263012352,199589888,182367440,173.92,10988876
1765903627352,3572.93,657.32,263028736,199589888,182369456,173.92,10988876
1765903627453,3580.01,658.91,263241728,199589888,182596720,174.14,10990224
1765903627554,3580.20,659.01,263241728,199589888,182598760,174.14,10990224
1765903627655,3587.98,661.74,263471104,199589888,182826128,174.36,10991572
1765903627757,3588.11,661.79,263471104,199589888,182828168,174.36,10991572
1765903627860,3590.54,663.32,263585792,199589888,182942632,174.47,10992243
1765903627961,3597.05,664.40,263700480,199589888,183059640,174.58,10992920
1765903628062,3597.26,664.50,263700480,199589888,183061680,174.58,10992920
1765903628164,3601.35,666.90,263946240,199589888,183288336,174.80,11002460
1765903628265,3601.48,666.94,263946240,199589888,183290376,174.80,11002460
1765903628365,3603.95,668.50,264044544,199589888,183404944,174.91,11003130
1765903628466,3605.94,669.73,264159232,199589888,183518880,175.02,11003807
1765903628567,3606.15,669.84,264159232,199589888,183520920,175.02,11003807
1765903628668,3612.40,672.21,264372224,199589888,183747488,175.24,11005154
1765903628769,3612.62,672.29,264372224,199589888,183749528,175.24,11005154
1765903628870,3616.80,674.82,264601600,199589888,183976048,175.45,11006501
1765903628971,3617.01,674.91,264601600,199589888,183978088,175.46,11006501
1765903629072,3617.24,675.04,264617984,199589888,183980104,175.46,11006501
1765903629173,3636.40,677.47,264863744,199589888,184207760,175.67,11016041
1765903629274,3636.60,677.54,264863744,199589888,184209800,175.68,11016041
1765903629374,3640.69,679.91,265093120,199589888,184433752,175.89,11017389
1765903629475,3640.91,679.98,265093120,199589888,184435792,175.89,11017389
1765903629576,3641.12,680.09,265093120,199589888,184437808,175.89,11017389
1765903629677,3647.65,682.25,265306112,199589888,184661968,176.11,11018737
1765903629778,3647.85,682.35,265306112,199589888,184664008,176.11,11018737
1765903629879,3652.11,684.87,265535488,199589888,184887952,176.32,11020084
1765903629981,3652.33,684.94,265535488,199589888,184889992,176.32,11020084
1765903630082,3652.53,685.04,265535488,199589888,184892008,176.33,11020084
1765903630183,3656.75,688.07,265748480,199589888,185116248,176.54,11029624
1765903630285,3656.87,688.13,265748480,199589888,185118288,176.54,11029624
1765903630386,3660.91,690.45,265994240,199589888,185342288,176.76,11030971
1765903630487,3661.11,690.56,265994240,199589888,185344328,176.76,11030971
1765903630588,3661.35,690.67,265994240,199589888,185346344,176.76,11030971
1765903630689,3673.62,694.04,267124736,200376320,179673896,171.35,10966783
1765903630790,3673.82,694.13,267124736,200376320,179675936,171.35,10966783
1765903630892,3677.99,696.80,267124736,200376320,179899880,171.57,10968129
1765903630993,3678.10,696.84,267124736,200376320,179901920,171.57,10968129
1765903631094,3678.28,696.94,267124736,200376320,179903936,171.57,10968129
1765903631195,3682.38,699.34,267124736,200376320,180128200,171.78,10977669
1765903631296,3682.58,699.46,267141120,200376320,180130240,171.79,10977669
1765903631397,3686.76,702.17,267141120,200376320,180354248,172.00,10979017
1765903631499,3686.89,702.22,267141120,200376320,180356288,172.00,10979017
1765903631600,3687.11,702.34,267141120,200376320,180358304,172.00,10979017
1765903631701,3691.23,704.97,267141120,200376320,180582280,172.22,10980365
1765903631801,3691.42,705.08,267141120,200376320,180584320,172.22,10980365
1765903631902,3697.87,708.00,267157504,200376320,180809000,172.43,10981712
1765903632003,3698.00,708.06,267157504,200376320,180811040,172.43,10981712
1765903632110,3700.38,709.52,267173888,200376320,180924480,172.54,10990575
1765903632211,3702.25,710.67,267173888,200376320,181037232,172.65,10991252
1765903632312,3702.48,710.78,267173888,200376320,181039272,172.65,10991252
1765903632413,3706.61,713.45,267173888,200376320,181263288,172.87,10992600
1765903632515,3706.84,713.56,267173888,200376320,181265328,172.87,10992600
1765903632618,3711.91,716.08,267190272,200376320,181489544,173.08,10993947
1765903632718,3712.10,716.16,267190272,200376320,181491584,173.08,10993947
1765903632819,3712.34,716.29,267190272,200376320,181493600,173.09,10993947
1765903632920,3716.24,718.28,267190272,200376320,181717592,173.30,10995293
1765903633021,3716.41,718.33,267190272,200376320,181719632,173.30,10995293
1765903633122,3720.60,720.82,267190272,200376320,181943896,173.52,11004832
1765903633223,3720.80,720.90,267190272,200376320,181945936,173.52,11004832
1765903633324,3721.06,721.00,267190272,200376320,181947952,173.52,11004832
1765903633426,3725.50,723.77,267190272,200376320,182178816,173.74,11006180
1765903633526,3725.74,723.89,267190272,200376320,182180856,173.74,11006180
1765903633627,3729.67,726.14,267190272,200376320,182428264,173.98,11007528
1765903633728,3729.87,726.22,267190272,200376320,182430304,173.98,11007528
1765903633830,3730.09,726.33,267190272,200376320,182432320,173.98,11007528
1765903633931,3736.07,728.55,267190272,200376320,182656856,174.20,11008874
1765903634033,3736.27,728.66,267206656,200376320,182658896,174.20,11008874
1765903634134,3740.27,730.96,267206656,200376320,182882960,174.41,11018413
1765903634234,3740.43,731.01,267206656,200376320,182885000,174.41,11018413
1765903634335,3740.68,731.10,267206656,200376320,182887016,174.41,11018413
1765903634435,3744.84,733.68,267206656,200376320,183110848,174.63,11019759
1765903634537,3744.97,733.75,267206656,200376320,183112888,174.63,11019759
1765903634638,3747.85,736.20,267223040,200376320,183336744,174.84,11021107
1765903634738,3747.97,736.25,267157504,200376320,183338784,174.85,11021107
1765903634839,3748.13,736.36,267157504,200376320,183340800,174.85,11021107
1765903634940,3750.53,737.97,267157504,200376320,183624960,175.12,11022455
1765903635041,3750.72,738.05,267157504,200376320,183627000,175.12,11022455
1765903635142,3754.99,740.81,267157504,200376320,183851064,175.33,11031994
1765903635244,3755.13,740.86,267157504,200376320,183853104,175.34,11031994
1765903635345,3755.33,740.96,267157504,200376320,183855120,175.34,11031994
1765903635446,3757.25,742.39,267173888,200376320,184078976,175.55,11033341
1765903635547,3757.38,742.43,267173888,200376320,184081016,175.55,11033341
1765903635648,3761.39,745.02,267173888,200376320,184304872,175.77,11034687
1765903635749,3761.50,745.06,267173888,200376320,184306912,175.77,11034687
1765903635850,3761.66,745.15,267173888,200376320,184308928,175.77,11034687
1765903635951,3773.97,747.67,267190272,200376320,184533808,175.99,11036035
1765903636052,3774.15,747.76,267190272,200376320,184535848,175.99,11036035
1765903636153,3778.09,749.99,267173888,200376320,184760176,176.20,11045575
1765903636254,3778.24,750.04,267173888,200376320,184762216,176.20,11045575
1765903636358,3780.70,751.60,267173888,200376320,184875464,176.31,11046245
1765903636459,3782.57,752.57,267173888,200376320,184988184,176.42,11046922
1765903636560,3782.74,752.62,267173888,200376320,184990224,176.42,11046922
1765903636660,3784.67,754.05,267190272,200376320,185214400,176.63,11048270
1765903636762,3784.80,754.09,267190272,200376320,185216440,176.64,11048270
1765903636862,3787.21,755.52,267190272,200376320,185329768,176.74,11048940
1765903636964,3962.28,769.40,270270464,201424896,171342064,163.40,11000465
1765903637065,3962.41,769.45,270270464,201424896,171535720,163.59,11000465
1765903637166,3966.78,771.80,270270464,201424896,171762224,163.81,10685228
1765903637267,3966.91,771.85,270270464,201424896,171764264,163.81,10685228
1765903637369,3971.07,774.37,270270464,201424896,171990192,164.02,10686576
1765903637470,3971.26,774.45,270270464,201424896,171992232,164.02,10686576
1765903637571,3971.51,774.57,270270464,201424896,171994248,164.03,10686576
1765903637672,3975.64,776.99,270270464,201424896,172220264,164.24,10687924
1765903637772,3975.77,777.05,270270464,201424896,172222304,164.24,10687924
1765903637873,3979.69,779.71,270270464,201424896,172448352,164.46,10689272
1765903637974,3979.89,779.79,270270464,201424896,172450392,164.46,10689272
1765903638076,3980.12,779.89,270270464,201424896,172452408,164.46,10689272
1765903638177,3984.28,782.04,270270464,201424896,172678616,164.68,10698811
1765903638278,3984.47,782.14,270270464,201424896,172680656,164.68,10698811
1765903638379,3989.76,784.21,270270464,201424896,172918896,164.91,10700158
1765903638481,3989.99,784.29,270270464,201424896,172920936,164.91,10700158
1765903638582,3990.24,784.40,270270464,201424896,172922952,164.91,10700158
1765903638683,3995.66,786.42,270270464,201424896,173149336,165.13,10701506
1765903638785,3995.79,786.47,270270464,201424896,173151376,165.13,10701506
1765903638886,3998.70,789.08,268206080,201424896,173377424,165.35,10702854
1765903638987,3998.86,789.33,257638400,201424896,173379464,165.35,10702854
1765903639088,3999.03,789.47,88571904,201424896,173381480,165.35,10702854
1765903639189,4003.66,796.72,93913088,201424896,173607808,165.57,10712394
1765903639290,4003.86,796.84,92602368,201424896,173609840,165.57,10712394
1765903639391,4007.93,800.22,93519872,201424896,173836008,165.78,10713742
1765903639492,4008.11,800.30,93536256,201424896,173838040,165.78,10713742
1765903639593,4008.42,800.48,93536256,201424896,173840048,165.79,10713742
1765903639694,4012.51,803.49,93896704,201424896,174066200,166.00,10715090
1765903639795,4012.74,803.63,93782016,201424896,174068232,166.00,10715090
1765903639896,4015.03,806.02,71254016,201424896,174294232,166.22,10716438
1765903639997,4015.14,806.10,70893568,201424896,174296264,166.22,10716438
1765903640098,4015.28,806.15,70909952,201424896,174298272,166.22,10716438
1765903640199,4017.98,808.13,71204864,201424896,174524536,166.44,10725978
1765903640300,4018.09,808.19,71122944,201424896,174526568,166.44,10725978
1765903640401,4021.64,810.06,70991872,201424896,174752656,166.66,10727326
1765903640503,4021.79,810.15,70991872,201424896,174754688,166.66,10727326
1765903640604,4022.01,810.37,70991872,201424896,174756696,166.66,10727326
1765903640705,4024.85,812.28,71106560,201424896,174982712,166.88,10728674
1765903640806,4024.95,812.34,71106560,201424896,174984744,166.88,10728674
1765903640907,4028.47,814.27,69238784,201424896,175210744,167.09,10730022
1765903641007,4028.61,814.34,68829184,201424896,175212776,167.10,10730022
1765903641110,4029.76,815.15,68878336,201424896,175327240,167.21,10738884
1765903641211,4035.86,816.52,71106560,201424896,175442464,167.31,10739561
1765903641312,4036.15,816.67,71106560,201424896,175444496,167.32,10739561
1765903641431,4100.06,839.41,120586240,218791936,190820744,181.98,10707464
1765903641530,4299.19,886.92,241975296,223182848,188937376,180.18,10708141
1765903641631,4467.31,897.22,246595584,226328576,192615096,183.69,10677035
1765903641732,4602.02,903.92,251953152,228950016,194674272,185.66,10679084
1765903641833,4602.17,903.98,251953152,228950016,194676312,185.66,10679084
1765903641934,4606.24,905.57,251953152,228950016,194912744,185.88,10680431
1765903642035,4606.37,905.63,251953152,228950016,194914784,185.89,10680431
1765903642136,4609.80,907.07,251969536,228950016,195149144,186.11,10689971
1765903642237,4609.94,907.13,251969536,228950016,195151184,186.11,10689971
1765903642338,4610.04,907.17,251969536,228950016,195153200,186.11,10689971
1765903642439,4613.00,909.24,251969536,228950016,195387144,186.34,10691319
1765903642540,4613.10,909.34,251969536,228950016,195389184,186.34,10691319
1765903642641,4615.60,911.94,251969536,228950016,195671680,186.61,10692665
1765903642742,4615.73,912.00,251969536,228950016,195673720,186.61,10692665
1765903642843,4615.85,912.05,251969536,228950016,195675736,186.61,10692665
1765903642944,4618.76,913.97,251969536,228950016,195909696,186.83,10694013
1765903643045,4618.86,914.02,251969536,228950016,195911736,186.84,10694013
1765903643146,4621.26,915.69,251969536,228950016,196145920,187.06,10703552
1765903643247,4621.34,915.72,251969536,228950016,196147960,187.06,10703552
1765903643348,4621.45,915.77,251969536,228950016,196149976,187.06,10703552
1765903643449,4623.81,917.44,251985920,228950016,196383912,187.29,10704898
1765903643550,4623.93,917.49,251985920,228950016,196385952,187.29,10704898
1765903643651,4626.84,919.52,251985920,228950016,196619888,187.51,10706246
1765903643751,4626.94,919.57,251985920,228950016,196621928,187.51,10706246
1765903643853,4627.03,919.63,251985920,228950016,196623944,187.52,10706246
1765903643953,4629.85,921.35,252002304,228950016,196858008,187.74,10707594
1765903644054,4629.97,921.42,252002304,228950016,196860048,187.74,10707594
1765903644155,4636.36,923.50,252002304,228950016,197095416,187.96,10717132
1765903644256,4636.49,923.57,252002304,228950016,197097456,187.97,10717132
1765903644358,4638.48,924.87,252002304,228950016,197215712,188.08,10717803
1765903644459,4641.05,925.78,252002304,228950016,197335480,188.19,10718480
1765903644559,4641.17,925.83,252002304,228950016,197337520,188.20,10718480
1765903644661,4644.20,927.89,252002304,228950016,197576496,188.42,10719827
1765903644762,4644.30,927.94,252002304,228950016,197578536,188.43,10719827
1765903644862,4645.95,929.22,252002304,228950016,197700088,188.54,10720498
1765903644963,4647.00,930.11,252002304,228950016,197820112,188.66,10721175
1765903645064,4647.11,930.16,252002304,228950016,197822152,188.66,10721175
1765903645165,4649.69,932.19,252002304,228950016,198061504,188.89,10730715
1765903645266,4649.81,932.25,252002304,228950016,198063544,188.89,10730715
1765903645367,4652.39,934.13,252002304,228950016,198303104,189.12,10732063
1765903645468,4652.50,934.18,252002304,228950016,198305144,189.12,10732063
1765903645570,4652.61,934.23,252002304,228950016,198307160,189.12,10732063
1765903645671,4655.41,936.18,252002304,228950016,198546600,189.35,10733411
1765903645772,4655.55,936.23,252002304,228950016,198548640,189.35,10733411
1765903645873,4657.98,937.64,252002304,228950016,198787936,189.58,10734759
1765903645974,4658.15,937.72,252002304,228950016,198789976,189.58,10734759
1765903646075,4658.28,937.77,252002304,228950016,198791992,189.58,10734759
1765903646176,4661.42,939.87,252002304,228950016,199031352,189.81,10744299
1765903646277,4661.53,939.91,252002304,228950016,199033392,189.81,10744299
1765903646377,4664.51,941.31,252002304,228950016,199273592,190.04,10745646
1765903646478,4664.62,941.34,252002304,228950016,199275632,190.04,10745646
1765903646579,4664.74,941.39,252002304,228950016,199277648,190.05,10745646
1765903646681,4667.51,943.22,252051456,229212160,199770784,190.52,10746993
1765903646782,4667.64,943.29,252051456,229212160,199772896,190.52,10746993
1765903646883,4670.41,945.02,252051456,229212160,200006832,190.74,10748340
1765903646983,4670.53,945.08,252051456,229212160,200008872,190.74,10748340
1765903647084,4670.64,945.14,252051456,229212160,200010888,190.75,10748340
1765903647185,4673.27,946.94,252051456,229212160,200245176,190.97,10757879
1765903647285,4673.37,946.99,252051456,229212160,200247216,190.97,10757879
1765903647387,4678.53,948.79,252067840,229212160,200481104,191.19,10759227
1765903647488,4678.66,948.86,252067840,229212160,200483144,191.20,10759227
1765903647589,4678.78,948.90,252067840,229212160,200485160,191.20,10759227
1765903647690,4683.89,950.43,252067840,229212160,200720384,191.42,10760574
1765903647791,4684.02,950.49,252067840,229212160,200722424,191.42,10760574
1765903647892,4687.07,952.30,252067840,229212160,200956752,191.65,10761922
1765903647993,4687.17,952.34,252067840,229212160,200958792,191.65,10761922
1765903648094,4687.27,952.39,252067840,229212160,200960808,191.65,10761922
1765903648195,4690.22,954.30,252084224,229212160,201194824,191.87,10771462
1765903648296,4690.33,954.35,252084224,229212160,201196864,191.88,10771462
1765903648397,4693.67,956.15,252100608,229212160,201430672,192.10,10772809
1765903648498,4693.80,956.22,252100608,229212160,201432712,192.10,10772809
1765903648599,4693.92,956.28,252100608,229212160,201434728,192.10,10772809
1765903648701,4699.30,958.24,252116992,229212160,201669744,192.33,10774157
1765903648802,4699.41,958.28,252116992,229212160,201671784,192.33,10774157
1765903648902,4702.21,960.20,252116992,229212160,201905576,192.55,10775504
1765903649004,4702.42,960.27,252116992,229212160,201908224,192.55,10775504
1765903649107,4704.23,961.45,252116992,229212160,202026568,192.67,10784366
1765903649208,4705.16,962.17,252116992,229212160,202144232,192.78,10785043
1765903649309,4705.28,962.23,252116992,229212160,202146272,192.78,10785043
1765903649411,4708.20,964.14,252149760,229212160,202380048,193.00,10786390
1765903649512,4708.30,964.19,252149760,229212160,202382088,193.01,10786390
1765903649613,4710.36,964.82,252149760,229212160,202500704,193.12,10787061
1765903649714,4711.27,965.49,252149760,229212160,202618344,193.23,10787738
1765903649816,4711.40,965.57,252149760,229212160,202620384,193.23,10787738
1765903649917,4714.91,967.01,252149760,229212160,202854632,193.46,10789086
1765903650018,4715.05,967.06,252149760,229212160,202856976,193.46,10789086
1765903650118,4719.24,968.99,252166144,229212160,203090904,193.68,10798625
1765903650219,4721.02,969.15,252166144,229212160,203095176,193.69,10798625
1765903650320,4721.24,969.22,252166144,229212160,203097192,193.69,10798625
1765903650421,4723.29,970.50,252166144,229212160,203330840,193.91,10799973
1765903650521,4723.42,970.55,252166144,229212160,203332880,193.91,10799973
1765903650622,4726.23,972.38,252166144,229212160,203566880,194.14,10801321
1765903650724,4726.38,972.46,252182528,229212160,203568920,194.14,10801321
1765903650825,4726.53,972.52,252182528,229212160,203570936,194.14,10801321
1765903650926,4728.24,973.72,252198912,229212160,203804560,194.36,10802668
1765903651027,4728.38,973.79,252198912,229212160,203806600,194.37,10802668
1765903651128,4730.72,975.71,252198912,229212160,204040536,194.59,10812207
1765903651229,4730.79,975.74,252198912,229212160,204042576,194.59,10812207
1765903651331,4730.90,975.77,252198912,229212160,204044592,194.59,10812207
1765903651431,4733.57,977.52,252198912,229212160,204278240,194.81,10813555
1765903651532,4733.70,977.59,252198912,229212160,204280280,194.82,10813555
1765903651632,4736.36,979.69,252215296,229212160,204513896,195.04,10814903
1765903651734,4736.46,979.74,252215296,229212160,204515936,195.04,10814903
1765903651835,4736.58,979.81,252215296,229212160,204517952,195.04,10814903
1765903651935,4739.68,981.87,252231680,229212160,204751576,195.27,10816250
1765903652036,4739.80,981.93,252231680,229212160,204753616,195.27,10816250
1765903652137,4742.56,983.94,252248064,229212160,204987504,195.49,10825789
1765903652238,4742.69,984.01,252248064,229212160,204989544,195.49,10825789
1765903652339,4742.82,984.06,252248064,229212160,204991560,195.50,10825789
1765903652440,4745.48,985.89,252248064,229212160,205225192,195.72,10827136
1765903652541,4745.60,985.96,252248064,229212160,205227232,195.72,10827136
1765903652642,4749.72,988.16,252248064,229212160,205460768,195.94,10828484
1765903652743,4749.83,988.21,252248064,229212160,205462808,195.94,10828484
1765903652844,4749.93,988.25,252248064,229212160,205464824,195.95,10828484
1765903652945,4752.90,990.42,252264448,229212160,205698120,196.17,10829831
1765903653046,4753.01,990.48,252264448,229212160,205700176,196.17,10829831
1765903653146,4759.91,992.93,252379136,229736448,192243032,183.34,10839370
1765903653248,4760.03,992.98,252379136,229736448,192245072,183.34,10839370
1765903653349,4760.16,993.04,252379136,229736448,192247088,183.34,10839370
1765903653450,4772.84,995.27,252411904,229736448,192481992,183.57,10750605
1765903653550,4772.96,995.32,252411904,229736448,192484048,183.57,10750605
1765903653651,4776.01,997.44,252411904,229736448,192717200,183.79,10751952
1765903653752,4776.12,997.50,252411904,229736448,192719240,183.79,10751952
1765903653852,4776.24,997.56,252411904,229736448,192721256,183.79,10751952
1765903653954,4779.17,999.63,252428288,229736448,192954416,184.02,10753299
1765903654055,4779.29,999.69,252428288,229736448,192956456,184.02,10753299
1765903654156,4782.14,1001.26,252428288,229736448,193189952,184.24,10762838
1765903654257,4782.28,1001.33,252428288,229736448,193191992,184.24,10762838
1765903654357,4783.97,1002.45,252428288,229736448,193309920,184.35,10763509
1765903654458,4785.08,1003.25,252428288,229736448,193427216,184.47,10764186
1765903654559,4785.22,1003.38,252428288,229736448,193429256,184.47,10764186
1765903654660,4787.64,1005.32,252444672,229736448,193662496,184.69,10765533
1765903654761,4787.75,1005.39,252444672,229736448,193664536,184.69,10765533
1765903654862,4789.25,1006.53,252444672,229736448,193782440,184.81,10766203
1765903654962,4790.27,1007.32,252444672,229736448,193899736,184.92,10766880
1765903655064,4790.36,1007.36,252444672,229736448,193901776,184.92,10766880
1765903655165,4792.98,1009.11,252444672,229736448,194135184,185.14,10776420
1765903655266,4793.11,1009.18,252444672,229736448,194137224,185.14,10776420
1765903655367,4795.54,1011.06,252461056,229736448,194370368,185.37,10777767
1765903655468,4795.63,1011.12,252461056,229736448,194372408,185.37,10777767
1765903655569,4795.75,1011.19,252461056,229736448,194374424,185.37,10777767
1765903655670,4798.28,1012.96,252461056,229736448,194607600,185.59,10779114
1765903655771,4798.41,1013.03,252461056,229736448,194609640,185.59,10779114
1765903655871,4801.39,1014.91,252461056,229736448,194842688,185.82,10780461
1765903655972,4801.54,1014.97,252461056,229736448,194844728,185.82,10780461
1765903656074,4801.65,1015.03,252461056,229736448,194846744,185.82,10780461
1765903656175,4804.47,1016.95,252461056,229736448,195273736,186.23,10790000
1765903656276,4804.58,1017.01,252461056,229736448,195275776,186.23,10790000
1765903656377,4807.38,1019.06,252461056,229736448,195508592,186.45,10791347
1765903656478,4807.47,1019.11,252461056,229736448,195510632,186.45,10791347
1765903656579,4807.57,1019.16,252461056,229736448,195512648,186.46,10791347
1765903656680,4811.00,1021.17,252461056,229736448,195745464,186.68,10792695
1765903656781,4811.09,1021.22,252461056,229736448,195747504,186.68,10792695
1765903656882,4813.58,1023.49,252477440,229736448,195980456,186.90,10794042
1765903656983,4813.71,1023.54,252477440,229736448,195982496,186.90,10794042
1765903657084,4813.85,1023.59,252477440,229736448,195984512,186.91,10794042
1765903657185,4816.27,1025.57,252477440,229736448,196217552,187.13,10803582
1765903657286,4816.38,1025.66,252477440,229736448,196219592,187.13,10803582
1765903657387,4820.02,1027.56,252477440,229736448,196452848,187.35,10804929
1765903657488,4820.17,1027.63,252477440,229736448,196454888,187.35,10804929
1765903657589,4820.34,1027.71,252477440,229736448,196456904,187.36,10804929
1765903657690,4823.07,1029.53,252493824,229736448,196689752,187.58,10806277
1765903657791,4823.21,1029.60,252493824,229736448,196691792,187.58,10806277
1765903657892,4825.77,1031.47,252493824,229736448,196924736,187.80,10807625
1765903657993,4825.89,1031.54,252493824,229736448,196926776,187.80,10807625
1765903658094,4826.06,1031.61,252493824,229736448,196928792,187.81,10807625
1765903658196,4828.73,1033.48,252493824,229736448,197161944,188.03,10817164
1765903658296,4828.84,1033.53,252493824,229736448,197163984,188.03,10817164
1765903658398,4831.36,1035.25,252510208,229736448,197396784,188.25,10818510
1765903658499,4831.46,1035.30,252510208,229736448,197398824,188.25,10818510
1765903658600,4831.57,1035.35,252510208,229736448,197400840,188.26,10818510
1765903658701,4834.47,1036.87,252510208,229736448,197633672,188.48,10819857
1765903658802,4834.59,1036.94,252510208,229736448,197635712,188.48,10819857
1765903658903,4840.01,1038.86,252526592,229736448,197869960,188.70,10821204
1765903659005,4840.12,1038.92,252526592,229736448,197872000,188.71,10821204
1765903659107,4842.11,1040.28,252526592,229736448,197989880,188.82,10830066
1765903659208,4843.22,1041.06,252526592,229736448,198107144,188.93,10830743
1765903659309,4843.34,1041.12,252526592,229736448,198109184,188.93,10830743
1765903659410,4846.21,1042.88,252526592,229736448,198342000,189.15,10832090
1765903659511,4846.31,1042.94,252526592,229736448,198344040,189.16,10832090
1765903659611,4848.09,1044.04,252526592,229736448,198461768,189.27,10832761
1765903659712,4855.31,1044.97,252542976,229736448,198579232,189.38,10833438
1765903659813,4855.40,1045.02,252542976,229736448,198581272,189.38,10833438
1765903659914,4858.29,1046.89,252542976,229736448,198812616,189.60,10834786
1765903660015,4858.44,1046.98,252542976,229736448,198814656,189.60,10834786
1765903660117,4861.11,1049.10,252559360,229736448,199046168,189.83,10844325
1765903660218,4861.20,1049.16,252559360,229736448,199048208,189.83,10844325
1765903660319,4861.30,1049.21,252559360,229736448,199050224,189.83,10844325
1765903660420,4864.62,1051.14,252559360,229736448,199281520,190.05,10845673
1765903660521,4864.75,1051.20,252559360,229736448,199283560,190.05,10845673
1765903660621,4866.68,1052.70,252559360,229736448,199514880,190.27,10847020
1765903660722,4866.83,1052.76,252559360,229736448,199516920,190.27,10847020
1765903660823,4866.96,1052.83,252559360,229736448,199518936,190.28,10847020
1765903660924,4869.69,1054.65,252575744,229736448,199750256,190.50,10848368
1765903661025,4869.83,1054.71,252575744,229736448,199752296,190.50,10848368
1765903661126,4872.46,1056.77,252575744,229736448,199983984,190.72,10857907
1765903661228,4872.54,1056.80,252575744,229736448,199986024,190.72,10857907
1765903661329,4872.64,1056.85,252575744,229736448,199988040,190.72,10857907
1765903661430,4875.55,1058.59,252592128,229736448,200219704,190.94,10859254
1765903661531,4875.67,1058.64,252592128,229736448,200221744,190.95,10859254
1765903661632,4879.60,1060.73,252592128,229736448,200453096,191.17,10860602
1765903661732,4879.70,1060.78,252592128,229736448,200455136,191.17,10860602
1765903661834,4879.82,1060.83,252592128,229736448,200457152,191.17,10860602
1765903661935,4888.01,1063.11,252608512,229736448,200690528,191.39,10861949
1765903662035,4888.14,1063.18,252608512,229736448,200692568,191.40,10861949
1765903662137,4899.88,1065.43,252641280,229736448,200925456,191.62,10871488
1765903662238,4899.98,1065.48,252641280,229736448,200927496,191.62,10871488
1765903662339,4900.16,1065.54,252641280,229736448,200929512,191.62,10871488
1765903662440,4903.01,1067.62,252641280,229736448,201156120,191.84,10872835
1765903662541,4903.18,1067.69,252641280,229736448,201158160,191.84,10872835
1765903662643,4905.86,1069.58,252674048,229736448,201625056,192.28,10874183
1765903662744,4905.97,1069.60,252674048,229736448,201627096,192.29,10874183
1765903662845,4906.09,1069.66,252657664,229736448,201629112,192.29,10874183
1765903662946,4908.03,1071.17,252674048,229736448,201855720,192.50,10875529
1765903663047,4908.15,1071.23,252674048,229736448,201857760,192.51,10875529
1765903663149,4910.87,1073.24,252674048,229736448,202084600,192.72,10885069
1765903663250,4911.01,1073.32,252674048,229736448,202086640,192.72,10885069
1765903663351,4911.10,1073.37,252674048,229736448,202088656,192.73,10885069
1765903663452,4913.90,1075.36,252674048,229736448,202315304,192.94,10886417
1765903663553,4914.01,1075.45,252674048,229736448,202317344,192.94,10886417
1765903663654,4916.84,1077.30,252690432,229736448,202543976,193.16,10887764
1765903663755,4917.00,1077.37,252690432,229736448,202546016,193.16,10887764
1765903663856,4918.53,1078.50,252690432,229736448,202660568,193.27,10888434
1765903663957,4919.74,1079.33,249069568,229736448,202774688,193.38,10889111
1765903664058,4919.86,1079.39,245907456,229736448,202776728,193.38,10889111
1765903664159,4922.92,1081.06,245907456,229736448,203003584,193.60,10898650
1765903664260,4923.06,1081.13,245907456,229736448,203005624,193.60,10898650
1765903664361,4925.10,1082.21,245448704,229736448,203120232,193.71,10899320
1765903664462,4926.34,1083.16,245448704,229736448,203234272,193.82,10899997
1765903664563,4926.44,1083.25,245448704,229736448,203236312,193.82,10899997
1765903664664,4929.04,1085.48,245350400,229736448,203462920,194.04,10901344
1765903664765,4929.15,1085.53,245350400,229736448,203464960,194.04,10901344
1765903664867,4932.96,1087.68,245350400,229736448,203691648,194.26,10902692
1765903664968,4933.58,1087.83,245366784,229736448,203694696,194.26,10902692
1765903665069,4933.68,1087.88,245366784,229736448,203696712,194.26,10902692
1765903665170,4937.01,1089.66,245383168,229736448,203923600,194.48,10912232
1765903665271,4937.12,1089.72,245383168,229736448,203925640,194.48,10912232
1765903665371,4939.44,1091.59,245383168,229736448,204152296,194.69,10913580
1765903665472,4939.59,1091.66,245383168,229736448,204154336,194.70,10913580
1765903665573,4939.72,1091.71,245383168,229736448,204156352,194.70,10913580
1765903665674,4944.94,1093.42,245415936,229736448,204384648,194.92,10914927
1765903665775,4945.08,1093.48,245415936,229736448,204386688,194.92,10914927
1765903665876,4947.76,1095.39,245415936,229736448,204613336,195.13,10916274
1765903665976,4947.86,1095.43,245415936,229736448,204615376,195.14,10916274
1765903666077,4947.98,1095.48,245415936,229736448,204617392,195.14,10916274
1765903666178,4950.42,1097.54,245432320,229736448,204844272,195.35,10925814
1765903666279,4950.52,1097.59,245432320,229736448,204846312,195.36,10925814
1765903666380,4953.02,1099.43,245432320,229736448,205073056,195.57,10927162
1765903666481,4953.88,1099.48,245432320,229736448,205075096,195.57,10927162
1765903666582,4953.97,1099.53,245432320,229736448,205077112,195.58,10927162
1765903666683,4956.54,1101.53,245432320,229736448,205303768,195.79,10928510
1765903666784,4956.65,1101.60,245432320,229736448,205305808,195.79,10928510
1765903666885,4964.68,1108.63,218972160,203784192,194639432,185.62,10929857
1765903666986,4964.79,1108.66,218972160,203784192,194641472,185.62,10929857
1765903667087,4964.95,1108.72,218972160,203784192,194643488,185.63,10929857
1765903667188,4967.51,1110.57,218972160,203784192,194870352,185.84,10832901
1765903667289,4967.63,1110.63,218972160,203784192,194872392,185.84,10832901
1765903667390,4970.46,1112.50,218972160,203784192,195099176,186.06,10834248
1765903667491,4970.64,1112.57,218972160,203784192,195101216,186.06,10834248
1765903667592,4970.80,1112.63,218972160,203784192,195103232,186.06,10834248
1765903667693,4973.51,1114.62,218988544,203784192,195329856,186.28,10835595
1765903667795,4973.65,1114.68,218988544,203784192,195331896,186.28,10835595
1765903667896,4976.04,1116.58,219004928,203784192,195558520,186.50,10836943
1765903667996,4976.12,1116.62,219004928,203784192,195560560,186.50,10836943
1765903668098,4976.23,1116.68,219004928,203784192,195562576,186.50,10836943
1765903668199,4978.93,1118.56,219021312,203784192,195789456,186.72,10846482
1765903668300,4979.05,1118.63,219021312,203784192,195791496,186.72,10846482
1765903668401,4985.00,1120.84,219021312,203784192,196018992,186.94,10847830
1765903668502,4985.08,1120.88,219021312,203784192,196021032,186.94,10847830
1765903668602,4985.16,1120.93,219021312,203784192,196023048,186.94,10847830
1765903668703,4987.35,1122.71,219021312,203784192,196249512,187.16,10849178
1765903668803,4987.49,1122.79,219021312,203784192,196251552,187.16,10849178
1765903668905,4992.13,1124.36,219037696,203784192,196477856,187.38,10850525
1765903669006,4992.24,1124.42,219037696,203784192,196479896,187.38,10850525
1765903669106,4993.80,1125.56,219037696,203784192,196594736,187.49,10859388
1765903669206,4994.82,1126.43,219037696,203784192,196708608,187.60,10860065
1765903669308,4994.93,1126.48,219037696,203784192,196710648,187.60,10860065
1765903669409,4997.28,1127.99,219054080,203784192,196936960,187.81,10861413
1765903669511,4997.39,1128.05,219054080,203784192,196939000,187.82,10861413
1765903669611,5000.83,1130.07,222412800,219774976,194884008,185.86,10862084
1765903669712,5001.80,1130.88,222527488,219774976,194997880,185.96,10838185
1765903669813,5001.92,1130.93,222527488,219774976,194999920,185.97,10838185
1765903669914,5003.84,1132.49,222740480,219774976,195226360,186.18,10839532
1765903670016,5003.97,1132.56,222756864,219774976,195228400,186.18,10839532
1765903670117,5006.87,1134.56,222969856,219774976,195454960,186.40,10849072
1765903670217,5007.02,1134.62,222969856,219774976,195457000,186.40,10849072
1765903670318,5007.12,1134.68,222969856,219774976,195459016,186.40,10849072
1765903670419,5009.49,1136.60,223215616,219774976,195685656,186.62,10850420
1765903670520,5009.64,1136.66,223215616,219774976,195687696,186.62,10850420
1765903670620,5012.30,1138.68,223428608,219774976,195914096,186.84,10851768
1765903670721,5012.45,1138.76,223428608,219774976,195916136,186.84,10851768
1765903670822,5012.60,1138.82,223428608,219774976,195918152,186.84,10851768
1765903670923,5014.60,1140.38,223657984,219774976,196317608,187.22,10853115
1765903671024,5014.73,1140.45,223657984,219774976,196319648,187.23,10853115
1765903671124,5017.08,1142.20,223887360,219774976,196546192,187.44,10862654
1765903671225,5017.23,1142.27,223887360,219774976,196548232,187.44,10862654
1765903671326,5017.35,1142.34,223887360,219774976,196550248,187.44,10862654
1765903671427,5020.66,1144.44,224116736,219774976,196776568,187.66,10864002
1765903671528,5020.76,1144.49,224116736,219774976,196778608,187.66,10864002
1765903671628,5024.07,1146.63,224329728,219774976,197004984,187.88,10865350
1765903671730,5024.16,1146.70,224329728,219774976,197007024,187.88,10865350
1765903671831,5024.28,1146.75,224329728,219774976,197009040,187.88,10865350
1765903671932,5027.08,1148.60,224559104,219774976,197235392,188.10,10866697
1765903672033,5027.20,1148.69,224575488,219774976,197237432,188.10,10866697
1765903672133,5030.18,1150.76,224788480,219774976,197463968,188.32,10876236
1765903672233,5030.29,1150.81,224788480,219774976,197466008,188.32,10876236
1765903672335,5030.41,1150.86,224788480,219774976,197468024,188.32,10876236
1765903672436,5032.89,1152.83,225001472,219774976,197694384,188.54,10877584
1765903672537,5033.02,1152.91,225001472,219774976,197696424,188.54,10877584
1765903672638,5035.65,1154.67,225247232,219774976,197922752,188.75,10878932
1765903672739,5035.84,1154.74,225247232,219774976,197924792,188.76,10878932
1765903672840,5039.36,1154.83,225263616,219774976,197927896,188.76,10878932
1765903672942,5042.06,1156.78,225492992,219774976,198153712,188.97,10880280
1765903673043,5042.18,1156.87,225492992,219774976,198155248,188.98,10880280
1765903673144,5045.05,1158.90,225738752,219774976,198381272,189.19,10889820
1765903673245,5045.15,1158.94,225738752,219774976,198382808,189.19,10889820
1765903673346,5045.24,1159.01,225755136,219774976,198384320,189.19,10889820
1765903673447,5047.55,1160.87,225968128,219774976,198610216,189.41,10891168
1765903673548,5047.66,1160.93,225968128,219774976,198611752,189.41,10891168
1765903673649,5053.57,1163.29,226197504,219774976,198838000,189.63,10892515
1765903673750,5053.69,1163.35,226197504,219774976,198839536,189.63,10892515
1765903673851,5053.81,1163.41,226197504,219774976,198841048,189.63,10892515
1765903673951,5056.32,1165.62,226410496,219774976,199066704,189.84,10893862
1765903674053,5056.42,1165.67,226410496,219774976,199068240,189.85,10893862
1765903674154,5059.17,1167.72,226623488,219774976,199294136,190.06,10903402
1765903674255,5059.31,1167.78,226623488,219774976,199295672,190.06,10903402
1765903674356,5061.10,1169.26,226754560,219774976,199409472,190.17,10904072
1765903674458,5062.18,1170.10,226852864,219774976,199522920,190.28,10904749
1765903674558,5062.30,1170.15,226869248,219774976,199524456,190.28,10904749
1765903674660,5066.68,1172.39,227082240,219774976,199750608,190.50,10906097
1765903674761,5066.78,1172.45,227082240,219774976,199752144,190.50,10906097
1765903674862,5068.49,1173.50,227196928,219774976,199866000,190.61,10906767
1765903674963,5069.36,1174.24,227311616,219774976,199979296,190.72,10907444
1765903675064,5069.45,1174.27,227311616,219774976,199980832,190.72,10907444
1765903675165,5071.91,1176.02,227524608,219774976,200206672,190.93,10916984
1765903675266,5072.05,1176.09,227524608,219774976,200208208,190.93,10916984
1765903675367,5075.25,1177.96,227753984,219774976,200433760,191.15,10918331
1765903675468,5077.85,1178.25,227753984,219774976,200436640,191.15,10918331
1765903675569,5077.99,1178.33,227753984,219774976,200438152,191.15,10918331
1765903675670,5080.77,1180.27,227999744,219774976,200663792,191.37,10919678
1765903675771,5080.92,1180.36,227999744,219774976,200665328,191.37,10919678
1765903675871,5083.41,1182.46,228212736,219774976,200890952,191.58,10921026
1765903675972,5083.54,1182.52,228212736,219774976,200892488,191.59,10921026
1765903676073,5083.65,1182.59,228212736,219774976,200894000,191.59,10921026
1765903676175,5088.92,1184.76,228458496,219774976,201134024,191.82,10930565
1765903676275,5089.06,1184.81,228458496,219774976,201135560,191.82,10930565
1765903676377,5091.76,1187.05,228687872,219774976,201360992,192.03,10931912
1765903676478,5091.87,1187.09,228687872,219774976,201362528,192.03,10931912
1765903676579,5092.00,1187.15,228687872,219774976,201364040,192.04,10931912
1765903676679,5094.64,1189.47,228900864,219774976,201589520,192.25,10933259
1765903676781,5094.73,1189.53,228900864,219774976,201591056,192.25,10933259
1765903676882,5097.21,1191.49,229130240,219774976,201816616,192.47,10934606
1765903676983,5097.33,1191.54,229130240,219774976,201818152,192.47,10934606
1765903677084,5097.43,1191.59,229130240,219774976,201819664,192.47,10934606
1765903677185,5101.02,1193.57,229343232,219774976,202045488,192.69,10944145
1765903677286,5101.13,1193.63,229343232,219774976,202047024,192.69,10944145
1765903677386,5103.70,1195.70,229556224,219774976,202374368,193.00,10945493
1765903677487,5103.79,1195.78,229556224,219774976,202375904,193.00,10945493
1765903677588,5103.88,1195.83,229556224,219774976,202377416,193.00,10945493
1765903677689,5106.31,1198.02,229801984,219774976,202602832,193.22,10946841
1765903677789,5106.42,1198.10,229801984,219774976,202604368,193.22,10946841
1765903677891,5109.25,1200.38,230014976,219774976,202829888,193.43,10948189
1765903677992,5109.37,1200.44,230014976,219774976,202831424,193.44,10948189
1765903678093,5109.48,1200.49,230014976,219774976,202832936,193.44,10948189
1765903678194,5115.39,1202.97,230653952,220037120,196467128,187.37,10957728
1765903678295,5115.49,1203.02,230653952,220037120,196468664,187.37,10957728
1765903678396,5122.64,1205.47,230670336,220037120,196696448,187.58,10885346
1765903678497,5122.73,1205.51,230670336,220037120,196697984,187.59,10885346
1765903678598,5122.83,1205.58,230670336,220037120,196699496,187.59,10885346
1765903678699,5125.49,1207.58,230670336,220037120,196924912,187.80,10886693
1765903678800,5125.60,1207.63,230670336,220037120,196926448,187.80,10886693
1765903678901,5128.46,1209.84,230686720,220037120,197151968,188.02,10888040
1765903679002,5128.84,1210.07,230768640,220037120,197168928,188.03,10888044
1765903679106,5130.53,1211.11,230768640,220037120,197282848,188.14,10896905
1765903679207,5135.31,1212.20,230801408,220037120,197396656,188.25,10897582
1765903679308,5135.40,1212.24,230801408,220037120,197398192,188.25,10897582
1765903679409,5138.09,1213.92,230801408,220037120,197623576,188.47,10898930
1765903679511,5138.19,1213.96,230801408,220037120,197625112,188.47,10898930
1765903679611,5143.36,1215.38,230817792,220037120,197771608,188.61,10899601
1765903679712,5155.89,1216.68,231079936,220037120,197885944,188.72,10900278
1765903679814,5156.02,1216.73,231079936,220037120,197887480,188.72,10900278
1765903679915,5158.52,1218.66,231096320,220037120,198107808,188.93,10901625
1765903680016,5158.87,1218.79,231096320,220037120,198124416,188.95,10901629
1765903680117,5161.15,1220.89,231096320,220037120,198344944,189.16,10911168
1765903680218,5161.26,1220.95,231096320,220037120,198346480,189.16,10911168
1765903680319,5161.37,1221.00,231096320,220037120,198347992,189.16,10911168
1765903680420,5163.73,1222.99,231096320,220037120,198568704,189.37,10912515
1765903680520,5163.82,1223.06,231096320,220037120,198570240,189.37,10912515
1765903680620,5166.12,1224.77,231096320,220037120,198796928,189.59,10913862
1765903680721,5166.27,1224.82,231096320,220037120,198798464,189.59,10913862
1765903680823,5166.43,1224.88,231096320,220037120,198799976,189.59,10913862
1765903680924,5169.09,1226.54,231112704,220037120,199230984,190.00,10915209
1765903681025,5169.20,1226.60,231112704,220037120,199232520,190.00,10915209
1765903681125,5171.74,1228.53,231112704,220037120,199453104,190.21,10924749
1765903681226,5171.88,1228.58,231112704,220037120,199454640,190.21,10924749
1765903681327,5172.02,1228.65,231112704,220037120,199456152,190.22,10924749
1765903681427,5177.59,1230.45,231145472,220037120,199677256,190.43,10926096
1765903681529,5177.68,1230.52,231145472,220037120,199678792,190.43,10926096
1765903681630,5180.32,1232.40,231145472,220037120,199899152,190.64,10927443
1765903681731,5180.40,1232.43,231145472,220037120,199900688,190.64,10927443
1765903681832,5180.55,1232.49,231145472,220037120,199902200,190.64,10927443
1765903681933,5183.18,1234.82,231391232,220037120,200122528,190.85,10928791
1765903682034,5183.30,1234.88,231391232,220037120,200124064,190.85,10928791
1765903682135,5195.84,1237.13,231604224,220037120,200346096,191.06,10938330
1765903682235,5195.95,1237.18,231620608,220037120,200347632,191.07,10938330
1765903682337,5196.04,1237.23,231620608,220037120,200349144,191.07,10938330
1765903682438,5199.31,1239.10,231817216,220037120,200569592,191.28,10939677
1765903682539,5199.43,1239.16,231817216,220037120,200571128,191.28,10939677
1765903682639,5202.19,1241.05,232030208,220037120,200791376,191.49,10941023
1765903682741,5202.31,1241.10,232030208,220037120,200792912,191.49,10941023
1765903682842,5202.43,1241.15,232030208,220037120,200794424,191.49,10941023
1765903682943,5205.10,1243.30,232259584,220037120,201014680,191.70,10942371
1765903683044,5205.23,1243.38,232259584,220037120,201016216,191.70,10942371
1765903683145,5207.49,1245.31,232472576,220037120,201236704,191.91,10951910
1765903683246,5207.57,1245.34,232472576,220037120,201238240,191.92,10951910
1765903683347,5207.70,1245.39,232472576,220037120,201239752,191.92,10951910
1765903683448,5212.56,1247.59,232701952,220037120,201460080,192.13,10953257
1765903683548,5212.67,1247.66,232701952,220037120,201461616,192.13,10953257
1765903683650,5215.41,1249.76,232931328,220037120,201681848,192.34,10954605
1765903683751,5215.52,1249.82,232931328,220037120,201683384,192.34,10954605
1765903683852,5215.62,1249.88,232931328,220037120,201684896,192.34,10954605
1765903683953,5218.37,1252.13,233226240,220037120,201905296,192.55,10955952
1765903684054,5218.45,1252.17,232734720,220037120,201906832,192.55,10955952
1765903684154,5220.14,1253.53,232964096,220037120,202127312,192.76,10965492
1765903684255,5220.20,1253.57,232964096,220037120,202128848,192.77,10965492
1765903684355,5221.12,1254.20,233062400,220037120,202240016,192.87,10966162
1765903684456,5222.11,1255.03,233177088,220037120,202350600,192.98,10966839
1765903684557,5222.23,1255.09,233177088,220037120,202352136,192.98,10966839
1765903684658,5224.88,1257.02,233406464,220037120,202572416,193.19,10968186
1765903684759,5225.01,1257.07,233406464,220037120,202573952,193.19,10968186
1765903684859,5226.79,1258.19,233521152,220037120,202685120,193.30,10968857
1765903684961,5227.66,1258.89,233619456,220037120,202795704,193.40,10969534
1765903685062,5227.75,1258.94,233619456,220037120,202797240,193.40,10969534
1765903685163,5230.11,1260.89,233816064,220037120,203017728,193.61,10979074
1765903685264,5230.20,1260.94,233832448,220037120,203019264,193.61,10979074
1765903685364,5231.78,1261.98,233930752,220037120,203130432,193.72,10979744
1765903685465,5232.73,1262.89,234045440,220037120,203417888,193.99,10980421
1765903685566,5232.84,1262.94,234045440,220037120,203419424,194.00,10980421
1765903685667,5235.73,1265.00,234258432,220037120,203639680,194.21,10981768
1765903685769,5235.86,1265.06,234258432,220037120,203641216,194.21,10981768
1765903685869,5243.23,1270.42,221446144,206143488,198135488,188.96,10925764
1765903685970,5243.36,1270.51,221446144,206143488,198137024,188.96,10925764
1765903686070,5243.47,1270.57,221446144,206143488,198138536,188.96,10925764
1765903686172,5246.03,1272.13,221462528,206143488,198359000,189.17,10935302
1765903686273,5246.16,1272.20,221462528,206143488,198360536,189.17,10935302
1765903686374,5248.87,1274.21,221462528,206143488,198580880,189.38,10936649
1765903686475,5249.05,1274.28,221462528,206143488,198582416,189.38,10936649
1765903686576,5250.65,1274.34,221462528,206143488,198584168,189.38,10936649
1765903686677,5252.90,1276.04,221478912,206143488,198804648,189.59,10937996
1765903686777,5253.00,1276.10,221478912,206143488,198806184,189.60,10937996
1765903686879,5255.80,1278.19,221478912,206143488,199026576,189.81,10939343
1765903686980,5255.87,1278.22,221478912,206143488,199028112,189.81,10939343
1765903687081,5255.97,1278.28,221478912,206143488,199029624,189.81,10939343
1765903687182,5258.27,1280.28,221495296,206143488,199250064,190.02,10948881
1765903687283,5258.41,1280.35,221495296,206143488,199251600,190.02,10948881
1765903687383,5261.46,1282.24,221495296,206143488,199471888,190.23,10950229
1765903687485,5261.55,1282.28,221495296,206143488,199473424,190.23,10950229
1765903687586,5261.63,1282.32,221495296,206143488,199474936,190.23,10950229
1765903687687,5267.38,1285.30,223576064,215580672,198313160,189.13,10935192
1765903687788,5267.53,1285.37,223576064,215580672,198314696,189.13,10935192
1765903687889,5271.20,1287.35,223821824,215580672,198535376,189.34,10936540
1765903687990,5271.31,1287.41,223821824,215580672,198536912,189.34,10936540
1765903688091,5271.47,1287.47,223821824,215580672,198538424,189.34,10936540
1765903688192,5294.40,1289.60,224067584,215580672,198765232,189.56,10946080
1765903688293,5294.51,1289.67,224067584,215580672,198766768,189.56,10946080
1765903688394,5297.14,1291.68,224280576,215580672,198988520,189.77,10947426
1765903688495,5297.22,1291.72,224280576,215580672,198990056,189.77,10947426
1765903688597,5297.33,1291.77,224280576,215580672,198991568,189.77,10947426
1765903688698,5300.16,1293.70,224509952,215580672,199213368,189.98,10948773
1765903688799,5300.26,1293.76,224509952,215580672,199214904,189.99,10948773
1765903688900,5307.44,1296.50,224739328,215580672,199437952,190.20,10950121
1765903689001,5308.08,1296.58,224755712,215580672,199439712,190.20,10950121
1765903689102,5308.19,1296.63,224755712,215580672,199441224,190.20,10950121
1765903689203,5310.44,1298.41,224968704,215580672,199663248,190.41,10959661
1765903689304,5310.56,1298.46,224968704,215580672,199664784,190.42,10959661
1765903689405,5313.47,1300.46,225181696,215580672,199887016,190.63,10961009
1765903689506,5313.59,1300.51,225181696,215580672,199888552,190.63,10961009
1765903689606,5316.75,1301.56,225296384,215580672,200000400,190.74,10961679
1765903689706,5322.60,1302.71,225427456,215580672,200114640,190.84,10962356
1765903689807,5322.76,1302.77,225427456,215580672,200116176,190.85,10962356
1765903689908,5325.68,1304.80,225656832,215580672,200337112,191.06,10963704
1765903690009,5325.79,1304.88,225656832,215580672,200338648,191.06,10963704
1765903690109,5327.66,1306.13,225771520,215580672,200450400,191.16,10972566
1765903690210,5328.63,1306.95,225886208,215580672,200561336,191.27,10973243
1765903690311,5328.74,1307.01,225886208,215580672,200562872,191.27,10973243
1765903690412,5331.20,1308.80,226082816,215580672,200783832,191.48,10974590
1765903690513,5331.29,1308.85,226099200,215580672,200785368,191.48,10974590
1765903690613,5341.72,1310.50,226230272,215580672,200896976,191.59,10975260
1765903690714,5347.88,1311.40,226361344,215580672,201010160,191.70,10975937
1765903690815,5348.03,1311.48,226361344,215580672,201011696,191.70,10975937
1765903690916,5350.31,1313.49,226574336,215580672,201268128,191.94,10977285
1765903691017,5350.44,1313.55,226574336,215580672,201269664,191.95,10977285
1765903691116,5352.79,1315.84,226787328,215580672,201490800,192.16,10986823
1765903691218,5352.87,1315.88,226787328,215580672,201492336,192.16,10986823
1765903691319,5352.97,1315.93,226787328,215580672,201493848,192.16,10986823
1765903691420,5355.30,1317.91,227016704,215580672,201714824,192.37,10988170
1765903691521,5355.41,1318.01,226902016,215580672,201716360,192.37,10988170
1765903691622,5358.04,1320.02,227147776,215580672,201937296,192.58,10989517
1765903691723,5358.13,1320.06,227147776,215580672,201938832,192.58,10989517
1765903691824,5358.29,1320.11,227147776,215580672,201940344,192.59,10989517
1765903691925,5361.23,1322.20,227360768,215580672,202161792,192.80,10990864
1765903692026,5361.35,1322.26,227360768,215580672,202163328,192.80,10990864
1765903692127,5363.48,1324.07,227573760,215580672,202440104,193.06,11000403
1765903692228,5363.57,1324.11,227573760,215580672,202441640,193.06,11000403
1765903692329,5363.67,1324.15,227573760,215580672,202443152,193.06,11000403
1765903692430,5366.25,1326.22,227803136,215580672,202664680,193.28,11001750
1765903692531,5366.38,1326.29,227803136,215580672,202666216,193.28,11001750
1765903692632,5369.26,1328.36,227999744,215580672,202887152,193.49,11003097
1765903692732,5369.35,1328.41,228016128,215580672,202888688,193.49,11003097
1765903692834,5369.45,1328.46,228016128,215580672,202890200,193.49,11003097
1765903692935,5372.23,1330.52,228229120,215580672,203111224,193.70,11004444
1765903693036,5372.41,1330.60,228229120,215580672,203112760,193.70,11004444
1765903693137,5376.50,1332.89,228671488,215580672,199098168,189.87,11013984
1765903693238,5376.61,1332.96,228671488,215580672,199099704,189.88,11013984
1765903693340,5376.70,1333.00,228671488,215580672,199101216,189.88,11013984
1765903693441,5379.28,1335.09,228671488,215580672,199322160,190.09,10966179
1765903693543,5379.43,1335.17,228671488,215580672,199323696,190.09,10966179
1765903693644,5388.10,1337.72,228704256,215580672,199545744,190.30,10967527
1765903693745,5388.20,1337.77,228704256,215580672,199547280,190.30,10967527
1765903693846,5388.36,1337.83,228704256,215580672,199548792,190.30,10967527
1765903693947,5390.76,1339.94,228704256,215580672,199769352,190.51,10968875
1765903694048,5390.86,1339.99,228704256,215580672,199770888,190.52,10968875
1765903694149,5393.84,1341.99,228720640,215580672,200094696,190.83,10978414
1765903694251,5393.95,1342.06,228605952,215580672,200096232,190.83,10978414
1765903694352,5394.04,1342.12,228605952,215580672,200097744,190.83,10978414
1765903694452,5397.47,1344.22,228622336,215580672,200318336,191.04,10979762
1765903694553,5397.58,1344.27,228622336,215580672,200319872,191.04,10979762
1765903694654,5400.33,1346.38,228622336,215580672,200540424,191.25,10981110
1765903694755,5400.47,1346.45,228622336,215580672,200541960,191.25,10981110
1765903694857,5402.02,1347.72,228638720,215580672,200653304,191.36,10981781
1765903694958,5404.90,1348.46,228638720,215580672,200764248,191.46,10982458
1765903695060,5405.00,1348.52,228638720,215580672,200765784,191.47,10982458
1765903695161,5407.40,1350.58,228638720,215580672,200986264,191.68,10991997
1765903695262,5407.49,1350.63,228638720,215580672,200987800,191.68,10991997
1765903695363,5409.20,1351.87,228687872,215580672,201099032,191.78,10992666
1765903695464,5410.24,1352.82,228818944,215580672,201209624,191.89,10993343
1765903695565,5410.35,1352.87,228818944,215580672,201211160,191.89,10993343
1765903695665,5412.98,1354.75,229031936,215580672,201431448,192.10,10994690
1765903695767,5413.11,1354.81,229031936,215580672,201432984,192.10,10994690
1765903695867,5415.82,1356.69,229244928,215580672,201653232,192.31,10996037
1765903695968,5415.94,1356.75,229244928,215580672,201654768,192.31,10996037
1765903696068,5416.06,1356.82,229261312,215580672,201656280,192.31,10996037
1765903696170,5418.67,1358.80,229457920,215580672,201876864,192.52,11005577
1765903696271,5418.85,1358.89,229457920,215580672,201878400,192.53,11005577
1765903696371,5433.82,1360.67,229703680,215580672,202111504,192.75,11006924
1765903696472,5433.93,1360.73,229703680,215580672,202113008,192.75,11006924
1765903696573,5434.05,1360.79,229703680,215580672,202114488,192.75,11006924
1765903696674,5436.69,1362.91,229982208,215580672,202334368,192.96,11008271
1765903696775,5436.82,1362.98,229982208,215580672,202335872,192.96,11008271
1765903696875,5439.35,1364.85,230195200,215580672,202555768,193.17,11009618
1765903696975,5439.46,1364.95,230195200,215580672,202557272,193.17,11009618
1765903697077,5439.58,1365.00,230195200,215580672,202558752,193.18,11009618
1765903697178,5442.10,1367.04,230408192,215580672,202967776,193.57,11019157
1765903697279,5442.19,1367.09,230408192,215580672,202969280,193.57,11019157
1765903697380,5444.94,1368.92,230604800,215580672,203189200,193.78,11020505
1765903697481,5445.02,1368.96,230604800,215580672,203190704,193.78,11020505
1765903697582,5445.10,1369.05,230637568,215580672,203192184,193.78,11020505
1765903697683,5447.94,1371.09,230834176,215580672,203412208,193.99,11021853
1765903697784,5448.09,1371.15,230834176,215580672,203413712,193.99,11021853
1765903697885,5450.58,1372.87,231063552,215580672,203633672,194.20,11023200
1765903697986,5450.65,1372.92,231063552,215580672,203635176,194.20,11023200
1765903698087,5450.74,1372.99,231063552,215580672,203636656,194.20,11023200
1765903698188,5456.33,1376.69,232062976,216891392,200178928,190.91,10991779
1765903698288,5456.47,1376.76,232062976,216891392,200180432,190.91,10991779
1765903698390,5459.05,1378.51,232062976,216891392,200400336,191.12,10993127
1765903698490,5459.20,1378.61,232062976,216891392,200401840,191.12,10993127
1765903698591,5459.31,1378.67,232062976,216891392,200403320,191.12,10993127
1765903698692,5464.50,1380.68,232079360,216891392,200623728,191.33,10994474
1765903698793,5464.64,1380.74,232079360,216891392,200625232,191.33,10994474
1765903698895,5466.96,1382.77,232079360,216891392,200844944,191.54,10995820
1765903698996,5467.03,1382.81,232079360,216891392,200846448,191.54,10995820
1765903699096,5467.14,1382.87,232079360,216891392,200847928,191.54,10995820
1765903699198,5470.47,1384.89,232079360,216891392,201090088,191.77,11005359
1765903699300,5470.59,1384.94,232079360,216891392,201091592,191.78,11005359
1765903699401,5479.26,1387.61,232112128,216891392,201312104,191.99,11006706
1765903699502,5479.34,1387.68,232112128,216891392,201313608,191.99,11006706
1765903699603,5479.42,1387.73,232112128,216891392,201315088,191.99,11006706
1765903699704,5481.93,1389.67,232128512,216891392,201533864,192.20,11008054
1765903699805,5482.04,1389.73,232128512,216891392,201535368,192.20,11008054
1765903699906,5484.76,1391.82,232128512,216891392,201754184,192.41,11009401
1765903700006,5484.86,1391.88,232128512,216891392,201755688,192.41,11009401
1765903700107,5486.45,1393.28,232128512,216891392,201866336,192.51,11018264
1765903700209,5487.48,1394.33,232128512,216891392,201976176,192.62,11018941
1765903700309,5487.60,1394.38,232128512,216891392,201977680,192.62,11018941
1765903700410,5489.82,1396.10,232144896,216891392,202196488,192.83,11020288
1765903700512,5489.92,1396.16,232144896,216891392,202197992,192.83,11020288
1765903700612,5491.43,1397.49,232144896,216891392,202308416,192.94,11020959
1765903700713,5492.38,1398.38,232144896,216891392,202418376,193.04,11021636
1765903700814,5492.47,1398.42,232144896,216891392,202419880,193.04,11021636
1765903700915,5495.27,1400.12,232161280,216891392,202638664,193.25,11022983
1765903701016,5495.38,1400.18,232161280,216891392,202640168,193.25,11022983
1765903701117,5497.67,1402.10,232161280,216891392,202859128,193.46,11032523
1765903701218,5497.76,1402.15,232161280,216891392,202860632,193.46,11032523
1765903701319,5497.89,1402.21,232161280,216891392,202862112,193.46,11032523
1765903701420,5568.12,1412.55,258850816,251756544,213196664,203.32,11009295
1765903701519,5784.93,1419.53,262406144,247300096,200916424,191.61,11009295
1765903701620,5930.17,1424.27,266518528,247300096,196081528,187.00,10685929
1765903701722,5930.89,1424.34,266518528,247300096,196098368,187.01,10685929
1765903701823,5930.98,1424.41,266518528,247300096,196099848,187.02,10685929
1765903701924,5931.07,1424.46,266518528,247300096,196101328,187.02,10685929
1765903702025,5931.18,1424.51,266518528,247300096,196102808,187.02,10685929
1765903702127,5938.15,1425.68,266534912,247300096,196964976,187.84,10686363
1765903702227,5958.91,1426.78,266567680,247562240,198058808,188.88,10686807
1765903702329,5958.96,1426.81,266567680,247562240,198060312,188.89,10686807
1765903702430,5959.02,1426.85,266567680,247562240,198061792,188.89,10686807
1765903702531,5959.12,1426.90,266567680,247562240,198063272,188.89,10686807
1765903702632,5959.21,1426.96,266567680,247562240,198064752,188.89,10686807
1765903702733,5959.29,1427.02,266567680,247562240,198066232,188.89,10686807
1765903702834,5959.37,1427.08,266567680,247562240,198067712,188.89,10686807
1765903702935,5959.43,1427.12,266567680,247562240,198069192,188.89,10686807
1765903703036,5959.51,1427.18,266567680,247562240,198070672,188.89,10686807
1765903703137,5959.60,1427.27,266567680,247562240,198072152,188.90,10686807
1765903703237,5959.71,1427.34,266567680,247562240,198073632,188.90,10686807
1765903703339,5959.88,1427.43,266567680,247562240,198075112,188.90,10686807
1765903703439,5960.08,1427.56,266567680,247562240,198076592,188.90,10686807
1765903703541,5960.17,1427.62,266371072,247562240,198078072,188.90,10686807
1765903703642,5960.24,1427.68,266371072,247562240,198079552,188.90,10686807
1765903703743,5960.31,1427.74,266371072,247562240,198081032,188.90,10686807
1765903703844,5960.37,1427.78,266371072,247562240,198082512,188.91,10686807
1765903703945,5960.48,1427.83,266371072,247562240,198083992,188.91,10686807
1765903704046,5960.71,1427.97,266371072,247562240,198085472,188.91,10686807
1765903704147,5960.89,1428.10,266371072,247562240,198086952,188.91,10686807
1765903704248,5960.95,1428.14,266371072,247562240,198088432,188.91,10686807
1765903704348,5961.01,1428.18,266371072,247562240,198089912,188.91,10686807
1765903704449,5961.07,1428.23,266371072,247562240,198091392,188.91,10686807
1765903704549,5961.13,1428.28,266371072,247562240,198092872,188.92,10686807
1765903704651,5961.18,1428.33,266371072,247562240,198094352,188.92,10686807
1765903704752,5961.23,1428.36,266371072,247562240,198095832,188.92,10686807
1765903704853,5961.30,1428.41,266371072,247562240,198097312,188.92,10686807
1765903704954,5961.36,1428.46,266371072,247562240,198098792,188.92,10686807
1765903705055,5961.42,1428.51,266371072,247562240,198100272,188.92,10686807
1765903705156,5961.47,1428.55,266371072,247562240,198101752,188.92,10686807
1765903705257,5961.53,1428.60,266371072,247562240,198103232,188.93,10686807
1765903705358,5961.64,1428.64,266371072,247562240,198104712,188.93,10686807
1765903705460,5961.82,1428.77,266371072,247562240,198106192,188.93,10686807
1765903705561,5961.89,1428.81,266371072,247562240,198107672,188.93,10686807
1765903705662,5961.96,1428.86,266371072,247562240,198109152,188.93,10686807
1765903705763,5962.01,1428.90,266371072,247562240,198110632,188.93,10686807
1765903705864,5962.06,1428.94,266371072,247562240,198112112,188.93,10686807
1765903705965,5962.11,1428.98,266371072,247562240,198113592,188.94,10686807
1765903706065,5962.15,1429.02,266371072,247562240,198115072,188.94,10686807
1765903706166,5962.20,1429.06,266371072,247562240,198116552,188.94,10686807
1765903706268,5962.25,1429.10,266371072,247562240,198118032,188.94,10686807
1765903706369,5962.30,1429.14,266371072,247562240,198119512,188.94,10686807
1765903706470,5962.37,1429.20,266371072,247562240,198120992,188.94,10686807
1765903706571,5962.43,1429.24,266371072,247562240,198122472,188.94,10686807
1765903706672,5962.49,1429.29,266371072,247562240,198123952,188.95,10686807
1765903706773,5962.56,1429.33,266371072,247562240,198125656,188.95,10694999
1765903706874,5962.61,1429.38,266371072,247562240,198127160,188.95,10694999
1765903706975,5962.73,1429.44,266371072,247562240,198128640,188.95,10694999
1765903707077,5962.89,1429.56,266371072,247562240,198130120,188.95,10694999
1765903707178,5963.02,1429.61,266371072,247562240,198131600,188.95,10694999
1765903707279,5963.18,1429.72,266371072,247562240,198133080,188.95,10694999
1765903707380,5963.23,1429.76,266371072,247562240,198134560,188.96,10694999
1765903707481,5963.33,1429.81,266371072,247562240,198136040,188.96,10694999
1765903707583,5963.43,1429.86,266371072,247562240,198137520,188.96,10694999
1765903707684,5963.53,1429.91,266371072,247562240,198139000,188.96,10694999
1765903707785,5963.60,1429.96,266371072,247562240,198140480,188.96,10694999
1765903707886,5963.70,1430.01,266371072,247562240,198141960,188.96,10694999
1765903707987,5963.89,1430.10,266371072,247562240,198143440,188.96,10694999
1765903708087,5964.11,1430.24,266371072,247562240,198144920,188.97,10694999
1765903708188,5964.26,1430.34,266371072,247562240,198146400,188.97,10694999
1765903708289,5964.35,1430.41,266371072,247562240,198150320,188.97,10694999
1765903708390,5964.43,1430.46,266371072,247562240,198151800,188.97,10694999
1765903708491,5964.60,1430.56,266371072,247562240,198153280,188.97,10694999
1765903708593,5964.82,1430.68,266371072,247562240,198154760,188.98,10694999
1765903708694,5964.99,1430.80,266371072,247562240,198156240,188.98,10694999
1765903708795,5965.05,1430.85,266371072,247562240,198157720,188.98,10694999
1765903708896,5965.10,1430.90,266371072,247562240,198159200,188.98,10694999
