timestamp,cpu_user,cpu_system,rss,heapTotal,heapUsed,heapUsedMB,external
1765902853590,1760.62,123.27,291569664,207978496,179092064,170.80,9692222
1765902853691,1760.81,123.36,290717696,207978496,179096664,170.80,9692278
1765902853791,1760.96,123.42,290242560,207978496,179099024,170.80,9692278
1765902853892,1761.11,123.49,290242560,207978496,179101360,170.80,9692278
1765902853993,1761.22,123.53,289964032,207978496,179104104,170.81,9692278
1765902854095,1761.32,123.59,289964032,207978496,179106440,170.81,9692278
1765902854195,1761.42,123.63,288604160,207978496,179108776,170.81,9692278
1765902854296,1761.52,123.68,288440320,207978496,179111112,170.81,9692278
1765902854396,1761.73,123.76,286572544,207978496,179113480,170.82,9692278
1765902854497,1761.92,123.81,286588928,207978496,179115976,170.82,9692278
1765902854598,1762.08,123.86,286605312,207978496,179118376,170.82,9692278
1765902854700,1762.21,123.93,286605312,207978496,179120536,170.82,9692278
1765902854800,1762.50,123.97,286605312,207978496,179122752,170.82,9692278
1765902854901,1762.58,124.01,286605312,207978496,179124832,170.83,9692278
1765902855002,1762.69,124.05,286605312,207978496,179126912,170.83,9692278
1765902855104,1762.99,124.13,286621696,207978496,179129024,170.83,9692278
1765902855205,1763.15,124.19,286621696,207978496,179131104,170.83,9692278
1765902855306,1763.27,124.27,286621696,207978496,179133184,170.83,9692278
1765902855407,1763.41,124.33,286621696,207978496,179135264,170.84,9692278
1765902855509,1763.60,124.41,286621696,207978496,179137344,170.84,9692278
1765902855610,1763.75,124.46,286621696,207978496,179139424,170.84,9692278
1765902855710,1763.91,124.53,286621696,207978496,179141504,170.84,9692278
1765902855811,1764.08,124.58,280166400,207978496,179143584,170.84,9692278
1765902855913,1764.24,124.66,280117248,207978496,179145664,170.85,9692278
1765902856014,1764.37,124.70,280117248,207978496,179147744,170.85,9692278
1765902856115,1764.49,124.75,280117248,207978496,179149824,170.85,9692278
1765902856216,1764.60,124.80,273285120,207978496,179151904,170.85,9692278
1765902856317,1764.71,124.84,273285120,207978496,179153984,170.85,9692278
1765902856418,1764.86,124.90,272465920,207978496,179156064,170.86,9692278
1765902856520,1764.98,124.94,272465920,207978496,179158144,170.86,9692278
1765902856621,1765.11,124.99,272465920,207978496,179160224,170.86,9692278
1765902856721,1765.25,125.05,272465920,207978496,179162304,170.86,9692278
1765902856822,1765.39,125.10,272465920,207978496,179164384,170.86,9692278
1765902856923,1765.51,125.14,272465920,207978496,179166464,170.87,9692278
1765902857024,1765.63,125.20,272465920,207978496,179168544,170.87,9692278
1765902857126,1765.76,125.26,272465920,207978496,179170624,170.87,9692278
1765902857227,1765.88,125.31,272465920,207978496,179172672,170.87,9692278
1765902857327,1765.99,125.39,272465920,207978496,179174800,170.87,9692278
1765902857428,1766.12,125.44,272465920,207978496,179176896,170.88,9692278
1765902857529,1766.26,125.50,272465920,207978496,179179216,170.88,9700470
1765902857631,1766.38,125.56,272465920,207978496,179181336,170.88,9700470
1765902857732,1766.50,125.60,272465920,207978496,179183432,170.88,9700470
1765902857832,1766.61,125.67,272465920,207978496,179185528,170.88,9700470
1765902857933,1766.68,125.70,272465920,207978496,179187624,170.89,9700470
1765902858034,1766.78,125.74,272465920,207978496,179189720,170.89,9700470
1765902858135,1766.87,125.79,272465920,207978496,179191816,170.89,9700470
1765902858236,1766.97,125.84,272465920,207978496,179193912,170.89,9700470
1765902858338,1767.09,125.89,272465920,207978496,179196008,170.89,9700470
1765902858439,1767.23,125.94,272465920,207978496,179198104,170.90,9700470
1765902858539,1767.33,125.98,272465920,207978496,179200200,170.90,9700470
1765902858640,1767.42,126.03,272465920,207978496,179202296,170.90,9700470
1765902858741,1767.52,126.09,272465920,207978496,179204392,170.90,9700470
1765902858842,1767.62,126.15,272465920,207978496,179206488,170.90,9700470
1765902858944,1767.74,126.20,272465920,207978496,179208584,170.91,9700470
1765902859045,1767.91,126.27,272465920,207978496,179210680,170.91,9700470
1765902859145,1768.02,126.34,272465920,207978496,179212776,170.91,9700470
1765902859246,1768.12,126.39,272465920,207978496,179214872,170.91,9700470
1765902859347,1768.22,126.45,272465920,207978496,179216968,170.91,9700470
1765902859449,1768.32,126.50,272465920,207978496,179219064,170.92,9700470
1765902859550,1768.40,126.53,272465920,207978496,179221160,170.92,9700470
1765902859651,1768.46,126.56,272465920,207978496,179223256,170.92,9700470
1765902859751,1768.52,126.59,272465920,207978496,179225352,170.92,9700470
1765902859852,1768.61,126.64,272465920,207978496,179227448,170.92,9700470
1765902859953,1768.71,126.69,272465920,207978496,179229544,170.93,9700470
1765902860054,1768.78,126.73,272465920,207978496,179231640,170.93,9700470
1765902860155,1768.90,126.77,272465920,207978496,179233736,170.93,9700470
1765902860257,1769.06,126.83,272465920,207978496,179235832,170.93,9700470
1765902860357,1769.25,126.89,272465920,207978496,179237928,170.93,9700470
1765902860458,1769.37,126.97,272465920,207978496,179240024,170.94,9700470
1765902860559,1769.47,127.02,272465920,207978496,179242120,170.94,9700470
1765902860660,1769.56,127.08,272465920,207978496,179244216,170.94,9700470
1765902860762,1769.68,127.14,272465920,207978496,179246312,170.94,9700470
1765902860863,1769.80,127.19,272465920,207978496,179248408,170.94,9700470
1765902860962,1769.95,127.26,272465920,207978496,179250504,170.95,9700470
1765902861063,1770.05,127.30,272465920,207978496,179252600,170.95,9700470
1765902861165,1770.17,127.36,272465920,207978496,179254696,170.95,9700470
1765902861266,1770.27,127.40,272465920,207978496,179256792,170.95,9700470
1765902861366,1770.37,127.44,272465920,207978496,179258888,170.95,9700470
1765902861467,1770.45,127.47,272465920,207978496,179260984,170.96,9700470
1765902861568,1770.56,127.52,272465920,207978496,179263080,170.96,9700470
1765902861670,1909.42,140.28,253820928,175472640,166808568,159.08,9697894
1765902861771,1909.56,140.33,253820928,175472640,166813768,159.09,9697894
1765902861872,1909.67,140.37,253820928,175472640,166815864,159.09,9697894
1765902861973,1909.77,140.40,253820928,175472640,166817960,159.09,9697894
1765902862074,1909.89,140.46,253820928,175472640,166820056,159.09,9697894
1765902862175,1910.06,140.52,253820928,175472640,166822152,159.09,9697894
1765902862276,2047.26,147.49,252346368,174161920,166972576,159.24,9697894
1765902862377,2047.40,147.55,252362752,174161920,166977144,159.24,9697894
1765902862478,2047.57,147.61,252362752,174161920,166979240,159.24,9697894
1765902862580,2047.68,147.65,252362752,174161920,166981336,159.25,9697894
1765902862681,2047.78,147.70,252362752,174161920,166983432,159.25,9697894
1765902862781,2047.88,147.76,252362752,174161920,166985528,159.25,9697894
1765902862881,2143.64,149.96,252526592,174161920,167023800,159.29,9697894
1765902862982,2208.26,154.14,252837888,174161920,166828584,159.10,9697894
1765902863083,2208.36,154.18,252837888,174161920,166834312,159.11,9697894
1765902863185,2208.48,154.24,252854272,174161920,166836408,159.11,9697894
1765902863286,2208.58,154.29,252854272,174161920,166838504,159.11,9697894
1765902863387,2208.67,154.34,252854272,174161920,166840600,159.11,9697894
1765902863488,2208.76,154.38,252854272,174161920,166842696,159.11,9697894
1765902863589,2208.86,154.42,252854272,174161920,166844792,159.12,9697894
1765902863690,2208.97,154.47,252854272,174161920,166846888,159.12,9697894
1765902863792,2209.11,154.54,252854272,174161920,166848984,159.12,9697894
1765902863893,2209.18,154.59,252854272,174161920,166851080,159.12,9697894
1765902863994,2209.27,154.65,252870656,174161920,166853176,159.12,9697894
1765902864094,2209.36,154.71,252870656,174161920,166855272,159.13,9697894
1765902864195,2209.42,154.75,252870656,174161920,166857368,159.13,9697894
1765902864296,2209.49,154.79,252870656,174161920,166859464,159.13,9697894
1765902864397,2209.57,154.83,252870656,174161920,166861560,159.13,9697894
1765902864498,2209.66,154.87,252870656,174161920,166863656,159.13,9697894
1765902864599,2209.74,154.91,252870656,174161920,166865752,159.14,9697894
1765902864700,2209.83,154.97,252870656,174161920,166867848,159.14,9697894
1765902864801,2209.90,155.02,252887040,174161920,166869944,159.14,9697894
1765902864903,2209.96,155.07,252887040,174161920,166872040,159.14,9697894
1765902865004,2210.03,155.11,252887040,174161920,166874136,159.14,9697894
1765902865105,2210.10,155.15,252887040,174161920,166876232,159.15,9697894
1765902865205,2210.17,155.19,252887040,174161920,166878328,159.15,9697894
1765902865306,2210.24,155.23,252887040,174161920,166880424,159.15,9697894
1765902865407,2210.30,155.27,252887040,174161920,166882520,159.15,9697894
1765902865508,2210.40,155.37,252887040,174161920,166884616,159.15,9697894
1765902865609,2210.46,155.40,252887040,174161920,166886720,159.16,9697894
1765902865711,2210.53,155.44,252887040,174161920,166888816,159.16,9697894
1765902865812,2210.59,155.48,252887040,174161920,166890912,159.16,9697894
1765902865913,2210.66,155.52,252887040,174161920,166893008,159.16,9697894
1765902866013,2210.72,155.56,252887040,174161920,166895104,159.16,9697894
1765902866114,2210.79,155.62,252903424,174161920,166897200,159.17,9697894
1765902866215,2210.88,155.66,252903424,174161920,166899296,159.17,9697894
1765902866316,2210.99,155.71,252903424,174161920,166901392,159.17,9697894
1765902866417,2211.08,155.75,252903424,174161920,166903488,159.17,9697894
1765902866518,2211.15,155.80,252903424,174161920,166905584,159.17,9697894
1765902866619,2211.23,155.84,252903424,174161920,166907680,159.18,9697894
1765902866720,2211.31,155.88,252903424,174161920,166909776,159.18,9697894
1765902866820,2211.39,155.93,252903424,174161920,166911872,159.18,9697894
1765902866921,2211.46,155.99,252919808,174161920,166913968,159.18,9697894
1765902867022,2211.52,156.03,252919808,174161920,166916064,159.18,9697894
1765902867123,2211.58,156.07,252919808,174161920,166918160,159.19,9697894
1765902867224,2211.63,156.11,252919808,174161920,166920256,159.19,9697894
1765902867325,2211.68,156.15,252919808,174161920,166922352,159.19,9697894
1765902867427,2211.74,156.19,252919808,174161920,166924448,159.19,9697894
1765902867528,2211.85,156.23,252919808,174161920,166926768,159.19,9706086
1765902867628,2211.92,156.29,252919808,174161920,166928888,159.20,9706086
1765902867729,2211.99,156.35,252936192,174161920,166930984,159.20,9706086
1765902867830,2212.05,156.39,252936192,174161920,166933080,159.20,9706086
1765902867931,2212.12,156.43,252936192,174161920,166935176,159.20,9706086
1765902868032,2212.19,156.47,252936192,174161920,166937272,159.20,9706086
1765902868134,2212.25,156.51,252936192,174161920,166939368,159.21,9706086
1765902868235,2212.31,156.55,252936192,174161920,166941464,159.21,9706086
1765902868336,2212.37,156.59,252936192,174161920,166943560,159.21,9706086
1765902868436,2212.43,156.63,252936192,174161920,166945656,159.21,9706086
1765902868537,2212.55,156.69,252952576,174161920,166947752,159.21,9706086
1765902868638,2212.62,156.73,252952576,174161920,166949848,159.22,9706086
1765902868739,2212.68,156.77,252952576,174161920,166951944,159.22,9706086
1765902868840,2212.78,156.81,252952576,174161920,166954040,159.22,9706086
1765902868942,2212.89,156.87,252952576,174161920,166956136,159.22,9706086
1765902869043,2212.97,156.91,252952576,174161920,166958232,159.22,9706086
1765902869143,2213.06,156.96,252952576,174161920,166960328,159.23,9706086
1765902869244,2213.16,157.02,252968960,174161920,166962424,159.23,9706086
1765902869345,2213.26,157.07,252968960,174161920,166964520,159.23,9706086
1765902869446,2213.34,157.12,252968960,174161920,166966616,159.23,9706086
1765902869548,2213.50,157.17,252968960,174161920,166968712,159.23,9706086
1765902869648,2213.79,157.30,252968960,174161920,166970808,159.24,9706086
1765902869749,2214.02,157.42,252968960,174161920,166972904,159.24,9706086
1765902869850,2214.12,157.47,252968960,174161920,166975000,159.24,9706086
1765902869951,2214.20,157.51,252968960,174161920,166977096,159.24,9706086
1765902870050,2214.29,157.56,252985344,174161920,166979192,159.24,9706086
1765902870151,2214.36,157.61,252985344,174161920,166981288,159.25,9706086
1765902870252,2214.43,157.65,252985344,174161920,166983384,159.25,9706086
1765902870353,2214.50,157.72,252985344,174161920,166985480,159.25,9706086
1765902870454,2214.57,157.75,252985344,174161920,166987576,159.25,9706086
1765902870555,2214.64,157.79,252985344,174161920,166989672,159.25,9706086
1765902870657,2214.70,157.84,252985344,174161920,166991768,159.26,9706086
1765902870758,2214.80,157.90,252985344,174161920,166993864,159.26,9706086
1765902870858,2214.90,157.96,253001728,174161920,166995960,159.26,9706086
1765902870959,2214.98,158.00,253001728,174161920,166998056,159.26,9706086
1765902871060,2215.06,158.06,253001728,174161920,167000152,159.26,9706086
1765902871161,2215.16,158.10,253001728,174161920,167002248,159.27,9706086
1765902871262,2215.26,158.15,253001728,174161920,167004344,159.27,9706086
1765902871364,2215.42,158.21,253001728,174161920,167006440,159.27,9706086
1765902871464,2215.60,158.28,253001728,174161920,167008536,159.27,9706086
1765902871565,2215.73,158.35,253001728,174161920,167010632,159.27,9706086
1765902871666,2215.83,158.41,253018112,174161920,167012728,159.28,9706086
1765902871767,2215.91,158.45,253018112,174161920,167014824,159.28,9706086
1765902871869,2216.00,158.49,253018112,174161920,167016920,159.28,9706086
1765902871970,2216.09,158.53,253018112,174161920,167019016,159.28,9706086
1765902872071,2216.17,158.57,253018112,174161920,167021112,159.28,9706086
1765902872172,2216.25,158.62,253018112,174161920,167023208,159.29,9706086
1765902872273,2216.33,158.67,253018112,174161920,167025304,159.29,9706086
1765902872374,2216.41,158.73,253018112,174161920,167027400,159.29,9706086
1765902872475,2216.53,158.80,253034496,174161920,167029496,159.29,9706086
1765902872577,2216.64,158.84,253034496,174161920,167031592,159.29,9706086
1765902872678,2216.76,158.89,253034496,174161920,167033688,159.30,9706086
1765902872778,2216.87,158.94,253034496,174161920,167035784,159.30,9706086
1765902872879,2216.97,158.99,253034496,174161920,167037880,159.30,9706086
1765902872980,2217.06,159.03,253034496,174161920,167039976,159.30,9706086
1765902873081,2217.14,159.08,253034496,174161920,167042072,159.30,9706086
1765902873183,2217.29,159.15,253034496,174161920,167044168,159.31,9706086
1765902873283,2217.58,159.26,253050880,174161920,167046264,159.31,9706086
1765902873384,2217.81,159.36,253050880,174161920,167048360,159.31,9706086
1765902873485,2217.89,159.40,253050880,174161920,167050456,159.31,9706086
1765902873586,2217.99,159.44,253050880,174161920,167052552,159.31,9706086
1765902873687,2218.08,159.50,253050880,174161920,167054648,159.32,9706086
1765902873787,2230.29,161.80,254017536,175210496,166965496,159.23,9715626
1765902873888,2230.42,161.85,254033920,175210496,166967616,159.23,9715626
1765902873989,2233.99,163.06,254492672,175210496,167460816,159.70,9716973
1765902874090,2234.12,163.10,254492672,175210496,167462936,159.71,9716973
1765902874191,2239.06,165.07,254885888,175210496,167817640,160.04,9718320
1765902874292,2239.16,165.12,254885888,175210496,167819760,160.05,9718320
1765902874393,2239.25,165.16,254885888,175210496,167821856,160.05,9718320
1765902874494,2244.51,167.00,254099456,174161920,167404232,159.65,9719667
1765902874596,2244.63,167.05,254099456,174161920,167406352,159.65,9719667
1765902874695,2249.10,168.76,254132224,174424064,167973064,160.19,9729205
1765902874797,2249.19,168.81,254132224,174424064,167975184,160.19,9729205
1765902874898,2249.32,168.85,254132224,174424064,167977280,160.20,9729205
1765902874998,2254.16,171.01,253263872,174424064,167593304,159.83,9730552
1765902875099,2254.25,171.05,253263872,174424064,167595424,159.83,9730552
1765902875200,2258.76,173.19,253575168,174424064,167928720,160.15,9731898
1765902875301,2258.86,173.23,253575168,174424064,167930840,160.15,9731898
1765902875402,2258.94,173.28,253575168,174424064,167932936,160.15,9731898
1765902875504,2262.60,175.16,253886464,174424064,168266272,160.47,9733244
1765902875605,2262.70,175.19,253886464,174424064,168268392,160.47,9733244
1765902875706,2268.16,177.12,253394944,174424064,167887168,160.11,9742783
1765902875807,2268.27,177.16,253394944,174424064,167889288,160.11,9742783
1765902875908,2268.39,177.24,253394944,174424064,167894248,160.12,9742783
1765902876009,2271.91,179.05,253706240,174424064,168225152,160.43,9744130
1765902876111,2272.01,179.10,253722624,174424064,168227272,160.43,9744130
1765902876211,2276.57,181.25,253263872,174424064,167830976,160.06,9745479
1765902876312,2276.69,181.29,253263872,174424064,167833096,160.06,9745479
1765902876414,2276.79,181.34,253263872,174424064,167835192,160.06,9745479
1765902876515,2280.61,183.16,253575168,174424064,168161872,160.37,9746828
1765902876616,2280.71,183.21,253591552,174424064,168163992,160.37,9746828
1765902876716,2286.79,185.12,253952000,174424064,168497304,160.69,9756369
1765902876817,2286.86,185.16,253968384,174424064,168499424,160.69,9756369
1765902876919,2286.94,185.20,253968384,174424064,168501520,160.70,9756369
1765902877019,2291.58,187.03,253411328,174424064,168018720,160.24,9757718
1765902877120,2291.69,187.08,253411328,174424064,168020840,160.24,9757718
1765902877222,2294.93,188.91,253722624,174424064,168348344,160.55,9750875
1765902877323,2295.05,188.95,253722624,174424064,168350464,160.55,9750875
1765902877424,2295.15,189.00,253722624,174424064,168352560,160.55,9750875
1765902877525,2298.45,190.81,254033920,174424064,168681912,160.87,9752224
1765902877627,2298.55,190.85,254033920,174424064,168684032,160.87,9752224
1765902877727,2304.01,193.49,253476864,174424064,168223576,160.43,9761765
1765902877828,2304.11,193.55,253476864,174424064,168225696,160.43,9761765
1765902877929,2304.21,193.60,253476864,174424064,168227792,160.43,9761765
1765902878031,2309.70,195.44,253788160,174424064,168559792,160.75,9763114
1765902878132,2309.82,195.49,253788160,174424064,168561912,160.75,9763114
1765902878231,2314.15,197.23,254099456,174424064,169092112,161.26,9764463
1765902878332,2314.29,197.28,254099456,174424064,169094232,161.26,9764463
1765902878436,2318.00,198.33,254459904,175472640,168439240,160.64,9765141
1765902878537,2319.46,199.13,254607360,175472640,168600936,160.79,9765812
1765902878638,2319.58,199.19,254607360,175472640,168603056,160.79,9765812
1765902878739,2324.45,201.42,254951424,175472640,168925048,161.10,9775353
1765902878840,2324.59,201.47,254967808,175472640,168927168,161.10,9775353
1765902878940,2329.08,203.35,255311872,175472640,169250800,161.41,9776702
1765902879041,2329.22,203.41,255311872,175472640,169252920,161.41,9776702
1765902879142,2329.38,203.46,255311872,175472640,169255016,161.41,9776702
1765902879243,2336.98,205.28,255442944,175472640,168787032,160.97,9769859
1765902879345,2337.10,205.33,255442944,175472640,168789152,160.97,9769859
1765902879445,2342.76,207.37,255459328,175472640,169109968,161.28,9771208
1765902879546,2342.88,207.41,255459328,175472640,169112088,161.28,9771208
1765902879647,2343.00,207.46,255459328,175472640,169114184,161.28,9771208
1765902879748,2348.79,209.46,255590400,175734784,168632328,160.82,9780749
1765902879848,2348.89,209.50,255590400,175734784,168634416,160.82,9780749
1765902879949,2352.06,211.26,255590400,175734784,168953488,161.13,9773906
1765902880050,2352.20,211.30,255590400,175734784,168955576,161.13,9773906
1765902880151,2352.41,211.40,255590400,175734784,168957640,161.13,9773906
1765902880252,2362.18,213.41,255606784,175734784,169277520,161.44,9775255
1765902880354,2362.28,213.46,255606784,175734784,169279560,161.44,9775255
1765902880455,2367.90,215.48,255705088,175734784,168792208,160.97,9776604
1765902880555,2367.99,215.52,255705088,175734784,168794248,160.97,9776604
1765902880656,2368.09,215.57,255705088,175734784,168796264,160.98,9776604
1765902880758,2371.17,217.13,255721472,175734784,169104448,161.27,9786145
1765902880859,2371.27,217.18,255721472,175734784,169106488,161.27,9786145
1765902880960,2375.30,219.43,255721472,175734784,169414848,161.57,9787494
1765902881062,2375.40,219.47,255721472,175734784,169416888,161.57,9787494
1765902881163,2375.51,219.53,255721472,175734784,169418904,161.57,9787494
1765902881264,2379.51,221.29,255770624,175734784,168978696,161.15,9788843
1765902881365,2379.63,221.34,255770624,175734784,168980736,161.15,9788843
1765902881465,2386.79,223.37,255803392,175734784,169292088,161.45,9790192
1765902881566,2386.88,223.42,255803392,175734784,169294128,161.45,9790192
1765902881667,2387.02,223.47,255803392,175734784,169296144,161.45,9790192
1765902881768,2391.82,225.50,255803392,175734784,169595856,161.74,9799733
1765902881870,2391.95,225.56,255803392,175734784,169597896,161.74,9799733
1765902881970,2402.60,227.51,256049152,178094080,169124584,161.29,9792890
1765902882071,2402.71,227.56,256049152,178094080,169126624,161.29,9792890
1765902882172,2402.83,227.61,256049152,178094080,169128640,161.29,9792890
1765902882274,2405.65,229.43,256049152,178094080,169427512,161.58,9794239
1765902882375,2405.80,229.48,256049152,178094080,169429552,161.58,9794239
1765902882475,2412.44,230.94,256065536,178094080,169729888,161.87,9795588
1765902882577,2412.55,230.98,256065536,178094080,169731928,161.87,9795588
1765902882678,2412.65,231.02,256065536,178094080,169733944,161.87,9795588
1765902882778,2421.98,233.56,256294912,178094080,170033808,162.16,9805129
1765902882880,2422.09,233.62,256294912,178094080,170035848,162.16,9805129
1765902882981,2447.93,236.11,256622592,178094080,170334936,162.44,9806478
1765902883081,2448.07,236.16,256622592,178094080,170336976,162.45,9806478
1765902883183,2449.79,237.13,256770048,178094080,170487264,162.59,9807156
1765902883284,2450.86,237.86,256901120,178094080,170637152,162.73,9807827
1765902883385,2450.97,237.91,256901120,178094080,170639192,162.73,9807827
1765902883486,2455.11,239.71,257245184,178094080,169303800,161.46,9809176
1765902883587,2455.51,239.79,257245184,178094080,169306448,161.46,9809176
1765902883688,2457.51,240.96,257245184,178094080,169456736,161.61,9801662
1765902883789,2458.75,241.67,257245184,178094080,169606840,161.75,9810525
1765902883890,2458.87,241.72,257245184,178094080,169608880,161.75,9810525
1765902883991,2481.65,246.87,235487232,178094080,169989048,162.11,9811873
1765902884092,2481.75,246.93,235503616,178094080,169991088,162.12,9811873
1765902884191,2485.05,249.09,235814912,178094080,170287184,162.40,9813222
1765902884292,2485.15,249.13,235814912,178094080,170289224,162.40,9813222
1765902884393,2485.26,249.18,235814912,178094080,170291240,162.40,9813222
1765902884495,2488.01,250.85,236093440,178094080,170587728,162.69,9814571
1765902884595,2488.15,250.92,236093440,178094080,170589768,162.69,9814571
1765902884696,2500.17,253.28,236404736,178356224,171146528,163.22,9824112
1765902884797,2500.26,253.32,236404736,178356224,171148568,163.22,9824112
1765902884899,2500.43,253.37,236404736,178356224,171150584,163.22,9824112
1765902884999,2506.66,255.60,236830720,179142656,169889960,162.02,9825458
1765902885101,2506.75,255.64,236830720,179142656,169892000,162.02,9825458
1765902885200,2510.29,257.42,236830720,179142656,170182720,162.30,9810423
1765902885301,2510.40,257.46,236830720,179142656,170184760,162.30,9810423
1765902885402,2510.51,257.51,236830720,179142656,170186776,162.30,9810423
1765902885504,2513.88,259.56,236830720,179142656,170481872,162.58,9811772
1765902885605,2513.99,259.61,236830720,179142656,170483912,162.59,9811772
1765902885706,2516.83,261.33,236847104,179142656,170774848,162.86,9821313
1765902885806,2516.92,261.36,236847104,179142656,170776888,162.87,9821313
1765902885907,2517.04,261.43,236847104,179142656,170778904,162.87,9821313
1765902886008,2526.87,263.81,236847104,179142656,171069936,163.15,9822662
1765902886108,2527.00,263.86,236847104,179142656,171071976,163.15,9822662
1765902886209,2537.36,265.94,236896256,179142656,171366832,163.43,9824011
1765902886310,2537.46,265.99,236896256,179142656,171368872,163.43,9824011
1765902886410,2537.57,266.03,236896256,179142656,171370888,163.43,9824011
1765902886512,2543.50,267.95,237125632,179142656,170112464,162.23,9825359
1765902886613,2543.61,268.01,237125632,179142656,170114504,162.23,9825359
1765902886713,2546.47,270.17,237142016,179142656,170400472,162.51,9826708
1765902886814,2546.59,270.22,237142016,179142656,170402512,162.51,9826708
1765902886915,2546.70,270.27,237142016,179142656,170404528,162.51,9826708
1765902887016,2549.77,272.40,237142016,179142656,170690208,162.78,9828057
1765902887117,2549.89,272.48,237142016,179142656,170692248,162.78,9828057
1765902887217,2554.46,274.32,237158400,179142656,170978448,163.06,9829406
1765902887318,2554.58,274.37,237158400,179142656,170980488,163.06,9829406
1765902887419,2554.68,274.42,237158400,179142656,170982528,163.06,9829406
1765902887520,2567.93,276.45,237174784,179404800,171484824,163.54,9830754
1765902887621,2568.03,276.50,237174784,179404800,171486864,163.54,9830754
1765902887722,2570.65,277.97,237174784,179404800,171771984,163.81,9840294
1765902887823,2570.76,278.02,237174784,179404800,171774024,163.82,9840294
1765902887925,2570.87,278.09,237174784,179404800,171776040,163.82,9840294
1765902888025,2575.83,280.04,237404160,179404800,170541400,162.64,9841643
1765902888126,2575.95,280.09,237404160,179404800,170543440,162.64,9841643
1765902888227,2578.78,282.02,237420544,179404800,170828424,162.91,9826608
1765902888328,2578.89,282.08,237420544,179404800,170830464,162.92,9826608
1765902888430,2579.08,282.14,237420544,179404800,170832480,162.92,9826608
1765902888530,2583.32,284.28,237420544,179404800,171118056,163.19,9827957
1765902888631,2583.45,284.33,237420544,179404800,171120096,163.19,9827957
1765902888731,2586.43,286.26,237420544,179404800,171405336,163.46,9837498
1765902888832,2586.56,286.31,237420544,179404800,171407376,163.47,9837498
1765902888936,2588.57,287.43,237436928,179404800,171550992,163.60,9838176
1765902889037,2592.00,288.58,237436928,179404800,171694808,163.74,9838850
1765902889138,2592.10,288.63,237436928,179404800,171696848,163.74,9838850
1765902889240,2595.70,290.63,237436928,179404800,171980248,164.01,9840201
1765902889340,2595.78,290.69,237453312,179404800,171982288,164.02,9840201
1765902889440,2600.03,292.58,237682688,179929088,170714872,162.81,9841550
1765902889541,2603.24,292.65,237682688,179929088,170721560,162.81,9841550
1765902889642,2603.34,292.70,237682688,179929088,170723576,162.81,9841550
1765902889743,2606.64,294.64,237682688,179929088,171004616,163.08,9842900
1765902889844,2606.78,294.70,237682688,179929088,171006656,163.08,9842900
1765902889945,2610.69,296.54,237699072,179929088,171287976,163.35,9844249
1765902890046,2610.78,296.58,237699072,179929088,171290016,163.35,9844249
1765902890147,2610.90,296.66,237699072,179929088,171292032,163.36,9844249
1765902890248,2613.43,298.27,237699072,179929088,171572864,163.62,9845598
1765902890349,2613.50,298.30,237699072,179929088,171574904,163.63,9845598
1765902890451,2619.41,300.08,237699072,179929088,171855904,163.89,9846948
1765902890552,2619.47,300.10,237699072,179929088,171857944,163.90,9846948
1765902890653,2619.56,300.14,237699072,179929088,171859960,163.90,9846948
1765902890753,2624.28,302.10,237715456,179929088,172141104,164.17,9856489
1765902890854,2624.37,302.14,237715456,179929088,172143144,164.17,9856489
1765902890955,2627.20,303.96,237715456,179929088,172423952,164.44,9857840
1765902891056,2627.29,304.00,237715456,179929088,172425992,164.44,9857840
1765902891158,2627.38,304.05,237715456,179929088,172428008,164.44,9857840
1765902891258,2631.27,305.98,238223360,184385536,171212392,163.28,9842806
1765902891360,2631.40,306.03,238223360,184385536,171214432,163.28,9842806
1765902891460,2634.33,307.81,238223360,184385536,171495288,163.55,9844155
1765902891561,2634.46,307.86,238223360,184385536,171497328,163.55,9844155
1765902891663,2634.58,307.92,238223360,184385536,171499344,163.55,9844155
1765902891763,2636.91,309.42,238223360,184385536,171780456,163.82,9853696
1765902891864,2637.03,309.46,238223360,184385536,171782496,163.82,9853696
1765902891966,2642.34,311.39,238256128,184385536,172063432,164.09,9855044
1765902892067,2642.45,311.44,238256128,184385536,172065472,164.09,9855044
1765902892167,2642.55,311.50,238256128,184385536,172067488,164.10,9855044
1765902892268,2645.54,313.27,238256128,184385536,172348416,164.36,9856393
1765902892369,2645.66,313.32,238256128,184385536,172350456,164.37,9856393
1765902892470,2649.31,315.13,238256128,184385536,172631304,164.63,9857742
1765902892571,2649.44,315.19,238256128,184385536,172633344,164.64,9857742
1765902892672,2649.55,315.26,238256128,184385536,172635360,164.64,9857742
1765902892773,2652.18,317.11,238518272,184385536,172916464,164.91,9867283
1765902892874,2652.34,317.17,238518272,184385536,172918504,164.91,9867283
1765902892976,2655.00,319.25,238780416,184385536,173199312,165.18,9868632
1765902893077,2655.11,319.29,238780416,184385536,173201352,165.18,9868632
1765902893178,2655.22,319.35,238796800,184385536,173203368,165.18,9868632
1765902893279,2658.24,321.13,239058944,184385536,173484192,165.45,9869981
1765902893380,2658.36,321.18,239058944,184385536,173486232,165.45,9869981
1765902893481,2660.91,323.11,239337472,184385536,173767104,165.72,9871330
1765902893582,2661.00,323.15,239353856,184385536,173769144,165.72,9871330
1765902893684,2662.59,324.19,239484928,184385536,173910656,165.85,9872008
1765902893785,2663.75,325.20,239632384,184385536,174052176,165.99,9880871
1765902893886,2663.89,325.26,239632384,184385536,174054216,165.99,9880871
1765902893987,2671.32,327.97,240009216,184909824,171492680,163.55,9857644
1765902894088,2671.44,328.02,240009216,184909824,171494720,163.55,9857644
1765902894190,2675.32,330.28,240009216,184909824,171921232,163.96,9858993
1765902894291,2675.40,330.32,240009216,184909824,171923272,163.96,9858993
1765902894392,2675.54,330.37,240009216,184909824,171925288,163.96,9858993
1765902894493,2689.39,332.30,240025600,184909824,172206520,164.23,9860341
1765902894595,2689.49,332.36,240041984,184909824,172208560,164.23,9860341
1765902894695,2692.64,334.14,240041984,184909824,172488792,164.50,9869882
1765902894795,2692.76,334.18,240041984,184909824,172490832,164.50,9869882
1765902894896,2692.93,334.24,240041984,184909824,172492848,164.50,9869882
1765902894997,2696.09,336.29,240123904,184909824,172772920,164.77,9871231
1765902895098,2696.22,336.34,240123904,184909824,172774960,164.77,9871231
1765902895199,2699.27,338.24,240156672,184909824,173054928,165.04,9872580
1765902895300,2699.37,338.28,240156672,184909824,173056968,165.04,9872580
1765902895401,2699.49,338.34,240173056,184909824,173058984,165.04,9872580
1765902895502,2712.25,340.47,240467968,184909824,173373576,165.34,9873929
1765902895604,2712.38,340.53,240467968,184909824,173375616,165.34,9873929
1765902895704,2714.93,342.42,240730112,184909824,173643296,165.60,9883470
1765902895805,2715.05,342.45,240730112,184909824,173645336,165.60,9883470
1765902895906,2715.17,342.52,240730112,184909824,173647352,165.60,9883470
1765902896007,2718.10,344.63,240992256,184909824,173915176,165.86,9884818
1765902896108,2718.23,344.69,240992256,184909824,173917216,165.86,9884818
1765902896210,2721.45,346.42,241238016,184909824,174381704,166.30,9886167
1765902896311,2721.56,346.49,241238016,184909824,174383744,166.31,9886167
1765902896411,2721.69,346.56,241254400,184909824,174385760,166.31,9886167
1765902896513,2724.41,348.44,241500160,184909824,174653216,166.56,9887516
1765902896614,2724.54,348.53,241500160,184909824,174655256,166.56,9887516
1765902896716,2727.56,350.33,241762304,184909824,174922920,166.82,9897056
1765902896817,2727.70,350.39,241762304,184909824,174924960,166.82,9897056
1765902896918,2727.84,350.46,241762304,184909824,174926976,166.82,9897056
1765902897018,2730.93,352.50,242057216,184909824,175194440,167.08,9898405
1765902897120,2731.06,352.56,242057216,184909824,175196480,167.08,9898405
1765902897220,2737.90,355.09,242614272,185958400,172386968,164.40,9875178
1765902897321,2738.04,355.18,242614272,185958400,172389008,164.40,9875178
1765902897422,2738.16,355.24,242614272,185958400,172391024,164.40,9875178
1765902897523,2740.76,357.18,242630656,185958400,172658520,164.66,9876527
1765902897625,2740.90,357.25,242630656,185958400,172660560,164.66,9876527
1765902897725,2745.41,359.21,242630656,185958400,172928584,164.92,9886068
1765902897826,2745.56,359.27,242630656,185958400,172930624,164.92,9886068
1765902897928,2745.70,359.35,242630656,185958400,172932640,164.92,9886068
1765902898029,2748.42,360.99,242630656,185958400,173199528,165.18,9887417
1765902898130,2748.57,361.07,242630656,185958400,173201568,165.18,9887417
1765902898231,2751.85,362.99,242647040,185958400,173468392,165.43,9888766
1765902898332,2752.00,363.04,242647040,185958400,173470432,165.43,9888766
1765902898435,2753.62,363.88,242647040,185958400,173604920,165.56,9889444
1765902898536,2754.35,364.53,242663424,185958400,173739176,165.69,9890115
1765902898637,2754.46,364.58,242663424,185958400,173741216,165.69,9890115
1765902898738,2760.08,366.79,242663424,185958400,174008400,165.95,9899657
1765902898839,2760.21,366.84,242663424,185958400,174010440,165.95,9899657
1765902898940,2763.77,368.47,242663424,185958400,174277448,166.20,9901008
1765902899041,2763.86,368.52,242663424,185958400,174279488,166.21,9901008
1765902899142,2763.98,368.60,242679808,185958400,174281504,166.21,9901008
1765902899243,2788.47,370.37,242696192,185958400,174548976,166.46,9902359
1765902899344,2788.59,370.42,242696192,185958400,174551016,166.46,9902359
1765902899445,2797.48,372.61,242696192,185958400,174817216,166.72,9903710
1765902899546,2807.80,372.70,242712576,185958400,174820744,166.72,9903710
1765902899648,2807.92,372.75,242712576,185958400,174822760,166.72,9903710
1765902899748,2811.86,374.42,242712576,185958400,175099096,166.99,9913253
1765902899849,2812.00,374.47,242728960,185958400,175101136,166.99,9913253
1765902899950,2814.92,376.40,242876416,185958400,175367768,167.24,9914603
1765902900050,2815.04,376.44,242876416,185958400,175369808,167.25,9914603
1765902900151,2815.18,376.51,242876416,185958400,175371824,167.25,9914603
1765902900252,2817.67,378.38,243154944,185958400,175638440,167.50,9915954
1765902900353,2817.77,378.41,243154944,185958400,175640480,167.50,9915954
1765902900454,2822.95,380.54,243712000,185958400,172835184,164.83,9892729
1765902900556,2823.06,380.57,243712000,185958400,172837224,164.83,9892729
1765902900657,2823.18,380.63,243712000,185958400,172839240,164.83,9892729
1765902900757,2826.20,382.64,243728384,185958400,173106104,165.09,9902271
1765902900859,2826.32,382.70,243728384,185958400,173108144,165.09,9902271
1765902900960,2831.12,384.67,243728384,185958400,173375696,165.34,9903622
1765902901061,2831.23,384.71,243728384,185958400,173377736,165.35,9903622
1765902901162,2831.36,384.77,243728384,185958400,173379752,165.35,9903622
1765902901263,2834.13,386.65,243728384,185958400,173646352,165.60,9904972
1765902901364,2834.23,386.70,243728384,185958400,173648408,165.60,9904972
1765902901465,2836.75,388.40,243744768,185958400,173915040,165.86,9906323
1765902901566,2836.85,388.44,243744768,185958400,173917080,165.86,9906323
1765902901667,2836.98,388.50,243744768,185958400,173919096,165.86,9906323
1765902901768,2839.93,390.52,243744768,185958400,174185952,166.12,9915866
1765902901869,2840.08,390.57,243744768,185958400,174187992,166.12,9915866
1765902901970,2846.60,392.62,243761152,185958400,174455400,166.37,9917217
1765902902071,2846.72,392.68,243761152,185958400,174457440,166.38,9917217
1765902902173,2846.84,392.72,243761152,185958400,174459456,166.38,9917217
1765902902273,2849.71,394.74,243761152,185958400,174725688,166.63,9918568
1765902902374,2849.84,394.83,243761152,185958400,174727728,166.63,9918568
1765902902476,2854.23,396.85,243777536,185958400,174994808,166.89,9919918
1765902902576,2854.35,396.90,243777536,185958400,174996848,166.89,9919918
1765902902677,2854.48,396.96,243777536,185958400,174998864,166.89,9919918
1765902902778,2858.57,399.02,243777536,185958400,175278968,167.16,9929461
1765902902879,2858.74,399.09,243777536,185958400,175281008,167.16,9929461
1765902902981,2861.60,400.83,243777536,185958400,175547304,167.41,9930812
1765902903082,2861.76,400.89,243777536,185958400,175549344,167.42,9930812
1765902903185,2865.06,401.75,243777536,185958400,175795936,167.65,9931491
1765902903285,2866.71,402.59,243777536,185958400,175930184,167.78,9932163
1765902903386,2866.82,402.63,243777536,185958400,175932224,167.78,9932163
1765902903488,2871.13,404.67,244301824,186482688,173307056,165.28,9933514
1765902903588,2871.28,404.72,244301824,186482688,173309096,165.28,9933514
1765902903689,2874.11,406.34,244318208,186482688,173575472,165.53,9918480
1765902903791,2874.23,406.39,244318208,186482688,173577512,165.54,9918480
1765902903892,2874.34,406.45,244318208,186482688,173579528,165.54,9918480
1765902903993,2879.17,408.40,244318208,186482688,173846008,165.79,9919831
1765902904094,2879.31,408.45,244318208,186482688,173848048,165.79,9919831
1765902904194,2882.36,410.24,244318208,186482688,174114296,166.05,9921182
1765902904296,2882.46,410.28,244318208,186482688,174116336,166.05,9921182
1765902904397,2882.73,410.35,244318208,186482688,174118352,166.05,9921182
1765902904498,2886.04,412.60,244334592,186482688,174384600,166.31,9922533
1765902904600,2886.19,412.66,244334592,186482688,174386640,166.31,9922533
1765902904701,2889.60,414.14,244334592,186482688,174653112,166.56,9932077
1765902904801,2889.72,414.18,244334592,186482688,174655152,166.56,9932077
1765902904902,2889.87,414.24,244334592,186482688,174657168,166.57,9932077
1765902905004,2894.56,416.28,244350976,186482688,174924128,166.82,9933429
1765902905105,2894.74,416.36,244367360,186482688,174926168,166.82,9933429
1765902905206,2904.49,418.34,244367360,186482688,175196328,167.08,9934783
1765902905308,2904.63,418.39,244367360,186482688,175198368,167.08,9934783
1765902905409,2904.74,418.44,244367360,186482688,175200384,167.08,9934783
1765902905510,2909.67,420.19,244383744,186482688,175464824,167.34,9936134
1765902905611,2909.78,420.24,244383744,186482688,175466864,167.34,9936134
1765902905712,2912.57,422.06,244383744,186482688,175730664,167.59,9945677
1765902905813,2912.72,422.12,244383744,186482688,175732704,167.59,9945677
1765902905914,2912.89,422.19,244383744,186482688,175734720,167.59,9945677
1765902906015,2920.47,424.18,244400128,186482688,175998920,167.85,9947028
1765902906116,2920.61,424.23,244400128,186482688,176000960,167.85,9947028
1765902906217,2922.95,425.85,244400128,186482688,176264504,168.10,9948379
1765902906318,2923.05,425.89,244400128,186482688,176266544,168.10,9948379
1765902906420,2923.16,425.93,244400128,186482688,176268560,168.10,9948379
1765902906521,2925.58,427.61,244416512,186482688,176532144,168.35,9949731
1765902906622,2925.71,427.66,244416512,186482688,176534184,168.36,9949731
1765902906722,2929.93,429.57,244416512,186482688,176797944,168.61,9959274
1765902906823,2930.10,429.63,244416512,186482688,176799984,168.61,9959274
1765902906924,2930.27,429.69,244416512,186482688,176802000,168.61,9959274
1765902907025,2935.95,431.91,244842496,187006976,174044504,165.98,9927858
1765902907126,2936.10,431.97,244842496,187006976,174046544,165.98,9927858
1765902907227,2945.77,434.11,244842496,187006976,174357872,166.28,9929209
1765902907329,2945.90,434.17,244842496,187006976,174359912,166.28,9929209
1765902907430,2946.05,434.25,244842496,187006976,174361928,166.28,9929209
1765902907531,2948.92,436.07,244858880,187006976,174624912,166.54,9930559
1765902907632,2949.06,436.13,244858880,187006976,174626952,166.54,9930559
1765902907733,2954.11,438.31,244875264,187006976,174890392,166.79,9940102
1765902907835,2954.28,438.38,244875264,187006976,174892432,166.79,9940102
1765902907935,2957.40,439.58,244875264,187006976,175024984,166.92,9940781
1765902908037,2961.35,440.83,244891648,187006976,175157904,167.04,9941453
1765902908137,2961.52,440.91,244891648,187006976,175159944,167.05,9941453
1765902908239,2965.11,442.64,244891648,187006976,175422976,167.30,9942804
1765902908340,2965.25,442.72,244891648,187006976,175425016,167.30,9942804
1765902908441,2967.91,444.69,244891648,187006976,175687848,167.55,9944155
1765902908541,2968.06,444.75,244891648,187006976,175689888,167.55,9944155
1765902908641,2968.22,444.81,244891648,187006976,175691904,167.55,9944155
1765902908743,2971.30,446.54,244891648,187006976,176200880,168.04,9953699
1765902908844,2971.46,446.62,244891648,187006976,176202920,168.04,9953699
1765902908945,2973.88,448.33,244891648,187006976,176465880,168.29,9955050
1765902909046,2973.99,448.37,244891648,187006976,176467920,168.29,9955050
1765902909147,2974.13,448.44,244891648,187006976,176469936,168.29,9955050
1765902909248,2976.80,450.20,244891648,187006976,176732824,168.55,9956401
1765902909349,2976.89,450.24,244891648,187006976,176734864,168.55,9956401
1765902909450,2979.22,452.10,244908032,187006976,176997760,168.80,9957752
1765902909551,2979.29,452.13,244908032,187006976,176999800,168.80,9957752
1765902909652,2979.41,452.18,244908032,187006976,177001816,168.80,9957752
1765902909754,2982.01,453.97,244908032,187006976,177264952,169.05,9967295
1765902909855,2982.17,454.05,244908032,187006976,177266992,169.05,9967295
1765902909957,2992.75,456.09,244924416,187006976,177530880,169.31,9968645
1765902910058,2992.85,456.14,244924416,187006976,177532920,169.31,9968645
1765902910159,2992.95,456.19,244924416,187006976,177534936,169.31,9968645
1765902910260,3000.06,459.04,245972992,196444160,174757240,166.66,9945421
1765902910361,3000.19,459.10,245989376,196444160,174759280,166.66,9945421
1765902910462,3002.81,460.81,245989376,196444160,175020448,166.91,9946772
1765902910563,3002.96,460.87,245989376,196444160,175022488,166.91,9946772
1765902910664,3003.11,460.94,245989376,196444160,175024504,166.92,9946772
1765902910764,3005.72,462.89,246005760,196444160,175285632,167.17,9956316
1765902910866,3005.88,462.96,246005760,196444160,175287672,167.17,9956316
1765902910966,3008.70,464.74,246005760,196444160,175548536,167.42,9957667
1765902911067,3008.84,464.79,246005760,196444160,175550576,167.42,9957667
1765902911168,3008.98,464.86,246005760,196444160,175552592,167.42,9957667
1765902911270,3011.64,466.72,246005760,196444160,175813536,167.67,9959019
1765902911371,3011.79,466.79,246005760,196444160,175815576,167.67,9959019
1765902911472,3015.44,468.81,246022144,196444160,176077080,167.92,9960370
1765902911573,3015.56,468.85,246022144,196444160,176079120,167.92,9960370
1765902911674,3015.73,468.93,246022144,196444160,176081136,167.92,9960370
1765902911775,3020.71,470.67,246022144,196444160,176342312,168.17,9969913
1765902911876,3020.85,470.72,246022144,196444160,176344352,168.18,9969913
1765902911977,3023.66,472.21,246038528,196444160,176604592,168.42,9971264
1765902912078,3023.77,472.26,246038528,196444160,176606632,168.43,9971264
1765902912180,3023.86,472.32,246038528,196444160,176608648,168.43,9971264
1765902912280,3026.34,474.24,246038528,196444160,176868896,168.68,9972616
1765902912382,3026.52,474.30,246038528,196444160,176870936,168.68,9972616
1765902912481,3029.40,476.25,246038528,196444160,177146024,168.94,9973968
1765902912582,3029.59,476.30,246038528,196444160,177148064,168.94,9973968
1765902912684,3031.24,477.37,246038528,196444160,177279288,169.07,9974647
1765902912786,3032.58,478.44,246038528,196444160,177410488,169.19,9983511
1765902912886,3032.69,478.50,246038528,196444160,177412528,169.19,9983511
1765902912987,3038.01,480.63,246071296,196444160,177673096,169.44,9984863
1765902913088,3038.13,480.69,246071296,196444160,177675136,169.44,9984863
1765902913191,3040.79,482.46,246071296,196444160,177935136,169.69,9986214
1765902913292,3040.87,482.50,246071296,196444160,177937176,169.69,9986214
1765902913393,3040.98,482.56,246071296,196444160,177939192,169.70,9986214
1765902913495,3043.42,484.50,246218752,196444160,178199248,169.94,9987567
1765902913596,3044.09,484.68,246235136,196444160,178219968,169.96,9987571
1765902913697,3046.33,486.58,246480896,196444160,178480272,170.21,9997114
1765902913798,3046.42,486.63,246480896,196444160,178482312,170.21,9997114
1765902913900,3046.51,486.68,246480896,196444160,178484328,170.22,9997114
1765902914001,3049.31,488.67,246743040,196444160,178744448,170.46,9998466
1765902914101,3049.40,488.72,246743040,196444160,178746488,170.47,9998466
1765902914203,3052.28,491.06,247005184,196444160,179006544,170.71,9999818
1765902914304,3052.38,491.10,247005184,196444160,179008584,170.72,9999818
1765902914405,3052.45,491.15,247005184,196444160,179010600,170.72,9999818
1765902914506,3054.66,492.90,247250944,196444160,179270656,170.97,10001170
1765902914607,3054.76,492.96,247250944,196444160,179272696,170.97,10001170
1765902914709,3056.89,494.94,247513088,196444160,179533024,171.22,10010714
1765902914809,3057.00,494.99,247513088,196444160,179535064,171.22,10010714
1765902914910,3057.12,495.06,247513088,196444160,179537080,171.22,10010714
1765902915011,3063.11,497.09,247775232,196444160,179798544,171.47,10012065
1765902915112,3063.19,497.15,247775232,196444160,179800584,171.47,10012065
1765902915214,3084.12,499.37,248053760,196444160,180065240,171.72,10013416
1765902915314,3084.22,499.41,248053760,196444160,180067280,171.73,10013416
1765902915415,3084.36,499.46,248053760,196444160,180069296,171.73,10013416
1765902915517,3109.95,501.97,248610816,196444160,180328816,171.97,10014768
1765902915618,3110.07,502.03,248627200,196444160,180330856,171.98,10014768
1765902915719,3112.77,504.20,248889344,196444160,180586144,172.22,10024312
1765902915820,3112.91,504.25,248889344,196444160,180588184,172.22,10024312
1765902915921,3113.00,504.30,248889344,196444160,180590200,172.22,10024312
1765902916021,3115.61,506.22,249135104,196444160,180845656,172.47,10025664
1765902916122,3115.73,506.27,249135104,196444160,180847696,172.47,10025664
1765902916223,3118.56,508.65,249544704,196444160,181319184,172.92,10027016
1765902916325,3118.68,508.72,249544704,196444160,181321224,172.92,10027016
1765902916426,3118.76,508.78,249544704,196444160,181323240,172.92,10027016
1765902916527,3121.09,509.74,250150912,197230592,175886672,167.74,9979212
1765902916628,3121.16,509.77,250150912,197230592,175888712,167.74,9979212
1765902916730,3122.64,510.73,250167296,197230592,176144016,167.98,9988756
1765902916831,3122.76,510.77,250167296,197230592,176146056,167.99,9988756
1765902916931,3122.89,510.81,250167296,197230592,176148072,167.99,9988756
1765902917033,3126.12,512.52,250167296,197230592,176403160,168.23,9990108
1765902917134,3126.27,512.59,250167296,197230592,176405200,168.23,9990108
1765902917234,3130.78,514.88,250167296,197230592,176661336,168.48,9991459
1765902917335,3130.91,514.93,250167296,197230592,176663376,168.48,9991459
1765902917435,3132.75,516.13,250183680,197230592,176792040,168.60,9992138
1765902917537,3133.76,516.96,250183680,197230592,176920408,168.72,9992811
1765902917637,3133.87,517.02,250183680,197230592,176922448,168.73,9992811
1765902917739,3137.72,518.95,250183680,197230592,177178016,168.97,10002355
1765902917840,3139.45,519.02,250183680,197230592,177181280,168.97,10002355
1765902917941,3142.35,521.05,250200064,197230592,177436248,169.22,10003707
1765902918042,3142.44,521.10,250200064,197230592,177438288,169.22,10003707
1765902918143,3142.52,521.15,250200064,197230592,177440304,169.22,10003707
1765902918244,3147.68,523.39,250216448,197230592,177695776,169.46,10005059
1765902918346,3147.80,523.45,250216448,197230592,177697816,169.47,10005059
1765902918446,3152.78,525.08,250216448,197230592,177952800,169.71,10006411
1765902918546,3152.89,525.13,250216448,197230592,177954840,169.71,10006411
1765902918647,3153.04,525.20,250216448,197230592,177956856,169.71,10006411
1765902918749,3156.14,527.06,250232832,197230592,178210648,169.95,10015955
1765902918850,3156.24,527.11,250232832,197230592,178212688,169.96,10015955
1765902918951,3158.56,528.83,250232832,197230592,178466280,170.20,10017307
1765902919051,3158.66,528.87,250232832,197230592,178468320,170.20,10017307
1765902919152,3158.75,528.92,250232832,197230592,178470336,170.20,10017307
1765902919253,3164.35,530.87,250249216,197230592,178724912,170.45,10018659
1765902919355,3164.46,530.93,250249216,197230592,178726952,170.45,10018659
1765902919455,3167.04,532.74,250462208,197230592,178980120,170.69,10020011
1765902919556,3167.12,532.79,250462208,197230592,178982160,170.69,10020011
1765902919657,3167.21,532.84,250462208,197230592,178984176,170.69,10020011
1765902919759,3169.67,534.76,250707968,197230592,179237592,170.93,10029555
1765902919859,3169.76,534.81,250707968,197230592,179239632,170.94,10029555
1765902919960,3173.65,536.71,250953728,197230592,179616320,171.30,10030907
1765902920062,3173.74,536.76,250953728,197230592,179618360,171.30,10030907
1765902920162,3173.82,536.81,250953728,197230592,179620376,171.30,10030907
1765902920263,3176.12,538.63,251199488,197230592,179873560,171.54,10032259
1765902920365,3176.30,538.68,251199488,197230592,179875600,171.54,10032259
1765902920466,3178.61,540.54,251461632,197230592,180128792,171.78,10033611
1765902920567,3178.73,540.61,251461632,197230592,180130832,171.79,10033611
1765902920668,3178.82,540.66,251461632,197230592,180132848,171.79,10033611
1765902920769,3181.29,542.64,251707392,197230592,180386376,172.03,10043154
1765902920870,3181.41,542.70,251723776,197230592,180388416,172.03,10043154
1765902920972,3185.71,544.29,251953152,197230592,180641632,172.27,10044505
1765902921073,3185.82,544.34,251969536,197230592,180643672,172.28,10044505
1765902921173,3185.92,544.40,251969536,197230592,180645688,172.28,10044505
1765902921274,3187.93,546.05,252215296,197230592,180898848,172.52,10045856
1765902921375,3188.01,546.12,252231680,197230592,180900888,172.52,10045856
1765902921477,3194.89,548.20,252461056,197230592,181154664,172.76,10047208
1765902921577,3195.01,548.26,252461056,197230592,181156704,172.76,10047208
1765902921678,3195.10,548.32,252477440,197230592,181158720,172.77,10047208
1765902921779,3197.77,550.50,252723200,197230592,181412176,173.01,10056752
1765902921880,3197.97,550.61,252723200,197230592,181414216,173.01,10056752
1765902921981,3205.97,552.79,252968960,197230592,181666920,173.25,10058104
1765902922082,3206.09,552.85,252968960,197230592,181668960,173.25,10058104
1765902922185,3207.60,554.06,253100032,197230592,181795400,173.37,10058783
1765902922286,3208.48,554.88,253231104,197230592,181921584,173.49,10059455
1765902922388,3208.58,554.93,253231104,197230592,181923624,173.50,10059455
1765902922488,3211.20,556.99,253476864,197230592,182174416,173.74,10060807
1765902922589,3211.33,557.04,253476864,197230592,182176456,173.74,10060807
1765902922690,3213.60,558.82,253706240,197230592,182427360,173.98,10070350
1765902922789,3213.78,558.91,253706240,197230592,182429400,173.98,10070350
1765902922891,3214.00,559.01,253722624,197230592,182431416,173.98,10070350
1765902922991,3364.29,567.14,254607360,197230592,167924168,160.14,10014358
1765902923092,3364.40,567.19,254607360,197230592,167926256,160.15,10014358
1765902923193,3367.07,568.93,254607360,197230592,168179104,160.39,9707437
1765902923294,3367.16,568.99,254607360,197230592,168181144,160.39,9707437
1765902923395,3367.34,569.06,254607360,197230592,168183160,160.39,9707437
1765902923496,3371.13,571.18,254607360,197230592,168435760,160.63,9708789
1765902923597,3371.25,571.23,254607360,197230592,168437800,160.63,9708789
1765902923699,3373.53,573.00,254607360,197230592,168690752,160.88,9718333
1765902923800,3373.70,573.05,254607360,197230592,168692792,160.88,9718333
1765902923900,3373.87,573.16,254607360,197230592,168694808,160.88,9718333
1765902924002,3376.19,575.18,254607360,197230592,168947456,161.12,9719685
1765902924103,3376.31,575.24,254607360,197230592,168949496,161.12,9719685
1765902924204,3380.69,577.05,254607360,197230592,169202832,161.36,9721036
1765902924305,3380.78,577.10,254607360,197230592,169204872,161.37,9721036
1765902924405,3380.87,577.15,254607360,197230592,169206888,161.37,9721036
1765902924506,3383.33,579.20,254607360,197230592,169459616,161.61,9722388
1765902924607,3383.45,579.25,254607360,197230592,169461656,161.61,9722388
1765902924708,3385.98,581.24,254607360,197230592,169714544,161.85,9731932
1765902924810,3386.07,581.28,254607360,197230592,169716584,161.85,9731932
1765902924911,3386.20,581.35,254607360,197230592,169718600,161.86,9731932
1765902925012,3388.31,582.60,254607360,197230592,169971304,162.10,9733283
1765902925113,3388.42,582.66,254607360,197230592,169973344,162.10,9733283
1765902925215,3391.12,584.44,254607360,197230592,170225696,162.34,9734633
1765902925315,3391.22,584.48,254607360,197230592,170227736,162.34,9734633
1765902925416,3391.38,584.55,254607360,197230592,170229752,162.34,9734633
1765902925517,3393.30,586.04,254607360,197230592,170481776,162.58,9735984
1765902925618,3393.43,586.09,254607360,197230592,170483816,162.59,9735984
1765902925719,3396.50,588.14,254607360,197230592,170736048,162.83,9745528
1765902925820,3396.62,588.20,254607360,197230592,170738088,162.83,9745528
1765902925921,3396.72,588.25,254607360,197230592,170740104,162.83,9745528
1765902926022,3399.18,590.16,254607360,197230592,170992128,163.07,9746880
1765902926124,3399.36,590.32,254607360,197230592,170994168,163.07,9746880
1765902926223,3403.01,592.16,254607360,197230592,171252728,163.32,9748230
1765902926324,3403.16,592.24,254607360,197230592,171254768,163.32,9748230
1765902926425,3403.28,592.32,254607360,197230592,171256784,163.32,9748230
1765902926527,3405.61,594.29,254607360,197230592,171508640,163.56,9749581
1765902926628,3405.73,594.35,254607360,197230592,171510680,163.57,9749581
1765902926728,3408.27,596.03,254607360,197230592,171762744,163.81,9759123
1765902926829,3408.45,596.09,254607360,197230592,171764784,163.81,9759123
1765902926930,3408.65,596.21,254607360,197230592,171766800,163.81,9759123
1765902927031,3410.78,597.82,254607360,197230592,172019200,164.05,9760475
1765902927133,3410.98,597.94,254607360,197230592,172021240,164.05,9760475
1765902927233,3414.63,599.93,254607360,197230592,172273080,164.29,9761827
1765902927335,3414.80,600.00,254607360,197230592,172275120,164.29,9761827
1765902927435,3416.63,601.21,254607360,197230592,172402144,164.42,9762506
1765902927537,3418.71,602.05,254607360,197230592,172528920,164.54,9763178
1765902927638,3418.89,602.12,254607360,197230592,172530960,164.54,9763178
1765902927738,3421.34,604.04,254607360,197230592,172783032,164.78,9772721
1765902927839,3421.46,604.10,254607360,197230592,172785072,164.78,9772721
1765902927940,3424.35,606.02,254607360,197230592,173036840,165.02,9774071
1765902928041,3424.44,606.07,254607360,197230592,173038880,165.02,9774071
1765902928142,3424.52,606.12,254607360,197230592,173040896,165.02,9774071
1765902928244,3429.58,608.21,254607360,197230592,173293216,165.27,9775423
1765902928344,3429.76,608.28,254607360,197230592,173295256,165.27,9775423
1765902928444,3432.44,610.26,254607360,197230592,173546816,165.51,9776775
1765902928545,3432.53,610.31,254607360,197230592,173548856,165.51,9776775
1765902928647,3432.70,610.37,254607360,197230592,173550872,165.51,9776775
1765902928747,3440.01,612.60,254607360,197230592,173803424,165.75,9786318
1765902928847,3440.12,612.66,254607360,197230592,173805464,165.75,9786318
1765902928949,3442.96,614.24,254607360,197230592,174056928,165.99,9787670
1765902929050,3443.04,614.28,254607360,197230592,174058968,166.00,9787670
1765902929151,3443.18,614.34,254607360,197230592,174060984,166.00,9787670
1765902929252,3446.35,616.46,254607360,197230592,174312496,166.24,9789021
1765902929354,3446.47,616.52,254607360,197230592,174314536,166.24,9789021
1765902929454,3449.34,618.39,254607360,197230592,174566088,166.48,9790373
1765902929555,3449.46,618.46,254607360,197230592,174568128,166.48,9790373
1765902929656,3449.57,618.50,254607360,197230592,174570144,166.48,9790373
1765902929758,3452.70,620.44,254607360,197230592,174821816,166.72,9799917
1765902929858,3452.84,620.51,254607360,197230592,174823856,166.73,9799917
1765902929959,3455.98,622.76,254607360,197230592,175075440,166.96,9801269
1765902930060,3456.09,622.82,254607360,197230592,175077480,166.97,9801269
1765902930162,3456.18,622.88,254607360,197230592,175079496,166.97,9801269
1765902930262,3459.32,625.07,254607360,197230592,175330944,167.21,9802621
1765902930364,3459.52,625.18,254607360,197230592,175332984,167.21,9802621
1765902930464,3465.20,627.11,254672896,197230592,175589080,167.45,9803972
1765902930566,3465.37,627.17,254672896,197230592,175591120,167.46,9803972
1765902930666,3465.63,627.29,254672896,197230592,175593136,167.46,9803972
1765902930767,3471.23,629.34,254803968,197230592,169049104,161.22,9764363
1765902930869,3471.34,629.39,254803968,197230592,169051144,161.22,9764363
1765902930969,3474.04,631.21,254803968,197230592,169301992,161.46,9765715
1765902931070,3474.17,631.27,254803968,197230592,169304032,161.46,9765715
1765902931172,3474.29,631.35,254803968,197230592,169306048,161.46,9765715
1765902931273,3476.82,633.40,254803968,197230592,169556992,161.70,9767067
1765902931373,3477.00,633.47,254803968,197230592,169559032,161.70,9767067
1765902931474,3480.46,635.35,254803968,197230592,169809992,161.94,9768419
1765902931576,3480.56,635.39,254803968,197230592,169812032,161.95,9768419
1765902931677,3480.65,635.45,254803968,197230592,169814048,161.95,9768419
1765902931777,3488.46,637.74,254803968,197230592,170066696,162.19,9777963
1765902931879,3488.62,637.80,254803968,197230592,170068736,162.19,9777963
1765902931980,3491.67,639.72,254803968,197230592,170319760,162.43,9779315
1765902932080,3491.85,639.78,254803968,197230592,170321800,162.43,9779315
1765902932181,3492.08,639.89,254803968,197230592,170323816,162.43,9779315
1765902932282,3494.83,641.83,254803968,197230592,170579408,162.68,9780667
1765902932383,3494.94,641.88,254803968,197230592,170581448,162.68,9780667
1765902932483,3497.25,643.65,254803968,197230592,170838456,162.92,9782019
1765902932585,3497.35,643.70,254803968,197230592,170840496,162.93,9782019
1765902932684,3498.67,644.65,254803968,197230592,170970224,163.05,9782698
1765902932785,3499.47,645.46,254803968,197230592,171098984,163.17,9791563
1765902932886,3499.57,645.50,254803968,197230592,171101024,163.17,9791563
1765902932987,3502.31,647.44,254803968,197230592,171356568,163.42,9792915
1765902933088,3502.42,647.50,254803968,197230592,171358608,163.42,9792915
1765902933188,3503.70,648.56,254803968,197230592,171487320,163.54,9793594
1765902933290,3504.81,649.42,254803968,197230592,171615808,163.67,9794267
1765902933390,3504.91,649.47,254803968,197230592,171617848,163.67,9794267
1765902933491,3509.83,651.63,254803968,197230592,171889248,163.93,9795618
1765902933593,3509.95,651.69,254803968,197230592,171891288,163.93,9795618
1765902933739,3614.77,658.76,286031872,226951168,198643008,189.44,9771721
1765902933839,3836.94,667.06,306266112,247300096,213715128,203.81,9780586
1765902933939,4001.95,673.06,307331072,247824384,216510240,206.48,9715631
1765902934040,4191.64,678.24,310214656,251232256,217748336,207.66,9718377
1765902934142,4191.73,678.28,310214656,251232256,217750376,207.66,9718377
1765902934242,4193.59,679.73,310214656,251232256,218015600,207.92,9719728
1765902934343,4193.66,679.77,310214656,251232256,218017640,207.92,9719728
1765902934444,4196.13,681.44,310214656,251232256,218534760,208.41,9721080
1765902934544,4196.24,681.47,310214656,251232256,218536800,208.41,9721080
1765902934644,4196.43,681.53,310214656,251232256,218538816,208.41,9721080
1765902934745,4204.68,683.53,310231040,251232256,218805912,208.67,9730624
1765902934846,4204.81,683.60,310231040,251232256,218807952,208.67,9730624
1765902934947,4207.49,685.42,310231040,251232256,219072976,208.92,9731974
1765902935048,4207.62,685.46,310231040,251232256,219075016,208.93,9731974
1765902935149,4207.83,685.54,310231040,251232256,219077032,208.93,9731974
1765902935250,4210.96,687.39,310247424,251232256,219342056,209.18,9733326
1765902935351,4211.07,687.43,310247424,251232256,219344096,209.18,9733326
1765902935452,4213.85,689.50,310247424,251232256,219609216,209.44,9734677
1765902935553,4213.96,689.54,310247424,251232256,219611256,209.44,9734677
1765902935654,4214.07,689.61,310247424,251232256,219613272,209.44,9734677
1765902935755,4216.53,691.15,310247424,251232256,219878520,209.69,9744219
1765902935856,4216.65,691.20,310247424,251232256,219880560,209.69,9744219
1765902935957,4219.47,693.07,310263808,251232256,220145600,209.95,9745571
1765902936058,4219.55,693.11,310263808,251232256,220147640,209.95,9745571
1765902936159,4219.61,693.14,310263808,251232256,220149656,209.95,9745571
1765902936260,4223.01,695.13,310263808,251232256,220414672,210.20,9746923
1765902936362,4223.12,695.18,310263808,251232256,220416712,210.21,9746923
1765902936462,4227.05,696.98,310280192,251232256,220682608,210.46,9748273
1765902936563,4227.15,697.01,310280192,251232256,220684648,210.46,9748273
1765902936664,4227.27,697.06,310280192,251232256,220686720,210.46,9748273
1765902936766,4232.93,699.03,310280192,251232256,220953392,210.72,9757817
1765902936866,4233.14,699.14,310280192,251232256,220955432,210.72,9757817
1765902936967,4235.55,700.96,310280192,251232256,221220520,210.97,9759168
1765902937068,4235.64,701.00,310280192,251232256,221222560,210.97,9759168
1765902937169,4235.75,701.05,310280192,251232256,221224576,210.98,9759168
1765902937270,4238.07,702.78,310296576,251232256,221489592,211.23,9760520
1765902937372,4238.20,702.85,310296576,251232256,221491632,211.23,9760520
1765902937472,4240.54,704.74,310296576,251232256,221756664,211.48,9761872
1765902937574,4240.64,704.78,310296576,251232256,221758704,211.49,9761872
1765902937675,4240.73,704.83,310296576,251232256,221760720,211.49,9761872
1765902937775,4245.45,706.64,310296576,251232256,222026888,211.74,9771416
1765902937876,4245.53,706.67,310296576,251232256,222028928,211.74,9771416
1765902937977,4248.35,708.55,310312960,251232256,222294064,212.00,9772768
1765902938078,4248.44,708.58,310312960,251232256,222296104,212.00,9772768
1765902938179,4248.51,708.62,310312960,251232256,222298120,212.00,9772768
1765902938280,4251.21,710.56,310312960,251232256,222563176,212.25,9774120
1765902938382,4251.36,710.61,310312960,251232256,222565216,212.25,9774120
1765902938482,4254.64,712.42,310312960,251232256,222830608,212.51,9775472
1765902938583,4254.76,712.49,310312960,251232256,222832648,212.51,9775472
1765902938685,4256.78,713.51,310329344,251232256,222966488,212.64,9784343
1765902938786,4260.66,714.58,310329344,251232256,223099928,212.76,9785015
1765902938887,4260.80,714.62,310329344,251232256,223101968,212.77,9785015
1765902938989,4263.64,716.48,310345728,251232256,223367000,213.02,9786366
1765902939090,4263.72,716.52,310345728,251232256,223369040,213.02,9786366
1765902939191,4268.17,718.66,310345728,251232256,223634096,213.27,9787717
1765902939292,4271.54,718.72,310345728,251232256,223636432,213.28,9787717
1765902939393,4271.63,718.77,310345728,251232256,223638448,213.28,9787717
1765902939494,4274.68,720.73,310362112,251232256,223903464,213.53,9789068
1765902939595,4274.78,720.77,310362112,251232256,223905504,213.53,9789068
1765902939695,4277.79,722.64,310362112,251232256,224170824,213.79,9798612
1765902939795,4277.86,722.67,310362112,251232256,224172864,213.79,9798612
1765902939896,4277.92,722.71,310362112,251232256,224174880,213.79,9798612
1765902939997,4283.86,724.90,310378496,251232256,224447792,214.05,9799963
1765902940098,4284.05,724.96,310378496,251232256,224449832,214.05,9799963
1765902940199,4287.25,726.62,310378496,251232256,224714968,214.30,9801315
1765902940300,4287.41,726.68,310378496,251232256,224717008,214.31,9801315
1765902940401,4287.58,726.76,310378496,251232256,224719024,214.31,9801315
1765902940502,4289.86,728.20,310378496,251232256,224984048,214.56,9802667
1765902940603,4289.94,728.24,310378496,251232256,224986088,214.56,9802667
1765902940704,4293.36,730.21,310394880,251232256,225251400,214.82,9812210
1765902940805,4293.47,730.26,310394880,251232256,225253440,214.82,9812210
1765902940906,4293.57,730.31,310394880,251232256,225255456,214.82,9812210
1765902941007,4296.18,732.25,310411264,251232256,225520488,215.07,9813562
1765902941108,4296.37,732.32,310411264,251232256,225522528,215.08,9813562
1765902941210,4299.13,734.40,310411264,251232256,225787568,215.33,9814913
1765902941311,4299.21,734.43,310411264,251232256,225789608,215.33,9814913
1765902941411,4299.28,734.48,310411264,251232256,225791624,215.33,9814913
1765902941512,4306.35,736.88,310575104,251756544,213110752,203.24,9767088
1765902941613,4306.45,736.93,310575104,251756544,213112792,203.24,9767088
1765902941714,4309.59,738.83,310591488,251756544,213378032,203.49,9776631
1765902941815,4309.74,738.88,310591488,251756544,213380072,203.50,9776631
1765902941917,4309.93,738.98,310591488,251756544,213382088,203.50,9776631
1765902942018,4469.27,752.61,259964928,200114176,169275432,161.43,9717681
1765902942118,4469.40,752.65,259964928,200114176,169507072,161.65,9717681
1765902942220,4475.37,754.53,259964928,200114176,169777504,161.91,9719033
1765902942321,4475.44,754.56,259964928,200114176,169779544,161.91,9719033
1765902942422,4475.53,754.60,259964928,200114176,169781560,161.92,9719033
1765902942522,4481.16,756.90,260358144,203259904,169130664,161.30,9720384
1765902942623,4631.90,766.35,236486656,176783360,168734136,160.92,9716329
1765902942724,4634.69,767.56,236519424,176783360,169221256,161.38,9725873
1765902942825,4634.79,767.62,236519424,176783360,169223296,161.38,9725873
1765902942926,4634.89,767.70,236519424,176783360,169225312,161.39,9725873
1765902943028,4639.12,769.39,236535808,176783360,169511312,161.66,9727225
1765902943128,4639.24,769.44,236535808,176783360,169513352,161.66,9727225
1765902943229,4814.72,777.87,236093440,176521216,168783224,160.96,9717680
1765902943330,4814.88,777.92,236093440,176521216,168789184,160.97,9717680
1765902943431,4814.97,777.96,236093440,176521216,168791200,160.97,9717680
1765902943532,4817.98,779.75,236355584,176521216,169213104,161.37,9719031
1765902943634,4818.12,779.82,236355584,176521216,169215144,161.38,9719031
1765902943735,4822.06,781.85,236765184,177569792,168715368,160.90,9728575
1765902943836,4822.20,781.89,236765184,177569792,168717408,160.90,9728575
1765902943935,4825.00,782.75,236896256,177569792,168857440,161.04,9729254
1765902944036,4826.75,783.66,237043712,177569792,169003808,161.17,9729927
1765902944138,4826.85,783.70,237043712,177569792,169005848,161.18,9729927
1765902944238,4829.77,785.49,237338624,177569792,169283464,161.44,9731278
1765902944339,4829.85,785.53,237338624,177569792,169285504,161.44,9731278
1765902944442,4836.41,787.81,237469696,177569792,168830592,161.01,9732629
1765902944543,4841.80,787.85,237469696,177569792,168833760,161.01,9732629
1765902944644,4841.93,787.89,237469696,177569792,168835776,161.01,9732629
1765902944745,4845.33,789.67,237486080,177569792,169113536,161.28,9742172
1765902944845,4845.44,789.72,237486080,177569792,169115576,161.28,9742172
1765902944946,4848.31,791.47,237486080,177569792,169393104,161.55,9743524
1765902945047,4848.38,791.52,237486080,177569792,169395144,161.55,9743524
1765902945148,4848.44,791.55,237486080,177569792,169397160,161.55,9743524
1765902945249,4851.89,793.08,237666304,177569792,168891776,161.07,9744875
1765902945350,4852.04,793.13,237666304,177569792,168893816,161.07,9744875
1765902945452,4856.85,795.14,237682688,177569792,169175496,161.34,9746226
1765902945552,4856.94,795.19,237682688,177569792,169177536,161.34,9746226
1765902945653,4857.02,795.24,237682688,177569792,169179552,161.34,9746226
1765902945754,4860.97,797.21,237699072,177569792,169457328,161.61,9755769
1765902945855,4861.07,797.25,237699072,177569792,169459368,161.61,9755769
1765902945956,4869.96,799.13,237797376,177569792,168974496,161.15,9757120
1765902946057,4870.02,799.16,237797376,177569792,168976536,161.15,9757120
1765902946158,4870.17,799.23,237797376,177569792,168978552,161.15,9757120
1765902946259,4873.23,801.09,237797376,177569792,169256024,161.42,9750279
1765902946360,4873.33,801.13,237797376,177569792,169258064,161.42,9750279
1765902946462,4877.35,803.02,237813760,177569792,169535664,161.68,9751630
1765902946562,4877.44,803.06,237813760,177569792,169537704,161.68,9751630
1765902946663,4877.59,803.11,237813760,177569792,169539720,161.69,9751630
1765902946764,4881.36,804.96,237813760,177569792,169817424,161.95,9761174
1765902946865,4881.47,805.00,237813760,177569792,169819464,161.95,9761174
1765902946967,4885.36,806.43,237813760,177569792,169318648,161.47,9754333
1765902947068,4885.44,806.46,237813760,177569792,169320688,161.48,9754333
1765902947168,4885.50,806.50,237813760,177569792,169322704,161.48,9754333
1765902947270,4894.26,808.63,237830144,177569792,169603688,161.75,9755684
1765902947370,4894.37,808.68,237830144,177569792,169605728,161.75,9755684
1765902947472,4900.50,810.62,237830144,177569792,169892496,162.02,9757036
1765902947572,4900.59,810.68,237830144,177569792,169894536,162.02,9757036
1765902947673,4900.65,810.72,237830144,177569792,169896552,162.03,9757036
1765902947775,4905.82,812.75,237961216,179666944,169410208,161.56,9758387
1765902947876,4905.94,812.82,237961216,179666944,169412248,161.56,9758387
1765902947976,4910.53,814.56,237961216,179666944,169699424,161.84,9759738
1765902948077,4910.64,814.62,237961216,179666944,169701464,161.84,9759738
1765902948178,4910.72,814.66,237961216,179666944,169703480,161.84,9759738
1765902948280,4914.81,816.34,237961216,179666944,169982424,162.11,9761089
1765902948380,4914.99,816.42,237961216,179666944,169984464,162.11,9761089
1765902948481,4917.68,818.14,238141440,179666944,170265856,162.38,9762440
1765902948582,4917.81,818.18,238141440,179666944,170267896,162.38,9762440
1765902948684,4919.36,819.30,238256128,179666944,170411856,162.52,9771311
1765902948785,4920.40,820.27,238403584,179666944,170553184,162.65,9771983
1765902948886,4920.52,820.32,238403584,179666944,170555224,162.65,9771983
1765902948988,4923.86,822.12,238665728,179666944,170835856,162.92,9773335
1765902949089,4923.94,822.16,238665728,179666944,170837896,162.92,9773335
1765902949191,4926.45,823.97,238927872,179666944,171120704,163.19,9774686
1765902949292,4927.59,824.06,238944256,179666944,169499608,161.65,9774686
1765902949393,4927.66,824.10,238944256,179666944,169501624,161.65,9774686
1765902949493,4934.36,826.02,238944256,179666944,169787176,161.92,9767846
1765902949594,4934.45,826.06,238944256,179666944,169789216,161.92,9767846
1765902949694,4937.55,827.74,238944256,179666944,170066912,162.19,9777389
1765902949795,4937.68,827.79,238944256,179666944,170068952,162.19,9777389
1765902949896,4937.85,827.86,238944256,179666944,170070968,162.19,9777389
1765902949997,4941.56,829.59,239042560,179666944,170353008,162.46,9778741
1765902950098,4941.71,829.63,239042560,179666944,170355048,162.46,9778741
1765902950200,4948.81,831.96,239304704,179666944,170642560,162.74,9780093
1765902950300,4948.90,832.00,239304704,179666944,170644600,162.74,9780093
1765902950400,4948.99,832.04,239304704,179666944,170646616,162.74,9780093
1765902950501,4962.87,834.36,239566848,179666944,170977496,163.06,9781444
1765902950602,4962.97,834.42,239583232,179666944,170979536,163.06,9781444
1765902950703,4967.78,836.28,239861760,179666944,171256536,163.32,9790986
1765902950804,4967.85,836.33,239861760,179666944,171258576,163.32,9790986
1765902950905,4967.93,836.39,239861760,179666944,171260592,163.33,9790986
1765902951006,4973.61,837.89,239927296,179666944,170036504,162.16,9775953
1765902951108,4973.71,837.94,239927296,179666944,170038544,162.16,9775953
1765902951209,4983.49,840.05,239927296,179666944,170324840,162.43,9777304
1765902951310,4983.58,840.10,239927296,179666944,170326896,162.44,9777304
1765902951410,4983.64,840.15,239927296,179666944,170328912,162.44,9777304
1765902951511,4988.53,842.13,239927296,179666944,170615968,162.71,9778655
1765902951613,4988.61,842.17,239927296,179666944,170618008,162.71,9778655
1765902951713,4991.43,843.85,239927296,179666944,170892112,162.98,9788198
1765902951814,4991.52,843.88,239927296,179666944,170894152,162.98,9788198
1765902951915,4991.66,843.92,239927296,179666944,170896168,162.98,9788198
1765902952017,5002.02,846.07,239943680,179666944,171289416,163.35,9789550
1765902952118,5002.10,846.11,239943680,179666944,171291456,163.36,9789550
1765902952219,5005.35,847.75,239943680,179666944,171564184,163.62,9790902
1765902952321,5005.45,847.79,239943680,179666944,171566224,163.62,9790902
1765902952422,5005.52,847.84,239943680,179666944,171568240,163.62,9790902
1765902952523,5010.43,849.67,239960064,179666944,170307728,162.42,9792253
1765902952623,5010.55,849.72,239960064,179666944,170309768,162.42,9792253
1765902952725,5014.60,851.83,239960064,179666944,170582560,162.68,9793605
1765902952826,5014.67,851.87,239960064,179666944,170584600,162.68,9793605
1765902952927,5014.73,851.90,239960064,179666944,170586616,162.68,9793605
1765902953028,5026.95,854.14,239976448,179666944,170859616,162.94,9794956
1765902953129,5027.14,854.24,239976448,179666944,170861656,162.95,9794956
1765902953230,5033.67,856.16,239992832,179666944,171135120,163.21,9796308
1765902953332,5033.76,856.21,239992832,179666944,171137160,163.21,9796308
1765902953435,5037.83,857.65,239992832,179666944,171274296,163.34,9796987
1765902953536,5047.60,858.66,239992832,179666944,171413576,163.47,9797659
1765902953637,5047.71,858.71,239992832,179666944,171415616,163.47,9797659
1765902953738,5050.09,860.50,240009216,179666944,171679688,163.73,9807202
1765902953839,5050.25,860.55,240009216,179666944,171681728,163.73,9807202
1765902953939,5053.83,862.71,240009216,179666944,171945504,163.98,9808554
1765902954041,5054.27,862.80,240009216,179666944,171947904,163.98,9808554
1765902954142,5054.35,862.84,240009216,179666944,171949920,163.98,9808554
1765902954243,5062.81,864.68,240025600,179666944,170725928,162.82,9793521
1765902954344,5062.96,864.73,240025600,179666944,170727968,162.82,9793521
1765902954445,5065.70,866.78,240025600,179666944,170991904,163.07,9794872
1765902954546,5065.85,866.84,240025600,179666944,170993944,163.07,9794872
1765902954647,5066.05,866.94,240025600,179666944,170995960,163.07,9794872
1765902954748,5070.52,868.85,240041984,179666944,171260216,163.33,9804415
1765902954849,5070.67,868.90,240041984,179666944,171262256,163.33,9804415
1765902954950,5073.83,870.68,240091136,179929088,171772024,163.81,9805767
1765902955052,5073.92,870.73,240091136,179929088,171774064,163.82,9805767
1765902955153,5073.98,870.76,240091136,179929088,171776080,163.82,9805767
1765902955253,5076.20,872.46,240107520,179929088,172039320,164.07,9807117
1765902955354,5076.31,872.50,240107520,179929088,172041360,164.07,9807117
1765902955455,5080.62,874.54,240369664,180715520,170912392,162.99,9808469
1765902955557,5080.71,874.57,240369664,180715520,170914432,163.00,9808469
1765902955658,5080.82,874.64,240369664,180715520,170916448,163.00,9808469
1765902955758,5083.53,876.53,240386048,180715520,171180000,163.25,9809821
1765902955859,5083.63,876.58,240386048,180715520,171182040,163.25,9809821
1765902955960,5088.48,878.38,240386048,180715520,171445448,163.50,9811172
1765902956061,5088.57,878.42,240386048,180715520,171447488,163.51,9811172
1765902956162,5088.65,878.47,240386048,180715520,171449504,163.51,9811172
1765902956264,5091.28,880.44,240386048,180715520,171712776,163.76,9812523
1765902956365,5091.40,880.51,240386048,180715520,171714816,163.76,9812523
1765902956466,5095.46,882.09,240402432,180715520,171984376,164.02,9813874
1765902956567,5095.61,882.14,240402432,180715520,171986416,164.02,9813874
1765902956668,5095.79,882.24,240402432,180715520,171988432,164.02,9813874
1765902956769,5098.23,884.12,240402432,180715520,172251816,164.27,9823417
1765902956871,5098.34,884.18,240402432,180715520,172253856,164.27,9823417
1765902956971,5101.25,886.06,240402432,180715520,172517040,164.53,9824768
1765902957072,5101.33,886.11,240402432,180715520,172519080,164.53,9824768
1765902957173,5101.42,886.16,240402432,180715520,172521096,164.53,9824768
1765902957274,5105.43,888.81,240893952,185171968,171299232,163.36,9809736
1765902957375,5105.53,888.86,240893952,185171968,171301272,163.37,9809736
1765902957476,5108.04,890.71,240893952,185171968,171564520,163.62,9811088
1765902957578,5108.21,890.77,240893952,185171968,171566560,163.62,9811088
1765902957678,5108.46,890.88,240893952,185171968,171568576,163.62,9811088
1765902957780,5111.41,892.80,240910336,185171968,171831960,163.87,9820632
1765902957881,5111.57,892.85,240910336,185171968,171834000,163.87,9820632
1765902957982,5114.37,894.61,240910336,185171968,172097272,164.12,9821983
1765902958083,5114.47,894.65,240910336,185171968,172099312,164.13,9821983
1765902958185,5117.95,895.89,240910336,185171968,172232000,164.25,9822662
1765902958287,5136.19,897.05,240959488,185434112,172573672,164.58,9823334
1765902958388,5136.27,897.10,240959488,185434112,172575712,164.58,9823334
1765902958489,5143.69,898.95,240992256,185434112,172837264,164.83,9824686
1765902958590,5143.81,899.00,240992256,185434112,172839304,164.83,9824686
1765902958690,5155.10,901.13,240992256,185434112,173100712,165.08,9834230
1765902958792,5174.84,901.32,241025024,185434112,173103432,165.08,9834230
1765902958892,5174.93,901.37,241025024,185434112,173105448,165.09,9834230
1765902958993,5177.58,903.24,241418240,185434112,173612640,165.57,9835582
1765902959094,5177.68,903.29,241418240,185434112,173614680,165.57,9835582
1765902959195,5180.08,905.35,241680384,185434112,173872832,165.82,9836933
1765902959296,5180.20,905.40,241680384,185434112,173874872,165.82,9836933
1765902959397,5180.34,905.49,241696768,185434112,173876888,165.82,9836933
1765902959498,5182.90,907.31,241942528,185434112,174135080,166.07,9838285
1765902959599,5183.06,907.35,241942528,185434112,174137120,166.07,9838285
1765902959701,5186.51,909.27,242188288,185434112,174395496,166.32,9847828
1765902959802,5186.58,909.30,242188288,185434112,174397536,166.32,9847828
1765902959903,5186.66,909.34,242188288,185434112,174399552,166.32,9847828
1765902960004,5189.85,911.51,242450432,185434112,174657664,166.57,9849179
1765902960105,5189.95,911.56,242450432,185434112,174659704,166.57,9849179
1765902960205,5204.88,913.65,242712576,185434112,174919200,166.82,9850531
1765902960306,5204.96,913.68,242712576,185434112,174921240,166.82,9850531
1765902960407,5205.06,913.73,242712576,185434112,174923256,166.82,9850531
1765902960509,5208.17,915.90,242958336,185434112,175178704,167.06,9851882
1765902960610,5208.25,915.94,242958336,185434112,175180744,167.07,9851882
1765902960711,5214.41,918.70,243433472,185434112,172185816,164.21,9861426
1765902960811,5214.50,918.75,243433472,185434112,172187856,164.21,9861426
1765902960912,5214.66,918.81,243433472,185434112,172189872,164.21,9861426
1765902961014,5217.15,920.68,243433472,185434112,172445040,164.46,9830010
1765902961115,5217.26,920.74,243433472,185434112,172447080,164.46,9830010
1765902961217,5220.24,922.61,243433472,185434112,172702224,164.70,9831361
1765902961317,5220.34,922.66,243433472,185434112,172704264,164.70,9831361
1765902961418,5220.41,922.70,243433472,185434112,172706280,164.71,9831361
1765902961519,5223.19,924.65,243449856,185434112,172961408,164.95,9832713
1765902961620,5223.38,924.75,243449856,185434112,172963448,164.95,9832713
1765902961721,5225.43,926.28,243449856,185434112,173218832,165.19,9842257
1765902961822,5225.52,926.33,243449856,185434112,173220872,165.20,9842257
1765902961923,5225.61,926.39,243449856,185434112,173222888,165.20,9842257
1765902962024,5227.95,928.15,243449856,185434112,173478016,165.44,9843609
1765902962125,5228.03,928.19,243449856,185434112,173480056,165.44,9843609
1765902962227,5230.46,930.05,243580928,185434112,173735176,165.69,9844960
1765902962327,5230.55,930.10,243580928,185434112,173737216,165.69,9844960
1765902962428,5230.61,930.15,243597312,185434112,173739232,165.69,9844960
1765902962529,5233.42,931.82,243826688,185434112,173994368,165.93,9846312
1765902962630,5233.59,931.88,243843072,185434112,173996408,165.94,9846312
1765902962731,5235.96,933.76,244072448,185434112,174251752,166.18,9855856
1765902962832,5236.11,933.82,244088832,185434112,174253792,166.18,9855856
1765902962934,5237.99,935.07,244219904,185434112,174382456,166.30,9856535
1765902963035,5238.95,935.78,244334592,185434112,174510920,166.43,9857208
1765902963136,5239.04,935.82,244350976,185434112,174512960,166.43,9857208
1765902963236,5241.16,937.53,244580352,185434112,174768096,166.67,9858559
1765902963337,5241.28,937.59,244596736,185434112,174770136,166.67,9858559
1765902963438,5242.68,938.60,244711424,185434112,174898856,166.80,9859238
1765902963540,5245.17,940.05,245415936,186744832,172553208,164.56,9859910
1765902963640,5245.31,940.11,245415936,186744832,172555248,164.56,9859910
1765902963741,5249.37,941.98,245432320,186744832,172810608,164.81,9853070
1765902963842,5249.45,942.02,245432320,186744832,172812648,164.81,9853070
1765902963942,5253.57,943.82,245432320,186744832,173067792,165.05,9854422
1765902964043,5253.72,943.86,245432320,186744832,173069832,165.05,9854422
1765902964145,5253.90,943.97,245432320,186744832,173071848,165.05,9854422
1765902964245,5256.77,946.03,245448704,186744832,173327016,165.30,9855773
1765902964347,5256.88,946.09,245448704,186744832,173329056,165.30,9855773
1765902964447,5267.26,948.17,245465088,186744832,173616944,165.57,9857124
1765902964548,5270.15,948.25,245481472,186744832,173620040,165.58,9857124
1765902964649,5270.30,948.33,245481472,186744832,173622056,165.58,9857124
1765902964750,5277.15,950.52,245481472,186744832,173871976,165.82,9866668
1765902964851,5277.23,950.56,245481472,186744832,173874016,165.82,9866668
1765902964952,5280.15,952.60,245481472,186744832,174265464,166.19,9868020
1765902965053,5280.28,952.65,245481472,186744832,174267504,166.19,9868020
1765902965154,5280.43,952.71,245481472,186744832,174269520,166.20,9868020
1765902965255,5283.20,954.62,245481472,186744832,174518776,166.43,9869372
1765902965356,5286.81,954.73,245481472,186744832,174521888,166.44,9869372
1765902965458,5289.44,956.64,245497856,186744832,174770616,166.67,9870724
1765902965558,5289.52,956.68,245497856,186744832,174772152,166.68,9870724
1765902965658,5289.57,956.72,245497856,186744832,174773664,166.68,9870724
1765902965759,5292.01,958.59,245497856,186744832,175022640,166.91,9880268
1765902965860,5292.13,958.63,245497856,186744832,175024176,166.92,9880268
1765902965962,5294.93,960.53,245497856,186744832,175272896,167.15,9881619
1765902966063,5295.02,960.58,245497856,186744832,175274432,167.15,9881619
1765902966164,5295.12,960.64,245497856,186744832,175275944,167.16,9881619
1765902966264,5300.68,962.29,245530624,186744832,175524744,167.39,9882970
1765902966366,5300.87,962.39,245530624,186744832,175526280,167.39,9882970
1765902966467,5302.96,964.16,245530624,186744832,175775112,167.63,9884322
1765902966568,5303.04,964.21,245530624,186744832,175776648,167.63,9884322
1765902966668,5303.11,964.25,245530624,186744832,175778160,167.64,9884322
1765902966769,5305.61,966.23,245547008,186744832,176027112,167.87,9893865
1765902966870,5305.70,966.29,245547008,186744832,176028648,167.87,9893865
1765902966971,5308.12,968.49,245547008,186744832,176277400,168.11,9895217
1765902967072,5308.21,968.53,245547008,186744832,176278936,168.11,9895217
1765902967174,5308.31,968.58,245547008,186744832,176280448,168.11,9895217
1765902967274,5314.50,970.87,245907456,187006976,173477328,165.44,9863800
1765902967375,5314.59,970.93,245907456,187006976,173478864,165.44,9863800
1765902967477,5316.90,972.76,245923840,187006976,173727608,165.68,9865152
1765902967577,5316.99,972.80,245923840,187006976,173729144,165.68,9865152
1765902967678,5317.14,972.86,245923840,187006976,173730656,165.68,9865152
1765902967779,5320.08,974.78,245923840,187006976,173979608,165.92,9874695
1765902967880,5320.24,974.84,245923840,187006976,173981144,165.92,9874695
1765902967981,5322.81,976.81,245940224,187006976,174230232,166.16,9876046
1765902968083,5322.89,976.85,245940224,187006976,174231768,166.16,9876046
1765902968184,5324.15,977.72,245940224,187006976,174356984,166.28,9876725
1765902968286,5325.15,978.62,245940224,187006976,174481968,166.40,9877398
1765902968387,5325.24,978.66,245940224,187006976,174483504,166.40,9877398
1765902968487,5328.48,980.80,245940224,187006976,174732224,166.64,9878749
1765902968588,5328.56,980.84,245940224,187006976,174733760,166.64,9878749
1765902968688,5330.04,981.76,245940224,187006976,174859256,166.76,9887620
1765902968789,5331.12,982.64,245956608,187006976,174984264,166.88,9888292
1765902968890,5331.23,982.69,245956608,187006976,174985800,166.88,9888292
1765902968991,5333.61,984.42,245956608,187006976,175234520,167.12,9889643
1765902969092,5333.73,984.48,245956608,187006976,175236056,167.12,9889643
1765902969193,5336.56,985.95,245956608,187006976,175484808,167.36,9890994
1765902969293,5336.64,985.99,245956608,187006976,175486344,167.36,9890994
1765902969394,5336.70,986.03,245956608,187006976,175487856,167.36,9890994
1765902969495,5339.27,987.76,245972992,187006976,175736576,167.60,9892345
1765902969597,5339.35,987.80,245972992,187006976,175738112,167.60,9892345
1765902969697,5342.58,989.59,245972992,187006976,175987064,167.83,9901889
1765902969798,5342.72,989.64,245972992,187006976,175988600,167.84,9901889
1765902969900,5342.96,989.75,245972992,187006976,175990112,167.84,9901889
1765902970000,5347.82,991.97,246497280,187531264,173772224,165.72,9878665
1765902970101,5347.92,992.01,246497280,187531264,173773760,165.72,9878665
1765902970202,5350.36,993.92,246513664,187531264,174022480,165.96,9880017
1765902970303,5350.43,993.97,246513664,187531264,174024016,165.96,9880017
1765902970405,5350.51,994.02,246513664,187531264,174025528,165.96,9880017
1765902970505,5352.72,996.10,246530048,187531264,174309032,166.23,9881368
1765902970606,5352.81,996.16,246530048,187531264,174310568,166.24,9881368
1765902970707,5355.44,997.97,246530048,187531264,174559624,166.47,9890910
1765902970809,5355.50,998.03,246530048,187531264,174561160,166.47,9890910
1765902970910,5355.57,998.08,246530048,187531264,174562672,166.48,9890910
1765902971010,5357.70,999.93,246530048,187531264,174811408,166.71,9892261
1765902971111,5357.79,999.98,246530048,187531264,174812944,166.71,9892261
1765902971212,5361.44,1001.79,246546432,187531264,175061952,166.95,9893612
1765902971312,5361.52,1001.84,246546432,187531264,175063488,166.95,9893612
1765902971413,5361.60,1001.89,246546432,187531264,175065000,166.95,9893612
1765902971514,5364.44,1003.96,246546432,187531264,175313712,167.19,9894962
1765902971616,5364.59,1004.01,246546432,187531264,175315248,167.19,9894962
1765902971716,5366.93,1005.81,246546432,187531264,175564344,167.43,9904506
1765902971817,5367.00,1005.85,246546432,187531264,175565880,167.43,9904506
1765902971918,5367.06,1005.89,246546432,187531264,175567392,167.43,9904506
1765902972019,5369.50,1007.77,246546432,187531264,175991272,167.84,9905858
1765902972120,5369.61,1007.82,246546432,187531264,175992808,167.84,9905858
1765902972222,5375.95,1009.94,246562816,187531264,176242480,168.08,9907209
1765902972323,5376.05,1009.99,246562816,187531264,176244016,168.08,9907209
1765902972423,5376.14,1010.03,246562816,187531264,176245528,168.08,9907209
1765902972525,5378.70,1011.55,246562816,187531264,176494448,168.32,9908560
1765902972625,5378.80,1011.62,246562816,187531264,176495984,168.32,9908560
1765902972727,5381.07,1013.49,246562816,187531264,176744936,168.56,9918103
1765902972828,5381.16,1013.54,246562816,187531264,176746472,168.56,9918103
1765902972928,5381.24,1013.59,246562816,187531264,176747984,168.56,9918103
1765902973029,5383.49,1015.39,246579200,187531264,176996760,168.80,9919454
1765902973130,5383.67,1015.50,246579200,187531264,176998296,168.80,9919454
1765902973231,5388.68,1017.65,246939648,187793408,174393744,166.31,9920805
1765902973332,5388.76,1017.69,246939648,187793408,174395280,166.32,9920805
1765902973434,5390.18,1018.77,246939648,187793408,174520496,166.44,9896908
1765902973536,5391.84,1019.66,246956032,187793408,174663136,166.57,9897585
1765902973637,5391.93,1019.71,246956032,187793408,174664672,166.57,9897585
1765902973737,5404.70,1021.95,246956032,187793408,174914200,166.81,9907128
1765902973838,5404.80,1022.00,246956032,187793408,174915736,166.81,9907128
1765902973941,5410.68,1024.19,246972416,187793408,175163824,167.05,9908479
1765902974042,5413.19,1024.28,246972416,187793408,175166712,167.05,9908479
1765902974144,5413.27,1024.34,246972416,187793408,175168224,167.05,9908479
1765902974245,5416.19,1026.27,246972416,187793408,175416288,167.29,9909831
1765902974346,5416.28,1026.33,246972416,187793408,175417824,167.29,9909831
1765902974448,5425.52,1028.20,247005184,187793408,175666912,167.53,9911182
1765902974549,5425.62,1028.25,247005184,187793408,175668448,167.53,9911182
1765902974649,5425.69,1028.29,247005184,187793408,175669960,167.53,9911182
1765902974750,5428.06,1030.13,247021568,187793408,175918288,167.77,9920725
1765902974851,5428.15,1030.18,247021568,187793408,175919824,167.77,9920725
1765902974952,5433.14,1032.43,247021568,187793408,176168520,168.01,9922075
1765902975053,5433.23,1032.48,247021568,187793408,176170056,168.01,9922075
1765902975154,5433.31,1032.53,247021568,187793408,176171568,168.01,9922075
1765902975256,5435.49,1034.19,247021568,187793408,176419704,168.25,9923427
1765902975356,5435.58,1034.24,247021568,187793408,176421240,168.25,9923427
1765902975458,5438.18,1036.26,247037952,187793408,176669328,168.49,9924778
1765902975559,5438.27,1036.32,247037952,187793408,176670864,168.49,9924778
1765902975660,5438.35,1036.37,247037952,187793408,176672376,168.49,9924778
1765902975762,5441.17,1038.20,247037952,187793408,176920736,168.72,9934321
1765902975863,5441.33,1038.27,247037952,187793408,176922272,168.73,9934321
1765902975965,5444.28,1040.04,247054336,187793408,177170344,168.96,9935673
1765902976066,5444.40,1040.08,247054336,187793408,177171880,168.96,9935673
1765902976166,5444.55,1040.14,247054336,187793408,177173392,168.97,9935673
1765902976268,5448.64,1042.70,248283136,197230592,174932408,166.83,9937024
1765902976368,5448.74,1042.74,248283136,197230592,174933944,166.83,9937024
1765902976470,5450.85,1044.18,248299520,197230592,175182024,167.07,9913796
1765902976570,5450.92,1044.22,248299520,197230592,175183560,167.07,9913796
1765902976671,5451.00,1044.27,248299520,197230592,175185072,167.07,9913796
1765902976773,5453.63,1046.09,248299520,197230592,175433368,167.31,9923339
1765902976873,5453.71,1046.14,248299520,197230592,175434904,167.31,9923339
1765902976975,5456.69,1048.17,248299520,197230592,175683056,167.54,9924690
1765902977076,5456.84,1048.23,248299520,197230592,175684592,167.55,9924690
1765902977176,5456.99,1048.31,248299520,197230592,175686104,167.55,9924690
1765902977277,5459.86,1050.28,248315904,197230592,175934176,167.78,9926042
1765902977378,5459.98,1050.35,248315904,197230592,175935712,167.79,9926042
1765902977480,5462.72,1052.21,248315904,197230592,176183776,168.02,9927394
1765902977580,5462.80,1052.26,248315904,197230592,176185312,168.02,9927394
1765902977684,5469.60,1053.72,248315904,197230592,176310640,168.14,9936265
1765902977785,5472.85,1054.56,248332288,197230592,176437088,168.26,9936937
1765902977886,5473.00,1054.63,248332288,197230592,176438624,168.26,9936937
1765902977988,5475.18,1056.57,248332288,197230592,176686688,168.50,9938288
1765902978088,5475.33,1056.63,248332288,197230592,176688224,168.50,9938288
1765902978191,5478.41,1058.61,248348672,197230592,176936248,168.74,9939640
1765902978292,5478.47,1058.65,248348672,197230592,176937784,168.74,9939640
1765902978393,5478.53,1058.68,248348672,197230592,176939296,168.74,9939640
1765902978494,5481.50,1060.22,248348672,197230592,177187352,168.98,9940990
1765902978595,5481.62,1060.27,248348672,197230592,177188888,168.98,9940990
1765902978696,5483.97,1062.06,248348672,197230592,177437184,169.22,9950533
1765902978797,5484.11,1062.10,248348672,197230592,177438720,169.22,9950533
1765902978898,5484.32,1062.21,248348672,197230592,177440232,169.22,9950533
1765902979000,5486.64,1064.29,248365056,197230592,177869024,169.63,9951884
1765902979101,5486.79,1064.35,248365056,197230592,177870560,169.63,9951884
1765902979203,5489.20,1066.06,248365056,197230592,178118688,169.87,9953235
1765902979304,5489.27,1066.11,248365056,197230592,178120224,169.87,9953235
1765902979405,5489.32,1066.15,248365056,197230592,178121736,169.87,9953235
1765902979506,5491.60,1067.79,248365056,197230592,178369792,170.11,9954585
1765902979607,5491.75,1067.84,248365056,197230592,178371328,170.11,9954585
1765902979709,5494.22,1069.74,248381440,197230592,178619672,170.34,9964129
1765902979810,5494.28,1069.78,248381440,197230592,178621208,170.35,9964129
1765902979911,5494.34,1069.83,248381440,197230592,178622720,170.35,9964129
1765902980012,5496.42,1071.67,248578048,197230592,178870856,170.58,9965480
1765902980113,5496.53,1071.72,248578048,197230592,178872392,170.59,9965480
1765902980214,5500.46,1073.66,248807424,197230592,179121928,170.82,9966832
1765902980315,5500.58,1073.71,248807424,197230592,179123464,170.83,9966832
1765902980417,5500.72,1073.81,248823808,197230592,179124976,170.83,9966832
1765902980517,5512.62,1075.72,249085952,197230592,179376056,171.07,9968184
1765902980618,5512.71,1075.77,249085952,197230592,179377592,171.07,9968184
1765902980719,5515.73,1077.68,249348096,197230592,179627016,171.31,9977726
1765902980821,5517.42,1077.72,249348096,197230592,179628936,171.31,9977726
1765902980922,5517.49,1077.77,249348096,197230592,179630448,171.31,9977726
1765902981022,5521.41,1079.65,249577472,197230592,179880144,171.55,9979077
1765902981123,5521.50,1079.70,249593856,197230592,179881680,171.55,9979077
1765902981224,5523.96,1081.52,249839616,197230592,180131304,171.79,9980429
1765902981325,5524.05,1081.56,249839616,197230592,180132840,171.79,9980429
1765902981426,5524.12,1081.60,249839616,197230592,180134352,171.79,9980429
1765902981527,5531.54,1083.70,250085376,197230592,180384616,172.03,9981781
1765902981628,5531.63,1083.74,250085376,197230592,180386152,172.03,9981781
1765902981729,5534.46,1085.66,250314752,197230592,180636024,172.27,9991325
1765902981830,5534.54,1085.71,250314752,197230592,180637560,172.27,9991325
1765902981933,5539.52,1087.02,250445824,197230592,180763320,172.39,9992004
1765902982034,5550.92,1087.94,250626048,197230592,180895800,172.52,9992676
1765902982135,5550.99,1087.99,250626048,197230592,180897336,172.52,9992676
1765902982237,5553.71,1090.01,250855424,197230592,181146712,172.75,9994028
1765902982337,5553.79,1090.06,250855424,197230592,181148248,172.76,9994028
1765902982438,5555.20,1091.20,250970112,197230592,181274032,172.88,9994707
1765902982540,5556.31,1092.12,251101184,197230592,181399312,173.00,9995379
1765902982640,5556.44,1092.17,251101184,197230592,181400848,173.00,9995379
1765902982741,5559.44,1094.14,251346944,197230592,181650472,173.24,10004922
1765902982842,5559.51,1094.18,251346944,197230592,181652008,173.24,10004922
1765902982942,5562.40,1096.28,251609088,197230592,181901360,173.47,10006273
1765902983043,5562.47,1096.32,251609088,197230592,181902896,173.48,10006273
1765902983145,5562.55,1096.37,251609088,197230592,181904408,173.48,10006273
1765902983245,5574.62,1099.13,252182528,197754880,176306808,168.14,9950281
1765902983346,5574.69,1099.17,252182528,197754880,176308344,168.14,9950281
1765902983447,5576.92,1100.91,252182528,197754880,176557792,168.38,9951631
1765902983548,5577.06,1100.95,252182528,197754880,176559328,168.38,9951631
1765902983649,5577.28,1101.06,252182528,197754880,176560840,168.38,9951631
1765902983750,5579.55,1103.01,252182528,197754880,176810432,168.62,9961174
1765902983851,5579.64,1103.06,252182528,197754880,176811968,168.62,9961174
1765902983952,5581.73,1104.88,252198912,197754880,177061312,168.86,9962525
1765902984053,5581.79,1104.92,252198912,197754880,177062848,168.86,9962525
1765902984155,5581.85,1104.96,252198912,197754880,177064360,168.86,9962525
1765902984255,5584.13,1106.89,252198912,197754880,177313728,169.10,9963876
1765902984357,5584.21,1106.94,252198912,197754880,177315264,169.10,9963876
1765902984457,5589.40,1109.17,252215296,197754880,177564736,169.34,9965227
1765902984559,5589.51,1109.24,252215296,197754880,177566272,169.34,9965227
1765902984660,5590.57,1109.28,252215296,197754880,177568008,169.34,9965227
1765902984761,5592.70,1110.89,252215296,197754880,177817576,169.58,9974770
1765902984862,5592.78,1110.95,252215296,197754880,177819112,169.58,9974770
1765902984962,5595.53,1112.70,252215296,197754880,178068464,169.82,9976121
1765902985063,5595.60,1112.75,252215296,197754880,178070000,169.82,9976121
1765902985164,5595.66,1112.80,252215296,197754880,178071512,169.82,9976121
1765902985265,5602.24,1114.55,252215296,197754880,178367376,170.10,9977472
1765902985366,5602.32,1114.59,252215296,197754880,178368912,170.11,9977472
1765902985467,5604.40,1116.62,252215296,197754880,178618448,170.34,9978824
1765902985568,5604.47,1116.66,252215296,197754880,178619984,170.35,9978824
1765902985669,5604.52,1116.70,252215296,197754880,178621496,170.35,9978824
1765902985770,5606.64,1118.36,252428288,197754880,178871112,170.58,9988367
1765902985872,5606.72,1118.41,252428288,197754880,178872648,170.59,9988367
1765902985972,5608.89,1120.51,252657664,197754880,179121992,170.82,9989719
1765902986073,5608.98,1120.56,252674048,197754880,179123528,170.83,9989719
1765902986175,5609.04,1120.60,252674048,197754880,179125040,170.83,9989719
1765902986276,5614.44,1122.82,252919808,197754880,179374464,171.06,9991071
1765902986377,5614.52,1122.86,252919808,197754880,179376000,171.07,9991071
1765902986477,5617.19,1124.98,253165568,197754880,179625472,171.30,9992422
1765902986578,5617.28,1125.02,253165568,197754880,179627008,171.31,9992422
1765902986679,5617.36,1125.07,253165568,197754880,179628520,171.31,9992422
1765902986781,5621.31,1127.41,253394944,197754880,179878112,171.55,10001966
1765902986881,5621.40,1127.46,253394944,197754880,179879648,171.55,10001966
1765902986983,5623.69,1129.18,253640704,197754880,180249816,171.90,10003318
1765902987084,5623.77,1129.22,253640704,197754880,180251352,171.90,10003318
1765902987185,5625.48,1130.33,253771776,197754880,180376984,172.02,10003997
1765902987286,5626.75,1131.44,253902848,197754880,180502264,172.14,10004670
1765902987388,5626.84,1131.48,253902848,197754880,180503800,172.14,10004670
1765902987489,5628.94,1133.14,254132224,197754880,180753264,172.38,10006021
1765902987589,5629.02,1133.18,254132224,197754880,180754800,172.38,10006021
1765902987689,5631.49,1135.11,254377984,197754880,181004328,172.62,10015563
1765902987789,5631.55,1135.14,254377984,197754880,181005864,172.62,10015563
1765902987891,5631.62,1135.18,254377984,197754880,181007376,172.62,10015563
1765902987992,5633.82,1137.04,254623744,197754880,181256728,172.86,10016914
1765902988093,5633.89,1137.09,254640128,197754880,181258264,172.86,10016914
1765902988192,5636.06,1139.10,254869504,197754880,181507624,173.10,10018265
1765902988292,5636.13,1139.13,254869504,197754880,181509160,173.10,10018265
1765902988394,5636.22,1139.17,254869504,197754880,181510672,173.10,10018265
1765902988494,5638.54,1141.16,255115264,197754880,181760040,173.34,10019617
1765902988596,5638.65,1141.22,255115264,197754880,181761576,173.34,10019617
1765902988696,5641.59,1143.17,255361024,197754880,182011200,173.58,10029160
1765902988797,5641.70,1143.22,255361024,197754880,182012736,173.58,10029160
1765902988898,5641.85,1143.28,255377408,197754880,182014248,173.58,10029160
1765902988999,5644.25,1145.36,255623168,197754880,182263624,173.82,10030511
1765902989101,5644.41,1145.41,255623168,197754880,182265160,173.82,10030511
1765902989202,5650.26,1148.32,256753664,199065600,177338792,169.12,9982710
1765902989302,5650.42,1148.37,256753664,199065600,177340328,169.12,9982710
1765902989403,5650.59,1148.49,256753664,199065600,177341840,169.13,9982710
1765902989504,5653.05,1150.33,256770048,199065600,177591200,169.36,9984061
1765902989605,5653.15,1150.39,256770048,199065600,177592736,169.37,9984061
1765902989705,5657.07,1152.02,256770048,199065600,177842368,169.60,9993605
1765902989806,5657.18,1152.07,256770048,199065600,177843904,169.61,9993605
1765902989907,5657.30,1152.13,256770048,199065600,177845416,169.61,9993605
1765902990008,5659.48,1153.99,256786432,199065600,178094952,169.84,9994957
1765902990109,5659.59,1154.04,256786432,199065600,178096488,169.85,9994957
1765902990210,5661.59,1155.86,256786432,199065600,178345896,170.08,9996308
1765902990311,5661.69,1155.92,256786432,199065600,178347432,170.09,9996308
1765902990413,5661.77,1155.97,256786432,199065600,178348944,170.09,9996308
1765902990513,5663.76,1157.66,256786432,199065600,178598368,170.32,9997659
1765902990614,5663.85,1157.70,256786432,199065600,178599904,170.33,9997659
1765902990716,5666.63,1159.78,256802816,199065600,178849856,170.56,10007203
1765902990817,5666.70,1159.82,256802816,199065600,178851392,170.57,10007203
1765902990918,5666.75,1159.86,256802816,199065600,178852904,170.57,10007203
1765902991019,5669.32,1161.68,256802816,199065600,179102408,170.81,10008554
1765902991120,5669.39,1161.74,256802816,199065600,179103944,170.81,10008554
1765902991221,5671.78,1163.43,256802816,199065600,179353352,171.04,10009904
1765902991323,5671.90,1163.48,256802816,199065600,179354888,171.05,10009904
1765902991424,5672.04,1163.55,256802816,199065600,179356400,171.05,10009904
1765902991525,5675.07,1165.49,256819200,199065600,179605776,171.29,10011255
1765902991626,5675.17,1165.54,256819200,199065600,179607312,171.29,10011255
1765902991727,5677.27,1167.44,256819200,199065600,179856920,171.52,10020798
1765902991829,5677.38,1167.49,256819200,199065600,179858456,171.53,10020798
1765902991930,5677.47,1167.54,256819200,199065600,179859968,171.53,10020798
1765902992030,5680.03,1169.48,256819200,199065600,180348688,171.99,10022150
1765902992132,5680.20,1169.54,256819200,199065600,180350224,172.00,10022150
1765902992232,5684.10,1171.59,256819200,199065600,180600008,172.23,10023501
1765902992334,5684.20,1171.64,256819200,199065600,180601544,172.24,10023501
1765902992434,5685.42,1172.53,256819200,199065600,180726912,172.35,10024180
1765902992536,5686.41,1173.63,256835584,199065600,180852120,172.47,10024853
1765902992636,5686.51,1173.68,256835584,199065600,180853656,172.48,10024853
1765902992737,5694.17,1175.69,256851968,199065600,181101720,172.71,10034396
1765902992838,5694.27,1175.75,256851968,199065600,181103256,172.71,10034396
1765902992941,5697.52,1177.78,256884736,199065600,181349736,172.95,10035748
1765902993042,5697.60,1177.83,256884736,199065600,181351272,172.95,10035748
1765902993143,5697.66,1177.87,256884736,199065600,181352784,172.95,10035748
1765902993244,5702.26,1179.87,256884736,199065600,181599424,173.19,10037099
1765902993345,5702.43,1179.98,256884736,199065600,181600960,173.19,10037099
1765902993445,5713.81,1182.00,256901120,199065600,181847840,173.42,10038451
1765902993547,5713.93,1182.04,256901120,199065600,181849376,173.43,10038451
1765902993648,5714.12,1182.13,256901120,199065600,181850888,173.43,10038451
1765902993794,5974.11,1200.09,309002240,250757120,209604264,199.89,10006362
1765902993895,6228.43,1210.66,322453504,262078464,232262232,221.50,9717681
1765902993994,6487.17,1216.47,327499776,267321344,240502264,229.36,9716329
1765902994095,6578.82,1219.01,328794112,269156352,239551296,228.45,9716353
1765902994196,6578.92,1219.06,328794112,269156352,239552832,228.46,9716353
1765902994296,6579.02,1219.11,328794112,269156352,239554344,228.46,9716353
1765902994398,6579.09,1219.17,328794112,269156352,239555856,228.46,9716353
1765902994497,6650.58,1231.09,359940096,299565056,266047776,253.72,9717223
1765902994598,6775.83,1234.87,362987520,302710784,273261656,260.60,9717247
1765902994699,6775.86,1234.89,362987520,302710784,273263192,260.60,9717247
1765902994800,6775.91,1234.92,362987520,302710784,273264704,260.61,9717247
1765902994901,6776.03,1234.97,362987520,302710784,273266216,260.61,9717247
1765902995002,6776.16,1235.05,362987520,302710784,273267728,260.61,9717247
1765902995104,6776.24,1235.10,362987520,302710784,273269240,260.61,9717247
1765902995205,6776.31,1235.15,362987520,302710784,273270752,260.61,9717247
1765902995305,6776.39,1235.21,362987520,302710784,273272264,260.61,9717247
1765902995406,6776.47,1235.27,362987520,302710784,273273776,260.61,9717247
1765902995507,6776.54,1235.32,362987520,302710784,273275288,260.62,9717247
1765902995608,6776.60,1235.37,362987520,302710784,273276800,260.62,9717247
1765902995709,6776.67,1235.42,362987520,302710784,273278312,260.62,9717247
1765902995811,6776.76,1235.48,362987520,302710784,273279824,260.62,9717247
1765902995912,6776.85,1235.54,362987520,302710784,273281336,260.62,9717247
1765902996013,6776.95,1235.60,362987520,302710784,273282848,260.62,9717247
1765902996114,6777.03,1235.66,362987520,302710784,273284360,260.62,9717247
1765902996215,6777.10,1235.71,362987520,302710784,273285872,260.63,9717247
1765902996316,6777.24,1235.76,362987520,302710784,273287384,260.63,9717247
1765902996418,6777.40,1235.86,362987520,302710784,273288896,260.63,9717247
1765902996518,6777.49,1236.00,362987520,302710784,273290408,260.63,9717247
1765902996619,6777.63,1236.05,362987520,302710784,273291920,260.63,9717247
1765902996720,6777.81,1236.17,362987520,302710784,273293432,260.63,9717247
1765902996822,6777.88,1236.22,362987520,302710784,273294944,260.63,9717247
1765902996923,6777.95,1236.26,362987520,302710784,273296680,260.64,9725439
1765902997023,6778.01,1236.30,362987520,302710784,273298216,260.64,9725439
1765902997123,6778.07,1236.35,362987520,302710784,273299728,260.64,9725439
1765902997224,6778.14,1236.39,362987520,302710784,273301240,260.64,9725439
1765902997325,6778.21,1236.45,362987520,302710784,273302752,260.64,9725439
1765902997426,6778.27,1236.49,362987520,302710784,273304264,260.64,9725439
1765902997527,6778.32,1236.54,362987520,302710784,273305776,260.64,9725439
1765902997628,6778.39,1236.58,362987520,302710784,273307288,260.65,9725439
1765902997730,6778.52,1236.63,362987520,302710784,273308800,260.65,9725439
1765902997830,6778.78,1236.75,362987520,302710784,273310312,260.65,9725439
1765902997931,6779.03,1236.88,362987520,302710784,273311824,260.65,9725439
1765902998033,6779.22,1237.00,362987520,302710784,273313336,260.65,9725439
1765902998133,6779.28,1237.04,362987520,302710784,273314848,260.65,9725439
1765902998234,6779.33,1237.08,362987520,302710784,273316360,260.65,9725439
1765902998335,6779.38,1237.12,362987520,302710784,273317872,260.66,9725439
1765902998436,6779.49,1237.18,362987520,302710784,273319384,260.66,9725439
1765902998537,6779.68,1237.28,362987520,302710784,273320896,260.66,9725439
1765902998637,6780.88,1237.39,362987520,302710784,273322408,260.66,9725439
1765902998738,6781.01,1237.47,362987520,302710784,273323920,260.66,9725439
1765902998839,6781.11,1237.53,362987520,302710784,273325432,260.66,9725439
1765902998940,6781.23,1237.59,362987520,302710784,273326944,260.66,9725439
1765902999042,6781.36,1237.68,362987520,302710784,273328456,260.67,9725439
1765902999142,6781.48,1237.76,362872832,302710784,273329968,260.67,9725439
1765902999243,6781.55,1237.81,362872832,302710784,273331480,260.67,9725439
1765902999344,6781.62,1237.87,362872832,302710784,273332992,260.67,9725439
1765902999445,6781.69,1237.91,362872832,302710784,273334504,260.67,9725439
1765902999547,6781.84,1237.97,362872832,302710784,273336016,260.67,9725439
1765902999647,6782.04,1238.09,362758144,302710784,273337528,260.67,9725439
1765902999748,6782.19,1238.16,362758144,302710784,273339040,260.68,9725439
1765902999849,6782.29,1238.23,362758144,302710784,273340552,260.68,9725439
1765902999950,6782.38,1238.27,362758144,302710784,273342064,260.68,9725439
1765903000051,6782.48,1238.31,362758144,302710784,273343576,260.68,9725439
1765903000152,6782.56,1238.37,362758144,302710784,273345088,260.68,9725439
1765903000253,6782.64,1238.43,362758144,302710784,273346600,260.68,9725439
1765903000354,6782.73,1238.48,362758144,302710784,273348112,260.69,9725439
1765903000455,6782.81,1238.53,362758144,302710784,273349640,260.69,9725439
1765903000556,6782.88,1238.58,362758144,302710784,273351152,260.69,9725439
1765903000657,6782.93,1238.64,362758144,302710784,273352664,260.69,9725439
1765903000758,6783.00,1238.69,362758144,302710784,273354176,260.69,9725439
1765903000859,6783.06,1238.74,362758144,302710784,273355672,260.69,9725439
1765903000961,6783.13,1238.78,362758144,302710784,273357184,260.69,9725439
1765903001062,6783.20,1238.84,362758144,302710784,273358696,260.70,9725439
1765903001162,6783.27,1238.88,362758144,302710784,273360208,260.70,9725439
1765903001263,6783.34,1238.94,362758144,302710784,273361720,260.70,9725439
1765903001364,6783.40,1238.98,362758144,302710784,273363232,260.70,9725439
1765903001465,6783.49,1239.04,362758144,302710784,273364744,260.70,9725439
1765903001566,6783.63,1239.11,362758144,302710784,273366256,260.70,9725439
1765903001668,6783.71,1239.15,362758144,302710784,273367768,260.70,9725439
1765903001769,6783.80,1239.21,362758144,302710784,273369280,260.71,9725439
1765903001870,6783.89,1239.29,362758144,302710784,273370792,260.71,9725439
1765903001971,6784.07,1239.38,362758144,302710784,273372472,260.71,9725439
1765903002072,6914.49,1252.10,268058624,207454208,169210096,161.37,9724521
1765903002173,6914.64,1252.16,268058624,207454208,169394920,161.55,9724521
1765903002274,6914.73,1252.24,268058624,207454208,169396432,161.55,9724521
1765903002376,6914.81,1252.31,268058624,207454208,169397944,161.55,9724521
1765903002477,6914.89,1252.38,268058624,207454208,169399456,161.55,9724521
1765903002577,6915.00,1252.44,268058624,207454208,169400968,161.55,9724521
1765903002679,7048.10,1260.20,238108672,177569792,169154976,161.32,9724521
1765903002780,7048.23,1260.26,238108672,177569792,169160560,161.32,9724521
1765903002880,7048.33,1260.32,238108672,177569792,169162072,161.33,9724521
1765903002981,7048.47,1260.39,238108672,177569792,169163584,161.33,9724521
1765903003082,7048.70,1260.52,238125056,177569792,169165096,161.33,9724521
1765903003184,7048.90,1260.64,238125056,177569792,169166608,161.33,9724521
1765903003285,7175.65,1266.20,238305280,176783360,169445784,161.60,9724521
1765903003386,7175.78,1266.27,238305280,176783360,169455312,161.61,9724521
1765903003487,7175.88,1266.33,238305280,176783360,169456824,161.61,9724521
1765903030498,1811.17,118.70,318390272,207978496,179226520,170.92,9692238
1765903030597,1811.33,118.81,318406656,207978496,179231408,170.93,9692294
1765903030699,1811.52,118.87,318406656,207978496,179234184,170.93,9692294
1765903030799,1811.70,118.95,318406656,207978496,179236928,170.93,9692294
1765903030900,1811.83,119.01,318406656,207978496,179239264,170.94,9692294
1765903031001,1811.96,119.06,318406656,207978496,179241600,170.94,9692294
1765903031103,1812.11,119.12,305905664,207978496,179243936,170.94,9692294
1765903031203,1812.38,119.20,302317568,207978496,179246272,170.94,9692294
1765903031304,1812.57,119.26,302317568,207978496,179248768,170.94,9692294
1765903031405,1812.75,119.32,302317568,207978496,179251136,170.95,9692294
1765903031507,1812.99,119.40,302333952,207978496,179253536,170.95,9692294
1765903031607,1813.45,119.52,302350336,207978496,179255832,170.95,9692294
1765903031708,1813.57,119.57,302350336,207978496,179257912,170.95,9692294
1765903031810,1813.72,119.64,294600704,207978496,179259992,170.96,9692294
1765903031910,1813.86,119.72,294600704,207978496,179262072,170.96,9692294
1765903032011,1814.18,119.78,294600704,207978496,179264184,170.96,9692294
1765903032113,1814.41,119.85,294600704,207978496,179266264,170.96,9692294
1765903032213,1814.64,119.96,290193408,207978496,179268344,170.96,9692294
1765903032314,1814.85,120.04,290193408,207978496,179270424,170.97,9692294
1765903032416,1815.16,120.16,290193408,207978496,179272504,170.97,9692294
1765903032516,1815.48,120.30,282918912,207978496,179274584,170.97,9692294
1765903032616,1815.77,120.42,282918912,207978496,179276664,170.97,9692294
1765903032717,1815.93,120.48,282918912,207978496,179278744,170.97,9692294
1765903032819,1816.06,120.54,282918912,207978496,179280824,170.98,9692294
1765903032920,1816.16,120.59,282918912,207978496,179282904,170.98,9692294
1765903033020,1816.27,120.65,282918912,207978496,179284984,170.98,9692294
1765903033121,1816.37,120.70,282918912,207978496,179287064,170.98,9692294
1765903033222,1816.50,120.76,282918912,207978496,179289144,170.98,9692294
1765903033323,1816.70,120.82,282918912,207978496,179291224,170.99,9692294
1765903033425,1816.83,120.87,282918912,207978496,179293304,170.99,9692294
1765903033525,1816.94,120.95,282918912,207978496,179295384,170.99,9692294
1765903033626,1817.08,121.00,282918912,207978496,179297464,170.99,9692294
1765903033727,1817.21,121.06,282918912,207978496,179299544,170.99,9692294
1765903033829,1817.38,121.17,282918912,207978496,179301624,171.00,9692294
1765903033930,1817.52,121.23,282918912,207978496,179303704,171.00,9692294
1765903034030,1817.73,121.30,282918912,207978496,179305784,171.00,9692294
1765903034131,1817.96,121.39,282918912,207978496,179307832,171.00,9692294
1765903034233,1818.08,121.45,282918912,207978496,179309960,171.00,9692294
1765903034334,1818.25,121.50,282918912,207978496,179312056,171.01,9692294
1765903034434,1818.47,121.62,282918912,207978496,179314152,171.01,9692294
1765903034535,1818.58,121.67,282918912,207978496,179316248,171.01,9692294
1765903034636,1818.71,121.74,282918912,207978496,179318344,171.01,9692294
1765903034738,1818.87,121.80,282918912,207978496,179320664,171.01,9700486
1765903034838,1819.05,121.88,282918912,207978496,179322784,171.02,9700486
1765903034939,1819.14,121.92,282918912,207978496,179324880,171.02,9700486
1765903035040,1819.28,121.97,282918912,207978496,179326976,171.02,9700486
1765903035141,1819.40,122.04,282918912,207978496,179329072,171.02,9700486
1765903035242,1819.51,122.10,282918912,207978496,179331168,171.02,9700486
1765903035344,1819.63,122.16,282918912,207978496,179333264,171.03,9700486
1765903035444,1819.74,122.21,282918912,207978496,179335360,171.03,9700486
1765903035545,1819.90,122.29,282918912,207978496,179337456,171.03,9700486
1765903035646,1820.07,122.35,282918912,207978496,179339552,171.03,9700486
1765903035748,1820.23,122.41,282918912,207978496,179341648,171.03,9700486
1765903035848,1820.42,122.51,282918912,207978496,179343744,171.04,9700486
1765903035949,1820.54,122.57,282918912,207978496,179345840,171.04,9700486
1765903036050,1820.64,122.62,282918912,207978496,179347936,171.04,9700486
1765903036151,1820.76,122.68,282918912,207978496,179350032,171.04,9700486
1765903036253,1820.94,122.77,282918912,207978496,179352128,171.04,9700486
1765903036354,1821.06,122.82,282918912,207978496,179354224,171.05,9700486
1765903036455,1821.20,122.91,282918912,207978496,179356320,171.05,9700486
1765903036556,1821.31,122.96,282918912,207978496,179358416,171.05,9700486
1765903036657,1821.43,123.02,282918912,207978496,179360512,171.05,9700486
1765903036759,1821.61,123.08,282918912,207978496,179362608,171.05,9700486
1765903036858,1821.77,123.17,282918912,207978496,179364704,171.06,9700486
1765903036959,1821.96,123.31,282918912,207978496,179366800,171.06,9700486
1765903037060,1822.14,123.40,282918912,207978496,179368896,171.06,9700486
1765903037161,1822.28,123.47,282918912,207978496,179370992,171.06,9700486
1765903037263,1822.40,123.53,282918912,207978496,179373088,171.06,9700486
1765903037363,1822.53,123.59,282918912,207978496,179375184,171.07,9700486
1765903037464,1822.71,123.65,282918912,207978496,179377280,171.07,9700486
1765903037565,1822.92,123.77,282918912,207978496,179379376,171.07,9700486
1765903037667,1823.03,123.83,282918912,207978496,179381472,171.07,9700486
1765903037768,1823.13,123.88,282918912,207978496,179383568,171.07,9700486
1765903037868,1823.28,123.95,282918912,207978496,179385664,171.08,9700486
1765903037969,1823.39,124.00,282918912,207978496,179387760,171.08,9700486
1765903038070,1823.49,124.06,282918912,207978496,179389856,171.08,9700486
1765903038171,1823.58,124.11,282918912,207978496,179391952,171.08,9700486
1765903038273,1823.67,124.16,282918912,207978496,179394048,171.08,9700486
1765903038374,1823.80,124.21,282918912,207978496,179396144,171.09,9700486
1765903038475,1823.92,124.29,282918912,207978496,179398240,171.09,9700486
1765903038577,1946.86,135.44,251871232,175996928,166960736,159.23,9697910
1765903038677,1947.01,135.50,251871232,175996928,166966104,159.23,9697910
1765903038778,1947.12,135.55,251871232,175996928,166968200,159.23,9697910
1765903038879,1947.25,135.63,251871232,175996928,166970296,159.24,9697910
1765903038980,1947.42,135.69,251871232,175996928,166972392,159.24,9697910
1765903039080,1947.64,135.81,251871232,175996928,166974488,159.24,9697910
1765903039181,2068.44,143.69,249380864,173375488,166656440,158.94,9697910
1765903039282,2068.55,143.74,249380864,173375488,166660800,158.94,9697910
1765903039384,2068.68,143.81,249380864,173375488,166662896,158.94,9697910
1765903039485,2068.79,143.86,249380864,173375488,166664992,158.94,9697910
1765903039586,2068.93,143.93,249380864,173375488,166667088,158.95,9697910
1765903039687,2069.05,143.98,249380864,173375488,166669184,158.95,9697910
1765903039787,2174.28,149.06,249495552,173375488,166709248,158.99,9697910
1765903039889,2227.10,152.88,249528320,173375488,166751160,159.03,9697910
1765903039990,2227.27,152.97,249544704,173375488,166759448,159.03,9697910
1765903040091,2227.39,153.03,249544704,173375488,166761544,159.04,9697910
1765903040192,2227.48,153.08,249544704,173375488,166763640,159.04,9697910
1765903040293,2227.64,153.14,249544704,173375488,166765736,159.04,9697910
1765903040395,2227.90,153.25,249544704,173375488,166767832,159.04,9697910
1765903040495,2228.13,153.37,249544704,173375488,166769928,159.04,9697910
1765903040596,2228.29,153.44,249544704,173375488,166772024,159.05,9697910
1765903040697,2228.41,153.49,249544704,173375488,166774120,159.05,9697910
1765903040798,2228.51,153.56,249561088,173375488,166776216,159.05,9697910
1765903040900,2228.61,153.61,249561088,173375488,166778312,159.05,9697910
1765903041000,2228.71,153.67,249561088,173375488,166780408,159.05,9697910
1765903041101,2228.80,153.72,249561088,173375488,166782504,159.06,9697910
1765903041202,2228.88,153.78,249561088,173375488,166784600,159.06,9697910
1765903041303,2228.96,153.83,249561088,173375488,166786696,159.06,9697910
1765903041404,2229.04,153.88,249561088,173375488,166788792,159.06,9697910
1765903041506,2229.13,153.95,249577472,173375488,166790888,159.06,9697910
1765903041607,2229.24,153.99,249577472,173375488,166792984,159.07,9697910
1765903041707,2229.35,154.05,249577472,173375488,166795080,159.07,9697910
1765903041808,2229.41,154.09,249577472,173375488,166797176,159.07,9697910
1765903041909,2229.49,154.14,249577472,173375488,166799272,159.07,9697910
1765903042010,2229.57,154.20,249577472,173375488,166801368,159.07,9697910
1765903042111,2229.66,154.26,249577472,173375488,166803464,159.08,9697910
1765903042212,2229.75,154.31,249577472,173375488,166805560,159.08,9697910
1765903042314,2229.91,154.37,249593856,173375488,166807656,159.08,9697910
1765903042414,2230.11,154.49,249593856,173375488,166809752,159.08,9697910
1765903042515,2230.20,154.54,249593856,173375488,166811848,159.08,9697910
1765903042615,2230.36,154.59,249593856,173375488,166813944,159.09,9697910
1765903042717,2230.57,154.70,249593856,173375488,166816040,159.09,9697910
1765903042818,2230.65,154.75,249593856,173375488,166818136,159.09,9697910
1765903042918,2230.72,154.80,249593856,173375488,166820232,159.09,9697910
1765903043019,2230.88,154.84,249593856,173375488,166822328,159.09,9697910
1765903043120,2231.13,155.00,249610240,173375488,166824424,159.10,9697910
1765903043222,2231.22,155.06,249610240,173375488,166826520,159.10,9697910
1765903043323,2231.30,155.11,249610240,173375488,166828616,159.10,9697910
1765903043423,2231.37,155.15,249610240,173375488,166830712,159.10,9697910
1765903043524,2231.45,155.20,249610240,173375488,166832808,159.10,9697910
1765903043625,2231.61,155.25,249610240,173375488,166834904,159.11,9697910
1765903043727,2231.90,155.38,249610240,173375488,166837000,159.11,9697910
1765903043827,2232.13,155.50,249610240,173375488,166839096,159.11,9697910
1765903043928,2232.24,155.58,249626624,173375488,166841192,159.11,9697910
1765903044029,2232.31,155.63,249626624,173375488,166843288,159.11,9697910
1765903044130,2232.40,155.69,249626624,173375488,166845384,159.12,9697910
1765903044232,2232.47,155.73,249626624,173375488,166847480,159.12,9697910
1765903044333,2232.54,155.78,249626624,173375488,166849576,159.12,9697910
1765903044434,2232.61,155.82,249626624,173375488,166851672,159.12,9697910
1765903044535,2232.69,155.87,249626624,173375488,166853768,159.12,9697910
1765903044636,2232.75,155.91,249626624,173375488,166855864,159.13,9697910
1765903044737,2232.84,155.97,249643008,173375488,166858184,159.13,9706102
1765903044838,2232.92,156.01,249643008,173375488,166860304,159.13,9706102
1765903044939,2233.01,156.06,249643008,173375488,166862400,159.13,9706102
1765903045041,2233.12,156.11,249643008,173375488,166864496,159.13,9706102
1765903045142,2233.26,156.18,249643008,173375488,166866592,159.14,9706102
1765903045243,2233.45,156.28,249643008,173375488,166868688,159.14,9706102
1765903045344,2233.55,156.34,249643008,173375488,166870784,159.14,9706102
1765903045446,2233.72,156.39,249643008,173375488,166872888,159.14,9706102
1765903045546,2234.01,156.52,249643008,173375488,166874984,159.14,9706102
1765903045647,2234.24,156.64,249643008,173375488,166877080,159.15,9706102
1765903045748,2234.32,156.69,249643008,173375488,166879176,159.15,9706102
1765903045850,2234.47,156.74,249643008,173375488,166881272,159.15,9706102
1765903045949,2234.66,156.85,249643008,173375488,166883368,159.15,9706102
1765903046050,2234.74,156.92,249659392,173375488,166885464,159.15,9706102
1765903046152,2234.81,156.96,249659392,173375488,166887560,159.16,9706102
1765903046253,2234.88,157.00,249659392,173375488,166889656,159.16,9706102
1765903046354,2234.95,157.05,249659392,173375488,166891752,159.16,9706102
1765903046455,2235.02,157.11,249659392,173375488,166893848,159.16,9706102
1765903046556,2235.08,157.16,249659392,173375488,166895944,159.16,9706102
1765903046657,2235.16,157.21,249659392,173375488,166898040,159.17,9706102
1765903046758,2235.24,157.26,249659392,173375488,166900136,159.17,9706102
1765903046860,2235.39,157.31,249675776,173375488,166902232,159.17,9706102
1765903046961,2235.61,157.37,249675776,173375488,166904328,159.17,9706102
1765903047062,2235.72,157.42,249675776,173375488,166906424,159.17,9706102
1765903047163,2235.89,157.48,249675776,173375488,166908520,159.18,9706102
1765903047265,2236.17,157.60,249675776,173375488,166910616,159.18,9706102
1765903047365,2236.41,157.73,249675776,173375488,166912712,159.18,9706102
1765903047466,2236.49,157.77,249675776,173375488,166914808,159.18,9706102
1765903047567,2236.56,157.81,249675776,173375488,166916904,159.18,9706102
1765903047668,2236.65,157.87,249692160,173375488,166919000,159.19,9706102
1765903047769,2236.74,157.92,249692160,173375488,166921096,159.19,9706102
1765903047871,2236.82,157.97,249692160,173375488,166923192,159.19,9706102
1765903047972,2236.97,158.01,249692160,173375488,166925288,159.19,9706102
1765903048073,2237.19,158.13,249692160,173375488,166927384,159.19,9706102
1765903048174,2237.37,158.20,249692160,173375488,166929480,159.20,9706102
1765903048275,2237.55,158.30,249692160,173375488,166931576,159.20,9706102
1765903048376,2237.64,158.36,249692160,173375488,166933672,159.20,9706102
1765903048477,2237.74,158.41,249708544,173375488,166935768,159.20,9706102
1765903048578,2237.83,158.46,249708544,173375488,166937864,159.20,9706102
1765903048680,2237.93,158.52,249708544,173375488,166939960,159.21,9706102
1765903048781,2238.10,158.57,249708544,173375488,166942056,159.21,9706102
1765903048882,2238.40,158.70,249708544,173375488,166944152,159.21,9706102
1765903048983,2238.63,158.84,249708544,173375488,166946248,159.21,9706102
1765903049084,2238.72,158.89,249708544,173375488,166948344,159.21,9706102
1765903049186,2238.87,158.96,249724928,173375488,166950440,159.22,9706102
1765903049286,2239.11,159.09,249724928,173375488,166952536,159.22,9706102
1765903049387,2239.21,159.15,249724928,173375488,166954632,159.22,9706102
1765903049488,2239.30,159.20,249724928,173375488,166956728,159.22,9706102
1765903049589,2239.37,159.25,249724928,173375488,166958824,159.22,9706102
1765903049691,2239.46,159.30,249724928,173375488,166960920,159.23,9706102
1765903049792,2239.55,159.35,249724928,173375488,166963016,159.23,9706102
1765903049892,2239.61,159.39,249724928,173375488,166965112,159.23,9706102
1765903049993,2239.69,159.46,249741312,173375488,166967208,159.23,9706102
1765903050094,2239.77,159.50,249741312,173375488,166969304,159.23,9706102
1765903050195,2239.93,159.54,249741312,173375488,166971400,159.24,9706102
1765903050297,2240.14,159.66,249741312,173375488,166973496,159.24,9706102
1765903050398,2240.30,159.71,249741312,173375488,166975592,159.24,9706102
1765903050499,2240.52,159.84,249741312,173375488,166977688,159.24,9706102
1765903050600,2248.16,160.96,250609664,174424064,166847192,159.12,9707450
1765903050701,2248.26,161.01,250609664,174424064,166849312,159.12,9707450
1765903050802,2248.37,161.06,250609664,174424064,166851408,159.12,9707450
1765903050902,2254.02,162.72,250970112,174686208,167414864,159.66,9716989
1765903051004,2254.15,162.79,250970112,174686208,167416984,159.66,9716989
1765903051104,2260.36,164.66,251281408,174686208,167777472,160.01,9718336
1765903051205,2260.47,164.72,251281408,174686208,167779592,160.01,9718336
1765903051307,2260.57,164.78,251297792,174686208,167781688,160.01,9718336
1765903051408,2266.11,167.00,250494976,173637632,167399136,159.64,9719683
1765903051508,2266.23,167.05,250036224,173637632,167401256,159.65,9719683
1765903051609,2270.26,168.71,244826112,173637632,167759744,159.99,9721029
1765903051710,2270.37,168.75,244826112,173637632,167761864,159.99,9721029
1765903051812,2270.51,168.81,244826112,173637632,167763960,159.99,9721029
1765903051912,2274.53,170.15,243990528,173899776,167783536,160.01,9730568
1765903052013,2274.70,170.21,243990528,173899776,167785656,160.01,9730568
1765903052114,2278.42,172.00,244350976,173899776,168107392,160.32,9723722
1765903052216,2278.51,172.03,244350976,173899776,168109512,160.32,9723722
1765903052317,2278.61,172.08,244350976,173899776,168111608,160.32,9723722
1765903052419,2282.56,173.92,244678656,173899776,168433608,160.63,9725068
1765903052520,2282.69,173.98,244678656,173899776,168435728,160.63,9725068
1765903052622,2288.07,176.02,244219904,173899776,168066672,160.28,9726415
1765903052723,2288.18,176.08,244236288,173899776,168068792,160.28,9726415
1765903052824,2290.43,177.18,244383744,173899776,168231384,160.44,9735277
1765903052925,2292.92,178.26,244547584,173899776,168392984,160.59,9735954
1765903053026,2293.05,178.31,244547584,173899776,168395104,160.59,9735954
1765903053127,2297.86,180.58,244121600,173899776,167992792,160.21,9737303
1765903053228,2298.01,180.64,244121600,173899776,167994912,160.21,9737303
1765903053328,2300.95,181.81,244285440,173899776,168157176,160.37,9737974
1765903053430,2303.08,182.74,244449280,173899776,168318720,160.52,9738652
1765903053530,2303.26,182.80,244449280,173899776,168320840,160.52,9738652
1765903053631,2308.59,184.13,244826112,173899776,168642544,160.83,9740001
1765903053731,2308.77,184.19,244826112,173899776,168644664,160.83,9740001
1765903053834,2313.65,185.91,244301824,173899776,168155888,160.37,9749542
1765903053935,2313.73,185.97,244318208,173899776,168158120,160.37,9749542
1765903054037,2313.86,186.03,244318208,173899776,168160216,160.37,9749542
1765903054137,2318.17,188.38,244613120,173899776,168481936,160.68,9742699
1765903054237,2318.31,188.44,244613120,173899776,168484056,160.68,9742699
1765903054337,2322.07,190.39,244252672,174161920,168181168,160.39,9744048
1765903054438,2322.16,190.42,244252672,174161920,168183288,160.39,9744048
1765903054540,2322.28,190.49,244269056,174161920,168185384,160.39,9744048
1765903054640,2326.00,192.43,244580352,174161920,168507024,160.70,9745397
1765903054742,2326.13,192.50,244596736,174161920,168509144,160.70,9745397
1765903054842,2332.13,194.37,244891648,174161920,168831016,161.01,9754938
1765903054943,2332.23,194.43,244908032,174161920,168833136,161.01,9754938
1765903055044,2332.41,194.50,244908032,174161920,168835232,161.01,9754938
1765903055145,2336.83,196.49,245514240,175472640,168332432,160.53,9756287
1765903055247,2337.02,196.56,245514240,175472640,168334552,160.54,9756287
1765903055347,2341.55,198.62,245825536,175472640,168656208,160.84,9757636
1765903055448,2341.66,198.67,245825536,175472640,168658328,160.85,9757636
1765903055549,2341.81,198.73,245825536,175472640,168660424,160.85,9757636
1765903055650,2346.52,201.02,246136832,175472640,168982248,161.15,9758985
1765903055751,2346.64,201.09,246153216,175472640,168984368,161.16,9758985
1765903055853,2352.13,203.13,246448128,175472640,168546976,160.74,9760334
1765903055953,2352.25,203.20,246448128,175472640,168549096,160.74,9760334
1765903056054,2352.37,203.25,246448128,175472640,168551192,160.74,9760334
1765903056155,2359.22,205.43,246480896,175472640,168873088,161.05,9761683
1765903056256,2359.38,205.49,246480896,175472640,168875208,161.05,9761683
1765903056358,2365.65,207.43,246497280,175472640,169196040,161.36,9763032
1765903056458,2365.78,207.49,246497280,175472640,169198160,161.36,9763032
1765903056559,2365.93,207.56,246497280,175472640,169200256,161.36,9763032
1765903056660,2372.02,209.31,246595584,175472640,168709416,160.89,9764381
1765903056762,2372.18,209.38,246595584,175472640,168711504,160.90,9764381
1765903056862,2375.93,211.24,246595584,175472640,169030792,161.20,9773922
1765903056963,2376.06,211.31,246595584,175472640,169032880,161.20,9773922
1765903057064,2376.18,211.36,246595584,175472640,169034944,161.20,9773922
1765903057165,2386.22,213.60,246644736,175472640,169354464,161.51,9775271
1765903057266,2386.33,213.64,246644736,175472640,169356504,161.51,9775271
1765903057368,2391.84,215.62,246808576,175472640,168876840,161.05,9776620
1765903057469,2391.98,215.67,246808576,175472640,168878880,161.06,9776620
1765903057570,2392.10,215.72,246808576,175472640,168880896,161.06,9776620
1765903057671,2395.97,217.72,246808576,175472640,169202112,161.36,9777969
1765903057772,2396.11,217.77,246808576,175472640,169204152,161.37,9777969
1765903057873,2400.69,219.81,246890496,175734784,168707256,160.89,9787510
1765903057974,2400.81,219.88,246890496,175734784,168709296,160.89,9787510
1765903058075,2403.14,220.94,246890496,175734784,168864512,161.04,9779989
1765903058175,2405.21,222.03,246890496,175734784,169019168,161.19,9780667
1765903058275,2405.33,222.09,246890496,175734784,169021208,161.19,9780667
1765903058376,2413.26,224.36,246906880,175734784,169586992,161.73,9782016
1765903058476,2413.43,224.43,246906880,175734784,169589032,161.73,9782016
1765903058577,2417.41,225.76,246923264,175734784,169740360,161.88,9782687
1765903058679,2419.45,226.80,247054336,176259072,169101032,161.27,9783365
1765903058780,2419.64,226.88,247054336,176259072,169103072,161.27,9783365
1765903058882,2428.63,228.48,247070720,176259072,169404680,161.56,9792906
1765903058983,2428.73,228.52,247070720,176259072,169406720,161.56,9792906
1765903059084,2432.31,230.21,247070720,176259072,169705552,161.84,9794255
1765903059185,2432.43,230.28,247070720,176259072,169707712,161.85,9794255
1765903059286,2432.56,230.33,247070720,176259072,169709728,161.85,9794255
1765903059387,2440.72,232.05,247398400,178356224,169227600,161.39,9795604
1765903059488,2440.83,232.15,247398400,178356224,169229640,161.39,9795604
1765903059589,2449.64,234.51,247414784,178356224,169529280,161.68,9796953
1765903059690,2449.76,234.57,247414784,178356224,169531320,161.68,9796953
1765903059791,2449.87,234.62,247414784,178356224,169533336,161.68,9796953
1765903059892,2475.79,236.87,247595008,178356224,169832720,161.97,9806494
1765903059993,2475.93,236.93,247595008,178356224,169834760,161.97,9806494
1765903060094,2478.81,238.53,247644160,178356224,170132912,162.25,9807843
1765903060195,2478.92,238.57,247644160,178356224,170134952,162.25,9807843
1765903060297,2479.11,238.64,247644160,178356224,170136968,162.26,9807843
1765903060398,2482.95,240.52,247939072,178356224,170435040,162.54,9809192
1765903060498,2483.24,240.59,247939072,178356224,170437688,162.54,9809192
1765903060599,2485.86,242.03,248233984,178356224,170735768,162.83,9810541
1765903060700,2486.00,242.07,248250368,178356224,170737808,162.83,9810541
1765903060800,2486.24,242.18,248250368,178356224,170739824,162.83,9810541
1765903060902,2509.04,248.32,230588416,178356224,171040512,163.12,9820081
1765903061003,2509.16,248.39,230604800,178356224,171042552,163.12,9820081
1765903061104,2514.03,250.35,230817792,178356224,169713480,161.85,9805046
1765903061205,2514.15,250.40,230817792,178356224,169715520,161.85,9805046
1765903061307,2514.30,250.46,230817792,178356224,169717536,161.86,9805046
1765903061407,2517.50,252.37,230817792,178356224,170013880,162.14,9806395
1765903061509,2517.61,252.43,230817792,178356224,170015920,162.14,9806395
1765903061609,2529.69,254.53,230981632,178356224,170316184,162.43,9807744
1765903061711,2529.79,254.59,230981632,178356224,170318224,162.43,9807744
1765903061811,2529.91,254.65,230981632,178356224,170320240,162.43,9807744
1765903061913,2534.69,256.74,231276544,178356224,170611296,162.71,9817282
1765903062013,2534.82,256.80,231276544,178356224,170613336,162.71,9817282
1765903062114,2538.69,259.25,231555072,178356224,170904352,162.99,9818631
1765903062215,2538.86,259.30,231555072,178356224,170906392,162.99,9818631
1765903062316,2539.05,259.41,231555072,178356224,170908408,162.99,9818631
1765903062417,2542.48,261.29,231866368,178356224,171203464,163.27,9819980
1765903062518,2542.57,261.33,231866368,178356224,171205504,163.27,9819980
1765903062619,2547.50,263.13,232095744,178618368,169971840,162.10,9813137
1765903062720,2547.61,263.18,232095744,178618368,169973880,162.10,9813137
1765903062822,2547.76,263.26,232095744,178618368,169975896,162.10,9813137
1765903062923,2555.77,265.58,232112128,178618368,170275904,162.39,9822678
1765903063024,2555.89,265.63,232112128,178618368,170277944,162.39,9822678
1765903063125,2565.58,267.77,232112128,178618368,170564480,162.66,9824027
1765903063225,2565.70,267.84,232112128,178618368,170566520,162.66,9824027
1765903063325,2567.83,269.01,232128512,178618368,170710664,162.80,9824697
1765903063426,2570.00,269.77,232128512,178618368,170854192,162.94,9825375
1765903063528,2570.11,269.83,232128512,178618368,170856232,162.94,9825375
1765903063628,2573.39,271.55,232144896,178618368,171141880,163.21,9826724
1765903063729,2573.51,271.60,232144896,178618368,171143920,163.22,9826724
1765903063829,2575.40,272.64,232144896,178618368,171288288,163.35,9835587
1765903063930,2576.94,273.60,232144896,178618368,171431816,163.49,9836265
1765903064031,2577.11,273.66,232144896,178618368,171433856,163.49,9836265
1765903064132,2583.34,275.71,232390656,179142656,170407672,162.51,9821230
1765903064233,2583.49,275.77,232390656,179142656,170409712,162.52,9821230
1765903064333,2595.18,277.95,232423424,179142656,170695984,162.79,9822578
1765903064434,2596.52,278.07,232423424,179142656,170698576,162.79,9822578
1765903064535,2596.62,278.12,232423424,179142656,170700592,162.79,9822578
1765903064636,2600.12,279.84,232439808,179142656,170985568,163.06,9823926
1765903064738,2600.30,279.90,232439808,179142656,170987608,163.07,9823926
1765903064837,2604.01,282.08,232439808,179142656,171272816,163.34,9833467
1765903064938,2604.07,282.11,232439808,179142656,171274856,163.34,9833467
1765903065040,2604.16,282.15,232439808,179142656,171276872,163.34,9833467
1765903065140,2607.57,284.24,232439808,179142656,171561864,163.61,9834816
1765903065242,2607.69,284.29,232439808,179142656,171563904,163.62,9834816
1765903065342,2611.20,286.16,232456192,179142656,171849208,163.89,9836165
1765903065444,2611.32,286.20,232456192,179142656,171851248,163.89,9836165
1765903065544,2611.45,286.25,232456192,179142656,171853264,163.89,9836165
1765903065645,2616.81,288.32,232685568,179404800,170600424,162.70,9829322
1765903065746,2616.99,288.37,232685568,179404800,170602464,162.70,9829322
1765903065847,2621.85,290.29,232701952,179404800,170888120,162.97,9838866
1765903065947,2621.95,290.32,232701952,179404800,170890160,162.97,9838866
1765903066049,2622.07,290.36,232701952,179404800,170892176,162.98,9838866
1765903066149,2625.38,292.06,232701952,179404800,171175504,163.25,9840217
1765903066251,2625.49,292.12,232718336,179404800,171177544,163.25,9840217
1765903066351,2632.66,294.21,232734720,179404800,171461640,163.52,9841566
1765903066452,2632.75,294.25,232734720,179404800,171463680,163.52,9841566
1765903066553,2632.85,294.30,232734720,179404800,171465696,163.52,9841566
1765903066654,2635.82,296.06,232734720,179404800,171746560,163.79,9842916
1765903066755,2635.93,296.11,232734720,179404800,171748600,163.79,9842916
1765903066856,2641.06,298.24,232931328,179404800,170570064,162.67,9852457
1765903066957,2641.14,298.28,232931328,179404800,170572104,162.67,9852457
1765903067058,2641.22,298.35,232931328,179404800,170574120,162.67,9852457
1765903067159,2644.78,300.47,232947712,179404800,170854928,162.94,9837422
1765903067261,2644.96,300.53,232947712,179404800,170856968,162.94,9837422
1765903067361,2651.89,302.96,232947712,179404800,171137960,163.21,9838772
1765903067463,2651.99,303.00,232947712,179404800,171140000,163.21,9838772
1765903067563,2652.16,303.06,232947712,179404800,171142016,163.21,9838772
1765903067664,2657.26,305.82,232964096,179404800,171425248,163.48,9840121
1765903067765,2657.36,305.86,232964096,179404800,171427288,163.49,9840121
1765903067866,2660.43,307.95,232964096,179404800,171708360,163.75,9849664
1765903067967,2660.51,307.99,232964096,179404800,171710400,163.76,9849664
1765903068068,2660.61,308.04,232964096,179404800,171712416,163.76,9849664
1765903068169,2664.20,310.21,232964096,179404800,171999808,164.03,9851014
1765903068270,2664.35,310.27,232964096,179404800,172001848,164.03,9851014
1765903068371,2667.36,312.54,232980480,179404800,172282680,164.30,9852363
1765903068472,2667.45,312.58,232980480,179404800,172284720,164.30,9852363
1765903068575,2670.97,314.13,233488384,184123392,170955936,163.04,9853034
1765903068676,2672.83,315.00,233488384,184123392,171097112,163.17,9845520
1765903068777,2672.95,315.05,233488384,184123392,171099152,163.17,9845520
1765903068879,2678.36,317.02,233504768,184123392,171383392,163.44,9855060
1765903068979,2678.47,317.08,233504768,184123392,171385432,163.45,9855060
1765903069080,2680.59,318.31,233521152,184123392,171527152,163.58,9855731
1765903069181,2681.85,319.27,233521152,184123392,171668312,163.72,9856409
1765903069282,2682.01,319.32,233521152,184123392,171670352,163.72,9856409
1765903069383,2686.84,321.40,233521152,184123392,171951176,163.99,9857758
1765903069485,2686.95,321.45,233521152,184123392,171953216,163.99,9857758
1765903069585,2690.45,323.34,233521152,184123392,172234024,164.26,9859107
1765903069686,2690.57,323.38,233521152,184123392,172236064,164.26,9859107
1765903069787,2690.68,323.43,233521152,184123392,172238080,164.26,9859107
1765903069888,2693.85,325.38,233537536,184123392,172519264,164.53,9868648
1765903069989,2693.95,325.45,233537536,184123392,172521304,164.53,9868648
1765903070089,2697.34,327.49,233750528,184123392,172802128,164.80,9869997
1765903070190,2697.42,327.53,233750528,184123392,172804168,164.80,9869997
1765903070292,2697.50,327.58,233750528,184123392,172806184,164.80,9869997
1765903070393,2701.12,329.70,234029056,184123392,173087024,165.07,9871346
1765903070494,2701.24,329.76,234029056,184123392,173089064,165.07,9871346
1765903070595,2704.90,332.04,234307584,184123392,173369920,165.34,9872695
1765903070697,2705.01,332.09,234307584,184123392,173371960,165.34,9872695
1765903070798,2705.10,332.13,234307584,184123392,173373976,165.34,9872695
1765903070898,2710.20,334.86,234569728,184123392,173656656,165.61,9882236
1765903070999,2710.36,334.91,234569728,184123392,173658696,165.61,9882236
1765903071101,2715.03,336.83,234864640,184123392,173940664,165.88,9883585
1765903071201,2715.11,336.87,234864640,184123392,173942704,165.88,9883585
1765903071302,2715.26,336.92,234864640,184123392,173944720,165.89,9883585
1765903071403,2729.79,339.46,235192320,184385536,174438552,166.36,9884933
1765903071504,2729.96,339.55,235225088,184385536,174440592,166.36,9884933
1765903071605,2734.56,341.93,235487232,184385536,174720608,166.63,9886282
1765903071706,2734.67,341.97,235487232,184385536,174722648,166.63,9886282
1765903071807,2734.78,342.04,235487232,184385536,174724664,166.63,9886282
1765903071909,2740.25,344.56,235913216,184647680,171804464,163.85,9863055
1765903072009,2740.36,344.64,235913216,184647680,171806504,163.85,9863055
1765903072110,2743.81,346.68,235929600,184647680,172086608,164.11,9864404
1765903072212,2743.87,346.70,235929600,184647680,172088648,164.12,9864404
1765903072313,2743.97,346.75,235929600,184647680,172090664,164.12,9864404
1765903072413,2756.76,348.87,235962368,184647680,172426088,164.44,9865753
1765903072514,2756.83,348.90,235962368,184647680,172428128,164.44,9865753
1765903072615,2760.61,350.93,235978752,184647680,172695560,164.70,9867102
1765903072716,2760.69,350.97,235978752,184647680,172697600,164.70,9867102
1765903072817,2760.78,351.02,235978752,184647680,172699616,164.70,9867102
1765903072918,2764.09,352.87,235978752,184647680,172967264,164.95,9876642
1765903073020,2764.22,352.96,235978752,184647680,172969304,164.96,9876642
1765903073121,2767.60,354.83,236044288,184647680,173392544,165.36,9877991
1765903073221,2767.69,354.86,236044288,184647680,173394584,165.36,9877991
1765903073325,2769.64,355.85,236175360,184647680,173529560,165.49,9878662
1765903073426,2771.40,356.74,236290048,184647680,173664136,165.62,9879340
1765903073527,2771.58,356.81,236306432,184647680,173666176,165.62,9879340
1765903073629,2774.80,358.85,236568576,184647680,173933800,165.88,9880688
1765903073729,2774.97,358.90,236568576,184647680,173935840,165.88,9880688
1765903073830,2777.07,360.41,236699648,184647680,174071096,166.01,9889551
1765903073930,2778.58,361.33,236830720,184647680,174205528,166.14,9890229
1765903074031,2778.69,361.38,236830720,184647680,174207568,166.14,9890229
1765903074132,2782.85,363.51,237125632,184647680,174475104,166.39,9891578
1765903074233,2782.97,363.55,237125632,184647680,174477144,166.39,9891578
1765903074334,2786.03,365.75,237371392,184647680,174744528,166.65,9892927
1765903074435,2786.13,365.80,237387776,184647680,174746568,166.65,9892927
1765903074535,2786.27,365.85,237387776,184647680,174748584,166.65,9892927
1765903074636,2790.85,367.97,237633536,184647680,175016520,166.91,9894276
1765903074736,2790.94,368.01,237633536,184647680,175018560,166.91,9894276
1765903074836,2797.11,370.96,238387200,185434112,172360552,164.38,9903817
1765903074937,2797.24,371.05,238387200,185434112,172362592,164.38,9903817
1765903075038,2797.36,371.10,238387200,185434112,172364608,164.38,9903817
1765903075139,2800.58,372.89,238387200,185434112,172631424,164.63,9880590
1765903075240,2800.65,372.94,238387200,185434112,172633464,164.64,9880590
1765903075341,2804.15,374.88,238403584,185434112,172900240,164.89,9881939
1765903075442,2804.27,374.93,238403584,185434112,172902280,164.89,9881939
1765903075544,2804.37,374.96,238403584,185434112,172904296,164.89,9881939
1765903075645,2810.46,377.02,238403584,185434112,173171248,165.15,9883289
1765903075745,2810.61,377.06,238403584,185434112,173173288,165.15,9883289
1765903075847,2815.43,379.48,238419968,185434112,173440688,165.41,9892832
1765903075947,2815.54,379.51,238419968,185434112,173442728,165.41,9892832
1765903076047,2815.66,379.56,238419968,185434112,173444744,165.41,9892832
1765903076149,2841.08,382.20,238452736,185434112,173712192,165.66,9894183
1765903076249,2841.16,382.23,238452736,185434112,173714232,165.67,9894183
1765903076350,2859.45,384.83,238485504,185434112,173981960,165.92,9895534
1765903076451,2859.54,384.88,238485504,185434112,173984000,165.92,9895534
1765903076553,2859.65,384.93,238485504,185434112,173986016,165.93,9895534
1765903076653,2864.57,387.02,238501888,185434112,174262072,166.19,9896885
1765903076754,2864.66,387.06,238518272,185434112,174264112,166.19,9896885
1765903076855,2867.98,389.16,238518272,185434112,174530920,166.45,9906427
1765903076956,2868.13,389.21,238518272,185434112,174532960,166.45,9906427
1765903077057,2868.23,389.26,238518272,185434112,174534976,166.45,9906427
1765903077158,2871.40,391.00,238518272,185434112,174801576,166.70,9907778
1765903077260,2871.54,391.06,238518272,185434112,174803616,166.71,9907778
1765903077360,2874.84,392.94,238534656,185434112,175070264,166.96,9909129
1765903077461,2874.92,392.98,238534656,185434112,175072304,166.96,9909129
1765903077563,2875.09,393.04,238534656,185434112,175074320,166.96,9909129
1765903077663,2878.25,394.85,238534656,185434112,175341040,167.22,9910479
1765903077764,2878.35,394.89,238534656,185434112,175343080,167.22,9910479
1765903077865,2883.59,397.21,238534656,185434112,175610848,167.48,9920022
1765903077967,2883.72,397.26,238534656,185434112,175612888,167.48,9920022
1765903078067,2883.88,397.37,238534656,185434112,175614904,167.48,9920022
1765903078168,2889.07,399.89,239009792,185958400,172962640,164.95,9921372
1765903078269,2889.21,399.94,239009792,185958400,172964680,164.95,9921372
1765903078370,2892.57,402.11,239009792,185958400,173231288,165.21,9898147
1765903078471,2892.68,402.17,239009792,185958400,173233328,165.21,9898147
1765903078575,2894.54,403.23,239009792,185958400,173367888,165.34,9898819
1765903078676,2896.05,404.13,239026176,185958400,173502440,165.46,9899498
1765903078778,2896.14,404.18,239026176,185958400,173504480,165.47,9899498
1765903078878,2902.57,406.23,239026176,185958400,173772080,165.72,9909041
1765903078979,2902.68,406.27,239026176,185958400,173774120,165.72,9909041
1765903079079,2904.89,407.59,239026176,185958400,173908600,165.85,9909713
1765903079181,2906.71,408.56,239042560,185958400,174042416,165.98,9910392
1765903079281,2906.81,408.60,239042560,185958400,174044456,165.98,9910392
1765903079383,2912.45,410.74,239058944,185958400,174311632,166.24,9911742
1765903079484,2912.52,410.77,239058944,185958400,174313672,166.24,9911742
1765903079583,2916.09,412.69,239058944,185958400,174580112,166.49,9913093
1765903079684,2916.76,412.75,239058944,185958400,174582728,166.50,9913093
1765903079785,2916.85,412.79,239058944,185958400,174584744,166.50,9913093
1765903079886,2920.54,414.70,239075328,185958400,174851216,166.75,9922636
1765903079987,2920.65,414.75,239075328,185958400,174853256,166.75,9922636
1765903080088,2926.34,417.02,239075328,185958400,175119752,167.01,9923987
1765903080189,2926.41,417.06,239075328,185958400,175121792,167.01,9923987
1765903080290,2926.49,417.09,239075328,185958400,175123808,167.01,9923987
1765903080392,2929.74,419.03,239075328,185958400,175390160,167.27,9925338
1765903080492,2929.84,419.08,239075328,185958400,175392200,167.27,9925338
1765903080593,2934.39,420.96,239091712,185958400,175658504,167.52,9926688
1765903080694,2934.50,421.02,239091712,185958400,175660544,167.52,9926688
1765903080795,2934.61,421.06,239091712,185958400,175662560,167.52,9926688
1765903080896,2939.85,422.93,239091712,185958400,175929248,167.78,9936231
1765903080998,2939.99,422.98,239091712,185958400,175931288,167.78,9936231
1765903081098,2943.76,424.93,239108096,185958400,176197552,168.04,9937582
1765903081199,2943.82,424.96,239108096,185958400,176199592,168.04,9937582
1765903081300,2943.97,425.01,239108096,185958400,176201608,168.04,9937582
1765903081401,2947.51,427.05,239206400,185958400,176467848,168.29,9938933
1765903081502,2947.64,427.10,239206400,185958400,176469888,168.29,9938933
1765903081603,2952.51,429.29,239714304,186744832,173721568,165.67,9915709
1765903081704,2952.62,429.34,239714304,186744832,173723608,165.68,9915709
1765903081805,2952.70,429.38,239714304,186744832,173725624,165.68,9915709
1765903081907,2957.40,431.54,239730688,186744832,173992816,165.93,9925253
1765903082007,2957.49,431.60,239747072,186744832,173994856,165.93,9925253
1765903082108,2968.30,433.64,239763456,186744832,174261072,166.19,9926607
1765903082210,2968.37,433.68,239763456,186744832,174263112,166.19,9926607
1765903082311,2968.52,433.74,239763456,186744832,174265128,166.19,9926607
1765903082412,2974.53,435.79,239763456,186744832,174529656,166.44,9927958
1765903082513,2974.63,435.84,239763456,186744832,174531696,166.45,9927958
1765903082614,2978.19,437.76,239779840,186744832,174795272,166.70,9929309
1765903082715,2978.26,437.79,239779840,186744832,174797312,166.70,9929309
1765903082817,2978.32,437.82,239779840,186744832,174799328,166.70,9929309
1765903082917,2985.61,440.38,239779840,186744832,175063856,166.95,9938852
1765903083018,2985.70,440.42,239779840,186744832,175065896,166.96,9938852
1765903083119,2989.57,442.64,239779840,186744832,175353288,167.23,9940203
1765903083221,2989.67,442.68,239779840,186744832,175355328,167.23,9940203
1765903083324,2991.39,443.71,239779840,186744832,175488376,167.36,9940876
1765903083425,2992.70,444.52,239779840,186744832,175620848,167.49,9941555
1765903083526,2992.86,444.57,239779840,186744832,175622888,167.49,9941555
1765903083628,2996.15,446.59,239796224,186744832,175886440,167.74,9942906
1765903083728,2996.24,446.63,239796224,186744832,175888480,167.74,9942906
1765903083828,2997.84,447.83,239796224,186744832,176021792,167.87,9951771
1765903083929,2999.58,448.93,239796224,186744832,176154264,167.99,9952450
1765903084030,2999.68,448.98,239796224,186744832,176156304,168.00,9952450
1765903084132,3009.71,451.13,239828992,186744832,176651232,168.47,9953801
1765903084233,3009.82,451.17,239828992,186744832,176653272,168.47,9953801
1765903084333,3013.34,452.92,239828992,186744832,176916288,168.72,9955151
1765903084435,3013.41,452.97,239828992,186744832,176918328,168.72,9955151
1765903084536,3013.51,453.02,239828992,186744832,176920344,168.72,9955151
1765903084636,3021.00,455.41,239861760,186744832,177183632,168.98,9956502
1765903084737,3021.09,455.46,239861760,186744832,177185672,168.98,9956502
1765903084838,3029.70,457.99,240336896,187531264,174407496,166.33,9941469
1765903084939,3029.78,458.06,240336896,187531264,174409536,166.33,9941469
1765903085040,3029.87,458.10,240336896,187531264,174411552,166.33,9941469
1765903085141,3032.73,459.96,240353280,187531264,174674808,166.58,9942820
1765903085242,3032.87,460.01,240353280,187531264,174676848,166.58,9942820
1765903085343,3036.24,461.99,240353280,187531264,174939832,166.84,9944171
1765903085444,3036.34,462.03,240353280,187531264,174941872,166.84,9944171
1765903085545,3036.43,462.08,240353280,187531264,174943888,166.84,9944171
1765903085646,3040.79,464.13,240369664,187531264,175206792,167.09,9945523
1765903085748,3040.95,464.18,240369664,187531264,175208832,167.09,9945523
1765903085848,3044.33,466.23,240369664,187531264,175471944,167.34,9955066
1765903085949,3044.38,466.25,240369664,187531264,175473984,167.35,9955066
1765903086050,3044.44,466.29,240369664,187531264,175476000,167.35,9955066
1765903086151,3047.62,468.44,240369664,187531264,175738880,167.60,9956417
1765903086252,3047.72,468.48,240369664,187531264,175740920,167.60,9956417
1765903086353,3050.34,470.20,240386048,187531264,176003848,167.85,9957768
1765903086454,3050.45,470.24,240386048,187531264,176005888,167.85,9957768
1765903086555,3050.56,470.29,240386048,187531264,176007904,167.85,9957768
1765903086655,3052.87,472.21,240386048,187531264,176270808,168.10,9959119
1765903086756,3052.96,472.25,240386048,187531264,176272848,168.11,9959119
1765903086856,3064.53,474.57,240418816,187531264,176537144,168.36,9968661
1765903086957,3064.59,474.60,240418816,187531264,176539184,168.36,9968661
1765903087058,3064.67,474.65,240418816,187531264,176541200,168.36,9968661
1765903087160,3070.13,476.75,240418816,187531264,176802576,168.61,9970013
1765903087259,3070.26,476.80,240435200,187531264,176804616,168.61,9970013
1765903087359,3073.83,478.74,240435200,187531264,177065592,168.86,9971364
1765903087461,3073.91,478.77,240435200,187531264,177067632,168.86,9971364
1765903087562,3074.01,478.81,240435200,187531264,177069648,168.87,9971364
1765903087662,3078.89,481.80,241483776,196182016,174700472,166.61,9948140
1765903087763,3079.06,481.85,241483776,196182016,174702512,166.61,9948140
1765903087864,3082.12,483.59,241483776,196182016,174963632,166.86,9957683
1765903087966,3082.19,483.63,241483776,196182016,174965672,166.86,9957683
1765903088066,3082.33,483.69,241483776,196182016,174967688,166.86,9957683
1765903088167,3085.36,485.44,241483776,196182016,175228648,167.11,9959035
1765903088269,3085.46,485.49,241483776,196182016,175230688,167.11,9959035
1765903088369,3089.54,487.70,241500160,196182016,175492288,167.36,9960386
1765903088471,3089.66,487.75,241500160,196182016,175494328,167.36,9960386
1765903088571,3089.75,487.80,241500160,196182016,175496344,167.37,9960386
1765903088672,3094.45,489.57,241500160,196182016,175757056,167.61,9961737
1765903088773,3094.56,489.63,241500160,196182016,175759096,167.62,9961737
1765903088875,3097.76,491.62,241516544,196182016,176019552,167.87,9971280
1765903088976,3097.87,491.69,241516544,196182016,176021592,167.87,9971280
1765903089076,3099.57,492.88,241516544,196182016,176153040,167.99,9971953
1765903089177,3101.12,493.84,241516544,196182016,176283864,168.12,9972632
1765903089278,3101.24,493.90,241516544,196182016,176285904,168.12,9972632
1765903089379,3104.20,495.84,241516544,196182016,176560944,168.38,9973984
1765903089480,3104.31,495.88,241516544,196182016,176562984,168.38,9973984
1765903089581,3105.90,497.27,241516544,196182016,176694576,168.51,9974656
1765903089682,3107.08,498.20,241532928,196182016,176825400,168.63,9975335
1765903089783,3107.19,498.25,241532928,196182016,176827440,168.64,9975335
1765903089884,3112.75,500.30,241549312,196182016,177090712,168.89,9984879
1765903089985,3112.84,500.35,241549312,196182016,177092752,168.89,9984879
1765903090086,3115.74,502.02,241549312,196182016,177353024,169.14,9986230
1765903090186,3115.85,502.06,241549312,196182016,177355064,169.14,9986230
1765903090286,3115.97,502.12,241549312,196182016,177357080,169.14,9986230
1765903090387,3119.46,504.06,241565696,196182016,177617144,169.39,9987583
1765903090488,3119.96,504.20,241565696,196182016,177637864,169.41,9987587
1765903090589,3122.98,506.23,241565696,196182016,177897944,169.66,9988938
1765903090690,3123.06,506.27,241565696,196182016,177899984,169.66,9988938
1765903090791,3123.19,506.35,241565696,196182016,177902000,169.66,9988938
1765903090893,3126.09,508.35,241565696,196182016,178162288,169.91,9998482
1765903090994,3126.25,508.41,241565696,196182016,178164328,169.91,9998482
1765903091095,3129.26,510.21,241827840,196182016,178424376,170.16,9999834
1765903091196,3129.39,510.26,241827840,196182016,178426544,170.16,9999834
1765903091298,3129.55,510.32,241827840,196182016,178428560,170.16,9999834
1765903091398,3133.91,512.48,242073600,196182016,178688816,170.41,10001186
1765903091499,3134.04,512.54,242073600,196182016,178690856,170.41,10001186
1765903091600,3137.64,515.04,242319360,196182016,178950904,170.66,10002538
1765903091701,3137.74,515.07,242237440,196182016,178952944,170.66,10002538
1765903091802,3137.86,515.14,242253824,196182016,178954960,170.66,10002538
1765903091903,3144.84,517.57,242515968,196182016,179216456,170.91,10012081
1765903092004,3144.96,517.64,242499584,196182016,179218496,170.92,10012081
1765903092105,3166.69,519.98,242778112,196182016,179483144,171.17,10013432
1765903092206,3166.79,520.02,242778112,196182016,179485184,171.17,10013432
1765903092307,3166.88,520.07,242794496,196182016,179487200,171.17,10013432
1765903092408,3192.51,521.87,243073024,196182016,179810368,171.48,10014784
1765903092509,3192.63,521.93,243089408,196182016,179812408,171.48,10014784
1765903092610,3195.82,523.78,243335168,196182016,180067448,171.73,10016136
1765903092711,3195.91,523.83,243335168,196182016,180069488,171.73,10016136
1765903092812,3196.03,523.87,243335168,196182016,180071504,171.73,10016136
1765903092913,3198.82,525.77,243580928,196182016,180326768,171.97,10025680
1765903093014,3199.02,525.84,243580928,196182016,180328808,171.97,10025680
1765903093115,3202.83,527.89,243990528,196182016,180830240,172.45,10027032
1765903093216,3202.93,527.93,243990528,196182016,180832280,172.46,10027032
1765903093317,3203.04,527.97,243990528,196182016,180834296,172.46,10027032
1765903093418,3206.50,529.97,244236288,196182016,181089328,172.70,10028384
1765903093519,3206.60,530.00,244236288,196182016,181091368,172.70,10028384
1765903093620,3209.39,531.93,244482048,196182016,181346520,172.95,10029736
1765903093722,3209.50,531.98,244482048,196182016,181348560,172.95,10029736
1765903093825,3211.38,533.20,244613120,196182016,181477552,173.07,10038601
1765903093925,3212.85,534.42,244760576,196182016,181605784,173.19,10039280
1765903094026,3212.95,534.47,244760576,196182016,181607824,173.19,10039280
1765903094128,3221.35,537.10,245432320,196706304,175916096,167.77,10040631
1765903094228,3221.45,537.13,245432320,196706304,175918136,167.77,10040631
1765903094329,3223.31,538.16,245432320,196706304,176046960,167.89,9983956
1765903094430,3225.08,539.25,245432320,196706304,176175216,168.01,9984635
1765903094531,3225.24,539.29,245432320,196706304,176177256,168.02,9984635
1765903094632,3229.86,541.14,245448704,196706304,176432624,168.26,9985987
1765903094733,3229.96,541.18,245448704,196706304,176434664,168.26,9985987
1765903094834,3233.68,543.38,245448704,196706304,176689880,168.50,9995531
1765903094935,3233.81,543.47,245448704,196706304,176691920,168.51,9995531
1765903095036,3233.89,543.50,245448704,196706304,176693936,168.51,9995531
1765903095137,3239.13,545.72,245481472,196706304,176949184,168.75,9996883
1765903095238,3239.23,545.76,245481472,196706304,176951224,168.75,9996883
1765903095339,3243.95,547.53,245481472,196706304,177206168,169.00,9998235
1765903095439,3244.03,547.58,245481472,196706304,177208208,169.00,9998235
1765903095540,3244.14,547.63,245481472,196706304,177210224,169.00,9998235
1765903095642,3247.26,549.49,245481472,196706304,177463840,169.24,9999587
1765903095743,3247.38,549.56,245481472,196706304,177465880,169.24,9999587
1765903095844,3251.01,551.48,245497856,196706304,177719640,169.49,10009131
1765903095945,3251.07,551.50,245497856,196706304,177721680,169.49,10009131
1765903096046,3251.14,551.54,245497856,196706304,177723696,169.49,10009131
1765903096147,3256.62,553.52,245547008,196706304,177978232,169.73,10010483
1765903096249,3256.71,553.55,245547008,196706304,177980272,169.74,10010483
1765903096350,3258.73,555.16,245547008,196706304,178233432,169.98,10011835
1765903096451,3258.84,555.20,245547008,196706304,178235472,169.98,10011835
1765903096552,3258.94,555.24,245547008,196706304,178237488,169.98,10011835
1765903096653,3261.84,557.01,245563392,196706304,178490744,170.22,10013187
1765903096754,3261.94,557.06,245563392,196706304,178492784,170.22,10013187
1765903096855,3266.70,559.09,245563392,196706304,178747232,170.47,10022731
1765903096956,3266.78,559.12,245563392,196706304,178749272,170.47,10022731
1765903097057,3266.86,559.17,245563392,196706304,178751288,170.47,10022731
1765903097159,3269.38,561.20,245678080,196706304,179004448,170.71,10024083
1765903097258,3269.48,561.24,245678080,196706304,179006488,170.71,10024083
1765903097359,3272.17,563.22,245923840,196706304,179259808,170.96,10025435
1765903097461,3273.14,563.26,245923840,196706304,179263072,170.96,10025435
1765903097562,3273.22,563.30,245923840,196706304,179265088,170.96,10025435
1765903097662,3276.46,565.37,246169600,196706304,179518240,171.20,10026786
1765903097763,3276.57,565.42,246185984,196706304,179520280,171.20,10026786
1765903097864,3280.76,567.30,246431744,196706304,179777032,171.45,10036329
1765903097966,3280.87,567.34,246431744,196706304,179779072,171.45,10036329
1765903098066,3280.99,567.41,246431744,196706304,179781088,171.45,10036329
1765903098166,3284.21,569.65,246677504,196706304,180065440,171.72,10037680
1765903098267,3284.32,569.70,246677504,196706304,180067480,171.73,10037680
1765903098369,3286.86,571.32,246923264,196706304,180320648,171.97,10039032
1765903098469,3286.96,571.35,246923264,196706304,180322688,171.97,10039032
1765903098570,3287.08,571.41,246923264,196706304,180324704,171.97,10039032
1765903098671,3289.81,573.53,247185408,196706304,180577880,172.21,10040384
1765903098772,3289.93,573.58,247185408,196706304,180579920,172.21,10040384
1765903098873,3302.14,575.65,247463936,196706304,180893000,172.51,10049928
1765903098974,3302.33,575.72,247463936,196706304,180895040,172.51,10049928
1765903099075,3304.16,576.74,247595008,196706304,181021624,172.64,10050600
1765903099177,3305.80,577.72,247709696,196706304,181147664,172.76,10051279
1765903099277,3305.92,577.76,247709696,196706304,181149704,172.76,10051279
1765903099378,3309.04,579.63,247955456,196706304,181400440,173.00,10052631
1765903099480,3309.11,579.67,247955456,196706304,181402480,173.00,10052631
1765903099580,3310.74,580.79,248086528,196706304,181529120,173.12,10053303
1765903099681,3312.40,581.67,248201216,196706304,181655248,173.24,10053982
1765903099781,3312.56,581.73,248201216,196706304,181657288,173.24,10053982
1765903099882,3317.84,583.96,248446976,196706304,181908616,173.48,10063526
1765903099983,3317.92,584.00,248446976,196706304,181910656,173.48,10063526
1765903100084,3321.01,586.32,248709120,196706304,182161440,173.72,10064876
1765903100185,3321.16,586.41,248709120,196706304,182163480,173.72,10064876
1765903100287,3321.28,586.47,248709120,196706304,182165496,173.73,10064876
1765903100387,3324.09,588.42,248954880,196706304,182416184,173.97,10066228
1765903100488,3324.19,588.50,248954880,196706304,182418224,173.97,10066228
1765903100588,3328.46,590.69,249200640,196706304,182669096,174.21,10067580
1765903100689,3328.53,590.72,249200640,196706304,182671136,174.21,10067580
1765903100790,3328.62,590.77,249200640,196706304,182673152,174.21,10067580
1765903100891,3331.43,593.06,249479168,196706304,182924024,174.45,10077124
1765903100992,3331.53,593.09,249479168,196706304,182926064,174.45,10077124
1765903101092,3399.62,599.65,250642432,198279168,177212280,169.00,10021131
1765903101193,3505.02,605.40,250593280,197754880,168085976,160.30,10021131
1765903101295,3505.14,605.45,250593280,197754880,168088016,160.30,10021131
1765903101395,3508.29,607.20,250593280,197754880,168338104,160.54,9708134
1765903101497,3508.41,607.25,250593280,197754880,168340144,160.54,9708134
1765903101597,3510.98,608.92,250593280,197754880,168591000,160.78,9709486
1765903101698,3511.05,608.94,250593280,197754880,168593040,160.78,9709486
1765903101799,3511.13,608.98,250593280,197754880,168595056,160.78,9709486
1765903101901,3515.04,610.79,250593280,197754880,168846040,161.02,9719029
1765903102002,3515.12,610.83,250593280,197754880,168848080,161.03,9719029
1765903102102,3518.23,612.73,250593280,197754880,169098832,161.27,9720379
1765903102204,3518.34,612.78,250593280,197754880,169100872,161.27,9720379
1765903102304,3518.45,612.83,250593280,197754880,169102888,161.27,9720379
1765903102405,3521.42,614.81,250593280,197754880,169353672,161.51,9721730
1765903102506,3521.52,614.87,250593280,197754880,169355712,161.51,9721730
1765903102607,3524.41,616.81,250593280,197754880,169606488,161.75,9723082
1765903102708,3524.53,616.86,250593280,197754880,169608528,161.75,9723082
1765903102809,3524.63,616.91,250593280,197754880,169610544,161.75,9723082
1765903102909,3527.52,618.88,250593280,197754880,169861536,161.99,9732626
1765903103010,3527.61,618.91,250593280,197754880,169863576,161.99,9732626
1765903103110,3531.57,621.05,250593280,197754880,170114800,162.23,9733976
1765903103211,3531.68,621.10,250593280,197754880,170116840,162.24,9733976
1765903103312,3531.78,621.16,250593280,197754880,170118856,162.24,9733976
1765903103413,3534.95,623.04,250593280,197754880,170369472,162.48,9735327
1765903103514,3535.04,623.07,250593280,197754880,170371512,162.48,9735327
1765903103615,3537.99,624.90,250593280,197754880,170622120,162.72,9736677
1765903103716,3538.07,624.95,250593280,197754880,170624160,162.72,9736677
1765903103818,3538.19,624.99,250593280,197754880,170626176,162.72,9736677
1765903103918,3541.17,627.17,250593280,197754880,170877136,162.96,9746221
1765903104020,3541.25,627.22,250593280,197754880,170879176,162.96,9746221
1765903104120,3544.08,629.18,250593280,197754880,171129808,163.20,9747573
1765903104221,3544.19,629.23,250593280,197754880,171131848,163.20,9747573
1765903104324,3545.92,630.31,250593280,197754880,171258408,163.32,9748245
1765903104426,3547.34,631.16,250593280,197754880,171384456,163.44,9748924
1765903104527,3547.43,631.20,250593280,197754880,171386496,163.45,9748924
1765903104628,3549.10,632.47,250593280,197754880,171637200,163.69,9750275
1765903104730,3549.21,632.51,250593280,197754880,171639240,163.69,9750275
1765903104830,3551.03,633.57,250593280,197754880,171766056,163.81,9759138
1765903104930,3552.61,634.43,250593280,197754880,171892096,163.93,9759817
1765903105031,3552.69,634.47,250593280,197754880,171894136,163.93,9759817
1765903105131,3555.24,636.35,250593280,197754880,172144960,164.17,9761169
1765903105232,3555.32,636.39,250593280,197754880,172147000,164.17,9761169
1765903105336,3556.90,637.55,250593280,197754880,172273560,164.29,9761842
1765903105437,3558.22,638.47,250593280,197754880,172399640,164.41,9762521
1765903105539,3558.33,638.50,250593280,197754880,172401680,164.42,9762521
1765903105638,3566.69,640.78,250593280,197754880,172653280,164.65,9763872
1765903105740,3566.81,640.82,250593280,197754880,172655320,164.66,9763872
1765903105840,3568.43,641.99,250593280,197754880,172906176,164.90,9773416
1765903105941,3568.53,642.04,250593280,197754880,172908216,164.90,9773416
1765903106043,3568.62,642.08,250593280,197754880,172910232,164.90,9773416
1765903106143,3572.40,644.14,250593280,197754880,173160896,165.14,9774767
1765903106244,3572.58,644.22,250593280,197754880,173162936,165.14,9774767
1765903106346,3576.01,646.13,250593280,197754880,173413616,165.38,9776119
1765903106446,3576.12,646.17,250593280,197754880,173415656,165.38,9776119
1765903106547,3576.22,646.22,250593280,197754880,173417672,165.38,9776119
1765903106648,3579.41,648.30,250593280,197754880,173668288,165.62,9777471
1765903106750,3579.54,648.36,250593280,197754880,173670328,165.62,9777471
1765903106850,3582.57,650.30,250593280,197754880,173921800,165.86,9787015
1765903106952,3582.63,650.33,250593280,197754880,173923840,165.87,9787015
1765903107052,3582.71,650.36,250593280,197754880,173925856,165.87,9787015
1765903107154,3585.62,652.16,250593280,197754880,174176640,166.11,9788367
1765903107255,3585.72,652.20,250593280,197754880,174178680,166.11,9788367
1765903107356,3591.66,654.04,250593280,197754880,174429056,166.35,9789718
1765903107455,3591.76,654.09,250593280,197754880,174431096,166.35,9789718
1765903107556,3591.86,654.13,250593280,197754880,174433112,166.35,9789718
1765903107656,3595.04,656.04,250593280,197754880,174683152,166.59,9791069
1765903107757,3595.23,656.09,250593280,197754880,174685192,166.59,9791069
1765903107858,3598.69,658.07,250593280,197754880,174935408,166.83,9800613
1765903107958,3598.79,658.12,250593280,197754880,174937448,166.83,9800613
1765903108059,3598.89,658.16,250593280,197754880,174939464,166.84,9800613
1765903108160,3603.64,660.06,250593280,197754880,168977000,161.15,9752813
1765903108262,3603.77,660.12,250593280,197754880,168979040,161.15,9752813
1765903108362,3607.33,662.24,250593280,197754880,169229040,161.39,9754165
1765903108463,3607.46,662.29,250593280,197754880,169231080,161.39,9754165
1765903108564,3607.58,662.35,250593280,197754880,169233096,161.39,9754165
1765903108666,3611.62,664.57,250593280,197754880,169483632,161.63,9755517
1765903108766,3611.77,664.62,250593280,197754880,169485672,161.63,9755517
1765903108868,3614.81,666.37,250593280,197754880,169744168,161.88,9765061
1765903108969,3614.92,666.42,250593280,197754880,169746208,161.88,9765061
1765903109070,3615.02,666.46,250593280,197754880,169748224,161.88,9765061
1765903109171,3618.50,668.72,250593280,197754880,170003528,162.13,9766413
1765903109272,3618.62,668.77,250593280,197754880,170005568,162.13,9766413
1765903109373,3621.64,670.75,250593280,197754880,170261728,162.37,9767765
1765903109474,3621.74,670.80,250593280,197754880,170263768,162.38,9767765
1765903109575,3623.50,671.91,250593280,197754880,170392328,162.50,9768438
1765903109677,3624.51,672.68,250593280,197754880,170518064,162.62,9769117
1765903109777,3624.65,672.74,250593280,197754880,170522416,162.62,9769117
1765903109878,3628.31,674.70,250593280,197754880,170777040,162.87,9778661
1765903109979,3628.44,674.76,250593280,197754880,170779080,162.87,9778661
1765903110080,3631.17,675.91,250593280,197754880,170910240,162.99,9779334
1765903110180,3632.66,676.67,250593280,197754880,171038432,163.11,9780013
1765903110281,3632.83,676.74,250593280,197754880,171040472,163.12,9780013
1765903110381,3635.34,678.49,250593280,197754880,171296672,163.36,9781364
1765903110483,3635.42,678.53,250593280,197754880,171298712,163.36,9781364
1765903110644,3740.55,688.73,285556736,230883328,198851264,189.64,9765653
1765903110744,3959.68,698.81,301039616,247660544,214104272,204.19,9766332
1765903110844,4111.55,704.92,301072384,248086528,223305192,212.96,9716325
1765903110944,4325.96,710.10,306003968,252805120,213996592,204.08,9716325
1765903111045,4341.45,710.89,306495488,252805120,222225272,211.93,9718399
1765903111146,4343.58,712.13,306511872,252805120,222490776,212.18,9719750
1765903111247,4343.70,712.16,306511872,252805120,222492816,212.19,9719750
1765903111349,4346.07,713.41,306511872,252805120,222758088,212.44,9721102
1765903111449,4346.21,713.49,306511872,252805120,222760128,212.44,9721102
1765903111550,4346.35,713.55,306511872,252805120,222762144,212.44,9721102
1765903111651,4350.75,715.01,306511872,252805120,223027984,212.70,9730646
1765903111752,4350.86,715.05,306511872,252805120,223030024,212.70,9730646
1765903111853,4354.90,716.72,306528256,252805120,223295240,212.95,9731996
1765903111954,4355.01,716.76,306528256,252805120,223297280,212.95,9731996
1765903112055,4355.13,716.79,306528256,252805120,223299296,212.95,9731996
1765903112156,4359.20,718.58,306528256,252805120,223564080,213.21,9733348
1765903112257,4359.31,718.63,306528256,252805120,223566120,213.21,9733348
1765903112358,4362.77,720.20,306544640,252805120,223830520,213.46,9734699
1765903112459,4362.89,720.25,306544640,252805120,223832560,213.46,9734699
1765903112560,4363.00,720.30,306544640,252805120,223834576,213.47,9734699
1765903112661,4366.63,722.24,306544640,252805120,224099112,213.72,9744241
1765903112763,4366.79,722.29,306544640,252805120,224101152,213.72,9744241
1765903112863,4370.92,724.44,306561024,252805120,224365528,213.97,9745593
1765903112965,4371.02,724.49,306561024,252805120,224367568,213.97,9745593
1765903113066,4371.11,724.53,306561024,252805120,224369584,213.98,9745593
1765903113168,4374.58,726.56,306561024,252805120,224633952,214.23,9746945
1765903113267,4374.68,726.61,306561024,252805120,224635992,214.23,9746945
1765903113369,4379.47,728.58,306577408,252805120,224900504,214.48,9748295
1765903113470,4379.58,728.63,306577408,252805120,224902544,214.48,9748295
1765903113571,4379.68,728.67,306577408,252805120,224904560,214.49,9748295
1765903113673,4384.99,730.55,306577408,252805120,225170552,214.74,9757839
1765903113774,4385.09,730.60,306577408,252805120,225172592,214.74,9757839
1765903113875,4388.70,732.50,306577408,252805120,225436920,214.99,9759190
1765903113977,4388.81,732.54,306577408,252805120,225438960,215.00,9759190
1765903114077,4391.01,733.66,306593792,252805120,225572512,215.12,9759863
1765903114178,4392.34,734.58,306593792,252805120,225705384,215.25,9760542
1765903114280,4392.51,734.64,306593792,252805120,225707424,215.25,9760542
1765903114381,4395.81,736.38,306593792,252805120,225971760,215.50,9761894
1765903114481,4395.90,736.41,306593792,252805120,225973800,215.51,9761894
1765903114582,4401.37,738.48,306610176,252805120,226239272,215.76,9771438
1765903114684,4401.45,738.54,306610176,252805120,226241312,215.76,9771438
1765903114784,4401.60,738.59,306610176,252805120,226243328,215.76,9771438
1765903114886,4405.50,740.54,306610176,252805120,226507704,216.01,9772790
1765903114986,4405.64,740.59,306610176,252805120,226509744,216.02,9772790
1765903115086,4409.43,742.36,306610176,252805120,226774088,216.27,9774142
1765903115188,4409.54,742.42,306610176,252805120,226776128,216.27,9774142
1765903115288,4409.72,742.47,306610176,252805120,226778144,216.27,9774142
1765903115390,4412.04,743.64,306593792,252805120,227138496,216.62,9775494
1765903115490,4412.16,743.69,298614784,252805120,227140536,216.62,9775494
1765903115591,4416.11,745.50,294715392,252805120,227405144,216.87,9785037
1765903115692,4416.21,745.53,294715392,252805120,227407184,216.87,9785037
1765903115793,4416.34,745.58,294715392,252805120,227409200,216.87,9785037
1765903115894,4420.29,747.42,294731776,252805120,227673544,217.13,9786388
1765903115995,4420.39,747.47,294731776,252805120,227675584,217.13,9786388
1765903116096,4430.24,750.25,295075840,253591552,214728720,204.78,9754947
1765903116197,4430.37,750.30,295075840,253591552,214730760,204.78,9754947
1765903116298,4430.56,750.36,295075840,253591552,214732776,204.79,9754947
1765903116399,4432.99,751.97,294109184,253591552,214997136,205.04,9756298
1765903116501,4433.11,752.01,294109184,253591552,214999176,205.04,9756298
1765903116601,4435.72,753.05,294010880,253591552,215263968,205.29,9765842
1765903116702,4435.80,753.08,294010880,253591552,215266008,205.29,9765842
1765903116803,4435.90,753.11,294010880,253591552,215268024,205.30,9765842
1765903116904,4441.13,754.67,294027264,253591552,215533232,205.55,9767193
1765903117004,4441.24,754.71,294027264,253591552,215535272,205.55,9767193
1765903117106,4444.87,756.46,293371904,253591552,215799640,205.80,9768545
1765903117206,4444.99,756.51,293371904,253591552,215801680,205.80,9768545
1765903117307,4445.10,756.55,293371904,253591552,215803696,205.81,9768545
1765903117408,4448.56,758.22,293388288,253591552,216068024,206.06,9769897
1765903117509,4448.66,758.27,292995072,253591552,216070064,206.06,9769897
1765903117611,4452.97,760.14,292995072,253591552,216334688,206.31,9779440
1765903117712,4453.08,760.19,292995072,253591552,216336728,206.31,9779440
1765903117813,4453.19,760.23,292995072,253591552,216338744,206.32,9779440
1765903117914,4456.37,762.08,292995072,253591552,216603104,206.57,9780792
1765903118015,4456.46,762.11,292995072,253591552,216605144,206.57,9780792
1765903118116,4460.09,764.00,293011456,253591552,216869568,206.82,9782143
1765903118217,4460.18,764.03,293011456,253591552,216871608,206.82,9782143
1765903118318,4460.27,764.08,293011456,253591552,216873624,206.83,9782143
1765903118419,4463.80,766.01,293011456,253591552,217137952,207.08,9783494
1765903118520,4463.92,766.04,293011456,253591552,217139992,207.08,9783494
1765903118622,4468.01,768.00,293011456,253591552,217404560,207.33,9793037
1765903118723,4468.09,768.04,293011456,253591552,217406600,207.34,9793037
1765903118825,4469.72,768.99,293011456,253591552,217540088,207.46,9793710
1765903118925,4640.25,785.08,251199488,199589888,168899800,161.08,9717024
1765903119026,4640.38,785.12,251199488,199589888,168939272,161.11,9717024
1765903119127,4646.00,787.00,251199488,199589888,169212120,161.37,9718376
1765903119228,4646.10,787.05,251199488,199589888,169214160,161.38,9718376
1765903119328,4648.58,788.12,251199488,199589888,169348112,161.50,9719048
1765903119429,4649.63,788.98,251199488,199589888,169481128,161.63,9719727
1765903119530,4830.57,799.75,230850560,175734784,168983416,161.16,9716345
1765903119631,4833.11,800.84,231456768,178880512,168723576,160.91,9725889
1765903119732,4833.17,800.86,231456768,178880512,168725616,160.91,9725889
1765903119835,4837.52,802.54,231718912,178880512,169007624,161.18,9727241
1765903119935,4837.63,802.59,231718912,178880512,169009664,161.18,9727241
1765903120036,4837.76,802.64,231718912,178880512,169011680,161.18,9727241
1765903120136,4931.97,807.98,232062976,178880512,169327256,161.48,9728592
1765903120238,4981.18,812.36,231194624,175734784,168768040,160.95,9716345
1765903120337,4983.93,813.79,231211008,175734784,169272944,161.43,9717696
1765903120438,4984.07,813.84,231211008,175734784,169275592,161.43,9717696
1765903120539,4984.19,813.89,231211008,175734784,169277608,161.44,9717696
1765903120640,4990.72,815.96,231604224,176783360,168626968,160.82,9727240
1765903120741,4990.83,816.01,231604224,176783360,168629008,160.82,9727240
1765903120842,4995.71,818.22,231866368,176783360,168907016,161.08,9728592
1765903120943,4995.81,818.25,231866368,176783360,168909056,161.08,9728592
1765903121044,4995.92,818.30,231866368,176783360,168911072,161.09,9728592
1765903121145,4999.45,820.29,232177664,176783360,169188720,161.35,9729943
1765903121246,4999.62,820.34,232177664,176783360,169190760,161.35,9729943
1765903121347,5004.97,822.22,232407040,176783360,168643840,160.83,9731294
1765903121448,5005.07,822.26,232407040,176783360,168645880,160.83,9731294
1765903121550,5005.17,822.30,232407040,176783360,168647896,160.84,9731294
1765903121651,5013.97,824.27,232423424,176783360,168932136,161.11,9740837
1765903121752,5014.07,824.30,232423424,176783360,168934176,161.11,9740837
1765903121853,5017.69,826.21,232423424,176783360,169211696,161.37,9742189
1765903121954,5017.78,826.24,232423424,176783360,169213736,161.37,9742189
1765903122055,5017.87,826.27,232423424,176783360,169215752,161.38,9742189
1765903122156,5021.96,827.89,232423424,176783360,168755992,160.94,9743540
1765903122258,5022.08,827.93,232423424,176783360,168758032,160.94,9743540
1765903122358,5027.44,829.79,232439808,176783360,169039608,161.21,9744891
1765903122460,5027.54,829.83,232439808,176783360,169041648,161.21,9744891
1765903122561,5027.64,829.87,232439808,176783360,169043664,161.21,9744891
1765903122661,5030.67,831.92,232439808,176783360,169321424,161.48,9754434
1765903122763,5030.81,831.96,232439808,176783360,169323464,161.48,9754434
1765903122864,5035.31,833.80,232439808,176783360,168865720,161.04,9755785
1765903122963,5035.44,833.83,232439808,176783360,168867760,161.04,9755785
1765903123065,5035.60,833.90,232439808,176783360,168869776,161.05,9755785
1765903123165,5042.83,836.12,232456192,176783360,169148128,161.31,9748944
1765903123266,5042.94,836.16,232456192,176783360,169150168,161.31,9748944
1765903123367,5046.44,838.12,232456192,176783360,169428104,161.58,9750295
1765903123467,5046.52,838.15,232456192,176783360,169430144,161.58,9750295
1765903123568,5046.59,838.19,232456192,176783360,169432160,161.58,9750295
1765903123669,5054.70,840.36,232472576,176783360,169717640,161.86,9759839
1765903123771,5054.79,840.39,232472576,176783360,169719680,161.86,9759839
1765903123872,5059.28,841.88,232472576,176783360,169215352,161.38,9752998
1765903123972,5059.36,841.91,232472576,176783360,169217392,161.38,9752998
1765903124074,5062.58,842.92,232488960,176783360,169357544,161.51,9753670
1765903124175,5068.91,844.14,232488960,176783360,169497120,161.65,9754349
1765903124276,5069.01,844.18,232488960,176783360,169499160,161.65,9754349
1765903124377,5074.89,846.16,232505344,176783360,169780352,161.92,9755701
1765903124479,5074.98,846.21,232505344,176783360,169782392,161.92,9755701
1765903124578,5078.97,847.18,232636416,178880512,169143800,161.31,9764565
1765903124679,5080.39,848.07,232636416,178880512,169283024,161.44,9757052
1765903124781,5080.51,848.11,232636416,178880512,169285064,161.44,9757052
1765903124881,5084.84,850.02,232636416,178880512,169561832,161.71,9758403
1765903124982,5084.95,850.06,232636416,178880512,169563872,161.71,9758403
1765903125083,5089.23,852.18,232652800,178880512,169840504,161.97,9759754
1765903125185,5089.31,852.23,232652800,178880512,169842544,161.97,9759754
1765903125286,5089.40,852.28,232652800,178880512,169844560,161.98,9759754
1765903125385,5092.72,854.07,232767488,178880512,170121000,162.24,9761105
1765903125487,5092.82,854.11,232783872,178880512,170123040,162.24,9761105
1765903125586,5097.45,856.08,233046016,178880512,170404472,162.51,9770648
1765903125687,5097.56,856.13,233046016,178880512,170406512,162.51,9770648
1765903125789,5097.68,856.18,233046016,178880512,170408528,162.51,9770648
1765903125889,5100.94,858.05,233308160,178880512,170690336,162.78,9772000
1765903125990,5101.03,858.08,233308160,178880512,170692376,162.78,9772000
1765903126091,5104.52,860.15,233570304,178880512,170973736,163.05,9773351
1765903126192,5104.61,860.19,233586688,178880512,170975776,163.06,9773351
1765903126293,5104.73,860.24,233586688,178880512,170977792,163.06,9773351
1765903126394,5113.78,862.19,233635840,178880512,169641560,161.78,9766511
1765903126495,5113.94,862.24,233635840,178880512,169643600,161.78,9766511
1765903126596,5117.03,864.18,233635840,178880512,169920352,162.05,9776054
1765903126697,5117.11,864.21,233635840,178880512,169922392,162.05,9776054
1765903126799,5117.21,864.27,233635840,178880512,169924408,162.05,9776054
1765903126898,5120.63,866.11,233684992,178880512,170205528,162.32,9777406
1765903126999,5120.73,866.16,233684992,178880512,170207568,162.32,9777406
1765903127100,5126.02,868.11,233947136,178880512,170485840,162.59,9778758
1765903127201,5126.12,868.15,233947136,178880512,170487880,162.59,9778758
1765903127302,5126.26,868.20,233947136,178880512,170489896,162.59,9778758
1765903127403,5137.91,869.86,234225664,179142656,171047800,163.12,9780109
1765903127504,5138.02,869.92,234225664,179142656,171049840,163.13,9780109
1765903127605,5141.55,871.57,234504192,179142656,171324032,163.39,9789651
1765903127706,5141.69,871.61,234520576,179142656,171326072,163.39,9789651
1765903127808,5141.82,871.66,234520576,179142656,171328088,163.39,9789651
1765903127909,5147.66,873.76,234651648,179142656,170065320,162.19,9791002
1765903128010,5147.79,873.82,234651648,179142656,170067360,162.19,9791002
1765903128111,5153.24,875.85,234668032,179142656,170341672,162.45,9775969
1765903128212,5153.33,875.87,234668032,179142656,170343712,162.45,9775969
1765903128314,5153.45,875.91,234668032,179142656,170345728,162.45,9775969
1765903128414,5156.88,877.91,234668032,179142656,170619648,162.72,9777320
1765903128515,5157.02,877.98,234668032,179142656,170621688,162.72,9777320
1765903128616,5161.28,880.10,234668032,179142656,170895800,162.98,9786863
1765903128717,5161.36,880.13,234668032,179142656,170897840,162.98,9786863
1765903128819,5161.43,880.15,234668032,179142656,170899856,162.98,9786863
1765903128920,5171.95,882.08,234684416,179142656,171174664,163.24,9788215
1765903129020,5172.04,882.12,234684416,179142656,171176704,163.25,9788215
1765903129122,5177.23,883.82,234684416,179142656,171449672,163.51,9789567
1765903129223,5177.31,883.85,234684416,179142656,171451712,163.51,9789567
1765903129325,5179.09,884.75,234700800,179142656,171589216,163.64,9790239
1765903129425,5182.32,886.33,234930176,179929088,170209736,162.32,9790918
1765903129527,5182.48,886.38,234930176,179929088,170211776,162.33,9790918
1765903129626,5185.53,888.16,234930176,179929088,170484704,162.59,9792270
1765903129727,5185.64,888.22,234930176,179929088,170486744,162.59,9792270
1765903129827,5191.53,889.13,234946560,179929088,170630112,162.73,9792942
1765903129929,5199.47,890.66,234946560,179929088,170767568,162.86,9793621
1765903130029,5199.60,890.71,234946560,179929088,170769608,162.86,9793621
1765903130130,5206.37,892.38,234962944,179929088,171051072,163.13,9794973
1765903130232,5206.46,892.42,234962944,179929088,171053112,163.13,9794973
1765903130331,5219.93,893.70,234979328,179929088,171226864,163.29,9795645
1765903130432,5221.11,894.46,234979328,179929088,171359584,163.42,9796324
1765903130533,5221.20,894.50,234979328,179929088,171361624,163.42,9796324
1765903130634,5225.41,896.51,234979328,179929088,171625872,163.68,9805867
1765903130736,5225.53,896.54,234979328,179929088,171627912,163.68,9805867
1765903130835,5232.20,898.25,234995712,179929088,171893704,163.93,9807219
1765903130936,5232.30,898.28,234995712,179929088,171895744,163.93,9807219
1765903131037,5232.40,898.32,234995712,179929088,171897760,163.93,9807219
1765903131138,5237.34,900.10,235192320,179929088,170653720,162.75,9792186
1765903131239,5237.43,900.14,235192320,179929088,170655760,162.75,9792186
1765903131340,5240.97,902.08,235208704,179929088,170919760,163.00,9793537
1765903131441,5241.07,902.12,235208704,179929088,170921800,163.00,9793537
1765903131542,5241.16,902.16,235208704,179929088,170923816,163.01,9793537
1765903131644,5246.87,904.39,235208704,179929088,171188128,163.26,9803080
1765903131744,5246.97,904.43,235208704,179929088,171190168,163.26,9803080
1765903131846,5253.57,906.60,235257856,179929088,171454192,163.51,9804432
1765903131945,5253.66,906.63,235257856,179929088,171456232,163.51,9804432
1765903132047,5253.77,906.67,235257856,179929088,171458248,163.52,9804432
1765903132147,5256.83,908.38,235257856,179929088,171721432,163.77,9805782
1765903132248,5256.95,908.43,235257856,179929088,171723472,163.77,9805782
1765903132349,5259.38,910.19,235274240,179929088,171986744,164.02,9807134
1765903132450,5259.47,910.23,235274240,179929088,171988784,164.02,9807134
1765903132551,5259.59,910.28,235274240,179929088,171990800,164.02,9807134
1765903132652,5264.02,912.58,235536384,180191232,170739096,162.83,9816678
1765903132753,5264.14,912.63,235536384,180191232,170741136,162.83,9816678
1765903132854,5270.42,914.48,235552768,180191232,171004576,163.08,9801645
1765903132955,5270.50,914.52,235552768,180191232,171006616,163.08,9801645
1765903133056,5270.59,914.56,235552768,180191232,171008632,163.09,9801645
1765903133155,5274.01,916.63,235552768,180191232,171271792,163.34,9802996
1765903133256,5274.12,916.68,235552768,180191232,171273832,163.34,9802996
1765903133357,5276.57,918.48,235552768,180191232,171537000,163.59,9804347
1765903133459,5276.66,918.52,235552768,180191232,171539040,163.59,9804347
1765903133559,5276.76,918.58,235552768,180191232,171541056,163.59,9804347
1765903133660,5280.17,920.32,235569152,180191232,171804488,163.85,9813890
1765903133761,5280.28,920.37,235569152,180191232,171806528,163.85,9813890
1765903133863,5283.63,922.13,235569152,180191232,172069736,164.10,9815241
1765903133962,5283.76,922.16,235569152,180191232,172071776,164.10,9815241
1765903134064,5283.90,922.21,235569152,180191232,172073792,164.10,9815241
1765903134165,5288.58,924.61,236060672,184647680,171080480,163.16,9808401
1765903134266,5288.67,924.65,236060672,184647680,171082520,163.16,9808401
1765903134366,5291.13,926.65,236077056,184647680,171529296,163.58,9809753
1765903134468,5291.22,926.70,236077056,184647680,171531336,163.59,9809753
1765903134569,5291.32,926.74,236077056,184647680,171533352,163.59,9809753
1765903134670,5294.02,928.55,236077056,184647680,171796792,163.84,9819297
1765903134770,5294.13,928.60,236077056,184647680,171798832,163.84,9819297
1765903134870,5297.45,930.41,236077056,184647680,172062128,164.09,9820648
1765903134972,5297.57,930.46,236077056,184647680,172064168,164.09,9820648
1765903135075,5301.22,931.88,236093440,184647680,172197096,164.22,9821320
1765903135175,5318.20,933.30,236109824,184647680,172331432,164.35,9821999
1765903135277,5318.29,933.35,236109824,184647680,172333472,164.35,9821999
1765903135378,5325.09,935.57,236109824,184647680,172595152,164.60,9823351
1765903135479,5325.19,935.62,236109824,184647680,172597192,164.60,9823351
1765903135579,5332.75,936.78,236109824,184647680,172729336,164.73,9832216
1765903135680,5354.03,937.93,236158976,184647680,172976928,164.96,9832895
1765903135781,5354.16,937.97,236158976,184647680,172978968,164.97,9832895
1765903135882,5358.56,940.26,236568576,184647680,173349384,165.32,9834247
1765903135983,5358.63,940.29,236568576,184647680,173351424,165.32,9834247
1765903136084,5361.50,942.47,236814336,184647680,173609576,165.57,9835598
1765903136185,5361.59,942.50,236814336,184647680,173611616,165.57,9835598
1765903136286,5361.70,942.55,236814336,184647680,173613632,165.57,9835598
1765903136387,5364.58,943.98,237076480,184647680,173871864,165.82,9836950
1765903136488,5364.68,944.02,237076480,184647680,173873904,165.82,9836950
1765903136589,5367.66,945.93,237322240,184647680,174132272,166.07,9846493
1765903136689,5368.23,946.01,237338624,184647680,174134312,166.07,9846493
1765903136789,5368.34,946.05,237338624,184647680,174136328,166.07,9846493
1765903136890,5371.33,948.02,237600768,184647680,174394464,166.32,9847844
1765903136991,5371.43,948.06,237600768,184647680,174396504,166.32,9847844
1765903137092,5384.19,950.24,237862912,184647680,174656088,166.57,9849196
1765903137193,5384.26,950.28,237862912,184647680,174658128,166.57,9849196
1765903137294,5384.33,950.33,237862912,184647680,174660144,166.57,9849196
1765903137396,5389.00,952.38,238108672,184647680,174915576,166.81,9850547
1765903137497,5389.16,952.42,238108672,184647680,174917616,166.81,9850547
1765903137599,5391.69,954.10,238354432,184647680,175172984,167.06,9860091
1765903137699,5391.76,954.13,238354432,184647680,175175024,167.06,9860091
1765903137800,5391.84,954.17,238354432,184647680,175177040,167.06,9860091
1765903137902,5397.18,956.36,238551040,185171968,172190272,164.21,9828675
1765903138002,5397.31,956.40,238551040,185171968,172192312,164.22,9828675
1765903138103,5400.01,958.26,238567424,185171968,172447440,164.46,9830026
1765903138204,5400.12,958.30,238567424,185171968,172449480,164.46,9830026
1765903138305,5400.22,958.34,238567424,185171968,172451496,164.46,9830026
1765903138406,5404.78,960.88,238567424,185171968,172707152,164.71,9831378
1765903138507,5404.85,960.93,238567424,185171968,172709192,164.71,9831378
1765903138609,5408.56,962.88,238567424,185171968,172964584,164.95,9840922
1765903138709,5408.62,962.91,238567424,185171968,172966624,164.95,9840922
1765903138810,5408.71,962.97,238567424,185171968,172968640,164.96,9840922
1765903138911,5411.55,964.75,238583808,185171968,173404416,165.37,9842274
1765903139013,5411.72,964.80,238583808,185171968,173406456,165.37,9842274
1765903139113,5415.01,966.58,238714880,185171968,173661608,165.62,9843625
1765903139214,5415.11,966.61,238714880,185171968,173663648,165.62,9843625
1765903139316,5415.19,966.66,238731264,185171968,173665664,165.62,9843625
1765903139416,5418.64,968.84,238977024,185171968,173920776,165.86,9844977
1765903139517,5418.73,968.89,238993408,185171968,173922816,165.87,9844977
1765903139618,5422.09,970.80,239222784,185171968,174178168,166.11,9854521
1765903139719,5422.16,970.84,239222784,185171968,174180208,166.11,9854521
1765903139820,5422.25,970.89,239239168,185171968,174182224,166.11,9854521
1765903139922,5425.65,972.93,239468544,185171968,174437360,166.36,9855873
1765903140023,5425.74,972.98,239484928,185171968,174439400,166.36,9855873
1765903140124,5428.71,975.04,239730688,185171968,174694592,166.60,9857224
1765903140225,5428.81,975.10,239747072,185171968,174696632,166.60,9857224
1765903140326,5430.63,976.30,239878144,185171968,174825568,166.73,9857896
1765903140428,5434.00,977.91,240566272,186220544,172516128,164.52,9858575
1765903140529,5434.12,977.96,240566272,186220544,172518168,164.53,9858575
1765903140631,5439.16,980.00,240566272,186220544,172773528,164.77,9851735
1765903140731,5439.30,980.04,240566272,186220544,172775568,164.77,9851735
1765903140834,5443.06,981.77,240582656,186220544,173030624,165.01,9853087
1765903140935,5443.16,981.83,240582656,186220544,173032664,165.02,9853087
1765903141036,5443.27,981.87,240582656,186220544,173034680,165.02,9853087
1765903141137,5446.77,983.86,240582656,186220544,173289808,165.26,9854438
1765903141238,5446.85,983.89,240582656,186220544,173291848,165.26,9854438
1765903141339,5457.04,986.12,240615424,186220544,173579840,165.54,9855789
1765903141439,5458.36,986.20,240631808,186220544,173582936,165.54,9855789
1765903141540,5458.47,986.25,240631808,186220544,173584952,165.54,9855789
1765903141641,5464.66,988.36,240648192,186220544,173834992,165.78,9865333
1765903141742,5464.73,988.39,240648192,186220544,173837032,165.78,9865333
1765903141843,5467.87,990.33,240648192,186220544,174086264,166.02,9866685
1765903141944,5467.96,990.36,240648192,186220544,174088304,166.02,9866685
1765903142045,5468.07,990.41,240648192,186220544,174090320,166.03,9866685
1765903142146,5471.43,992.19,240648192,186220544,174339552,166.26,9868037
1765903142247,5474.52,992.26,240664576,186220544,174342664,166.27,9868037
1765903142348,5477.57,994.39,240664576,186220544,174591384,166.50,9869389
1765903142450,5477.69,994.42,240664576,186220544,174592920,166.50,9869389
1765903142552,5477.87,994.52,240664576,186220544,174594432,166.51,9869389
1765903142654,5481.07,996.32,240664576,186220544,174843400,166.74,9878933
1765903142756,5481.15,996.35,240664576,186220544,174844936,166.75,9878933
1765903142858,5484.60,998.51,240680960,186220544,175093664,166.98,9880284
1765903142961,5484.70,998.55,240680960,186220544,175095200,166.98,9880284
1765903143063,5484.80,998.61,240680960,186220544,175096712,166.99,9880284
1765903143165,5488.22,1000.71,240680960,186220544,175345440,167.22,9881635
1765903143267,5488.33,1000.76,240680960,186220544,175346976,167.22,9881635
1765903143369,5494.11,1002.63,240697344,186220544,175595800,167.46,9882987
1765903143471,5494.18,1002.67,240697344,186220544,175597336,167.46,9882987
1765903143572,5494.27,1002.71,240697344,186220544,175598848,167.46,9882987
1765903143671,5496.96,1004.46,240697344,186220544,175847840,167.70,9892530
1765903143773,5497.08,1004.51,240697344,186220544,175849376,167.70,9892530
1765903143875,5500.08,1006.71,240697344,186220544,176098232,167.94,9893882
1765903143977,5500.18,1006.76,240697344,186220544,176099768,167.94,9893882
1765903144078,5504.20,1008.00,241057792,186220544,173136280,165.12,9894554
1765903144180,5505.58,1008.78,241074176,186220544,173261600,165.24,9862465
1765903144281,5505.70,1008.83,241074176,186220544,173263136,165.24,9862465
1765903144383,5508.53,1010.69,241074176,186220544,173511880,165.47,9863817
1765903144483,5508.59,1010.72,241074176,186220544,173513416,165.48,9863817
1765903144585,5508.65,1010.75,241074176,186220544,173514928,165.48,9863817
1765903144687,5511.01,1012.04,241074176,186220544,173763920,165.71,9873360
1765903144790,5511.13,1012.08,241074176,186220544,173765456,165.72,9873360
1765903144891,5514.78,1013.82,241090560,186220544,174014176,165.95,9874711
1765903144993,5514.86,1013.86,241090560,186220544,174015712,165.95,9874711
1765903145094,5517.89,1015.22,241090560,186220544,174264512,166.19,9876063
1765903145196,5517.97,1015.26,241090560,186220544,174266048,166.19,9876063
1765903145298,5518.06,1015.30,241090560,186220544,174267560,166.19,9876063
1765903145398,5520.94,1016.63,241090560,186220544,174516280,166.43,9877414
1765903145500,5521.04,1016.68,241090560,186220544,174517816,166.43,9877414
1765903145602,5523.45,1018.17,241106944,186220544,174786600,166.69,9886957
1765903145704,5523.55,1018.22,241106944,186220544,174788136,166.69,9886957
1765903145806,5523.63,1018.27,241106944,186220544,174789648,166.69,9886957
1765903145908,5526.99,1020.12,241106944,186220544,175038560,166.93,9888308
1765903146008,5527.09,1020.16,241106944,186220544,175040096,166.93,9888308
1765903146110,5530.14,1022.44,241106944,186220544,175288880,167.17,9889659
1765903146213,5530.25,1022.49,241106944,186220544,175290416,167.17,9889659
1765903146315,5530.35,1022.54,241106944,186220544,175291928,167.17,9889659
1765903146417,5533.98,1024.61,241123328,186220544,175592688,167.46,9891010
1765903146519,5534.06,1024.65,241123328,186220544,175594224,167.46,9891010
1765903146620,5536.56,1026.56,241123328,186220544,175843216,167.70,9900554
1765903146723,5537.98,1026.93,241647616,187269120,173466088,165.43,9900554
1765903146822,5538.07,1026.98,241647616,187269120,173467600,165.43,9900554
1765903146924,5540.69,1028.73,241664000,187269120,173716560,165.67,9877330
1765903147027,5540.85,1028.78,241664000,187269120,173718096,165.67,9877330
1765903147129,5544.17,1030.83,241664000,187269120,173966840,165.91,9878682
1765903147232,5544.26,1030.88,241664000,187269120,173968376,165.91,9878682
1765903147334,5547.21,1032.74,241680384,187269120,174217096,166.15,9880033
1765903147436,5547.30,1032.83,241680384,187269120,174218632,166.15,9880033
1765903147538,5547.39,1032.88,241680384,187269120,174220144,166.15,9880033
1765903147640,5549.80,1034.75,241680384,187269120,174469128,166.39,9889575
1765903147742,5549.94,1034.91,241680384,187269120,174470664,166.39,9889575
1765903147844,5552.64,1037.27,241680384,187269120,174719440,166.63,9890926
1765903147946,5552.73,1037.33,241680384,187269120,174720976,166.63,9890926
1765903148048,5552.85,1037.39,241680384,187269120,174722488,166.63,9890926
1765903148149,5556.08,1039.47,241680384,187269120,175099208,166.99,9892277
1765903148251,5556.16,1039.51,241680384,187269120,175100744,166.99,9892277
1765903148353,5559.50,1041.50,241680384,187269120,175349904,167.23,9893627
1765903148456,5559.57,1041.55,241680384,187269120,175351440,167.23,9893627
1765903148557,5559.63,1041.60,241680384,187269120,175352952,167.23,9893627
1765903148660,5562.38,1043.61,241696768,187269120,175601912,167.47,9903171
1765903148761,5562.48,1043.68,241696768,187269120,175603448,167.47,9903171
1765903148863,5565.14,1045.53,241696768,187269120,175852168,167.71,9904523
1765903148964,5565.25,1045.56,241696768,187269120,175853704,167.71,9904523
1765903149065,5565.41,1045.61,241696768,187269120,175855216,167.71,9904523
1765903149167,5572.04,1048.03,241713152,187269120,176105072,167.95,9905874
1765903149269,5572.13,1048.08,241713152,187269120,176106608,167.95,9905874
1765903149371,5575.52,1050.02,241729536,187269120,176355336,168.19,9907225
1765903149472,5575.61,1050.05,241729536,187269120,176356872,168.19,9907225
1765903149575,5577.04,1050.94,241729536,187269120,176482688,168.31,9916089
1765903149676,5580.64,1052.40,242106368,187269120,174086648,166.02,9916768
1765903149778,5580.74,1052.44,242106368,187269120,174088184,166.02,9916768
1765903149879,5583.72,1054.17,242106368,187269120,174336928,166.26,9893543
1765903149981,5583.88,1054.22,242106368,187269120,174338464,166.26,9893543
1765903150083,5587.02,1056.24,242122752,187269120,174587328,166.50,9894894
1765903150186,5587.10,1056.31,242122752,187269120,174588864,166.50,9894894
1765903150287,5587.21,1056.35,242122752,187269120,174590376,166.50,9894894
1765903150389,5590.40,1058.13,242122752,187269120,174839112,166.74,9896246
1765903150491,5590.78,1058.31,242122752,187269120,174858320,166.76,9896250
1765903150593,5597.75,1060.40,242139136,187269120,175107600,167.00,9905793
1765903150695,5597.89,1060.45,242139136,187269120,175109136,167.00,9905793
1765903150796,5598.12,1060.56,242139136,187269120,175110648,167.00,9905793
1765903150898,5600.81,1062.45,242139136,187269120,175359392,167.24,9907144
1765903151000,5600.97,1062.50,242139136,187269120,175360928,167.24,9907144
1765903151103,5604.35,1064.59,242155520,187269120,175609656,167.47,9908496
1765903151205,5604.45,1064.62,242155520,187269120,175611192,167.48,9908496
1765903151306,5604.55,1064.66,242155520,187269120,175612704,167.48,9908496
1765903151408,5614.89,1066.50,242188288,187269120,175862600,167.72,9909847
1765903151511,5615.00,1066.56,242188288,187269120,175864136,167.72,9909847
1765903151611,5621.90,1068.80,242188288,187269120,176114568,167.96,9919390
1765903151713,5621.98,1068.84,242188288,187269120,176116104,167.96,9919390
1765903151815,5622.13,1068.89,242188288,187269120,176117616,167.96,9919390
1765903151918,5626.34,1071.01,242204672,187269120,176366992,168.20,9920740
1765903152019,5626.42,1071.05,242204672,187269120,176368528,168.20,9920740
1765903152121,5629.33,1072.77,242204672,187269120,176617264,168.44,9922092
1765903152223,5629.46,1072.81,242204672,187269120,176618800,168.44,9922092
1765903152325,5630.99,1073.70,242204672,187269120,176744168,168.56,9922764
1765903152427,5632.02,1074.56,242204672,187269120,176869008,168.68,9923443
1765903152530,5632.12,1074.62,242204672,187269120,176870544,168.68,9923443
1765903152632,5635.09,1076.64,242302976,187269120,177182056,168.97,9932986
1765903152733,5635.16,1076.68,242302976,187269120,177183592,168.98,9932986
1765903152834,5638.12,1078.85,242548736,187269120,177432272,169.21,9934338
1765903152936,5638.22,1078.90,242548736,187269120,177433808,169.21,9934338
1765903153037,5638.32,1078.96,242548736,187269120,177435320,169.22,9934338
1765903153140,5643.19,1081.82,243843072,196706304,174694912,166.60,9935689
1765903153242,5643.30,1081.87,243843072,196706304,174696448,166.60,9935689
1765903153345,5644.68,1082.86,243843072,196706304,174945184,166.84,9912461
1765903153446,5644.74,1082.88,243843072,196706304,174946720,166.84,9912461
1765903153548,5644.80,1082.91,243843072,196706304,174948232,166.84,9912461
1765903153650,5646.53,1083.91,243843072,196706304,175197232,167.08,9922004
1765903153752,5646.65,1083.98,243843072,196706304,175198768,167.08,9922004
1765903153854,5649.31,1085.75,243859456,196706304,175447552,167.32,9923355
1765903153957,5649.42,1085.80,243859456,196706304,175449088,167.32,9923355
1765903154058,5649.52,1085.85,243859456,196706304,175450600,167.32,9923355
1765903154160,5652.01,1087.52,243859456,196706304,175699544,167.56,9924707
1765903154262,5652.12,1087.57,243859456,196706304,175701080,167.56,9924707
1765903154364,5655.13,1089.64,243859456,196706304,175949824,167.80,9926059
1765903154466,5655.29,1089.69,243859456,196706304,175951360,167.80,9926059
1765903154569,5655.52,1089.80,243859456,196706304,175952872,167.80,9926059
1765903154671,5663.54,1092.15,243859456,196706304,176384872,168.21,9935602
1765903154772,5663.63,1092.20,243859456,196706304,176386408,168.22,9935602
1765903154875,5666.83,1093.93,243875840,196706304,176635280,168.45,9936953
1765903154977,5666.91,1093.97,243875840,196706304,176636816,168.45,9936953
1765903155078,5668.75,1095.30,243875840,196706304,176762240,168.57,9937626
1765903155180,5670.45,1096.31,243875840,196706304,176887056,168.69,9938305
1765903155282,5670.56,1096.35,243875840,196706304,176888592,168.69,9938305
1765903155385,5677.38,1098.48,243892224,196706304,177140024,168.93,9939655
1765903155486,5677.46,1098.52,243892224,196706304,177141560,168.94,9939655
1765903155587,5680.51,1100.43,243892224,196706304,177390736,169.17,9949198
1765903155689,5680.57,1100.46,243892224,196706304,177392272,169.17,9949198
1765903155791,5680.63,1100.50,243892224,196706304,177393784,169.18,9949198
1765903155894,5683.74,1102.61,243892224,196706304,177642672,169.41,9950549
1765903155996,5683.90,1102.66,243892224,196706304,177644208,169.41,9950549
1765903156098,5686.58,1104.65,243908608,196706304,177892984,169.65,9951900
1765903156200,5686.65,1104.67,243908608,196706304,177894520,169.65,9951900
1765903156303,5686.73,1104.72,243908608,196706304,177896032,169.65,9951900
1765903156403,5690.18,1106.81,243908608,196706304,178144944,169.89,9953250
1765903156505,5690.27,1106.85,243908608,196706304,178146480,169.89,9953250
1765903156606,5693.43,1108.83,243924992,196706304,178395552,170.13,9962794
1765903156708,5693.52,1108.88,243924992,196706304,178397088,170.13,9962794
1765903156811,5693.62,1108.93,243924992,196706304,178398600,170.13,9962794
1765903156913,5696.88,1111.24,244187136,196706304,178647408,170.37,9964145
1765903157014,5696.98,1111.29,244187136,196706304,178648944,170.37,9964145
1765903157116,5701.38,1113.39,244416512,196706304,178898120,170.61,9965497
1765903157218,5701.44,1113.42,244416512,196706304,178899656,170.61,9965497
1765903157319,5701.52,1113.45,244416512,196706304,178901168,170.61,9965497
1765903157421,5714.53,1115.54,244695040,196706304,179152784,170.85,9966849
1765903157524,5714.76,1115.60,244695040,196706304,179154320,170.85,9966849
1765903157626,5719.82,1117.61,244940800,196706304,179404744,171.09,9976391
1765903157729,5719.94,1117.69,244940800,196706304,179406280,171.10,9976391
1765903157829,5724.26,1118.85,245071872,196706304,179532624,171.22,9977063
1765903157931,5725.69,1119.84,245202944,196706304,179658208,171.34,9977742
1765903158033,5725.80,1119.89,245202944,196706304,179659744,171.34,9977742
1765903158136,5728.54,1121.72,245448704,196706304,179910032,171.58,9979094
1765903158237,5728.64,1121.76,245448704,196706304,179911568,171.58,9979094
1765903158338,5734.70,1123.76,245694464,196706304,180162496,171.82,9980446
1765903158440,5734.78,1123.81,245710848,196706304,180164032,171.82,9980446
1765903158542,5734.93,1123.87,245710848,196706304,180165544,171.82,9980446
1765903158644,5738.06,1125.71,245940224,196706304,180416088,172.06,9989990
1765903158746,5738.17,1125.76,245940224,196706304,180417624,172.06,9989990
1765903158848,5752.29,1128.28,246218752,196706304,180668704,172.30,9991341
1765903158950,5752.37,1128.32,246218752,196706304,180670240,172.30,9991341
1765903159053,5752.45,1128.36,246218752,196706304,180671752,172.30,9991341
1765903159154,5755.59,1130.24,246464512,196706304,180921880,172.54,9992693
1765903159256,5755.70,1130.31,246464512,196706304,180923416,172.54,9992693
1765903159358,5758.60,1132.09,246710272,196706304,181173496,172.78,9994044
1765903159460,5758.72,1132.15,246710272,196706304,181175032,172.78,9994044
1765903159562,5758.84,1132.21,246710272,196706304,181176544,172.78,9994044
1765903159664,5765.11,1134.27,246956032,196706304,181427464,173.02,10003587
1765903159765,5765.28,1134.32,246956032,196706304,181429000,173.02,10003587
1765903159868,5768.27,1136.17,247218176,196706304,181679096,173.26,10004938
1765903159970,5768.35,1136.21,247218176,196706304,181680632,173.26,10004938
1765903160072,5768.43,1136.25,247218176,196706304,181682144,173.27,10004938
1765903160174,5771.34,1137.97,247463936,196706304,181932168,173.50,10006290
1765903160276,5771.44,1138.01,247463936,196706304,181933704,173.51,10006290
1765903160378,5777.30,1140.79,248102912,197230592,176089960,167.93,9950296
1765903160480,5777.44,1140.85,248102912,197230592,176091496,167.93,9950296
1765903160581,5778.75,1141.68,248102912,197230592,176229216,168.07,9959160
1765903160681,5779.72,1142.43,248102912,197230592,176355096,168.19,9959839
1765903160784,5779.89,1142.49,248102912,197230592,176356632,168.19,9959839
1765903160885,5788.96,1144.69,248102912,197230592,176788720,168.60,9961190
1765903160987,5789.05,1144.73,248102912,197230592,176790256,168.60,9961190
1765903161087,5792.45,1146.73,248102912,197230592,177040312,168.84,9962541
1765903161189,5792.54,1146.76,248102912,197230592,177041848,168.84,9962541
1765903161292,5792.66,1146.83,248102912,197230592,177043360,168.84,9962541
1765903161393,5795.75,1148.66,248119296,197230592,177293400,169.08,9963892
1765903161495,5795.89,1148.71,248119296,197230592,177294936,169.08,9963892
1765903161597,5798.59,1150.46,248119296,197230592,177545176,169.32,9973435
1765903161699,5799.12,1150.48,248119296,197230592,177546936,169.32,9973435
1765903161802,5799.23,1150.52,248119296,197230592,177548448,169.32,9973435
1765903161903,5801.78,1152.11,248119296,197230592,177798456,169.56,9974786
1765903162005,5801.89,1152.15,248119296,197230592,177799992,169.56,9974786
1765903162107,5810.10,1154.38,248152064,197230592,178050456,169.80,9976137
1765903162210,5810.20,1154.44,248152064,197230592,178051992,169.80,9976137
1765903162311,5810.31,1154.48,248152064,197230592,178053504,169.81,9976137
1765903162413,5813.49,1156.45,248152064,197230592,178303672,170.04,9977489
1765903162516,5813.64,1156.50,248152064,197230592,178305208,170.05,9977489
1765903162617,5815.88,1158.43,248168448,197230592,178555432,170.28,9987032
1765903162719,5815.95,1158.47,248168448,197230592,178556968,170.29,9987032
1765903162823,5817.65,1159.71,248168448,197230592,178682976,170.41,9987705
1765903162925,5818.86,1160.73,248168448,197230592,178808432,170.53,9988384
1765903163027,5818.95,1160.78,248168448,197230592,178809968,170.53,9988384
1765903163129,5821.39,1162.71,248184832,197230592,179059992,170.76,9989736
1765903163231,5821.49,1162.74,248184832,197230592,179061528,170.77,9989736
1765903163334,5824.34,1164.57,248430592,197230592,179311528,171.00,9991087
1765903163436,5824.47,1164.65,248430592,197230592,179313064,171.01,9991087
1765903163538,5824.55,1164.69,248430592,197230592,179314576,171.01,9991087
1765903163639,5834.99,1167.03,248692736,197230592,179565240,171.25,10000631
1765903163742,5835.15,1167.13,248692736,197230592,179566776,171.25,10000631
1765903163843,5839.58,1169.21,248938496,197230592,179816264,171.49,10001983
1765903163944,5839.67,1169.26,248938496,197230592,179817800,171.49,10001983
1765903164047,5839.83,1169.30,248938496,197230592,179819312,171.49,10001983
1765903164148,5842.94,1171.35,249167872,197230592,180068656,171.73,10003335
1765903164250,5843.06,1171.40,249167872,197230592,180070192,171.73,10003335
1765903164352,5845.67,1173.47,249430016,197230592,180319584,171.97,10004686
1765903164454,5845.76,1173.53,249430016,197230592,180321120,171.97,10004686
1765903164556,5845.85,1173.57,249430016,197230592,180322632,171.97,10004686
1765903164656,5849.18,1175.69,249675776,197230592,180572192,172.21,10014228
1765903164758,5849.26,1175.73,249675776,197230592,180573728,172.21,10014228
1765903164860,5851.93,1177.42,249921536,197230592,180823080,172.45,10015579
1765903164962,5852.08,1177.47,249921536,197230592,180824616,172.45,10015579
1765903165063,5852.27,1177.58,249921536,197230592,180826128,172.45,10015579
1765903165166,5855.55,1179.75,250167296,197230592,181075480,172.69,10016930
1765903165268,5855.67,1179.79,250167296,197230592,181077016,172.69,10016930
1765903165370,5858.83,1181.86,250396672,197230592,181326520,172.93,10018282
1765903165472,5858.92,1181.89,250396672,197230592,181328056,172.93,10018282
1765903165574,5860.67,1182.99,250511360,197230592,181454064,173.05,10027146
1765903165676,5862.12,1183.84,250658816,197230592,181579192,173.17,10027825
1765903165778,5862.23,1183.90,250658816,197230592,181580728,173.17,10027825
1765903165879,5865.31,1186.13,250904576,197230592,181830080,173.41,10029176
1765903165982,5865.41,1186.17,250904576,197230592,181831616,173.41,10029176
1765903166083,5867.62,1187.99,251133952,197230592,182080960,173.65,10030527
1765903166185,5867.72,1188.06,251133952,197230592,182082496,173.65,10030527
1765903166287,5867.84,1188.10,251133952,197230592,182084008,173.65,10030527
1765903166390,5874.50,1191.44,252477440,198803456,177053528,168.85,10031878
1765903166492,5874.60,1191.51,252477440,198803456,177055064,168.85,10031878
1765903166595,5879.38,1193.71,252477440,198803456,177304720,169.09,9992270
1765903166697,5879.46,1193.77,252477440,198803456,177306256,169.09,9992270
1765903166798,5879.61,1193.82,252477440,198803456,177307768,169.09,9992270
1765903166901,5882.85,1195.99,252477440,198803456,177557192,169.33,9993622
1765903167003,5882.94,1196.05,252477440,198803456,177558728,169.33,9993622
1765903167104,5885.40,1197.99,252493824,198803456,177808144,169.57,9994973
1765903167205,5885.50,1198.03,252493824,198803456,177809680,169.57,9994973
1765903167307,5885.58,1198.09,252493824,198803456,177811192,169.57,9994973
1765903167409,5888.42,1199.81,252493824,198803456,178060608,169.81,9996324
1765903167512,5888.53,1199.86,252493824,198803456,178062144,169.81,9996324
1765903167613,5892.02,1201.96,252493824,198803456,178440912,170.17,10005868
1765903167716,5892.19,1202.00,252493824,198803456,178442448,170.18,10005868
1765903167817,5892.42,1202.12,252493824,198803456,178443960,170.18,10005868
1765903167919,5895.29,1204.10,252493824,198803456,178693304,170.42,10007219
1765903168022,5895.40,1204.14,252493824,198803456,178694840,170.42,10007219
1765903168124,5897.69,1205.76,252493824,198803456,178944248,170.65,10008569
1765903168225,5897.84,1205.82,252493824,198803456,178945784,170.66,10008569
1765903168326,5899.50,1206.88,252510208,198803456,179071576,170.78,10009241
1765903168428,5901.70,1207.78,252510208,198803456,179196704,170.90,10009920
1765903168530,5901.81,1207.82,252510208,198803456,179198240,170.90,10009920
1765903168632,5904.67,1209.67,252510208,198803456,179447912,171.13,10019463
1765903168734,5904.74,1209.70,252510208,198803456,179449448,171.14,10019463
1765903168835,5907.83,1211.40,252526592,198803456,179698912,171.37,10020815
1765903168936,5907.93,1211.48,252526592,198803456,179700448,171.38,10020815
1765903169038,5908.04,1211.53,252526592,198803456,179701960,171.38,10020815
1765903169138,5912.01,1213.65,252526592,198803456,179951464,171.62,10022166
1765903169240,5912.09,1213.69,252526592,198803456,179953000,171.62,10022166
1765903169341,5914.85,1215.36,252526592,198803456,180202064,171.85,10023518
1765903169443,5914.94,1215.40,252526592,198803456,180203600,171.86,10023518
1765903169546,5915.08,1215.45,252526592,198803456,180205112,171.86,10023518
1765903169646,5922.70,1217.79,252542976,198803456,180453128,172.09,10033061
1765903169749,5922.81,1217.85,252542976,198803456,180454664,172.09,10033061
1765903169851,5925.77,1219.59,252542976,198803456,180701224,172.33,10034413
1765903169953,5925.84,1219.64,252542976,198803456,180702760,172.33,10034413
1765903170055,5925.94,1219.68,252542976,198803456,180704272,172.33,10034413
1765903170155,5930.27,1221.52,252559360,198803456,180951064,172.57,10035764
1765903170257,5930.36,1221.57,252559360,198803456,180952600,172.57,10035764
1765903170359,5940.22,1223.55,252575744,198803456,181210784,172.82,10037116
1765903170461,5940.32,1223.60,252575744,198803456,181212320,172.82,10037116
1765903170564,5940.41,1223.65,252575744,198803456,181213832,172.82,10037116
1765903170719,6204.86,1255.09,323485696,268238848,238333792,227.29,10005700
1765903170819,6425.36,1263.31,324583424,269484032,235309664,224.41,9717697
1765903170919,6627.53,1267.78,325042176,269746176,231153456,220.45,9717697
1765903171019,6700.06,1269.99,325795840,271056896,240020208,228.90,9717721
1765903171121,6700.13,1270.06,325795840,271056896,240021744,228.90,9717721
1765903171223,6700.23,1270.13,325795840,271056896,240023256,228.90,9717721
1765903171326,6700.32,1270.17,325795840,271056896,240024768,228.91,9717721
1765903171425,6800.02,1281.47,339869696,284426240,249512312,237.95,9718579
1765903171527,6829.35,1282.95,313196544,284426240,247188856,235.74,9718603
1765903171629,6829.45,1283.00,305856512,284426240,247190392,235.74,9718603
1765903171731,6829.54,1283.05,270958592,284426240,247191904,235.74,9718603
1765903171832,6829.66,1283.12,260718592,284426240,247193416,235.74,9718603
1765903171933,6829.77,1283.19,260718592,284426240,247194928,235.74,9718603
1765903172035,6829.94,1283.28,259227648,284426240,247196440,235.74,9718603
1765903172136,6830.15,1283.39,259227648,284426240,247197952,235.75,9718603
1765903172238,6830.28,1283.45,256294912,284426240,247199464,235.75,9718603
1765903172340,6830.43,1283.54,256294912,284426240,247200976,235.75,9718603
1765903172443,6830.58,1283.63,256294912,284426240,247202488,235.75,9718603
1765903172544,6830.71,1283.71,256294912,284426240,247204000,235.75,9718603
1765903172646,6830.82,1283.77,256294912,284426240,247205512,235.75,9718603
1765903172748,6830.97,1283.83,256163840,284426240,247207024,235.75,9718603
1765903172850,6831.21,1283.96,256163840,284426240,247208536,235.76,9718603
1765903172950,6831.40,1284.08,256163840,284426240,247210048,235.76,9718603
1765903173052,6831.49,1284.14,256163840,284426240,247211560,235.76,9718603
1765903173154,6831.59,1284.20,249872384,284426240,247213072,235.76,9718603
1765903173257,6831.72,1284.27,248348672,284426240,247214584,235.76,9718603
1765903173359,6831.86,1284.35,247857152,284426240,247216096,235.76,9718603
1765903173461,6831.98,1284.42,247857152,284426240,247217608,235.77,9718603
1765903173563,6832.10,1284.48,247726080,284426240,247219120,235.77,9718603
1765903173665,6832.26,1284.58,247726080,284426240,247220632,235.77,9718603
1765903173767,6832.45,1284.70,247726080,284426240,247222144,235.77,9718603
1765903173870,6832.59,1284.80,247742464,284426240,247223880,235.77,9726795
1765903173970,6832.69,1284.85,247742464,284426240,247225416,235.77,9726795
1765903174073,6832.77,1284.89,247742464,284426240,247226928,235.77,9726795
1765903174175,6832.85,1284.95,247742464,284426240,247228440,235.78,9726795
1765903174277,6832.95,1285.02,247742464,284426240,247229952,235.78,9726795
1765903174379,6833.03,1285.07,247742464,284426240,247231464,235.78,9726795
1765903174481,6833.17,1285.13,247742464,284426240,247232976,235.78,9726795
1765903174584,6833.39,1285.25,247742464,284426240,247234488,235.78,9726795
1765903174684,6833.59,1285.38,247742464,284426240,247236000,235.78,9726795
1765903174786,6833.68,1285.43,247742464,284426240,247237512,235.78,9726795
1765903174888,6833.75,1285.47,247742464,284426240,247239024,235.79,9726795
1765903174990,6833.82,1285.54,247742464,284426240,247240536,235.79,9726795
1765903175091,6833.88,1285.58,247742464,284426240,247242048,235.79,9726795
1765903175193,6834.02,1285.64,247742464,284426240,247243560,235.79,9726795
1765903175296,6834.27,1285.77,247742464,284426240,247245072,235.79,9726795
1765903175396,6834.46,1285.90,247742464,284426240,247246584,235.79,9726795
1765903175498,6834.60,1285.95,247742464,284426240,247248096,235.79,9726795
1765903175600,6834.78,1286.07,247742464,284426240,247249608,235.80,9726795
1765903175701,6834.90,1286.12,247742464,284426240,247251120,235.80,9726795
1765903175803,6836.13,1286.20,247742464,284426240,247252632,235.80,9726795
1765903175905,6836.19,1286.26,247742464,284426240,247254144,235.80,9726795
1765903176007,6836.25,1286.32,247742464,284426240,247255656,235.80,9726795
1765903176109,6836.32,1286.37,247742464,284426240,247257168,235.80,9726795
1765903176211,6836.40,1286.44,247742464,284426240,247258680,235.80,9726795
1765903176313,6836.47,1286.49,247742464,284426240,247260192,235.81,9726795
1765903176416,6836.60,1286.54,247742464,284426240,247261704,235.81,9726795
1765903176517,6836.84,1286.67,247742464,284426240,247263216,235.81,9726795
1765903176619,6837.03,1286.79,247742464,284426240,247264728,235.81,9726795
1765903176721,6837.15,1286.84,247742464,284426240,247266240,235.81,9726795
1765903176824,6837.28,1286.89,247742464,284426240,247267752,235.81,9726795
1765903176925,6837.42,1286.94,247742464,284426240,247269264,235.81,9726795
1765903177027,6837.53,1287.00,247742464,284426240,247270776,235.82,9726795
1765903177129,6837.71,1287.08,247742464,284426240,247272288,235.82,9726795
1765903177232,6837.88,1287.21,247742464,284426240,247273800,235.82,9726795
1765903177333,6838.02,1287.27,247742464,284426240,247275312,235.82,9726795
1765903177435,6838.22,1287.39,247742464,284426240,247276824,235.82,9726795
1765903177537,6838.32,1287.46,247742464,284426240,247278336,235.82,9726795
1765903177639,6838.40,1287.52,247742464,284426240,247279848,235.82,9726795
1765903177742,6838.48,1287.59,247758848,284426240,247281360,235.83,9726795
1765903177843,6838.56,1287.64,247758848,284426240,247282872,235.83,9726795
1765903177943,6838.62,1287.69,247758848,284426240,247284384,235.83,9726795
1765903178045,6838.69,1287.75,247758848,284426240,247285896,235.83,9726795
1765903178147,6838.76,1287.80,247758848,284426240,247287408,235.83,9726795
1765903178250,6838.85,1287.84,247758848,284426240,247288920,235.83,9726795
1765903178351,6839.01,1287.91,247758848,284426240,247290432,235.83,9726795
1765903178453,6839.13,1287.97,247758848,284426240,247291944,235.84,9726795
1765903178555,6839.23,1288.03,247758848,284426240,247293456,235.84,9726795
1765903178657,6839.33,1288.10,247758848,284426240,247294968,235.84,9726795
1765903178759,6839.42,1288.15,247758848,284426240,247296480,235.84,9726795
1765903178860,6973.67,1310.37,289783808,204832768,168952128,161.13,9724537
1765903178962,7007.39,1320.17,220971008,204832768,169637288,161.78,9724537
1765903179063,7007.53,1320.24,220971008,204832768,169638800,161.78,9724537
1765903179165,7007.64,1320.30,220971008,204832768,169640312,161.78,9724537
1765903179267,7007.74,1320.38,220971008,204832768,169641824,161.78,9724537
1765903179369,7007.83,1320.43,220971008,204832768,169643336,161.78,9724537
1765903179469,7033.41,1321.20,221020160,204832768,169639824,161.78,9724537
1765903179571,7182.88,1334.16,200441856,176783360,169272832,161.43,9724537
1765903179674,7183.01,1334.22,200441856,176783360,169277232,161.44,9724537
1765903179776,7183.12,1334.30,200441856,176783360,169278744,161.44,9724537
1765903179878,7183.23,1334.37,200441856,176783360,169280256,161.44,9724537
1765903179980,7183.34,1334.43,200441856,176783360,169281768,161.44,9724537
1765903180082,7183.45,1334.49,200441856,176783360,169283280,161.44,9724537
1765903180184,7349.15,1344.29,200409088,176259072,169228920,161.39,9724537
1765903180287,7349.32,1344.38,200425472,176259072,169243560,161.40,9724537
1765903180388,7349.43,1344.43,200425472,176259072,169245072,161.40,9724537
1765903207405,1807.95,130.11,296419328,207716352,178926640,170.64,9692246
1765903207507,1808.13,130.28,296419328,207716352,178931192,170.64,9692302
1765903207609,1808.31,130.34,293257216,207716352,178933968,170.64,9692302
1765903207712,1808.45,130.40,293109760,207716352,178936304,170.65,9692302
1765903207813,1808.58,130.46,293109760,207716352,178939048,170.65,9692302
1765903207915,1808.68,130.50,293109760,207716352,178941384,170.65,9692302
1765903208016,1808.79,130.55,293109760,207716352,178943720,170.65,9692302
1765903208118,1809.03,130.64,293126144,207716352,178946056,170.66,9692302
1765903208219,1809.16,130.68,293126144,207716352,178948424,170.66,9692302
1765903208320,1809.42,130.72,293126144,207716352,178950920,170.66,9692302
1765903208422,1809.59,130.79,293142528,207716352,178953320,170.66,9692302
1765903208525,1809.72,130.87,293142528,207716352,178955480,170.67,9692302
1765903208626,1810.01,130.94,293158912,207716352,178957696,170.67,9692302
1765903208728,1810.15,131.00,293158912,207716352,178959776,170.67,9692302
1765903208830,1810.32,131.10,293158912,207716352,178961856,170.67,9692302
1765903208932,1810.59,131.16,293158912,207716352,178963968,170.67,9692302
1765903209034,1810.75,131.23,293158912,207716352,178966048,170.68,9692302
1765903209136,1810.90,131.29,293158912,207716352,178968128,170.68,9692302
1765903209238,1811.02,131.35,293158912,207716352,178970208,170.68,9692302
1765903209341,1811.15,131.41,293158912,207716352,178972288,170.68,9692302
1765903209442,1811.26,131.46,293158912,207716352,178974368,170.68,9692302
1765903209544,1811.36,131.51,291602432,207716352,178976448,170.69,9692302
1765903209646,1811.47,131.56,291602432,207716352,178978528,170.69,9692302
1765903209748,1811.58,131.62,291602432,207716352,178980608,170.69,9692302
1765903209850,1811.68,131.67,291602432,207716352,178982688,170.69,9692302
1765903209953,1811.78,131.72,291602432,207716352,178984768,170.69,9692302
1765903210054,1811.91,131.77,290996224,207716352,178986848,170.70,9692302
1765903210156,1812.06,131.84,290996224,207716352,178988928,170.70,9692302
1765903210258,1812.22,131.89,290996224,207716352,178991008,170.70,9692302
1765903210360,1812.36,131.95,290996224,207716352,178993088,170.70,9692302
1765903210461,1812.57,132.04,290996224,207716352,178995168,170.70,9692302
1765903210562,1812.70,132.09,290996224,207716352,178997248,170.71,9692302
1765903210664,1812.87,132.16,291012608,207716352,178999328,170.71,9692302
1765903210766,1813.01,132.22,291012608,207716352,179001408,170.71,9692302
1765903210868,1813.12,132.27,291012608,207716352,179003488,170.71,9692302
1765903210969,1813.24,132.32,291012608,207716352,179005568,170.71,9692302
1765903211071,1813.37,132.36,291012608,207716352,179007616,170.71,9692302
1765903211173,1813.47,132.44,291012608,207716352,179009744,170.72,9692302
1765903211275,1813.58,132.50,291012608,207716352,179011840,170.72,9692302
1765903211378,1813.73,132.56,291012608,207716352,179013936,170.72,9692302
1765903211479,1813.85,132.63,291012608,207716352,179016032,170.72,9692302
1765903211580,1813.95,132.68,291012608,207716352,179018128,170.72,9692302
1765903211682,1814.13,132.75,291012608,207716352,179020448,170.73,9700494
1765903211783,1814.33,132.88,277790720,207716352,179022568,170.73,9700494
1765903211885,1814.46,132.94,275382272,207716352,179024664,170.73,9700494
1765903211987,1814.60,132.99,275382272,207716352,179026760,170.73,9700494
1765903212089,1814.72,133.04,275382272,207716352,179028856,170.74,9700494
1765903212192,1814.83,133.10,275382272,207716352,179030952,170.74,9700494
1765903212293,1814.92,133.15,275382272,207716352,179033048,170.74,9700494
1765903212395,1815.03,133.21,275382272,207716352,179035144,170.74,9700494
1765903212497,1815.16,133.27,275382272,207716352,179037240,170.74,9700494
1765903212599,1815.27,133.31,275382272,207716352,179039336,170.75,9700494
1765903212701,1815.35,133.36,275382272,207716352,179041432,170.75,9700494
1765903212804,1815.45,133.40,275382272,207716352,179043528,170.75,9700494
1765903212905,1815.55,133.45,275382272,207716352,179045624,170.75,9700494
1765903213007,1815.65,133.50,275382272,207716352,179047720,170.75,9700494
1765903213109,1815.78,133.57,275382272,207716352,179049816,170.76,9700494
1765903213211,1815.86,133.63,275382272,207716352,179051912,170.76,9700494
1765903213313,1815.98,133.67,275382272,207716352,179054008,170.76,9700494
1765903213416,1816.09,133.72,275382272,207716352,179056104,170.76,9700494
1765903213517,1816.27,133.77,275382272,207716352,179058200,170.76,9700494
1765903213619,1816.48,133.89,275382272,207716352,179060296,170.77,9700494
1765903213721,1816.60,133.95,275382272,207716352,179062392,170.77,9700494
1765903213823,1816.70,133.99,275382272,207716352,179064488,170.77,9700494
1765903213926,1816.83,134.04,275382272,207716352,179066584,170.77,9700494
1765903214027,1816.96,134.09,275382272,207716352,179068680,170.77,9700494
1765903214129,1817.07,134.13,275382272,207716352,179070776,170.78,9700494
1765903214231,1817.20,134.19,275382272,207716352,179072872,170.78,9700494
1765903214333,1817.30,134.24,275382272,207716352,179074968,170.78,9700494
1765903214435,1817.39,134.28,275382272,207716352,179077064,170.78,9700494
1765903214538,1817.47,134.33,275382272,207716352,179079160,170.78,9700494
1765903214639,1817.56,134.36,275382272,207716352,179081256,170.79,9700494
1765903214739,1817.65,134.42,275382272,207716352,179083352,170.79,9700494
1765903214841,1817.75,134.47,275382272,207716352,179085448,170.79,9700494
1765903214942,1817.88,134.52,275382272,207716352,179087544,170.79,9700494
1765903215044,1818.04,134.57,275382272,207716352,179089640,170.79,9700494
1765903215146,1818.23,134.67,275382272,207716352,179091736,170.80,9700494
1765903215248,1818.37,134.73,275382272,207716352,179093832,170.80,9700494
1765903215350,1818.56,134.78,275382272,207716352,179095928,170.80,9700494
1765903215459,1964.47,146.31,289456128,175210496,166412528,158.70,9697918
1765903215561,1996.34,152.99,256573440,175210496,166826872,159.10,9697918
1765903215663,1996.46,153.03,256573440,175210496,166828968,159.10,9697918
1765903215766,1996.58,153.09,256573440,175210496,166831064,159.10,9697918
1765903215867,1996.70,153.15,256573440,175210496,166833160,159.10,9697918
1765903215969,1996.79,153.19,256573440,175210496,166835256,159.11,9697918
1765903216069,2028.26,154.63,256737280,175210496,166836928,159.11,9697918
1765903216171,2178.20,164.55,256360448,174161920,167089792,159.35,9697918
1765903216273,2178.36,164.64,256360448,174161920,167094560,159.35,9697918
1765903216375,2178.48,164.69,256360448,174161920,167096656,159.36,9697918
1765903216477,2178.59,164.74,256376832,174161920,167098752,159.36,9697918
1765903216580,2178.72,164.80,256376832,174161920,167100848,159.36,9697918
1765903216681,2178.89,164.87,256376832,174161920,167102944,159.36,9697918
1765903216781,2179.11,164.99,256376832,174161920,167105040,159.36,9697918
1765903216884,2179.21,165.05,256376832,174161920,167107136,159.37,9697918
1765903216986,2179.28,165.09,256376832,174161920,167109232,159.37,9697918
1765903217088,2179.36,165.13,256376832,174161920,167111328,159.37,9697918
1765903217188,2179.51,165.19,256376832,174161920,167113424,159.37,9697918
1765903217290,2179.70,165.33,256393216,174161920,167115520,159.37,9697918
1765903217392,2179.81,165.38,256393216,174161920,167117616,159.38,9697918
1765903217494,2179.96,165.44,256393216,174161920,167119712,159.38,9697918
1765903217596,2180.07,165.51,256393216,174161920,167121808,159.38,9697918
1765903217699,2180.17,165.57,256393216,174161920,167123904,159.38,9697918
1765903217801,2180.30,165.62,256393216,174161920,167126000,159.38,9697918
1765903217903,2180.49,165.72,256393216,174161920,167128096,159.39,9697918
1765903218005,2180.57,165.77,256393216,174161920,167130192,159.39,9697918
1765903218107,2180.68,165.86,256409600,174161920,167132344,159.39,9697918
1765903218210,2180.77,165.90,256409600,174161920,167134440,159.39,9697918
1765903218311,2180.86,165.95,256409600,174161920,167136536,159.39,9697918
1765903218413,2181.03,165.99,256409600,174161920,167138632,159.40,9697918
1765903218515,2181.24,166.11,256409600,174161920,167140728,159.40,9697918
1765903218618,2181.42,166.17,256409600,174161920,167142824,159.40,9697918
1765903218719,2181.63,166.30,256425984,174161920,167144920,159.40,9697918
1765903218821,2181.71,166.35,256425984,174161920,167147016,159.40,9697918
1765903218923,2181.81,166.40,256425984,174161920,167149112,159.41,9697918
1765903219025,2181.89,166.45,256425984,174161920,167151208,159.41,9697918
1765903219127,2181.99,166.50,256425984,174161920,167153304,159.41,9697918
1765903219230,2182.15,166.55,256425984,174161920,167155400,159.41,9697918
1765903219331,2182.37,166.66,256425984,174161920,167157496,159.41,9697918
1765903219432,2182.47,166.72,256425984,174161920,167159592,159.42,9697918
1765903219535,2182.54,166.76,256442368,174161920,167161688,159.42,9697918
1765903219636,2182.61,166.81,256442368,174161920,167163784,159.42,9697918
1765903219738,2182.69,166.85,256442368,174161920,167165880,159.42,9697918
1765903219841,2182.77,166.89,256442368,174161920,167167976,159.42,9697918
1765903219943,2182.86,166.94,256442368,174161920,167170072,159.43,9697918
1765903220045,2182.93,166.99,256442368,174161920,167172168,159.43,9697918
1765903220147,2183.10,167.05,256442368,174161920,167174264,159.43,9697918
1765903220248,2183.32,167.19,256458752,174161920,167176360,159.43,9697918
1765903220349,2183.40,167.23,256458752,174161920,167178456,159.43,9697918
1765903220451,2183.49,167.28,256458752,174161920,167180552,159.44,9697918
1765903220553,2183.57,167.33,256458752,174161920,167182648,159.44,9697918
1765903220655,2183.65,167.38,256458752,174161920,167184744,159.44,9697918
1765903220757,2183.73,167.42,256458752,174161920,167186840,159.44,9697918
1765903220858,2183.80,167.47,256458752,174161920,167188936,159.44,9697918
1765903220960,2183.87,167.51,256458752,174161920,167191032,159.45,9697918
1765903221062,2183.94,167.56,256458752,174161920,167193128,159.45,9697918
1765903221164,2184.02,167.60,256458752,174161920,167195224,159.45,9697918
1765903221265,2184.19,167.65,256458752,174161920,167197320,159.45,9697918
1765903221366,2185.55,167.90,256540672,175210496,166391808,158.68,9697918
1765903221468,2185.63,167.95,256540672,175210496,166393904,158.69,9697918
1765903221568,2185.70,167.99,256540672,175210496,166396000,158.69,9697918
1765903221670,2185.77,168.03,256540672,175210496,166398096,158.69,9697918
1765903221773,2185.85,168.09,256540672,175210496,166400416,158.69,9706110
1765903221874,2185.94,168.14,256540672,175210496,166402536,158.69,9706110
1765903221976,2186.02,168.22,256557056,175210496,166404632,158.70,9706110
1765903222078,2186.10,168.27,256557056,175210496,166406728,158.70,9706110
1765903222180,2186.18,168.32,256557056,175210496,166408824,158.70,9706110
1765903222282,2186.33,168.37,256557056,175210496,166410920,158.70,9706110
1765903222384,2186.63,168.49,256557056,175210496,166413016,158.70,9706110
1765903222486,2186.86,168.62,256557056,175210496,166415112,158.71,9706110
1765903222587,2186.95,168.67,256557056,175210496,166417208,158.71,9706110
1765903222689,2187.01,168.72,256573440,175210496,166419304,158.71,9706110
1765903222791,2187.10,168.77,256573440,175210496,166421400,158.71,9706110
1765903222893,2187.18,168.81,256573440,175210496,166423496,158.71,9706110
1765903222995,2187.26,168.85,256573440,175210496,166425592,158.72,9706110
1765903223097,2187.40,168.91,256573440,175210496,166427688,158.72,9706110
1765903223199,2187.61,169.02,256573440,175210496,166429784,158.72,9706110
1765903223301,2187.69,169.07,256573440,175210496,166431880,158.72,9706110
1765903223404,2187.75,169.11,256573440,175210496,166433976,158.72,9706110
1765903223506,2187.82,169.16,256589824,175210496,166436072,158.73,9706110
1765903223608,2187.95,169.21,256589824,175210496,166438168,158.73,9706110
1765903223709,2188.13,169.31,256589824,175210496,166440264,158.73,9706110
1765903223811,2188.23,169.36,256589824,175210496,166442360,158.73,9706110
1765903223914,2188.38,169.40,256589824,175210496,166444456,158.73,9706110
1765903224015,2188.68,169.53,256589824,175210496,166446552,158.74,9706110
1765903224117,2188.93,169.65,256589824,175210496,166448648,158.74,9706110
1765903224219,2189.02,169.70,256589824,175210496,166450744,158.74,9706110
1765903224321,2189.08,169.75,256606208,175210496,166452840,158.74,9706110
1765903224423,2189.17,169.81,256606208,175210496,166454936,158.74,9706110
1765903224525,2189.26,169.85,256606208,175210496,166457032,158.75,9706110
1765903224628,2189.33,169.88,256606208,175210496,166462408,158.75,9706110
1765903224729,2189.39,169.93,256606208,175210496,166464504,158.75,9706110
1765903224831,2189.54,169.99,256606208,175210496,166466600,158.75,9706110
1765903224933,2189.76,170.10,256606208,175210496,166468696,158.76,9706110
1765903225035,2189.84,170.14,256606208,175210496,166470792,158.76,9706110
1765903225137,2189.90,170.19,256622592,175210496,166472888,158.76,9706110
1765903225240,2189.97,170.24,256622592,175210496,166474984,158.76,9706110
1765903225341,2190.04,170.29,256622592,175210496,166477080,158.76,9706110
1765903225443,2190.10,170.32,256622592,175210496,166479176,158.77,9706110
1765903225545,2190.25,170.37,256622592,175210496,166481272,158.77,9706110
1765903225646,2190.47,170.50,256622592,175210496,166483368,158.77,9706110
1765903225747,2190.63,170.56,256622592,175210496,166485464,158.77,9706110
1765903225848,2190.94,170.69,256622592,175210496,166487560,158.77,9706110
1765903225950,2191.17,170.83,256638976,175210496,166489656,158.78,9706110
1765903226052,2191.26,170.87,256638976,175210496,166491752,158.78,9706110
1765903226154,2191.32,170.91,256638976,175210496,166493848,158.78,9706110
1765903226256,2191.38,170.96,256638976,175210496,166495944,158.78,9706110
1765903226359,2191.44,171.00,256638976,175210496,166498040,158.78,9706110
1765903226461,2191.52,171.04,256638976,175210496,166500136,158.79,9706110
1765903226563,2191.60,171.10,256638976,175210496,166502232,158.79,9706110
1765903226665,2191.76,171.17,256638976,175210496,166504328,158.79,9706110
1765903226767,2191.97,171.29,256655360,175210496,166506424,158.79,9706110
1765903226869,2192.04,171.34,256655360,175210496,166508520,158.79,9706110
1765903226971,2192.11,171.38,256655360,175210496,166510616,158.80,9706110
1765903227073,2192.19,171.42,256655360,175210496,166512712,158.80,9706110
1765903227176,2192.26,171.46,256655360,175210496,166514808,158.80,9706110
1765903227278,2192.34,171.51,256655360,175210496,166516904,158.80,9706110
1765903227379,2192.42,171.57,256655360,175210496,166519000,158.80,9706110
1765903227480,2192.52,171.64,256671744,175210496,166521096,158.81,9706110
1765903227581,2200.80,173.06,257114112,175210496,167282248,159.53,9707458
1765903227683,2200.90,173.11,257114112,175210496,167284368,159.53,9707458
1765903227785,2208.17,175.25,256671744,174161920,166994272,159.26,9716997
1765903227887,2208.29,175.31,256671744,174161920,166996392,159.26,9716997
1765903227988,2214.54,177.45,256671744,174424064,167597464,159.83,9718344
1765903228090,2214.64,177.50,256671744,174424064,167599584,159.84,9718344
1765903228193,2214.78,177.55,256671744,174424064,167601680,159.84,9718344
1765903228295,2221.04,179.84,256671744,174424064,167942032,160.16,9719691
1765903228396,2221.17,179.89,256671744,174424064,167944152,160.16,9719691
1765903228497,2228.84,182.62,256131072,174424064,167549592,159.79,9721037
1765903228598,2228.97,182.67,256131072,174424064,167551712,159.79,9721037
1765903228700,2229.09,182.72,256131072,174424064,167553808,159.79,9721037
1765903228803,2234.93,185.00,256458752,174424064,167896440,160.12,9730576
1765903228905,2235.04,185.05,256458752,174424064,167898560,160.12,9730576
1765903229007,2241.57,187.47,255983616,174424064,167552128,159.79,9731922
1765903229109,2241.67,187.51,255983616,174424064,167554248,159.79,9731922
1765903229212,2241.77,187.57,255983616,174424064,167556344,159.79,9731922
1765903229313,2246.35,189.54,256294912,174424064,167886536,160.11,9733268
1765903229414,2246.50,189.61,256311296,174424064,167888656,160.11,9733268
1765903229515,2251.80,191.80,256606208,174424064,168224936,160.43,9734615
1765903229616,2251.92,191.85,256622592,174424064,168227072,160.43,9734615
1765903229718,2252.07,191.90,256622592,174424064,168229168,160.44,9734615
1765903229820,2257.33,194.25,256131072,174424064,167835352,160.06,9735962
1765903229922,2257.45,194.31,256147456,174424064,167837472,160.06,9735962
1765903230024,2262.02,196.62,256458752,174424064,168173848,160.38,9737311
1765903230126,2262.15,196.68,256458752,174424064,168175968,160.39,9737311
1765903230228,2262.26,196.73,256458752,174424064,168178064,160.39,9737311
1765903230329,2267.47,199.10,255983616,174424064,167789472,160.02,9738660
1765903230431,2267.61,199.15,255983616,174424064,167791592,160.02,9738660
1765903230533,2274.75,201.14,256344064,174424064,168124584,160.34,9740009
1765903230635,2274.86,201.20,256344064,174424064,168126704,160.34,9740009
1765903230737,2279.08,203.34,256655360,174424064,168462824,160.66,9749550
1765903230839,2279.16,203.37,256655360,174424064,168464960,160.66,9749550
1765903230941,2279.26,203.42,256655360,174424064,168467056,160.66,9749550
1765903231043,2285.78,206.08,256114688,174424064,167972696,160.19,9750899
1765903231145,2285.89,206.13,256114688,174424064,167974816,160.19,9750899
1765903231246,2290.81,208.56,256442368,174424064,168297712,160.50,9752248
1765903231348,2290.96,208.67,256442368,174424064,168299840,160.50,9752248
1765903231449,2291.16,208.77,256442368,174424064,168301936,160.51,9752248
1765903231551,2294.65,210.07,256753664,174424064,168641656,160.83,9753597
1765903231653,2294.75,210.15,254377984,174424064,168643776,160.83,9753597
1765903231755,2299.34,211.43,254853120,175472640,168163752,160.37,9754946
1765903231857,2299.45,211.47,254590976,175472640,168165872,160.38,9754946
1765903231959,2299.57,211.54,254590976,175472640,168167968,160.38,9754946
1765903232061,2302.35,212.90,254902272,175472640,168517840,160.71,9756295
1765903232163,2302.49,212.96,254902272,175472640,168519960,160.71,9756295
1765903232265,2306.85,215.23,255229952,175472640,168841560,161.02,9757644
1765903232366,2306.97,215.28,255229952,175472640,168843680,161.02,9757644
1765903232468,2307.07,215.32,255229952,175472640,168845776,161.02,9757644
1765903232570,2313.64,217.71,254279680,174424064,168346472,160.55,9758993
1765903232672,2313.74,217.75,254279680,174424064,168348592,160.55,9758993
1765903232774,2318.94,219.83,254279680,174424064,168694536,160.88,9768534
1765903232876,2319.08,219.91,254279680,174424064,168696656,160.88,9768534
1765903232978,2319.24,219.96,254279680,174424064,168698752,160.88,9768534
1765903233080,2327.89,222.34,254525440,175472640,168288000,160.49,9769883
1765903233181,2328.09,222.39,254427136,175472640,168290120,160.49,9769883
1765903233284,2335.41,224.56,254754816,175734784,168907912,161.08,9771232
1765903233386,2335.53,224.60,254754816,175734784,168910032,161.09,9771232
1765903233486,2339.76,225.96,255066112,175734784,169230344,161.39,9772581
1765903233588,2339.88,226.00,255066112,175734784,169232432,161.39,9772581
1765903233689,2340.03,226.06,255066112,175734784,169234496,161.39,9772581
1765903233791,2345.93,228.50,255410176,175734784,168742032,160.92,9782122
1765903233892,2346.06,228.56,255410176,175734784,168744120,160.93,9782122
1765903233993,2355.92,230.30,255426560,175734784,169063912,161.23,9775279
1765903234096,2356.79,230.36,255426560,175734784,169066192,161.23,9775279
1765903234197,2356.95,230.42,255426560,175734784,169068208,161.24,9775279
1765903234299,2361.99,232.67,255442944,175734784,169376304,161.53,9776628
1765903234401,2362.08,232.71,255442944,175734784,169378344,161.53,9776628
1765903234503,2367.94,234.93,255475712,175734784,168891896,161.07,9777977
1765903234604,2368.04,234.97,255475712,175734784,168893936,161.07,9777977
1765903234706,2368.17,235.03,255475712,175734784,168895952,161.07,9777977
1765903234807,2373.18,237.23,255475712,175734784,169204120,161.37,9787518
1765903234909,2373.29,237.28,255475712,175734784,169206160,161.37,9787518
1765903235012,2378.39,239.70,255492096,175734784,168878200,161.05,9788867
1765903235114,2378.53,239.74,255492096,175734784,168880240,161.06,9788867
1765903235216,2378.65,239.79,255492096,175734784,168882256,161.06,9788867
1765903235318,2385.90,241.91,255492096,175734784,169193616,161.36,9790216
1765903235420,2386.00,241.96,255492096,175734784,169195656,161.36,9790216
1765903235522,2391.84,243.95,255508480,175734784,169495136,161.64,9791565
1765903235625,2392.00,244.02,255508480,175734784,169497176,161.65,9791565
1765903235727,2392.12,244.07,255508480,175734784,169499192,161.65,9791565
1765903235830,2403.09,246.15,255672320,177831936,169018896,161.19,9801106
1765903235932,2403.19,246.21,255672320,177831936,169020936,161.19,9801106
1765903236034,2407.69,248.21,255672320,177831936,169345152,161.50,9794263
1765903236136,2407.79,248.27,255672320,177831936,169347192,161.50,9794263
1765903236237,2413.37,250.06,255688704,177831936,169646584,161.79,9795612
1765903236338,2416.07,250.21,255688704,177831936,169649488,161.79,9795612
1765903236440,2416.19,250.26,255688704,177831936,169651504,161.79,9795612
1765903236543,2425.35,252.91,255754240,178094080,170208144,162.32,9796961
1765903236645,2425.45,252.97,255770624,178094080,170210184,162.33,9796961
1765903236746,2441.05,255.09,256049152,178094080,170508448,162.61,9806502
1765903236848,2452.49,255.31,256376832,178094080,170511496,162.61,9806502
1765903236951,2452.59,255.35,256376832,178094080,170513512,162.61,9806502
1765903237052,2456.48,257.71,256688128,178094080,170811672,162.90,9807851
1765903237154,2456.60,257.80,256688128,178094080,170813712,162.90,9807851
1765903237255,2460.49,260.10,256966656,178094080,171111768,163.18,9809200
1765903237358,2460.81,260.18,256983040,178094080,171114416,163.19,9809200
1765903237460,2460.92,260.23,256983040,178094080,171116432,163.19,9809200
1765903237562,2467.35,263.02,257163264,178356224,169783832,161.92,9802357
1765903237664,2467.46,263.09,257163264,178356224,169785872,161.92,9802357
1765903237766,2493.52,265.33,257212416,178356224,170086560,162.21,9811897
1765903237868,2493.59,265.37,257212416,178356224,170088600,162.21,9811897
1765903237970,2493.69,265.43,257212416,178356224,170090616,162.21,9811897
1765903238073,2498.18,267.78,257359872,178356224,170386672,162.49,9813246
1765903238175,2498.32,267.84,257359872,178356224,170388712,162.50,9813246
1765903238277,2502.36,270.01,257654784,178356224,170685088,162.78,9814595
1765903238380,2502.48,270.10,257654784,178356224,170687128,162.78,9814595
1765903238480,2502.60,270.14,257654784,178356224,170689144,162.78,9814595
1765903238582,2514.46,272.40,257949696,178356224,170985552,163.06,9815944
1765903238683,2514.55,272.46,257949696,178356224,170987592,163.07,9815944
1765903238785,2521.05,274.73,258260992,178356224,171278728,163.34,9825482
1765903238887,2521.16,274.80,258260992,178356224,171280768,163.35,9825482
1765903238987,2525.52,276.00,258523136,178618368,169883352,162.01,9826160
1765903239089,2527.40,276.99,258539520,178618368,170029584,162.15,9810447
1765903239191,2527.50,277.05,258539520,178618368,170031624,162.15,9810447
1765903239294,2531.40,279.21,258539520,178618368,170326664,162.44,9811796
1765903239395,2531.53,279.28,258539520,178618368,170328704,162.44,9811796
1765903239497,2535.10,281.16,258555904,178618368,170619480,162.72,9813145
1765903239598,2535.21,281.19,258555904,178618368,170621520,162.72,9813145
1765903239700,2535.37,281.26,258555904,178618368,170623536,162.72,9813145
1765903239801,2545.46,283.77,258555904,178618368,170914792,163.00,9822686
1765903239904,2545.56,283.83,258555904,178618368,170916832,163.00,9822686
1765903240006,2556.22,286.44,258588672,178618368,171211616,163.28,9824035
1765903240107,2556.30,286.48,258588672,178618368,171213656,163.28,9824035
1765903240209,2556.39,286.53,258588672,178618368,171215672,163.28,9824035
1765903240311,2561.18,288.73,258605056,178618368,171501296,163.56,9825383
1765903240413,2561.28,288.79,258605056,178618368,171503336,163.56,9825383
1765903240515,2566.56,290.81,258818048,179142656,170210112,162.33,9818540
1765903240617,2566.64,290.85,258818048,179142656,170212192,162.33,9818540
1765903240719,2566.76,290.90,258818048,179142656,170214208,162.33,9818540
1765903240821,2570.95,293.19,258818048,179142656,170500072,162.60,9828081
1765903240923,2571.07,293.26,258818048,179142656,170502112,162.60,9828081
1765903241025,2574.54,294.61,258834432,179142656,170788160,162.88,9829430
1765903241127,2574.66,294.67,258834432,179142656,170790200,162.88,9829430
1765903241229,2574.79,294.72,258834432,179142656,170792216,162.88,9829430
1765903241332,2588.92,296.90,258850816,179142656,171083096,163.16,9830778
1765903241433,2589.02,296.94,258850816,179142656,171085136,163.16,9830778
1765903241535,2593.26,299.31,258850816,179142656,171370064,163.43,9832126
1765903241637,2593.40,299.38,258850816,179142656,171372104,163.43,9832126
1765903241738,2596.74,301.32,258867200,179142656,171657312,163.71,9841667
1765903241839,2596.83,301.37,258867200,179142656,171659352,163.71,9841667
1765903241940,2596.93,301.42,258867200,179142656,171661368,163.71,9841667
1765903242042,2602.54,303.45,259112960,179142656,170394336,162.50,9826632
1765903242145,2602.66,303.55,259112960,179142656,170396376,162.50,9826632
1765903242246,2607.39,305.80,259112960,179142656,170681792,162.77,9827981
1765903242348,2607.50,305.83,259112960,179142656,170683832,162.78,9827981
1765903242450,2607.66,305.89,259112960,179142656,170685848,162.78,9827981
1765903242552,2611.68,308.29,259112960,179142656,170970888,163.05,9829330
1765903242654,2611.80,308.35,259112960,179142656,170972928,163.05,9829330
1765903242756,2617.57,310.67,259129344,179142656,171375680,163.44,9838874
1765903242858,2617.67,310.72,259129344,179142656,171377720,163.44,9838874
1765903242960,2617.80,310.78,259129344,179142656,171379736,163.44,9838874
1765903243062,2621.89,312.95,259129344,179142656,171663064,163.71,9840225
1765903243164,2621.99,313.01,259129344,179142656,171665104,163.71,9840225
1765903243266,2629.01,315.14,259145728,179142656,171949272,163.98,9841574
1765903243369,2629.09,315.19,259145728,179142656,171951312,163.99,9841574
1765903243470,2629.18,315.24,259145728,179142656,171953328,163.99,9841574
1765903243572,2635.16,317.29,259391488,179404800,170686928,162.78,9834732
1765903243674,2635.27,317.33,259391488,179404800,170688968,162.78,9834732
1765903243776,2640.06,319.62,259391488,179404800,170970544,163.05,9844273
1765903243878,2640.19,319.67,259391488,179404800,170972584,163.05,9844273
1765903243980,2640.33,319.73,259391488,179404800,170974600,163.05,9844273
1765903244082,2644.48,322.10,259407872,179404800,171255424,163.32,9845622
1765903244185,2644.59,322.14,259407872,179404800,171257464,163.32,9845622
1765903244286,2651.54,324.40,259424256,179404800,171538448,163.59,9846972
1765903244388,2651.66,324.45,259424256,179404800,171540488,163.59,9846972
1765903244488,2655.90,326.55,259440640,179404800,171821280,163.86,9848321
1765903244589,2657.23,326.61,259440640,179404800,171823432,163.86,9848321
1765903244691,2657.33,326.66,259440640,179404800,171825448,163.87,9848321
1765903244793,2661.10,328.73,259440640,179404800,172106528,164.13,9857864
1765903244895,2661.22,328.80,259440640,179404800,172108568,164.14,9857864
1765903244997,2665.55,331.23,259948544,183861248,170924520,163.01,9859214
1765903245100,2665.65,331.31,259948544,183861248,170926560,163.01,9859214
1765903245201,2665.74,331.36,259948544,183861248,170928576,163.01,9859214
1765903245303,2669.26,333.47,259948544,183861248,171209392,163.28,9844179
1765903245405,2669.38,333.52,259948544,183861248,171211432,163.28,9844179
1765903245507,2672.92,335.67,259948544,183861248,171492264,163.55,9845528
1765903245610,2673.02,335.73,259948544,183861248,171494304,163.55,9845528
1765903245711,2673.19,335.79,259948544,183861248,171496320,163.55,9845528
1765903245813,2679.38,338.21,259964928,183861248,171777472,163.82,9855068
1765903245914,2679.49,338.27,259964928,183861248,171779512,163.82,9855068
1765903246015,2683.24,340.54,259964928,183861248,172060464,164.09,9856417
1765903246117,2683.33,340.58,259964928,183861248,172062504,164.09,9856417
1765903246219,2683.43,340.63,259964928,183861248,172064520,164.09,9856417
1765903246321,2687.99,342.98,259981312,183861248,172345328,164.36,9857766
1765903246423,2688.10,343.01,259981312,183861248,172347368,164.36,9857766
1765903246525,2692.09,345.24,260030464,183861248,172628248,164.63,9859115
1765903246627,2692.21,345.30,260046848,183861248,172630288,164.63,9859115
1765903246729,2692.31,345.33,260046848,183861248,172632304,164.63,9859115
1765903246831,2696.43,347.46,260308992,183861248,172913384,164.90,9868656
1765903246933,2696.59,347.51,260308992,183861248,172915424,164.90,9868656
1765903247035,2699.82,349.71,260603904,183861248,173254208,165.23,9870005
1765903247137,2699.94,349.79,260603904,183861248,173256248,165.23,9870005
1765903247237,2703.32,351.92,260866048,183861248,173537096,165.50,9871354
1765903247340,2703.42,351.99,260866048,183861248,173539136,165.50,9871354
1765903247441,2703.58,352.05,260866048,183861248,173541152,165.50,9871354
1765903247543,2707.21,354.18,261160960,183861248,173822000,165.77,9872703
1765903247646,2707.33,354.23,261160960,183861248,173824040,165.77,9872703
1765903247746,2712.66,359.92,230735872,183861248,174105448,166.04,9882244
1765903247848,2712.77,359.98,230752256,183861248,174107488,166.04,9882244
1765903247950,2712.90,360.04,230752256,183861248,174109504,166.04,9882244
1765903248050,2717.92,362.33,231047168,183861248,174390320,166.31,9883593
1765903248152,2718.01,362.38,231047168,183861248,174392360,166.31,9883593
1765903248254,2732.67,364.07,231473152,184385536,171477272,163.53,9884941
1765903248356,2732.81,364.11,231473152,184385536,171479312,163.54,9884941
1765903248458,2732.96,364.18,231473152,184385536,171481328,163.54,9884941
1765903248560,2737.07,366.58,231473152,184385536,171761776,163.80,9861714
1765903248662,2737.25,366.64,231473152,184385536,171763816,163.81,9861714
1765903248764,2741.27,368.86,231571456,184385536,172285896,164.30,9871255
1765903248866,2741.36,368.90,231571456,184385536,172287936,164.31,9871255
1765903248968,2741.52,368.96,231571456,184385536,172289952,164.31,9871255
1765903249070,2745.33,370.69,231571456,184385536,172569928,164.58,9872604
1765903249172,2745.44,370.74,231571456,184385536,172571968,164.58,9872604
1765903249274,2760.08,373.15,231604224,184385536,172886584,164.88,9873953
1765903249377,2760.19,373.21,231604224,184385536,172888624,164.88,9873953
1765903249478,2760.31,373.27,231604224,184385536,172890640,164.88,9873953
1765903249578,2764.18,375.52,231636992,184385536,173159944,165.14,9875302
1765903249681,2764.36,375.58,231636992,184385536,173161984,165.14,9875302
1765903249782,2768.10,377.79,231915520,184385536,173431368,165.40,9884842
1765903249884,2768.20,377.83,231915520,184385536,173433408,165.40,9884842
1765903249985,2770.37,378.86,232046592,184385536,173569096,165.53,9885520
1765903250086,2773.00,380.07,232177664,184385536,173705128,165.66,9886191
1765903250188,2773.11,380.12,232177664,184385536,173707168,165.66,9886191
1765903250291,2776.73,382.34,232423424,184385536,173976376,165.92,9887540
1765903250392,2776.86,382.44,232439808,184385536,173978416,165.92,9887540
1765903250493,2780.32,384.40,232701952,184385536,174247648,166.18,9888888
1765903250595,2780.44,384.47,232701952,184385536,174249688,166.18,9888888
1765903250698,2780.60,384.53,232701952,184385536,174251704,166.18,9888888
1765903250799,2784.59,387.10,232964096,184385536,174521120,166.44,9898429
1765903250901,2784.68,387.14,232964096,184385536,174523160,166.44,9898429
1765903251003,2789.18,389.38,233259008,184385536,174792352,166.69,9899778
1765903251105,2789.24,389.42,233259008,184385536,174794392,166.70,9899778
1765903251208,2789.32,389.46,233259008,184385536,174796408,166.70,9899778
1765903251309,2795.49,391.96,233963520,185171968,172125000,164.15,9901127
1765903251411,2795.60,392.01,233963520,185171968,172127040,164.15,9901127
1765903251511,2800.25,394.08,233963520,185171968,172396576,164.41,9877900
1765903251614,2800.41,394.14,233963520,185171968,172398616,164.41,9877900
1765903251715,2800.60,394.21,233963520,185171968,172400632,164.41,9877900
1765903251817,2804.56,396.78,233979904,185171968,172669496,164.67,9887441
1765903251919,2804.66,396.83,233979904,185171968,172671536,164.67,9887441
1765903252019,2808.60,399.40,233979904,185171968,172940032,164.93,9888790
1765903252121,2808.73,399.46,233979904,185171968,172942072,164.93,9888790
1765903252223,2808.83,399.52,233979904,185171968,172944088,164.93,9888790
1765903252326,2812.07,401.73,234012672,185171968,173212648,165.19,9890139
1765903252427,2812.20,401.78,234012672,185171968,173214688,165.19,9890139
1765903252530,2818.33,404.20,234029056,185171968,173483464,165.45,9891489
1765903252631,2818.43,404.25,234029056,185171968,173485504,165.45,9891489
1765903252734,2821.96,405.50,234029056,185171968,173621400,165.58,9900360
1765903252836,2823.25,406.44,234045440,185171968,173756424,165.71,9901032
1765903252938,2823.36,406.49,234045440,185171968,173758464,165.71,9901032
1765903253041,2851.62,408.76,234274816,185171968,174027824,165.97,9902383
1765903253142,2851.70,408.81,234274816,185171968,174029864,165.97,9902383
1765903253243,2860.80,411.00,234291200,185171968,174297776,166.22,9903734
1765903253345,2873.61,411.23,234291200,185171968,174301112,166.23,9903734
1765903253448,2873.77,411.29,234291200,185171968,174303128,166.23,9903734
1765903253550,2878.64,413.37,234307584,185171968,174686368,166.59,9905085
1765903253652,2878.73,413.41,234307584,185171968,174688408,166.60,9905085
1765903253755,2882.36,415.63,234323968,185171968,174956960,166.85,9914627
1765903253856,2882.52,415.68,234323968,185171968,174959000,166.85,9914627
1765903253958,2882.73,415.81,234323968,185171968,174961016,166.86,9914627
1765903254059,2886.20,418.00,234323968,185171968,175229456,167.11,9915978
1765903254159,2886.33,418.09,234323968,185171968,175231496,167.11,9915978
1765903254261,2890.35,420.40,234323968,185171968,175499824,167.37,9917329
1765903254363,2890.47,420.45,234323968,185171968,175501864,167.37,9917329
1765903254466,2890.58,420.50,234323968,185171968,175503880,167.37,9917329
1765903254568,2897.02,423.12,234979328,185696256,172697768,164.70,9918679
1765903254670,2897.12,423.18,234979328,185696256,172699808,164.70,9918679
1765903254771,2902.83,424.92,234995712,185696256,172969408,164.96,9903646
1765903254873,2902.92,424.96,234995712,185696256,172971448,164.96,9903646
1765903254975,2903.03,425.02,234995712,185696256,172973464,164.96,9903646
1765903255075,2906.62,426.94,235012096,185696256,173241952,165.22,9904996
1765903255178,2906.80,426.99,235012096,185696256,173243992,165.22,9904996
1765903255279,2910.11,429.38,235012096,185696256,173512424,165.47,9906347
1765903255381,2910.22,429.45,235012096,185696256,173514464,165.48,9906347
1765903255484,2912.39,430.68,235012096,185696256,173649744,165.61,9907026
1765903255586,2914.08,431.93,235012096,185696256,173784712,165.73,9907698
1765903255688,2914.20,431.98,235012096,185696256,173786752,165.74,9907698
1765903255791,2922.09,434.49,235028480,185696256,174056296,165.99,9917241
1765903255892,2922.22,434.56,235028480,185696256,174058336,165.99,9917241
1765903255993,2925.91,436.88,235028480,185696256,174326312,166.25,9918592
1765903256095,2926.00,436.92,235028480,185696256,174328352,166.25,9918592
1765903256197,2926.12,436.98,235028480,185696256,174330368,166.25,9918592
1765903256299,2932.18,439.37,235044864,185696256,174599192,166.51,9919942
1765903256401,2932.27,439.41,235044864,185696256,174601232,166.51,9919942
1765903256503,2936.66,441.19,235044864,185696256,174869752,166.77,9921293
1765903256606,2936.75,441.23,235044864,185696256,174871792,166.77,9921293
1765903256707,2936.86,441.30,235044864,185696256,174873808,166.77,9921293
1765903256809,2940.63,443.29,235044864,185696256,175141976,167.03,9930836
1765903256911,2940.75,443.35,235044864,185696256,175144016,167.03,9930836
1765903257013,2946.61,445.69,235061248,185696256,175412240,167.29,9932187
1765903257115,2946.72,445.73,235061248,185696256,175414280,167.29,9932187
1765903257216,2946.87,445.77,235061248,185696256,175416296,167.29,9932187
1765903257318,2950.65,448.10,235061248,185696256,175684296,167.55,9933538
1765903257420,2950.74,448.14,235061248,185696256,175686336,167.55,9933538
1765903257522,2955.63,450.57,235077632,185696256,175980096,167.83,9934888
1765903257624,2955.72,450.61,235077632,185696256,175982136,167.83,9934888
1765903257726,2955.85,450.66,235077632,185696256,175984152,167.83,9934888
1765903257828,2962.32,453.03,235749376,186482688,173232464,165.21,9944431
1765903257930,2962.44,453.10,235749376,186482688,173234504,165.21,9944431
1765903258033,2967.53,454.95,235749376,186482688,173502464,165.46,9913014
1765903258134,2967.60,454.99,235749376,186482688,173504504,165.47,9913014
1765903258235,2969.72,456.06,235749376,186482688,173639584,165.60,9913693
1765903258338,2971.32,457.22,235749376,186482688,173774488,165.72,9914365
1765903258439,2971.50,457.28,235749376,186482688,173776528,165.73,9914365
1765903258542,2975.88,459.46,235749376,186482688,174057416,165.99,9915717
1765903258643,2975.99,459.51,235749376,186482688,174059456,166.00,9915717
1765903258744,2982.14,461.36,235765760,186482688,174328376,166.25,9925261
1765903258846,2982.27,461.48,235765760,186482688,174330416,166.25,9925261
1765903258948,2982.39,461.53,235765760,186482688,174332432,166.26,9925261
1765903259048,2993.88,463.33,235782144,186482688,174630912,166.54,9926615
1765903259150,2993.97,463.37,235782144,186482688,174632952,166.54,9926615
1765903259252,3000.28,465.81,235782144,186482688,174899120,166.80,9927966
1765903259355,3000.39,465.85,235782144,186482688,174901160,166.80,9927966
1765903259456,3000.48,465.89,235782144,186482688,174903176,166.80,9927966
1765903259557,3004.21,468.34,235782144,186482688,175168568,167.05,9929317
1765903259659,3004.32,468.39,235782144,186482688,175170608,167.06,9929317
1765903259762,3011.95,470.26,235782144,186482688,175681320,167.54,9938860
1765903259864,3012.05,470.30,235782144,186482688,175683360,167.54,9938860
1765903259966,3012.16,470.35,235782144,186482688,175685376,167.55,9938860
1765903260068,3017.34,472.73,235814912,186482688,175950672,167.80,9940211
1765903260170,3017.43,472.77,235814912,186482688,175952712,167.80,9940211
1765903260272,3021.01,475.02,235814912,186482688,176218008,168.05,9941563
1765903260375,3021.12,475.08,235814912,186482688,176220048,168.06,9941563
1765903260477,3021.24,475.14,235814912,186482688,176222064,168.06,9941563
1765903260579,3026.00,477.35,235814912,186482688,176487336,168.31,9942914
1765903260681,3026.14,477.40,235814912,186482688,176489376,168.31,9942914
1765903260783,3029.84,479.69,235831296,186482688,176754880,168.57,9952458
1765903260885,3029.92,479.74,235831296,186482688,176756920,168.57,9952458
1765903260988,3035.68,482.43,235831296,186482688,177022424,168.82,9953809
1765903261090,3042.65,482.88,235831296,186482688,177025024,168.82,9953809
1765903261191,3042.74,482.93,236306432,187269120,174002896,165.94,9953809
1765903261293,3046.59,484.78,236322816,187269120,174267632,166.19,9930583
1765903261395,3046.70,484.84,236322816,187269120,174269672,166.20,9930583
1765903261497,3052.58,487.34,236322816,187269120,174534584,166.45,9931934
1765903261598,3052.67,487.38,236322816,187269120,174536624,166.45,9931934
1765903261700,3052.82,487.43,236322816,187269120,174538640,166.45,9931934
1765903261802,3063.07,490.02,236339200,187269120,174804872,166.71,9941477
1765903261904,3063.18,490.08,236339200,187269120,174806912,166.71,9941477
1765903262006,3067.80,492.50,236339200,187269120,175070232,166.96,9942828
1765903262108,3067.92,492.56,236339200,187269120,175072272,166.96,9942828
1765903262211,3068.03,492.61,236339200,187269120,175074288,166.96,9942828
1765903262313,3071.50,494.97,236355584,187269120,175336880,167.21,9944179
1765903262414,3071.68,495.03,236355584,187269120,175338920,167.22,9944179
1765903262516,3075.02,497.37,236355584,187269120,175601504,167.47,9945531
1765903262618,3075.10,497.40,236355584,187269120,175603544,167.47,9945531
1765903262721,3075.20,497.46,236355584,187269120,175605560,167.47,9945531
1765903262822,3078.59,499.38,236388352,187269120,175868408,167.72,9955074
1765903262924,3078.69,499.43,236388352,187269120,175870448,167.72,9955074
1765903263026,3082.51,501.80,236388352,187269120,176133040,167.97,9956425
1765903263129,3082.63,501.86,236388352,187269120,176135080,167.98,9956425
1765903263230,3082.75,501.93,236388352,187269120,176137096,167.98,9956425
1765903263333,3086.48,504.25,236388352,187269120,176399696,168.23,9957776
1765903263434,3086.62,504.30,236388352,187269120,176401736,168.23,9957776
1765903263536,3090.48,506.83,236404736,187269120,176664368,168.48,9959127
1765903263638,3090.58,506.90,236404736,187269120,176666408,168.48,9959127
1765903263738,3099.21,509.19,236404736,187531264,177144400,168.94,9968669
1765903263840,3103.42,509.44,236404736,187531264,177147472,168.94,9968669
1765903263942,3103.53,509.49,236404736,187531264,177149488,168.94,9968669
1765903264044,3108.66,512.00,236421120,187531264,177410752,169.19,9970021
1765903264146,3108.78,512.06,236421120,187531264,177412792,169.19,9970021
1765903264246,3112.43,514.53,236421120,187531264,177673392,169.44,9971372
1765903264348,3112.55,514.57,236421120,187531264,177675432,169.44,9971372
1765903264450,3112.68,514.62,236421120,187531264,177677448,169.45,9971372
1765903264553,3118.89,518.00,237453312,196182016,174883488,166.78,9948148
1765903264655,3119.01,518.05,237453312,196182016,174885528,166.78,9948148
1765903264757,3122.50,520.19,237453312,196182016,175146336,167.03,9957691
1765903264859,3122.61,520.24,237453312,196182016,175148376,167.03,9957691
1765903264961,3122.74,520.30,237453312,196182016,175150392,167.04,9957691
1765903265063,3125.78,522.35,237453312,196182016,175410968,167.28,9959043
1765903265164,3125.90,522.39,237453312,196182016,175413008,167.29,9959043
1765903265265,3130.38,524.22,237486080,196182016,175674224,167.54,9960394
1765903265366,3130.45,524.26,237486080,196182016,175676264,167.54,9960394
1765903265467,3130.54,524.31,237486080,196182016,175678280,167.54,9960394
1765903265569,3136.51,526.69,237486080,196182016,175938792,167.79,9961745
1765903265671,3136.62,526.73,237486080,196182016,175940832,167.79,9961745
1765903265774,3139.92,529.04,237486080,196182016,176201024,168.04,9971288
1765903265875,3140.05,529.10,237486080,196182016,176203064,168.04,9971288
1765903265977,3140.21,529.15,237486080,196182016,176205080,168.04,9971288
1765903266079,3143.73,530.85,237502464,196182016,176465048,168.29,9972640
1765903266181,3143.89,530.90,237502464,196182016,176467088,168.29,9972640
1765903266283,3147.33,533.23,237502464,196182016,176741840,168.55,9973992
1765903266385,3147.40,533.27,237502464,196182016,176743880,168.56,9973992
1765903266487,3150.92,535.45,237502464,196182016,177003784,168.80,9975343
1765903266589,3151.03,535.55,237502464,196182016,177005824,168.81,9975343
1765903266691,3151.14,535.60,237502464,196182016,177007840,168.81,9975343
1765903266793,3157.12,537.92,237518848,196182016,177268384,169.06,9984887
1765903266895,3157.25,537.98,237518848,196182016,177270424,169.06,9984887
1765903266997,3160.64,540.26,237518848,196182016,177530376,169.31,9986238
1765903267098,3160.74,540.30,237518848,196182016,177532416,169.31,9986238
1765903267200,3160.85,540.35,237518848,196182016,177534432,169.31,9986238
1765903267300,3163.90,542.35,237518848,196182016,177794192,169.56,9987591
1765903267402,3164.31,542.49,237535232,196182016,177814672,169.58,9987595
1765903267504,3167.16,544.34,237535232,196182016,178074456,169.83,9988946
1765903267607,3167.26,544.39,237535232,196182016,178076496,169.83,9988946
1765903267709,3167.36,544.44,237535232,196182016,178078512,169.83,9988946
1765903267811,3170.32,546.55,237682688,196182016,178338496,170.08,9998490
1765903267913,3170.44,546.60,237682688,196182016,178340536,170.08,9998490
1765903268015,3173.95,549.06,237961216,196182016,178600512,170.33,9999842
1765903268117,3174.03,549.09,237961216,196182016,178602552,170.33,9999842
1765903268219,3174.11,549.13,237961216,196182016,178604568,170.33,9999842
1765903268321,3177.11,551.47,238206976,196182016,178864440,170.58,10001194
1765903268424,3177.23,551.53,238206976,196182016,178866480,170.58,10001194
1765903268525,3180.89,553.95,238469120,196182016,179126272,170.83,10002546
1765903268627,3181.00,554.03,238469120,196182016,179128312,170.83,10002546
1765903268729,3181.11,554.08,238469120,196182016,179130328,170.83,10002546
1765903268829,3188.66,556.19,238731264,196182016,179506608,171.19,10012089
1765903268931,3188.77,556.23,238731264,196182016,179508648,171.19,10012089
1765903269033,3210.36,558.77,239009792,196182016,179773488,171.45,10013440
1765903269136,3210.46,558.83,239009792,196182016,179775528,171.45,10013440
1765903269238,3220.16,561.05,239255552,196182016,180033328,171.69,10014792
1765903269340,3238.30,561.50,239271936,196182016,180037456,171.70,10014792
1765903269442,3238.41,561.55,239271936,196182016,180039472,171.70,10014792
1765903269545,3241.93,563.86,239534080,196182016,180294256,171.94,10016144
1765903269647,3242.11,563.92,239534080,196182016,180296296,171.94,10016144
1765903269750,3245.79,566.19,239779840,196182016,180551264,172.19,10025688
1765903269851,3245.87,566.24,239779840,196182016,180553304,172.19,10025688
1765903269953,3245.97,566.29,239779840,196182016,180555320,172.19,10025688
1765903270055,3249.78,568.14,240205824,196182016,180948464,172.57,10027040
1765903270155,3249.88,568.19,240205824,196182016,180950504,172.57,10027040
1765903270256,3253.19,570.33,240451584,196182016,181205520,172.81,10028392
1765903270358,3253.31,570.38,240451584,196182016,181207560,172.81,10028392
1765903270460,3253.41,570.44,240451584,196182016,181209576,172.81,10028392
1765903270562,3259.37,572.99,241172480,196968448,175904664,167.76,10029744
1765903270664,3259.51,573.06,241172480,196968448,175906704,167.76,10029744
1765903270765,3262.93,575.48,241188864,196968448,176161656,168.00,9990132
1765903270865,3263.03,575.53,241188864,196968448,176163696,168.00,9990132
1765903270968,3263.13,575.57,241188864,196968448,176165712,168.00,9990132
1765903271068,3267.82,577.63,241188864,196968448,176421520,168.25,9991483
1765903271170,3267.91,577.68,241188864,196968448,176423560,168.25,9991483
1765903271272,3271.21,579.89,241188864,196968448,176765048,168.58,9992835
1765903271375,3271.34,579.95,241188864,196968448,176767088,168.58,9992835
1765903271476,3271.44,580.00,241188864,196968448,176769104,168.58,9992835
1765903271578,3276.20,582.40,241205248,196968448,177024184,168.82,9994187
1765903271680,3276.31,582.45,241205248,196968448,177026224,168.83,9994187
1765903271782,3279.51,584.47,241205248,196968448,177281176,169.07,10003731
1765903271884,3279.60,584.51,241205248,196968448,177283216,169.07,10003731
1765903271984,3281.54,585.62,241205248,196968448,177411688,169.19,10004410
1765903272086,3285.32,586.79,241221632,196968448,177540488,169.32,10005083
1765903272188,3285.41,586.83,241221632,196968448,177542528,169.32,10005083
1765903272290,3290.73,588.57,241221632,196968448,177796536,169.56,10006435
1765903272392,3290.84,588.64,241221632,196968448,177798576,169.56,10006435
1765903272493,3294.14,590.78,241221632,196968448,178051840,169.80,10007787
1765903272595,3294.26,590.85,241221632,196968448,178053880,169.81,10007787
1765903272697,3294.39,590.91,241221632,196968448,178055896,169.81,10007787
1765903272800,3297.62,593.13,241238016,196968448,178309440,170.05,10017331
1765903272901,3297.71,593.16,241238016,196968448,178311480,170.05,10017331
1765903273001,3303.60,595.39,241238016,196968448,178565752,170.29,10018683
1765903273103,3303.68,595.43,241238016,196968448,178567792,170.30,10018683
1765903273205,3303.77,595.46,241238016,196968448,178569808,170.30,10018683
1765903273307,3306.71,597.35,241254400,196968448,178822680,170.54,10020035
1765903273410,3306.80,597.40,241254400,196968448,178824720,170.54,10020035
1765903273511,3310.13,599.69,241336320,196968448,179077624,170.78,10021387
1765903273613,3310.24,599.76,241336320,196968448,179079664,170.78,10021387
1765903273716,3310.39,599.81,241336320,196968448,179081680,170.79,10021387
1765903273818,3316.05,602.08,241582080,196968448,179335496,171.03,10030931
1765903273919,3316.13,602.12,241582080,196968448,179337536,171.03,10030931
1765903274019,3319.52,604.53,241827840,196968448,179590456,171.27,10032283
1765903274121,3319.65,604.59,241844224,196968448,179592496,171.27,10032283
1765903274223,3319.74,604.64,241844224,196968448,179594512,171.27,10032283
1765903274325,3323.15,606.99,242073600,196968448,179847384,171.52,10033635
1765903274427,3323.27,607.05,242073600,196968448,179849424,171.52,10033635
1765903274529,3326.86,609.42,242319360,196968448,180102304,171.76,10034986
1765903274631,3326.97,609.48,242319360,196968448,180104344,171.76,10034986
1765903274733,3330.20,610.85,242450432,196968448,180349464,171.99,10043857
1765903274835,3331.80,611.93,242581504,196968448,180476880,172.12,10044529
1765903274938,3333.39,612.05,242581504,196968448,180480144,172.12,10044529
1765903275040,3336.45,614.03,242827264,196968448,180733024,172.36,10045880
1765903275142,3336.57,614.08,242827264,196968448,180735064,172.36,10045880
1765903275244,3343.35,616.43,243089408,196968448,180988360,172.60,10047232
1765903275345,3343.45,616.47,243089408,196968448,180990400,172.61,10047232
1765903275447,3343.56,616.52,243089408,196968448,180992416,172.61,10047232
1765903275549,3347.10,618.45,243335168,196968448,181245288,172.85,10048584
1765903275651,3347.19,618.48,243335168,196968448,181247328,172.85,10048584
1765903275751,3355.85,620.67,243613696,196968448,181501200,173.09,10058128
1765903275853,3355.96,620.71,243613696,196968448,181503240,173.09,10058128
1765903275955,3356.06,620.75,243613696,196968448,181505256,173.10,10058128
1765903276058,3359.55,623.10,243859456,196968448,181755648,173.34,10059479
1765903276158,3359.68,623.15,243859456,196968448,181757688,173.34,10059479
1765903276260,3363.15,625.52,244088832,196968448,182008152,173.58,10060831
1765903276362,3363.24,625.55,244088832,196968448,182010192,173.58,10060831
1765903276462,3363.35,625.59,244088832,196968448,182012208,173.58,10060831
1765903276564,3365.75,627.70,244350976,196968448,182262880,173.82,10062182
1765903276666,3365.85,627.75,244350976,196968448,182264920,173.82,10062182
1765903276768,3370.92,630.02,244629504,196968448,182515728,174.06,10071726
1765903276870,3371.03,630.08,244629504,196968448,182517768,174.06,10071726
1765903276972,3371.15,630.12,244629504,196968448,182519784,174.06,10071726
1765903277074,3374.35,632.27,244891648,196968448,182770224,174.30,10073076
1765903277176,3374.47,632.33,244891648,196968448,182772264,174.31,10073076
1765903277277,3523.53,645.07,245727232,197230592,168593744,160.78,10017084
1765903277379,3523.67,645.14,245727232,197230592,168832104,161.01,10017084
1765903277481,3523.77,645.17,245727232,197230592,168834120,161.01,10017084
1765903277584,3529.31,647.19,245727232,197230592,169118656,161.28,9707463
1765903277685,3529.41,647.24,245727232,197230592,169120696,161.29,9707463
1765903277787,3532.99,649.40,245727232,197230592,169384968,161.54,9717007
1765903277889,3533.10,649.47,245727232,197230592,169387008,161.54,9717007
1765903277990,3539.71,651.72,245727232,197230592,169652328,161.79,9718358
1765903278092,3539.79,651.75,245727232,197230592,169654368,161.80,9718358
1765903278194,3539.86,651.79,245727232,197230592,169656384,161.80,9718358
1765903278297,3543.61,653.79,245727232,197230592,169920352,162.05,9719710
1765903278399,3543.74,653.83,245727232,197230592,169922392,162.05,9719710
1765903278500,3546.85,655.81,245727232,197230592,170186496,162.30,9721062
1765903278602,3546.94,655.85,245727232,197230592,170188536,162.30,9721062
1765903278704,3547.04,655.89,245727232,197230592,170190552,162.31,9721062
1765903278805,3551.01,657.83,245727232,197230592,170454744,162.56,9730605
1765903278907,3551.11,657.86,245727232,197230592,170456784,162.56,9730605
1765903279009,3554.75,660.21,245727232,197230592,170720776,162.81,9731955
1765903279112,3554.86,660.26,245727232,197230592,170722816,162.81,9731955
1765903279213,3554.97,660.32,245727232,197230592,170724832,162.82,9731955
1765903279315,3558.34,662.42,245727232,197230592,170988792,163.07,9733306
1765903279417,3558.45,662.46,245727232,197230592,170990832,163.07,9733306
1765903279520,3563.08,664.77,245727232,197230592,171254512,163.32,9734658
1765903279622,3563.18,664.82,245727232,197230592,171256552,163.32,9734658
1765903279724,3563.29,664.87,245727232,197230592,171258568,163.32,9734658
1765903279825,3566.56,666.87,245727232,197230592,171522096,163.58,9744202
1765903279927,3566.66,666.91,245727232,197230592,171524136,163.58,9744202
1765903280030,3570.62,669.16,245727232,197230592,171787512,163.83,9745552
1765903280132,3570.71,669.22,245727232,197230592,171789552,163.83,9745552
1765903280233,3572.80,670.43,245727232,197230592,171922280,163.96,9746231
1765903280335,3574.12,671.38,245727232,197230592,172054752,164.08,9746903
1765903280437,3574.23,671.42,245727232,197230592,172056792,164.09,9746903
1765903280539,3577.80,673.80,245727232,197230592,172320048,164.34,9748253
1765903280641,3577.91,673.87,245727232,197230592,172322088,164.34,9748253
1765903280741,3586.11,675.71,245727232,197230592,172585672,164.59,9757797
1765903280843,3588.30,675.82,245727232,197230592,172602192,164.61,9757797
1765903280946,3588.40,675.87,245727232,197230592,172604208,164.61,9757797
1765903281047,3591.98,677.94,245727232,197230592,172867384,164.86,9759149
1765903281147,3592.11,677.98,245727232,197230592,172869424,164.86,9759149
1765903281248,3597.35,680.34,245743616,197230592,173132952,165.11,9760500
1765903281350,3597.43,680.39,245743616,197230592,173134992,165.11,9760500
1765903281452,3597.53,680.43,245743616,197230592,173137008,165.12,9760500
1765903281552,3602.40,682.61,245743616,197230592,173400280,165.37,9761851
1765903281654,3602.49,682.65,245743616,197230592,173402320,165.37,9761851
1765903281755,3606.38,684.86,245743616,197230592,173665696,165.62,9771393
1765903281856,3606.49,684.90,245743616,197230592,173667736,165.62,9771393
1765903281958,3606.60,684.95,245743616,197230592,173669752,165.62,9771393
1765903282061,3610.34,687.02,245743616,197230592,173933168,165.88,9772745
1765903282162,3610.47,687.09,245743616,197230592,173935208,165.88,9772745
1765903282264,3613.71,689.16,245743616,197230592,174198472,166.13,9774097
1765903282367,3613.80,689.21,245743616,197230592,174200512,166.13,9774097
1765903282468,3613.89,689.26,245743616,197230592,174202528,166.13,9774097
1765903282570,3619.53,691.14,245743616,197230592,174466600,166.38,9775448
1765903282672,3619.62,691.20,245743616,197230592,174468640,166.39,9775448
1765903282774,3624.61,693.23,245743616,197230592,174731704,166.64,9784992
1765903282877,3624.72,693.29,245743616,197230592,174733744,166.64,9784992
1765903282978,3624.88,693.34,245743616,197230592,174735760,166.64,9784992
1765903283079,3628.57,695.16,245743616,197230592,174998600,166.89,9786343
1765903283181,3628.66,695.21,245743616,197230592,175000640,166.89,9786343
1765903283281,3631.85,697.06,245743616,197230592,175263520,167.14,9787695
1765903283383,3631.92,697.10,245743616,197230592,175265560,167.15,9787695
1765903283484,3633.89,698.33,245743616,197230592,175398112,167.27,9788374
1765903283584,3635.31,699.27,245743616,197230592,175530520,167.40,9789047
1765903283687,3635.45,699.33,245743616,197230592,175532560,167.40,9789047
1765903283788,3637.61,700.79,245743616,197230592,175795568,167.65,9798591
1765903283890,3637.71,700.84,245743616,197230592,175797608,167.65,9798591
1765903283992,3640.77,702.80,245743616,197230592,176060448,167.90,9799943
1765903284094,3640.88,702.84,245743616,197230592,176062488,167.91,9799943
1765903284196,3640.99,702.89,245743616,197230592,176064504,167.91,9799943
1765903284299,3647.40,705.56,245743616,197230592,176327048,168.16,9801294
1765903284400,3647.47,705.59,245743616,197230592,176329088,168.16,9801294
1765903284501,3651.00,707.67,245825536,197230592,176591272,168.41,9802645
1765903284603,3651.13,707.74,245825536,197230592,176593312,168.41,9802645
1765903284705,3651.23,707.78,245825536,197230592,176595328,168.41,9802645
1765903284807,3658.70,710.20,245956608,197230592,169953696,162.08,9754845
1765903284909,3658.85,710.24,245956608,197230592,169955736,162.08,9754845
1765903285011,3662.56,712.53,245956608,197230592,170218104,162.33,9756197
1765903285113,3662.66,712.58,245956608,197230592,170220144,162.33,9756197
1765903285214,3662.82,712.63,245956608,197230592,170222160,162.34,9756197
1765903285314,3666.60,714.62,245956608,197230592,170484336,162.59,9757549
1765903285417,3666.71,714.66,245956608,197230592,170486376,162.59,9757549
1765903285519,3671.83,716.73,245956608,197230592,170749104,162.84,9758901
1765903285621,3671.91,716.77,245956608,197230592,170751144,162.84,9758901
1765903285723,3672.01,716.84,245956608,197230592,170753160,162.84,9758901
1765903285825,3675.43,719.14,245956608,197230592,171015680,163.09,9768445
1765903285927,3675.59,719.20,245956608,197230592,171017720,163.10,9768445
1765903286030,3683.11,721.74,245956608,197230592,171290424,163.36,9769797
1765903286130,3683.22,721.80,245956608,197230592,171292464,163.36,9769797
1765903286235,3685.35,722.69,245956608,197230592,171424672,163.48,9770476
1765903286336,3687.66,723.89,245956608,197230592,171560904,163.61,9771149
1765903286438,3687.82,723.93,245956608,197230592,171562944,163.62,9771149
1765903286541,3691.52,726.40,245956608,197230592,171830784,163.87,9772501
1765903286642,3691.61,726.46,245956608,197230592,171832824,163.87,9772501
1765903286743,3694.91,728.47,245956608,197230592,172101264,164.13,9782045
1765903286845,3695.01,728.51,245956608,197230592,172103304,164.13,9782045
1765903286947,3695.17,728.56,245956608,197230592,172105320,164.13,9782045
1765903287048,3698.75,730.77,245956608,197230592,172373400,164.39,9783397
1765903287150,3698.90,730.83,245956608,197230592,172375440,164.39,9783397
1765903287252,3702.13,732.93,245956608,197230592,172644120,164.65,9784748
1765903287354,3702.23,732.97,245956608,197230592,172646160,164.65,9784748
1765903287456,3702.34,733.02,245956608,197230592,172648176,164.65,9784748
1765903287632,4021.96,750.50,292356096,247300096,206214984,196.66,9706784
1765903287732,4172.85,756.07,298024960,247824384,218765976,208.63,9715655
1765903287832,4351.71,761.25,300498944,250183680,213006432,203.14,9716327
1765903287934,4402.61,762.87,301760512,250970112,217610592,207.53,9718401
1765903288036,4407.62,764.73,301760512,250970112,217885800,207.79,9719752
1765903288138,4407.71,764.76,301760512,250970112,217887840,207.79,9719752
1765903288240,4412.34,766.48,301776896,250970112,218161728,208.06,9721104
1765903288342,4412.47,766.55,301776896,250970112,218163768,208.06,9721104
1765903288444,4412.64,766.59,301776896,250970112,218165784,208.06,9721104
1765903288546,4416.78,768.80,301776896,250970112,218439968,208.32,9730648
1765903288648,4416.93,768.84,301776896,250970112,218442008,208.32,9730648
1765903288749,4422.11,771.28,301793280,250970112,218716312,208.58,9731998
1765903288850,4422.21,771.35,301793280,250970112,218718352,208.59,9731998
1765903288952,4422.30,771.39,301793280,250970112,218720368,208.59,9731998
1765903289054,4430.00,774.01,301793280,250970112,218995608,208.85,9733350
1765903289156,4430.10,774.07,301793280,250970112,218997648,208.85,9733350
1765903289258,4436.28,776.39,301809664,250970112,219272392,209.11,9734701
1765903289360,4436.39,776.45,301809664,250970112,219274432,209.12,9734701
1765903289463,4436.49,776.48,301809664,250970112,219276448,209.12,9734701
1765903289563,4443.09,778.56,301809664,250970112,219550560,209.38,9744243
1765903289665,4443.19,778.59,301809664,250970112,219552600,209.38,9744243
1765903289767,4447.10,780.96,301809664,250970112,220083040,209.89,9745595
1765903289869,4447.18,781.00,301809664,250970112,220085080,209.89,9745595
1765903289971,4447.30,781.04,301809664,250970112,220087096,209.89,9745595
1765903290073,4451.20,783.29,301826048,250970112,220360392,210.15,9746947
1765903290175,4451.29,783.33,301826048,250970112,220362432,210.15,9746947
1765903290277,4456.51,785.44,301826048,250970112,220636200,210.42,9748297
1765903290379,4456.65,785.48,301826048,250970112,220638240,210.42,9748297
1765903290483,4459.04,786.75,301826048,250970112,220776192,210.55,9757168
1765903290585,4460.72,787.67,301826048,250970112,220913680,210.68,9757841
1765903290688,4460.82,787.72,301826048,250970112,220915720,210.68,9757841
1765903290787,4467.15,790.18,301842432,250970112,221189000,210.94,9759192
1765903290889,4467.24,790.21,301842432,250970112,221191040,210.94,9759192
1765903290990,4471.06,792.49,301842432,250970112,221464288,211.20,9760544
1765903291092,4471.18,792.53,301842432,250970112,221466328,211.21,9760544
1765903291194,4471.28,792.59,301842432,250970112,221468344,211.21,9760544
1765903291296,4475.18,794.77,301858816,250970112,221741584,211.47,9761896
1765903291398,4475.28,794.80,301858816,250970112,221743624,211.47,9761896
1765903291500,4479.46,796.14,301858816,250970112,222018016,211.73,9771440
1765903291602,4479.54,796.21,301858816,250970112,222020056,211.73,9771440
1765903291704,4479.63,796.25,301547520,250970112,222022072,211.74,9771440
1765903291807,4481.80,797.55,301547520,250970112,222295320,212.00,9772792
1765903291908,4481.92,797.60,301465600,250970112,222297360,212.00,9772792
1765903292010,4485.55,799.39,301481984,250970112,222570640,212.26,9774144
1765903292112,4485.74,799.44,301481984,250970112,222572680,212.26,9774144
1765903292212,4485.94,799.54,301481984,250970112,222574696,212.26,9774144
1765903292314,4489.99,801.61,301481984,250970112,222847936,212.52,9775496
1765903292416,4490.11,801.65,301481984,250970112,222849976,212.53,9775496
1765903292518,4496.09,803.84,301514752,250970112,223123648,212.79,9785039
1765903292619,4496.17,803.88,301514752,250970112,223125688,212.79,9785039
1765903292721,4496.27,803.93,301514752,250970112,223127704,212.79,9785039
1765903292822,4501.28,806.11,301531136,250970112,223400984,213.05,9786390
1765903292925,4501.36,806.14,301531136,250970112,223403024,213.05,9786390
1765903293026,4527.97,808.72,301563904,250970112,223681720,213.32,9787741
1765903293128,4528.05,808.75,301563904,250970112,223683760,213.32,9787741
1765903293229,4528.16,808.79,301547520,250970112,223685776,213.32,9787741
1765903293331,4531.89,810.90,301563904,250970112,223956688,213.58,9789092
1765903293434,4531.98,810.93,301563904,250970112,223958728,213.58,9789092
1765903293535,4552.09,812.53,301596672,250970112,224231056,213.84,9798636
1765903293637,4552.18,812.56,301596672,250970112,224233096,213.85,9798636
1765903293738,4555.98,814.68,301596672,250970112,224500992,214.10,9799987
1765903293840,4556.15,814.77,301596672,250970112,224503032,214.10,9799987
1765903293942,4556.24,814.82,301596672,250970112,224505048,214.10,9799987
1765903294044,4560.29,816.82,301596672,250970112,224773008,214.36,9801339
1765903294146,4560.40,816.86,301596672,250970112,224775048,214.36,9801339
1765903294248,4563.78,818.89,301613056,250970112,225043000,214.62,9802691
1765903294350,4563.86,818.98,301613056,250970112,225045040,214.62,9802691
1765903294452,4563.94,819.02,301613056,250970112,225047056,214.62,9802691
1765903294554,4568.21,821.05,301613056,250970112,225315320,214.88,9812234
1765903294656,4568.33,821.09,301613056,250970112,225317360,214.88,9812234
1765903294756,4572.27,823.38,301613056,250970112,225585296,215.13,9813586
1765903294858,4572.40,823.44,301613056,250970112,225587336,215.14,9813586
1765903294960,4572.52,823.48,301613056,250970112,225589352,215.14,9813586
1765903295062,4585.35,826.30,301629440,250970112,225858344,215.40,9814937
1765903295164,4585.46,826.35,301629440,250970112,225860384,215.40,9814937
1765903295266,4589.54,828.10,301645824,250970112,226125624,215.65,9816288
1765903295368,4589.61,828.13,301645824,250970112,226127664,215.65,9816288
1765903295470,4589.71,828.17,301645824,250970112,226129680,215.65,9816288
1765903295572,4593.01,830.03,301645824,250970112,226395232,215.91,9825831
1765903295679,4715.22,835.16,301826048,195919872,169133360,161.30,9716353
1765903295781,4750.90,844.38,246808576,195919872,170084128,162.20,9717705
1765903295883,4750.98,844.42,246808576,195919872,170086168,162.21,9717705
1765903295984,4754.23,845.01,246808576,195919872,170231192,162.35,9718384
1765903296086,4758.86,846.04,246808576,195919872,170373256,162.48,9719057
1765903296188,4758.97,846.08,246808576,195919872,170375296,162.48,9719057
1765903296288,4790.92,849.67,247578624,199065600,169751760,161.89,9720408
1765903296391,4916.12,858.39,228540416,175996928,168768840,160.95,9716353
1765903296491,4919.39,859.55,228573184,175996928,169113376,161.28,9725897
1765903296593,4919.48,859.60,228573184,175996928,169115416,161.28,9725897
1765903296695,4919.57,859.63,228573184,175996928,169117432,161.28,9725897
1765903296797,4924.21,861.77,228802560,177045504,168456504,160.65,9727249
1765903296898,4924.32,861.81,228802560,177045504,168458544,160.65,9727249
1765903297000,5092.90,870.41,228573184,175734784,169101488,161.27,9717704
1765903297102,5092.97,870.44,228573184,175734784,169103576,161.27,9717704
1765903297205,5093.11,870.48,228573184,175734784,169105592,161.27,9717704
1765903297306,5100.39,872.74,228818944,176783360,168454304,160.65,9719055
1765903297408,5100.60,872.79,228818944,176783360,168456712,160.65,9719055
1765903297510,5105.44,875.15,229097472,176783360,168736992,160.92,9728599
1765903297612,5105.54,875.19,229097472,176783360,168739032,160.92,9728599
1765903297713,5105.66,875.23,229097472,176783360,168741048,160.92,9728599
1765903297815,5109.26,877.44,229359616,176783360,169023640,161.19,9729951
1765903297917,5109.33,877.47,229359616,176783360,169025680,161.20,9729951
1765903298019,5113.64,879.65,229638144,177045504,169576976,161.72,9731302
1765903298122,5114.53,879.72,229638144,177045504,168755400,160.94,9731302
1765903298223,5114.63,879.75,229638144,177045504,168757416,160.94,9731302
1765903298325,5124.80,881.81,229654528,177045504,169035488,161.20,9732653
1765903298427,5124.90,881.85,229654528,177045504,169037528,161.21,9732653
1765903298530,5131.66,883.68,229654528,177045504,169315272,161.47,9742196
1765903298632,5131.79,883.73,229670912,177045504,169317312,161.47,9742196
1765903298733,5134.28,885.05,229670912,177045504,169457184,161.61,9742875
1765903298835,5136.08,885.99,229670912,177045504,169596800,161.74,9743548
1765903298938,5136.19,886.04,229670912,177045504,169598840,161.74,9743548
1765903299040,5141.64,888.12,229670912,177045504,169113848,161.28,9736707
1765903299142,5141.74,888.16,229670912,177045504,169115888,161.28,9736707
1765903299244,5145.48,889.89,229670912,177045504,169393416,161.55,9738058
1765903299346,5145.59,889.93,229670912,177045504,169395456,161.55,9738058
1765903299448,5145.69,889.98,229670912,177045504,169397472,161.55,9738058
1765903299550,5150.27,892.21,229687296,177045504,168987968,161.16,9747601
1765903299652,5150.41,892.25,229687296,177045504,168990008,161.16,9747601
1765903299754,5154.47,894.60,229687296,177045504,169267536,161.43,9740760
1765903299856,5154.56,894.65,229687296,177045504,169269576,161.43,9740760
1765903299958,5154.66,894.70,229687296,177045504,169271592,161.43,9740760
1765903300060,5158.62,897.07,229703680,177045504,169549144,161.69,9742111
1765903300162,5158.74,897.11,229703680,177045504,169551184,161.70,9742111
1765903300264,5168.01,899.66,229703680,177045504,169103736,161.27,9743462
1765903300366,5168.09,899.70,229703680,177045504,169105776,161.27,9743462
1765903300469,5168.18,899.75,229703680,177045504,169107792,161.27,9743462
1765903300571,5173.27,901.92,229720064,177045504,169386640,161.54,9753006
1765903300672,5173.38,901.96,229720064,177045504,169388680,161.54,9753006
1765903300773,5183.42,904.55,229720064,177307648,169879336,162.01,9754357
1765903300874,5183.52,904.60,229720064,177307648,169881376,162.01,9754357
1765903300976,5183.63,904.65,229720064,177307648,169883392,162.01,9754357
1765903301076,5189.06,907.12,229736448,177307648,170161064,162.28,9755708
1765903301178,5189.17,907.16,229736448,177307648,170163104,162.28,9755708
1765903301280,5197.57,909.66,229867520,179404800,169687264,161.83,9757060
1765903301382,5197.65,909.70,229867520,179404800,169689304,161.83,9757060
1765903301484,5199.81,910.78,229867520,179404800,169829008,161.96,9765931
1765903301586,5201.36,911.92,229883904,179404800,169968224,162.09,9766603
1765903301686,5201.48,911.96,229883904,179404800,169970264,162.10,9766603
1765903301788,5206.44,914.06,229883904,179404800,170246992,162.36,9767954
1765903301890,5206.55,914.10,229883904,179404800,170249032,162.36,9767954
1765903301992,5211.46,916.29,230096896,179404800,170525640,162.63,9769305
1765903302093,5211.56,916.37,230096896,179404800,170527680,162.63,9769305
1765903302195,5211.73,916.43,230096896,179404800,170529696,162.63,9769305
1765903302297,5216.24,918.76,230375424,179404800,170806136,162.89,9770656
1765903302398,5216.34,918.80,230375424,179404800,170808176,162.90,9770656
1765903302500,5219.75,920.88,230637568,179404800,171084824,163.16,9780199
1765903302603,5219.82,920.93,230637568,179404800,171086864,163.16,9780199
1765903302704,5219.90,920.97,230637568,179404800,171088888,163.16,9780199
1765903302806,5224.52,923.24,230883328,179404800,169723320,161.86,9781551
1765903302908,5224.61,923.30,230883328,179404800,169725360,161.86,9781551
1765903303010,5227.90,925.50,230899712,179404800,170001760,162.13,9766518
1765903303112,5228.00,925.55,230899712,179404800,170003800,162.13,9766518
1765903303214,5228.14,925.61,230899712,179404800,170005816,162.13,9766518
1765903303316,5238.72,928.01,230899712,179404800,170283240,162.39,9767870
1765903303418,5238.85,928.05,230899712,179404800,170285280,162.40,9767870
1765903303519,5243.64,929.96,231047168,179404800,170559464,162.66,9777413
1765903303621,5243.73,930.00,231047168,179404800,170561504,162.66,9777413
1765903303723,5243.80,930.05,231047168,179404800,170563520,162.66,9777413
1765903303825,5247.41,932.18,231309312,179404800,170837448,162.92,9778765
1765903303928,5247.55,932.23,231309312,179404800,170839488,162.93,9778765
1765903304031,5251.46,934.58,231587840,179404800,171113440,163.19,9780117
1765903304130,5251.56,934.61,231587840,179404800,171115480,163.19,9780117
1765903304234,5253.67,935.86,231735296,179404800,171253536,163.32,9780796
1765903304336,5265.59,937.18,231882752,179404800,171392328,163.45,9781468
1765903304437,5265.69,937.22,231882752,179404800,171394368,163.45,9781468
1765903304539,5273.60,939.18,231931904,179404800,170159936,162.28,9774626
1765903304641,5273.70,939.24,231931904,179404800,170161976,162.28,9774626
1765903304742,5277.49,941.53,231931904,179404800,170435920,162.54,9775977
1765903304844,5277.59,941.58,231931904,179404800,170437960,162.54,9775977
1765903304947,5277.70,941.62,231931904,179404800,170439976,162.54,9775977
1765903305048,5283.61,943.41,231948288,179404800,170713872,162.81,9777328
1765903305150,5283.69,943.44,231948288,179404800,170715912,162.81,9777328
1765903305252,5288.59,946.02,231948288,179404800,170990248,163.07,9778679
1765903305354,5288.69,946.07,231948288,179404800,170992288,163.07,9778679
1765903305456,5288.80,946.11,231948288,179404800,170994304,163.07,9778679
1765903305559,5293.32,948.17,231964672,179404800,171268552,163.33,9788222
1765903305661,5293.44,948.24,231964672,179404800,171270592,163.34,9788222
1765903305763,5305.01,950.35,231964672,179404800,171546744,163.60,9789574
1765903305865,5305.14,950.40,231964672,179404800,171548784,163.60,9789574
1765903305967,5305.34,950.50,231964672,179404800,171550800,163.60,9789574
1765903306069,5316.75,952.87,231981056,179404800,170312848,162.42,9790926
1765903306171,5316.88,952.92,231981056,179404800,170314888,162.42,9790926
1765903306273,5320.31,955.07,231981056,179404800,170587616,162.69,9784085
1765903306375,5320.41,955.13,231981056,179404800,170589656,162.69,9784085
1765903306478,5320.52,955.18,231981056,179404800,170591672,162.69,9784085
1765903306579,5327.75,957.54,231981056,179404800,170874496,162.96,9793629
1765903306681,5327.86,957.58,231981056,179404800,170876536,162.96,9793629
1765903306783,5336.91,960.10,231981056,179404800,171154896,163.23,9794980
1765903306886,5337.00,960.14,231981056,179404800,171156936,163.23,9794980
1765903306987,5343.82,962.34,231981056,179404800,171429632,163.49,9796332
1765903307089,5347.19,962.49,231981056,179404800,171436112,163.49,9796332
1765903307192,5347.28,962.53,231981056,179404800,171438128,163.50,9796332
1765903307294,5350.69,964.70,231981056,179404800,171711072,163.76,9797683
1765903307396,5350.86,964.75,231981056,179404800,171713112,163.76,9797683
1765903307498,5360.04,967.23,231981056,179404800,170465088,162.57,9807226
1765903307601,5360.13,967.29,231981056,179404800,170467128,162.57,9807226
1765903307703,5360.20,967.34,231981056,179404800,170469144,162.57,9807226
1765903307805,5365.39,969.68,231981056,179404800,170742928,162.83,9792194
1765903307907,5365.48,969.73,231981056,179404800,170744968,162.84,9792194
1765903308009,5369.60,971.33,231981056,179404800,171017584,163.10,9793545
1765903308112,5369.69,971.38,231981056,179404800,171019624,163.10,9793545
1765903308213,5369.82,971.43,231981056,179404800,171021640,163.10,9793545
1765903308315,5373.20,973.44,231981056,179404800,171293528,163.36,9794896
1765903308417,5373.29,973.47,231981056,179404800,171295568,163.36,9794896
1765903308519,5380.05,975.75,231981056,179404800,171573136,163.62,9804439
1765903308621,5380.14,975.78,231981056,179404800,171575176,163.63,9804439
1765903308724,5380.25,975.84,231981056,179404800,171577192,163.63,9804439
1765903308825,5384.02,977.95,232030208,179666944,172103056,164.13,9805791
1765903308927,5384.13,978.00,232030208,179666944,172105096,164.13,9805791
1765903309028,5391.98,980.37,232161280,180191232,171105336,163.18,9798949
1765903309131,5392.14,980.43,232161280,180191232,171107376,163.18,9798949
1765903309234,5394.44,981.61,232161280,180191232,171242264,163.31,9799628
1765903309336,5395.81,982.55,232161280,180191232,171376232,163.44,9800301
1765903309438,5395.89,982.60,232161280,180191232,171378272,163.44,9800301
1765903309540,5400.57,984.18,232177664,180191232,171644728,163.69,9809845
1765903309642,5400.67,984.23,232177664,180191232,171646768,163.70,9809845
1765903309743,5404.27,986.26,232177664,180191232,171913072,163.95,9811196
1765903309846,5404.41,986.35,232177664,180191232,171915112,163.95,9811196
1765903309948,5404.52,986.40,232177664,180191232,171917128,163.95,9811196
1765903310050,5407.96,988.43,232177664,180191232,172183440,164.21,9812547
1765903310152,5408.10,988.47,232177664,180191232,172185480,164.21,9812547
1765903310254,5411.59,990.70,232194048,180191232,172451736,164.46,9813898
1765903310356,5411.68,990.75,232194048,180191232,172453776,164.46,9813898
1765903310458,5411.77,990.82,232194048,180191232,172455792,164.47,9813898
1765903310560,5416.14,993.37,232685568,184909824,171313200,163.38,9807057
1765903310663,5416.23,993.42,232685568,184909824,171315240,163.38,9807057
1765903310765,5419.59,995.48,232685568,184909824,171581488,163.63,9808408
1765903310867,5419.66,995.52,232685568,184909824,171583528,163.63,9808408
1765903310967,5419.74,995.57,232685568,184909824,171585544,163.64,9808408
1765903311070,5440.22,998.11,232718336,184909824,171856856,163.90,9809760
1765903311171,5440.31,998.15,232718336,184909824,171858896,163.90,9809760
1765903311273,5443.79,1000.10,232718336,184909824,172123208,164.15,9811112
1765903311375,5443.89,1000.14,232718336,184909824,172125248,164.15,9811112
1765903311478,5443.97,1000.18,232718336,184909824,172127264,164.15,9811112
1765903311579,5447.45,1002.37,232718336,184909824,172391768,164.41,9820656
1765903311681,5447.59,1002.43,232718336,184909824,172393808,164.41,9820656
1765903311784,5474.87,1004.84,232751104,184909824,172659216,164.66,9822007
1765903311885,5474.95,1004.87,232751104,184909824,172661256,164.66,9822007
1765903311987,5478.56,1006.96,232751104,184909824,172922504,164.91,9823358
1765903312089,5478.65,1007.00,232751104,184909824,172924544,164.91,9823358
1765903312191,5478.81,1007.06,232751104,184909824,172926560,164.92,9823358
1765903312291,5487.04,1009.48,232980480,184909824,173188192,165.17,9824710
1765903312393,5487.14,1009.54,232996864,184909824,173190232,165.17,9824710
1765903312494,5495.77,1012.16,233259008,184909824,173451760,165.42,9834254
1765903312596,5495.87,1012.20,233259008,184909824,173453800,165.42,9834254
1765903312698,5496.00,1012.25,233259008,184909824,173455816,165.42,9834254
1765903312800,5499.72,1014.68,233668608,184909824,173838440,165.79,9835606
1765903312902,5499.81,1014.73,233668608,184909824,173840480,165.79,9835606
1765903313004,5503.63,1017.23,233914368,184909824,174101648,166.04,9836957
1765903313106,5503.73,1017.29,233914368,184909824,174103688,166.04,9836957
1765903313209,5503.88,1017.34,233914368,184909824,174105704,166.04,9836957
1765903313311,5515.63,1019.93,234176512,184909824,174367224,166.29,9838309
1765903313413,5515.74,1019.98,234176512,184909824,174369264,166.29,9838309
1765903313515,5519.42,1022.33,234438656,184909824,174628008,166.54,9847852
1765903313617,5519.50,1022.36,234438656,184909824,174630048,166.54,9847852
1765903313719,5520.86,1022.41,234438656,184909824,174632064,166.54,9847852
1765903313821,5524.58,1024.40,234700800,184909824,174890736,166.79,9849203
1765903313923,5524.68,1024.45,234700800,184909824,174892776,166.79,9849203
1765903314026,5535.62,1027.12,235028480,184909824,172018216,164.05,9825979
1765903314127,5535.71,1027.15,235028480,184909824,172020256,164.05,9825979
1765903314230,5537.88,1028.20,235028480,184909824,172306232,164.32,9826658
1765903314331,5539.13,1029.00,235028480,184909824,172436344,164.45,9827330
1765903314433,5539.24,1029.04,235028480,184909824,172438384,164.45,9827330
1765903314536,5543.08,1031.04,235044864,184909824,172696776,164.70,9836874
1765903314637,5543.17,1031.08,235044864,184909824,172698816,164.70,9836874
1765903314737,5546.83,1033.44,235044864,184909824,172956976,164.94,9838226
1765903314839,5546.99,1033.49,235044864,184909824,172959016,164.95,9838226
1765903314941,5547.10,1033.55,235044864,184909824,172961032,164.95,9838226
1765903315043,5552.22,1035.79,235044864,184909824,173219432,165.19,9839577
1765903315146,5552.38,1035.83,235044864,184909824,173221472,165.20,9839577
1765903315245,5556.26,1037.94,235094016,184909824,173479848,165.44,9840929
1765903315347,5556.38,1038.04,235094016,184909824,173481888,165.45,9840929
1765903315449,5556.54,1038.10,235094016,184909824,173483904,165.45,9840929
1765903315552,5560.48,1040.54,235339776,184909824,173742896,165.69,9850473
1765903315654,5560.60,1040.59,235339776,184909824,173744936,165.70,9850473
1765903315757,5564.45,1042.47,235585536,184909824,174003232,165.94,9851825
1765903315858,5564.57,1042.53,235601920,184909824,174005272,165.94,9851825
1765903315960,5564.74,1042.58,235601920,184909824,174007288,165.95,9851825
1765903316062,5568.05,1044.86,235864064,184909824,174265464,166.19,9853176
1765903316165,5568.21,1044.91,235864064,184909824,174267504,166.19,9853176
1765903316267,5571.87,1047.33,236109824,184909824,174525680,166.44,9854528
1765903316369,5571.97,1047.38,236109824,184909824,174527720,166.44,9854528
1765903316471,5572.07,1047.41,236109824,184909824,174529736,166.44,9854528
1765903316573,5575.55,1049.63,236371968,184909824,174788400,166.69,9864072
1765903316675,5575.65,1049.69,236371968,184909824,174790440,166.69,9864072
1765903316778,5590.36,1052.44,236634112,184909824,175049512,166.94,9865424
1765903316879,5590.45,1052.50,236650496,184909824,175051552,166.94,9865424
1765903316984,5592.39,1053.24,236781568,184909824,175181616,167.07,9866103
1765903317086,5596.17,1055.03,237436928,185958400,172458424,164.47,9866775
1765903317188,5596.29,1055.08,237436928,185958400,172460464,164.47,9866775
1765903317290,5599.88,1057.33,237436928,185958400,172718384,164.72,9843550
1765903317392,5600.01,1057.37,237436928,185958400,172720424,164.72,9843550
1765903317494,5604.68,1059.58,237453312,185958400,172978616,164.97,9853094
1765903317596,5604.78,1059.64,237453312,185958400,172980656,164.97,9853094
1765903317699,5604.90,1059.70,237453312,185958400,172982672,164.97,9853094
1765903317800,5612.90,1061.91,237453312,185958400,173241096,165.22,9854446
1765903317902,5613.02,1061.95,237453312,185958400,173243136,165.22,9854446
1765903318004,5616.59,1064.25,237453312,185958400,173501240,165.46,9855797
1765903318107,5616.69,1064.31,237453312,185958400,173503280,165.47,9855797
1765903318208,5616.77,1064.36,237453312,185958400,173505296,165.47,9855797
1765903318309,5629.84,1066.78,237486080,185958400,173796496,165.75,9857148
1765903318411,5629.94,1066.83,237486080,185958400,173798536,165.75,9857148
1765903318514,5633.52,1068.48,237502464,185958400,174050816,165.99,9866692
1765903318615,5633.62,1068.53,237502464,185958400,174052856,165.99,9866692
1765903318717,5633.76,1068.57,237502464,185958400,174054872,165.99,9866692
1765903318818,5637.23,1070.86,237502464,185958400,174306912,166.23,9868044
1765903318920,5637.32,1070.90,237502464,185958400,174308952,166.23,9868044
1765903319022,5640.67,1073.14,237502464,185958400,174561040,166.47,9869396
1765903319125,5640.77,1073.20,237502464,185958400,174563080,166.48,9869396
1765903319227,5640.86,1073.26,237502464,185958400,174565096,166.48,9869396
1765903319329,5644.22,1075.43,237518848,185958400,174817280,166.72,9870748
1765903319431,5644.39,1075.48,237518848,185958400,174819320,166.72,9870748
1765903319533,5647.85,1077.60,237518848,185958400,175071592,166.96,9880292
1765903319635,5647.94,1077.64,237518848,185958400,175073632,166.96,9880292
1765903319736,5651.28,1079.68,237518848,185958400,175326120,167.20,9881643
1765903319839,5651.39,1079.75,237518848,185958400,175328160,167.21,9881643
1765903319940,5651.49,1079.79,237518848,185958400,175330176,167.21,9881643
1765903320042,5655.34,1082.09,237518848,185958400,175704824,167.57,9882994
1765903320144,5658.30,1082.14,237518848,185958400,175707936,167.57,9882994
1765903320244,5663.85,1084.82,237993984,186220544,173193200,165.17,9859770
1765903320346,5663.94,1084.87,237993984,186220544,173194736,165.17,9859770
1765903320449,5664.08,1084.93,237993984,186220544,173196248,165.17,9859770
1765903320551,5667.51,1087.22,237993984,186220544,173448216,165.41,9869313
1765903320653,5667.58,1087.26,237993984,186220544,173449752,165.41,9869313
1765903320755,5677.18,1089.24,238010368,186220544,173702088,165.66,9870665
1765903320858,5678.62,1089.29,238010368,186220544,173704016,165.66,9870665
1765903320960,5678.70,1089.34,238010368,186220544,173705528,165.66,9870665
1765903321062,5681.93,1091.46,238026752,186220544,173954472,165.90,9872016
1765903321163,5682.05,1091.51,238026752,186220544,173956008,165.90,9872016
1765903321265,5685.43,1093.81,238026752,186220544,174205032,166.13,9873368
1765903321367,5685.50,1093.85,238026752,186220544,174206568,166.14,9873368
1765903321469,5685.59,1093.91,238026752,186220544,174208080,166.14,9873368
1765903321571,5689.11,1095.95,238026752,186220544,174457264,166.38,9882911
1765903321672,5689.21,1095.99,238026752,186220544,174458800,166.38,9882911
1765903321774,5692.35,1097.92,238043136,186220544,174707744,166.61,9884262
1765903321876,5692.46,1097.98,238043136,186220544,174709280,166.62,9884262
1765903321978,5692.56,1098.04,238043136,186220544,174710792,166.62,9884262
1765903322080,5696.20,1100.27,238043136,186220544,174959752,166.85,9885614
1765903322180,5696.31,1100.34,238043136,186220544,174961288,166.86,9885614
1765903322282,5699.67,1102.64,238043136,186220544,175210240,167.09,9886965
1765903322384,5699.74,1102.67,238043136,186220544,175211776,167.09,9886965
1765903322484,5701.76,1103.99,238043136,186220544,175337328,167.21,9895836
1765903322586,5703.49,1105.33,238059520,186220544,175462520,167.33,9896508
1765903322688,5703.59,1105.37,238059520,186220544,175464056,167.34,9896508
1765903322791,5706.99,1107.60,238059520,186220544,175713000,167.57,9897859
1765903322891,5707.10,1107.66,238059520,186220544,175714536,167.57,9897859
1765903322991,5710.65,1109.62,238075904,186220544,175963640,167.81,9899210
1765903323093,5710.77,1109.67,238075904,186220544,175965176,167.81,9899210
1765903323196,5710.87,1109.72,238075904,186220544,175966688,167.81,9899210
1765903323298,5716.96,1112.32,238518272,186482688,173669080,165.62,9875985
1765903323398,5717.11,1112.37,238518272,186482688,173670616,165.63,9875985
1765903323498,5720.87,1114.67,238534656,186482688,173919808,165.86,9885529
1765903323600,5720.94,1114.70,238534656,186482688,173921344,165.86,9885529
1765903323702,5721.02,1114.75,238534656,186482688,173922856,165.87,9885529
1765903323803,5724.08,1116.81,238534656,186482688,174171808,166.10,9886881
1765903323905,5724.18,1116.86,238534656,186482688,174173344,166.10,9886881
1765903324005,5727.28,1118.76,238534656,186482688,174422304,166.34,9888233
1765903324107,5727.40,1118.84,238534656,186482688,174423840,166.34,9888233
1765903324207,5727.49,1118.90,238534656,186482688,174425352,166.34,9888233
1765903324309,5731.16,1121.02,238534656,186482688,174680472,166.59,9889584
1765903324410,5731.27,1121.08,238534656,186482688,174682008,166.59,9889584
1765903324512,5734.49,1123.19,238534656,186482688,174935736,166.83,9899126
1765903324614,5734.61,1123.24,238534656,186482688,174937272,166.83,9899126
1765903324716,5734.71,1123.28,238534656,186482688,174938784,166.83,9899126
1765903324818,5737.80,1125.33,238534656,186482688,175425168,167.30,9900477
1765903324920,5737.91,1125.38,238534656,186482688,175426704,167.30,9900477
1765903325022,5741.35,1127.63,238551040,186482688,175675824,167.54,9901828
1765903325124,5741.45,1127.67,238551040,186482688,175677360,167.54,9901828
1765903325226,5741.56,1127.73,238551040,186482688,175678872,167.54,9901828
1765903325328,5744.70,1129.67,238551040,186482688,175927912,167.78,9903178
1765903325430,5744.81,1129.71,238551040,186482688,175929448,167.78,9903178
1765903325532,5747.98,1131.87,238551040,186482688,176178840,168.02,9912722
1765903325634,5748.04,1131.91,238551040,186482688,176180376,168.02,9912722
1765903325737,5751.54,1133.96,238567424,186482688,176429288,168.26,9914074
1765903325838,5751.68,1134.03,238567424,186482688,176430824,168.26,9914074
1765903325940,5751.82,1134.08,238567424,186482688,176432336,168.26,9914074
1765903326043,5760.53,1136.96,239026176,187531264,174144624,166.08,9915425
1765903326145,5760.67,1137.01,239026176,187531264,174146160,166.08,9915425
1765903326247,5763.95,1139.29,239042560,187531264,174395128,166.32,9892200
1765903326349,5764.03,1139.35,239042560,187531264,174396664,166.32,9892200
1765903326451,5764.11,1139.40,239042560,187531264,174398176,166.32,9892200
1765903326554,5766.96,1141.18,239042560,187531264,174647360,166.56,9901743
1765903326655,5767.06,1141.23,239042560,187531264,174648896,166.56,9901743
1765903326757,5774.14,1143.70,239042560,187531264,174897856,166.80,9903094
1765903326859,5774.24,1143.76,239042560,187531264,174899392,166.80,9903094
1765903326961,5774.34,1143.82,239042560,187531264,174900904,166.80,9903094
1765903327062,5777.68,1145.91,239058944,187531264,175149896,167.04,9904445
1765903327164,5777.78,1145.96,239058944,187531264,175151432,167.04,9904445
1765903327266,5781.23,1147.83,239058944,187531264,175400584,167.28,9905797
1765903327368,5781.62,1147.99,239058944,187531264,175419552,167.29,9905801
1765903327470,5781.68,1148.02,239058944,187531264,175421088,167.29,9905801
1765903327572,5784.88,1149.84,239075328,187531264,175670320,167.53,9915344
1765903327674,5784.97,1149.88,239075328,187531264,175671856,167.53,9915344
1765903327776,5787.75,1151.56,239091712,187531264,175920816,167.77,9916695
1765903327879,5787.90,1151.60,239091712,187531264,175922352,167.77,9916695
1765903327980,5788.10,1151.71,239091712,187531264,175923864,167.77,9916695
1765903328083,5800.09,1154.19,239108096,187531264,176173728,168.01,9918047
1765903328184,5800.18,1154.23,239108096,187531264,176175264,168.01,9918047
1765903328286,5815.19,1156.01,239124480,187531264,176425488,168.25,9919398
1765903328388,5815.26,1156.06,239124480,187531264,176427024,168.25,9919398
1765903328489,5818.56,1158.26,239124480,187531264,176675696,168.49,9928941
1765903328591,5818.66,1158.31,239124480,187531264,176677232,168.49,9928941
1765903328693,5818.78,1158.36,239124480,187531264,176678744,168.49,9928941
1765903328795,5821.87,1160.47,239124480,187531264,176927024,168.73,9930291
1765903328897,5822.03,1160.52,239124480,187531264,176928560,168.73,9930291
1765903328999,5825.41,1162.69,239140864,187531264,177176856,168.97,9931643
1765903329101,5825.50,1162.76,239140864,187531264,177178392,168.97,9931643
1765903329204,5825.61,1162.81,239140864,187531264,177179904,168.97,9931643
1765903329307,5828.89,1165.11,239140864,187531264,177428232,169.21,9932994
1765903329408,5828.99,1165.15,239140864,187531264,177429768,169.21,9932994
1765903329510,5835.05,1168.25,240074752,196182016,174857832,166.76,9909765
1765903329612,5835.16,1168.29,240074752,196182016,174859368,166.76,9909765
1765903329714,5835.28,1168.34,240074752,196182016,174860880,166.76,9909765
1765903329816,5838.68,1170.55,240074752,196182016,175109168,167.00,9911117
1765903329918,5838.77,1170.59,240074752,196182016,175110704,167.00,9911117
1765903330020,5842.13,1172.87,240156672,196182016,175358992,167.24,9912468
1765903330122,5842.22,1172.93,240156672,196182016,175360528,167.24,9912468
1765903330224,5842.30,1172.97,240156672,196182016,175362040,167.24,9912468
1765903330326,5843.85,1173.84,240156672,196182016,175699504,167.56,9913820
1765903330428,5843.97,1173.89,240156672,196182016,175701040,167.56,9913820
1765903330530,5845.77,1175.01,240156672,196182016,175949632,167.80,9923363
1765903330632,5845.85,1175.05,240156672,196182016,175951168,167.80,9923363
1765903330734,5847.79,1176.22,240173056,196182016,176076208,167.92,9924042
1765903330834,5848.98,1177.25,240173056,196182016,176200960,168.04,9924714
1765903330936,5849.08,1177.29,240173056,196182016,176202496,168.04,9924714
1765903331038,5852.43,1179.74,240173056,196182016,176450800,168.28,9926066
1765903331140,5852.51,1179.79,240173056,196182016,176452336,168.28,9926066
1765903331241,5855.94,1181.94,240173056,196182016,176700640,168.51,9927418
1765903331343,5856.06,1182.00,240173056,196182016,176702176,168.52,9927418
1765903331445,5856.15,1182.04,240173056,196182016,176703688,168.52,9927418
1765903331547,5862.23,1184.44,240189440,196182016,176952296,168.75,9936961
1765903331649,5862.31,1184.48,240189440,196182016,176953832,168.76,9936961
1765903331751,5865.56,1186.79,240189440,196182016,177202160,168.99,9938312
1765903331854,5865.69,1186.87,240189440,196182016,177203696,168.99,9938312
1765903331955,5865.78,1186.90,240189440,196182016,177205208,169.00,9938312
1765903332057,5873.74,1189.04,240205824,196182016,177455488,169.23,9939664
1765903332159,5873.83,1189.10,240205824,196182016,177457024,169.24,9939664
1765903332262,5877.27,1191.37,240205824,196182016,177705328,169.47,9941014
1765903332364,5877.36,1191.43,240205824,196182016,177706864,169.47,9941014
1765903332466,5877.50,1191.48,240205824,196182016,177708376,169.48,9941014
1765903332569,5880.91,1193.81,240205824,196182016,177956920,169.71,9950557
1765903332670,5881.02,1193.85,240205824,196182016,177958456,169.71,9950557
1765903332772,5884.44,1195.93,240254976,196182016,178206840,169.95,9951908
1765903332874,5884.55,1195.99,240254976,196182016,178208376,169.95,9951908
1765903332976,5884.66,1196.07,240254976,196182016,178209888,169.95,9951908
1765903333078,5887.93,1198.44,240484352,196182016,178458200,170.19,9953259
1765903333180,5888.04,1198.49,240484352,196182016,178459736,170.19,9953259
1765903333283,5890.44,1200.10,240730112,196182016,178708008,170.43,9954609
1765903333384,5890.51,1200.13,240730112,196182016,178709544,170.43,9954609
1765903333484,5892.55,1201.47,240861184,196182016,178834800,170.55,9963480
1765903333586,5893.65,1202.30,240975872,196182016,178959552,170.67,9964153
1765903333688,5893.77,1202.35,240975872,196182016,178961088,170.67,9964153
1765903333790,5897.19,1204.55,241221632,196182016,179209376,170.91,9965504
1765903333893,5897.28,1204.60,241221632,196182016,179210912,170.91,9965504
1765903333994,5902.72,1207.08,241451008,196182016,179684200,171.36,9966856
1765903334096,5902.84,1207.18,241467392,196182016,179685736,171.36,9966856
1765903334198,5902.99,1207.23,241467392,196182016,179687248,171.36,9966856
1765903334301,5916.65,1208.98,241713152,196182016,179938688,171.60,9968208
1765903334402,5916.72,1209.01,241713152,196182016,179940224,171.60,9968208
1765903334504,5919.91,1211.26,241958912,196182016,180189928,171.84,9977750
1765903334606,5920.01,1211.32,241958912,196182016,180191464,171.84,9977750
1765903334708,5920.10,1211.36,241958912,196182016,180192976,171.85,9977750
1765903334810,5925.60,1213.43,242204672,196182016,180443000,172.08,9979101
1765903334912,5925.76,1213.48,242204672,196182016,180444536,172.09,9979101
1765903335014,5929.48,1215.52,242450432,196182016,180694376,172.32,9980453
1765903335116,5929.55,1215.57,242450432,196182016,180695912,172.33,9980453
1765903335219,5929.63,1215.60,242450432,196182016,180697424,172.33,9980453
1765903335321,5937.35,1218.46,242696192,196182016,180947608,172.57,9981805
1765903335423,5937.48,1218.51,242696192,196182016,180949144,172.57,9981805
1765903335525,5940.86,1220.85,242958336,196182016,181199192,172.81,9991349
1765903335628,5940.96,1220.92,242958336,196182016,181200728,172.81,9991349
1765903335729,5941.06,1220.97,242958336,196182016,181202240,172.81,9991349
1765903335831,5949.58,1223.54,243187712,196182016,181452208,173.05,9992700
1765903335933,5950.97,1223.59,243187712,196182016,181454128,173.05,9992700
1765903336035,5954.30,1226.04,243449856,196182016,181701472,173.28,9994052
1765903336137,5954.43,1226.11,243449856,196182016,181703008,173.29,9994052
1765903336237,5960.95,1228.53,243679232,196182016,181950560,173.52,9995403
1765903336338,5961.02,1228.58,243679232,196182016,181952096,173.52,9995403
1765903336440,5961.12,1228.62,243679232,196182016,181953608,173.52,9995403
1765903336542,5966.61,1231.53,244498432,197492736,176092720,167.94,10004946
1765903336644,5966.78,1231.60,244498432,197492736,176094256,167.94,10004946
1765903336746,5979.72,1234.01,244514816,197492736,176343248,168.17,9948953
1765903336848,5979.82,1234.04,244514816,197492736,176344784,168.18,9948953
1765903336950,5979.95,1234.10,244514816,197492736,176346296,168.18,9948953
1765903337052,5983.35,1236.38,244514816,197492736,176593704,168.41,9950305
1765903337154,5983.47,1236.44,244514816,197492736,176595240,168.41,9950305
1765903337257,5986.78,1238.66,244514816,197492736,176842568,168.65,9951655
1765903337359,5986.85,1238.70,244514816,197492736,176844104,168.65,9951655
1765903337461,5986.93,1238.75,244514816,197492736,176845616,168.65,9951655
1765903337563,5995.63,1241.16,244531200,197492736,177093640,168.89,9961198
1765903337665,5995.74,1241.20,244531200,197492736,177095176,168.89,9961198
1765903337767,5998.94,1243.19,244531200,197492736,177342512,169.13,9962549
1765903337869,5999.06,1243.23,244531200,197492736,177344048,169.13,9962549
1765903337971,5999.31,1243.35,244531200,197492736,177345560,169.13,9962549
1765903338072,6002.77,1245.27,244547584,197492736,177592888,169.37,9963900
1765903338174,6002.92,1245.33,244547584,197492736,177594424,169.37,9963900
1765903338276,6006.54,1247.87,244547584,197492736,177842008,169.60,9965251
1765903338378,6006.63,1247.93,244547584,197492736,177843544,169.60,9965251
1765903338480,6006.75,1247.98,244547584,197492736,177845056,169.61,9965251
1765903338582,6010.18,1250.20,244547584,197492736,178092688,169.84,9974794
1765903338684,6010.27,1250.24,244547584,197492736,178094224,169.84,9974794
1765903338786,6016.25,1252.52,244563968,197492736,178341656,170.08,9976145
1765903338888,6016.34,1252.57,244563968,197492736,178343192,170.08,9976145
1765903338988,6024.38,1254.47,244563968,197492736,178590936,170.32,9977496
1765903339090,6024.51,1254.56,244563968,197492736,178592472,170.32,9977496
1765903339192,6024.65,1254.61,244563968,197492736,178593984,170.32,9977496
1765903339294,6027.94,1256.89,244596736,197492736,178841456,170.56,9978848
1765903339396,6028.06,1256.94,244596736,197492736,178842992,170.56,9978848
1765903339498,6031.35,1259.63,244826112,197492736,179090912,170.79,9988391
1765903339600,6032.10,1259.71,244842496,197492736,179092672,170.80,9988391
1765903339702,6032.20,1259.76,244842496,197492736,179094184,170.80,9988391
1765903339804,6035.76,1262.07,245071872,197492736,179341656,171.03,9989743
1765903339906,6035.85,1262.12,245071872,197492736,179343192,171.03,9989743
1765903340008,6039.16,1264.43,245334016,197492736,179590600,171.27,9991095
1765903340110,6039.26,1264.49,245334016,197492736,179592136,171.27,9991095
1765903340212,6039.38,1264.54,245334016,197492736,179593648,171.27,9991095
1765903340314,6042.75,1266.76,245563392,197492736,179840992,171.51,9992446
1765903340417,6042.90,1266.81,245563392,197492736,179842528,171.51,9992446
1765903340516,6049.39,1269.48,245825536,197492736,180090184,171.75,10001990
1765903340619,6049.48,1269.53,245825536,197492736,180091720,171.75,10001990
1765903340719,6049.56,1269.58,245825536,197492736,180093232,171.75,10001990
1765903340821,6052.85,1271.96,246054912,197492736,180340592,171.99,10003342
1765903340923,6052.95,1272.01,246054912,197492736,180342128,171.99,10003342
1765903341025,6056.12,1273.87,246300672,197492736,180589480,172.22,10004694
1765903341127,6056.27,1273.92,246300672,197492736,180591016,172.23,10004694
1765903341229,6056.46,1274.03,246300672,197492736,180592528,172.23,10004694
1765903341331,6059.74,1276.11,246546432,197492736,180840048,172.46,10006045
1765903341433,6059.84,1276.15,246546432,197492736,180841584,172.46,10006045
1765903341534,6062.77,1278.26,246792192,197492736,181089152,172.70,10015587
1765903341636,6062.85,1278.30,246792192,197492736,181090688,172.70,10015587
1765903341736,6066.15,1280.56,247021568,197492736,181338088,172.94,10016938
1765903341838,6066.25,1280.62,247021568,197492736,181339624,172.94,10016938
1765903341940,6066.35,1280.68,247021568,197492736,181341136,172.94,10016938
1765903342042,6069.85,1282.61,247267328,197492736,181649808,173.23,10018289
1765903342144,6069.96,1282.66,247267328,197492736,181651344,173.24,10018289
1765903342246,6073.06,1284.66,247513088,197492736,181898696,173.47,10019641
1765903342348,6073.17,1284.69,247513088,197492736,181900232,173.47,10019641
1765903342450,6073.27,1284.74,247513088,197492736,181901744,173.48,10019641
1765903342553,6076.67,1287.16,247758848,197492736,182149312,173.71,10029184
1765903342655,6076.82,1287.20,247758848,197492736,182150848,173.71,10029184
1765903342757,6079.96,1289.40,248004608,197492736,182398200,173.95,10030535
1765903342857,6080.07,1289.44,248004608,197492736,182399736,173.95,10030535
1765903342959,6080.16,1289.49,248004608,197492736,182401248,173.95,10030535
1765903343061,6087.81,1292.20,249167872,198279168,177206136,169.00,9982734
1765903343163,6087.92,1292.25,249167872,198279168,177207672,169.00,9982734
1765903343264,6091.02,1294.41,249184256,198279168,177455048,169.23,9984085
1765903343367,6091.08,1294.45,249184256,198279168,177456584,169.24,9984085
1765903343467,6091.15,1294.49,249184256,198279168,177458096,169.24,9984085
1765903343569,6096.39,1296.72,249184256,198279168,177706848,169.47,9993629
1765903343671,6096.48,1296.77,249184256,198279168,177708384,169.48,9993629
1765903343772,6099.65,1299.18,249184256,198279168,177955792,169.71,9994981
1765903343874,6099.81,1299.27,249184256,198279168,177957328,169.71,9994981
1765903343976,6099.90,1299.32,249184256,198279168,177958840,169.71,9994981
1765903344078,6102.86,1301.38,249200640,198279168,178206232,169.95,9996332
1765903344180,6102.97,1301.42,249200640,198279168,178207768,169.95,9996332
1765903344283,6106.10,1303.89,249217024,198279168,178455232,170.19,9997683
1765903344384,6106.19,1303.93,249217024,198279168,178456768,170.19,9997683
1765903344486,6110.15,1306.06,249217024,198279168,178704432,170.43,10007227
1765903344588,6110.22,1306.10,249217024,198279168,178705968,170.43,10007227
1765903344690,6110.30,1306.14,249217024,198279168,178707480,170.43,10007227
1765903344790,6113.32,1308.17,249217024,198279168,178962776,170.67,10008578
1765903344892,6113.41,1308.22,249217024,198279168,178964312,170.67,10008578
1765903344994,6116.88,1310.33,249217024,198279168,179361152,171.05,10009928
1765903345096,6117.02,1310.41,249217024,198279168,179362688,171.05,10009928
1765903345198,6117.14,1310.45,249217024,198279168,179364200,171.06,10009928
1765903345300,6120.86,1312.48,249233408,198279168,179611736,171.29,10011279
1765903345402,6120.95,1312.52,249233408,198279168,179613272,171.29,10011279
1765903345504,6124.19,1314.53,249233408,198279168,179860832,171.53,10020822
1765903345606,6124.30,1314.59,249233408,198279168,179862368,171.53,10020822
1765903345709,6124.39,1314.63,249233408,198279168,179863880,171.53,10020822
1765903345809,6127.63,1316.87,249233408,198279168,180111248,171.77,10022174
1765903345912,6127.78,1316.92,249233408,198279168,180112784,171.77,10022174
1765903346012,6130.32,1318.43,249249792,198279168,180360576,172.01,10023525
1765903346114,6130.42,1318.47,249249792,198279168,180362112,172.01,10023525
1765903346217,6130.53,1318.54,249249792,198279168,180363624,172.01,10023525
1765903346319,6132.66,1320.36,249249792,198279168,180610688,172.24,10024877
1765903346421,6132.78,1320.41,249249792,198279168,180612224,172.25,10024877
1765903346523,6134.74,1321.66,249249792,198279168,180859504,172.48,10034420
1765903346625,6134.86,1321.71,249249792,198279168,180861040,172.48,10034420
1765903346728,6134.98,1321.77,249249792,198279168,180862552,172.48,10034420
1765903346830,6138.08,1323.64,249282560,198279168,181109640,172.72,10035772
1765903346932,6138.20,1323.69,249282560,198279168,181111176,172.72,10035772
1765903347034,6141.21,1326.03,249282560,198279168,181358192,172.96,10037123
1765903347137,6141.30,1326.08,249282560,198279168,181359728,172.96,10037123
1765903347237,6144.76,1328.05,249298944,198279168,181606696,173.19,10038475
1765903347339,6144.88,1328.13,249298944,198279168,181608232,173.20,10038475
1765903347441,6144.98,1328.18,249298944,198279168,181609744,173.20,10038475
1765903347605,6388.99,1346.36,300777472,249905152,209187552,199.50,10006386
1765903347705,6585.93,1355.49,317849600,264503296,226705016,216.20,9717705
1765903347805,6898.99,1366.83,320143360,266534912,227208520,216.68,9716353
1765903347906,7025.61,1369.33,321552384,268894208,236434824,225.48,9716377
1765903348008,7025.66,1369.36,321552384,268894208,236436360,225.48,9716377
1765903348110,7025.73,1369.40,321552384,268894208,236437872,225.48,9716377
1765903348212,7025.85,1369.46,321552384,268894208,236439384,225.49,9716377
1765903348312,7125.46,1381.43,354402304,301137920,262862208,250.68,9717235
1765903348414,7212.31,1384.14,355745792,302186496,270543064,258.01,9717271
1765903348516,7212.36,1384.18,355745792,302186496,270544600,258.01,9717271
1765903348618,7212.46,1384.22,355745792,302186496,270546112,258.01,9717271
1765903348720,7212.60,1384.32,355745792,302186496,270547624,258.01,9717271
1765903348822,7212.70,1384.39,355745792,302186496,270549136,258.02,9717271
1765903348924,7212.80,1384.45,355745792,302186496,270550648,258.02,9717271
1765903349026,7212.87,1384.51,355745792,302186496,270552160,258.02,9717271
1765903349129,7213.00,1384.58,355745792,302186496,270553672,258.02,9717271
1765903349229,7213.17,1384.69,355745792,302186496,270555184,258.02,9717271
1765903349331,7213.28,1384.76,355745792,302186496,270556696,258.02,9717271
1765903349432,7213.37,1384.83,355745792,302186496,270558208,258.02,9717271
1765903349534,7213.44,1384.88,355745792,302186496,270559720,258.03,9717271
1765903349636,7213.53,1384.93,355745792,302186496,270561232,258.03,9717271
1765903349738,7213.60,1384.99,355745792,302186496,270562744,258.03,9717271
1765903349840,7213.70,1385.05,355745792,302186496,270564256,258.03,9717271
1765903349942,7213.86,1385.11,355745792,302186496,270565768,258.03,9717271
1765903350043,7214.04,1385.24,355745792,302186496,270567280,258.03,9717271
1765903350146,7214.19,1385.30,355745792,302186496,270568792,258.03,9717271
1765903350247,7214.38,1385.43,355745792,302186496,270570304,258.04,9717271
1765903350349,7214.45,1385.48,355745792,302186496,270571816,258.04,9717271
1765903350451,7214.53,1385.53,355745792,302186496,270573328,258.04,9717271
1765903350553,7214.60,1385.58,355745792,302186496,270574840,258.04,9717271
1765903350655,7214.67,1385.62,355745792,302186496,270576352,258.04,9717271
1765903350758,7214.76,1385.68,355745792,302186496,270578088,258.04,9725463
1765903350859,7214.83,1385.73,355745792,302186496,270579624,258.04,9725463
1765903350961,7214.90,1385.79,355745792,302186496,270581136,258.05,9725463
1765903351063,7214.96,1385.84,355745792,302186496,270582648,258.05,9725463
1765903351165,7215.07,1385.90,355745792,302186496,270584160,258.05,9725463
1765903351267,7215.23,1385.99,355745792,302186496,270585672,258.05,9725463
1765903351370,7215.37,1386.06,354975744,302186496,270587184,258.05,9725463
1765903351472,7215.59,1386.18,349978624,302186496,270588696,258.05,9725463
1765903351574,7215.69,1386.31,329449472,302186496,270590208,258.05,9725463
1765903351676,7215.80,1386.45,328237056,302186496,270591720,258.06,9725463
1765903351778,7215.91,1386.52,327434240,302186496,270593232,258.06,9725463
1765903351880,7216.08,1386.59,327434240,302186496,270594744,258.06,9725463
1765903351981,7216.24,1386.65,327434240,302186496,270596256,258.06,9725463
1765903352083,7216.40,1386.71,327434240,302186496,270597768,258.06,9725463
1765903352185,7216.54,1386.78,327434240,302186496,270599280,258.06,9725463
1765903352287,7216.65,1386.82,327434240,302186496,270600792,258.07,9725463
1765903352389,7216.74,1386.87,327434240,302186496,270602304,258.07,9725463
1765903352491,7216.83,1386.92,327434240,302186496,270603816,258.07,9725463
1765903352593,7216.92,1386.97,327434240,302186496,270605328,258.07,9725463
1765903352694,7217.02,1387.02,327434240,302186496,270606840,258.07,9725463
1765903352795,7217.22,1387.10,327434240,302186496,270608352,258.07,9725463
1765903352896,7217.36,1387.17,327434240,302186496,270609864,258.07,9725463
1765903352998,7217.52,1387.25,327434240,302186496,270611376,258.08,9725463
1765903353100,7217.69,1387.36,327434240,302186496,270612888,258.08,9725463
1765903353202,7217.78,1387.42,327434240,302186496,270614400,258.08,9725463
1765903353304,7217.87,1387.47,327434240,302186496,270615912,258.08,9725463
1765903353407,7217.98,1387.52,327434240,302186496,270617424,258.08,9725463
1765903353509,7218.05,1387.59,327434240,302186496,270618936,258.08,9725463
1765903353610,7218.13,1387.67,327434240,302186496,270620448,258.08,9725463
1765903353712,7219.42,1387.84,327434240,302186496,270621960,258.09,9725463
1765903353814,7219.50,1387.88,327434240,302186496,270623472,258.09,9725463
1765903353916,7219.60,1387.92,327434240,302186496,270624984,258.09,9725463
1765903354018,7219.74,1388.00,327434240,302186496,270626496,258.09,9725463
1765903354120,7219.82,1388.05,327434240,302186496,270628008,258.09,9725463
1765903354222,7219.90,1388.09,327434240,302186496,270629520,258.09,9725463
1765903354323,7219.97,1388.15,327434240,302186496,270631032,258.09,9725463
1765903354424,7220.03,1388.18,327434240,302186496,270632544,258.10,9725463
1765903354525,7220.09,1388.22,327434240,302186496,270634056,258.10,9725463
1765903354627,7220.15,1388.26,327434240,302186496,270635568,258.10,9725463
1765903354729,7220.23,1388.32,327434240,302186496,270637080,258.10,9725463
1765903354831,7220.30,1388.38,327434240,302186496,270638592,258.10,9725463
1765903354933,7220.41,1388.44,327434240,302186496,270640104,258.10,9725463
1765903355035,7220.48,1388.50,327434240,302186496,270641616,258.10,9725463
1765903355137,7220.57,1388.56,327434240,302186496,270643128,258.11,9725463
1765903355240,7220.70,1388.64,327434240,302186496,270644640,258.11,9725463
1765903355340,7220.81,1388.68,327434240,302186496,270646152,258.11,9725463
1765903355442,7220.91,1388.75,327434240,302186496,270647664,258.11,9725463
1765903355542,7221.00,1388.86,327434240,302186496,270649176,258.11,9725463
1765903355644,7221.08,1388.92,327434240,302186496,270650688,258.11,9725463
1765903355746,7221.21,1388.99,327434240,302186496,270652368,258.11,9725463
1765903355849,7222.12,1389.64,328253440,302186496,270653936,258.12,9725463
1765903355951,7365.70,1408.05,250544128,206405632,169420736,161.57,9724545
1765903356053,7365.83,1408.11,250544128,206405632,169679896,161.82,9724545
1765903356155,7365.98,1408.20,250544128,206405632,169681408,161.82,9724545
1765903356257,7366.19,1408.40,250544128,206405632,169682920,161.82,9724545
1765903356359,7366.30,1408.50,250544128,206405632,169684432,161.82,9724545
1765903356461,7366.43,1408.57,250544128,206405632,169685944,161.83,9724545
1765903356564,7508.03,1418.79,229163008,177831936,169339216,161.49,9724545
1765903356666,7508.16,1418.86,229179392,177831936,169344520,161.50,9724545
1765903356768,7508.26,1418.92,229179392,177831936,169346032,161.50,9724545
1765903356870,7508.35,1418.99,229179392,177831936,169347544,161.50,9724545
1765903356972,7508.43,1419.05,229179392,177831936,169349056,161.50,9724545
1765903357075,7508.60,1419.18,229179392,177831936,169350568,161.51,9724545
1765903357176,7646.05,1426.33,229064704,177831936,169189624,161.35,9724545
1765903357278,7646.19,1426.40,229064704,177831936,169439584,161.59,9724545
1765903384322,1748.97,120.89,314818560,207978496,179249168,170.95,9692238
1765903384424,1749.14,121.00,310165504,207978496,179254056,170.95,9692294
1765903384526,1749.29,121.07,309329920,207978496,179256832,170.95,9692294
1765903384628,1749.41,121.12,300187648,207978496,179259168,170.95,9692294
1765903384730,1749.55,121.18,291815424,207978496,179261912,170.96,9692294
1765903384833,1749.64,121.23,291815424,207978496,179264248,170.96,9692294
1765903384934,1749.74,121.27,290357248,207978496,179266584,170.96,9692294
1765903385036,1749.92,121.33,290373632,207978496,179268920,170.96,9692294
1765903385136,1750.05,121.36,290373632,207978496,179271288,170.97,9692294
1765903385239,1750.33,121.42,290373632,207978496,179273784,170.97,9692294
1765903385340,1750.49,121.49,290390016,207978496,179276184,170.97,9692294
1765903385442,1750.61,121.54,290390016,207978496,179278344,170.97,9692294
1765903385544,1750.93,121.62,288866304,207978496,179280560,170.98,9692294
1765903385646,1751.05,121.67,288866304,207978496,179282640,170.98,9692294
1765903385748,1751.19,121.72,288866304,207978496,179284720,170.98,9692294
1765903385850,1751.57,121.80,288882688,207978496,179286832,170.98,9692294
1765903385950,1751.83,121.93,288882688,207978496,179288912,170.98,9692294
1765903386053,1752.02,122.00,283148288,207978496,179290992,170.99,9692294
1765903386154,1752.21,122.09,283148288,207978496,179293072,170.99,9692294
1765903386256,1752.35,122.15,283148288,207978496,179295152,170.99,9692294
1765903386358,1752.48,122.21,282853376,207978496,179297232,170.99,9692294
1765903386460,1752.65,122.28,282853376,207978496,179299312,170.99,9692294
1765903386562,1752.89,122.41,282853376,207978496,179301392,171.00,9692294
1765903386664,1753.02,122.46,282853376,207978496,179303472,171.00,9692294
1765903386767,1753.11,122.51,282853376,207978496,179305552,171.00,9692294
1765903386868,1753.20,122.55,282853376,207978496,179307632,171.00,9692294
1765903386970,1753.33,122.62,282853376,207978496,179309712,171.00,9692294
1765903387072,1753.42,122.67,282853376,207978496,179311792,171.01,9692294
1765903387174,1753.54,122.73,282853376,207978496,179313872,171.01,9692294
1765903387276,1753.64,122.79,282853376,207978496,179315952,171.01,9692294
1765903387379,1753.76,122.84,282853376,207978496,179318032,171.01,9692294
1765903387481,1753.94,122.91,280510464,207978496,179320112,171.01,9692294
1765903387583,1754.17,123.00,280510464,207978496,179322192,171.01,9692294
1765903387685,1754.27,123.04,280510464,207978496,179324272,171.02,9692294
1765903387787,1754.35,123.08,280510464,207978496,179326352,171.02,9692294
1765903387889,1754.46,123.13,280510464,207978496,179328432,171.02,9692294
1765903387991,1754.58,123.17,280510464,207978496,179330480,171.02,9692294
1765903388093,1754.65,123.21,280510464,207978496,179332608,171.02,9692294
1765903388195,1754.82,123.33,280510464,207978496,179334704,171.03,9692294
1765903388297,1754.99,123.41,278888448,207978496,179336800,171.03,9692294
1765903388399,1755.26,123.53,278888448,207978496,179338896,171.03,9692294
1765903388500,1755.51,123.66,278888448,207978496,179340992,171.03,9692294
1765903388602,1755.72,123.73,267534336,207978496,179343312,171.04,9700486
1765903388704,1755.83,123.78,267534336,207978496,179345432,171.04,9700486
1765903388806,1756.05,123.84,267272192,207978496,179347528,171.04,9700486
1765903388909,1756.32,123.96,267272192,207978496,179349624,171.04,9700486
1765903389011,1756.43,124.02,267272192,207978496,179351720,171.04,9700486
1765903389113,1756.55,124.06,267272192,207978496,179353816,171.05,9700486
1765903389214,1756.68,124.11,267272192,207978496,179355912,171.05,9700486
1765903389316,1756.77,124.15,267272192,207978496,179358008,171.05,9700486
1765903389419,1756.90,124.21,267272192,207978496,179360104,171.05,9700486
1765903389521,1757.09,124.32,267272192,207978496,179362200,171.05,9700486
1765903389623,1757.21,124.37,267272192,207978496,179364296,171.06,9700486
1765903389725,1757.33,124.41,267272192,207978496,179366392,171.06,9700486
1765903389825,1757.43,124.45,267272192,207978496,179368488,171.06,9700486
1765903389927,1757.54,124.50,267272192,207978496,179370584,171.06,9700486
1765903390029,1757.65,124.55,267272192,207978496,179372680,171.06,9700486
1765903390131,1757.74,124.59,267272192,207978496,179374776,171.07,9700486
1765903390233,1757.81,124.61,267272192,207978496,179376872,171.07,9700486
1765903390335,1757.88,124.65,267272192,207978496,179378968,171.07,9700486
1765903390437,1757.97,124.69,267272192,207978496,179381064,171.07,9700486
1765903390538,1758.06,124.74,267272192,207978496,179383160,171.07,9700486
1765903390640,1758.17,124.78,267272192,207978496,179385256,171.08,9700486
1765903390742,1758.26,124.82,267272192,207978496,179387352,171.08,9700486
1765903390844,1758.35,124.86,267272192,207978496,179389448,171.08,9700486
1765903390946,1758.51,124.92,267272192,207978496,179391544,171.08,9700486
1765903391049,1758.67,125.00,267272192,207978496,179393640,171.08,9700486
1765903391150,1758.87,125.08,267272192,207978496,179395736,171.09,9700486
1765903391252,1758.98,125.13,267272192,207978496,179397832,171.09,9700486
1765903391354,1759.07,125.16,267272192,207978496,179399928,171.09,9700486
1765903391456,1759.17,125.20,267272192,207978496,179402024,171.09,9700486
1765903391558,1759.29,125.25,267272192,207978496,179404120,171.09,9700486
1765903391659,1759.44,125.30,267272192,207978496,179406216,171.10,9700486
1765903391761,1759.55,125.35,267272192,207978496,179408312,171.10,9700486
1765903391863,1759.66,125.39,267272192,207978496,179410408,171.10,9700486
1765903391965,1759.83,125.44,267272192,207978496,179412504,171.10,9700486
1765903392067,1759.98,125.50,267272192,207978496,179414600,171.10,9700486
1765903392169,1760.08,125.55,267272192,207978496,179416696,171.11,9700486
1765903392271,1760.19,125.61,267272192,207978496,179418792,171.11,9700486
1765903392371,1887.01,136.30,286605312,176259072,166400592,158.69,9697910
1765903392472,1916.53,141.85,253919232,176259072,166950688,159.22,9697910
1765903392574,1916.62,141.89,253919232,176259072,166952784,159.22,9697910
1765903392676,1916.72,141.94,253919232,176259072,166954880,159.22,9697910
1765903392778,1916.85,141.98,253919232,176259072,166956976,159.22,9697910
1765903392879,1917.03,142.07,253919232,176259072,166959072,159.22,9697910
1765903392979,1941.41,143.14,254164992,176259072,166964608,159.23,9697910
1765903393081,2064.61,150.69,252248064,173637632,166767632,159.04,9697910
1765903393183,2064.70,150.73,252248064,173637632,166772792,159.05,9697910
1765903393285,2064.81,150.77,252248064,173637632,166774888,159.05,9697910
1765903393387,2064.93,150.81,252248064,173637632,166776984,159.05,9697910
1765903393488,2065.11,150.87,252248064,173637632,166779080,159.05,9697910
1765903393590,2065.36,150.99,252248064,173637632,166781176,159.05,9697910
1765903393692,2221.40,159.18,252231680,173637632,166725920,159.00,9697910
1765903393794,2221.54,159.22,252231680,173637632,166798808,159.07,9697910
1765903393896,2221.65,159.27,252231680,173637632,166800904,159.07,9697910
1765903393998,2221.80,159.33,252248064,173637632,166803000,159.08,9697910
1765903394100,2222.06,159.45,252248064,173637632,166805096,159.08,9697910
1765903394203,2222.30,159.56,252248064,173637632,166807192,159.08,9697910
1765903394305,2222.41,159.61,252248064,173637632,166809288,159.08,9697910
1765903394407,2222.55,159.67,252248064,173637632,166811384,159.08,9697910
1765903394509,2222.68,159.72,252248064,173637632,166813480,159.09,9697910
1765903394611,2222.79,159.77,252248064,173637632,166815576,159.09,9697910
1765903394712,2222.89,159.82,252248064,173637632,166817672,159.09,9697910
1765903394814,2222.99,159.88,252264448,173637632,166819768,159.09,9697910
1765903394916,2223.06,159.92,252264448,173637632,166821864,159.09,9697910
1765903395018,2223.14,159.97,252264448,173637632,166823960,159.10,9697910
1765903395120,2223.23,160.00,252264448,173637632,166826056,159.10,9697910
1765903395222,2223.32,160.06,252264448,173637632,166828152,159.10,9697910
1765903395324,2223.43,160.12,252264448,173637632,166830248,159.10,9697910
1765903395426,2223.50,160.17,252264448,173637632,166832344,159.10,9697910
1765903395528,2223.59,160.22,252264448,173637632,166834440,159.11,9697910
1765903395630,2223.67,160.28,252280832,173637632,166836536,159.11,9697910
1765903395732,2223.81,160.32,252280832,173637632,166838632,159.11,9697910
1765903395834,2224.00,160.43,252280832,173637632,166840728,159.11,9697910
1765903395936,2224.07,160.47,252280832,173637632,166842824,159.11,9697910
1765903396039,2224.14,160.52,252280832,173637632,166844920,159.12,9697910
1765903396141,2224.22,160.57,252280832,173637632,166847016,159.12,9697910
1765903396243,2224.30,160.61,252280832,173637632,166849112,159.12,9697910
1765903396345,2224.47,160.68,252280832,173637632,166851208,159.12,9697910
1765903396446,2224.72,160.78,252297216,173637632,166853304,159.12,9697910
1765903396546,2224.86,160.83,252297216,173637632,166855400,159.13,9697910
1765903396648,2225.05,160.91,252297216,173637632,166857496,159.13,9697910
1765903396749,2225.26,161.01,252297216,173637632,166859592,159.13,9697910
1765903396851,2225.35,161.05,252297216,173637632,166861688,159.13,9697910
1765903396953,2225.43,161.08,252297216,173637632,166863784,159.13,9697910
1765903397055,2225.59,161.11,252297216,173637632,166865880,159.14,9697910
1765903397157,2225.81,161.24,252313600,173637632,166867976,159.14,9697910
1765903397258,2225.91,161.28,252313600,173637632,166870072,159.14,9697910
1765903397360,2225.98,161.31,252313600,173637632,166872168,159.14,9697910
1765903397462,2226.07,161.35,252313600,173637632,166874264,159.14,9697910
1765903397564,2226.23,161.41,252313600,173637632,166876360,159.15,9697910
1765903397666,2226.44,161.51,252313600,173637632,166878456,159.15,9697910
1765903397768,2226.51,161.55,252313600,173637632,166880552,159.15,9697910
1765903397870,2226.58,161.59,252313600,173637632,166882648,159.15,9697910
1765903397972,2226.65,161.64,252329984,173637632,166884744,159.15,9697910
1765903398074,2226.72,161.68,252329984,173637632,166886840,159.16,9697910
1765903398176,2226.80,161.72,252329984,173637632,166888936,159.16,9697910
1765903398278,2226.88,161.76,252329984,173637632,166891032,159.16,9697910
1765903398380,2227.04,161.80,252329984,173637632,166893128,159.16,9697910
1765903398482,2227.25,161.90,252329984,173637632,166895224,159.16,9697910
1765903398584,2227.41,161.95,252329984,173637632,166897320,159.17,9697910
1765903398686,2227.65,162.06,252329984,173637632,166899640,159.17,9706102
1765903398788,2227.73,162.11,252346368,173637632,166901760,159.17,9706102
1765903398890,2227.80,162.15,252346368,173637632,166903856,159.17,9706102
1765903398990,2227.87,162.19,252346368,173637632,166905952,159.17,9706102
1765903399092,2228.02,162.24,252346368,173637632,166908048,159.18,9706102
1765903399194,2228.23,162.35,252346368,173637632,166910144,159.18,9706102
1765903399296,2228.32,162.39,252346368,173637632,166912240,159.18,9706102
1765903399398,2228.48,162.45,252346368,173637632,166914336,159.18,9706102
1765903399500,2228.69,162.55,252346368,173637632,166916432,159.18,9706102
1765903399602,2228.86,162.60,252346368,173637632,166918568,159.19,9706102
1765903399704,2229.08,162.71,252346368,173637632,166920664,159.19,9706102
1765903399806,2229.17,162.75,252346368,173637632,166922760,159.19,9706102
1765903399908,2229.26,162.80,252346368,173637632,166924856,159.19,9706102
1765903400009,2229.32,162.84,252346368,173637632,166926952,159.19,9706102
1765903400111,2229.49,162.91,252362752,173637632,166929048,159.20,9706102
1765903400212,2229.70,163.02,252362752,173637632,166931144,159.20,9706102
1765903400314,2229.86,163.07,252362752,173637632,166933240,159.20,9706102
1765903400416,2230.15,163.19,252362752,173637632,166935336,159.20,9706102
1765903400518,2230.37,163.28,252362752,173637632,166937432,159.20,9706102
1765903400620,2230.45,163.32,252362752,173637632,166939528,159.21,9706102
1765903400722,2230.65,163.37,252362752,173637632,166941624,159.21,9706102
1765903400822,2230.83,163.46,252362752,173637632,166943720,159.21,9706102
1765903400924,2230.92,163.53,252379136,173637632,166945816,159.21,9706102
1765903401026,2230.98,163.57,252379136,173637632,166947912,159.21,9706102
1765903401128,2231.06,163.62,252379136,173637632,166950008,159.22,9706102
1765903401230,2231.14,163.66,252379136,173637632,166952104,159.22,9706102
1765903401332,2231.22,163.69,252379136,173637632,166954200,159.22,9706102
1765903401434,2231.29,163.73,252379136,173637632,166956296,159.22,9706102
1765903401537,2231.36,163.78,252379136,173637632,166958392,159.22,9706102
1765903401639,2231.42,163.82,252379136,173637632,166960488,159.23,9706102
1765903401741,2231.50,163.87,252395520,173637632,166962584,159.23,9706102
1765903401843,2231.58,163.91,252395520,173637632,166964680,159.23,9706102
1765903401945,2231.66,163.94,252395520,173637632,166966776,159.23,9706102
1765903402047,2231.73,163.99,252395520,173637632,166968872,159.23,9706102
1765903402149,2231.80,164.03,252395520,173637632,166970968,159.24,9706102
1765903402251,2231.85,164.07,252395520,173637632,166973064,159.24,9706102
1765903402354,2231.90,164.11,252395520,173637632,166975160,159.24,9706102
1765903402456,2232.00,164.16,252395520,173637632,166977256,159.24,9706102
1765903402558,2232.09,164.21,252411904,173637632,166979352,159.24,9706102
1765903402660,2232.17,164.25,252411904,173637632,166981448,159.25,9706102
1765903402762,2232.25,164.29,252411904,173637632,166983544,159.25,9706102
1765903402864,2232.41,164.35,252411904,173637632,166985640,159.25,9706102
1765903402966,2232.63,164.46,252411904,173637632,166987736,159.25,9706102
1765903403068,2232.69,164.51,252411904,173637632,166989832,159.25,9706102
1765903403170,2232.75,164.55,252411904,173637632,166991928,159.26,9706102
1765903403272,2232.91,164.59,252411904,173637632,166994024,159.26,9706102
1765903403374,2233.12,164.76,252428288,173637632,166996120,159.26,9706102
1765903403476,2233.22,164.80,252428288,173637632,166998216,159.26,9706102
1765903403578,2233.37,164.84,252428288,173637632,167000312,159.26,9706102
1765903403680,2233.67,164.96,252428288,173637632,167002408,159.27,9706102
1765903403783,2233.90,165.07,252428288,173637632,167004504,159.27,9706102
1765903403885,2233.99,165.12,252428288,173637632,167006600,159.27,9706102
1765903403987,2234.07,165.16,252428288,173637632,167008696,159.27,9706102
1765903404087,2234.15,165.22,252428288,173637632,167010792,159.27,9706102
1765903404190,2234.23,165.26,252444672,173637632,167012888,159.28,9706102
1765903404291,2234.32,165.32,252444672,173637632,167014984,159.28,9706102
1765903404396,2240.15,167.26,236945408,173637632,167588568,159.82,9706780
1765903404498,2242.12,167.87,237240320,174686208,166839968,159.11,9707450
1765903404598,2242.20,167.91,237240320,174686208,166842088,159.11,9707450
1765903404700,2249.38,170.16,237600768,174686208,167339968,159.59,9716989
1765903404802,2249.47,170.19,237600768,174686208,167342088,159.59,9716989
1765903404904,2255.74,172.24,237912064,174686208,167702096,159.93,9718336
1765903405006,2255.90,172.33,237928448,174686208,167704216,159.94,9718336
1765903405108,2256.02,172.38,237928448,174686208,167706312,159.94,9718336
1765903405210,2262.74,174.91,237142016,173637632,167338776,159.59,9719683
1765903405312,2262.87,174.97,237142016,173637632,167340896,159.59,9719683
1765903405414,2268.65,176.84,237142016,173899776,167923536,160.14,9721029
1765903405514,2268.77,176.87,237142016,173899776,167925656,160.15,9721029
1765903405616,2268.89,176.92,237142016,173899776,167927752,160.15,9721029
1765903405718,2274.75,178.97,236290048,173899776,167540264,159.78,9730568
1765903405820,2274.87,179.02,236290048,173899776,167542384,159.78,9730568
1765903405921,2280.20,181.11,236601344,173899776,167875048,160.10,9723722
1765903406023,2280.32,181.17,236601344,173899776,167877168,160.10,9723722
1765903406125,2280.45,181.22,236601344,173899776,167879264,160.10,9723722
1765903406227,2285.34,183.23,236912640,173899776,168213224,160.42,9725068
1765903406329,2285.53,183.28,236912640,173899776,168215344,160.42,9725068
1765903406431,2291.60,185.88,236437504,173899776,167835736,160.06,9726415
1765903406533,2291.72,185.96,236453888,173899776,167837856,160.06,9726415
1765903406635,2294.81,187.26,236601344,173899776,168002328,160.22,9735284
1765903406737,2296.36,188.08,236765184,173899776,168166920,160.38,9735954
1765903406839,2296.50,188.13,236765184,173899776,168169040,160.38,9735954
1765903406941,2301.92,190.39,236339200,174161920,168029240,160.25,9737303
1765903407042,2302.05,190.44,236339200,174161920,168031360,160.25,9737303
1765903407142,2306.56,192.31,236650496,174161920,168352992,160.55,9738652
1765903407244,2306.68,192.36,236650496,174161920,168355112,160.56,9738652
1765903407346,2306.90,192.44,236650496,174161920,168357208,160.56,9738652
1765903407448,2314.66,194.86,237027328,174161920,168678896,160.86,9740001
1765903407550,2314.76,194.91,237027328,174161920,168681016,160.87,9740001
1765903407652,2319.80,197.28,236470272,174161920,168192120,160.40,9749542
1765903407754,2319.95,197.33,236486656,174161920,168194240,160.40,9749542
1765903407856,2320.06,197.40,236486656,174161920,168196336,160.40,9749542
1765903407958,2324.67,199.65,236797952,174161920,168517912,160.71,9742699
1765903408061,2324.85,199.71,236797952,174161920,168520032,160.71,9742699
1765903408163,2329.68,202.09,237125632,174161920,168843840,161.02,9744048
1765903408265,2329.78,202.14,237125632,174161920,168845960,161.02,9744048
1765903408367,2329.94,202.19,237125632,174161920,168848056,161.03,9744048
1765903408469,2335.78,204.76,236568576,174161920,168409608,160.61,9745397
1765903408572,2335.91,204.84,236584960,174161920,168411728,160.61,9745397
1765903408672,2342.99,207.19,236912640,174161920,168733536,160.92,9754938
1765903408774,2343.14,207.27,236929024,174161920,168735656,160.92,9754938
1765903408877,2343.30,207.33,236929024,174161920,168737752,160.92,9754938
1765903408980,2347.75,209.50,237240320,174161920,169059328,161.23,9756287
1765903409081,2347.88,209.56,237240320,174161920,169061448,161.23,9756287
1765903409183,2353.61,211.79,237748224,175472640,168571680,160.76,9757636
1765903409285,2353.74,211.85,237748224,175472640,168573800,160.76,9757636
1765903409386,2356.69,213.18,237895680,175472640,168735816,160.92,9758314
1765903409488,2358.81,213.95,238075904,175472640,168897680,161.07,9758985
1765903409590,2358.92,214.01,238092288,175472640,168899800,161.08,9758985
1765903409692,2363.91,216.01,238419968,175472640,169223672,161.38,9768526
1765903409794,2364.04,216.07,238419968,175472640,169225792,161.39,9768526
1765903409894,2372.00,218.20,238551040,175472640,168756352,160.94,9761683
1765903409996,2372.14,218.26,238551040,175472640,168758472,160.94,9761683
1765903410098,2372.32,218.31,238551040,175472640,168760568,160.94,9761683
1765903410200,2378.57,220.20,238567424,175472640,169081568,161.25,9763032
1765903410302,2378.67,220.24,238567424,175472640,169083688,161.25,9763032
1765903410404,2385.11,222.41,238682112,175734784,168595072,160.78,9764381
1765903410506,2385.25,222.47,238682112,175734784,168597160,160.79,9764381
1765903410608,2385.37,222.51,238682112,175734784,168599224,160.79,9764381
1765903410711,2389.87,224.68,238682112,175734784,168918552,161.09,9773922
1765903410813,2389.97,224.75,238682112,175734784,168920640,161.10,9773922
1765903410915,2400.41,227.21,238698496,175734784,169240792,161.40,9775271
1765903411017,2400.49,227.24,238698496,175734784,169242832,161.40,9775271
1765903411119,2400.61,227.31,238698496,175734784,169244848,161.40,9775271
1765903411219,2405.96,229.51,238829568,175734784,168756440,160.94,9776620
1765903411321,2406.09,229.56,238829568,175734784,168758480,160.94,9776620
1765903411423,2409.08,231.24,238845952,175734784,169066448,161.23,9777969
1765903411526,2409.22,231.31,238845952,175734784,169068488,161.24,9777969
1765903411628,2409.41,231.41,238845952,175734784,169070504,161.24,9777969
1765903411730,2413.95,233.49,238845952,175734784,169378648,161.53,9787510
1765903411832,2414.06,233.54,238845952,175734784,169380688,161.53,9787510
1765903411934,2418.93,235.61,238944256,175734784,168918592,161.09,9780667
1765903412036,2419.07,235.67,238944256,175734784,168920632,161.10,9780667
1765903412136,2421.92,236.93,238960640,175734784,169075744,161.24,9781345
1765903412238,2425.91,237.76,238977024,175734784,169236576,161.40,9782016
1765903412340,2426.03,237.81,238977024,175734784,169238616,161.40,9782016
1765903412442,2432.11,240.09,238977024,175734784,169538112,161.68,9783365
1765903412544,2432.27,240.16,238977024,175734784,169540152,161.69,9783365
1765903412644,2439.89,242.06,239222784,178094080,169075728,161.24,9784714
1765903412746,2442.41,242.13,239222784,178094080,169080160,161.25,9784714
1765903412846,2442.53,242.19,239222784,178094080,169082176,161.25,9784714
1765903412948,2446.89,243.85,239222784,178094080,169381072,161.53,9786063
1765903413050,2447.04,243.90,239222784,178094080,169383112,161.54,9786063
1765903413151,2453.44,245.67,239239168,178094080,169683048,161.82,9787412
1765903413254,2453.57,245.71,239239168,178094080,169685088,161.82,9787412
1765903413356,2453.71,245.76,239239168,178094080,169687104,161.83,9787412
1765903413458,2462.85,248.18,239468544,178094080,169986720,162.11,9788761
1765903413560,2462.95,248.22,239484928,178094080,169988760,162.11,9788761
1765903413662,2490.89,250.48,239828992,178094080,170288104,162.40,9798302
1765903413764,2490.99,250.52,239828992,178094080,170290144,162.40,9798302
1765903413866,2491.11,250.61,239845376,178094080,170292160,162.40,9798302
1765903413968,2494.21,252.60,240123904,178094080,170590320,162.69,9799651
1765903414070,2494.34,252.66,240123904,178094080,170592360,162.69,9799651
1765903414171,2498.98,254.74,240451584,178356224,169253040,161.41,9801000
1765903414273,2499.25,254.81,240451584,178356224,169302824,161.46,9801000
1765903414375,2499.35,254.88,240451584,178356224,169304840,161.46,9801000
1765903414477,2502.76,257.90,233930752,178356224,169602912,161.75,9794157
1765903414579,2502.89,257.95,233930752,178356224,169604952,161.75,9794157
1765903414681,2528.06,259.96,234012672,178356224,169938448,162.07,9803697
1765903414783,2528.13,260.00,234029056,178356224,169940488,162.07,9803697
1765903414884,2530.89,261.44,234176512,178356224,170207368,162.32,9804375
1765903414987,2532.26,262.23,234323968,178356224,170356608,162.46,9805046
1765903415088,2532.38,262.27,234323968,178356224,170358648,162.47,9805046
1765903415189,2536.54,264.55,234635264,178356224,170654984,162.75,9806395
1765903415291,2536.66,264.60,234635264,178356224,170657024,162.75,9806395
1765903415392,2545.26,266.65,234913792,178356224,170952432,163.03,9807744
1765903415494,2548.79,266.93,234930176,178356224,170955128,163.04,9807744
1765903415597,2548.89,266.99,234930176,178356224,170957144,163.04,9807744
1765903415699,2555.46,269.16,235307008,178618368,169713600,161.85,9817282
1765903415800,2555.55,269.19,235307008,178618368,169715640,161.85,9817282
1765903415900,2559.30,271.17,235307008,178618368,170006288,162.13,9802247
1765903416002,2559.41,271.22,235307008,178618368,170008328,162.13,9802247
1765903416104,2559.56,271.28,235307008,178618368,170010344,162.13,9802247
1765903416204,2563.21,273.19,235323392,178618368,170305384,162.42,9803596
1765903416306,2563.31,273.23,235323392,178618368,170307424,162.42,9803596
1765903416408,2566.68,274.89,235323392,178618368,170598112,162.70,9804945
1765903416510,2566.77,274.94,235323392,178618368,170600152,162.70,9804945
1765903416612,2566.93,274.99,235323392,178618368,170602168,162.70,9804945
1765903416714,2575.91,277.30,235356160,178618368,170902192,162.99,9814486
1765903416817,2576.00,277.35,235356160,178618368,170904232,162.99,9814486
1765903416919,2589.77,279.94,235388928,178618368,171191480,163.26,9815835
1765903417021,2589.88,279.99,235388928,178618368,171193520,163.26,9815835
1765903417123,2589.99,280.03,235388928,178618368,171195536,163.26,9815835
1765903417225,2595.34,282.07,235601920,178618368,169898264,162.03,9817183
1765903417327,2595.51,282.13,235601920,178618368,169900304,162.03,9817183
1765903417429,2599.16,284.03,235618304,178618368,170186032,162.30,9810340
1765903417531,2599.30,284.08,235618304,178618368,170188072,162.30,9810340
1765903417634,2601.88,285.32,235618304,178618368,170340760,162.45,9819210
1765903417736,2603.10,286.11,235618304,178618368,170484440,162.59,9819881
1765903417838,2603.25,286.16,235618304,178618368,170486480,162.59,9819881
1765903417940,2608.08,288.05,235618304,178618368,170832440,162.92,9821230
1765903418042,2608.16,288.09,235618304,178618368,170834480,162.92,9821230
1765903418144,2622.38,290.13,235634688,178880512,171333576,163.40,9822578
1765903418244,2623.71,290.17,235634688,178880512,171336168,163.40,9822578
1765903418347,2623.82,290.21,235634688,178880512,171338184,163.40,9822578
1765903418449,2627.53,292.42,235634688,178880512,171623128,163.67,9823926
1765903418551,2627.63,292.46,235634688,178880512,171625168,163.67,9823926
1765903418653,2630.76,294.46,235913216,179666944,170385728,162.49,9833467
1765903418755,2630.83,294.50,235913216,179666944,170387768,162.49,9833467
1765903418857,2630.95,294.56,235913216,179666944,170389784,162.50,9833467
1765903418959,2634.50,296.60,235913216,179666944,170674752,162.77,9818432
1765903419061,2634.59,296.63,235913216,179666944,170676792,162.77,9818432
1765903419162,2639.03,298.61,235913216,179666944,170962096,163.04,9819781
1765903419264,2639.13,298.65,235913216,179666944,170964136,163.04,9819781
1765903419366,2639.20,298.69,235913216,179666944,170966152,163.05,9819781
1765903419466,2642.53,300.65,235929600,179666944,171251120,163.32,9821130
1765903419568,2642.62,300.68,235929600,179666944,171253160,163.32,9821130
1765903419670,2647.54,302.53,235929600,179666944,171538816,163.59,9830674
1765903419773,2647.71,302.58,235929600,179666944,171540856,163.59,9830674
1765903419873,2647.83,302.65,235929600,179666944,171542872,163.60,9830674
1765903419975,2650.14,303.89,235929600,179666944,172075712,164.10,9832025
1765903420077,2650.25,303.96,235962368,179666944,172077752,164.11,9832025
1765903420179,2657.79,306.01,236208128,180191232,170834048,162.92,9833374
1765903420281,2657.88,306.06,236208128,180191232,170836088,162.92,9833374
1765903420383,2660.11,306.89,236208128,180191232,170977600,163.06,9825860
1765903420485,2661.55,307.75,236208128,180191232,171118872,163.19,9826532
1765903420587,2661.67,307.80,236208128,180191232,171120912,163.19,9826532
1765903420689,2665.92,309.62,236224512,180191232,171402472,163.46,9836073
1765903420791,2666.04,309.70,236224512,180191232,171404512,163.46,9836073
1765903420891,2669.44,311.52,236224512,180191232,171685352,163.73,9837422
1765903420993,2669.55,311.58,236224512,180191232,171687392,163.73,9837422
1765903421095,2669.66,311.63,236224512,180191232,171689408,163.74,9837422
1765903421197,2673.90,313.26,236224512,180191232,171970368,164.00,9838772
1765903421299,2674.00,313.30,236224512,180191232,171972408,164.01,9838772
1765903421401,2679.23,315.38,236240896,180191232,172253368,164.27,9840121
1765903421502,2679.32,315.42,236240896,180191232,172255408,164.28,9840121
1765903421604,2679.42,315.48,236240896,180191232,172257424,164.28,9840121
1765903421706,2683.16,317.21,236240896,180191232,172538464,164.55,9849664
1765903421808,2683.30,317.27,236240896,180191232,172540504,164.55,9849664
1765903421910,2689.09,319.95,236748800,184385536,171274792,163.34,9834630
1765903422012,2689.18,319.98,236748800,184385536,171276832,163.34,9834630
1765903422113,2689.34,320.02,236748800,184385536,171278848,163.34,9834630
1765903422215,2693.41,321.57,236765184,184385536,171559744,163.61,9835979
1765903422317,2693.50,321.61,236765184,184385536,171561784,163.61,9835979
1765903422419,2697.05,323.61,236765184,184385536,171842624,163.88,9837328
1765903422521,2697.14,323.65,236765184,184385536,171844664,163.88,9837328
1765903422623,2697.23,323.70,236765184,184385536,171846680,163.89,9837328
1765903422725,2702.53,325.91,236797952,184385536,172131760,164.16,9846868
1765903422828,2702.69,325.98,236797952,184385536,172133800,164.16,9846868
1765903422930,2706.24,328.24,236797952,184385536,172414624,164.43,9848217
1765903423032,2706.33,328.27,236797952,184385536,172416664,164.43,9848217
1765903423133,2709.40,329.57,236797952,184385536,172558192,164.56,9848895
1765903423235,2710.78,330.54,236797952,184385536,172699456,164.70,9849566
1765903423337,2710.88,330.61,236797952,184385536,172701496,164.70,9849566
1765903423438,2714.89,332.83,237010944,184385536,172982360,164.97,9850915
1765903423540,2714.99,332.91,237027328,184385536,172984400,164.97,9850915
1765903423641,2718.61,335.02,237289472,184385536,173265376,165.24,9860456
1765903423743,2718.72,335.07,237289472,184385536,173267416,165.24,9860456
1765903423845,2718.89,335.15,237289472,184385536,173269432,165.24,9860456
1765903423947,2722.40,337.56,237551616,184385536,173550256,165.51,9861805
1765903424049,2722.49,337.59,237551616,184385536,173552296,165.51,9861805
1765903424151,2725.88,339.69,237830144,184385536,173833104,165.78,9863154
1765903424253,2726.00,339.76,237846528,184385536,173835144,165.78,9863154
1765903424355,2726.12,339.81,237846528,184385536,173837160,165.78,9863154
1765903424457,2729.44,341.76,238108672,184385536,174117976,166.05,9864503
1765903424559,2729.52,341.80,238108672,184385536,174120016,166.05,9864503
1765903424661,2735.12,345.76,234258432,184385536,174401392,166.32,9874044
1765903424763,2735.21,345.79,234258432,184385536,174403432,166.32,9874044
1765903424865,2735.34,345.84,234258432,184385536,174405448,166.33,9874044
1765903424967,2740.97,348.06,234733568,184385536,171538520,163.59,9875393
1765903425069,2741.05,348.09,234733568,184385536,171540560,163.59,9875393
1765903425171,2755.57,350.04,234749952,184385536,171821808,163.86,9852165
1765903425273,2755.66,350.09,234766336,184385536,171823848,163.86,9852165
1765903425375,2755.75,350.13,234766336,184385536,171825864,163.87,9852165
1765903425477,2759.64,352.16,234766336,184385536,172105864,164.13,9853514
1765903425579,2759.70,352.19,234766336,184385536,172107904,164.13,9853514
1765903425681,2763.30,354.17,234848256,184385536,172388096,164.40,9863055
1765903425782,2763.39,354.21,234848256,184385536,172390136,164.40,9863055
1765903425883,2765.76,355.45,234864640,184385536,172531232,164.54,9863733
1765903425985,2766.96,356.33,234864640,184385536,172672072,164.67,9864404
1765903426087,2767.05,356.37,234864640,184385536,172674112,164.67,9864404
1765903426188,2778.86,358.67,234897408,184385536,173103304,165.08,9865753
1765903426290,2778.94,358.71,234897408,184385536,173105344,165.09,9865753
1765903426392,2782.45,360.58,235126784,184385536,173373592,165.34,9867102
1765903426494,2782.56,360.64,235126784,184385536,173375632,165.34,9867102
1765903426596,2782.67,360.67,235126784,184385536,173377648,165.35,9867102
1765903426697,2786.05,362.84,235388928,184385536,173646168,165.60,9876642
1765903426799,2786.16,362.89,235388928,184385536,173648208,165.60,9876642
1765903426901,2790.36,364.82,235651072,184385536,173917120,165.86,9877991
1765903427003,2790.46,364.87,235651072,184385536,173919160,165.86,9877991
1765903427104,2790.57,364.90,235651072,184385536,173921176,165.86,9877991
1765903427205,2793.86,366.90,235913216,184385536,174189488,166.12,9879340
1765903427307,2793.96,366.94,235913216,184385536,174191528,166.12,9879340
1765903427409,2797.34,369.12,236175360,184385536,174459928,166.38,9880688
1765903427511,2797.43,369.17,236191744,184385536,174461968,166.38,9880688
1765903427613,2797.57,369.23,236191744,184385536,174463984,166.38,9880688
1765903427715,2800.92,371.29,236437504,184385536,174732616,166.64,9890229
1765903427817,2800.99,371.32,236437504,184385536,174734656,166.64,9890229
1765903427918,2805.31,373.36,236732416,184385536,175002992,166.90,9891578
1765903428020,2805.39,373.39,236732416,184385536,175005032,166.90,9891578
1765903428122,2805.47,373.43,236732416,184385536,175007048,166.90,9891578
1765903428224,2810.92,376.56,237387776,185434112,172286224,164.30,9868351
1765903428326,2811.05,376.61,237387776,185434112,172288264,164.31,9868351
1765903428428,2815.78,378.42,237387776,185434112,172556760,164.56,9869700
1765903428530,2815.89,378.47,237387776,185434112,172558800,164.56,9869700
1765903428634,2818.29,379.59,237387776,185434112,172694048,164.69,9878570
1765903428736,2819.50,380.31,237387776,185434112,172828720,164.82,9879241
1765903428838,2819.62,380.35,237387776,185434112,172830760,164.82,9879241
1765903428940,2822.93,382.55,237404160,185434112,173098416,165.08,9880590
1765903429042,2823.04,382.61,237404160,185434112,173100456,165.08,9880590
1765903429142,2826.74,384.77,237420544,185434112,173368144,165.34,9881939
1765903429244,2826.85,384.81,237420544,185434112,173370184,165.34,9881939
1765903429346,2827.01,384.86,237420544,185434112,173372208,165.34,9881939
1765903429449,2832.14,387.00,237420544,185434112,173640024,165.60,9883289
1765903429551,2832.22,387.02,237420544,185434112,173642064,165.60,9883289
1765903429653,2836.63,388.74,237436928,185434112,173910376,165.85,9892832
1765903429754,2836.72,388.77,237436928,185434112,173912416,165.86,9892832
1765903429856,2836.83,388.83,237436928,185434112,173914432,165.86,9892832
1765903429958,2865.03,392.20,237764608,185434112,174268496,166.20,9894183
1765903430058,2865.12,392.24,237764608,185434112,174270536,166.20,9894183
1765903430160,2884.70,394.52,237780992,185434112,174539248,166.45,9895534
1765903430262,2884.76,394.55,237780992,185434112,174541288,166.46,9895534
1765903430364,2884.87,394.58,237780992,185434112,174543304,166.46,9895534
1765903430466,2889.99,396.19,237780992,185434112,174820224,166.72,9896885
1765903430568,2890.12,396.26,237797376,185434112,174822264,166.72,9896885
1765903430670,2893.54,398.21,237813760,185434112,175089928,166.98,9906427
1765903430772,2893.67,398.26,237813760,185434112,175091968,166.98,9906427
1765903430874,2893.80,398.31,237813760,185434112,175093984,166.98,9906427
1765903430976,2897.08,400.54,237813760,185434112,175361456,167.24,9907778
1765903431076,2897.16,400.58,237813760,185434112,175363496,167.24,9907778
1765903431178,2901.86,403.16,238272512,185958400,172719576,164.72,9909129
1765903431280,2902.00,403.20,238272512,185958400,172721616,164.72,9909129
1765903431383,2904.46,404.32,238272512,185958400,172856456,164.85,9885232
1765903431485,2905.62,405.12,238288896,185958400,172991064,164.98,9885903
1765903431587,2905.74,405.19,238288896,185958400,172993104,164.98,9885903
1765903431688,2911.38,407.45,238288896,185958400,173261728,165.24,9895446
1765903431790,2911.47,407.50,238288896,185958400,173263768,165.24,9895446
1765903431892,2914.83,409.46,238288896,185958400,173531152,165.49,9896796
1765903431993,2914.95,409.50,238288896,185958400,173533192,165.49,9896796
1765903432095,2915.12,409.57,238288896,185958400,173535208,165.50,9896796
1765903432197,2918.57,411.52,238305280,185958400,173802680,165.75,9898147
1765903432299,2918.73,411.57,238305280,185958400,173804720,165.75,9898147
1765903432400,2922.28,413.74,238305280,185958400,174072192,166.01,9899498
1765903432502,2922.40,413.81,238305280,185958400,174074232,166.01,9899498
1765903432604,2922.51,413.85,238305280,185958400,174076248,166.01,9899498
1765903432704,2929.70,415.92,238305280,185958400,174346952,166.27,9909041
1765903432806,2929.79,415.96,238305280,185958400,174348992,166.27,9909041
1765903432908,2933.15,418.01,238305280,185958400,174785728,166.69,9910392
1765903433010,2933.24,418.06,238305280,185958400,174787768,166.69,9910392
1765903433112,2933.41,418.11,238305280,185958400,174789784,166.69,9910392
1765903433214,2938.76,420.07,238338048,185958400,175057768,166.95,9911742
1765903433316,2938.87,420.12,238338048,185958400,175059808,166.95,9911742
1765903433419,2943.52,422.01,238338048,185958400,175327504,167.21,9913093
1765903433521,2943.62,422.05,238338048,185958400,175329544,167.21,9913093
1765903433623,2943.70,422.09,238338048,185958400,175331560,167.21,9913093
1765903433725,2946.97,424.07,238354432,185958400,175598944,167.46,9922636
1765903433827,2947.07,424.13,238354432,185958400,175600984,167.47,9922636
1765903433929,2952.49,426.06,238354432,185958400,175868368,167.72,9923987
1765903434031,2952.61,426.10,238354432,185958400,175870408,167.72,9923987
1765903434133,2954.95,427.42,238354432,185958400,176005096,167.85,9924666
1765903434235,2956.06,428.18,238354432,185958400,176139496,167.98,9925338
1765903434337,2956.19,428.23,238354432,185958400,176141536,167.98,9925338
1765903434439,2961.57,430.35,238944256,186744832,173360352,165.33,9926688
1765903434541,2961.66,430.41,238944256,186744832,173362392,165.33,9926688
1765903434641,2967.30,432.70,238944256,186744832,173630024,165.59,9911655
1765903434743,2967.38,432.74,238944256,186744832,173632064,165.59,9911655
1765903434845,2967.49,432.80,238944256,186744832,173634080,165.59,9911655
1765903434945,2971.21,434.75,238960640,186744832,173901184,165.85,9913006
1765903435047,2971.38,434.84,238960640,186744832,173903224,165.85,9913006
1765903435148,2974.86,436.87,238960640,186744832,174170304,166.10,9914357
1765903435250,2974.96,436.92,238960640,186744832,174172344,166.10,9914357
1765903435352,2975.12,437.01,238960640,186744832,174174360,166.11,9914357
1765903435454,2979.45,439.10,238960640,186744832,174441440,166.36,9915709
1765903435556,2979.55,439.15,238960640,186744832,174443480,166.36,9915709
1765903435658,2984.54,441.21,238977024,186744832,174711600,166.62,9925253
1765903435759,2984.61,441.29,238993408,186744832,174713640,166.62,9925253
1765903435861,2984.68,441.32,238993408,186744832,174715656,166.62,9925253
1765903435962,2994.87,443.37,239009792,186744832,174982752,166.88,9926607
1765903436064,2994.99,443.41,239009792,186744832,174984792,166.88,9926607
1765903436166,3000.23,445.17,239009792,186744832,175250112,167.13,9927958
1765903436268,3000.30,445.20,239009792,186744832,175252152,167.13,9927958
1765903436370,3000.41,445.25,239009792,186744832,175254168,167.14,9927958
1765903436470,3004.04,447.29,239026176,186744832,175518584,167.39,9929309
1765903436572,3004.13,447.32,239026176,186744832,175520624,167.39,9929309
1765903436673,3010.51,448.86,239026176,186744832,175785896,167.64,9938852
1765903436775,3010.61,448.91,239026176,186744832,175787936,167.64,9938852
1765903436878,3010.74,448.97,239026176,186744832,175789952,167.65,9938852
1765903436979,3015.39,451.11,239026176,186744832,176054408,167.90,9940203
1765903437081,3015.52,451.16,239026176,186744832,176056448,167.90,9940203
1765903437183,3018.83,453.07,239042560,186744832,176320848,168.15,9941555
1765903437285,3018.91,453.11,239042560,186744832,176322888,168.15,9941555
1765903437386,3022.33,454.31,239042560,186744832,176456328,168.28,9942234
1765903437488,3023.48,455.04,239042560,186744832,176589384,168.41,9942906
1765903437590,3023.60,455.09,239042560,186744832,176591424,168.41,9942906
1765903437692,3026.90,457.11,239173632,186744832,176856048,168.66,9952450
1765903437795,3027.01,457.17,239173632,186744832,176858088,168.67,9952450
1765903437896,3039.53,460.22,239599616,187006976,174105584,166.04,9921033
1765903437998,3040.63,460.26,239599616,187006976,174108184,166.04,9921033
1765903438100,3040.73,460.29,239599616,187006976,174110200,166.04,9921033
1765903438202,3044.31,462.52,239616000,187006976,174374032,166.30,9922383
1765903438304,3044.43,462.56,239616000,187006976,174376072,166.30,9922383
1765903438406,3051.88,464.92,239632384,187006976,174640216,166.55,9923734
1765903438508,3051.99,464.95,239632384,187006976,174642256,166.55,9923734
1765903438610,3052.09,464.99,239632384,187006976,174644272,166.55,9923734
1765903438710,3060.85,467.00,239648768,187006976,175062552,166.95,9933277
1765903438811,3060.98,467.05,239648768,187006976,175064592,166.95,9933277
1765903438913,3064.51,469.07,239648768,187006976,175326320,167.20,9934628
1765903439015,3064.59,469.10,239648768,187006976,175328360,167.21,9934628
1765903439117,3064.66,469.13,239648768,187006976,175330376,167.21,9934628
1765903439219,3067.69,471.17,239665152,187006976,175592112,167.46,9935979
1765903439321,3067.82,471.22,239665152,187006976,175594152,167.46,9935979
1765903439423,3071.09,472.96,239665152,187006976,175855920,167.71,9937331
1765903439525,3071.21,473.02,239665152,187006976,175857960,167.71,9937331
1765903439627,3071.32,473.08,239665152,187006976,175859976,167.71,9937331
1765903439729,3074.44,475.08,239665152,187006976,176122424,167.96,9946874
1765903439831,3074.56,475.13,239665152,187006976,176124464,167.97,9946874
1765903439933,3077.57,477.09,239681536,187006976,176386472,168.22,9948225
1765903440035,3077.72,477.15,239681536,187006976,176388512,168.22,9948225
1765903440136,3079.84,478.41,239681536,187006976,176520544,168.34,9948904
1765903440238,3080.94,479.27,239681536,187006976,176652264,168.47,9949576
1765903440340,3081.06,479.33,239681536,187006976,176654304,168.47,9949576
1765903440441,3084.34,481.52,239681536,187006976,176916112,168.72,9950927
1765903440543,3084.45,481.57,239681536,187006976,176918152,168.72,9950927
1765903440644,3093.36,483.76,239697920,187006976,177180232,168.97,9960469
1765903440745,3095.47,483.83,239697920,187006976,177183480,168.98,9960469
1765903440845,3095.58,483.87,239697920,187006976,177185496,168.98,9960469
1765903440947,3099.94,485.88,239714304,187006976,177445216,169.22,9961821
1765903441049,3100.09,485.92,239730688,187006976,177447256,169.23,9961821
1765903441151,3106.58,489.46,240779264,196444160,174676720,166.58,9938596
1765903441253,3106.67,489.50,240779264,196444160,174678760,166.59,9938596
1765903441355,3106.77,489.55,240779264,196444160,174680776,166.59,9938596
1765903441457,3109.83,491.55,240779264,196444160,174940480,166.84,9939948
1765903441559,3109.94,491.59,240779264,196444160,174942520,166.84,9939948
1765903441660,3113.12,493.64,240795648,196444160,175202600,167.09,9949491
1765903441762,3113.22,493.68,240795648,196444160,175204640,167.09,9949491
1765903441864,3113.34,493.73,240795648,196444160,175206656,167.09,9949491
1765903441966,3116.72,495.82,240795648,196444160,175466384,167.34,9950843
1765903442068,3116.83,495.87,240795648,196444160,175468424,167.34,9950843
1765903442170,3120.59,497.96,240795648,196444160,175728840,167.59,9952194
1765903442272,3120.69,498.00,240795648,196444160,175730880,167.59,9952194
1765903442372,3120.79,498.05,240795648,196444160,175732896,167.59,9952194
1765903442473,3125.94,500.04,240812032,196444160,175992520,167.84,9953545
1765903442575,3126.10,500.09,240812032,196444160,175994560,167.84,9953545
1765903442677,3128.48,502.15,240812032,196444160,176253920,168.09,9963088
1765903442779,3128.59,502.19,240812032,196444160,176255960,168.09,9963088
1765903442879,3128.73,502.24,240812032,196444160,176257976,168.09,9963088
1765903442981,3131.87,504.27,240812032,196444160,176517064,168.34,9964440
1765903443083,3132.03,504.32,240812032,196444160,176519104,168.34,9964440
1765903443185,3135.60,505.92,240828416,196444160,176793016,168.60,9965792
1765903443287,3135.70,505.96,240828416,196444160,176795056,168.60,9965792
1765903443389,3137.74,507.01,240828416,196444160,176925760,168.73,9966471
1765903443491,3138.74,507.67,240828416,196444160,177056200,168.85,9967143
1765903443593,3138.87,507.73,240828416,196444160,177058240,168.86,9967143
1765903443695,3144.46,509.38,240844800,196444160,177317800,169.10,9976687
1765903443797,3144.64,509.44,240844800,196444160,177319840,169.11,9976687
1765903443899,3147.87,511.41,240861184,196444160,177578896,169.35,9978038
1765903444001,3147.98,511.46,240861184,196444160,177580936,169.35,9978038
1765903444103,3148.08,511.50,240861184,196444160,177582952,169.36,9978038
1765903444204,3151.12,513.35,240861184,196444160,177841840,169.60,9979391
1765903444306,3151.70,513.50,240861184,196444160,177862616,169.62,9979395
1765903444407,3154.81,515.15,240992256,196444160,178364768,170.10,9980746
1765903444509,3154.91,515.21,241008640,196444160,178366808,170.10,9980746
1765903444612,3155.01,515.26,241008640,196444160,178368824,170.11,9980746
1765903444712,3158.12,517.32,241254400,196444160,178627936,170.35,9990290
1765903444814,3158.25,517.37,241254400,196444160,178629976,170.35,9990290
1765903444916,3161.42,519.73,241500160,196444160,178888944,170.60,9991642
1765903445018,3161.49,519.77,241500160,196444160,178890984,170.60,9991642
1765903445120,3161.58,519.81,241500160,196444160,178893000,170.61,9991642
1765903445222,3164.73,521.71,241762304,196444160,179151896,170.85,9992994
1765903445324,3164.86,521.76,241762304,196444160,179153936,170.85,9992994
1765903445426,3168.04,523.65,242024448,196444160,179412832,171.10,9994346
1765903445527,3168.15,523.69,242024448,196444160,179414872,171.10,9994346
1765903445629,3168.24,523.73,242024448,196444160,179416888,171.11,9994346
1765903445731,3174.82,525.89,242286592,196444160,179677224,171.35,10003889
1765903445834,3174.97,525.94,242286592,196444160,179679264,171.36,10003889
1765903445935,3196.86,528.40,242548736,196444160,179942736,171.61,10005240
1765903446037,3196.95,528.46,242565120,196444160,179944776,171.61,10005240
1765903446138,3204.69,530.00,242679808,196444160,180074448,171.73,10005919
1765903446239,3227.02,531.88,242974720,196444160,180205816,171.86,10006592
1765903446341,3227.10,531.94,242991104,196444160,180207856,171.86,10006592
1765903446443,3230.41,533.61,243236864,196444160,180461816,172.10,10007944
1765903446545,3230.53,533.67,243236864,196444160,180463856,172.10,10007944
1765903446646,3233.69,535.77,243499008,196444160,180718080,172.35,10017488
1765903446748,3233.79,535.82,243499008,196444160,180720120,172.35,10017488
1765903446850,3233.90,535.88,243499008,196444160,180722136,172.35,10017488
1765903446952,3237.13,537.95,243908608,196444160,181139456,172.75,10018840
1765903447054,3237.22,538.00,243908608,196444160,181141496,172.75,10018840
1765903447154,3240.10,539.69,244170752,196444160,181395368,172.99,10020192
1765903447256,3240.22,539.76,244170752,196444160,181397408,172.99,10020192
1765903447358,3240.33,539.81,244170752,196444160,181399424,173.00,10020192
1765903447460,3245.67,542.09,244662272,196968448,176129080,167.97,9972388
1765903447563,3245.79,542.14,244662272,196968448,176131120,167.97,9972388
1765903447665,3249.16,544.09,244662272,196968448,176385240,168.21,9981932
1765903447765,3249.24,544.12,244662272,196968448,176387280,168.22,9981932
1765903447867,3249.33,544.16,244662272,196968448,176389296,168.22,9981932
1765903447968,3254.12,546.25,244662272,196968448,176644280,168.46,9983283
1765903448070,3254.23,546.30,244662272,196968448,176646320,168.46,9983283
1765903448172,3257.26,548.42,244678656,196968448,176900264,168.71,9984635
1765903448274,3257.43,548.47,244678656,196968448,176902304,168.71,9984635
1765903448376,3257.61,548.59,244678656,196968448,176904320,168.71,9984635
1765903448478,3261.77,550.44,244678656,196968448,177158400,168.95,9985987
1765903448579,3261.89,550.48,244678656,196968448,177160440,168.95,9985987
1765903448681,3264.94,552.46,244695040,196968448,177414552,169.20,9995531
1765903448782,3265.03,552.49,244695040,196968448,177416592,169.20,9995531
1765903448883,3267.06,553.82,244695040,196968448,177544688,169.32,9996210
1765903448985,3270.15,555.08,244711424,196968448,177672760,169.44,9996883
1765903449087,3270.26,555.11,244711424,196968448,177674800,169.44,9996883
1765903449189,3275.53,557.40,244711424,196968448,177927960,169.69,9998235
1765903449291,3275.68,557.44,244711424,196968448,177930000,169.69,9998235
1765903449391,3278.87,559.34,244727808,196968448,178182328,169.93,9999587
1765903449493,3278.97,559.40,244727808,196968448,178184368,169.93,9999587
1765903449596,3279.06,559.45,244727808,196968448,178186384,169.93,9999587
1765903449697,3281.99,561.41,244727808,196968448,178439016,170.17,10009131
1765903449800,3282.12,561.45,244727808,196968448,178441056,170.17,10009131
1765903449900,3287.07,563.25,244744192,196968448,178694440,170.42,10010483
1765903450002,3287.20,563.31,244744192,196968448,178696480,170.42,10010483
1765903450102,3287.32,563.36,244744192,196968448,178698496,170.42,10010483
1765903450204,3290.40,565.36,244809728,196968448,178950488,170.66,10011835
1765903450306,3290.47,565.40,244826112,196968448,178952528,170.66,10011835
1765903450408,3293.51,567.54,245055488,196968448,179204560,170.90,10013187
1765903450510,3293.57,567.57,245055488,196968448,179206600,170.90,10013187
1765903450612,3293.63,567.61,245071872,196968448,179208616,170.91,10013187
1765903450714,3298.46,569.22,245317632,196968448,179461888,171.15,10022731
1765903450816,3298.60,569.26,245317632,196968448,179463928,171.15,10022731
1765903450918,3301.78,571.74,245563392,196968448,179715936,171.39,10024083
1765903451019,3301.85,571.77,245563392,196968448,179717976,171.39,10024083
1765903451120,3301.93,571.80,245563392,196968448,179719992,171.39,10024083
1765903451222,3305.19,573.80,245809152,196968448,179972032,171.63,10025435
1765903451325,3305.30,573.86,245809152,196968448,179974072,171.64,10025435
1765903451427,3308.34,575.90,246071296,196968448,180226136,171.88,10026786
1765903451529,3308.46,575.96,246087680,196968448,180228176,171.88,10026786
1765903451632,3311.80,577.31,246218752,196968448,180355560,172.00,10035657
1765903451734,3312.90,578.16,246333440,196968448,180482504,172.12,10036329
1765903451836,3314.39,578.20,246333440,196968448,180485768,172.12,10036329
1765903451938,3317.34,580.32,246562816,196968448,180737848,172.37,10037680
1765903452040,3317.45,580.39,246579200,196968448,180739888,172.37,10037680
1765903452140,3320.28,582.10,246824960,196968448,180991832,172.61,10039032
1765903452241,3320.39,582.15,246824960,196968448,180993872,172.61,10039032
1765903452343,3320.56,582.23,246841344,196968448,180995888,172.61,10039032
1765903452445,3323.63,584.17,247070720,196968448,181247944,172.85,10040384
1765903452547,3323.74,584.21,247070720,196968448,181249984,172.85,10040384
1765903452649,3334.03,586.06,247365632,196968448,181502176,173.09,10049928
1765903452751,3334.15,586.10,247365632,196968448,181504216,173.10,10049928
1765903452853,3334.25,586.15,247201792,196968448,181506232,173.10,10049928
1765903452955,3336.26,587.53,247447552,196968448,181755744,173.34,10051279
1765903453057,3336.47,587.61,247447552,196968448,181757784,173.34,10051279
1765903453159,3340.64,589.54,247676928,196968448,182019160,173.59,10052631
1765903453261,3340.76,589.60,247676928,196968448,182021200,173.59,10052631
1765903453363,3340.88,589.65,247693312,196968448,182023216,173.59,10052631
1765903453465,3344.67,591.57,247922688,196968448,182272904,173.83,10053982
1765903453567,3344.79,591.61,247922688,196968448,182274944,173.83,10053982
1765903453668,3350.52,593.78,244203520,196968448,182679936,174.22,10063526
1765903453770,3350.61,593.84,243482624,196968448,182681976,174.22,10063526
1765903453872,3350.72,593.88,243482624,196968448,182683992,174.22,10063526
1765903453974,3353.62,596.16,243744768,196968448,182933464,174.46,10064876
1765903454076,3353.72,596.20,243744768,196968448,182935504,174.46,10064876
1765903454177,3517.11,611.89,248643584,197492736,167903296,160.13,10008884
1765903454279,3517.24,611.92,248643584,197492736,168048832,160.26,10008884
1765903454382,3520.33,613.08,248643584,197492736,168180216,160.39,9707455
1765903454484,3521.44,613.98,248643584,197492736,168305848,160.51,9708128
1765903454586,3521.54,614.01,248643584,197492736,168307888,160.51,9708128
1765903454688,3523.61,615.64,248643584,197492736,168557848,160.75,9717672
1765903454790,3523.72,615.68,248643584,197492736,168559888,160.75,9717672
1765903454891,3527.86,617.59,248643584,197492736,168810288,160.99,9719023
1765903454993,3528.52,617.66,248643584,197492736,168812328,160.99,9719023
1765903455095,3528.62,617.70,248643584,197492736,168814344,160.99,9719023
1765903455197,3531.65,620.03,248643584,197492736,169063960,161.23,9720375
1765903455299,3531.75,620.07,248643584,197492736,169066000,161.23,9720375
1765903455399,3533.63,621.46,248643584,197492736,169315664,161.47,9721727
1765903455502,3533.72,621.51,248643584,197492736,169317704,161.47,9721727
1765903455604,3533.80,621.55,248643584,197492736,169319720,161.48,9721727
1765903455706,3537.18,623.45,248643584,197492736,169569600,161.71,9731270
1765903455808,3537.30,623.49,248643584,197492736,169571640,161.72,9731270
1765903455910,3540.11,625.41,248643584,197492736,169821248,161.95,9732620
1765903456012,3540.23,625.45,248643584,197492736,169823288,161.96,9732620
1765903456114,3540.33,625.48,248643584,197492736,169825304,161.96,9732620
1765903456216,3543.03,627.46,248643584,197492736,170074928,162.20,9733971
1765903456318,3543.09,627.49,248643584,197492736,170076968,162.20,9733971
1765903456420,3545.61,629.14,248643584,197492736,170326624,162.44,9735323
1765903456520,3545.70,629.17,248643584,197492736,170328664,162.44,9735323
1765903456622,3545.82,629.23,248643584,197492736,170330680,162.44,9735323
1765903456724,3547.60,630.31,248643584,197492736,170580568,162.68,9744867
1765903456826,3547.70,630.35,248643584,197492736,170582608,162.68,9744867
1765903456928,3551.71,632.16,248643584,197492736,170832704,162.92,9746217
1765903457030,3551.82,632.20,248643584,197492736,170834744,162.92,9746217
1765903457131,3553.60,633.25,248643584,197492736,170960600,163.04,9746896
1765903457233,3554.56,633.98,248643584,197492736,171086184,163.16,9747568
1765903457335,3554.64,634.01,248643584,197492736,171088224,163.16,9747568
1765903457437,3557.66,635.96,248643584,197492736,171337760,163.40,9748918
1765903457539,3557.77,636.00,248643584,197492736,171339800,163.40,9748918
1765903457640,3560.48,637.81,248643584,197492736,171589432,163.64,9758462
1765903457742,3560.59,637.88,248643584,197492736,171591472,163.64,9758462
1765903457844,3560.70,637.93,248643584,197492736,171593488,163.64,9758462
1765903457946,3563.53,639.95,248643584,197492736,171842936,163.88,9759814
1765903458047,3563.62,639.98,248643584,197492736,171844976,163.88,9759814
1765903458148,3567.19,641.86,248643584,197492736,172094424,164.12,9761165
1765903458249,3567.26,641.89,248643584,197492736,172096464,164.12,9761165
1765903458351,3567.34,641.93,248643584,197492736,172098480,164.13,9761165
1765903458453,3570.45,643.85,248643584,197492736,172347936,164.36,9762516
1765903458555,3570.56,643.89,248643584,197492736,172349976,164.37,9762516
1765903458657,3573.41,645.86,248643584,197492736,172599752,164.60,9772058
1765903458759,3573.48,645.90,248643584,197492736,172601792,164.61,9772058
1765903458861,3573.59,645.93,248643584,197492736,172603808,164.61,9772058
1765903458963,3576.51,647.76,248643584,197492736,172853344,164.85,9773410
1765903459065,3576.62,647.79,248643584,197492736,172855384,164.85,9773410
1765903459167,3579.49,649.99,248643584,197492736,173104896,165.09,9774762
1765903459269,3579.57,650.02,248643584,197492736,173106936,165.09,9774762
1765903459371,3579.66,650.07,248643584,197492736,173108952,165.09,9774762
1765903459472,3586.46,651.98,248643584,197492736,173359344,165.33,9776113
1765903459574,3586.56,652.03,248643584,197492736,173361384,165.33,9776113
1765903459676,3589.49,654.00,248643584,197492736,173611128,165.57,9785657
1765903459778,3589.59,654.04,248643584,197492736,173613168,165.57,9785657
1765903459883,3591.53,655.38,248643584,197492736,173739064,165.69,9786336
1765903459985,3593.22,656.39,248643584,197492736,174051104,165.99,9787008
1765903460087,3593.33,656.44,248643584,197492736,174053144,165.99,9787008
1765903460189,3596.18,658.40,248643584,197492736,174302680,166.23,9788360
1765903460291,3596.28,658.44,248643584,197492736,174304720,166.23,9788360
1765903460392,3599.27,660.58,248643584,197492736,174554112,166.47,9789712
1765903460494,3599.38,660.64,248643584,197492736,174556152,166.47,9789712
1765903460596,3599.51,660.68,248643584,197492736,174558168,166.47,9789712
1765903460698,3602.43,662.77,248643584,197492736,174807864,166.71,9799256
1765903460800,3602.52,662.80,248643584,197492736,174809904,166.71,9799256
1765903460902,3605.49,664.78,248643584,197492736,175059424,166.95,9800608
1765903461004,3605.60,664.82,248643584,197492736,175061464,166.95,9800608
1765903461106,3605.69,664.86,248643584,197492736,175063480,166.95,9800608
1765903461208,3612.89,667.16,248659968,197492736,168988640,161.16,9801959
1765903461310,3612.99,667.20,248659968,197492736,168990680,161.16,9801959
1765903461412,3615.98,669.17,248659968,197492736,169239568,161.40,9754158
1765903461514,3616.11,669.26,248659968,197492736,169241608,161.40,9754158
1765903461616,3616.20,669.29,248659968,197492736,169243624,161.40,9754158
1765903461718,3619.04,671.25,248676352,197492736,169492824,161.64,9763702
1765903461820,3619.14,671.30,248676352,197492736,169494864,161.64,9763702
1765903461923,3622.03,673.31,248676352,197492736,169743808,161.88,9765054
1765903462025,3622.12,673.35,248676352,197492736,169745848,161.88,9765054
1765903462127,3622.25,673.39,248676352,197492736,169747864,161.88,9765054
1765903462230,3625.23,675.39,248676352,197492736,169996704,162.12,9766406
1765903462332,3625.33,675.44,248676352,197492736,169998744,162.12,9766406
1765903462434,3629.45,677.45,248692736,197492736,170248176,162.36,9767758
1765903462536,3629.53,677.48,248692736,197492736,170250216,162.36,9767758
1765903462637,3631.46,678.64,248692736,197492736,170376288,162.48,9776629
1765903462737,3632.47,679.50,248692736,197492736,170501568,162.60,9777302
1765903462839,3632.58,679.55,248692736,197492736,170503608,162.60,9777302
1765903462941,3635.33,681.68,248692736,197492736,170752456,162.84,9778654
1765903463043,3635.43,681.72,248692736,197492736,170754496,162.84,9778654
1765903463143,3638.62,683.67,248709120,197492736,171003400,163.08,9780006
1765903463245,3638.74,683.73,248709120,197492736,171005440,163.08,9780006
1765903463347,3638.88,683.77,248709120,197492736,171007456,163.09,9780006
1765903463449,3641.70,685.77,248709120,197492736,171256304,163.32,9781358
1765903463551,3641.77,685.80,248709120,197492736,171258344,163.32,9781358
1765903463653,3644.61,687.86,248709120,197492736,171507416,163.56,9790902
1765903463755,3644.68,687.90,248709120,197492736,171509456,163.56,9790902
1765903463857,3644.77,687.96,248709120,197492736,171511472,163.57,9790902
1765903463959,3648.52,689.81,248725504,197492736,171760936,163.80,9792254
1765903464061,3648.61,689.85,248725504,197492736,171762976,163.81,9792254
1765903464163,3651.37,691.63,248725504,197492736,172011920,164.04,9793605
1765903464265,3651.47,691.67,248725504,197492736,172013960,164.05,9793605
1765903464367,3651.54,691.71,248725504,197492736,172015976,164.05,9793605
1765903464540,3957.85,707.71,301056000,247398400,216348672,206.33,9770381
1765903464642,4112.99,713.62,300728320,247562240,212261008,202.43,9716319
1765903464744,4325.24,718.21,305135616,251232256,212044176,202.22,9718393
1765903464846,4325.30,718.26,305135616,251232256,212046216,202.22,9718393
1765903464948,4327.90,720.07,305135616,251232256,212311688,202.48,9719744
1765903465050,4327.99,720.12,305135616,251232256,212313728,202.48,9719744
1765903465150,4331.13,721.85,305135616,251232256,212578984,202.73,9721096
1765903465253,4331.25,721.91,305135616,251232256,212581024,202.73,9721096
1765903465355,4331.36,721.96,305135616,251232256,212583040,202.73,9721096
1765903465457,4335.79,724.13,305152000,251232256,212848784,202.99,9730640
1765903465559,4335.90,724.20,305152000,251232256,212850824,202.99,9730640
1765903465660,4339.29,725.97,305152000,251232256,213116128,203.24,9731990
1765903465762,4339.41,726.02,305152000,251232256,213118168,203.25,9731990
1765903465864,4339.53,726.08,305152000,251232256,213120184,203.25,9731990
1765903465966,4346.24,728.22,305168384,251232256,213385576,203.50,9733342
1765903466068,4346.35,728.27,305168384,251232256,213387616,203.50,9733342
1765903466171,4349.62,730.42,305168384,251232256,213652088,203.75,9734693
1765903466273,4349.78,730.48,305168384,251232256,213654128,203.76,9734693
1765903466375,4349.90,730.56,305168384,251232256,213656144,203.76,9734693
1765903466477,4353.27,732.33,305184768,251232256,213920784,204.01,9744235
1765903466579,4353.40,732.41,305184768,251232256,213922824,204.01,9744235
1765903466681,4356.77,734.38,305184768,251232256,214187152,204.26,9745587
1765903466783,4356.86,734.42,305184768,251232256,214189192,204.27,9745587
1765903466884,4358.92,735.16,305184768,251232256,214322480,204.39,9746266
1765903466985,4360.36,736.02,305184768,251232256,214545016,204.61,9746939
1765903467087,4360.52,736.10,305184768,251232256,214547056,204.61,9746939
1765903467189,4365.16,738.29,305201152,251232256,214811376,204.86,9748289
1765903467290,4365.27,738.36,305201152,251232256,214813416,204.86,9748289
1765903467391,4369.31,739.92,305201152,251232256,215077944,205.11,9757833
1765903467493,4370.06,740.02,305201152,251232256,215081560,205.12,9757833
1765903467595,4370.17,740.08,305201152,251232256,215083576,205.12,9757833
1765903467697,4373.60,742.03,305201152,251232256,215347912,205.37,9759184
1765903467799,4373.69,742.08,305201152,251232256,215349952,205.37,9759184
1765903467899,4377.06,744.01,305217536,251232256,215614384,205.63,9760536
1765903468002,4377.16,744.07,305217536,251232256,215616424,205.63,9760536
1765903468104,4377.28,744.13,305217536,251232256,215618440,205.63,9760536
1765903468206,4380.81,746.07,305217536,251232256,215882832,205.88,9761888
1765903468308,4380.94,746.13,305217536,251232256,215884872,205.88,9761888
1765903468410,4386.70,748.35,305217536,251232256,216150376,206.14,9771432
1765903468512,4386.82,748.40,305217536,251232256,216152416,206.14,9771432
1765903468614,4386.92,748.45,305217536,251232256,216154432,206.14,9771432
1765903468714,4390.17,750.54,305233920,251232256,216418888,206.39,9772784
1765903468816,4390.30,750.61,305233920,251232256,216420928,206.40,9772784
1765903468919,4393.70,752.64,305233920,251232256,216685496,206.65,9774136
1765903469019,4393.81,752.70,305233920,251232256,216687536,206.65,9774136
1765903469121,4393.90,752.75,305233920,251232256,216689552,206.65,9774136
1765903469223,4397.31,754.60,305233920,251232256,216953904,206.90,9775488
1765903469324,4397.42,754.69,305233920,251232256,216955944,206.91,9775488
1765903469426,4402.63,756.89,305250304,251232256,217220496,207.16,9785031
1765903469528,4402.75,756.95,305250304,251232256,217222536,207.16,9785031
1765903469628,4402.88,757.00,305152000,251232256,217224552,207.16,9785031
1765903469730,4405.40,758.29,305168384,251232256,217488880,207.41,9786382
1765903469832,4405.52,758.33,305168384,251232256,217490920,207.42,9786382
1765903469934,4412.72,760.34,305168384,251232256,217999296,207.90,9787733
1765903470036,4412.82,760.39,305168384,251232256,218001336,207.90,9787733
1765903470137,4415.09,761.62,305168384,251232256,218134664,208.03,9788412
1765903470237,4416.21,762.42,305168384,251232256,218267688,208.16,9789084
1765903470339,4416.34,762.48,305168384,251232256,218269728,208.16,9789084
1765903470441,4419.46,764.27,305168384,251232256,218534280,208.41,9798628
1765903470543,4419.59,764.35,305168384,251232256,218536320,208.41,9798628
1765903470643,4425.01,766.75,305184768,251232256,218801672,208.67,9799979
1765903470744,4425.13,766.80,305184768,251232256,218803712,208.67,9799979
1765903470846,4425.26,766.85,305184768,251232256,218805728,208.67,9799979
1765903470947,4428.75,768.94,305184768,251232256,219070064,208.92,9801331
1765903471049,4428.93,769.00,305184768,251232256,219072104,208.92,9801331
1765903471149,4432.27,770.99,305184768,251232256,219336440,209.18,9802683
1765903471249,4432.36,771.02,305184768,251232256,219338480,209.18,9802683
1765903471352,4432.55,771.08,305184768,251232256,219340496,209.18,9802683
1765903471454,4436.52,772.89,305201152,251232256,219605112,209.43,9812226
1765903471555,4436.64,772.95,305201152,251232256,219607152,209.43,9812226
1765903471658,4439.77,775.02,305201152,251232256,219871528,209.69,9813578
1765903471759,4439.88,775.06,305201152,251232256,219873568,209.69,9813578
1765903471861,4440.00,775.12,305201152,251232256,219875584,209.69,9813578
1765903471963,4443.47,777.31,305201152,251232256,220140056,209.94,9814929
1765903472064,4443.60,777.37,305201152,251232256,220142096,209.94,9814929
1765903472166,4446.81,779.36,305217536,251232256,220406496,210.20,9816280
1765903472268,4446.89,779.39,305217536,251232256,220408536,210.20,9816280
1765903472370,4446.98,779.44,305217536,251232256,220410552,210.20,9816280
1765903472471,4450.18,781.39,305217536,251232256,220675112,210.45,9825823
1765903472573,4450.28,781.43,305217536,251232256,220677152,210.45,9825823
1765903472673,4547.43,785.56,305283072,251232256,220995280,210.76,9827175
1765903472775,4592.17,794.64,247873536,193822720,168986272,161.16,9717018
1765903472877,4592.30,794.69,247873536,193822720,169033296,161.20,9717018
1765903472979,4598.15,796.62,247873536,193822720,169304424,161.46,9718370
1765903473081,4598.26,796.66,247873536,193822720,169306464,161.46,9718370
1765903473183,4602.85,798.58,247873536,193822720,169571464,161.72,9719721
1765903473283,4606.88,798.71,247873536,193822720,169571616,161.72,9719721
1765903473383,4753.08,808.45,229785600,175996928,168964232,161.14,9725216
1765903473485,4754.46,809.31,229916672,175996928,169103880,161.27,9725889
1765903473587,4754.55,809.35,229916672,175996928,169105920,161.27,9725889
1765903473689,4758.73,811.44,230211584,175996928,169387992,161.54,9727241
1765903473791,4758.84,811.51,230211584,175996928,169390032,161.54,9727241
1765903473893,4763.65,814.17,230768640,179142656,168828392,161.01,9728592
1765903473995,4909.39,821.07,230342656,175734784,168510672,160.70,9716345
1765903474097,4909.52,821.14,230342656,175734784,168562832,160.75,9716345
1765903474199,4913.29,822.94,230375424,175734784,168866880,161.04,9717696
1765903474301,4913.46,823.01,230375424,175734784,168869528,161.05,9717696
1765903474403,4918.72,825.20,230391808,175734784,169154944,161.32,9727240
1765903474505,4918.81,825.24,230391808,175734784,169156984,161.32,9727240
1765903474607,4918.91,825.29,230391808,175734784,169159000,161.32,9727240
1765903474709,4925.08,827.64,230785024,176783360,168532384,160.73,9728592
1765903474811,4925.20,827.72,230785024,176783360,168534424,160.73,9728592
1765903474913,4928.98,829.80,231063552,176783360,168968960,161.14,9729943
1765903475015,4929.08,829.84,231063552,176783360,168971000,161.14,9729943
1765903475117,4929.17,829.89,231063552,176783360,168973016,161.15,9729943
1765903475219,4936.50,831.89,231358464,176783360,169251128,161.41,9731294
1765903475321,4936.61,831.94,231374848,176783360,169253168,161.41,9731294
1765903475423,4941.91,834.21,231489536,176783360,168783688,160.96,9732645
1765903475525,4942.03,834.27,231489536,176783360,168785728,160.97,9732645
1765903475627,4942.13,834.32,231489536,176783360,168787744,160.97,9732645
1765903475730,4945.63,836.27,231505920,176783360,169065272,161.23,9733997
1765903475832,4945.74,836.33,231505920,176783360,169067312,161.24,9733997
1765903475934,4949.68,838.36,231505920,176783360,168739672,160.92,9735348
1765903476036,4949.78,838.42,231505920,176783360,168741712,160.92,9735348
1765903476137,4953.70,839.88,231505920,176783360,168887520,161.06,9736027
1765903476239,4955.21,840.73,231505920,176783360,169027136,161.20,9736699
1765903476341,4955.34,840.80,231505920,176783360,169029176,161.20,9736699
1765903476444,4958.70,842.64,231522304,176783360,169306984,161.46,9746242
1765903476546,4958.83,842.71,231522304,176783360,169309024,161.47,9746242
1765903476648,4962.18,844.56,231522304,176783360,169586568,161.73,9747593
1765903476750,4962.28,844.61,231522304,176783360,169588608,161.73,9747593
1765903476852,4962.38,844.66,231522304,176783360,169590624,161.73,9747593
1765903476954,4970.05,846.74,231571456,176783360,169069784,161.24,9748944
1765903477056,4970.17,846.79,231571456,176783360,169071824,161.24,9748944
1765903477158,4973.65,848.83,231571456,176783360,169349352,161.50,9750295
1765903477260,4973.73,848.86,231571456,176783360,169351392,161.51,9750295
1765903477362,4973.83,848.89,231571456,176783360,169353408,161.51,9750295
1765903477464,4982.44,851.25,231587840,176783360,169643208,161.78,9759839
1765903477566,4982.56,851.30,231587840,176783360,169645248,161.79,9759839
1765903477668,4987.04,853.16,231587840,176783360,169257184,161.42,9752998
1765903477770,4987.13,853.20,231587840,176783360,169259224,161.42,9752998
1765903477872,4987.22,853.24,231587840,176783360,169261240,161.42,9752998
1765903477974,4996.20,855.50,231604224,176783360,169539000,161.68,9754349
1765903478076,4996.32,855.55,231604224,176783360,169541040,161.69,9754349
1765903478177,5003.20,857.91,231604224,176783360,169818560,161.95,9755701
1765903478278,5003.31,857.96,231604224,176783360,169820600,161.95,9755701
1765903478385,5008.31,859.45,231735296,178880512,169207752,161.37,9764572
1765903478487,5009.50,860.22,231735296,178880512,169346968,161.50,9757052
1765903478589,5009.69,860.28,231735296,178880512,169349008,161.50,9757052
1765903478691,5013.76,862.19,231751680,178880512,169625760,161.77,9758403
1765903478793,5013.92,862.25,231751680,178880512,169627800,161.77,9758403
1765903478893,5018.60,864.50,231751680,178880512,169904848,162.03,9759754
1765903478995,5018.72,864.58,231751680,178880512,169906888,162.04,9759754
1765903479097,5018.84,864.63,231751680,178880512,169908904,162.04,9759754
1765903479199,5022.39,866.82,231964672,178880512,170185296,162.30,9761105
1765903479301,5022.49,866.86,231964672,178880512,170187336,162.30,9761105
1765903479403,5026.44,868.85,232243200,178880512,170464032,162.57,9770648
1765903479505,5026.56,868.89,232243200,178880512,170466072,162.57,9770648
1765903479607,5026.66,868.95,232243200,178880512,170468088,162.57,9770648
1765903479710,5030.20,871.15,232505344,178880512,170744464,162.83,9772000
1765903479812,5030.41,871.23,232505344,178880512,170746504,162.84,9772000
1765903479914,5034.95,873.61,232751104,178880512,169401536,161.55,9773351
1765903480016,5035.02,873.65,232751104,178880512,169403576,161.56,9773351
1765903480118,5035.11,873.69,232751104,178880512,169405592,161.56,9773351
1765903480220,5041.86,875.61,232751104,178880512,169694664,161.83,9766511
1765903480322,5041.97,875.66,232751104,178880512,169696704,161.84,9766511
1765903480424,5045.47,877.37,232751104,178880512,169976176,162.10,9776054
1765903480526,5045.56,877.44,232751104,178880512,169978216,162.10,9776054
1765903480628,5045.66,877.49,232751104,178880512,169980232,162.11,9776054
1765903480730,5048.97,879.49,232882176,178880512,170268088,162.38,9777406
1765903480832,5049.13,879.55,232882176,178880512,170270128,162.38,9777406
1765903480933,5052.61,881.47,233144320,178880512,170544024,162.64,9778758
1765903481035,5052.71,881.51,233144320,178880512,170546064,162.65,9778758
1765903481135,5054.92,882.60,233275392,178880512,170684528,162.78,9779437
1765903481237,5066.49,883.97,233422848,179142656,171098416,163.17,9780109
1765903481339,5066.59,884.02,233422848,179142656,171100456,163.17,9780109
1765903481442,5071.41,886.04,233701376,179142656,171374568,163.44,9789651
1765903481544,5071.53,886.09,233701376,179142656,171376608,163.44,9789651
1765903481645,5077.39,888.54,233766912,179142656,170148168,162.27,9774618
1765903481747,5077.50,888.60,233766912,179142656,170150208,162.27,9774618
1765903481849,5077.61,888.64,233766912,179142656,170152224,162.27,9774618
1765903481951,5082.95,890.47,233783296,179142656,170426712,162.53,9775969
1765903482053,5083.06,890.52,233783296,179142656,170428752,162.53,9775969
1765903482155,5086.26,892.40,233783296,179142656,170702648,162.79,9777320
1765903482256,5086.36,892.43,233783296,179142656,170704688,162.80,9777320
1765903482358,5086.47,892.48,233783296,179142656,170706704,162.80,9777320
1765903482460,5089.97,894.24,233783296,179142656,170980904,163.06,9786863
1765903482562,5090.09,894.30,233783296,179142656,170982944,163.06,9786863
1765903482664,5100.15,896.64,233799680,179142656,171258200,163.32,9788215
1765903482766,5100.24,896.69,233799680,179142656,171260240,163.33,9788215
1765903482868,5100.33,896.74,233799680,179142656,171262256,163.33,9788215
1765903482970,5104.61,898.60,233799680,179142656,171535720,163.59,9789567
1765903483072,5104.77,898.66,233799680,179142656,171537760,163.59,9789567
1765903483174,5109.52,901.36,233930752,179929088,170287200,162.40,9790918
1765903483276,5109.64,901.42,233930752,179929088,170289240,162.40,9790918
1765903483378,5109.73,901.47,233930752,179929088,170291256,162.40,9790918
1765903483480,5113.11,903.55,233930752,179929088,170564408,162.66,9792270
1765903483581,5113.24,903.61,233930752,179929088,170566448,162.66,9792270
1765903483683,5125.40,905.84,233947136,179929088,170848928,162.93,9793621
1765903483785,5125.50,905.88,233947136,179929088,170850968,162.94,9793621
1765903483886,5127.64,907.17,233947136,179929088,170988592,163.07,9794300
1765903483988,5133.04,908.35,233963520,179929088,171126584,163.20,9794973
1765903484088,5133.15,908.41,233963520,179929088,171128624,163.20,9794973
1765903484189,5140.41,910.68,233963520,179929088,171404496,163.46,9796324
1765903484291,5140.54,910.74,233963520,179929088,171406536,163.47,9796324
1765903484391,5144.16,912.22,233979904,179929088,171673800,163.72,9805867
1765903484493,5144.29,912.30,233979904,179929088,171675840,163.72,9805867
1765903484595,5144.42,912.35,233979904,179929088,171677896,163.72,9805867
1765903484697,5151.94,914.42,234192896,179929088,170430904,162.54,9807219
1765903484799,5152.03,914.47,234192896,179929088,170432944,162.54,9807219
1765903484901,5153.26,915.09,234192896,179929088,170567552,162.67,9791514
1765903485003,5154.57,915.92,234192896,179929088,170702000,162.79,9792186
1765903485105,5154.69,915.97,234192896,179929088,170704040,162.80,9792186
1765903485207,5157.87,918.05,234209280,179929088,170970952,163.05,9793537
1765903485309,5157.97,918.12,234209280,179929088,170972992,163.05,9793537
1765903485412,5162.52,920.13,234209280,179929088,171240264,163.31,9803080
1765903485514,5162.62,920.19,234209280,179929088,171242304,163.31,9803080
1765903485616,5162.78,920.25,234209280,179929088,171244320,163.31,9803080
1765903485718,5168.45,922.28,234258432,179929088,171511480,163.57,9804432
1765903485820,5168.60,922.35,234258432,179929088,171513520,163.57,9804432
1765903485922,5171.81,924.38,234274816,179929088,171779784,163.82,9805782
1765903486023,5171.92,924.43,234274816,179929088,171781824,163.82,9805782
1765903486125,5172.02,924.48,234274816,179929088,171783840,163.83,9805782
1765903486227,5176.59,926.93,234504192,179929088,170743272,162.83,9798942
1765903486329,5176.73,926.99,234504192,179929088,170745312,162.84,9798942
1765903486431,5180.40,928.90,234504192,179929088,171011776,163.09,9808486
1765903486533,5180.49,928.95,234504192,179929088,171013816,163.09,9808486
1765903486634,5182.54,930.13,234504192,179929088,171148056,163.22,9809165
1765903486735,5185.31,931.12,234520576,179929088,171285376,163.35,9809837
1765903486837,5185.41,931.17,234520576,179929088,171287416,163.35,9809837
1765903486937,5188.52,932.93,234520576,179929088,171553664,163.61,9811188
1765903487039,5188.64,932.98,234520576,179929088,171555704,163.61,9811188
1765903487141,5191.69,934.99,234520576,179929088,171822120,163.86,9812539
1765903487243,5191.80,935.06,234520576,179929088,171824160,163.86,9812539
1765903487345,5191.93,935.13,234520576,179929088,171826176,163.87,9812539
1765903487447,5195.18,937.22,234536960,179929088,172092816,164.12,9822082
1765903487547,5195.32,937.26,234536960,179929088,172094856,164.12,9822082
1765903487648,5199.27,939.75,234995712,184385536,170883408,162.97,9823433
1765903487750,5199.35,939.78,234995712,184385536,170885448,162.97,9823433
1765903487852,5199.45,939.82,234995712,184385536,170887464,162.97,9823433
1765903487955,5202.71,941.90,234995712,184385536,171153744,163.22,9808401
1765903488057,5202.84,941.96,234995712,184385536,171155784,163.23,9808401
1765903488159,5206.07,943.72,235012096,184385536,171422056,163.48,9809753
1765903488261,5206.18,943.77,235012096,184385536,171424096,163.48,9809753
1765903488363,5206.29,943.82,235012096,184385536,171426112,163.48,9809753
1765903488465,5209.53,945.75,235012096,184385536,171692632,163.74,9819297
1765903488567,5209.69,945.81,235012096,184385536,171694672,163.74,9819297
1765903488668,5212.86,947.69,235012096,184385536,171961064,163.99,9820648
1765903488770,5212.97,947.74,235012096,184385536,171963104,164.00,9820648
1765903488871,5213.06,947.79,235012096,184385536,171965120,164.00,9820648
1765903488973,5234.92,950.58,235028480,184385536,172309512,164.33,9821999
1765903489075,5235.03,950.63,235028480,184385536,172311552,164.33,9821999
1765903489177,5242.20,953.03,235044864,184385536,172576296,164.58,9823351
1765903489279,5242.30,953.08,235044864,184385536,172578336,164.58,9823351
1765903489380,5244.06,953.83,235061248,184385536,172711848,164.71,9832222
1765903489481,5268.19,955.02,235208704,184385536,172998264,164.98,9832895
1765903489583,5268.30,955.07,235208704,184385536,173000304,164.99,9832895
1765903489685,5271.70,957.21,235634688,184385536,173326856,165.30,9834247
1765903489787,5271.84,957.28,235634688,184385536,173328896,165.30,9834247
1765903489888,5274.01,958.59,235749376,184385536,173460648,165.42,9834926
1765903489990,5275.14,959.37,235896832,184385536,173592088,165.55,9835598
1765903490092,5275.26,959.43,235896832,184385536,173594128,165.55,9835598
1765903490193,5278.30,961.33,236142592,184385536,173855328,165.80,9836950
1765903490295,5278.42,961.39,236142592,184385536,173857368,165.80,9836950
1765903490396,5281.67,963.42,236404736,184385536,174118760,166.05,9846493
1765903490497,5281.82,963.50,236404736,184385536,174120800,166.05,9846493
1765903490600,5283.44,963.58,236404736,184385536,174127776,166.06,9846493
1765903490702,5285.52,965.22,236666880,184385536,174388944,166.31,9847844
1765903490804,5285.63,965.28,236666880,184385536,174390984,166.31,9847844
1765903490905,5297.45,967.76,236929024,184385536,174714056,166.62,9849196
1765903491007,5297.55,967.82,236929024,184385536,174716096,166.62,9849196
1765903491109,5297.68,967.87,236929024,184385536,174718112,166.62,9849196
1765903491211,5301.56,969.80,237191168,184385536,174976640,166.87,9850547
1765903491312,5301.69,969.85,237191168,184385536,174978680,166.87,9850547
1765903491414,5307.18,972.12,237502464,184909824,172012472,164.04,9827323
1765903491516,5307.25,972.15,237502464,184909824,172014512,164.05,9827323
1765903491618,5307.36,972.20,237502464,184909824,172016528,164.05,9827323
1765903491718,5310.28,974.20,237502464,184909824,172274696,164.29,9828675
1765903491819,5310.39,974.26,237502464,184909824,172276736,164.30,9828675
1765903491921,5313.64,976.22,237518848,184909824,172534936,164.54,9830026
1765903492023,5313.75,976.29,237518848,184909824,172536976,164.54,9830026
1765903492125,5313.85,976.35,237518848,184909824,172538992,164.55,9830026
1765903492227,5318.05,978.37,237518848,184909824,172797704,164.79,9831378
1765903492330,5318.17,978.43,237518848,184909824,172799744,164.79,9831378
1765903492432,5321.33,980.66,237535232,184909824,173058200,165.04,9840922
1765903492532,5321.41,980.70,237535232,184909824,173060240,165.04,9840922
1765903492633,5323.47,981.96,237535232,184909824,173190432,165.17,9841601
1765903492735,5324.54,982.65,237633536,184909824,173320400,165.29,9842274
1765903492838,5324.68,982.80,237666304,184909824,173322440,165.29,9842274
1765903492940,5327.74,984.82,237928448,184909824,173580680,165.54,9843625
1765903493042,5327.85,984.89,237928448,184909824,173582720,165.54,9843625
1765903493143,5330.93,986.88,238174208,184909824,173871304,165.82,9844977
1765903493243,5331.06,986.93,238174208,184909824,173873344,165.82,9844977
1765903493345,5331.18,986.99,238174208,184909824,173875360,165.82,9844977
1765903493447,5334.32,989.17,238419968,184909824,174133784,166.07,9854521
1765903493549,5334.47,989.23,238419968,184909824,174135824,166.07,9854521
1765903493651,5337.53,991.45,238665728,184909824,174394440,166.32,9855873
1765903493753,5337.62,991.49,238665728,184909824,174396480,166.32,9855873
1765903493855,5337.72,991.54,238665728,184909824,174398496,166.32,9855873
1765903493957,5341.93,994.11,239517696,185958400,172261240,164.28,9857224
1765903494059,5342.05,994.17,239517696,185958400,172263280,164.28,9857224
1765903494161,5344.94,996.12,239517696,185958400,172521456,164.53,9842191
1765903494263,5345.05,996.16,239517696,185958400,172523496,164.53,9842191
1765903494365,5345.18,996.21,239517696,185958400,172525512,164.53,9842191
1765903494467,5349.75,998.50,239517696,185958400,172783936,164.78,9851735
1765903494569,5349.86,998.56,239517696,185958400,172785976,164.78,9851735
1765903494671,5353.73,1000.64,239517696,185958400,173092496,165.07,9853087
1765903494773,5353.84,1000.71,239517696,185958400,173094536,165.08,9853087
1765903494875,5354.00,1000.76,239517696,185958400,173096552,165.08,9853087
1765903494977,5357.03,1002.76,239517696,185958400,173354760,165.32,9854438
1765903495079,5357.16,1002.82,239517696,185958400,173356800,165.33,9854438
1765903495182,5372.49,1005.30,239583232,186220544,173861088,165.81,9855789
1765903495284,5372.60,1005.35,239583232,186220544,173863128,165.81,9855789
1765903495385,5374.77,1006.62,239599616,186220544,173989552,165.93,9864660
1765903495487,5378.63,1007.38,239599616,186220544,174115944,166.05,9865333
1765903495589,5378.74,1007.43,239599616,186220544,174117984,166.05,9865333
1765903495691,5381.74,1009.11,239599616,186220544,174368056,166.29,9866685
1765903495793,5381.85,1009.18,239599616,186220544,174370096,166.29,9866685
1765903495894,5384.91,1011.11,239599616,186220544,174844848,166.75,9868037
1765903495996,5385.06,1011.19,239599616,186220544,174846888,166.75,9868037
1765903496098,5385.16,1011.24,239599616,186220544,174848904,166.75,9868037
1765903496200,5388.22,1013.15,239599616,186220544,175099368,166.99,9869389
1765903496303,5388.33,1013.24,239599616,186220544,175101408,166.99,9869389
1765903496405,5391.66,1015.26,239616000,186220544,175351768,167.23,9878933
1765903496507,5391.77,1015.30,239616000,186220544,175353808,167.23,9878933
1765903496609,5391.89,1015.37,239616000,186220544,175355824,167.23,9878933
1765903496711,5394.78,1017.32,239616000,186220544,175605896,167.47,9880284
1765903496813,5394.89,1017.38,239616000,186220544,175607936,167.47,9880284
1765903496915,5398.23,1019.13,239616000,186220544,175858016,167.71,9881635
1765903497018,5400.58,1019.18,239632384,186220544,175861128,167.71,9881635
1765903497120,5400.64,1019.22,239632384,186220544,175862640,167.72,9881635
1765903497222,5406.15,1021.70,240041984,187006976,173221176,165.20,9882987
1765903497324,5406.27,1021.75,240041984,187006976,173222712,165.20,9882987
1765903497427,5409.60,1023.85,240041984,187006976,173472504,165.44,9867954
1765903497529,5409.73,1023.90,240041984,187006976,173474040,165.44,9867954
1765903497634,5411.85,1025.07,240041984,187006976,173599680,165.56,9868633
1765903497736,5414.74,1025.85,240058368,187006976,173725472,165.68,9869306
1765903497837,5414.84,1025.93,240058368,187006976,173727008,165.68,9869306
1765903497939,5417.83,1027.94,240058368,187006976,173976584,165.92,9870657
1765903498041,5417.93,1027.98,240058368,187006976,173978120,165.92,9870657
1765903498141,5420.17,1029.34,240058368,187006976,174103816,166.04,9871336
1765903498242,5421.41,1030.09,240058368,187006976,174229216,166.16,9872009
1765903498344,5421.52,1030.14,240058368,187006976,174230752,166.16,9872009
1765903498447,5424.68,1032.17,240074752,187006976,174480560,166.40,9881552
1765903498549,5424.78,1032.22,240074752,187006976,174482096,166.40,9881552
1765903498651,5427.72,1034.31,240074752,187006976,174731664,166.64,9882903
1765903498753,5427.80,1034.35,240074752,187006976,174733200,166.64,9882903
1765903498855,5427.90,1034.40,240074752,187006976,174734712,166.64,9882903
1765903498957,5430.90,1036.79,240074752,187006976,174984296,166.88,9884255
1765903499059,5431.02,1036.85,240074752,187006976,174985832,166.88,9884255
1765903499161,5434.16,1038.77,240091136,187006976,175235408,167.12,9885606
1765903499263,5434.28,1038.82,240091136,187006976,175236944,167.12,9885606
1765903499364,5434.38,1038.88,240091136,187006976,175238456,167.12,9885606
1765903499466,5437.49,1040.97,240091136,187006976,175488600,167.36,9895149
1765903499568,5437.58,1041.02,240091136,187006976,175490136,167.36,9895149
1765903499670,5440.49,1043.02,240091136,187006976,175739704,167.60,9896500
1765903499772,5440.60,1043.09,240091136,187006976,175741240,167.60,9896500
1765903499874,5440.70,1043.14,240091136,187006976,175742752,167.60,9896500
1765903499976,5445.05,1045.57,240566272,187269120,173613184,165.57,9897851
1765903500078,5445.23,1045.63,240566272,187269120,173614720,165.57,9897851
1765903500181,5448.19,1047.14,240582656,187269120,173864288,165.81,9874626
1765903500283,5448.28,1047.19,240582656,187269120,173865848,165.81,9874626
1765903500383,5450.24,1048.18,240582656,187269120,173991712,165.93,9883497
1765903500483,5451.27,1049.13,240582656,187269120,174117104,166.05,9884170
1765903500585,5451.37,1049.18,240582656,187269120,174118640,166.05,9884170
1765903500687,5454.47,1051.40,240582656,187269120,174368280,166.29,9885522
1765903500790,5454.59,1051.47,240582656,187269120,174369816,166.29,9885522
1765903500891,5457.61,1053.45,240599040,187269120,174619632,166.53,9886874
1765903500993,5457.74,1053.54,240599040,187269120,174621168,166.53,9886874
1765903501095,5457.89,1053.61,240599040,187269120,174622680,166.53,9886874
1765903501197,5461.00,1055.50,240599040,187269120,174872272,166.77,9888225
1765903501299,5461.11,1055.55,240599040,187269120,174873808,166.77,9888225
1765903501400,5464.43,1057.26,240599040,187269120,175123616,167.01,9897767
1765903501502,5464.56,1057.33,240599040,187269120,175125152,167.01,9897767
1765903501604,5464.67,1057.40,240599040,187269120,175126664,167.01,9897767
1765903501706,5467.65,1059.35,240615424,187269120,175376272,167.25,9899118
1765903501808,5467.77,1059.41,240615424,187269120,175377808,167.25,9899118
1765903501910,5470.83,1061.37,240615424,187269120,175627384,167.49,9900469
1765903502011,5470.93,1061.41,240615424,187269120,175628920,167.49,9900469
1765903502113,5471.03,1061.47,240615424,187269120,175630432,167.49,9900469
1765903502215,5473.90,1063.39,240615424,187269120,175880016,167.73,9901819
1765903502317,5474.00,1063.44,240615424,187269120,175881552,167.73,9901819
1765903502419,5477.12,1065.58,240631808,187269120,176131344,167.97,9911363
1765903502521,5477.23,1065.63,240631808,187269120,176132880,167.97,9911363
1765903502623,5477.34,1065.69,240631808,187269120,176134392,167.97,9911363
1765903502725,5480.40,1067.59,240631808,187269120,176383984,168.21,9912715
1765903502827,5480.56,1067.65,240631808,187269120,176385520,168.21,9912715
1765903502929,5489.50,1070.60,241008640,187269120,174161768,166.09,9889490
1765903503032,5489.59,1070.64,241008640,187269120,174163304,166.10,9889490
1765903503132,5491.63,1071.82,241008640,187269120,174288960,166.21,9890169
1765903503234,5492.67,1072.69,241008640,187269120,174414352,166.33,9890841
1765903503336,5492.77,1072.74,241008640,187269120,174415888,166.34,9890841
1765903503438,5495.94,1074.78,241008640,187269120,174665712,166.57,9900384
1765903503540,5496.05,1074.83,241008640,187269120,174667248,166.58,9900384
1765903503641,5498.93,1076.96,241025024,187269120,174916776,166.81,9901735
1765903503743,5499.03,1077.02,241025024,187269120,174918312,166.82,9901735
1765903503845,5499.15,1077.08,241025024,187269120,174919824,166.82,9901735
1765903503947,5502.15,1078.94,241025024,187269120,175169408,167.05,9903086
1765903504049,5502.24,1078.99,241025024,187269120,175170944,167.06,9903086
1765903504151,5505.20,1081.02,241025024,187269120,175420536,167.29,9904438
1765903504253,5505.67,1081.19,241025024,187269120,175439560,167.31,9904442
1765903504355,5505.76,1081.25,241025024,187269120,175441096,167.31,9904442
1765903504458,5511.70,1083.41,241057792,187269120,175691288,167.55,9913985
1765903504560,5511.80,1083.47,241057792,187269120,175692824,167.55,9913985
1765903504661,5514.64,1085.38,241057792,187269120,175942400,167.79,9915336
1765903504762,5514.76,1085.42,241057792,187269120,175943936,167.79,9915336
1765903504864,5514.91,1085.47,241057792,187269120,175945448,167.79,9915336
1765903504966,5518.03,1087.51,241057792,187269120,176195240,168.03,9916688
1765903505068,5518.12,1087.55,241057792,187269120,176196776,168.03,9916688
1765903505170,5528.32,1089.81,241057792,187269120,176515136,168.34,9918039
1765903505272,5528.40,1089.86,241057792,187269120,176516672,168.34,9918039
1765903505374,5528.50,1089.91,241057792,187269120,176518184,168.34,9918039
1765903505476,5535.24,1091.75,241090560,187269120,176769760,168.58,9927582
1765903505579,5535.39,1091.82,241090560,187269120,176771296,168.58,9927582
1765903505681,5539.87,1093.88,241090560,187269120,177021536,168.82,9928932
1765903505782,5539.95,1093.93,241090560,187269120,177023072,168.82,9928932
1765903505883,5542.10,1095.18,241205248,187269120,177148712,168.94,9929611
1765903505986,5543.19,1096.15,241352704,187269120,177274312,169.06,9930284
1765903506088,5543.32,1096.21,241352704,187269120,177275848,169.06,9930284
1765903506189,5548.54,1099.68,242434048,196444160,174656240,166.57,9907055
1765903506291,5548.65,1099.73,242434048,196444160,174657776,166.57,9907055
1765903506392,5551.81,1101.78,242434048,196444160,174907568,166.80,9916598
1765903506494,5551.93,1101.83,242434048,196444160,174909104,166.81,9916598
1765903506596,5552.04,1101.91,242434048,196444160,174910616,166.81,9916598
1765903506697,5555.15,1103.96,242450432,196444160,175160232,167.05,9917950
1765903506799,5555.24,1104.02,242450432,196444160,175161768,167.05,9917950
1765903506899,5558.15,1106.08,242532352,196444160,175507544,167.38,9919301
1765903507001,5558.24,1106.13,242532352,196444160,175509080,167.38,9919301
1765903507103,5558.32,1106.17,242532352,196444160,175510592,167.38,9919301
1765903507205,5560.05,1107.21,242532352,196444160,175760256,167.62,9920653
1765903507308,5560.10,1107.24,242532352,196444160,175761792,167.62,9920653
1765903507411,5561.85,1108.37,242548736,196444160,176011648,167.86,9930196
1765903507513,5561.95,1108.41,242548736,196444160,176013184,167.86,9930196
1765903507615,5562.03,1108.46,242548736,196444160,176014696,167.86,9930196
1765903507717,5564.94,1110.43,242548736,196444160,176264296,168.10,9931547
1765903507819,5565.04,1110.48,242548736,196444160,176265832,168.10,9931547
1765903507921,5567.98,1112.53,242548736,196444160,176515432,168.34,9932899
1765903508023,5568.10,1112.59,242548736,196444160,176516968,168.34,9932899
1765903508126,5568.25,1112.65,242548736,196444160,176518480,168.34,9932899
1765903508228,5571.27,1114.41,242548736,196444160,176779872,168.59,9934251
1765903508330,5571.42,1114.48,242548736,196444160,176781408,168.59,9934251
1765903508432,5579.30,1116.80,242548736,196444160,177175880,168.97,9943794
1765903508534,5579.38,1116.85,242548736,196444160,177177416,168.97,9943794
1765903508634,5581.27,1117.93,242548736,196444160,177303056,169.09,9944473
1765903508736,5582.34,1118.79,242548736,196444160,177428600,169.21,9945145
1765903508838,5582.47,1118.85,242548736,196444160,177430136,169.21,9945145
1765903508940,5585.52,1120.73,242548736,196444160,177679712,169.45,9946497
1765903509042,5585.64,1120.78,242548736,196444160,177681248,169.45,9946497
1765903509143,5593.01,1122.70,242565120,196444160,177933552,169.69,9947847
1765903509244,5593.12,1122.79,242565120,196444160,177935088,169.69,9947847
1765903509346,5593.28,1122.84,242565120,196444160,177936600,169.69,9947847
1765903509448,5596.37,1124.74,242565120,196444160,178186432,169.93,9957390
1765903509550,5596.52,1124.80,242565120,196444160,178187968,169.93,9957390
1765903509652,5601.32,1126.75,242663424,196444160,178437576,170.17,9958741
1765903509754,5601.50,1126.81,242663424,196444160,178439112,170.17,9958741
1765903509856,5601.79,1126.96,242663424,196444160,178440624,170.17,9958741
1765903509958,5605.44,1128.98,242892800,196444160,178690584,170.41,9960092
1765903510060,5605.57,1129.06,242909184,196444160,178692120,170.41,9960092
1765903510160,5608.51,1131.10,243138560,196444160,178941784,170.65,9961442
1765903510262,5608.62,1131.14,243138560,196444160,178943320,170.65,9961442
1765903510364,5608.84,1131.26,243138560,196444160,178944832,170.66,9961442
1765903510466,5612.87,1133.15,243400704,196444160,179194664,170.89,9970986
1765903510568,5613.12,1133.28,243400704,196444160,179196200,170.89,9970986
1765903510670,5617.42,1135.45,243630080,196444160,179445792,171.13,9972337
1765903510772,5617.58,1135.50,243630080,196444160,179447328,171.13,9972337
1765903510874,5617.85,1135.68,243646464,196444160,179448840,171.14,9972337
1765903510976,5623.28,1137.64,243875840,196444160,179699920,171.38,9973689
1765903511078,5623.53,1137.77,243875840,196444160,179701456,171.38,9973689
1765903511180,5641.92,1140.47,244154368,196444160,179954256,171.62,9975041
1765903511282,5642.07,1140.52,244154368,196444160,179955792,171.62,9975041
1765903511383,5643.46,1141.39,244285440,196444160,180082480,171.74,9983912
1765903511483,5644.53,1142.21,244416512,196444160,180208656,171.86,9984583
1765903511584,5644.63,1142.36,243777536,196444160,180210192,171.86,9984583
1765903511685,5647.72,1144.23,244006912,196444160,180461408,172.10,9985934
1765903511785,5647.81,1144.28,244023296,196444160,180462944,172.10,9985934
1765903511886,5648.86,1145.09,244137984,196444160,180589408,172.22,9986613
1765903511987,5649.69,1145.63,243793920,196444160,180715760,172.34,9987286
1765903512088,5649.80,1145.70,240140288,196444160,180717296,172.35,9987286
1765903512189,5658.19,1147.44,220217344,196444160,180969472,172.59,9988638
1765903512290,5658.29,1147.50,157237248,196444160,180971008,172.59,9988638
1765903512391,5660.39,1148.84,149291008,196444160,181221928,172.83,9998182
1765903512492,5660.46,1148.90,149323776,196444160,181223464,172.83,9998182
1765903512594,5660.67,1148.99,149340160,196444160,181224976,172.83,9998182
1765903512695,5675.13,1151.37,150372352,196444160,181482728,173.08,9999533
1765903512796,5675.28,1151.43,150388736,196444160,181484264,173.08,9999533
1765903512896,5678.57,1153.65,150732800,196444160,181734768,173.32,10000885
1765903512997,5678.73,1153.72,150749184,196444160,181736304,173.32,10000885
1765903513099,5678.85,1153.77,150749184,196444160,181737816,173.32,10000885
1765903513200,5681.96,1156.17,151060480,196444160,181988392,173.56,10002236
1765903513301,5682.09,1156.27,151076864,196444160,181989928,173.56,10002236
1765903513402,5688.15,1158.45,151486464,196444160,182335528,173.89,10011779
1765903513503,5688.26,1158.49,151486464,196444160,182337064,173.89,10011779
1765903513604,5688.38,1158.58,151502848,196444160,182338576,173.89,10011779
1765903513706,5694.03,1166.48,109445120,197492736,176117904,167.96,10013130
1765903513807,5694.14,1166.53,109445120,197492736,176119440,167.96,10013130
1765903513908,5697.18,1168.15,109477888,197492736,176369936,168.20,9948946
1765903514009,5697.28,1168.19,109477888,197492736,176371472,168.20,9948946
1765903514110,5697.43,1168.25,109477888,197492736,176372984,168.20,9948946
1765903514211,5699.96,1170.30,109559808,197492736,176623456,168.44,9950296
1765903514312,5700.04,1170.33,109559808,197492736,176624992,168.44,9950296
1765903514413,5703.34,1172.40,109641728,197492736,176875808,168.68,9959839
1765903514514,5703.41,1172.43,109641728,197492736,176877344,168.68,9959839
1765903514615,5703.51,1172.49,109641728,197492736,176878856,168.68,9959839
1765903514716,5711.80,1174.86,109723648,197492736,177131800,168.93,9961190
1765903514817,5711.92,1174.91,109723648,197492736,177133336,168.93,9961190
1765903514918,5715.13,1176.98,109805568,197492736,177383816,169.17,9962541
1765903515020,5715.34,1177.04,109805568,197492736,177385352,169.17,9962541
1765903515121,5715.49,1177.13,109805568,197492736,177386864,169.17,9962541
1765903515222,5718.51,1179.07,109821952,197492736,177637344,169.41,9963892
1765903515323,5718.64,1179.13,109821952,197492736,177638880,169.41,9963892
1765903515424,5722.60,1181.16,109887488,197492736,177889944,169.65,9973435
1765903515525,5722.73,1181.21,109887488,197492736,177891480,169.65,9973435
1765903515626,5722.87,1181.28,109887488,197492736,177892992,169.65,9973435
1765903515727,5726.04,1183.48,109969408,197492736,178143480,169.89,9974786
1765903515828,5726.16,1183.56,109969408,197492736,178145016,169.89,9974786
1765903515929,5734.35,1185.85,110215168,197492736,178396272,170.13,9976137
1765903516030,5734.43,1185.90,110231552,197492736,178397808,170.13,9976137
1765903516132,5736.39,1187.18,110428160,197492736,178524016,170.25,9976816
1765903516233,5737.50,1188.08,110624768,197492736,178649864,170.37,9977489
1765903516334,5737.68,1188.16,110624768,197492736,178651400,170.38,9977489
1765903516436,5741.60,1190.23,110903296,197492736,178902408,170.61,9987032
1765903516537,5741.72,1190.29,110903296,197492736,178903944,170.62,9987032
1765903516637,5743.60,1191.46,111067136,197492736,179030144,170.74,9987711
1765903516738,5744.60,1192.42,111214592,197492736,179155992,170.86,9988384
1765903516839,5744.72,1192.49,111214592,197492736,179157528,170.86,9988384
1765903516940,5747.87,1194.52,111476736,197492736,179465808,171.15,9989736
1765903517041,5748.01,1194.58,111476736,197492736,179467344,171.15,9989736
1765903517141,5751.13,1196.80,111837184,197492736,179717808,171.39,9991087
1765903517242,5751.24,1196.85,111837184,197492736,179719344,171.39,9991087
1765903517343,5751.38,1196.92,111837184,197492736,179720856,171.40,9991087
1765903517443,5762.95,1199.34,112427008,197492736,179971720,171.63,10000631
1765903517544,5763.06,1199.40,112427008,197492736,179973256,171.64,10000631
1765903517645,5767.76,1201.34,112672768,197492736,180223176,171.87,10001983
1765903517746,5767.85,1201.39,112672768,197492736,180224712,171.88,10001983
1765903517847,5768.01,1201.47,112689152,197492736,180226224,171.88,10001983
1765903517948,5771.27,1203.68,112951296,197492736,180476056,172.12,10003335
1765903518049,5771.41,1203.75,112951296,197492736,180477592,172.12,10003335
1765903518150,5774.40,1205.90,113213440,197492736,180727440,172.36,10004686
1765903518251,5774.50,1205.94,113213440,197492736,180728976,172.36,10004686
1765903518352,5774.65,1206.00,113213440,197492736,180730488,172.36,10004686
1765903518453,5777.81,1207.79,113524736,197492736,180980560,172.60,10014228
1765903518554,5777.95,1207.85,113524736,197492736,180982096,172.60,10014228
1765903518655,5781.03,1209.54,113803264,197492736,181231944,172.84,10015579
1765903518756,5781.11,1209.57,113803264,197492736,181233480,172.84,10015579
1765903518857,5781.24,1209.63,113803264,197492736,181234992,172.84,10015579
1765903518957,5784.16,1210.95,114130944,197492736,181485016,173.08,10016930
1765903519059,5784.33,1211.03,109903872,197492736,181486552,173.08,10016930
1765903519160,5787.29,1212.77,109199360,197492736,181864168,173.44,10018282
1765903519261,5787.40,1212.82,109199360,197492736,181865704,173.44,10018282
1765903519362,5787.54,1212.89,108232704,197492736,181867216,173.44,10018282
1765903519463,5790.47,1214.49,94994432,197492736,182117552,173.68,10027825
1765903519564,5790.62,1214.57,91275264,197492736,182119080,173.68,10027825
1765903519665,5792.78,1216.01,91324416,197492736,182369152,173.92,10029176
1765903519766,5792.92,1216.07,91340800,197492736,182370680,173.92,10029176
1765903519867,5793.08,1216.16,91340800,197492736,182372184,173.92,10029176
1765903519968,5797.10,1218.33,91586560,197492736,182622048,174.16,10030527
1765903520069,5797.31,1218.42,90521600,197492736,182623576,174.16,10030527
1765903520170,5802.47,1222.79,88997888,198803456,177361424,169.15,9982726
1765903520271,5802.60,1222.83,88932352,198803456,177362952,169.15,9982726
1765903520372,5802.80,1222.97,88817664,198803456,177364456,169.15,9982726
1765903520473,5807.25,1224.70,88539136,198803456,177614512,169.39,9992270
1765903520573,5807.56,1224.84,88522752,198803456,177616040,169.39,9992270
1765903520674,5812.45,1227.23,88506368,198803456,177866072,169.63,9993622
1765903520775,5812.59,1227.29,88506368,198803456,177867600,169.63,9993622
1765903520877,5812.81,1227.44,88506368,198803456,177869104,169.63,9993622
1765903520978,5817.23,1229.99,88522752,198803456,178119064,169.87,9994973
1765903521079,5817.30,1230.03,88358912,198803456,178120592,169.87,9994973
1765903521180,5819.60,1231.76,88391680,198803456,178370528,170.11,9996324
1765903521281,5819.73,1231.81,88408064,198803456,178372056,170.11,9996324
1765903521381,5819.94,1231.91,88408064,198803456,178373560,170.11,9996324
1765903521482,5823.94,1234.19,88457216,198803456,178623784,170.35,10005868
1765903521583,5824.11,1234.33,88457216,198803456,178625312,170.35,10005868
1765903521683,5827.40,1236.81,88473600,198803456,178875224,170.59,10007219
1765903521783,5827.62,1236.92,88473600,198803456,178876752,170.59,10007219
1765903521883,5830.04,1238.38,88506368,198803456,179002592,170.71,10007898
1765903521984,5831.98,1239.74,88522752,198803456,179128080,170.83,10008569
1765903522085,5832.28,1239.88,88522752,198803456,179129608,170.83,10008569
1765903522185,5837.24,1242.10,88555520,198803456,179379432,171.07,10009920
1765903522286,5837.37,1242.16,88555520,198803456,179380960,171.07,10009920
1765903522386,5840.05,1243.88,88539136,198803456,179507016,171.19,10018791
1765903522487,5841.49,1244.81,88539136,198803456,179632528,171.31,10019463
1765903522587,5841.76,1244.93,88539136,198803456,179634056,171.31,10019463
1765903522688,5846.28,1247.49,88555520,198803456,179883904,171.55,10020815
1765903522789,5846.43,1247.56,88555520,198803456,179885432,171.55,10020815
1765903522892,5852.17,1250.21,88604672,198803456,180135192,171.79,10022166
1765903522993,5852.78,1250.41,88653824,198803456,180136776,171.79,10022166
1765903523094,5853.05,1250.55,88653824,198803456,180138280,171.79,10022166
1765903523196,5857.81,1253.35,88686592,198803456,180387864,172.03,10023518
1765903523297,5858.04,1253.45,88686592,198803456,180389392,172.03,10023518
1765903523400,5871.33,1256.13,88768512,198803456,180637824,172.27,10033061
1765903523501,5871.49,1256.19,88768512,198803456,180639352,172.27,10033061
1765903523602,5871.73,1256.30,88768512,198803456,180640856,172.27,10033061
1765903523703,5876.31,1259.22,88834048,198803456,180887944,172.51,10034413
1765903523804,5876.52,1259.32,88834048,198803456,180889472,172.51,10034413
1765903523904,5883.51,1262.10,88899584,198803456,181136744,172.75,10035764
1765903524005,5883.76,1262.19,88899584,198803456,181138272,172.75,10035764
1765903524106,5884.06,1262.32,88899584,198803456,181139776,172.75,10035764
1765903524207,5902.84,1265.77,89047040,198803456,181443728,173.04,10037116
1765903524308,5903.09,1265.88,89047040,198803456,181445256,173.04,10037116
1765903524527,6132.77,1349.63,258342912,248922112,217302408,207.24,10005027
1765903524627,6347.03,1362.68,279412736,259719168,228523144,217.94,9717697
1765903524727,6603.20,1374.69,283082752,262340608,226821832,216.31,9716345
1765903524827,6792.66,1380.43,287178752,264962048,239434912,228.34,9716369
1765903524928,6792.69,1380.46,287178752,264962048,239436448,228.34,9716369
1765903525029,6792.80,1380.51,287178752,264962048,239437960,228.35,9716369
1765903525130,6793.03,1380.64,287178752,264962048,239439472,228.35,9716369
1765903525231,6857.18,1393.05,312360960,289603584,259856280,247.82,9717227
1765903525331,6995.29,1399.36,322076672,299565056,263296616,251.10,9717263
1765903525432,6995.32,1399.39,322076672,299565056,263298152,251.10,9717263
1765903525533,6995.43,1399.44,322076672,299565056,263299664,251.10,9717263
1765903525634,6995.69,1399.58,322076672,299565056,263301176,251.10,9717263
1765903525736,6995.98,1399.72,322076672,299565056,263302688,251.11,9717263
1765903525837,6996.22,1399.85,322076672,299565056,263304200,251.11,9717263
1765903525938,6996.42,1399.99,322076672,299565056,263305712,251.11,9717263
1765903526039,6996.59,1400.07,322076672,299565056,263307224,251.11,9717263
1765903526141,6996.77,1400.14,322076672,299565056,263308736,251.11,9717263
1765903526242,6996.95,1400.22,322076672,299565056,263310248,251.11,9717263
1765903526343,6997.13,1400.30,322076672,299565056,263311760,251.11,9717263
1765903526444,6997.35,1400.41,322076672,299565056,263313272,251.12,9717263
1765903526545,6997.55,1400.51,322076672,299565056,263314784,251.12,9717263
1765903526646,6997.76,1400.62,322076672,299565056,263316296,251.12,9717263
1765903526747,6997.96,1400.70,322076672,299565056,263317808,251.12,9717263
1765903526848,6998.17,1400.79,322076672,299565056,263319320,251.12,9717263
1765903526949,6998.39,1400.88,322076672,299565056,263320832,251.12,9717263
1765903527050,6998.60,1400.97,322076672,299565056,263322344,251.12,9717263
1765903527150,6998.79,1401.07,322076672,299565056,263323856,251.13,9717263
1765903527251,6998.96,1401.15,322076672,299565056,263325368,251.13,9717263
1765903527352,6999.15,1401.23,322076672,299565056,263326880,251.13,9717263
1765903527453,6999.40,1401.35,322076672,299565056,263328392,251.13,9717263
1765903527554,6999.65,1401.48,322076672,299565056,263329904,251.13,9717263
1765903527655,6999.91,1401.59,322076672,299565056,263331640,251.13,9725455
1765903527756,7000.15,1401.71,322076672,299565056,263333176,251.13,9725455
1765903527857,7000.37,1401.81,322076672,299565056,263334688,251.14,9725455
1765903527958,7000.58,1401.92,322076672,299565056,263336200,251.14,9725455
1765903528059,7000.79,1402.02,322076672,299565056,263337712,251.14,9725455
1765903528160,7000.99,1402.12,322076672,299565056,263339224,251.14,9725455
1765903528261,7001.21,1402.21,322076672,299565056,263340736,251.14,9725455
1765903528362,7001.43,1402.31,322076672,299565056,263342248,251.14,9725455
1765903528463,7001.65,1402.41,322076672,299565056,263343760,251.14,9725455
1765903528563,7001.86,1402.50,322076672,299565056,263345272,251.15,9725455
1765903528664,7002.06,1402.61,322076672,299565056,263346784,251.15,9725455
1765903528765,7002.27,1402.70,322076672,299565056,263348296,251.15,9725455
1765903528866,7002.47,1402.80,322076672,299565056,263349808,251.15,9725455
1765903528967,7002.65,1402.88,322076672,299565056,263351320,251.15,9725455
1765903529068,7002.86,1402.96,322076672,299565056,263352832,251.15,9725455
1765903529169,7003.07,1403.07,322076672,299565056,263354344,251.15,9725455
1765903529270,7003.28,1403.17,322076672,299565056,263355856,251.16,9725455
1765903529371,7003.51,1403.31,322076672,299565056,263357368,251.16,9725455
1765903529472,7003.77,1403.47,322076672,299565056,263358880,251.16,9725455
1765903529573,7004.04,1403.63,322076672,299565056,263360392,251.16,9725455
1765903529674,7004.28,1403.78,322076672,299565056,263361904,251.16,9725455
1765903529775,7004.51,1403.91,322076672,299565056,263363416,251.16,9725455
1765903529876,7004.74,1404.07,322076672,299565056,263364928,251.16,9725455
1765903529977,7004.96,1404.21,322076672,299565056,263366440,251.17,9725455
1765903530078,7005.18,1404.34,322076672,299565056,263367952,251.17,9725455
1765903530179,7005.42,1404.51,322076672,299565056,263369464,251.17,9725455
1765903530281,7005.65,1404.65,322076672,299565056,263370976,251.17,9725455
1765903530382,7005.89,1404.79,322076672,299565056,263372488,251.17,9725455
1765903530483,7007.87,1404.96,322076672,299565056,263374000,251.17,9725455
1765903530584,7007.93,1404.99,322076672,299565056,263375512,251.17,9725455
1765903530685,7008.03,1405.03,322076672,299565056,263377024,251.18,9725455
1765903530786,7008.22,1405.18,322076672,299565056,263378536,251.18,9725455
1765903530887,7008.47,1405.33,322076672,299565056,263380048,251.18,9725455
1765903530988,7008.71,1405.48,322076672,299565056,263381560,251.18,9725455
1765903531089,7008.93,1405.70,322076672,299565056,263383072,251.18,9725455
1765903531190,7009.12,1405.86,322076672,299565056,263384584,251.18,9725455
1765903531291,7009.27,1405.93,322076672,299565056,263386096,251.18,9725455
1765903531392,7009.43,1406.00,322076672,299565056,263387608,251.19,9725455
1765903531493,7009.58,1406.10,322076672,299565056,263389120,251.19,9725455
1765903531594,7009.72,1406.19,322076672,299565056,263390632,251.19,9725455
1765903531695,7009.91,1406.27,322076672,299565056,263392144,251.19,9725455
1765903531795,7010.12,1406.38,322076672,299565056,263393656,251.19,9725455
1765903531896,7010.32,1406.99,322076672,299565056,263395168,251.19,9725455
1765903531997,7010.51,1407.34,322076672,299565056,263396680,251.19,9725455
1765903532098,7010.79,1407.61,322076672,299565056,263398192,251.20,9725455
1765903532199,7010.93,1407.68,322076672,299565056,263399704,251.20,9725455
1765903532300,7011.14,1407.79,322076672,299565056,263401216,251.20,9725455
1765903532401,7011.42,1407.95,322076672,299565056,263402728,251.20,9725455
1765903532502,7011.69,1408.13,322076672,299565056,263404240,251.20,9725455
1765903532603,7011.94,1408.28,322076672,299565056,263405752,251.20,9725455
1765903532704,7012.18,1408.39,322076672,299565056,263407432,251.20,9725455
1765903532803,7223.87,1417.54,322256896,216367104,169305928,161.46,9724537
1765903532905,7245.08,1430.30,239828992,216367104,169806976,161.94,9724537
1765903533006,7245.22,1430.38,239828992,216367104,169808488,161.94,9724537
1765903533107,7245.44,1430.50,239828992,216367104,169810000,161.94,9724537
1765903533208,7245.72,1430.67,239828992,216367104,169811512,161.94,9724537
1765903533309,7245.92,1430.78,239828992,216367104,169813024,161.95,9724537
1765903533442,7435.48,1440.99,243122176,177045504,168805800,160.99,9724537
1765903533544,7471.30,1447.90,201228288,177045504,169234256,161.39,9724537
1765903533645,7471.43,1447.98,201228288,177045504,169235768,161.40,9724537
1765903533745,7471.63,1448.08,201228288,177045504,169237280,161.40,9724537
1765903533846,7471.87,1448.21,201228288,177045504,169238792,161.40,9724537
1765903533948,7472.10,1448.36,201228288,177045504,169240304,161.40,9724537
1765903534048,7478.94,1448.74,201261056,177045504,169242600,161.40,9724537
1765903534149,7707.71,1458.51,201424896,176521216,169389000,161.54,9724537
1765903561209,1714.91,111.83,313671680,208764928,179534496,171.22,9692238
1765903561310,1715.02,111.94,313671680,208764928,179539048,171.22,9692294
1765903561410,1715.13,111.98,313622528,208764928,179541824,171.22,9692294
1765903561512,1715.23,112.04,273678336,208764928,179544568,171.23,9692294
1765903561613,1715.33,112.09,273661952,208764928,179546904,171.23,9692294
1765903561714,1715.44,112.14,273661952,208764928,179549240,171.23,9692294
1765903561815,1715.57,112.20,273661952,208764928,179551576,171.23,9692294
1765903561916,1715.85,112.27,273661952,208764928,179636128,171.31,9692294
1765903562018,1715.96,112.32,273678336,208764928,179638624,171.32,9692294
1765903562119,1716.25,112.37,273678336,208764928,179640992,171.32,9692294
1765903562220,1716.56,112.47,273694720,208764928,179643392,171.32,9692294
1765903562320,1717.13,112.61,273711104,208764928,179645688,171.32,9692294
1765903562421,1717.43,112.73,273711104,208764928,179647768,171.33,9692294
1765903562522,1717.69,112.82,273711104,208764928,179649848,171.33,9692294
1765903562623,1717.95,112.90,273711104,208764928,179651928,171.33,9692294
1765903562723,1718.57,112.99,273711104,208764928,179654040,171.33,9692294
1765903562824,1718.92,113.12,273711104,208764928,179656120,171.33,9692294
1765903562925,1719.18,113.22,273711104,208764928,179658200,171.34,9692294
1765903563026,1719.45,113.36,273711104,208764928,179660280,171.34,9692294
1765903563127,1719.74,113.50,273711104,208764928,179662360,171.34,9692294
1765903563228,1719.99,113.62,273711104,208764928,179664440,171.34,9692294
1765903563329,1720.26,113.71,273711104,208764928,179666520,171.34,9692294
1765903563431,1720.54,113.81,273711104,208764928,179668600,171.35,9692294
1765903563531,1720.79,113.89,273711104,208764928,179670680,171.35,9692294
1765903563632,1721.05,113.96,273711104,208764928,179672760,171.35,9692294
1765903563733,1721.31,114.09,273711104,208764928,179674840,171.35,9692294
1765903563834,1721.52,114.16,273711104,208764928,179676920,171.35,9692294
1765903563934,1721.74,114.24,273711104,208764928,179679000,171.36,9692294
1765903564035,1721.91,114.29,273711104,208764928,179681080,171.36,9692294
1765903564136,1722.13,114.41,273711104,208764928,179683160,171.36,9692294
1765903564238,1722.37,114.51,273711104,208764928,179685240,171.36,9692294
1765903564339,1722.61,114.62,273711104,208764928,179687320,171.36,9692294
1765903564441,1722.92,114.74,273711104,208764928,179689400,171.37,9692294
1765903564542,1723.21,114.90,273711104,208764928,179691480,171.37,9692294
1765903564643,1723.46,115.00,273711104,208764928,179693560,171.37,9692294
1765903564744,1723.70,115.10,273711104,208764928,179695640,171.37,9692294
1765903564845,1723.95,115.19,273711104,208764928,179697688,171.37,9692294
1765903564946,1724.18,115.28,273711104,208764928,179699816,171.38,9692294
1765903565047,1724.39,115.36,273711104,208764928,179701912,171.38,9692294
1765903565148,1724.70,115.49,273711104,208764928,179704008,171.38,9692294
1765903565249,1725.02,115.65,273711104,208764928,179706104,171.38,9692294
1765903565350,1725.31,115.81,273711104,208764928,179708200,171.38,9692294
1765903565450,1725.65,115.97,273711104,208764928,179710520,171.39,9700486
1765903565551,1725.92,116.14,273711104,208764928,179712640,171.39,9700486
1765903565652,1726.11,116.22,273711104,208764928,179714736,171.39,9700486
1765903565754,1726.34,116.33,273711104,208764928,179716832,171.39,9700486
1765903565854,1726.59,116.41,273711104,208764928,179718928,171.39,9700486
1765903565955,1726.81,116.50,273711104,208764928,179721024,171.40,9700486
1765903566056,1727.07,116.64,273711104,208764928,179723120,171.40,9700486
1765903566157,1727.36,116.80,273711104,208764928,179725216,171.40,9700486
1765903566258,1727.62,116.94,273711104,208764928,179727312,171.40,9700486
1765903566359,1727.79,117.02,273711104,208764928,179729408,171.40,9700486
1765903566460,1728.04,117.18,273711104,208764928,179731504,171.41,9700486
1765903566561,1728.34,117.33,273711104,208764928,179733600,171.41,9700486
1765903566662,1728.62,117.49,273711104,208764928,179735696,171.41,9700486
1765903566763,1728.90,117.63,273711104,208764928,179737792,171.41,9700486
1765903566865,1729.11,117.77,273711104,208764928,179739888,171.41,9700486
1765903566966,1729.22,117.81,273711104,208764928,179741984,171.42,9700486
1765903567067,1729.35,117.87,273711104,208764928,179744080,171.42,9700486
1765903567167,1729.50,117.93,273711104,208764928,179746176,171.42,9700486
1765903567269,1729.71,118.02,273711104,208764928,179748272,171.42,9700486
1765903567370,1729.96,118.15,273711104,208764928,179750368,171.42,9700486
1765903567472,1730.23,118.30,273711104,208764928,179752464,171.43,9700486
1765903567573,1730.46,118.42,273711104,208764928,179754560,171.43,9700486
1765903567674,1730.64,118.54,273711104,208764928,179756656,171.43,9700486
1765903567775,1730.85,118.66,273711104,208764928,179758752,171.43,9700486
1765903567877,1731.03,118.74,273711104,208764928,179760848,171.43,9700486
1765903567978,1731.24,118.86,273711104,208764928,179762944,171.44,9700486
1765903568079,1731.46,118.98,273711104,208764928,179765040,171.44,9700486
1765903568180,1731.67,119.11,273711104,208764928,179767136,171.44,9700486
1765903568281,1731.84,119.20,273711104,208764928,179769232,171.44,9700486
1765903568382,1732.00,119.28,273711104,208764928,179771328,171.44,9700486
1765903568483,1732.21,119.38,273711104,208764928,179773424,171.45,9700486
1765903568584,1732.44,119.51,273711104,208764928,179775520,171.45,9700486
1765903568685,1732.59,119.57,273711104,208764928,179777616,171.45,9700486
1765903568786,1732.77,119.71,273711104,208764928,179779712,171.45,9700486
1765903568887,1732.99,119.83,273711104,208764928,179781808,171.45,9700486
1765903568988,1733.19,119.93,273711104,208764928,179783904,171.46,9700486
1765903569089,1733.40,120.03,273711104,208764928,179786000,171.46,9700486
1765903569190,1733.62,120.16,273711104,208764928,179788096,171.46,9700486
1765903569291,1857.89,130.74,242597888,176259072,166742840,159.02,9697910
1765903569392,1858.03,130.79,242597888,176259072,166747544,159.02,9697910
1765903569493,1858.22,130.89,242597888,176259072,166749640,159.02,9697910
1765903569594,1858.47,131.01,242597888,176259072,166751736,159.03,9697910
1765903569696,1858.69,131.14,242597888,176259072,166753832,159.03,9697910
1765903569797,1858.90,131.26,242597888,176259072,166755928,159.03,9697910
1765903569898,2010.69,141.55,240599040,173113344,166688168,158.97,9697910
1765903569998,2010.81,141.60,240599040,173113344,166692760,158.97,9697910
1765903570100,2010.98,141.67,240599040,173113344,166694856,158.97,9697910
1765903570201,2011.20,141.78,240615424,173113344,166696952,158.97,9697910
1765903570302,2011.41,141.85,240615424,173113344,166699048,158.98,9697910
1765903570403,2011.67,141.99,240615424,173113344,166701144,158.98,9697910
1765903570503,2097.48,143.14,240648192,173113344,166717800,158.99,9697910
1765903570604,2248.12,151.50,240730112,172851200,166877888,159.15,9697910
1765903570705,2248.39,151.62,240730112,172851200,166888824,159.16,9697910
1765903570806,2248.54,151.69,240730112,172851200,166890920,159.16,9697910
1765903570907,2248.74,151.83,240730112,172851200,166893016,159.16,9697910
1765903571008,2248.95,151.94,240730112,172851200,166895112,159.16,9697910
1765903571109,2249.13,152.04,240746496,172851200,166897208,159.17,9697910
1765903571210,2249.31,152.14,240746496,172851200,166899304,159.17,9697910
1765903571311,2249.49,152.25,240746496,172851200,166901400,159.17,9697910
1765903571412,2249.61,152.29,240746496,172851200,166903496,159.17,9697910
1765903571512,2249.86,152.38,240746496,172851200,166905592,159.17,9697910
1765903571613,2250.10,152.54,240746496,172851200,166907688,159.18,9697910
1765903571714,2250.29,152.63,240746496,172851200,166909784,159.18,9697910
1765903571815,2250.48,152.75,240746496,172851200,166911880,159.18,9697910
1765903571916,2250.69,152.84,240762880,172851200,166913976,159.18,9697910
1765903572017,2250.92,152.96,240762880,172851200,166916072,159.18,9697910
1765903572118,2251.18,153.11,240762880,172851200,166918168,159.19,9697910
1765903572219,2251.42,153.22,240762880,172851200,166920264,159.19,9697910
1765903572319,2251.63,153.32,240762880,172851200,166922360,159.19,9697910
1765903572420,2251.87,153.43,240762880,172851200,166924456,159.19,9697910
1765903572521,2252.11,153.57,240762880,172851200,166926552,159.19,9697910
1765903572622,2252.29,153.70,240762880,172851200,166928648,159.20,9697910
1765903572723,2252.47,153.78,240779264,172851200,166930744,159.20,9697910
1765903572824,2252.70,153.88,240779264,172851200,166932840,159.20,9697910
1765903572925,2252.93,153.96,240779264,172851200,166934936,159.20,9697910
1765903573026,2253.17,154.05,240779264,172851200,166937032,159.20,9697910
1765903573127,2253.33,154.13,240779264,172851200,166939128,159.21,9697910
1765903573228,2253.55,154.21,240779264,172851200,166941224,159.21,9697910
1765903573329,2253.79,154.29,240779264,172851200,166943320,159.21,9697910
1765903573430,2254.04,154.40,240795648,172851200,166945416,159.21,9697910
1765903573530,2254.28,154.51,240795648,172851200,166947512,159.21,9697910
1765903573631,2254.51,154.59,240795648,172851200,166949608,159.22,9697910
1765903573732,2254.70,154.67,240795648,172851200,166951704,159.22,9697910
1765903573833,2254.91,154.74,240795648,172851200,166953800,159.22,9697910
1765903573933,2255.11,154.82,240795648,172851200,166955896,159.22,9697910
1765903574034,2255.32,154.89,240795648,172851200,166957992,159.22,9697910
1765903574135,2255.54,154.98,240795648,172851200,166960088,159.23,9697910
1765903574236,2255.79,155.10,240812032,172851200,166962184,159.23,9697910
1765903574337,2256.00,155.20,240812032,172851200,166964280,159.23,9697910
1765903574438,2256.22,155.28,240812032,172851200,166966376,159.23,9697910
1765903574539,2256.48,155.41,240812032,172851200,166968472,159.23,9697910
1765903574640,2256.71,155.53,240812032,172851200,166970568,159.24,9697910
1765903574741,2256.93,155.62,240812032,172851200,166972664,159.24,9697910
1765903574842,2257.19,155.70,240812032,172851200,166974760,159.24,9697910
1765903574943,2257.40,155.78,240812032,172851200,166976856,159.24,9697910
1765903575044,2257.63,155.91,240828416,172851200,166978952,159.24,9697910
1765903575145,2257.89,156.05,240828416,172851200,166981048,159.25,9697910
1765903575246,2258.18,156.14,240828416,172851200,166983144,159.25,9697910
1765903575347,2258.52,156.28,240828416,172851200,166985240,159.25,9697910
1765903575448,2258.86,156.46,240844800,172851200,166987560,159.25,9706102
1765903575549,2259.08,156.54,240844800,172851200,166989680,159.25,9706102
1765903575650,2259.26,156.61,240844800,172851200,166991776,159.26,9706102
1765903575751,2259.43,156.69,240844800,172851200,166993872,159.26,9706102
1765903575852,2259.62,156.79,240861184,172851200,166995968,159.26,9706102
1765903575953,2259.80,156.90,240861184,172851200,166998064,159.26,9706102
1765903576054,2260.01,157.02,240861184,172851200,167000160,159.26,9706102
1765903576155,2260.20,157.13,240861184,172851200,167002256,159.27,9706102
1765903576257,2260.38,157.25,240861184,172851200,167004352,159.27,9706102
1765903576358,2260.59,157.32,240861184,172851200,167006448,159.27,9706102
1765903576459,2260.85,157.43,240861184,172851200,167008544,159.27,9706102
1765903576560,2261.11,157.57,240861184,172851200,167010640,159.27,9706102
1765903576661,2261.32,157.69,240877568,172851200,167012736,159.28,9706102
1765903576762,2261.50,157.79,240877568,172851200,167014832,159.28,9706102
1765903576863,2261.72,157.91,240877568,172851200,167016928,159.28,9706102
1765903576964,2261.93,158.02,240877568,172851200,167019024,159.28,9706102
1765903577065,2262.15,158.15,240877568,172851200,167021120,159.28,9706102
1765903577166,2262.33,158.25,240877568,172851200,167023216,159.29,9706102
1765903577267,2262.50,158.37,240877568,172851200,167025312,159.29,9706102
1765903577368,2262.70,158.48,240893952,172851200,167027408,159.29,9706102
1765903577469,2262.94,158.61,240893952,172851200,167029504,159.29,9706102
1765903577570,2263.18,158.72,240893952,172851200,167031600,159.29,9706102
1765903577671,2263.42,158.86,240893952,172851200,167033696,159.30,9706102
1765903577772,2263.64,158.98,240893952,172851200,167035792,159.30,9706102
1765903577873,2263.89,159.07,240893952,172851200,167037888,159.30,9706102
1765903577974,2264.04,159.13,240893952,172851200,167039984,159.30,9706102
1765903578075,2264.22,159.23,240893952,172851200,167042080,159.30,9706102
1765903578176,2264.40,159.34,240910336,172851200,167044176,159.31,9706102
1765903578277,2264.58,159.42,240910336,172851200,167046272,159.31,9706102
1765903578378,2264.79,159.49,240910336,172851200,167048368,159.31,9706102
1765903578479,2265.00,159.58,240910336,172851200,167050464,159.31,9706102
1765903578580,2265.20,159.69,240910336,172851200,167052560,159.31,9706102
1765903578681,2265.36,159.76,240910336,172851200,167054656,159.32,9706102
1765903578782,2265.53,159.84,240910336,172851200,167056752,159.32,9706102
1765903578883,2265.72,159.91,240910336,172851200,167058848,159.32,9706102
1765903578983,2265.95,160.00,240926720,172851200,167060944,159.32,9706102
1765903579084,2266.22,160.11,240926720,172851200,167063040,159.32,9706102
1765903579185,2266.45,160.21,240926720,172851200,167065136,159.33,9706102
1765903579286,2266.65,160.29,240926720,172851200,167067232,159.33,9706102
1765903579387,2266.88,160.36,240926720,172851200,167069328,159.33,9706102
1765903579488,2267.10,160.45,240926720,172851200,167071424,159.33,9706102
1765903579589,2267.29,160.53,240926720,172851200,167073520,159.33,9706102
1765903579690,2267.45,160.60,240926720,172851200,167075616,159.34,9706102
1765903579791,2267.62,160.69,240943104,172851200,167077712,159.34,9706102
1765903579892,2267.80,160.76,240943104,172851200,167079808,159.34,9706102
1765903579993,2267.98,160.84,240943104,172851200,167081904,159.34,9706102
1765903580094,2268.19,160.90,240943104,172851200,167084000,159.34,9706102
1765903580195,2268.44,161.00,240943104,172851200,167086096,159.35,9706102
1765903580296,2268.67,161.09,240943104,172851200,167088192,159.35,9706102
1765903580397,2268.86,161.16,240943104,172851200,167090288,159.35,9706102
1765903580498,2269.09,161.27,240943104,172851200,167092384,159.35,9706102
1765903580599,2269.31,161.37,240959488,172851200,167094480,159.35,9706102
1765903580701,2269.53,161.44,240959488,172851200,167096576,159.36,9706102
1765903580801,2269.73,161.53,240959488,172851200,167098672,159.36,9706102
1765903580902,2269.91,161.60,240959488,172851200,167100768,159.36,9706102
1765903581003,2270.09,161.68,240959488,172851200,167102864,159.36,9706102
1765903581105,2270.31,161.76,240959488,172851200,167104960,159.36,9706102
1765903581206,2270.48,161.84,240959488,172851200,167107056,159.37,9706102
1765903581307,2270.63,161.92,240975872,172851200,167109152,159.37,9706102
1765903581408,2278.73,165.12,231194624,174161920,167086864,159.35,9707450
1765903581509,2278.81,165.16,231211008,174161920,167088984,159.35,9707450
1765903581616,2286.25,166.57,231358464,174161920,167280200,159.53,9716312
1765903581717,2290.27,167.55,231522304,174161920,167457232,159.70,9716989
1765903581818,2290.39,167.60,231522304,174161920,167459352,159.70,9716989
1765903581919,2301.04,170.19,230981632,173113344,167119760,159.38,9718336
1765903582020,2301.16,170.24,230981632,173113344,167121880,159.38,9718336
1765903582122,2306.17,171.54,230981632,173113344,167300688,159.55,9719006
1765903582223,2309.66,172.78,230981632,173375488,167679920,159.91,9719683
1765903582324,2309.92,172.87,230981632,173375488,167682040,159.91,9719683
1765903582425,2318.68,174.99,230981632,173375488,168036480,160.25,9721029
1765903582525,2318.84,175.03,230981632,173375488,168038600,160.25,9721029
1765903582625,2328.43,177.79,230293504,173375488,167672272,159.90,9722376
1765903582726,2328.67,177.86,230293504,173375488,167674392,159.91,9722376
1765903582827,2328.92,177.97,230293504,173375488,167676488,159.91,9722376
1765903582928,2337.26,180.82,230604800,173375488,168012440,160.23,9723722
1765903583029,2337.43,180.87,230604800,173375488,168014560,160.23,9723722
1765903583129,2345.67,183.61,230211584,173637632,167612488,159.85,9725068
1765903583230,2345.94,183.71,230227968,173637632,167614608,159.85,9725068
1765903583331,2346.27,183.85,230227968,173637632,167616704,159.85,9725068
1765903583432,2353.47,186.46,230555648,173637632,168102576,160.32,9726415
1765903583533,2353.73,186.57,230555648,173637632,168104696,160.32,9726415
1765903583634,2360.19,188.97,230866944,173637632,168426872,160.62,9735954
1765903583735,2360.37,189.03,230866944,173637632,168428992,160.63,9735954
1765903583836,2360.63,189.15,230866944,173637632,168431088,160.63,9735954
1765903583937,2369.07,192.32,230424576,173637632,168028664,160.24,9737303
1765903584038,2369.22,192.38,230424576,173637632,168030784,160.25,9737303
1765903584139,2375.81,194.59,230735872,173637632,168352536,160.55,9738652
1765903584240,2375.99,194.67,230735872,173637632,168354656,160.56,9738652
1765903584342,2376.31,194.82,230735872,173637632,168356752,160.56,9738652
1765903584443,2387.14,197.40,231079936,173637632,168678480,160.86,9740001
1765903584545,2387.42,197.53,231079936,173637632,168680600,160.87,9740001
1765903584646,2395.28,200.48,230522880,173637632,168197408,160.41,9741350
1765903584747,2395.42,200.54,230522880,173637632,168199528,160.41,9741350
1765903584848,2395.67,200.68,230522880,173637632,168201624,160.41,9741350
1765903584949,2402.07,203.47,230834176,173637632,168523200,160.72,9742699
1765903585050,2402.32,203.58,230834176,173637632,168525320,160.72,9742699
1765903585151,2413.68,206.48,230326272,173637632,168070136,160.28,9744048
1765903585252,2413.82,206.55,230342656,173637632,168072256,160.29,9744048
1765903585352,2414.09,206.66,230342656,173637632,168074352,160.29,9744048
1765903585453,2421.43,209.29,230653952,173637632,168395984,160.59,9745397
1765903585554,2421.58,209.35,230653952,173637632,168398104,160.60,9745397
1765903585655,2428.08,212.41,230981632,173637632,168719912,160.90,9754938
1765903585756,2428.22,212.46,230981632,173637632,168722032,160.91,9754938
1765903585863,2432.18,214.47,231145472,173637632,168884160,161.06,9755609
1765903585964,2436.68,215.82,231505920,174948352,168221176,160.43,9756287
1765903586065,2436.95,215.92,231505920,174948352,168223296,160.43,9756287
1765903586166,2443.37,218.60,231817216,174948352,168545512,160.74,9757636
1765903586267,2443.50,218.65,231817216,174948352,168547632,160.74,9757636
1765903586368,2446.70,219.93,231964672,174948352,168709752,160.89,9758307
1765903586470,2450.31,221.56,232144896,174948352,168871488,161.05,9758985
1765903586571,2450.55,221.68,232144896,174948352,168873608,161.05,9758985
1765903586672,2458.91,223.81,232488960,174948352,168409688,160.61,9768526
1765903586773,2459.03,223.88,232488960,174948352,168411808,160.61,9768526
1765903586873,2466.66,226.49,228966400,174948352,168736464,160.92,9761683
1765903586974,2466.77,226.54,228048896,174948352,168738584,160.92,9761683
1765903587075,2466.87,226.59,225148928,174948352,168740680,160.92,9761683
1765903587176,2474.40,228.47,225165312,174948352,169061528,161.23,9763032
1765903587277,2474.52,228.53,225165312,174948352,169063648,161.23,9763032
1765903587379,2484.32,231.37,223150080,174948352,168579488,160.77,9764381
1765903587480,2484.43,231.42,223019008,174948352,168581576,160.77,9764381
1765903587581,2484.55,231.46,223019008,174948352,168583640,160.77,9764381
1765903587682,2489.78,233.34,223019008,174948352,168903048,161.08,9773922
1765903587783,2489.92,233.38,223019008,174948352,168905136,161.08,9773922
1765903587883,2506.02,235.98,223428608,175210496,169487168,161.64,9775271
1765903587984,2506.22,236.05,223330304,175210496,169489208,161.64,9775271
1765903588086,2506.34,236.09,223330304,175210496,169491224,161.64,9775271
1765903588187,2514.17,238.48,223444992,175472640,169004448,161.18,9776620
1765903588288,2514.30,238.53,223444992,175472640,169006488,161.18,9776620
1765903588388,2520.06,240.79,223461376,175472640,169314512,161.47,9777969
1765903588489,2520.22,240.86,223461376,175472640,169316552,161.47,9777969
1765903588590,2520.48,240.96,223461376,175472640,169318568,161.47,9777969
1765903588691,2527.86,243.58,223559680,175472640,168849552,161.03,9787510
1765903588792,2528.10,243.67,223559680,175472640,168851592,161.03,9787510
1765903588893,2532.45,246.16,223559680,175472640,169159504,161.32,9780667
1765903588994,2532.58,246.20,223559680,175472640,169161544,161.33,9780667
1765903589095,2532.84,246.34,223576064,175472640,169163560,161.33,9780667
1765903589196,2542.37,248.70,223576064,175472640,169474896,161.62,9782016
1765903589297,2542.57,248.78,223576064,175472640,169476936,161.63,9782016
1765903589398,2552.69,251.58,223805440,177831936,168962648,161.14,9783365
1765903589499,2552.81,251.62,223805440,177831936,168964688,161.14,9783365
1765903589600,2552.95,251.69,223805440,177831936,168966704,161.14,9783365
1765903589701,2567.00,253.88,223952896,177831936,169268264,161.43,9792906
1765903589802,2567.21,253.94,223952896,177831936,169270304,161.43,9792906
1765903589903,2572.89,256.25,223952896,177831936,169569208,161.71,9794255
1765903590004,2573.02,256.30,223952896,177831936,169571248,161.72,9794255
1765903590112,2579.13,257.69,223969280,177831936,169722000,161.86,9794926
1765903590213,2586.86,258.86,223969280,177831936,169873008,162.00,9795604
1765903590314,2586.97,258.90,223969280,177831936,169875048,162.01,9795604
1765903590415,2599.46,261.40,224280576,177831936,170174680,162.29,9796953
1765903590516,2599.57,261.44,224280576,177831936,170176720,162.29,9796953
1765903590617,2608.22,262.59,224428032,177831936,170327280,162.44,9805816
1765903590718,2634.86,263.85,225083392,178094080,170681272,162.77,9806494
1765903590819,2635.04,263.93,225083392,178094080,170683312,162.78,9806494
1765903590920,2640.90,266.48,225361920,178094080,170981472,163.06,9807843
1765903591021,2641.03,266.53,225378304,178094080,170983512,163.06,9807843
1765903591124,2647.60,268.75,225624064,178094080,169627352,161.77,9801000
1765903591225,2648.15,268.87,225640448,178094080,169630000,161.77,9801000
1765903591326,2648.43,268.97,225640448,178094080,169632016,161.77,9801000
1765903591427,2654.13,272.81,224329728,178094080,169930104,162.06,9802349
1765903591528,2654.26,272.86,224329728,178094080,169932144,162.06,9802349
1765903591636,2665.28,274.06,224362496,178094080,170083184,162.20,9811211
1765903591737,2680.44,275.26,224428032,178094080,170234824,162.35,9811889
1765903591838,2680.63,275.34,224428032,178094080,170236864,162.35,9811889
1765903591939,2686.61,278.29,224772096,178094080,170533000,162.63,9813238
1765903592040,2686.82,278.40,224772096,178094080,170535040,162.63,9813238
1765903592141,2692.41,281.02,225067008,178094080,170831416,162.92,9814587
1765903592242,2692.55,281.10,225067008,178094080,170833456,162.92,9814587
1765903592343,2692.79,281.22,225067008,178094080,170835472,162.92,9814587
1765903592444,2708.67,283.64,225394688,178094080,171140640,163.21,9815936
1765903592546,2708.91,283.76,225394688,178094080,171142680,163.21,9815936
1765903592647,2719.42,286.69,225738752,178618368,169883944,162.01,9809090
1765903592748,2719.58,286.75,225738752,178618368,169885984,162.02,9809090
1765903592849,2719.86,286.86,225738752,178618368,169888000,162.02,9809090
1765903592950,2724.45,288.56,225755136,178618368,170178664,162.30,9810439
1765903593051,2724.71,288.67,225755136,178618368,170180712,162.30,9810439
1765903593152,2729.52,290.79,225771520,178618368,170475736,162.58,9811788
1765903593253,2729.66,290.85,225771520,178618368,170477776,162.58,9811788
1765903593356,2729.90,291.02,225771520,178618368,170479792,162.58,9811788
1765903593456,2735.25,293.27,225771520,178618368,170770472,162.86,9813137
1765903593558,2735.48,293.36,225771520,178618368,170772512,162.86,9813137
1765903593659,2747.75,295.82,225804288,178618368,171067656,163.14,9822678
1765903593760,2747.88,295.87,225804288,178618368,171069696,163.14,9822678
1765903593861,2751.52,297.29,225804288,178618368,171213784,163.28,9823349
1765903593962,2762.62,298.46,225804288,178618368,171501496,163.56,9824027
1765903594063,2762.86,298.56,225804288,178618368,171503536,163.56,9824027
1765903594164,2771.55,300.89,226033664,178618368,170257752,162.37,9817183
1765903594265,2771.78,300.97,226033664,178618368,170259792,162.37,9817183
1765903594365,2774.92,302.36,226033664,178618368,170403960,162.51,9817854
1765903594466,2777.08,303.29,226033664,178618368,170547488,162.65,9818532
1765903594567,2777.33,303.39,226033664,178618368,170549528,162.65,9818532
1765903594668,2782.64,305.75,226033664,178618368,170835512,162.92,9828073
1765903594769,2782.86,305.84,226033664,178618368,170837552,162.92,9828073
1765903594872,2786.06,307.42,226033664,178618368,170981688,163.06,9828744
1765903594973,2790.13,308.42,226050048,178618368,171125800,163.20,9829422
1765903595074,2790.33,308.52,226050048,178618368,171127840,163.20,9829422
1765903595175,2800.84,310.35,226082816,178618368,171415120,163.47,9830770
1765903595276,2800.95,310.40,226082816,178618368,171417160,163.48,9830770
1765903595377,2806.22,312.51,226082816,178618368,171702112,163.75,9832118
1765903595478,2806.43,312.58,226082816,178618368,171704152,163.75,9832118
1765903595579,2806.61,312.66,226082816,178618368,171706168,163.75,9832118
1765903595680,2809.68,314.64,226377728,179404800,170436640,162.54,9825275
1765903595781,2809.80,314.69,226377728,179404800,170438680,162.54,9825275
1765903595882,2813.51,316.62,226394112,179404800,170723656,162.81,9826624
1765903595983,2813.65,316.67,226394112,179404800,170725696,162.82,9826624
1765903596085,2813.81,316.74,226394112,179404800,170727712,162.82,9826624
1765903596186,2816.25,317.92,226394112,179404800,171013024,163.09,9827973
1765903596287,2816.36,317.96,226394112,179404800,171015064,163.09,9827973
1765903596388,2819.12,319.61,226394112,179404800,171300096,163.36,9829322
1765903596489,2819.23,319.65,226394112,179404800,171302136,163.37,9829322
1765903596591,2819.40,319.73,226394112,179404800,171304152,163.37,9829322
1765903596692,2826.21,322.42,226410496,179404800,171589808,163.64,9838866
1765903596793,2826.32,322.47,226410496,179404800,171591848,163.64,9838866
1765903596894,2828.54,323.72,226410496,179404800,171875168,163.91,9840217
1765903596995,2828.62,323.78,226410496,179404800,171877208,163.91,9840217
1765903597096,2828.73,323.82,226410496,179404800,171879224,163.92,9840217
1765903597196,2839.98,326.57,226623488,179404800,170651360,162.75,9833374
1765903597298,2840.10,326.61,226623488,179404800,170653400,162.75,9833374
1765903597399,2843.12,328.05,226623488,179404800,170934248,163.02,9834724
1765903597500,2843.24,328.11,226623488,179404800,170936288,163.02,9834724
1765903597601,2843.39,328.16,226623488,179404800,170938304,163.02,9834724
1765903597702,2850.00,330.49,226623488,179404800,171219856,163.29,9844265
1765903597803,2850.15,330.54,226623488,179404800,171221896,163.29,9844265
1765903597903,2855.31,333.07,226639872,179404800,171502952,163.56,9845614
1765903598004,2855.44,333.11,226639872,179404800,171504992,163.56,9845614
1765903598106,2855.67,333.25,226639872,179404800,171507008,163.56,9845614
1765903598207,2864.86,335.85,226639872,179404800,171788008,163.83,9846964
1765903598308,2865.10,335.94,226639872,179404800,171790048,163.83,9846964
1765903598411,2872.55,339.05,226689024,179404800,172070992,164.10,9848313
1765903598512,2872.69,339.10,226689024,179404800,172073032,164.10,9848313
1765903598612,2875.71,340.43,226689024,179404800,172214920,164.24,9857178
1765903598713,2879.68,341.91,227164160,183599104,170808016,162.90,9857856
1765903598814,2879.88,341.99,227164160,183599104,170810056,162.90,9857856
1765903598915,2885.12,344.50,227164160,183599104,171229296,163.30,9842822
1765903599016,2885.25,344.55,227164160,183599104,171231336,163.30,9842822
1765903599119,2887.97,345.81,227180544,183599104,171373072,163.43,9843493
1765903599220,2890.06,346.52,227180544,183599104,171514184,163.57,9844171
1765903599321,2890.28,346.61,227180544,183599104,171516224,163.57,9844171
1765903599422,2895.62,349.13,227180544,183599104,171797080,163.84,9845520
1765903599523,2895.74,349.18,227180544,183599104,171799120,163.84,9845520
1765903599625,2900.78,351.47,227196928,183599104,172080096,164.11,9855060
1765903599726,2903.36,351.59,227196928,183599104,172082280,164.11,9855060
1765903599827,2903.59,351.70,227196928,183599104,172084296,164.11,9855060
1765903599928,2908.63,354.05,227196928,183599104,172365120,164.38,9856409
1765903600029,2908.76,354.10,227196928,183599104,172367160,164.38,9856409
1765903600129,2914.74,356.11,227196928,183599104,172648104,164.65,9857758
1765903600230,2914.98,356.18,227196928,183599104,172650144,164.65,9857758
1765903600331,2915.23,356.28,227196928,183599104,172652160,164.65,9857758
1765903600432,2920.70,359.19,227491840,183599104,172932976,164.92,9859107
1765903600533,2920.84,359.23,227491840,183599104,172935016,164.92,9859107
1765903600636,2925.48,361.60,227753984,183599104,173216008,165.19,9868648
1765903600737,2925.63,361.67,227753984,183599104,173218048,165.19,9868648
1765903600838,2925.82,361.77,227753984,183599104,173220064,165.20,9868648
1765903600939,2931.22,364.71,228048896,183599104,173500920,165.46,9869997
1765903601040,2931.35,364.76,228048896,183599104,173502960,165.47,9869997
1765903601141,2936.54,367.22,228327424,183599104,173783784,165.73,9871346
1765903601242,2936.67,367.29,228343808,183599104,173785824,165.74,9871346
1765903601343,2936.88,367.37,228343808,183599104,173787840,165.74,9871346
1765903601444,2942.03,369.81,228605952,183599104,174068672,166.00,9872695
1765903601545,2942.15,369.87,228605952,183599104,174070712,166.01,9872695
1765903601645,2952.35,374.28,224919552,184123392,171489464,163.55,9857660
1765903601746,2952.47,374.32,224919552,184123392,171491504,163.55,9857660
1765903601846,2952.65,374.40,224919552,184123392,171493520,163.55,9857660
1765903601948,2959.37,376.60,224919552,184123392,171774312,163.82,9859009
1765903602049,2959.50,376.64,224919552,184123392,171776352,163.82,9859009
1765903602150,2981.20,378.86,224935936,184123392,172057616,164.09,9860357
1765903602251,2981.34,378.91,224935936,184123392,172059656,164.09,9860357
1765903602352,2981.53,378.99,224935936,184123392,172061672,164.09,9860357
1765903602453,2987.63,381.63,224935936,184123392,172341672,164.36,9861706
1765903602554,2987.75,381.67,224935936,184123392,172343712,164.36,9861706
1765903602655,2992.95,384.17,225034240,184123392,172765944,164.76,9871247
1765903602756,2993.07,384.22,225034240,184123392,172767984,164.76,9871247
1765903602861,2996.01,385.45,225034240,184123392,172909224,164.90,9871918
1765903602962,2998.08,386.31,225067008,184123392,173049928,165.03,9872596
1765903603063,2998.30,386.40,225067008,184123392,173051968,165.04,9872596
1765903603164,3015.82,388.86,225361920,184123392,173347224,165.32,9873945
1765903603265,3015.93,388.90,225361920,184123392,173349264,165.32,9873945
1765903603365,3018.97,390.47,225492992,184123392,173484320,165.45,9874616
1765903603466,3021.16,391.46,225640448,184123392,173618848,165.58,9875294
1765903603567,3021.35,391.53,225640448,184123392,173620888,165.58,9875294
1765903603668,3026.41,394.02,225918976,184123392,173888760,165.83,9884834
1765903603769,3026.54,394.06,225918976,184123392,173890800,165.84,9884834
1765903603872,3031.70,396.85,226164736,184123392,174158240,166.09,9886183
1765903603973,3032.61,396.93,226181120,184123392,174160856,166.09,9886183
1765903604074,3032.74,396.97,226181120,184123392,174162872,166.09,9886183
1765903604176,3037.75,399.46,226443264,184123392,174430336,166.35,9887532
1765903604277,3037.89,399.51,226443264,184123392,174432376,166.35,9887532
1765903604378,3043.08,402.02,226705408,184123392,174699792,166.61,9888880
1765903604479,3043.30,402.08,226705408,184123392,174701832,166.61,9888880
1765903604580,3043.50,402.17,226705408,184123392,174703848,166.61,9888880
1765903604681,3048.20,404.46,226983936,184123392,174971592,166.87,9898421
1765903604782,3048.38,404.52,226983936,184123392,174973632,166.87,9898421
1765903604884,3058.23,407.47,227508224,184647680,172105344,164.13,9875194
1765903604984,3059.12,407.66,227508224,184647680,172107384,164.13,9875194
1765903605085,3059.33,407.73,227508224,184647680,172109400,164.14,9875194
1765903605186,3064.12,409.82,227508224,184647680,172376952,164.39,9876543
1765903605287,3064.32,409.92,227508224,184647680,172378992,164.39,9876543
1765903605387,3071.61,412.51,227524608,184647680,172646808,164.65,9877892
1765903605489,3071.77,412.56,227524608,184647680,172648848,164.65,9877892
1765903605590,3071.97,412.65,227524608,184647680,172650864,164.65,9877892
1765903605691,3076.34,414.35,227524608,184647680,172917888,164.91,9887433
1765903605792,3076.48,414.39,227524608,184647680,172919928,164.91,9887433
1765903605894,3081.36,416.65,227524608,184647680,173186944,165.16,9888782
1765903605995,3081.49,416.73,227524608,184647680,173188984,165.17,9888782
1765903606096,3081.71,416.83,227524608,184647680,173191000,165.17,9888782
1765903606197,3086.81,419.36,227557376,184647680,173701752,165.65,9890131
1765903606299,3086.90,419.40,227557376,184647680,173703792,165.66,9890131
1765903606400,3093.95,421.46,227573760,184647680,173970920,165.91,9891481
1765903606501,3094.05,421.50,227573760,184647680,173972960,165.91,9891481
1765903606601,3094.24,421.59,227573760,184647680,173974976,165.92,9891481
1765903606703,3100.74,423.51,227573760,184647680,174242168,166.17,9901024
1765903606804,3100.93,423.57,227573760,184647680,174244208,166.17,9901024
1765903606905,3127.95,426.04,227606528,184647680,174511664,166.43,9902375
1765903607006,3128.06,426.09,227606528,184647680,174513704,166.43,9902375
1765903607112,3131.20,427.65,227622912,184647680,174647840,166.56,9903047
1765903607214,3149.01,428.95,227655680,184647680,174783352,166.69,9903726
1765903607315,3149.22,429.04,227655680,184647680,174785392,166.69,9903726
1765903607416,3156.48,431.59,227672064,184647680,175061552,166.95,9905077
1765903607517,3156.60,431.63,227672064,184647680,175063592,166.95,9905077
1765903607620,3161.48,434.14,227753984,184647680,175330360,167.21,9914619
1765903607721,3161.66,434.22,227753984,184647680,175332400,167.21,9914619
1765903607822,3161.88,434.30,227753984,184647680,175334416,167.21,9914619
1765903607923,3170.67,437.67,228392960,185696256,172808000,164.80,9891394
1765903608024,3170.81,437.71,228392960,185696256,172810040,164.80,9891394
1765903608123,3175.25,439.78,228392960,185696256,173076640,165.06,9892745
1765903608225,3175.43,439.85,228392960,185696256,173078680,165.06,9892745
1765903608326,3175.65,439.95,228392960,185696256,173080696,165.06,9892745
1765903608427,3180.72,442.51,228392960,185696256,173347384,165.32,9894095
1765903608528,3180.85,442.56,228392960,185696256,173349424,165.32,9894095
1765903608628,3188.78,444.42,228409344,185696256,173617224,165.57,9903638
1765903608729,3188.99,444.49,228409344,185696256,173619264,165.58,9903638
1765903608830,3189.21,444.59,228409344,185696256,173621280,165.58,9903638
1765903608930,3194.14,446.87,228425728,185696256,173888016,165.83,9904988
1765903609032,3194.34,446.96,228425728,185696256,173890056,165.83,9904988
1765903609133,3199.02,449.39,228442112,185696256,174156600,166.09,9906339
1765903609234,3199.18,449.46,228442112,185696256,174158640,166.09,9906339
1765903609335,3199.43,449.56,228442112,185696256,174160656,166.09,9906339
1765903609436,3204.51,452.24,228442112,185696256,174427264,166.35,9907690
1765903609537,3204.67,452.30,228442112,185696256,174429304,166.35,9907690
1765903609638,3213.70,454.32,228474880,185696256,174696888,166.60,9917233
1765903609739,3213.84,454.37,228474880,185696256,174698928,166.61,9917233
1765903609840,3214.05,454.46,228474880,185696256,174700984,166.61,9917233
1765903609941,3219.07,457.30,228491264,185696256,174967240,166.86,9918584
1765903610042,3219.28,457.38,228491264,185696256,174969280,166.86,9918584
1765903610143,3225.82,459.30,228491264,185696256,175236544,167.12,9919934
1765903610244,3225.92,459.35,228491264,185696256,175238584,167.12,9919934
1765903610345,3226.11,459.43,228491264,185696256,175240600,167.12,9919934
1765903610446,3232.22,461.90,228507648,185696256,175507416,167.38,9921285
1765903610547,3232.44,462.00,228507648,185696256,175509456,167.38,9921285
1765903610648,3239.88,464.41,228933632,185696256,173055288,165.04,9930828
1765903610749,3240.02,464.45,228933632,185696256,173057328,165.04,9930828
1765903610850,3240.18,464.53,228933632,185696256,173059344,165.04,9930828
1765903610951,3248.69,466.86,228933632,185696256,173325848,165.30,9907603
1765903611053,3248.88,466.93,228933632,185696256,173327888,165.30,9907603
1765903611153,3253.27,469.07,228950016,185696256,173594144,165.55,9908954
1765903611254,3253.37,469.15,228950016,185696256,173596184,165.55,9908954
1765903611356,3253.56,469.24,228950016,185696256,173598200,165.56,9908954
1765903611457,3259.20,471.23,228966400,185696256,173864512,165.81,9910304
1765903611558,3259.40,471.32,228966400,185696256,173866552,165.81,9910304
1765903611659,3266.46,473.51,228982784,185696256,174133232,166.07,9919847
1765903611760,3266.59,473.56,228982784,185696256,174135272,166.07,9919847
1765903611863,3269.63,475.28,228982784,185696256,174269640,166.20,9920519
1765903611964,3272.30,476.12,228982784,185696256,174403456,166.32,9921198
1765903612065,3272.49,476.20,228982784,185696256,174405496,166.33,9921198
1765903612166,3276.53,477.82,228982784,185696256,174671728,166.58,9922549
1765903612267,3276.65,477.87,228982784,185696256,174673768,166.58,9922549
1765903612370,3279.72,479.58,228999168,185696256,174808192,166.71,9923222
1765903612471,3282.66,480.47,228999168,185696256,174942032,166.84,9923901
1765903612572,3282.87,480.57,228999168,185696256,174944072,166.84,9923901
1765903612673,3289.91,483.22,229015552,185696256,175211256,167.09,9933445
1765903612775,3290.02,483.26,229015552,185696256,175213296,167.10,9933445
1765903612875,3293.88,483.99,229015552,185696256,175347736,167.22,9934120
1765903612976,3302.32,485.22,229048320,185696256,175481552,167.35,9934799
1765903613077,3302.53,485.31,229048320,185696256,175483592,167.35,9934799
1765903613178,3309.84,487.25,229064704,185696256,175748152,167.61,9936150
1765903613279,3310.03,487.31,229064704,185696256,175750192,167.61,9936150
1765903613380,3314.76,489.42,229064704,185696256,176013736,167.86,9937501
1765903613481,3314.96,489.50,229064704,185696256,176015776,167.86,9937501
1765903613582,3315.17,489.60,229064704,185696256,176017792,167.86,9937501
1765903613683,3325.36,491.41,229081088,185696256,176401288,168.23,9947044
1765903613784,3325.52,491.47,229081088,185696256,176403328,168.23,9947044
1765903613885,3330.28,493.97,229228544,185696256,176666880,168.48,9948395
1765903613986,3330.49,494.06,229244928,185696256,176668920,168.48,9948395
1765903614087,3330.68,494.16,229244928,185696256,176670936,168.49,9948395
1765903614188,3338.43,496.92,229818368,186220544,173789512,165.74,9949747
1765903614289,3338.62,497.02,229818368,186220544,173791552,165.74,9949747
1765903614390,3343.40,499.46,229818368,186220544,174055096,165.99,9926522
1765903614491,3343.56,499.54,229818368,186220544,174057136,165.99,9926522
1765903614592,3343.78,499.64,229818368,186220544,174059152,166.00,9926522
1765903614693,3348.49,501.96,229834752,186220544,174322992,166.25,9936066
1765903614794,3348.68,502.03,229834752,186220544,174325032,166.25,9936066
1765903614895,3362.86,504.15,229834752,186220544,174592232,166.50,9937417
1765903614996,3362.96,504.19,229834752,186220544,174594272,166.51,9937417
1765903615097,3363.16,504.28,229834752,186220544,174596288,166.51,9937417
1765903615198,3368.26,506.56,229851136,186220544,174859384,166.76,9938767
1765903615299,3368.45,506.68,229851136,186220544,174861424,166.76,9938767
1765903615400,3375.96,509.12,229851136,186220544,175124888,167.01,9940118
1765903615501,3376.09,509.17,229851136,186220544,175126928,167.01,9940118
1765903615602,3376.28,509.27,229851136,186220544,175128944,167.02,9940118
1765903615704,3385.72,511.73,229867520,186220544,175392664,167.27,9949661
1765903615805,3385.91,511.80,229867520,186220544,175394704,167.27,9949661
1765903615906,3392.16,514.28,229867520,186220544,175657720,167.52,9951012
1765903616007,3392.29,514.32,229867520,186220544,175659760,167.52,9951012
1765903616112,3395.10,515.69,229867520,186220544,175792480,167.65,9951684
1765903616213,3397.16,516.66,229883904,186220544,175924624,167.77,9952363
1765903616314,3397.46,516.82,229883904,186220544,175926664,167.78,9952363
1765903616415,3403.31,519.04,229883904,186220544,176189552,168.03,9953715
1765903616516,3403.42,519.09,229883904,186220544,176191592,168.03,9953715
1765903616617,3405.91,520.29,229883904,186220544,176324656,168.16,9962579
1765903616718,3408.03,521.28,229900288,186220544,176456800,168.28,9963258
1765903616819,3408.25,521.39,229900288,186220544,176458840,168.28,9963258
1765903616920,3412.89,523.76,229916672,186220544,176721848,168.54,9964609
1765903617022,3413.08,523.82,229916672,186220544,176723888,168.54,9964609
1765903617121,3417.86,526.14,229916672,186220544,176986792,168.79,9965960
1765903617223,3418.03,526.23,229916672,186220544,176988832,168.79,9965960
1765903617324,3418.26,526.34,229916672,186220544,176990848,168.79,9965960
1765903617425,3426.23,529.89,230965248,195133440,174222784,166.15,9967311
1765903617526,3426.44,529.98,230965248,195133440,174224824,166.15,9967311
1765903617627,3434.51,532.79,230981632,195133440,174487960,166.40,9952277
1765903617729,3441.30,533.33,230998016,195133440,174491032,166.41,9952277
1765903617830,3441.56,533.47,230998016,195133440,174493048,166.41,9952277
1765903617931,3448.33,535.86,230998016,195133440,174768400,166.67,9953629
1765903618032,3448.52,535.93,230998016,195133440,174770440,166.67,9953629
1765903618133,3453.12,538.14,230998016,195133440,175031336,166.92,9954980
1765903618233,3453.31,538.21,230998016,195133440,175033376,166.92,9954980
1765903618333,3453.54,538.29,230998016,195133440,175035392,166.93,9954980
1765903618434,3458.33,540.95,230998016,195133440,175296280,167.18,9956332
1765903618535,3458.53,541.03,230998016,195133440,175298320,167.18,9956332
1765903618635,3462.97,543.11,230998016,195133440,175673064,167.53,9965875
1765903618736,3463.12,543.16,230998016,195133440,175675104,167.54,9965875
1765903618837,3463.34,543.27,230998016,195133440,175677120,167.54,9965875
1765903618938,3467.92,545.64,230998016,195133440,175938008,167.79,9967227
1765903619039,3468.10,545.70,230998016,195133440,175940048,167.79,9967227
1765903619139,3474.03,547.88,231014400,195133440,176201704,168.04,9968578
1765903619240,3474.14,547.92,231014400,195133440,176203744,168.04,9968578
1765903619341,3474.35,548.02,231014400,195133440,176205760,168.04,9968578
1765903619442,3482.45,550.14,231030784,195133440,176466576,168.29,9969929
1765903619542,3482.63,550.21,231030784,195133440,176468616,168.29,9969929
1765903619643,3487.30,552.50,231030784,195133440,176729096,168.54,9979472
1765903619744,3487.42,552.56,231030784,195133440,176731136,168.54,9979472
1765903619845,3487.61,552.66,231030784,195133440,176733152,168.55,9979472
1765903619946,3492.32,555.32,231063552,195133440,176993392,168.79,9980824
1765903620046,3492.51,555.41,231063552,195133440,176995432,168.80,9980824
1765903620147,3497.27,558.04,231063552,195133440,177270512,169.06,9982176
1765903620248,3497.41,558.09,231063552,195133440,177272552,169.06,9982176
1765903620349,3497.59,558.18,231063552,195133440,177274568,169.06,9982176
1765903620450,3502.27,560.74,231063552,195133440,177534824,169.31,9983527
1765903620551,3502.49,560.84,231063552,195133440,177536864,169.31,9983527
1765903620652,3510.91,562.55,231079936,195133440,177797520,169.56,9993071
1765903620753,3511.04,562.59,231079936,195133440,177799560,169.56,9993071
1765903620855,3511.26,562.72,231079936,195133440,177801576,169.56,9993071
1765903620956,3515.29,564.68,231276544,195133440,178061616,169.81,9994422
1765903621057,3515.50,564.79,231276544,195133440,178063656,169.81,9994422
1765903621158,3520.37,566.74,231571456,195133440,178342448,170.08,9995779
1765903621259,3520.50,566.80,231587840,195133440,178344488,170.08,9995779
1765903621362,3523.37,568.38,231718912,195133440,178475840,170.21,9996451
1765903621463,3525.48,569.29,231849984,195133440,178606568,170.33,9997130
1765903621564,3525.69,569.39,231849984,195133440,178608608,170.33,9997130
1765903621665,3530.47,572.20,232095744,195133440,178869128,170.58,10006674
1765903621766,3530.67,572.29,232095744,195133440,178871168,170.58,10006674
1765903621870,3535.49,575.10,232357888,195133440,179131184,170.83,10008026
1765903621971,3535.64,575.17,232374272,195133440,179133224,170.83,10008026
1765903622072,3535.77,575.21,232374272,195133440,179135240,170.84,10008026
1765903622172,3540.64,578.13,232636416,195133440,179395392,171.08,10009378
1765903622274,3540.76,578.19,232636416,195133440,179397432,171.09,10009378
1765903622374,3545.48,580.80,232882176,195133440,179657496,171.33,10010730
1765903622475,3545.65,580.88,232882176,195133440,179659536,171.34,10010730
1765903622576,3545.86,580.99,232882176,195133440,179661552,171.34,10010730
1765903622677,3555.52,583.96,233144320,195133440,179923080,171.59,10020273
1765903622778,3555.72,584.05,233144320,195133440,179925120,171.59,10020273
1765903622878,3571.65,586.40,233390080,195133440,180185072,171.84,10021624
1765903622979,3582.54,587.29,233422848,195395584,180446744,172.09,10021624
1765903623080,3582.76,587.39,233439232,195395584,180448760,172.09,10021624
1765903623181,3616.65,589.92,233766912,195657728,180916456,172.54,10022976
1765903623282,3616.77,589.96,233766912,195657728,180918496,172.54,10022976
1765903623383,3621.21,592.35,234012672,195657728,181173512,172.78,10024328
1765903623484,3621.41,592.41,234012672,195657728,181175552,172.78,10024328
1765903623585,3621.59,592.51,234012672,195657728,181177568,172.78,10024328
1765903623686,3626.07,594.78,234258432,195657728,181432832,173.03,10033872
1765903623788,3626.25,594.84,234258432,195657728,181434872,173.03,10033872
1765903623889,3631.20,597.38,234700800,195657728,181689904,173.27,10035224
1765903623991,3631.33,597.43,234700800,195657728,181691944,173.27,10035224
1765903624092,3631.51,597.51,234700800,195657728,181693960,173.28,10035224
1765903624193,3641.82,600.82,235339776,196706304,176002368,167.85,9979228
1765903624295,3642.02,600.90,235339776,196706304,176004408,167.85,9979228
1765903624396,3646.33,603.29,235339776,196706304,176259432,168.09,9980580
1765903624497,3646.47,603.34,235339776,196706304,176261472,168.10,9980580
1765903624598,3646.65,603.43,235339776,196706304,176263488,168.10,9980580
1765903624698,3650.97,605.63,235372544,196706304,176518728,168.34,9990124
1765903624800,3651.09,605.66,235372544,196706304,176520768,168.34,9990124
1765903624901,3658.44,607.97,235372544,196706304,176777072,168.59,9991475
1765903625003,3658.57,608.01,235372544,196706304,176779112,168.59,9991475
1765903625110,3661.31,609.44,235372544,196706304,176907880,168.71,9992148
1765903625211,3663.23,610.38,235372544,196706304,177036112,168.83,9992827
1765903625311,3663.45,610.49,235372544,196706304,177038152,168.84,9992827
1765903625412,3670.20,613.17,235388928,196706304,177293504,169.08,9994179
1765903625513,3670.36,613.21,235388928,196706304,177295544,169.08,9994179
1765903625614,3673.15,614.65,235388928,196706304,177424592,169.21,10003044
1765903625715,3675.18,615.65,235388928,196706304,177552864,169.33,10003723
1765903625816,3675.38,615.76,235388928,196706304,177554904,169.33,10003723
1765903625917,3682.34,618.31,235388928,196706304,177964448,169.72,10005075
1765903626018,3682.54,618.42,235388928,196706304,177966488,169.72,10005075
1765903626120,3689.09,619.69,235405312,196706304,178095984,169.85,10005748
1765903626221,3691.06,620.67,235405312,196706304,178223496,169.97,10006427
1765903626322,3691.29,620.76,235405312,196706304,178225536,169.97,10006427
1765903626424,3695.48,623.14,235405312,196706304,178479200,170.21,10007779
1765903626525,3695.69,623.24,235405312,196706304,178481240,170.21,10007779
1765903626625,3700.21,625.55,235405312,196706304,178735184,170.46,10017323
1765903626726,3700.43,625.63,235405312,196706304,178737224,170.46,10017323
1765903626827,3700.65,625.74,235405312,196706304,178739240,170.46,10017323
1765903626928,3707.58,627.87,235438080,196706304,178993904,170.70,10018675
1765903627029,3707.80,627.97,235438080,196706304,178995944,170.70,10018675
1765903627129,3712.28,630.37,235700224,196706304,179249112,170.95,10020027
1765903627230,3712.45,630.46,235700224,196706304,179251152,170.95,10020027
1765903627332,3712.62,630.51,235700224,196706304,179253168,170.95,10020027
1765903627433,3716.49,632.44,235962368,196706304,179506400,171.19,10021379
1765903627534,3716.70,632.54,235962368,196706304,179508440,171.19,10021379
1765903627635,3724.82,635.04,236208128,196706304,179762576,171.43,10030923
1765903627736,3725.03,635.11,236208128,196706304,179764616,171.44,10030923
1765903627836,3725.25,635.20,236208128,196706304,179766632,171.44,10030923
1765903627937,3729.61,637.52,236453888,196706304,180019888,171.68,10032275
1765903628038,3729.82,637.62,236453888,196706304,180021928,171.68,10032275
1765903628139,3734.27,640.20,236716032,196706304,180275096,171.92,10033627
1765903628240,3735.70,640.25,236716032,196706304,180278360,171.93,10033627
1765903628341,3735.88,640.34,236716032,196706304,180280376,171.93,10033627
1765903628442,3740.61,643.03,236961792,196706304,180533728,172.17,10034978
1765903628543,3740.80,643.12,236961792,196706304,180535768,172.17,10034978
1765903628644,3747.11,645.25,237207552,196706304,180789200,172.41,10044521
1765903628745,3747.24,645.30,237207552,196706304,180791240,172.42,10044521
1765903628846,3747.43,645.39,237207552,196706304,180793256,172.42,10044521
1765903628947,3752.05,647.95,237469696,196706304,181046496,172.66,10045872
1765903629048,3752.25,648.04,237469696,196706304,181048536,172.66,10045872
1765903629149,3756.64,650.25,237699072,196706304,181301752,172.90,10047224
1765903629251,3756.82,650.34,237715456,196706304,181303792,172.90,10047224
1765903629352,3757.02,650.42,237715456,196706304,181305808,172.91,10047224
1765903629453,3761.40,652.69,237944832,196706304,181559000,173.15,10048576
1765903629554,3761.60,652.79,237944832,196706304,181561040,173.15,10048576
1765903629655,3782.96,655.88,238272512,196706304,181814488,173.39,10058120
1765903629756,3783.09,655.94,238272512,196706304,181816528,173.39,10058120
1765903629860,3785.71,657.51,238436352,196706304,181943112,173.51,10058792
1765903629962,3787.83,658.58,238567424,196706304,182069168,173.63,10059471
1765903630063,3788.06,658.70,238567424,196706304,182071208,173.64,10059471
1765903630162,3943.91,673.64,243826688,198279168,176916632,168.72,10011671
1765903630264,3983.72,677.06,243974144,197230592,167717408,159.95,10011671
1765903630364,3986.98,678.75,243974144,197230592,168075408,160.29,9706775
1765903630465,3989.04,679.69,243974144,197230592,168202496,160.41,9707454
1765903630566,3989.24,679.77,243974144,197230592,168204536,160.41,9707454
1765903630667,3996.08,682.20,243974144,197230592,168462520,160.66,9716998
1765903630768,3996.21,682.25,243974144,197230592,168464560,160.66,9716998
1765903630868,3998.92,684.04,243974144,197230592,168592152,160.78,9717669
1765903630969,4002.07,685.09,243974144,197230592,168719248,160.90,9718348
1765903631070,4002.29,685.20,243974144,197230592,168721288,160.91,9718348
1765903631171,4006.68,687.57,243974144,197230592,168973904,161.15,9719700
1765903631272,4006.88,687.67,243974144,197230592,168975944,161.15,9719700
1765903631372,4011.64,690.38,243974144,197230592,169228680,161.39,9721052
1765903631473,4011.85,690.45,243974144,197230592,169230720,161.39,9721052
1765903631574,4012.10,690.59,243974144,197230592,169232736,161.39,9721052
1765903631676,4016.74,693.21,243974144,197230592,169485584,161.63,9730596
1765903631777,4016.87,693.25,243974144,197230592,169487624,161.64,9730596
1765903631879,4024.53,695.63,243974144,197230592,169740992,161.88,9731947
1765903631980,4024.76,695.71,243974144,197230592,169743032,161.88,9731947
1765903632081,4024.99,695.80,243974144,197230592,169745048,161.88,9731947
1765903632182,4029.58,698.15,243974144,197230592,169997712,162.12,9733299
1765903632283,4029.77,698.26,243974144,197230592,169999752,162.12,9733299
1765903632383,4035.94,700.88,243974144,197230592,170252080,162.37,9734651
1765903632484,4036.14,700.95,243974144,197230592,170254120,162.37,9734651
1765903632585,4036.35,701.06,243974144,197230592,170256136,162.37,9734651
1765903632687,4041.72,703.20,243974144,197230592,170508304,162.61,9744194
1765903632788,4041.94,703.31,243974144,197230592,170510344,162.61,9744194
1765903632889,4046.19,705.24,243974144,197230592,170762464,162.85,9745544
1765903632990,4046.35,705.29,243974144,197230592,170764504,162.85,9745544
1765903633091,4046.64,705.45,243974144,197230592,170766520,162.86,9745544
1765903633192,4051.28,708.00,243974144,197230592,171018616,163.10,9746895
1765903633293,4051.51,708.09,243974144,197230592,171020656,163.10,9746895
1765903633394,4056.08,710.57,243974144,197230592,171272728,163.34,9748247
1765903633495,4056.23,710.63,243974144,197230592,171274768,163.34,9748247
1765903633596,4056.44,710.73,243974144,197230592,171276784,163.34,9748247
1765903633697,4060.97,713.30,243974144,197230592,171529040,163.58,9757791
1765903633798,4061.16,713.38,243974144,197230592,171531080,163.58,9757791
1765903633899,4067.80,715.85,243974144,197230592,171787704,163.83,9759141
1765903634000,4067.93,715.90,243974144,197230592,171789744,163.83,9759141
1765903634101,4068.10,715.99,243974144,197230592,171791760,163.83,9759141
1765903634201,4072.42,718.21,243974144,197230592,172043688,164.07,9760492
1765903634302,4072.62,718.30,243974144,197230592,172045728,164.08,9760492
1765903634403,4078.62,720.83,243974144,197230592,172297640,164.32,9761842
1765903634503,4078.74,720.89,243974144,197230592,172299680,164.32,9761842
1765903634611,4080.89,722.40,243974144,197230592,172427080,164.44,9770707
1765903634712,4082.14,723.33,243924992,197230592,172553704,164.56,9771386
1765903634813,4082.26,723.40,243924992,197230592,172555744,164.56,9771386
1765903634914,4084.98,724.90,243924992,197230592,172807632,164.80,9772738
1765903635015,4085.19,724.98,243924992,197230592,172809672,164.80,9772738
1765903635118,4088.17,726.73,243924992,197230592,172936904,164.93,9773410
1765903635219,4090.18,727.73,243924992,197230592,173063544,165.05,9774089
1765903635320,4090.39,727.85,243924992,197230592,173065584,165.05,9774089
1765903635421,4093.06,729.61,243924992,197230592,173317368,165.29,9775440
1765903635523,4093.19,729.66,243924992,197230592,173319408,165.29,9775440
1765903635623,4099.09,732.04,243924992,197230592,173571736,165.53,9784982
1765903635724,4099.30,732.13,243924992,197230592,173573776,165.53,9784982
1765903635825,4099.51,732.22,243924992,197230592,173575792,165.53,9784982
1765903635926,4103.50,734.18,243924992,197230592,173827360,165.77,9786334
1765903636027,4103.64,734.25,243924992,197230592,173829400,165.78,9786334
1765903636129,4105.97,735.30,243924992,197230592,173956440,165.90,9787007
1765903636231,4108.02,736.40,243810304,197230592,174082984,166.02,9787686
1765903636332,4108.32,736.53,243810304,197230592,174085024,166.02,9787686
1765903636433,4121.39,739.74,243810304,197230592,174344048,166.27,9789037
1765903636534,4121.56,739.79,243810304,197230592,174346088,166.27,9789037
1765903636635,4123.61,741.31,243810304,197230592,174597784,166.51,9798581
1765903636736,4123.74,741.37,243810304,197230592,174599824,166.51,9798581
1765903636837,4123.95,741.47,243810304,197230592,174601840,166.51,9798581
1765903636938,4128.99,744.26,243810304,197230592,174853360,166.75,9799932
1765903637039,4129.11,744.32,243810304,197230592,174855400,166.76,9799932
1765903637140,4133.75,747.03,243843072,197230592,175106976,167.00,9801284
1765903637241,4133.91,747.11,243843072,197230592,175109016,167.00,9801284
1765903637342,4134.16,747.22,243843072,197230592,175111032,167.00,9801284
1765903637443,4138.87,749.78,244088832,197230592,175362504,167.24,9802636
1765903637544,4139.10,749.88,244088832,197230592,175364544,167.24,9802636
1765903637645,4143.35,752.09,244334592,197230592,175616224,167.48,9812180
1765903637746,4143.47,752.16,244334592,197230592,175618264,167.48,9812180
1765903637847,4143.60,752.21,244334592,197230592,175620280,167.48,9812180
1765903637948,4152.61,755.41,244547584,197230592,168924928,161.10,9813532
1765903638049,4152.82,755.51,244547584,197230592,168926968,161.10,9813532
1765903638150,4161.81,757.97,244547584,197230592,169178216,161.34,9757539
1765903638251,4161.94,758.02,244547584,197230592,169180256,161.34,9757539
1765903638351,4162.18,758.12,244547584,197230592,169182272,161.34,9757539
1765903638452,4166.20,760.13,244547584,197230592,169433120,161.58,9758890
1765903638553,4166.46,760.24,244547584,197230592,169435160,161.59,9758890
1765903638654,4170.58,762.28,244547584,197230592,169686432,161.83,9768434
1765903638755,4170.72,762.34,244547584,197230592,169688472,161.83,9768434
1765903638856,4170.89,762.45,244547584,197230592,169690488,161.83,9768434
1765903638957,4173.42,764.56,235061248,197230592,169941392,162.07,9769786
1765903639058,4173.64,764.79,235012096,197230592,169943432,162.07,9769786
1765903639159,4184.48,769.48,235503616,197230592,170197416,162.31,9771138
1765903639260,4184.65,769.53,235503616,197230592,170199456,162.31,9771138
1765903639360,4187.44,771.02,235454464,197230592,170328160,162.44,9771811
1765903639461,4190.87,772.36,235470848,197230592,170462712,162.57,9772490
1765903639562,4191.12,772.47,235470848,197230592,170464752,162.57,9772490
1765903639663,4195.94,775.09,235470848,197230592,170719352,162.81,9782034
1765903639772,4196.20,775.18,137232384,197230592,170721392,162.81,9782034
1765903639871,4198.41,777.26,117129216,197230592,170977792,163.06,9783386
1765903639972,4198.51,777.45,72990720,197230592,170979832,163.06,9783386
1765903640072,4198.61,777.60,71073792,197230592,170981832,163.06,9783386
1765903640174,4201.34,781.33,74022912,197230592,171235216,163.30,9784738
1765903640275,4201.44,781.39,73154560,197230592,171237240,163.30,9784738
1765903640375,4204.74,783.47,72728576,197230592,171495160,163.55,9786090
1765903640475,4205.06,783.64,72073216,197230592,171497184,163.55,9786090
1765903640576,4205.45,783.85,72073216,197230592,171499184,163.55,9786090
1765903640676,4210.95,786.00,72466432,197230592,171770704,163.81,9795634
1765903640777,4211.11,786.08,72466432,197230592,171772728,163.82,9795634
1765903640878,4214.53,788.34,71892992,197230592,172031200,164.06,9796986
1765903640979,4214.66,788.41,70451200,197230592,172033224,164.06,9796986
1765903641079,4214.77,788.45,70451200,197230592,172035232,164.07,9796986
1765903641180,4216.84,789.81,70811648,197230592,172289888,164.31,9798337
1765903641281,4217.11,789.94,70811648,197230592,172291912,164.31,9798337
1765903641452,4328.06,815.21,146325504,231145472,199680384,190.43,9774434
1765903641553,4553.91,866.56,266665984,249495552,210895528,201.13,9775113
1765903641652,4686.85,872.50,267698176,249184256,219932296,209.74,9716325
1765903641753,4805.37,878.06,270745600,251543552,212975624,203.11,9716325
1765903641854,4974.95,883.26,275972096,253640704,221587864,211.32,9719071
1765903641955,4978.22,884.16,275988480,253640704,221722880,211.45,9719750
1765903642056,4978.33,884.20,275988480,253640704,221724920,211.45,9719750
1765903642157,4980.73,885.41,275988480,253640704,221990512,211.71,9721102
1765903642258,4980.83,885.46,275988480,253640704,221992552,211.71,9721102
1765903642358,4983.09,886.53,275988480,253640704,222126912,211.84,9729967
1765903642460,4984.64,887.26,275988480,253640704,222260432,211.96,9730646
1765903642561,4984.74,887.31,275988480,253640704,222262472,211.97,9730646
1765903642662,4987.80,889.41,276004864,253640704,222528064,212.22,9731996
1765903642762,4987.87,889.44,276004864,253640704,222530104,212.22,9731996
1765903642863,4990.22,890.51,276004864,253640704,222664216,212.35,9732669
1765903642964,4991.40,891.28,276004864,253640704,222797856,212.48,9733348
1765903643065,4991.49,891.32,276004864,253640704,222799896,212.48,9733348
1765903643166,4996.26,892.86,276021248,253640704,223066696,212.73,9734699
1765903643266,4996.36,892.91,276021248,253640704,223068736,212.73,9734699
1765903643367,4999.42,894.79,276021248,253640704,223334496,212.99,9744241
1765903643468,4999.54,894.84,276021248,253640704,223336536,212.99,9744241
1765903643569,4999.66,894.89,276021248,253640704,223338552,212.99,9744241
1765903643670,5002.96,896.89,276021248,253640704,223604224,213.25,9745593
1765903643770,5003.08,896.94,276021248,253640704,223606264,213.25,9745593
1765903643871,5006.19,898.59,276037632,253640704,223871944,213.50,9746945
1765903643972,5006.32,898.65,276037632,253640704,223873984,213.50,9746945
1765903644073,5006.48,898.70,276037632,253640704,223876000,213.50,9746945
1765903644174,5011.07,900.53,276037632,253640704,224142720,213.76,9748295
1765903644275,5011.20,900.59,276037632,253640704,224144760,213.76,9748295
1765903644376,5016.40,902.85,276054016,253640704,224414416,214.02,9757839
1765903644477,5016.54,902.91,276054016,253640704,224416456,214.02,9757839
1765903644578,5016.65,902.96,276054016,253640704,224418472,214.02,9757839
1765903644678,5020.05,904.83,276054016,253640704,224684224,214.28,9759190
1765903644780,5020.14,904.87,276054016,253640704,224686264,214.28,9759190
1765903644881,5023.23,906.90,276070400,253640704,224951944,214.53,9760542
1765903644982,5023.33,906.95,276070400,253640704,224953984,214.53,9760542
1765903645083,5023.44,907.00,276070400,253640704,224956000,214.53,9760542
1765903645184,5026.44,908.86,276070400,253640704,225221624,214.79,9761894
1765903645285,5026.54,908.91,276070400,253640704,225223664,214.79,9761894
1765903645386,5032.48,911.18,276070400,253640704,225491976,215.05,9771438
1765903645487,5032.58,911.22,276070400,253640704,225494016,215.05,9771438
1765903645588,5032.68,911.27,276070400,253640704,225496032,215.05,9771438
1765903645689,5035.63,913.12,276086784,253640704,225761656,215.30,9772790
1765903645791,5035.76,913.17,276086784,253640704,225763696,215.31,9772790
1765903645892,5038.92,915.01,276086784,253640704,226029264,215.56,9774142
1765903645993,5039.05,915.07,276086784,253640704,226031304,215.56,9774142
1765903646094,5039.16,915.12,276086784,253640704,226033320,215.56,9774142
1765903646195,5042.70,917.09,276086784,253640704,226298896,215.82,9775494
1765903646297,5042.80,917.13,276086784,253640704,226300936,215.82,9775494
1765903646398,5047.55,918.75,276135936,253902848,226778872,216.27,9785037
1765903646499,5047.67,918.81,276135936,253902848,226780912,216.28,9785037
1765903646600,5047.79,918.86,276135936,253902848,226782928,216.28,9785037
1765903646701,5051.95,920.85,276152320,253902848,227048552,216.53,9786388
1765903646802,5052.05,920.90,276152320,253902848,227050592,216.53,9786388
1765903646904,5059.64,923.13,276168704,253902848,227316096,216.79,9787739
1765903647005,5059.75,923.17,276168704,253902848,227318136,216.79,9787739
1765903647107,5061.52,924.30,276168704,253902848,227452360,216.92,9788411
1765903647208,5062.92,925.21,276168704,253902848,227585656,217.04,9789090
1765903647309,5063.04,925.25,276168704,253902848,227587696,217.04,9789090
1765903647410,5066.71,927.10,276168704,253902848,227853120,217.30,9798634
1765903647511,5066.80,927.14,276168704,253902848,227855160,217.30,9798634
1765903647612,5068.96,928.34,276168704,253902848,227989088,217.43,9799306
1765903647712,5072.71,929.24,276185088,253902848,228122952,217.56,9799985
1765903647814,5072.82,929.29,276185088,253902848,228124992,217.56,9799985
1765903647915,5076.12,931.08,276185088,253902848,228390184,217.81,9801337
1765903648015,5076.23,931.11,276185088,253902848,228392224,217.81,9801337
1765903648117,5079.99,933.49,276185088,253902848,228657560,218.06,9802689
1765903648218,5080.11,933.53,276185088,253902848,228659600,218.07,9802689
1765903648320,5080.26,933.58,276185088,253902848,228661640,218.07,9802689
1765903648421,5083.93,935.51,276185088,253902848,229137288,218.52,9812232
1765903648522,5084.06,935.59,276185088,253902848,229139328,218.52,9812232
1765903648622,5087.34,937.63,276185088,253902848,229404616,218.78,9813584
1765903648723,5087.47,937.69,276185088,253902848,229406656,218.78,9813584
1765903648824,5087.61,937.75,276185088,253902848,229408672,218.78,9813584
1765903648925,5093.39,940.28,276398080,254427136,215709904,205.72,9814935
1765903649026,5093.50,940.32,276398080,254427136,215711944,205.72,9814935
1765903649127,5096.48,942.07,276398080,254427136,215977168,205.97,9767110
1765903649228,5096.57,942.11,276398080,254427136,215979208,205.97,9767110
1765903649329,5096.66,942.14,276398080,254427136,215981224,205.98,9767110
1765903649429,5099.91,944.14,276398080,254427136,216246640,206.23,9776653
1765903649530,5100.00,944.18,276398080,254427136,216248680,206.23,9776653
1765903649631,5276.28,963.26,223232000,199589888,169254624,161.41,9717697
1765903649732,5276.37,963.29,223232000,199589888,169256712,161.42,9717697
1765903649833,5276.50,963.34,223232000,199589888,169258728,161.42,9717697
1765903649934,5282.66,965.20,223232000,199589888,169753512,161.89,9719049
1765903650035,5282.77,965.23,223232000,199589888,169755552,161.89,9719049
1765903650136,5289.29,967.30,223772672,202735616,169101296,161.27,9720400
1765903650235,5460.13,985.94,229310464,175472640,168460760,160.66,9716345
1765903650337,5467.11,988.75,201359360,175472640,168527432,160.72,9716345
1765903650438,5470.53,990.08,201375744,175472640,168949096,161.12,9725889
1765903650538,5470.63,990.12,201375744,175472640,168951136,161.12,9725889
1765903650640,5474.21,991.93,201375744,175472640,169228800,161.39,9727241
1765903650740,5474.33,992.00,201375744,175472640,169230840,161.39,9727241
1765903650840,5505.21,993.61,201375744,175472640,169243608,161.40,9727241
1765903650942,5642.00,1002.46,200916992,175734784,168837680,161.02,9717696
1765903651043,5642.13,1002.52,200916992,175734784,168839720,161.02,9717696
1765903651143,5646.54,1004.31,201195520,175734784,169117568,161.28,9719047
1765903651245,5646.64,1004.35,201195520,175734784,169119608,161.29,9719047
1765903651346,5646.78,1004.39,201211904,175734784,169121624,161.29,9719047
1765903651447,5650.86,1006.39,201637888,176783360,168587968,160.78,9728591
1765903651547,5651.01,1006.44,201637888,176783360,168590008,160.78,9728591
1765903651649,5654.33,1008.45,201900032,176783360,168867632,161.04,9729943
1765903651750,5654.44,1008.50,201900032,176783360,168869672,161.05,9729943
1765903651851,5654.55,1008.55,201900032,176783360,168871688,161.05,9729943
1765903651952,5659.73,1010.61,202194944,176783360,169149208,161.31,9731294
1765903652053,5659.83,1010.65,202194944,176783360,169151248,161.32,9731294
1765903652154,5663.82,1012.71,202539008,176783360,168697016,160.88,9732645
1765903652256,5663.92,1012.75,202539008,176783360,168699056,160.88,9732645
1765903652356,5666.72,1013.76,202555392,176783360,168839328,161.02,9741509
1765903652457,5673.56,1015.32,202555392,176783360,168987472,161.16,9742188
1765903652558,5673.73,1015.38,202555392,176783360,168989512,161.16,9742188
1765903652659,5677.47,1017.47,202571776,176783360,169266840,161.43,9743540
1765903652760,5677.60,1017.51,202571776,176783360,169268880,161.43,9743540
1765903652860,5679.98,1018.81,202571776,176783360,169408928,161.56,9744212
1765903652961,5681.24,1019.79,202637312,176783360,169548296,161.69,9744891
1765903653062,5681.36,1019.84,202637312,176783360,169550336,161.70,9744891
1765903653163,5686.51,1021.93,202686464,176783360,169042216,161.21,9746242
1765903653265,5686.61,1021.98,202686464,176783360,169044256,161.21,9746242
1765903653367,5689.95,1023.90,202702848,176783360,169321744,161.48,9755785
1765903653468,5690.08,1023.98,202702848,176783360,169323784,161.48,9755785
1765903653569,5690.19,1024.03,202702848,176783360,169325800,161.48,9755785
1765903653670,5698.81,1026.36,202702848,176783360,168924888,161.10,9757136
1765903653771,5698.93,1026.40,202702848,176783360,168926928,161.10,9757136
1765903653872,5702.50,1028.30,202702848,176783360,169204200,161.37,9750295
1765903653973,5702.63,1028.36,202702848,176783360,169206240,161.37,9750295
1765903654074,5702.75,1028.41,202702848,176783360,169208256,161.37,9750295
1765903654175,5706.75,1030.23,202702848,176783360,169494192,161.64,9751646
1765903654276,5706.88,1030.29,202702848,176783360,169496232,161.64,9751646
1765903654377,5711.29,1032.26,202702848,176783360,169787760,161.92,9761190
1765903654477,5711.36,1032.30,202702848,176783360,169789800,161.92,9761190
1765903654579,5711.48,1032.37,202702848,176783360,169791816,161.93,9761190
1765903654680,5719.30,1034.31,202833920,178880512,169338368,161.49,9754349
1765903654780,5719.38,1034.36,202833920,178880512,169340408,161.50,9754349
1765903654881,5723.73,1036.25,202833920,178880512,169617792,161.76,9755700
1765903654982,5723.83,1036.29,202833920,178880512,169764136,161.90,9755700
1765903655083,5723.94,1036.34,202833920,178880512,169766152,161.90,9755700
1765903655184,5729.72,1038.64,202850304,178880512,170045800,162.17,9757052
1765903655284,5729.82,1038.68,202850304,178880512,170047840,162.17,9757052
1765903655385,5732.83,1040.88,203112448,178880512,170324688,162.43,9766595
1765903655485,5732.90,1040.92,203112448,178880512,170326728,162.44,9766595
1765903655587,5732.99,1040.96,203112448,178880512,170328744,162.44,9766595
1765903655688,5737.49,1043.14,203407360,178880512,170605424,162.70,9767946
1765903655789,5737.60,1043.20,203407360,178880512,170607464,162.70,9767946
1765903655890,5741.68,1045.28,203653120,178880512,170884088,162.97,9769297
1765903655991,5741.80,1045.33,203653120,178880512,170886128,162.97,9769297
1765903656092,5741.97,1045.39,203653120,178880512,170888144,162.97,9769297
1765903656193,5746.34,1047.57,203915264,178880512,169510080,161.66,9770648
1765903656294,5746.45,1047.62,203915264,178880512,169512120,161.66,9770648
1765903656395,5749.78,1049.80,203915264,178880512,169788616,161.92,9771999
1765903656495,5749.85,1049.83,203915264,178880512,169790656,161.92,9771999
1765903656597,5749.93,1049.87,203915264,178880512,169792672,161.93,9771999
1765903656698,5752.98,1051.61,203915264,178880512,170068880,162.19,9773351
1765903656799,5753.14,1051.66,203915264,178880512,170070920,162.19,9773351
1765903656900,5756.20,1053.79,204046336,178880512,170347240,162.46,9774702
1765903657001,5756.30,1053.83,204046336,178880512,170349280,162.46,9774702
1765903657102,5756.40,1053.89,204062720,178880512,170351296,162.46,9774702
1765903657203,5765.47,1056.21,204324864,178880512,170634872,162.73,9776054
1765903657303,5765.55,1056.24,204324864,178880512,170636912,162.73,9776054
1765903657405,5769.20,1057.86,204619776,178880512,170910864,162.99,9785597
1765903657506,5769.34,1057.91,204619776,178880512,170912904,163.00,9785597
1765903657608,5771.57,1059.18,204734464,178880512,171051032,163.13,9786270
1765903657710,5775.33,1060.32,204734464,178880512,169846888,161.98,9770565
1765903657811,5775.48,1060.37,204734464,178880512,169848928,161.98,9770565
1765903657912,5778.55,1062.31,204734464,178880512,170122616,162.24,9771917
1765903658013,5778.63,1062.35,204734464,178880512,170124656,162.24,9771917
1765903658114,5780.63,1063.49,204750848,178880512,170262816,162.38,9772589
1765903658215,5791.86,1064.83,204750848,178880512,170421392,162.53,9773268
1765903658317,5791.96,1064.88,204750848,178880512,170423432,162.53,9773268
1765903658418,5795.02,1066.86,204767232,178880512,170697320,162.79,9782810
1765903658519,5795.11,1066.91,204767232,178880512,170699360,162.79,9782810
1765903658619,5798.54,1068.81,204767232,178880512,170973072,163.05,9784161
1765903658720,5798.71,1068.88,204767232,178880512,170975112,163.05,9784161
1765903658820,5798.82,1068.93,204767232,178880512,170977128,163.06,9784161
1765903658922,5807.68,1071.42,204783616,178880512,171251936,163.32,9785512
1765903659023,5807.83,1071.48,204783616,178880512,171253976,163.32,9785512
1765903659123,5813.08,1073.78,204783616,178880512,171528768,163.58,9786863
1765903659224,5814.21,1073.94,204800000,178880512,169998728,162.12,9786863
1765903659325,5814.33,1073.99,204800000,178880512,170000744,162.13,9786863
1765903659426,5818.41,1076.12,204816384,178880512,170274760,162.39,9788214
1765903659527,5818.58,1076.17,204816384,178880512,170276800,162.39,9788214
1765903659628,5827.91,1078.13,204816384,178880512,170550888,162.65,9789566
1765903659729,5827.98,1078.15,204816384,178880512,170552928,162.65,9789566
1765903659829,5828.06,1078.19,204816384,178880512,170554944,162.65,9789566
1765903659931,5833.82,1080.40,204832768,178880512,170903016,162.99,9790918
1765903660032,5833.91,1080.45,204832768,178880512,170905056,162.99,9790918
1765903660133,5837.23,1082.45,204832768,178880512,171177136,163.25,9792269
1765903660234,5837.33,1082.50,204832768,178880512,171179176,163.25,9792269
1765903660335,5837.43,1082.54,204832768,178880512,171181192,163.25,9792269
1765903660436,5845.12,1084.70,204849152,178880512,171452360,163.51,9801813
1765903660537,5845.23,1084.73,204849152,178880512,171454400,163.51,9801813
1765903660638,5851.34,1086.49,204963840,178880512,171727344,163.77,9803164
1765903660739,5851.45,1086.54,204963840,178880512,171729384,163.77,9803164
1765903660840,5851.57,1086.61,204980224,178880512,171731400,163.78,9803164
1765903660941,5861.12,1089.71,205340672,179666944,170495280,162.60,9788132
1765903661042,5861.30,1089.76,205340672,179666944,170497320,162.60,9788132
1765903661142,5871.57,1091.96,205373440,179666944,170878544,162.96,9789483
1765903661244,5871.67,1092.01,205373440,179666944,170880704,162.96,9789483
1765903661345,5871.82,1092.06,205373440,179666944,170882720,162.97,9789483
1765903661446,5875.16,1093.96,205373440,179666944,171146792,163.22,9799026
1765903661547,5875.23,1094.00,205373440,179666944,171148832,163.22,9799026
1765903661648,5879.33,1096.10,205373440,179666944,171670488,163.72,9800378
1765903661748,5879.43,1096.15,205373440,179666944,171672528,163.72,9800378
1765903661850,5879.53,1096.20,205373440,179666944,171674544,163.72,9800378
1765903661951,5885.71,1098.59,205373440,179666944,171939536,163.97,9801729
1765903662052,5885.82,1098.63,205373440,179666944,171941576,163.98,9801729
1765903662153,5888.76,1100.63,205389824,179666944,172204936,164.23,9803080
1765903662254,5888.87,1100.69,205389824,179666944,172206976,164.23,9803080
1765903662357,5890.93,1101.88,205389824,179666944,172340040,164.36,9811944
1765903662458,5893.16,1102.86,205602816,179929088,170976064,163.06,9812623
1765903662559,5893.29,1102.91,205602816,179929088,170978104,163.06,9812623
1765903662660,5896.26,1104.58,205651968,179929088,171241272,163.31,9797591
1765903662761,5896.36,1104.63,205078528,179929088,171243312,163.31,9797591
1765903662861,5897.55,1105.51,205012992,179929088,171376280,163.44,9798262
1765903662962,5899.92,1106.23,205029376,179929088,171508784,163.56,9798941
1765903663063,5900.02,1106.27,205029376,179929088,171510824,163.57,9798941
1765903663164,5903.12,1108.26,205029376,179929088,171774008,163.82,9800293
1765903663265,5903.21,1108.29,205029376,179929088,171776048,163.82,9800293
1765903663366,5906.19,1110.03,205029376,179929088,172039424,164.07,9809837
1765903663468,5906.31,1110.10,205029376,179929088,172041464,164.07,9809837
1765903663569,5906.42,1110.14,205029376,179929088,172043480,164.07,9809837
1765903663670,5909.67,1112.05,205045760,179929088,172306760,164.32,9811188
1765903663771,5909.79,1112.12,205045760,179929088,172308800,164.33,9811188
1765903663871,5914.40,1115.03,205537280,184647680,171316144,163.38,9804347
1765903663972,5914.55,1115.09,205504512,184647680,171318184,163.38,9804347
1765903664073,5914.68,1115.28,205275136,184647680,171320200,163.38,9804347
1765903664175,5918.36,1117.69,205275136,184647680,171583424,163.63,9805698
1765903664276,5918.48,1117.75,205275136,184647680,171585464,163.64,9805698
1765903664377,5922.19,1119.92,205291520,184647680,171848848,163.89,9815241
1765903664478,5922.28,1119.96,205291520,184647680,171850888,163.89,9815241
1765903664579,5922.36,1120.00,205291520,184647680,171852904,163.89,9815241
1765903664680,5925.30,1121.98,205291520,184647680,172116072,164.14,9816592
1765903664780,5925.38,1122.02,205291520,184647680,172118112,164.14,9816592
1765903664881,5928.36,1124.12,205291520,184647680,172381296,164.40,9817944
1765903664983,5928.50,1124.19,205291520,184647680,172383336,164.40,9817944
1765903665084,5928.61,1124.24,205291520,184647680,172385472,164.40,9817944
1765903665185,5950.15,1126.89,205340672,184647680,172650688,164.65,9819296
1765903665286,5950.24,1126.93,205340672,184647680,172652728,164.65,9819296
1765903665387,5953.08,1128.91,205357056,184647680,172914176,164.90,9828840
1765903665488,5953.22,1128.98,205357056,184647680,172916216,164.91,9828840
1765903665589,5953.34,1129.02,205357056,184647680,172918232,164.91,9828840
1765903665690,5978.39,1131.09,205684736,184647680,173180264,165.16,9830191
1765903665791,5978.48,1131.13,205684736,184647680,173182304,165.16,9830191
1765903665892,5981.49,1133.08,205946880,184647680,173440752,165.41,9831542
1765903665992,5981.61,1133.13,205946880,184647680,173442792,165.41,9831542
1765903666094,5981.72,1133.18,205963264,184647680,173444808,165.41,9831542
1765903666195,5988.11,1135.48,206209024,184647680,173703888,165.66,9832894
1765903666296,5988.19,1135.53,206209024,184647680,173705928,165.66,9832894
1765903666398,5994.74,1137.66,206487552,184647680,173964400,165.91,9842438
1765903666499,5994.85,1137.71,206487552,184647680,173966440,165.91,9842438
1765903666600,5994.95,1137.75,206487552,184647680,173968456,165.91,9842438
1765903666701,5999.30,1139.91,206929920,184647680,174425672,166.35,9843790
1765903666802,5999.41,1139.96,206929920,184647680,174427712,166.35,9843790
1765903666902,6002.68,1142.22,207175680,184647680,174685816,166.59,9845141
1765903667004,6002.78,1142.27,207175680,184647680,174687856,166.60,9845141
1765903667106,6004.55,1143.58,207323136,184647680,174818168,166.72,9845814
1765903667207,6012.07,1144.61,207454208,184647680,174948728,166.84,9846493
1765903667308,6012.18,1144.67,207454208,184647680,174950768,166.85,9846493
1765903667409,6017.52,1146.96,207847424,184647680,171950440,163.98,9856036
1765903667510,6018.05,1147.00,207847424,184647680,171952480,163.99,9856036
1765903667610,6020.14,1148.20,207847424,184647680,172081560,164.11,9823940
1765903667711,6021.22,1148.90,207847424,184647680,172209976,164.23,9824619
1765903667812,6021.37,1148.94,207847424,184647680,172212016,164.23,9824619
1765903667913,6026.86,1151.27,207863808,184647680,172468184,164.48,9825971
1765903668014,6026.94,1151.30,207863808,184647680,172470224,164.48,9825971
1765903668114,6028.87,1152.28,207863808,184647680,172599304,164.60,9826643
1765903668216,6029.93,1153.08,207863808,184647680,172727720,164.73,9827322
1765903668317,6030.04,1153.13,207863808,184647680,172729760,164.73,9827322
1765903668418,6034.24,1154.98,207863808,184647680,172985328,164.97,9836866
1765903668519,6034.33,1155.02,207863808,184647680,172987368,164.97,9836866
1765903668619,6036.51,1156.61,207880192,184647680,173242488,165.22,9838218
1765903668719,6036.68,1156.68,207880192,184647680,173244528,165.22,9838218
1765903668821,6036.80,1156.74,207880192,184647680,173246544,165.22,9838218
1765903668922,6039.90,1158.50,208076800,184647680,173501680,165.46,9839569
1765903669023,6040.01,1158.55,208076800,184647680,173503720,165.47,9839569
1765903669123,6042.88,1160.55,208355328,184647680,173759368,165.71,9840921
1765903669225,6043.00,1160.61,208355328,184647680,173761408,165.71,9840921
1765903669326,6043.13,1160.66,208355328,184647680,173763424,165.71,9840921
1765903669426,6045.81,1162.54,208601088,184647680,174018928,165.96,9850465
1765903669527,6045.91,1162.58,208601088,184647680,174020968,165.96,9850465
1765903669628,6047.99,1164.04,208846848,184647680,174276424,166.20,9851817
1765903669729,6048.08,1164.10,208846848,184647680,174278464,166.20,9851817
1765903669830,6048.18,1164.15,208863232,184647680,174280480,166.21,9851817
1765903669931,6050.39,1165.71,209092608,184647680,174595288,166.51,9853168
1765903670032,6050.49,1165.79,209092608,184647680,174597328,166.51,9853168
1765903670133,6053.60,1167.70,209338368,184647680,174852504,166.75,9854520
1765903670235,6053.74,1167.77,209338368,184647680,174854544,166.75,9854520
1765903670336,6053.85,1167.83,209354752,184647680,174856560,166.76,9854520
1765903670437,6058.90,1170.39,210026496,185171968,172478632,164.49,9839488
1765903670538,6059.01,1170.44,210026496,185171968,172480672,164.49,9839488
1765903670639,6062.12,1172.37,210026496,185171968,172735920,164.73,9840840
1765903670740,6062.23,1172.43,210026496,185171968,172737960,164.74,9840840
1765903670841,6062.37,1172.48,210026496,185171968,172739976,164.74,9840840
1765903670942,6064.69,1174.28,210026496,185171968,172995264,164.98,9842191
1765903671044,6064.81,1174.33,210026496,185171968,172997304,164.98,9842191
1765903671145,6067.50,1176.25,210042880,185171968,173252424,165.23,9843542
1765903671246,6067.59,1176.30,210042880,185171968,173254464,165.23,9843542
1765903671347,6067.69,1176.35,210042880,185171968,173256480,165.23,9843542
1765903671448,6071.76,1178.41,210042880,185171968,173511848,165.47,9853086
1765903671549,6071.86,1178.46,210042880,185171968,173513888,165.48,9853086
1765903671650,6078.19,1180.44,210059264,185171968,173769472,165.72,9854438
1765903671751,6078.28,1180.49,210059264,185171968,173771512,165.72,9854438
1765903671852,6078.38,1180.55,210059264,185171968,173773528,165.72,9854438
1765903671953,6081.05,1182.43,210075648,185171968,174028648,165.97,9855789
1765903672054,6081.17,1182.49,210075648,185171968,174030688,165.97,9855789
1765903672155,6096.59,1184.71,210108416,185171968,174339424,166.26,9857140
1765903672256,6096.68,1184.76,210108416,185171968,174341464,166.26,9857140
1765903672357,6098.42,1186.01,210108416,185171968,174467560,166.39,9866005
1765903672458,6099.56,1186.83,210108416,185171968,174592880,166.50,9866684
1765903672558,6099.69,1186.88,210108416,185171968,174594920,166.51,9866684
1765903672659,6102.88,1188.91,210124800,185171968,174844216,166.74,9868036
1765903672761,6102.98,1188.96,210124800,185171968,174846256,166.75,9868036
1765903672861,6104.90,1190.13,210124800,185171968,174972264,166.87,9868709
1765903672963,6106.00,1190.80,210124800,185171968,175097584,166.99,9869388
1765903673065,6109.00,1190.89,210124800,185171968,175100696,166.99,9869388
1765903673166,6112.13,1192.84,210124800,185171968,175467832,167.34,9870740
1765903673267,6112.25,1192.88,210124800,185171968,175469368,167.34,9870740
1765903673368,6114.76,1194.74,210141184,185171968,175718280,167.58,9880284
1765903673469,6114.85,1194.80,210141184,185171968,175719816,167.58,9880284
1765903673570,6114.96,1194.87,210141184,185171968,175721328,167.58,9880284
1765903673670,6120.56,1197.64,210599936,186220544,173150904,165.13,9857059
1765903673772,6120.67,1197.70,210599936,186220544,173152440,165.13,9857059
1765903673872,6123.49,1199.79,210616320,186220544,173401168,165.37,9858410
1765903673974,6123.61,1199.85,210616320,186220544,173402704,165.37,9858410
1765903674075,6123.78,1199.91,210616320,186220544,173404216,165.37,9858410
1765903674176,6128.57,1202.07,210632704,186220544,173653336,165.61,9859762
1765903674277,6128.66,1202.13,210632704,186220544,173654872,165.61,9859762
1765903674378,6131.61,1204.05,210649088,186220544,173903816,165.85,9869305
1765903674479,6131.68,1204.08,210649088,186220544,173905352,165.85,9869305
1765903674579,6131.75,1204.12,210649088,186220544,173906864,165.85,9869305
1765903674681,6134.75,1206.12,210665472,186220544,174155616,166.09,9870657
1765903674782,6134.85,1206.18,210665472,186220544,174157152,166.09,9870657
1765903674883,6137.88,1208.11,210665472,186220544,174405952,166.33,9872008
1765903674984,6138.00,1208.17,210665472,186220544,174407488,166.33,9872008
1765903675085,6138.07,1208.21,210665472,186220544,174409000,166.33,9872008
1765903675186,6141.11,1210.23,210681856,186220544,174657768,166.57,9873360
1765903675287,6141.22,1210.30,210681856,186220544,174659304,166.57,9873360
1765903675388,6143.88,1212.18,210681856,186220544,174908280,166.81,9882903
1765903675489,6144.08,1212.31,210681856,186220544,174909816,166.81,9882903
1765903675591,6144.19,1212.35,210681856,186220544,174911328,166.81,9882903
1765903675692,6147.27,1214.23,210681856,186220544,175160056,167.05,9884254
1765903675793,6147.38,1214.28,210681856,186220544,175161592,167.05,9884254
1765903675894,6149.92,1216.10,210698240,186220544,175410440,167.28,9885606
1765903675994,6149.99,1216.14,210698240,186220544,175411976,167.29,9885606
1765903676096,6150.06,1216.19,210698240,186220544,175413488,167.29,9885606
1765903676196,6152.67,1218.06,210698240,186220544,175662216,167.52,9886957
1765903676298,6152.77,1218.10,210698240,186220544,175663752,167.53,9886957
1765903676398,6156.99,1220.06,211140608,186220544,173412336,165.38,9896500
1765903676499,6157.10,1220.13,211140608,186220544,173413872,165.38,9896500
1765903676600,6157.20,1220.19,211140608,186220544,173415384,165.38,9896500
1765903676701,6160.18,1222.28,211156992,186220544,173664144,165.62,9873275
1765903676802,6160.26,1222.39,211156992,186220544,173665680,165.62,9873275
1765903676904,6164.44,1224.45,211156992,186220544,173914744,165.86,9874626
1765903677005,6164.54,1224.49,211156992,186220544,173916280,165.86,9874626
1765903677107,6166.62,1225.60,211173376,186220544,174041648,165.98,9875298
1765903677208,6167.65,1226.42,211173376,186220544,174166488,166.10,9875977
1765903677309,6167.80,1226.47,211173376,186220544,174168024,166.10,9875977
1765903677410,6170.61,1228.53,211189760,186220544,174416968,166.34,9885521
1765903677510,6170.68,1228.56,211189760,186220544,174418504,166.34,9885521
1765903677612,6172.44,1229.77,211189760,186220544,174543944,166.46,9886194
1765903677713,6173.50,1230.64,211189760,186220544,174668760,166.58,9886873
1765903677814,6173.62,1230.68,211189760,186220544,174670296,166.58,9886873
1765903677915,6176.69,1232.78,211206144,186220544,174935384,166.83,9888225
1765903678016,6176.78,1232.82,211206144,186220544,174936920,166.83,9888225
1765903678118,6179.94,1234.81,211206144,186220544,175189064,167.07,9889576
1765903678219,6180.08,1234.88,211206144,186220544,175190600,167.07,9889576
1765903678320,6180.19,1234.94,211206144,186220544,175192112,167.08,9889576
1765903678421,6182.95,1236.88,211206144,186220544,175482416,167.35,9899118
1765903678522,6183.02,1236.91,211206144,186220544,175483952,167.35,9899118
1765903678622,6186.17,1239.03,211222528,186220544,175732752,167.59,9900469
1765903678723,6186.29,1239.08,211222528,186220544,175734288,167.59,9900469
1765903678825,6186.40,1239.14,211222528,186220544,175735800,167.59,9900469
1765903678926,6189.40,1241.25,211222528,186220544,175984648,167.83,9901820
1765903679027,6189.50,1241.29,211222528,186220544,175986184,167.83,9901820
1765903679128,6192.31,1243.36,211222528,186220544,176234920,168.07,9903170
1765903679229,6192.38,1243.39,211222528,186220544,176236456,168.07,9903170
1765903679330,6192.46,1243.43,211222528,186220544,176237968,168.07,9903170
1765903679431,6198.09,1246.06,211632128,187006976,174032560,165.97,9888138
1765903679532,6198.20,1246.11,211632128,187006976,174034096,165.97,9888138
1765903679633,6201.12,1247.61,211648512,187006976,174282848,166.21,9889490
1765903679734,6201.20,1247.63,211648512,187006976,174284384,166.21,9889490
1765903679835,6201.29,1247.68,211648512,187006976,174285896,166.21,9889490
1765903679936,6207.08,1250.01,211648512,187006976,174542968,166.46,9890841
1765903680037,6207.19,1250.05,211648512,187006976,174544504,166.46,9890841
1765903680138,6210.05,1252.25,211648512,187006976,174910560,166.81,9892192
1765903680239,6210.15,1252.33,211648512,187006976,174912096,166.81,9892192
1765903680340,6210.25,1252.38,211648512,187006976,174913608,166.81,9892192
1765903680441,6213.16,1254.21,211664896,187006976,175162736,167.05,9901735
1765903680542,6213.26,1254.25,211664896,187006976,175164272,167.05,9901735
1765903680643,6215.77,1256.02,211664896,187006976,175412992,167.29,9903086
1765903680744,6215.83,1256.05,211664896,187006976,175414528,167.29,9903086
1765903680845,6215.89,1256.08,211664896,187006976,175416040,167.29,9903086
1765903680946,6227.86,1258.18,211681280,187006976,175665240,167.53,9904437
1765903681046,6227.94,1258.22,211681280,187006976,175666776,167.53,9904437
1765903681148,6230.95,1260.10,211697664,187006976,175932704,167.78,9905793
1765903681249,6231.05,1260.16,211697664,187006976,175934240,167.78,9905793
1765903681349,6231.16,1260.21,211697664,187006976,175935752,167.79,9905793
1765903681451,6234.11,1261.78,211697664,187006976,176184144,168.02,9915336
1765903681552,6234.21,1261.83,211697664,187006976,176185680,168.02,9915336
1765903681653,6241.58,1264.34,211714048,187006976,176435136,168.26,9916687
1765903681754,6241.68,1264.39,211714048,187006976,176436672,168.26,9916687
1765903681858,6243.44,1265.76,211714048,187006976,176561712,168.38,9917360
1765903681959,6246.04,1266.65,211714048,187006976,176686856,168.50,9918039
1765903682060,6246.16,1266.71,211714048,187006976,176688392,168.50,9918039
1765903682161,6256.30,1268.88,211746816,187006976,176937512,168.74,9919390
1765903682262,6256.38,1268.93,211746816,187006976,176939048,168.74,9919390
1765903682363,6258.40,1270.08,211763200,187006976,177064368,168.86,9928254
1765903682463,6259.38,1270.75,211779584,187006976,177188904,168.98,9928933
1765903682565,6259.47,1270.79,211779584,187006976,177190440,168.98,9928933
1765903682666,6264.25,1273.63,212992000,195919872,174484728,166.40,9930283
1765903682767,6264.35,1273.66,212992000,195919872,174486264,166.40,9930283
1765903682866,6267.32,1275.59,212992000,195919872,174734280,166.64,9907055
1765903682968,6267.44,1275.64,212992000,195919872,174735816,166.64,9907055
1765903683069,6267.54,1275.71,212992000,195919872,174737328,166.64,9907055
1765903683170,6270.47,1277.36,212992000,195919872,174985416,166.88,9908406
1765903683271,6270.56,1277.40,212992000,195919872,174986952,166.88,9908406
1765903683372,6273.36,1279.15,213008384,195919872,175235432,167.12,9917949
1765903683473,6273.48,1279.20,213008384,195919872,175236968,167.12,9917949
1765903683574,6273.60,1279.26,213008384,195919872,175238480,167.12,9917949
1765903683675,6276.63,1281.13,213008384,195919872,175486568,167.36,9919301
1765903683776,6276.75,1281.17,213008384,195919872,175488104,167.36,9919301
1765903683877,6279.75,1283.33,213090304,195919872,175855584,167.71,9920652
1765903683978,6279.82,1283.36,213090304,195919872,175857120,167.71,9920652
1765903684079,6279.89,1283.40,213057536,195919872,175858632,167.71,9920652
1765903684180,6281.86,1284.63,213073920,195919872,176106696,167.95,9922004
1765903684281,6281.93,1284.65,213073920,195919872,176108232,167.95,9922004
1765903684382,6283.96,1286.13,213073920,195919872,176356584,168.19,9931547
1765903684483,6284.01,1286.16,213073920,195919872,176358120,168.19,9931547
1765903684583,6284.06,1286.20,213073920,195919872,176359632,168.19,9931547
1765903684685,6287.09,1288.40,213073920,195919872,176607720,168.43,9932898
1765903684786,6287.16,1288.43,213073920,195919872,176609256,168.43,9932898
1765903684887,6289.80,1290.22,213106688,195919872,176857464,168.66,9934250
1765903684988,6289.93,1290.29,213106688,195919872,176859000,168.67,9934250
1765903685088,6290.04,1290.33,213106688,195919872,176860512,168.67,9934250
1765903685189,6292.58,1292.25,213106688,195919872,177108600,168.90,9935602
1765903685290,6292.69,1292.30,213106688,195919872,177110136,168.91,9935602
1765903685391,6301.68,1294.41,213106688,195919872,177363248,169.15,9945145
1765903685492,6301.78,1294.47,213106688,195919872,177364872,169.15,9945145
1765903685594,6301.89,1294.53,213106688,195919872,177366384,169.15,9945145
1765903685695,6304.86,1296.54,213106688,195919872,177647024,169.42,9946496
1765903685796,6304.97,1296.60,213106688,195919872,177648560,169.42,9946496
1765903685896,6308.30,1298.69,213106688,195919872,177896648,169.66,9947848
1765903685998,6308.38,1298.73,213106688,195919872,177898184,169.66,9947848
1765903686099,6308.48,1298.79,213106688,195919872,177899696,169.66,9947848
1765903686200,6311.47,1300.61,213123072,195919872,178148400,169.90,9949198
1765903686301,6311.60,1300.66,213123072,195919872,178149936,169.90,9949198
1765903686402,6314.63,1302.71,213352448,195919872,178398344,170.13,9958741
1765903686503,6314.70,1302.74,213352448,195919872,178399880,170.14,9958741
1765903686606,6316.40,1304.02,213467136,195919872,178524928,170.25,9959413
1765903686708,6317.73,1304.89,213581824,195919872,178649416,170.37,9960092
1765903686809,6317.82,1304.93,213581824,195919872,178650952,170.37,9960092
1765903686910,6321.19,1307.06,213827584,195919872,179078248,170.78,9961443
1765903687010,6321.29,1307.10,213827584,195919872,179079784,170.78,9961443
1765903687111,6322.64,1308.07,213942272,195919872,179205128,170.90,9962114
1765903687212,6323.74,1309.04,214056960,195919872,179329616,171.02,9962793
1765903687312,6323.84,1309.09,214073344,195919872,179331152,171.02,9962793
1765903687412,6326.55,1310.99,214302720,195919872,179579872,171.26,9972337
1765903687514,6326.63,1311.04,214302720,195919872,179581408,171.26,9972337
1765903687614,6328.71,1312.25,214450176,195919872,179706656,171.38,9973009
1765903687714,6329.81,1313.10,214581248,195919872,179831144,171.50,9973688
1765903687816,6329.95,1313.16,214581248,195919872,179832680,171.50,9973688
1765903687917,6333.82,1315.06,214810624,195919872,180082200,171.74,9975040
1765903688018,6333.92,1315.12,214810624,195919872,180083736,171.74,9975040
1765903688119,6347.59,1317.24,215072768,195919872,180337344,171.98,9976392
1765903688220,6347.67,1317.30,215072768,195919872,180338880,171.98,9976392
1765903688321,6347.84,1317.36,215072768,195919872,180340392,171.99,9976392
1765903688422,6352.21,1319.50,215334912,195919872,180590624,172.22,9985934
1765903688523,6352.31,1319.54,215334912,195919872,180592160,172.23,9985934
1765903688624,6357.48,1321.69,215564288,195919872,180849792,172.47,9987285
1765903688725,6357.59,1321.74,215564288,195919872,180851328,172.47,9987285
1765903688826,6357.72,1321.78,215564288,195919872,180852840,172.47,9987285
1765903688927,6370.01,1324.43,215826432,195919872,181113688,172.72,9988637
1765903689028,6370.09,1324.47,215826432,195919872,181115224,172.72,9988637
1765903689128,6375.97,1326.69,216088576,195919872,181364912,172.96,9989989
1765903689230,6376.04,1326.73,216088576,195919872,181366448,172.96,9989989
1765903689331,6376.11,1326.77,216088576,195919872,181367960,172.97,9989989
1765903689432,6379.18,1328.93,216334336,195919872,181617952,173.20,9999533
1765903689533,6379.25,1328.97,216334336,195919872,181619488,173.21,9999533
1765903689634,6384.97,1331.07,216563712,195919872,181875720,173.45,10000884
1765903689735,6385.06,1331.13,216563712,195919872,181877256,173.45,10000884
1765903689836,6385.15,1331.17,216563712,195919872,181878768,173.45,10000884
1765903689937,6392.05,1334.61,217251840,197230592,176080608,167.92,9944892
1765903690037,6392.14,1334.65,217251840,197230592,176082144,167.93,9944892
1765903690138,6395.06,1336.53,217268224,197230592,176331536,168.16,9946243
1765903690239,6395.15,1336.56,217268224,197230592,176333072,168.16,9946243
1765903690339,6395.27,1336.61,217268224,197230592,176334584,168.17,9946243
1765903690441,6398.06,1338.57,217284608,197230592,176584304,168.40,9955786
1765903690542,6398.14,1338.61,217284608,197230592,176585840,168.41,9955786
1765903690643,6400.91,1340.33,217284608,197230592,176835184,168.64,9957137
1765903690744,6400.98,1340.36,217284608,197230592,176836720,168.64,9957137
1765903690845,6401.05,1340.39,217284608,197230592,176838232,168.65,9957137
1765903690945,6408.23,1342.61,217300992,197230592,177088056,168.88,9958489
1765903691047,6408.31,1342.65,217300992,197230592,177089592,168.89,9958489
1765903691148,6411.28,1344.39,217300992,197230592,177338976,169.12,9959839
1765903691248,6411.38,1344.43,217300992,197230592,177340512,169.13,9959839
1765903691350,6411.47,1344.47,217300992,197230592,177342024,169.13,9959839
1765903691451,6414.02,1346.17,217300992,197230592,177591592,169.36,9969382
1765903691552,6414.12,1346.27,217300992,197230592,177593128,169.37,9969382
1765903691653,6416.80,1348.06,217317376,197230592,177842512,169.60,9970733
1765903691755,6416.93,1348.13,217317376,197230592,177844048,169.61,9970733
1765903691858,6419.20,1349.39,217317376,197230592,177969728,169.73,9971405
1765903691959,6420.27,1350.11,217317376,197230592,178094928,169.84,9972084
1765903692060,6420.39,1350.16,217317376,197230592,178096464,169.85,9972084
1765903692161,6424.57,1352.34,217317376,197230592,178351760,170.09,9973435
1765903692262,6424.68,1352.38,217317376,197230592,178353296,170.09,9973435
1765903692363,6427.38,1353.63,217333760,197230592,178479480,170.21,9982299
1765903692464,6428.38,1354.44,217333760,197230592,178604608,170.33,9982978
1765903692565,6428.45,1354.48,217333760,197230592,178606144,170.33,9982978
1765903692665,6431.41,1356.56,217481216,197230592,178855560,170.57,9984329
1765903692767,6431.51,1356.60,217481216,197230592,178857096,170.57,9984329
1765903692867,6438.65,1359.17,217743360,197230592,179255728,170.95,9985680
1765903692969,6438.76,1359.28,217759744,197230592,179257264,170.95,9985680
1765903693069,6438.86,1359.33,217759744,197230592,179258776,170.95,9985680
1765903693170,6441.52,1361.41,217989120,197230592,179508264,171.19,9987032
1765903693271,6441.62,1361.47,217989120,197230592,179509800,171.19,9987032
1765903693372,6444.44,1363.59,218234880,197230592,179759408,171.43,9996575
1765903693473,6444.56,1363.63,218234880,197230592,179760944,171.43,9996575
1765903693574,6444.69,1363.69,218234880,197230592,179762456,171.43,9996575
1765903693674,6447.56,1365.70,218480640,197230592,180011848,171.67,9997927
1765903693776,6447.71,1365.74,218480640,197230592,180013384,171.67,9997927
1765903693877,6452.30,1368.09,218726400,197230592,180262832,171.91,9999279
1765903693978,6452.37,1368.13,218726400,197230592,180264368,171.91,9999279
1765903694079,6452.43,1368.17,218726400,197230592,180265880,171.91,9999279
1765903694179,6455.35,1370.50,218988544,197230592,180515232,172.15,10000630
1765903694281,6455.42,1370.53,218988544,197230592,180516768,172.15,10000630
1765903694382,6459.04,1372.61,219217920,197230592,180766360,172.39,10010174
1765903694483,6459.11,1372.64,219217920,197230592,180767896,172.39,10010174
1765903694583,6459.19,1372.69,219217920,197230592,180769408,172.40,10010174
1765903694685,6462.15,1374.73,219463680,197230592,181018904,172.63,10011526
1765903694785,6462.23,1374.76,219463680,197230592,181020440,172.63,10011526
1765903694887,6464.79,1376.72,219725824,197230592,181269824,172.87,10012878
1765903694988,6464.89,1376.78,219725824,197230592,181271360,172.87,10012878
1765903695089,6464.97,1376.84,219725824,197230592,181272872,172.88,10012878
1765903695190,6467.50,1378.75,219955200,197230592,181522368,173.11,10014229
1765903695291,6467.61,1378.79,219955200,197230592,181523904,173.11,10014229
1765903695392,6470.31,1380.72,220217344,197230592,181773680,173.35,10023771
1765903695493,6470.41,1380.77,220217344,197230592,181775216,173.35,10023771
1765903695594,6470.55,1380.81,220217344,197230592,181776728,173.36,10023771
1765903695695,6473.56,1382.95,220479488,197230592,182026120,173.59,10025122
1765903695796,6473.65,1383.00,220479488,197230592,182027656,173.60,10025122
1765903695897,6478.95,1385.62,221773824,197754880,176988944,168.79,10026473
1765903695998,6479.04,1385.67,221773824,197754880,176990480,168.79,10026473
1765903696099,6479.10,1385.71,221773824,197754880,176991992,168.79,10026473
1765903696201,6481.95,1387.61,221806592,197754880,177241376,169.03,9978673
1765903696302,6482.07,1387.65,221806592,197754880,177242912,169.03,9978673
1765903696402,6484.23,1389.45,221806592,197754880,177492584,169.27,9988216
1765903696503,6484.35,1389.49,221806592,197754880,177494120,169.27,9988216
1765903696607,6486.19,1390.77,221806592,197754880,177619800,169.39,9988888
1765903696708,6487.36,1391.79,221806592,197754880,177744952,169.51,9989567
1765903696809,6487.51,1391.83,221806592,197754880,177746488,169.51,9989567
1765903696909,6490.47,1393.87,221822976,197754880,177995832,169.75,9990918
1765903697010,6490.58,1393.92,221822976,197754880,177997368,169.75,9990918
1765903697111,6492.44,1395.19,221822976,197754880,178123104,169.87,9991590
1765903697212,6493.57,1396.08,221822976,197754880,178248232,169.99,9992269
1765903697313,6493.66,1396.12,221822976,197754880,178249768,169.99,9992269
1765903697414,6498.08,1398.18,221822976,197754880,178507752,170.24,10001813
1765903697515,6498.17,1398.23,221822976,197754880,178509288,170.24,10001813
1765903697618,6501.27,1400.45,221839360,197754880,178758648,170.48,10003165
1765903697718,6501.35,1400.51,221839360,197754880,178760184,170.48,10003165
1765903697819,6501.48,1400.56,221839360,197754880,178761696,170.48,10003165
1765903697920,6504.15,1402.33,221839360,197754880,179011144,170.72,10004516
1765903698021,6504.24,1402.39,221839360,197754880,179012680,170.72,10004516
1765903698121,6506.88,1404.50,221872128,197754880,179262104,170.96,10005867
1765903698221,6506.99,1404.55,221872128,197754880,179263640,170.96,10005867
1765903698323,6507.11,1404.60,221872128,197754880,179265152,170.96,10005867
1765903698424,6510.55,1406.81,221872128,197754880,179514904,171.20,10015411
1765903698525,6510.66,1406.85,221872128,197754880,179516440,171.20,10015411
1765903698626,6513.10,1408.53,221872128,197754880,179765784,171.44,10016762
1765903698727,6513.19,1408.57,221872128,197754880,179767320,171.44,10016762
1765903698828,6513.24,1408.61,221872128,197754880,179768832,171.44,10016762
1765903698929,6515.82,1410.88,221872128,197754880,180031800,171.69,10018112
1765903699030,6515.90,1410.91,221872128,197754880,180033336,171.69,10018112
1765903699132,6519.48,1412.79,221872128,197754880,180282712,171.93,10019463
1765903699233,6519.58,1412.83,221872128,197754880,180284248,171.93,10019463
1765903699334,6519.68,1412.89,221872128,197754880,180285760,171.93,10019463
1765903699435,6522.60,1415.00,221872128,197754880,180562896,172.20,10029006
1765903699536,6522.70,1415.04,221872128,197754880,180564432,172.20,10029006
1765903699636,6525.66,1417.36,221872128,197754880,180813808,172.44,10030358
1765903699738,6525.74,1417.40,221872128,197754880,180815344,172.44,10030358
1765903699839,6525.84,1417.44,221872128,197754880,180816856,172.44,10030358
1765903699940,6529.57,1419.54,221888512,197754880,181066664,172.68,10031709
1765903700041,6529.65,1419.59,221888512,197754880,181068200,172.68,10031709
1765903700142,6532.53,1421.71,221888512,197754880,181317224,172.92,10033061
1765903700243,6532.63,1421.75,221888512,197754880,181318760,172.92,10033061
1765903700344,6532.75,1421.79,221888512,197754880,181320272,172.92,10033061
1765903700445,6540.46,1424.31,221888512,197754880,181632496,173.22,10042604
1765903700546,6540.53,1424.35,221888512,197754880,181634032,173.22,10042604
1765903700647,6543.02,1426.16,221904896,197754880,181880592,173.45,10043956
1765903700748,6543.10,1426.20,221904896,197754880,181882128,173.46,10043956
1765903700849,6543.20,1426.25,221904896,197754880,181883640,173.46,10043956
1765903700950,6547.75,1428.21,221921280,197754880,182130168,173.69,10045307
1765903701050,6547.83,1428.25,221921280,197754880,182131704,173.69,10045307
1765903701152,6558.58,1430.67,221954048,198017024,182591168,174.13,10046659
1765903701253,6558.67,1430.71,221954048,198017024,182592704,174.13,10046659
1765903701484,6805.53,1447.97,263995392,238960640,198669080,189.47,10006372
1765903701584,7066.37,1467.89,289718272,262340608,233878488,223.04,9717697
1765903701683,7316.89,1474.00,295682048,268369920,238263656,227.23,9716345
1765903701785,7450.99,1477.16,297304064,270204928,241108368,229.94,9716369
1765903701886,7451.03,1477.19,297304064,270204928,241109904,229.94,9716369
1765903701987,7451.09,1477.23,297304064,270204928,241111416,229.94,9716369
1765903702088,7451.16,1477.29,297304064,270204928,241112928,229.94,9716369
1765903702187,7526.80,1484.09,310575104,283312128,244473672,233.15,9717227
1765903702289,7565.29,1485.35,311099392,283836416,249375016,237.82,9717251
1765903702390,7565.37,1485.40,311099392,283836416,249376552,237.82,9717251
1765903702491,7565.49,1485.47,311099392,283836416,249378064,237.83,9717251
1765903702592,7565.58,1485.53,311099392,283836416,249379576,237.83,9717251
1765903702693,7565.73,1485.60,311099392,283836416,249381088,237.83,9717251
1765903702795,7565.90,1485.71,311099392,283836416,249382600,237.83,9717251
1765903702896,7566.04,1485.77,311099392,283836416,249384112,237.83,9717251
1765903702997,7566.22,1485.87,311099392,283836416,249385624,237.83,9717251
1765903703098,7566.27,1485.91,311099392,283836416,249387136,237.83,9717251
1765903703199,7566.32,1485.96,311099392,283836416,249388648,237.84,9717251
1765903703300,7566.39,1486.01,311099392,283836416,249390160,237.84,9717251
1765903703400,7566.47,1486.07,311099392,283836416,249391672,237.84,9717251
1765903703502,7566.54,1486.10,311099392,283836416,249393184,237.84,9717251
1765903703602,7566.61,1486.15,311066624,283836416,249394696,237.84,9717251
1765903703704,7566.66,1486.21,311066624,283836416,249396208,237.84,9717251
1765903703805,7566.72,1486.26,311066624,283836416,249397720,237.84,9717251
1765903703906,7566.78,1486.29,311066624,283836416,249399232,237.85,9717251
1765903704007,7566.91,1486.34,311066624,283836416,249400744,237.85,9717251
1765903704108,7567.06,1486.45,311066624,283836416,249402256,237.85,9717251
1765903704208,7567.13,1486.50,311066624,283836416,249403768,237.85,9717251
1765903704310,7567.19,1486.55,311066624,283836416,249405280,237.85,9717251
1765903704411,7567.33,1486.61,311066624,283836416,249406792,237.85,9717251
1765903704512,7567.57,1486.73,311066624,283836416,249408304,237.85,9717251
1765903704612,7567.76,1486.85,311066624,283836416,249410040,237.86,9725443
1765903704714,7567.83,1486.89,311066624,283836416,249411576,237.86,9725443
1765903704815,7567.88,1486.92,311066624,283836416,249413088,237.86,9725443
1765903704916,7567.95,1486.98,311066624,283836416,249414600,237.86,9725443
1765903705017,7568.01,1487.01,311066624,283836416,249416112,237.86,9725443
1765903705118,7568.06,1487.05,311066624,283836416,249417624,237.86,9725443
1765903705219,7568.11,1487.08,311066624,283836416,249419136,237.86,9725443
1765903705320,7568.17,1487.13,311066624,283836416,249420648,237.87,9725443
1765903705421,7568.23,1487.17,311066624,283836416,249422160,237.87,9725443
1765903705521,7568.28,1487.21,311066624,283836416,249423672,237.87,9725443
1765903705622,7568.34,1487.25,311066624,283836416,249425184,237.87,9725443
1765903705723,7568.39,1487.30,311066624,283836416,249426696,237.87,9725443
1765903705824,7568.45,1487.35,311066624,283836416,249428208,237.87,9725443
1765903705925,7568.52,1487.40,311066624,283836416,249429720,237.87,9725443
1765903706026,7568.65,1487.46,311066624,283836416,249431232,237.88,9725443
1765903706126,7568.82,1487.58,311066624,283836416,249432744,237.88,9725443
1765903706227,7568.89,1487.63,311066624,283836416,249434256,237.88,9725443
1765903706328,7568.96,1487.67,311066624,283836416,249435768,237.88,9725443
1765903706429,7570.08,1487.72,311066624,283836416,249437280,237.88,9725443
1765903706530,7570.20,1487.77,311066624,283836416,249438792,237.88,9725443
1765903706630,7570.36,1487.89,311066624,283836416,249440304,237.88,9725443
1765903706732,7570.40,1487.92,311066624,283836416,249441816,237.89,9725443
1765903706833,7570.44,1487.96,311066624,283836416,249443328,237.89,9725443
1765903706934,7570.49,1487.99,311066624,283836416,249444840,237.89,9725443
1765903707035,7570.55,1488.04,311066624,283836416,249446352,237.89,9725443
1765903707136,7570.61,1488.07,311066624,283836416,249447864,237.89,9725443
1765903707237,7570.68,1488.12,311066624,283836416,249449376,237.89,9725443
1765903707338,7570.74,1488.17,311066624,283836416,249450888,237.89,9725443
1765903707439,7570.80,1488.22,311066624,283836416,249452400,237.90,9725443
1765903707539,7570.90,1488.26,311066624,283836416,249453912,237.90,9725443
1765903707641,7571.01,1488.31,311066624,283836416,249455424,237.90,9725443
1765903707742,7571.11,1488.37,311066624,283836416,249456936,237.90,9725443
1765903707843,7571.21,1488.43,311066624,283836416,249458448,237.90,9725443
1765903707944,7571.35,1488.50,311066624,283836416,249459960,237.90,9725443
1765903708044,7571.50,1488.62,311066624,283836416,249461472,237.90,9725443
1765903708146,7571.64,1488.69,311066624,283836416,249462984,237.91,9725443
1765903708247,7571.82,1488.81,311066624,283836416,249464496,237.91,9725443
1765903708348,7571.89,1488.86,311066624,283836416,249466008,237.91,9725443
1765903708449,7572.00,1488.94,311066624,283836416,249467520,237.91,9725443
1765903708549,7572.08,1489.00,311066624,283836416,249469032,237.91,9725443
1765903708651,7572.15,1489.07,311066624,283836416,249470544,237.91,9725443
1765903708752,7572.21,1489.12,311066624,283836416,249472056,237.92,9725443
1765903708853,7572.28,1489.17,311066624,283836416,249473568,237.92,9725443
1765903708954,7572.35,1489.22,311066624,283836416,249475080,237.92,9725443
1765903709055,7572.50,1489.29,311066624,283836416,249476592,237.92,9725443
1765903709156,7572.59,1489.33,311066624,283836416,249478104,237.92,9725443
1765903709258,7572.70,1489.40,311066624,283836416,249479616,237.92,9725443
1765903709359,7572.80,1489.46,311066624,283836416,249481128,237.92,9725443
1765903709460,7572.90,1489.54,311066624,283836416,249482640,237.93,9725443
1765903709561,7573.02,1489.61,311066624,283836416,249484152,237.93,9725443
1765903709661,7573.21,1489.73,311066624,283836416,249485832,237.93,9725443
1765903709763,7702.76,1502.89,232292352,204570624,169463440,161.61,9724537
1765903709865,7702.90,1502.96,232292352,204570624,169722600,161.86,9724537
1765903709966,7702.99,1503.02,232292352,204570624,169724112,161.86,9724537
1765903710067,7703.08,1503.10,232292352,204570624,169725624,161.86,9724537
1765903710168,7703.21,1503.17,232292352,204570624,169727136,161.86,9724537
1765903710268,7703.39,1503.28,232292352,204570624,169728648,161.87,9724537
1765903710370,7831.47,1513.22,204783616,176783360,169084560,161.25,9724537
1765903710471,7831.57,1513.29,204783616,176783360,169262928,161.42,9724537
1765903710572,7831.65,1513.35,204783616,176783360,169264440,161.42,9724537
1765903710674,7831.79,1513.44,204783616,176783360,169265952,161.42,9724537
1765903710775,7831.88,1513.52,204783616,176783360,169267464,161.43,9724537
1765903710876,7831.98,1513.59,204783616,176783360,169268976,161.43,9724537
1765903710976,7956.36,1520.99,205094912,176259072,169248144,161.41,9724537
1765903711077,7956.46,1521.05,205094912,176259072,169471712,161.62,9724537
