timestamp,cpu_user,cpu_system,rss,heapTotal,heapUsed,heapUsedMB,external
1770208980824,334.90,101.35,155877376,70828032,46402976,44.25,4119229
1770208980925,335.02,101.47,155877376,70828032,46407784,44.26,4119285
1770208981026,335.26,101.57,155893760,70828032,46410448,44.26,4119285
1770208981127,335.85,101.75,155910144,70828032,46440208,44.29,4119285
1770208981228,336.03,101.80,155910144,70828032,46442512,44.29,4119285
1770208981329,336.50,101.89,155910144,70828032,46445280,44.29,4119285
1770208981430,336.84,102.03,155910144,70828032,46447584,44.30,4119285
1770208981531,337.07,102.09,155910144,70828032,46449888,44.30,4119285
1770208981632,337.44,102.18,155910144,70828032,46452192,44.30,4119285
1770208981734,337.89,102.28,155926528,70828032,46454592,44.30,4119285
1770208981835,338.25,102.42,155942912,70828032,46456992,44.30,4119285
1770208981936,338.62,102.57,155942912,70828032,46459120,44.31,4119285
1770208982037,339.10,102.75,155942912,70828032,46461568,44.31,4119285
1770208982138,339.36,102.86,155942912,70828032,46463616,44.31,4119285
1770208982238,339.59,102.96,155942912,70828032,46465664,44.31,4119285
1770208982339,344.79,104.43,156254208,71090176,47042104,44.86,4128811
1770208982440,344.99,104.48,156270592,71090176,47044208,44.86,4128811
1770208982542,345.21,104.57,156270592,71090176,47046256,44.87,4128811
1770208982642,351.72,106.50,156483584,71352320,47543536,45.34,4130145
1770208982743,351.99,106.62,155992064,71352320,47545608,45.34,4130145
1770208982844,357.35,108.78,156041216,71352320,47828208,45.61,4139671
1770208982945,357.67,108.90,121307136,71352320,47830280,45.61,4139671
1770208983046,358.03,109.06,106479616,71352320,47832328,45.62,4139671
1770208983148,362.93,111.17,106840064,71614464,48143400,45.91,4141005
1770208983248,363.11,111.28,106840064,71614464,48145472,45.92,4141005
1770208983350,367.36,112.94,107249664,71614464,48423624,46.18,4150531
1770208983450,367.59,113.03,107249664,71614464,48425696,46.18,4150531
1770208983551,367.90,113.21,107249664,71614464,48427744,46.18,4150531
1770208983651,372.51,115.35,107593728,71876608,48918944,46.65,4151865
1770208983751,372.68,115.43,107593728,71876608,48921016,46.65,4151865
1770208983853,379.44,117.91,108429312,71876608,49399872,47.11,4161391
1770208983954,379.77,118.09,108429312,71876608,49401944,47.11,4161391
1770208984055,380.13,118.26,108429312,71876608,49403992,47.12,4161391
1770208984156,385.96,120.90,108756992,71876608,49685360,47.38,4162725
1770208984257,386.30,121.03,108756992,71876608,49687432,47.39,4162725
1770208984358,391.15,123.35,109068288,71876608,49965296,47.65,4172251
1770208984459,391.47,123.49,109084672,71876608,49967336,47.65,4172251
1770208984561,391.79,123.61,109084672,71876608,49969432,47.65,4172251
1770208984661,396.44,126.13,109363200,71876608,50246728,47.92,4173585
1770208984762,396.65,126.21,109379584,71876608,50248816,47.92,4173585
1770208984862,412.06,137.19,127860736,80265216,45937208,43.81,4183113
1770208984963,412.30,137.30,127860736,80265216,45939296,43.81,4183113
1770208985065,412.61,137.45,127860736,80265216,45941360,43.81,4183113
1770208985166,417.25,139.78,127893504,80265216,46218784,44.08,4125237
1770208985267,417.55,139.91,127893504,80265216,46220872,44.08,4125237
1770208985368,420.12,141.04,121683968,80265216,46498592,44.34,4134765
1770208985469,420.20,141.08,116310016,80265216,46500680,44.35,4134765
1770208985570,420.36,141.14,116326400,80265216,46502744,44.35,4134765
1770208985672,421.41,141.84,116555776,80265216,46780136,44.61,4136101
1770208985772,421.53,141.98,116588544,80265216,46782224,44.62,4136101
1770208985872,425.91,144.55,116850688,80265216,47059872,44.88,4145629
1770208985973,426.24,144.68,116850688,80265216,47061960,44.88,4145629
1770208986074,426.64,144.87,116850688,80265216,47064024,44.88,4145629
1770208986175,431.21,147.22,117161984,80265216,47341424,45.15,4146965
1770208986276,431.51,147.32,117161984,80265216,47343512,45.15,4146965
1770208986377,437.87,149.59,117506048,80265216,47621424,45.42,4156493
1770208986478,438.20,149.76,117506048,80265216,47623512,45.42,4156493
1770208986579,438.51,149.90,117506048,80265216,47625576,45.42,4156493
1770208986681,443.29,152.17,117522432,80265216,47902976,45.68,4157829
1770208986783,443.76,152.34,117522432,80265216,47905120,45.69,4157829
1770208986883,448.59,154.70,117571584,80265216,48182824,45.95,4167357
1770208986983,448.86,154.83,117571584,80265216,48184912,45.95,4167357
1770208987084,449.17,154.97,117571584,80265216,48186976,45.95,4167357
1770208987185,456.06,157.24,117850112,80265216,48464560,46.22,4168693
1770208987286,456.38,157.38,117850112,80265216,48466648,46.22,4168693
1770208987386,460.81,159.85,118161408,80265216,48744376,46.49,4178221
1770208987487,461.14,159.98,118161408,80265216,48746464,46.49,4178221
1770208987589,461.49,160.12,118161408,80265216,48748528,46.49,4178221
1770208987690,464.85,161.77,118472704,80265216,49047008,46.77,4179557
1770208987791,464.99,161.83,118472704,80265216,49049096,46.78,4179557
1770208987891,468.13,163.78,118767616,80265216,49326696,47.04,4189085
1770208987992,468.33,163.85,118767616,80265216,49328784,47.04,4189085
1770208988093,468.64,163.96,118767616,80265216,49330848,47.05,4189085
1770208988193,473.77,165.84,119062528,80265216,49608232,47.31,4190421
1770208988294,473.98,165.95,119062528,80265216,49610320,47.31,4190421
1770208988395,479.86,168.38,119357440,80265216,49887976,47.58,4199949
1770208988496,480.19,168.53,119357440,80265216,49890064,47.58,4199949
1770208988597,480.50,168.69,119357440,80265216,49892128,47.58,4199949
1770208988698,486.49,171.14,119619584,80265216,50169584,47.85,4201285
1770208988799,486.78,171.21,119619584,80265216,50171672,47.85,4201285
1770208988900,571.65,190.34,114196480,46972928,39802336,37.96,4127689
1770208989001,571.85,190.39,114196480,46972928,39804440,37.96,4127689
1770208989102,572.08,190.51,114196480,46972928,39806472,37.96,4127689
1770208989202,578.05,192.66,114212864,46972928,40090792,38.23,4129025
1770208989303,578.37,192.77,114212864,46972928,40092848,38.24,4129025
1770208989404,582.50,194.96,114212864,46972928,40370768,38.50,4138553
1770208989508,660.15,204.06,119734272,42778624,39494024,37.66,4118831
1770208989610,671.80,207.27,110264320,42778624,39754840,37.91,4119501
1770208989712,675.56,208.37,110379008,42778624,39888584,38.04,4120167
1770208989813,675.85,208.49,110395392,42778624,39890592,38.04,4120167
1770208989913,678.37,210.12,110641152,42778624,40155544,38.30,4129695
1770208990015,678.63,210.24,110641152,42778624,40157552,38.30,4129695
1770208990116,685.83,211.30,110772224,42778624,40296264,38.43,4130365
1770208990217,722.45,213.51,110280704,43040768,39911064,38.06,4119497
1770208990318,722.61,213.59,110280704,43040768,39913072,38.06,4119497
1770208990419,726.43,215.58,110526464,43040768,40167752,38.31,4129025
1770208990520,726.71,215.71,110526464,43040768,40169760,38.31,4129025
1770208990622,727.83,216.39,110657536,43040768,40298504,38.43,4129695
1770208990724,728.56,216.79,110788608,43040768,40426208,38.55,4130361
1770208990824,728.79,216.89,110788608,43040768,40428216,38.56,4130361
1770208990925,735.34,219.18,111034368,43040768,40681920,38.80,4139889
1770208991026,735.57,219.29,111034368,43040768,40683928,38.80,4139889
1770208991126,738.45,220.82,111558656,46186496,39962408,38.11,4140559
1770208991228,742.23,221.82,111689728,46186496,40089112,38.23,4129695
1770208991328,742.37,221.94,111689728,46186496,40091096,38.23,4129695
1770208991429,750.85,224.14,111951872,46186496,40343136,38.47,4139223
1770208991530,751.15,224.27,111951872,46186496,40345144,38.48,4139223
1770208991630,753.07,225.41,112082944,46186496,40472008,38.60,4139893
1770208991731,755.01,226.44,112197632,46186496,40597888,38.72,4140559
1770208991832,755.35,226.60,112197632,46186496,40599872,38.72,4140559
1770208991933,758.28,228.35,112443392,46186496,40850984,38.96,4150087
1770208992034,758.45,228.44,112443392,46186496,40852992,38.96,4150087
1770208992136,760.60,229.60,112558080,46186496,40979856,39.08,4150757
1770208992237,763.07,230.95,112672768,46186496,41105792,39.20,4151423
1770208992338,763.40,231.09,112672768,46186496,41107800,39.20,4151423
1770208992440,767.23,233.35,112934912,46186496,41497488,39.58,4160951
1770208992540,767.49,233.50,112934912,46186496,41499496,39.58,4160951
1770208992641,770.41,234.72,113065984,46186496,41626360,39.70,4161621
1770208992742,772.36,235.85,113197056,46186496,41752200,39.82,4162287
1770208992843,772.66,236.00,113197056,46186496,41754208,39.82,4162287
1770208992943,776.92,237.69,113344512,46186496,40452536,38.58,4137217
1770208993045,777.16,237.79,113344512,46186496,40454544,38.58,4137217
1770208993145,779.02,238.97,113344512,46186496,40581440,38.70,4137887
1770208993247,780.76,240.02,113344512,46186496,40707272,38.82,4138553
1770208993346,780.94,240.10,113344512,46186496,40709280,38.82,4138553
1770208993448,790.76,242.13,113360896,46186496,40960832,39.06,4148081
1770208993549,791.06,242.25,113360896,46186496,40962840,39.07,4148081
1770208993650,798.86,243.41,113377280,46186496,41088360,39.18,4148751
1770208993750,800.15,244.28,113491968,46186496,41212432,39.30,4149417
1770208993852,800.32,244.37,113491968,46186496,41214440,39.31,4149417
1770208993953,805.88,246.28,113754112,46186496,41462056,39.54,4158945
1770208994054,806.09,246.39,113754112,46186496,41464064,39.54,4158945
1770208994155,808.37,247.44,113868800,46186496,41589216,39.66,4159615
1770208994256,809.82,248.25,113983488,46186496,41713288,39.78,4160281
1770208994357,809.99,248.35,113999872,46186496,41715296,39.78,4160281
1770208994458,813.08,250.07,114229248,46186496,41962712,40.02,4169809
1770208994559,813.27,250.14,114229248,46186496,41964720,40.02,4169809
1770208994660,816.68,251.23,114376704,46186496,42091416,40.14,4170479
1770208994762,822.63,252.25,114376704,46186496,40709272,38.82,4171145
1770208994862,822.82,252.34,114376704,46186496,40711280,38.83,4171145
1770208994963,827.62,254.29,114376704,46186496,40954424,39.06,4138553
1770208995064,827.78,254.37,114376704,46186496,40956408,39.06,4138553
1770208995165,831.73,255.34,114393088,46186496,41079040,39.18,4139223
1770208995266,833.13,256.33,114393088,46186496,41200592,39.29,4139889
1770208995367,833.32,256.41,114393088,46186496,41202576,39.29,4139889
1770208995468,838.88,258.00,114393088,46186496,41445200,39.53,4149417
1770208995569,839.14,258.10,114393088,46186496,41447184,39.53,4149417
1770208995670,842.44,259.38,114393088,46186496,41569832,39.64,4150087
1770208995771,844.03,260.35,114393088,46186496,41691368,39.76,4150753
1770208995872,844.25,260.44,114393088,46186496,41693376,39.76,4150753
1770208995973,850.14,262.43,114409472,46186496,41936448,39.99,4160281
1770208996074,850.30,262.52,114409472,46186496,41938432,40.00,4160281
1770208996175,855.13,264.53,114425856,46186496,42180000,40.23,4161617
1770208996277,856.47,264.59,114425856,46186496,42182208,40.23,4161617
1770208996378,856.59,264.67,114425856,46186496,42184192,40.23,4161617
1770208996478,862.60,266.49,114573312,46186496,40921120,39.03,4137217
1770208996578,862.76,266.56,114573312,46186496,40923104,39.03,4137217
1770208996678,867.18,268.60,114573312,46186496,41164584,39.26,4138553
1770208996779,867.35,268.67,114573312,46186496,41166568,39.26,4138553
1770208996880,867.66,268.82,114573312,46186496,41168552,39.26,4138553
1770208996980,871.46,271.14,114573312,46186496,41410264,39.49,4148081
1770208997080,871.80,271.25,114573312,46186496,41412248,39.49,4148081
1770208997182,877.69,273.37,114589696,46186496,41653760,39.72,4149417
1770208997283,877.97,273.46,114589696,46186496,41655744,39.73,4149417
1770208997384,878.25,273.58,114589696,46186496,41657728,39.73,4149417
1770208997485,882.11,275.78,114589696,46186496,41899456,39.96,4158945
1770208997586,882.44,275.93,114589696,46186496,41901440,39.96,4158945
1770208997686,889.87,278.12,114589696,46186496,42143376,40.19,4160281
1770208997787,894.18,278.23,114655232,46186496,42146248,40.19,4160281
1770208997888,894.39,278.34,114655232,46186496,42148232,40.20,4160281
1770208997988,899.37,280.64,114900992,46448640,41060136,39.16,4169809
1770208998089,899.50,280.72,114900992,46448640,41062120,39.16,4169809
1770208998189,905.91,283.11,114966528,46448640,41301960,39.39,4129695
1770208998290,907.51,283.16,114966528,46448640,41304992,39.39,4129695
1770208998391,907.62,283.24,114966528,46448640,41306976,39.39,4129695
1770208998492,917.48,285.12,114966528,46448640,41546008,39.62,4139223
1770208998593,917.64,285.21,114966528,46448640,41547992,39.62,4139223
1770208998694,928.08,287.43,116015104,46448640,41785504,39.85,4140559
1770208998794,946.33,288.33,118882304,46448640,41791288,39.86,4140559
1770208998895,946.50,288.43,118882304,46448640,41793272,39.86,4140559
1770208998996,956.58,290.33,118915072,46448640,42031976,40.08,4150087
1770208999097,956.72,290.41,118915072,46448640,42033960,40.09,4150087
1770208999198,964.00,292.66,118915072,46448640,42270968,40.31,4151423
1770208999300,964.18,292.74,118915072,46448640,42272952,40.31,4151423
1770208999401,964.41,292.85,118915072,46448640,42274936,40.32,4151423
1770208999502,970.81,295.35,118915072,46448640,42515976,40.55,4160951
1770208999603,970.97,295.43,118915072,46448640,42517960,40.55,4160951
1770208999704,993.03,297.36,118980608,46448640,42774672,40.79,4162287
1770208999805,993.14,297.42,118980608,46448640,42776656,40.79,4162287
1770208999906,993.35,297.53,118980608,46448640,42778640,40.80,4162287
1770209000007,998.47,299.98,119209984,46972928,41499168,39.58,4137887
1770209000109,998.69,300.07,119209984,46972928,41501152,39.58,4137887
1770209000210,1002.42,302.49,119209984,46972928,41792800,39.86,4139223
1770209000309,1002.65,302.58,119209984,46972928,41794784,39.86,4139223
1770209000410,1002.95,302.71,119209984,46972928,41796768,39.86,4139223
1770209000510,1007.50,304.92,119209984,46972928,42033496,40.09,4148751
1770209000611,1007.77,305.04,119209984,46972928,42035480,40.09,4148751
1770209000712,1011.23,307.55,119226368,46972928,42271976,40.31,4150087
1770209000813,1011.41,307.66,119226368,46972928,42273960,40.32,4150087
1770209000914,1011.61,307.73,119226368,46972928,42275944,40.32,4150087
1770209001015,1021.76,309.98,119226368,46972928,42514096,40.54,4159615
1770209001116,1021.90,310.06,119226368,46972928,42516080,40.55,4159615
1770209001218,1026.38,312.51,119226368,46972928,42753024,40.77,4160951
1770209001319,1026.62,312.62,119226368,46972928,42755008,40.77,4160951
1770209001420,1026.89,312.73,119226368,46972928,42756992,40.78,4160951
1770209001520,1033.10,316.05,119783424,51953664,41672896,39.74,4170479
1770209001622,1033.30,316.12,119783424,51953664,41674880,39.74,4170479
1770209001722,1042.56,318.35,119783424,51953664,41912304,39.97,4129695
1770209001823,1042.70,318.42,119783424,51953664,41914288,39.97,4129695
1770209001924,1042.87,318.49,119783424,51953664,41916272,39.97,4129695
1770209002025,1045.90,320.61,119783424,51953664,42152968,40.20,4139223
1770209002126,1046.09,320.69,119783424,51953664,42154952,40.20,4139223
1770209002227,1049.13,322.67,119799808,51953664,42391408,40.43,4140559
1770209002328,1049.28,322.75,119799808,51953664,42393392,40.43,4140559
1770209002430,1049.44,322.83,119799808,51953664,42395376,40.43,4140559
1770209002531,1054.39,325.14,119816192,51953664,42632168,40.66,4150087
1770209002632,1054.57,325.22,119816192,51953664,42634152,40.66,4150087
1770209002733,1060.92,327.22,119816192,51953664,42870936,40.88,4151423
1770209002834,1061.18,327.39,119816192,51953664,42872920,40.89,4151423
1770209002934,1061.50,327.56,119816192,51953664,42874904,40.89,4151423
1770209003036,1077.67,329.76,119832576,51953664,43344520,41.34,4160951
1770209003137,1077.92,329.87,119832576,51953664,43346504,41.34,4160951
1770209003238,1081.60,332.04,119832576,51953664,43579656,41.56,4162287
1770209003339,1081.78,332.11,119832576,51953664,43581640,41.56,4162287
1770209003440,1082.01,332.21,119832576,51953664,43583624,41.56,4162287
1770209003541,1085.03,333.92,120045568,51953664,43817008,41.79,4171815
1770209003641,1085.21,334.04,120061952,51953664,43819016,41.79,4171815
1770209003742,1088.94,336.44,120356864,51953664,44052200,42.01,4173151
1770209003842,1089.14,336.56,120356864,51953664,44054208,42.01,4173151
1770209003943,1089.37,336.70,120356864,51953664,44056192,42.02,4173151
1770209004044,1092.50,338.89,120586240,51953664,44289624,42.24,4182679
1770209004145,1092.69,338.96,120586240,51953664,44291632,42.24,4182679
1770209004246,1106.68,341.04,120864768,51953664,44559568,42.50,4184015
1770209004347,1106.80,341.14,120864768,51953664,44561576,42.50,4184015
1770209004448,1106.93,341.22,120864768,51953664,44563560,42.50,4184015
1770209004549,1109.94,343.12,121077760,51953664,44790200,42.72,4193543
1770209004651,1110.20,343.22,121077760,51953664,44792208,42.72,4193543
1770209004752,1113.34,345.38,121307136,51953664,45018680,42.93,4194879
1770209004853,1113.62,345.49,121307136,51953664,45020688,42.94,4194879
1770209004954,1114.09,345.73,121307136,51953664,45022672,42.94,4194879
1770209005056,1117.46,347.92,121520128,51953664,45249320,43.15,4204407
1770209005157,1117.72,348.06,121536512,51953664,45251328,43.16,4204407
1770209005258,1120.93,350.18,121765888,51953664,45477752,43.37,4205743
1770209005359,1121.09,350.25,121765888,51953664,45479760,43.37,4205743
1770209005461,1122.09,351.07,121880576,51953664,45594416,43.48,4206413
1770209005562,1124.44,351.98,122159104,51953664,42451688,40.49,4215271
1770209005663,1124.58,352.05,122159104,51953664,42453696,40.49,4215271
1770209005764,1127.92,354.09,122159104,51953664,42680112,40.70,4130361
1770209005865,1128.07,354.17,122159104,51953664,42682096,40.70,4130361
1770209005966,1130.07,355.21,122159104,51953664,42796808,40.81,4131031
1770209006067,1131.08,355.88,122159104,51953664,42910720,40.92,4139889
1770209006168,1131.33,356.01,122159104,51953664,42912704,40.92,4139889
1770209006269,1134.51,358.05,122175488,51953664,43139080,41.14,4141225
1770209006370,1134.73,358.14,122175488,51953664,43141088,41.14,4141225
1770209006470,1138.31,359.34,122175488,51953664,43256264,41.25,4141895
1770209006571,1140.07,360.29,122175488,51953664,43369808,41.36,4150753
1770209006672,1140.34,360.44,122175488,51953664,43371792,41.36,4150753
1770209006773,1143.70,362.35,122175488,51953664,43597480,41.58,4152089
1770209006874,1143.96,362.51,122175488,51953664,43599488,41.58,4152089
1770209006975,1146.16,363.71,122175488,51953664,43713840,41.69,4152759
1770209007076,1148.12,365.00,122175488,51953664,43827384,41.80,4161617
1770209007177,1148.36,365.11,122175488,51953664,43829368,41.80,4161617
1770209007278,1152.66,366.77,122372096,51953664,44055064,42.01,4162953
1770209007379,1152.87,366.85,122372096,51953664,44057072,42.02,4162953
1770209007480,1157.46,368.56,122503168,51953664,44171728,42.13,4163624
1770209007581,1159.17,369.93,122601472,51953664,44285192,42.23,4172483
1770209007682,1159.41,370.04,122617856,51953664,44287200,42.24,4172483
1770209007783,1164.51,372.06,122830848,51953664,44513080,42.45,4173821
1770209007884,1164.78,372.24,122830848,51953664,44515088,42.45,4173821
1770209007985,1167.18,373.41,122929152,51953664,44629464,42.56,4174492
1770209008086,1168.79,374.59,123043840,51953664,44742928,42.67,4183351
1770209008187,1169.02,374.75,123043840,51953664,44744936,42.67,4183351
1770209008288,1172.21,376.61,123256832,51953664,44970496,42.89,4184689
1770209008389,1172.38,376.72,123256832,51953664,44972504,42.89,4184689
1770209008490,1175.29,378.45,123469824,51953664,45198240,43.10,4194219
1770209008591,1175.38,378.50,123469824,51953664,45200248,43.11,4194219
1770209008692,1175.49,378.58,123486208,51953664,45202232,43.11,4194219
1770209008793,1178.83,380.94,123715584,51953664,45427928,43.32,4195557
1770209008894,1178.95,381.01,123715584,51953664,45429936,43.33,4195557
1770209008994,1181.99,382.74,123928576,51953664,45655680,43.54,4205087
1770209009095,1182.18,382.81,123928576,51953664,45657688,43.54,4205087
1770209009196,1182.47,382.96,123928576,51953664,45659672,43.54,4205087
1770209009298,1186.36,385.36,124157952,51953664,45885192,43.76,4206425
1770209009399,1186.66,385.50,124157952,51953664,45887200,43.76,4206425
1770209009499,1192.54,389.38,117669888,45662208,43158832,41.16,4137889
1770209009600,1192.69,389.43,117669888,45662208,43160840,41.16,4137889
1770209009701,1192.88,389.54,117669888,45662208,43162824,41.16,4137889
1770209009802,1198.41,391.27,117669888,45662208,43389208,41.38,4139227
1770209009903,1198.55,391.35,117669888,45662208,43391216,41.38,4139227
1770209010004,1202.00,393.59,117669888,45662208,43616960,41.60,4148757
1770209010105,1202.23,393.69,117669888,45662208,43618968,41.60,4148757
1770209010207,1203.90,394.39,118554624,49856512,43001752,41.01,4148757
1770209010308,1211.55,397.59,118833152,49856512,43227736,41.23,4129697
1770209010408,1211.86,397.74,118833152,49856512,43229744,41.23,4129697
1770209010509,1214.53,399.40,119046144,49856512,43455664,41.44,4139227
1770209010610,1214.69,399.50,119046144,49856512,43457648,41.44,4139227
1770209010711,1214.88,399.59,119046144,49856512,43459632,41.45,4139227
1770209010811,1233.82,401.73,119357440,49856512,43691176,41.67,4140565
1770209010912,1233.96,401.83,119357440,49856512,43693184,41.67,4140565
1770209011013,1237.01,403.83,119570432,49856512,43918328,41.88,4150095
1770209011114,1237.15,403.91,119570432,49856512,43920336,41.89,4150095
1770209011215,1237.34,404.00,119570432,49856512,43922320,41.89,4150095
1770209011316,1240.39,405.65,119783424,49856512,44147216,42.10,4151433
1770209011417,1240.59,405.76,119783424,49856512,44149224,42.10,4151433
1770209011517,1244.23,406.88,120029184,49856512,44375176,42.32,4160963
1770209011618,1244.44,406.97,120029184,49856512,44377184,42.32,4160963
1770209011718,1244.69,407.08,120029184,49856512,44379168,42.32,4160963
1770209011819,1247.14,408.82,120242176,49856512,44604048,42.54,4162301
1770209011920,1247.38,408.93,120242176,49856512,44606056,42.54,4162301
1770209012020,1250.07,410.78,120455168,49856512,44831192,42.75,4171831
1770209012122,1250.35,410.89,120471552,49856512,44833200,42.76,4171831
1770209012223,1250.60,411.04,120471552,49856512,44835184,42.76,4171831
1770209012324,1253.91,413.13,120684544,49856512,45060136,42.97,4173169
1770209012425,1254.18,413.29,120684544,49856512,45062144,42.97,4173169
1770209012547,1306.38,418.02,127909888,58802176,50571064,48.23,4129030
1770209012648,1444.55,423.36,145113088,72663040,50175120,47.85,4118832
1770209012749,1444.70,423.41,145113088,72663040,50177176,47.85,4118832
1770209012850,1447.21,424.90,145113088,72663040,50423904,48.09,4120170
1770209012951,1447.38,425.00,145113088,72663040,50425912,48.09,4120170
1770209013052,1450.84,426.67,145113088,72663040,50668904,48.32,4129700
1770209013153,1450.96,426.75,145113088,72663040,50670912,48.32,4129700
1770209013254,1451.08,426.84,145113088,72663040,50672896,48.33,4129700
1770209013355,1453.52,428.42,145113088,72663040,50915072,48.56,4131038
1770209013456,1453.66,428.51,145113088,72663040,50917080,48.56,4131038
1770209013557,1457.05,430.09,145113088,72663040,51154136,48.78,4140568
1770209013658,1457.22,430.16,145113088,72663040,51156144,48.79,4140568
1770209013759,1457.48,430.25,145113088,72663040,51158128,48.79,4140568
1770209013860,1463.04,432.26,145113088,72663040,51433208,49.05,4141906
1770209013962,1463.34,432.40,145113088,72663040,51435216,49.05,4141906
1770209014062,1467.07,434.15,145113088,72663040,51671840,49.28,4151436
1770209014164,1467.30,434.23,145113088,72663040,51673848,49.28,4151436
1770209014267,1469.17,435.28,145113088,72663040,51793304,49.39,4152107
1770209014368,1471.86,436.02,145129472,72663040,51911752,49.51,4152774
1770209014469,1472.15,436.14,145129472,72663040,51913760,49.51,4152774
1770209014571,1475.19,437.98,145129472,72663040,52149984,49.73,4162304
1770209014672,1475.49,438.11,145129472,72663040,52151992,49.74,4162304
1770209014772,1479.12,440.03,145129472,72663040,52387848,49.96,4163642
1770209014873,1479.28,440.10,145129472,72663040,52389856,49.96,4163642
1770209014974,1479.55,440.22,145129472,72663040,52391840,49.96,4163642
1770209015075,1513.65,442.76,145424384,72663040,52657320,50.22,4173172
1770209015176,1513.84,442.85,145424384,72663040,52659328,50.22,4173172
1770209015277,1521.12,444.72,145424384,72663040,52897448,50.45,4174510
1770209015378,1538.56,444.89,145440768,72663040,52933792,50.48,4174510
1770209015479,1538.83,445.02,145440768,72663040,52935776,50.48,4174510
1770209015580,1541.78,446.73,145440768,72663040,53171056,50.71,4184040
1770209015681,1542.08,446.87,145440768,72663040,53173064,50.71,4184040
1770209015782,1543.59,447.78,145440768,72663040,53408984,50.93,4185378
1770209015883,1543.71,447.84,145440768,72663040,53410992,50.94,4185378
1770209015985,1543.94,448.00,145440768,72663040,53412976,50.94,4185378
1770209016085,1554.88,450.08,145440768,72663040,53650344,51.16,4194908
1770209016186,1555.15,450.19,145440768,72663040,53652352,51.17,4194908
1770209016287,1557.45,451.97,145440768,72663040,53888416,51.39,4196246
1770209016388,1557.74,452.14,145440768,72663040,53890424,51.39,4196246
1770209016489,1558.05,452.31,145440768,72663040,53892408,51.40,4196246
1770209016590,1563.42,454.14,145440768,72663040,54129184,51.62,4205776
1770209016690,1563.59,454.26,145440768,72663040,54131192,51.62,4205776
1770209016791,1570.02,456.32,145440768,72663040,54367704,51.85,4207114
1770209016892,1570.24,456.42,145440768,72663040,54369712,51.85,4207114
1770209016993,1570.49,456.54,145440768,72663040,54371696,51.85,4207114
1770209017094,1574.35,458.24,145440768,72663040,54639440,52.11,4216644
1770209017195,1574.54,458.33,145440768,72663040,54641448,52.11,4216644
1770209017296,1578.84,460.21,145440768,72663040,54877448,52.34,4217982
1770209017397,1578.99,460.30,145440768,72663040,54879456,52.34,4217982
1770209017498,1579.20,460.39,145440768,72663040,54881440,52.34,4217982
1770209017599,1582.13,462.14,145457152,72663040,55117616,52.56,4227512
1770209017700,1582.33,462.25,145457152,72663040,55119624,52.57,4227512
1770209017801,1586.78,464.44,145457152,72663040,55355376,52.79,4228850
1770209017902,1586.98,464.52,145457152,72663040,55357384,52.79,4228850
1770209018003,1587.21,464.62,145457152,72663040,55359368,52.79,4228850
1770209018103,1589.97,466.41,145473536,72663040,55595168,53.02,4238380
1770209018204,1590.15,466.51,145473536,72663040,55597176,53.02,4238380
1770209018305,1593.16,468.50,145473536,72663040,55833184,53.25,4239718
1770209018407,1593.43,468.64,145473536,72663040,55835192,53.25,4239718
1770209018507,1593.75,468.78,145473536,72663040,55837176,53.25,4239718
1770209018608,1596.60,470.64,145489920,72663040,56072896,53.48,4249248
1770209018709,1596.74,470.69,145489920,72663040,56074904,53.48,4249248
1770209018810,1599.37,472.30,145489920,72663040,56375496,53.76,4250586
1770209018912,1599.47,472.35,145489920,72663040,56377504,53.77,4250586
1770209019013,1599.75,472.46,145489920,72663040,56379488,53.77,4250586
1770209019114,1606.29,474.50,145506304,72663040,56615912,53.99,4260116
1770209019215,1606.57,474.65,145506304,72663040,56617920,54.00,4260116
1770209019317,1613.90,476.53,145506304,72663040,56854360,54.22,4261454
1770209019418,1614.14,476.64,145506304,72663040,56856368,54.22,4261454
1770209019519,1614.39,476.79,145506304,72663040,56858352,54.22,4261454
1770209019620,1616.56,478.93,145522688,72663040,57094072,54.45,4270984
1770209019721,1616.76,479.02,145522688,72663040,57096080,54.45,4270984
1770209019822,1619.68,480.78,145522688,72663040,57331600,54.68,4272322
1770209019923,1619.97,480.92,145522688,72663040,57333608,54.68,4272322
1770209020025,1620.21,481.05,145522688,72663040,57335592,54.68,4272322
1770209020126,1622.46,482.68,145522688,72663040,57571320,54.90,4281852
1770209020227,1622.68,482.82,145522688,72663040,57573328,54.91,4281852
1770209020328,1625.93,486.51,145522688,72663040,57810824,55.13,4283190
1770209020428,1626.14,486.60,145522688,72663040,57812832,55.13,4283190
1770209020529,1626.43,486.79,145522688,72663040,57814816,55.14,4283190
1770209020630,1632.03,488.69,145555456,72663040,58050912,55.36,4292720
1770209020730,1632.24,488.81,145555456,72663040,58052920,55.36,4292720
1770209020832,1637.00,490.56,145555456,72663040,58287800,55.59,4294058
1770209020933,1637.32,490.72,145555456,72663040,58289808,55.59,4294058
1770209021033,1637.74,491.00,145555456,72663040,58291792,55.59,4294058
1770209021134,1641.14,492.86,145588224,72663040,58525224,55.81,4303588
1770209021235,1641.42,493.01,145604608,72663040,58527232,55.82,4303588
1770209021336,1645.33,494.91,145817600,72663040,58760560,56.04,4304926
1770209021437,1645.45,494.98,145817600,72663040,58762568,56.04,4304926
1770209021538,1645.62,495.06,145817600,72663040,58764552,56.04,4304926
1770209021640,1648.28,496.78,146063360,72663040,58997840,56.26,4314456
1770209021741,1648.58,496.95,146063360,72663040,58999848,56.27,4314456
1770209021842,1657.31,498.94,146276352,72663040,59233376,56.49,4315794
1770209021943,1657.56,499.04,146292736,72663040,59235384,56.49,4315794
1770209022044,1657.88,499.18,146292736,72663040,59237368,56.49,4315794
1770209022145,1670.30,501.68,146718720,73449472,51560312,49.17,4137892
1770209022245,1670.52,501.80,146718720,73449472,51562320,49.17,4137892
1770209022346,1673.01,503.29,146718720,73449472,51795136,49.40,4139230
1770209022447,1673.18,503.39,146718720,73449472,51797144,49.40,4139230
1770209022548,1673.32,503.50,146718720,73449472,51799128,49.40,4139230
1770209022649,1675.56,505.08,146718720,73449472,52032312,49.62,4148760
1770209022750,1675.71,505.17,146718720,73449472,52034320,49.62,4148760
1770209022851,1678.54,507.01,146718720,73449472,52267168,49.85,4150098
1770209022952,1678.81,507.14,146718720,73449472,52269176,49.85,4150098
1770209023053,1679.01,507.24,146718720,73449472,52271160,49.85,4150098
1770209023154,1682.05,509.34,146751488,73449472,52736584,50.29,4159628
1770209023255,1682.34,509.48,146751488,73449472,52738592,50.30,4159628
1770209023356,1684.95,511.27,146751488,73449472,52971336,50.52,4160966
1770209023456,1685.14,511.37,146751488,73449472,52973344,50.52,4160966
1770209023557,1685.36,511.49,146751488,73449472,52975328,50.52,4160966
1770209023657,1688.97,512.97,146751488,73449472,53208728,50.74,4170496
1770209023758,1689.11,513.05,146751488,73449472,53210736,50.75,4170496
1770209023858,1695.96,514.74,146767872,73449472,53444768,50.97,4171834
1770209023959,1696.25,514.89,146767872,73449472,53446776,50.97,4171834
1770209024060,1696.55,515.03,146767872,73449472,53448760,50.97,4171834
1770209024160,1699.44,516.92,146784256,73449472,53681840,51.19,4181364
1770209024260,1699.71,517.04,146784256,73449472,53683848,51.20,4181364
1770209024361,1706.32,518.71,146784256,73449472,53917304,51.42,4182702
1770209024462,1706.54,518.78,146784256,73449472,53919312,51.42,4182702
1770209024563,1706.84,518.91,146784256,73449472,53921296,51.42,4182702
1770209024664,1710.47,520.74,146800640,73449472,54154272,51.65,4192232
1770209024765,1710.75,520.87,146800640,73449472,54156280,51.65,4192232
1770209024866,1713.59,522.66,146800640,73449472,54389000,51.87,4193570
1770209024967,1713.75,522.76,146800640,73449472,54391008,51.87,4193570
1770209025068,1713.92,522.83,146800640,73449472,54392992,51.87,4193570
1770209025169,1718.45,524.71,146898944,73449472,54625944,52.10,4203100
1770209025270,1718.72,524.84,146898944,73449472,54627952,52.10,4203100
1770209025371,1722.51,526.49,146898944,73449472,54860760,52.32,4204438
1770209025472,1722.65,526.58,146898944,73449472,54862768,52.32,4204438
1770209025573,1722.82,526.66,146898944,73449472,54864752,52.32,4204438
1770209025674,1725.64,528.54,146915328,73449472,55097712,52.55,4213968
1770209025775,1725.87,528.64,146915328,73449472,55099720,52.55,4213968
1770209025875,1728.56,530.43,146915328,73449472,55332448,52.77,4215306
1770209025977,1728.84,530.57,146915328,73449472,55334456,52.77,4215306
1770209026078,1729.14,530.69,146915328,73449472,55336440,52.77,4215306
1770209026179,1732.17,532.50,146915328,73449472,55569392,53.00,4224836
1770209026281,1732.49,532.66,146915328,73449472,55571400,53.00,4224836
1770209026382,1735.64,534.50,146915328,73449472,55804072,53.22,4226174
1770209026483,1735.92,534.65,146915328,73449472,55806080,53.22,4226174
1770209026584,1736.23,534.77,146915328,73449472,55808064,53.22,4226174
1770209026685,1741.90,536.89,146948096,73449472,56041160,53.45,4235704
1770209026786,1742.16,537.00,146948096,73449472,56043168,53.45,4235704
1770209026887,1744.97,538.85,146948096,73449472,56275952,53.67,4237042
1770209026989,1745.27,538.99,146948096,73449472,56277960,53.67,4237042
1770209027090,1745.52,539.14,146948096,73449472,56279944,53.67,4237042
1770209027191,1750.27,541.02,146948096,73449472,56512920,53.89,4246572
1770209027293,1750.53,541.15,146948096,73449472,56514928,53.90,4246572
1770209027394,1755.47,542.83,146948096,73449472,56747664,54.12,4247910
1770209027494,1755.61,542.90,146948096,73449472,56749672,54.12,4247910
1770209027594,1755.76,543.00,146948096,73449472,56751656,54.12,4247910
1770209027695,1758.44,544.85,146980864,73449472,56983088,54.34,4257440
1770209027796,1758.60,544.94,146980864,73449472,56985096,54.35,4257440
1770209027897,1761.19,546.44,146980864,73449472,57216288,54.57,4258778
1770209028000,1761.39,546.56,146980864,73449472,57218296,54.57,4258778
1770209028101,1761.53,546.64,146980864,73449472,57220280,54.57,4258778
1770209028202,1765.22,547.89,146980864,73449472,57452496,54.79,4268308
1770209028303,1765.39,547.96,146980864,73449472,57454504,54.79,4268308
1770209028404,1772.16,549.74,146980864,73449472,57685432,55.01,4269646
1770209028505,1772.30,549.82,146980864,73449472,57687440,55.02,4269646
1770209028607,1773.80,550.81,146997248,73449472,57803072,55.13,4270317
1770209028708,1774.64,551.47,147013632,73449472,57918040,55.23,4279176
1770209028809,1774.89,551.58,147013632,73449472,57920048,55.24,4279176
1770209028911,1790.50,553.79,147030016,73449472,58151616,55.46,4280514
1770209029012,1790.78,553.92,147030016,73449472,58153624,55.46,4280514
1770209029113,1792.39,555.31,147030016,73449472,58380944,55.68,4290044
1770209029214,1792.66,555.41,147030016,73449472,58382952,55.68,4290044
1770209029315,1792.97,555.56,147030016,73449472,58384936,55.68,4290044
1770209029416,1805.69,557.14,147046400,73449472,58613256,55.90,4291382
1770209029517,1805.91,557.24,147046400,73449472,58615264,55.90,4291382
1770209029617,1808.41,559.11,147046400,73449472,58842584,56.12,4300912
1770209029718,1808.57,559.17,147046400,73449472,58844592,56.12,4300912
1770209029819,1808.82,559.31,147046400,73449472,58846576,56.12,4300912
1770209029919,1813.59,561.31,147062784,73449472,59074000,56.34,4302250
1770209030020,1813.83,561.40,147062784,73449472,59076008,56.34,4302250
1770209030121,1815.88,562.91,147062784,73449472,59303464,56.56,4311780
1770209030222,1816.07,562.99,147062784,73449472,59305472,56.56,4311780
1770209030323,1816.38,563.14,147062784,73449472,59307456,56.56,4311780
1770209030424,1818.89,564.79,147062784,73449472,59534568,56.78,4313118
1770209030525,1819.04,564.86,147062784,73449472,59536576,56.78,4313118
1770209030625,1821.56,566.63,147062784,73449472,59763968,57.00,4322648
1770209030726,1821.69,566.68,147062784,73449472,59765976,57.00,4322648
1770209030826,1821.93,566.77,147062784,73449472,59767960,57.00,4322648
1770209030926,1831.89,569.36,147079168,73449472,60080632,57.30,4323986
1770209031028,1832.11,569.45,147079168,73449472,60082640,57.30,4323986
1770209031128,1837.80,571.24,147079168,73449472,60307544,57.51,4333516
1770209031230,1856.00,571.57,147111936,73711616,60510928,57.71,4333516
1770209031331,1856.22,571.65,147111936,73711616,60512912,57.71,4333516
1770209031432,1895.43,574.35,148439040,75022336,53165688,50.70,4334854
1770209031533,1895.58,574.42,148439040,75022336,53167696,50.70,4334854
1770209031633,1898.32,576.28,148439040,75022336,53387704,50.91,4138559
1770209031733,1898.52,576.36,148439040,75022336,53389712,50.92,4138559
1770209031835,1898.79,576.48,148439040,75022336,53391696,50.92,4138559
1770209031936,1901.32,578.39,148439040,75022336,53611448,51.13,4139897
1770209032036,1901.44,578.43,148439040,75022336,53613456,51.13,4139897
1770209032137,1903.69,580.10,148439040,75022336,53833520,51.34,4149427
1770209032238,1903.86,580.18,148439040,75022336,53835528,51.34,4149427
1770209032339,1904.07,580.28,148439040,75022336,53837512,51.34,4149427
1770209032439,1906.69,581.91,148439040,75022336,54057280,51.55,4150765
1770209032540,1906.84,581.99,148439040,75022336,54059288,51.55,4150765
1770209032641,1909.36,583.52,148439040,75022336,54279240,51.76,4160295
1770209032742,1909.46,583.57,148439040,75022336,54281248,51.77,4160295
1770209032843,1909.65,583.67,148439040,75022336,54283232,51.77,4160295
1770209032944,1911.95,585.29,148439040,75022336,54502848,51.98,4161633
1770209033045,1912.23,585.41,148439040,75022336,54504856,51.98,4161633
1770209033146,1915.20,586.51,148439040,75022336,54726256,52.19,4171163
1770209033247,1915.41,586.60,148439040,75022336,54728264,52.19,4171163
1770209033348,1915.69,586.76,148439040,75022336,54730248,52.19,4171163
1770209033449,1918.36,588.60,148439040,75022336,54950056,52.40,4172501
1770209033549,1918.61,588.73,148439040,75022336,54952064,52.41,4172501
1770209033650,1921.60,590.55,148439040,75022336,55172160,52.62,4182031
1770209033751,1921.81,590.64,148439040,75022336,55174168,52.62,4182031
1770209033852,1922.02,590.73,148439040,75022336,55176152,52.62,4182031
1770209033953,1925.50,592.52,148488192,75022336,55625760,53.05,4183369
1770209034054,1925.78,592.63,148488192,75022336,55627768,53.05,4183369
1770209034155,1930.60,593.88,148488192,75022336,55848000,53.26,4192899
1770209034255,1930.82,594.05,148488192,75022336,55850008,53.26,4192899
1770209034356,1931.05,594.16,148013056,75022336,55851992,53.26,4192899
1770209034456,1933.57,595.91,148013056,75022336,56071712,53.47,4194237
1770209034557,1933.74,596.01,148013056,75022336,56073720,53.48,4194237
1770209034659,1936.75,598.17,148013056,75022336,56293656,53.69,4203767
1770209034760,1937.00,598.29,148013056,75022336,56295664,53.69,4203767
1770209034861,1937.28,598.44,148013056,75022336,56297648,53.69,4203767
1770209034962,1939.78,600.12,148013056,75022336,56517360,53.90,4205105
1770209035063,1939.97,600.19,148013056,75022336,56519368,53.90,4205105
1770209035164,1945.45,602.14,148029440,75022336,56740088,54.11,4214635
1770209035265,1945.62,602.25,148029440,75022336,56742096,54.11,4214635
1770209035366,1945.81,602.35,148029440,75022336,56744080,54.12,4214635
1770209035468,1955.96,604.00,148029440,75022336,56964144,54.33,4215973
1770209035569,1956.09,604.09,148029440,75022336,56966152,54.33,4215973
1770209035670,1959.31,606.02,148045824,75022336,57183424,54.53,4225503
1770209035771,1959.50,606.13,147046400,75022336,57185432,54.54,4225503
1770209035872,1959.60,606.19,147046400,75022336,57187416,54.54,4225503
1770209035973,1960.40,606.84,147046400,75022336,57404440,54.75,4226841
1770209036074,1960.52,606.89,147046400,75022336,57406448,54.75,4226841
1770209036174,1962.31,608.47,147046400,75022336,57623664,54.95,4236371
1770209036275,1962.43,608.52,146833408,75022336,57625672,54.96,4236371
1770209036376,1962.60,608.63,146767872,75022336,57627656,54.96,4236371
1770209036477,1964.48,610.11,146587648,75022336,57844648,55.16,4237709
1770209036578,1964.65,610.21,146587648,75022336,57846656,55.17,4237709
1770209036679,1967.13,612.07,146587648,75022336,58064000,55.37,4247239
1770209036780,1967.26,612.17,146587648,75022336,58066008,55.38,4247239
1770209036880,1967.46,612.27,146587648,75022336,58067992,55.38,4247239
1770209036981,1969.88,614.00,146587648,75022336,58285064,55.58,4248577
1770209037081,1970.13,614.12,146587648,75022336,58287072,55.59,4248577
1770209037182,1971.92,615.66,146587648,75022336,58504288,55.79,4258107
1770209037283,1972.11,615.76,146587648,75022336,58506296,55.80,4258107
1770209037384,1972.31,615.88,146587648,75022336,58508280,55.80,4258107
1770209037485,1978.70,617.70,146620416,75022336,58726336,56.01,4259445
1770209037585,1978.91,617.79,146620416,75022336,58728344,56.01,4259445
1770209037686,1981.30,619.59,146112512,75022336,58945800,56.22,4268975
1770209037786,1981.55,619.71,146112512,75022336,58947808,56.22,4268975
1770209037888,1981.84,619.88,146112512,75022336,58949792,56.22,4268975
1770209037989,1984.33,621.68,146112512,75022336,59167016,56.43,4270313
1770209038090,1984.63,621.85,146112512,75022336,59169024,56.43,4270313
1770209038191,1991.79,624.24,146128896,75022336,59386832,56.64,4279843
1770209038292,1992.03,624.38,146128896,75022336,59388840,56.64,4279843
1770209038393,1992.22,624.52,146128896,75022336,59390824,56.64,4279843
1770209038495,1994.08,626.17,146128896,75022336,59607888,56.85,4281181
1770209038596,1994.22,626.25,146128896,75022336,59609896,56.85,4281181
1770209038699,1995.98,627.70,146096128,75022336,59827168,57.06,4290711
1770209038801,1996.12,627.79,146096128,75022336,59829176,57.06,4290711
1770209038902,1996.30,627.89,138838016,75022336,59831160,57.06,4290711
1770209039003,1998.58,629.48,132431872,75022336,60048152,57.27,4292049
1770209039103,1998.85,629.58,132431872,75022336,60050160,57.27,4292049
1770209039204,2001.26,631.38,131006464,75022336,60267432,57.48,4301579
1770209039305,2001.53,631.50,131006464,75022336,60269440,57.48,4301579
1770209039406,2001.81,631.64,131022848,75022336,60271424,57.48,4301579
1770209039508,2004.39,633.48,131121152,75022336,60488432,57.69,4302917
1770209039608,2004.65,633.69,131121152,75022336,60490440,57.69,4302917
1770209039709,2006.59,635.16,131121152,75022336,60707600,57.90,4312447
1770209039810,2006.82,635.32,131121152,75022336,60709608,57.90,4312447
1770209039911,2006.94,635.38,131121152,75022336,60711592,57.90,4312447
1770209040012,2009.66,637.08,131153920,75022336,60928984,58.11,4313785
1770209040113,2009.88,637.18,131153920,75022336,60930992,58.11,4313785
1770209040214,2012.64,639.29,131153920,75022336,61148232,58.32,4323315
1770209040315,2012.85,639.44,131153920,75022336,61150240,58.32,4323315
1770209040416,2013.00,639.54,131153920,75022336,61152224,58.32,4323315
1770209040516,2014.40,640.85,131170304,75022336,61369184,58.53,4324653
1770209040618,2014.53,640.91,131170304,75022336,61371192,58.53,4324653
1770209040719,2067.50,649.30,139427840,87343104,42138936,40.19,4128362
1770209040820,2068.76,649.58,139264000,87343104,42437016,40.47,4127032
1770209040920,2068.98,649.68,139264000,87343104,42439024,40.47,4127032
1770209041021,2071.79,651.68,139280384,87343104,42659040,40.68,4128370
1770209041122,2071.87,651.71,139280384,87343104,42661048,40.68,4128370
1770209041223,2072.55,652.31,139280384,87343104,42880280,40.89,4137900
1770209041324,2072.64,652.35,139280384,87343104,42882288,40.90,4137900
1770209041425,2072.74,652.40,139280384,87343104,42884272,40.90,4137900
1770209041525,2073.61,653.26,139280384,87343104,43103328,41.11,4139238
1770209041627,2073.88,653.40,139280384,87343104,43105336,41.11,4139238
1770209041728,2076.48,655.49,139280384,87343104,43324616,41.32,4148768
1770209041829,2076.74,655.64,139280384,87343104,43326624,41.32,4148768
1770209041930,2077.04,655.79,139280384,87343104,43328608,41.32,4148768
1770209042031,2079.32,657.53,139296768,87343104,43547648,41.53,4150106
1770209042132,2079.60,657.66,139296768,87343104,43549656,41.53,4150106
1770209042233,2081.99,659.35,139296768,87343104,43768888,41.74,4159636
1770209042334,2082.29,659.50,139296768,87343104,43770896,41.74,4159636
1770209042465,2145.28,665.64,148488192,87343104,53065720,50.61,4160307
1770209042566,2390.54,674.52,168378368,98091008,75112960,71.63,4127024
1770209042667,2390.60,674.55,168378368,98091008,75115016,71.64,4127024
1770209042768,2391.87,675.74,168378368,98091008,75340960,71.85,4136554
1770209042869,2392.02,675.85,168378368,98091008,75342968,71.85,4136554
1770209042970,2398.42,677.81,168394752,98353152,75822856,72.31,4137892
1770209043072,2398.70,677.96,168394752,98353152,75824864,72.31,4137892
1770209043172,2399.01,678.13,168394752,98353152,75826848,72.31,4137892
1770209043274,2403.16,679.91,168394752,98353152,76046304,72.52,4147422
1770209043374,2403.37,680.02,168394752,98353152,76048312,72.53,4147422
1770209043475,2420.58,681.86,168460288,98615296,76301592,72.77,4148760
1770209043576,2420.70,681.91,168460288,98615296,76303600,72.77,4148760
1770209043677,2420.85,681.99,168460288,98615296,76305584,72.77,4148760
1770209043778,2424.08,683.76,168476672,98615296,76518056,72.97,4158290
1770209043879,2424.25,683.86,168476672,98615296,76520064,72.98,4158290
1770209043980,2426.12,685.57,168476672,98615296,76732336,73.18,4159628
1770209044081,2426.30,685.69,168476672,98615296,76734344,73.18,4159628
1770209044182,2426.45,685.79,168476672,98615296,76736328,73.18,4159628
1770209044282,2427.99,687.31,168476672,98615296,76948888,73.38,4169158
1770209044382,2428.16,687.43,168476672,98615296,76950896,73.39,4169158
1770209044483,2430.53,688.93,168476672,98615296,77163264,73.59,4170496
1770209044584,2430.69,689.04,168476672,98615296,77165272,73.59,4170496
1770209044685,2430.84,689.12,168476672,98615296,77167256,73.59,4170496
1770209044785,2432.68,690.70,168476672,98615296,77379792,73.80,4180026
1770209044886,2432.89,690.78,168476672,98615296,77381800,73.80,4180026
1770209044987,2435.37,692.51,168558592,98615296,77594072,74.00,4181364
1770209045088,2435.57,692.63,168558592,98615296,77596080,74.00,4181364
1770209045189,2435.81,692.78,168558592,98615296,77598064,74.00,4181364
1770209045290,2442.97,695.30,169246720,99139584,63693032,60.74,4190894
1770209045391,2443.23,695.42,169246720,99139584,63695040,60.74,4190894
1770209045492,2445.98,697.26,169246720,99139584,63907368,60.95,4137892
1770209045592,2446.21,697.35,169246720,99139584,63909352,60.95,4137892
1770209045694,2446.45,697.46,169246720,99139584,63911336,60.95,4137892
1770209045795,2451.22,699.23,169263104,99139584,64125256,61.15,4147422
1770209045895,2451.46,699.35,169263104,99139584,64127240,61.16,4147422
1770209045996,2454.21,701.49,169263104,99139584,64339520,61.36,4148760
1770209046097,2454.35,701.59,169263104,99139584,64341504,61.36,4148760
1770209046198,2454.50,701.67,169246720,99139584,64343488,61.36,4148760
1770209046299,2461.94,703.52,169246720,99139584,64556128,61.57,4158290
1770209046400,2462.05,703.57,169246720,99139584,64558112,61.57,4158290
1770209046501,2463.39,704.89,169246720,99139584,64770312,61.77,4159628
1770209046602,2463.52,704.97,169246720,99139584,64772296,61.77,4159628
1770209046703,2463.63,705.02,169246720,99139584,64774280,61.77,4159628
1770209046803,2466.36,707.09,169246720,99139584,64986560,61.98,4169158
1770209046904,2466.48,707.16,169246720,99139584,64988544,61.98,4169158
1770209047005,2468.38,708.84,169263104,99139584,65200568,62.18,4170496
1770209047106,2468.53,708.96,169263104,99139584,65202552,62.18,4170496
1770209047206,2468.69,709.03,169263104,99139584,65204536,62.18,4170496
1770209047307,2471.72,710.82,169263104,99139584,65416856,62.39,4180026
1770209047408,2471.86,710.88,169263104,99139584,65418840,62.39,4180026
1770209047509,2474.14,712.72,169263104,99139584,65630832,62.59,4181364
1770209047610,2474.27,712.78,169263104,99139584,65632816,62.59,4181364
1770209047712,2475.60,713.83,169263104,99139584,65740312,62.69,4182035
1770209047813,2476.82,714.70,169279488,99139584,65846984,62.80,4190894
1770209047913,2476.99,714.80,169279488,99139584,65848968,62.80,4190894
1770209048013,2478.71,716.26,169279488,99139584,66061008,63.00,4192232
1770209048113,2478.94,716.40,169279488,99139584,66063016,63.00,4192232
1770209048214,2480.41,717.13,169279488,99139584,66170528,63.11,4192903
1770209048315,2481.09,717.72,169279488,99139584,66277272,63.21,4201762
1770209048417,2481.27,717.84,169279488,99139584,66279280,63.21,4201762
1770209048517,2483.21,719.47,169279488,99139584,66491248,63.41,4203100
1770209048617,2483.36,719.55,169279488,99139584,66493256,63.41,4203100
1770209048717,2484.85,720.55,169279488,99139584,66600752,63.52,4203771
1770209048818,2485.63,721.32,158236672,99139584,66707808,63.62,4212630
1770209048919,2485.76,721.40,158236672,99139584,66709816,63.62,4212630
1770209049020,2490.47,723.22,158253056,99139584,66922976,63.82,4213968
1770209049121,2490.66,723.30,158253056,99139584,66924984,63.82,4213968
1770209049221,2492.67,724.83,158253056,99139584,67137160,64.03,4223498
1770209049322,2492.77,724.88,158253056,99139584,67139168,64.03,4223498
1770209049423,2492.92,725.04,158171136,99139584,67141152,64.03,4223498
1770209049524,2494.71,726.97,158171136,99139584,67353240,64.23,4224836
1770209049625,2494.84,727.06,158171136,99139584,67355248,64.23,4224836
1770209049726,2497.85,728.99,158203904,99139584,67567600,64.44,4234366
1770209049827,2497.99,729.09,158203904,99139584,67569608,64.44,4234366
1770209049928,2498.27,729.25,158203904,99139584,67571592,64.44,4234366
1770209050029,2500.47,730.91,158203904,99139584,67783680,64.64,4235704
1770209050130,2500.75,731.06,158203904,99139584,67785688,64.65,4235704
1770209050230,2502.89,732.93,158220288,99139584,67997976,64.85,4245234
1770209050331,2503.09,733.02,158220288,99139584,67999984,64.85,4245234
1770209050432,2503.36,733.19,158220288,99139584,68001968,64.85,4245234
1770209050533,2504.83,734.82,158220288,99139584,68213960,65.05,4246572
1770209050634,2562.24,744.75,129417216,60604416,41545744,39.62,4135216
1770209050734,2565.39,746.04,129417216,60604416,42030504,40.08,4144746
1770209050835,2565.55,746.11,129417216,60604416,42032512,40.09,4144746
1770209050936,2565.76,746.26,129417216,60604416,42034496,40.09,4144746
1770209051037,2569.11,748.00,129417216,60604416,42266832,40.31,4146084
1770209051138,2569.32,748.08,129417216,60604416,42268840,40.31,4146084
1770209051239,2648.74,757.69,115802112,44875776,41553048,39.63,4144746
1770209051340,2648.90,757.75,115802112,44875776,41555104,39.63,4144746
1770209051441,2649.11,757.86,115802112,44875776,41557088,39.63,4144746
1770209051542,2655.05,759.50,116015104,44875776,41785016,39.85,4146084
1770209051643,2655.20,759.58,116015104,44875776,41787024,39.85,4146084
1770209051743,2657.45,761.08,116228096,44875776,42013536,40.07,4155614
1770209051844,2714.22,764.29,115621888,45137920,41305800,39.39,4135216
1770209051945,2714.37,764.36,115621888,45137920,41550400,39.63,4135216
1770209052046,2716.70,765.32,115867648,45137920,41804464,39.87,4136554
1770209052146,2716.88,765.42,115884032,45137920,41806472,39.87,4136554
1770209052247,2719.02,766.89,116097024,45137920,42033216,40.09,4146084
1770209052348,2719.18,766.98,116097024,45137920,42035224,40.09,4146084
1770209052449,2719.35,767.10,116097024,45137920,42037208,40.09,4146084
1770209052550,2722.12,768.93,116342784,45137920,42263848,40.31,4147422
1770209052651,2722.37,769.06,116342784,45137920,42265856,40.31,4147422
1770209052751,2726.52,770.92,116916224,48283648,41652392,39.72,4156952
1770209052852,2726.66,770.99,116916224,48283648,41654400,39.72,4156952
1770209052953,2726.89,771.09,116916224,48283648,41656384,39.73,4156952
1770209053054,2729.82,773.05,117145600,48283648,41882952,39.94,4146751
1770209053154,2729.97,773.14,117145600,48283648,41884960,39.94,4146751
1770209053255,2732.12,775.00,117374976,48283648,42111768,40.16,4156281
1770209053356,2732.29,775.08,117374976,48283648,42113776,40.16,4156281
1770209053457,2732.41,775.14,117374976,48283648,42115760,40.16,4156281
1770209053558,2734.72,776.76,117604352,48283648,42342400,40.38,4157619
1770209053659,2735.04,776.93,117604352,48283648,42344408,40.38,4157619
1770209053759,2736.97,778.50,117817344,48283648,42571224,40.60,4167149
1770209053860,2737.15,778.60,117817344,48283648,42573232,40.60,4167149
1770209053960,2737.32,778.69,117817344,48283648,42575216,40.60,4167149
1770209054060,2740.44,780.18,118030336,48283648,42801808,40.82,4168487
1770209054161,2740.57,780.25,118046720,48283648,42803816,40.82,4168487
1770209054261,2742.57,782.34,118259712,48283648,43030376,41.04,4178017
1770209054362,2742.70,782.41,118259712,48283648,43032384,41.04,4178017
1770209054463,2742.91,782.50,118259712,48283648,43034368,41.04,4178017
1770209054564,2746.14,784.52,118489088,48283648,43260648,41.26,4179355
1770209054665,2746.44,784.66,118489088,48283648,43262656,41.26,4179355
1770209054766,2750.46,786.49,118685696,48283648,41905704,39.96,4188885
1770209054867,2750.73,786.57,118685696,48283648,41907712,39.97,4188885
1770209054968,2751.03,786.73,118685696,48283648,41909696,39.97,4188885
1770209055069,2754.63,788.60,118702080,48283648,42135944,40.18,4146751
1770209055170,2754.81,788.69,118702080,48283648,42137928,40.19,4146751
1770209055271,2762.14,790.55,118784000,48283648,42375816,40.41,4156281
1770209055372,2762.26,790.61,118784000,48283648,42377800,40.41,4156281
1770209055473,2762.42,790.70,118784000,48283648,42379784,40.42,4156281
1770209055574,2764.34,792.15,118784000,48283648,42606000,40.63,4157619
1770209055674,2764.55,792.27,118784000,48283648,42607984,40.63,4157619
1770209055775,2768.48,794.07,119013376,48283648,42834776,40.85,4167149
1770209055876,2768.71,794.20,119013376,48283648,42836760,40.85,4167149
1770209055977,2768.93,794.29,119013376,48283648,42838744,40.85,4167149
1770209056078,2771.49,795.82,119242752,48283648,43064528,41.07,4168487
1770209056178,2771.80,795.99,119242752,48283648,43066512,41.07,4168487
1770209056279,2774.03,797.21,119455744,48283648,43292544,41.29,4178017
1770209056380,2774.26,797.32,119455744,48283648,43294528,41.29,4178017
1770209056481,2774.55,797.45,119472128,48283648,43296512,41.29,4178017
1770209056581,2777.42,799.36,119685120,48283648,43522248,41.51,4179355
1770209056681,2777.70,799.50,119685120,48283648,43524232,41.51,4179355
1770209056782,2783.82,802.17,119799808,48283648,42290952,40.33,4154276
1770209056883,2784.09,802.31,119799808,48283648,42292960,40.33,4154276
1770209056984,2784.37,802.44,119799808,48283648,42294944,40.34,4154276
1770209057085,2787.52,804.19,119799808,48283648,42520712,40.55,4155614
1770209057185,2787.82,804.35,119799808,48283648,42522720,40.55,4155614
1770209057286,2792.46,806.42,119799808,48283648,42748648,40.77,4165144
1770209057388,2792.67,806.52,119816192,48283648,42750656,40.77,4165144
1770209057489,2792.98,806.63,119816192,48283648,42752640,40.77,4165144
1770209057590,2796.05,808.57,119816192,48283648,42978176,40.99,4166482
1770209057691,2796.36,808.70,119816192,48283648,42980184,40.99,4166482
1770209057792,2799.03,810.55,119816192,48283648,43205800,41.20,4176012
1770209057893,2799.18,810.66,119816192,48283648,43207808,41.21,4176012
1770209057994,2799.33,810.74,119816192,48283648,43209792,41.21,4176012
1770209058095,2801.94,812.62,119816192,48283648,43435224,41.42,4177350
1770209058195,2802.11,812.72,119816192,48283648,43437232,41.42,4177350
1770209058296,2804.39,814.31,119816192,48283648,43662880,41.64,4186880
1770209058397,2804.54,814.40,119816192,48283648,43664888,41.64,4186880
1770209058498,2804.67,814.46,119816192,48283648,43666872,41.64,4186880
1770209058599,2811.00,816.26,119816192,48283648,43893848,41.86,4188218
1770209058700,2811.16,816.35,119816192,48283648,43895856,41.86,4188218
1770209058801,2814.21,818.23,116932608,45400064,42632520,40.66,4154276
1770209058902,2814.45,818.34,116932608,45400064,42634504,40.66,4154276
1770209059004,2814.77,818.50,116932608,45400064,42636488,40.66,4154276
1770209059105,2818.29,820.13,116932608,45400064,42861864,40.88,4155614
1770209059206,2818.58,820.24,116932608,45400064,42863848,40.88,4155614
1770209059307,2820.93,821.78,116932608,45400064,43089464,41.09,4165144
1770209059408,2821.08,821.86,116932608,45400064,43091448,41.10,4165144
1770209059509,2821.24,821.94,116932608,45400064,43093432,41.10,4165144
1770209059610,2824.42,823.48,117555200,46710784,42674832,40.70,4146084
1770209059711,2824.61,823.58,117555200,46710784,42676816,40.70,4146084
1770209059811,2827.20,825.72,117768192,46710784,42902464,40.91,4155614
1770209059913,2827.35,825.79,117768192,46710784,42904448,40.92,4155614
1770209060013,2827.49,825.87,117768192,46710784,42906432,40.92,4155614
1770209060115,2829.38,827.29,117997568,46710784,43131888,41.13,4156952
1770209060216,2829.59,827.36,117997568,46710784,43133872,41.14,4156952
1770209060318,2831.93,829.11,118341632,46972928,42616248,40.64,4166482
1770209060419,2832.07,829.16,118341632,46972928,42618232,40.64,4166482
1770209060520,2832.24,829.25,118341632,46972928,42620216,40.65,4166482
1770209060621,2834.49,830.40,118341632,46972928,42845808,40.86,4146084
1770209060723,2834.80,830.55,118341632,46972928,42847792,40.86,4146084
1770209060824,2838.29,832.39,118341632,46972928,43074256,41.08,4155614
1770209060925,2838.48,832.49,118341632,46972928,43076240,41.08,4155614
1770209061026,2838.70,832.62,118341632,46972928,43078224,41.08,4155614
1770209061126,2849.55,834.28,118341632,46972928,43570128,41.55,4156952
1770209061228,2849.78,834.38,118341632,46972928,43572112,41.55,4156952
1770209061329,2853.59,836.31,118489088,47497216,43065416,41.07,4166482
1770209061430,2853.86,836.44,118489088,47497216,43067400,41.07,4166482
1770209061530,2854.16,836.60,118489088,47497216,43069384,41.07,4166482
1770209061632,2857.11,838.37,118505472,47497216,43293632,41.29,4146751
1770209061733,2857.42,838.53,118505472,47497216,43295616,41.29,4146751
1770209061834,2865.08,840.67,118505472,47497216,43520416,41.50,4156281
1770209061935,2865.38,840.83,118505472,47497216,43522400,41.51,4156281
1770209062036,2865.68,841.01,118505472,47497216,43524384,41.51,4156281
1770209062136,2871.04,843.08,118505472,47497216,43743704,41.72,4157619
1770209062238,2871.35,843.25,118505472,47497216,43745688,41.72,4157619
1770209062340,2877.40,845.42,118652928,47497216,43212408,41.21,4153605
1770209062441,2877.72,845.60,118652928,47497216,43214416,41.21,4153605
1770209062542,2878.01,845.73,118652928,47497216,43216400,41.21,4153605
1770209062644,2883.77,847.50,117063680,47497216,43441504,41.43,4154943
1770209062744,2884.04,847.63,117063680,47497216,43443512,41.43,4154943
1770209062844,2889.23,849.58,117063680,47497216,43662600,41.64,4164473
1770209062945,2889.44,849.66,117063680,47497216,43664608,41.64,4164473
1770209063049,2891.03,850.72,117063680,47497216,43775112,41.75,4165144
1770209063150,2891.99,851.42,104087552,47497216,43884544,41.85,4165811
1770209063251,2892.19,851.52,98959360,47497216,43886552,41.85,4165811
1770209063352,2895.74,853.40,95453184,49856512,43383752,41.37,4153605
1770209063453,2896.06,853.54,94126080,49856512,43385728,41.38,4153605
1770209063554,2900.48,855.37,94142464,49856512,43603672,41.58,4154943
1770209063655,2902.33,855.46,94142464,49856512,43612320,41.59,4154943
1770209063756,2902.63,855.59,94142464,49856512,43614296,41.59,4154943
1770209063858,2905.62,857.14,94191616,49856512,43832432,41.80,4164473
1770209063959,2905.81,857.23,94191616,49856512,43834408,41.80,4164473
1770209064059,2910.37,858.67,94191616,49856512,44052648,42.01,4165811
1770209064160,2910.53,858.75,93716480,49856512,44054624,42.01,4165811
1770209064261,2910.73,858.84,93716480,49856512,44056600,42.02,4165811
1770209064362,2917.82,860.26,93863936,49856512,44286128,42.23,4175341
1770209064463,2917.96,860.32,90243072,49856512,44288128,42.24,4175341
1770209064564,2920.05,862.07,90423296,49856512,44506120,42.44,4176679
1770209064666,2920.24,862.12,90439680,49856512,44508120,42.45,4176679
1770209064766,2920.51,862.23,90406912,49856512,44510096,42.45,4176679
1770209064867,2922.74,863.48,90603520,49856512,44728384,42.66,4186209
1770209064968,2922.99,863.61,90587136,49856512,44730384,42.66,4186209
1770209065069,2924.68,865.07,90800128,49856512,44948304,42.87,4187547
1770209065170,2924.88,865.13,90800128,49856512,44950304,42.87,4187547
1770209065271,2925.18,865.27,90800128,49856512,44952280,42.87,4187547
1770209065372,2928.88,867.16,91029504,49856512,45170400,43.08,4197077
1770209065473,2929.20,867.36,91029504,49856512,45172400,43.08,4197077
1770209065574,2934.15,870.20,88997888,46710784,43833456,41.80,4146084
1770209065675,2934.39,870.25,88997888,46710784,43835432,41.80,4146084
1770209065775,2934.68,870.36,88997888,46710784,43837408,41.81,4146084
1770209065876,2937.71,872.26,88997888,46710784,44055544,42.01,4155614
1770209065977,2937.99,872.38,88997888,46710784,44057520,42.02,4155614
1770209066078,2940.76,874.26,89014272,46710784,44275464,42.22,4156952
1770209066179,2941.06,874.42,89014272,46710784,44277440,42.23,4156952
1770209066280,2941.37,874.58,89014272,46710784,44279416,42.23,4156952
1770209066381,2966.02,878.13,90914816,46710784,43915968,41.88,4154276
1770209066481,2966.20,878.21,90914816,46710784,43917944,41.88,4154276
1770209066582,2967.89,879.86,91111424,46710784,44133944,42.09,4155614
1770209066683,2968.07,879.95,91127808,46710784,44135920,42.09,4155614
1770209066784,2968.26,880.05,91127808,46710784,44137896,42.09,4155614
1770209066885,2994.96,882.51,93356032,46710784,44354272,42.30,4165144
1770209066985,2995.16,882.59,93356032,46710784,44356248,42.30,4165144
1770209067086,2997.88,884.39,93569024,46710784,44569216,42.50,4166482
1770209067187,2998.14,884.50,93569024,46710784,44571192,42.51,4166482
1770209067288,2998.37,884.60,93585408,46710784,44573168,42.51,4166482
1770209067388,3000.49,885.93,94240768,50118656,44051168,42.01,4154276
1770209067490,3000.62,885.99,93945856,50118656,44053144,42.01,4154276
1770209067591,3002.43,887.66,93470720,50118656,44266120,42.22,4155614
1770209067692,3002.57,887.74,93192192,50118656,44268096,42.22,4155614
1770209067793,3002.81,887.88,93192192,50118656,44270072,42.22,4155614
1770209067894,3005.70,889.50,93388800,50118656,44483296,42.42,4165144
1770209067995,3006.01,889.67,93388800,50118656,44485272,42.42,4165144
1770209068096,3012.97,891.50,93618176,50118656,44698528,42.63,4166482
1770209068197,3013.29,891.65,93487104,50118656,44700504,42.63,4166482
1770209068298,3013.56,891.77,93487104,50118656,44702480,42.63,4166482
1770209068399,3023.88,893.58,93700096,50118656,44924768,42.84,4176012
1770209068500,3024.13,893.72,93700096,50118656,44926744,42.85,4176012
1770209068601,3027.07,895.38,93913088,50118656,45137184,43.05,4177350
1770209068701,3027.38,895.50,93913088,50118656,45139160,43.05,4177350
1770209068803,3027.70,895.65,93913088,50118656,45141136,43.05,4177350
1770209068904,3030.91,897.72,94109696,50118656,45351856,43.25,4186880
1770209069005,3031.17,897.85,94109696,50118656,45353832,43.25,4186880
1770209069106,3035.82,899.83,94240768,50118656,45564368,43.45,4188218
1770209069208,3036.14,899.98,94257152,50118656,45566344,43.46,4188218
1770209069309,3036.46,900.11,94257152,50118656,45568320,43.46,4188218
1770209069410,3041.50,903.11,92454912,47497216,44203792,42.16,4197748
1770209069510,3041.77,903.26,92454912,47497216,44205792,42.16,4197748
1770209069612,3043.92,904.92,92307456,47497216,44416288,42.36,4146751
1770209069713,3044.15,905.01,92307456,47497216,44418264,42.36,4146751
1770209069814,3044.42,905.13,92160000,47497216,44420240,42.36,4146751
1770209069915,3050.31,907.00,92192768,47497216,44631088,42.56,4156281
1770209070016,3050.62,907.17,92192768,47497216,44633064,42.57,4156281
1770209070117,3054.56,909.12,92192768,47497216,44848768,42.77,4157619
1770209070218,3054.85,909.25,92192768,47497216,44850744,42.77,4157619
1770209070319,3055.13,909.38,92192768,47497216,44852720,42.77,4157619
1770209070420,3059.01,911.56,91783168,47497216,44455728,42.40,4154276
1770209070520,3059.35,911.75,91783168,47497216,44457704,42.40,4154276
1770209070621,3062.50,913.81,91979776,47497216,44667896,42.60,4155614
1770209070722,3062.76,913.93,91996160,47497216,44669872,42.60,4155614
1770209070823,3063.23,914.11,92061696,47497216,44672760,42.60,4155614
1770209070924,3066.16,916.05,92274688,47497216,44883120,42.80,4165144
1770209071025,3066.46,916.19,92274688,47497216,44885096,42.81,4165144
1770209071126,3070.15,918.46,92930048,50642944,44417640,42.36,4166482
1770209071227,3070.44,918.58,92930048,50642944,44419616,42.36,4166482
1770209071328,3070.75,918.71,92946432,50642944,44421592,42.36,4166482
1770209071430,3073.36,920.63,93143040,50642944,44632024,42.56,4154276
1770209071531,3073.63,920.77,93143040,50642944,44634000,42.57,4154276
1770209071632,3076.26,922.49,93339648,50642944,44844216,42.77,4155614
1770209071733,3076.54,922.61,93339648,50642944,44846192,42.77,4155614
1770209071833,3076.84,922.73,93339648,50642944,44848168,42.77,4155614
1770209071934,3079.73,924.76,93536256,50642944,45058632,42.97,4165144
1770209072035,3079.93,924.88,93536256,50642944,45060608,42.97,4165144
1770209072136,3082.48,926.89,93749248,50642944,45270880,43.17,4166482
1770209072236,3082.66,926.96,93749248,50642944,45272856,43.18,4166482
1770209072338,3082.92,927.10,93749248,50642944,45274832,43.18,4166482
1770209072437,3308.10,945.18,139214848,97583104,69956024,66.72,4144075
1770209072539,3402.47,947.14,146571264,99155968,76903800,73.34,4144075
1770209072640,3403.74,948.11,146587648,99155968,77113896,73.54,4145413
1770209072740,3403.95,948.19,146587648,99155968,77115904,73.54,4145413
1770209072841,3404.23,948.31,146587648,99155968,77117888,73.55,4145413
1770209072942,3410.96,950.31,146587648,99155968,77328520,73.75,4154943
1770209073043,3411.26,950.46,146587648,99155968,77330528,73.75,4154943
1770209073144,3415.35,952.38,146587648,99155968,77541368,73.95,4156281
1770209073245,3415.61,952.53,146587648,99155968,77543376,73.95,4156281
1770209073346,3415.90,952.65,146587648,99155968,77545360,73.95,4156281
1770209073447,3418.63,954.52,146604032,99155968,77755648,74.15,4165811
1770209073548,3418.90,954.60,146604032,99155968,77757656,74.16,4165811
1770209073648,3421.95,956.88,146604032,99155968,77967832,74.36,4167149
1770209073749,3422.25,957.04,146604032,99155968,77969840,74.36,4167149
1770209073850,3422.53,957.18,146604032,99155968,77971824,74.36,4167149
1770209073951,3425.81,959.02,146604032,99155968,78182208,74.56,4176679
1770209074052,3434.64,961.40,147865600,100728832,65504416,62.47,4176679
1770209074152,3438.11,963.36,147865600,100728832,65714456,62.67,4154943
1770209074253,3438.38,963.51,147865600,100728832,65716448,62.67,4154943
1770209074354,3438.71,963.65,147849216,100728832,65718440,62.67,4154943
1770209074455,3442.11,965.80,147849216,100728832,65928744,62.87,4164473
1770209074556,3442.43,965.95,147849216,100728832,65930760,62.88,4164473
1770209074657,3446.53,967.69,147800064,100728832,66141368,63.08,4165811
1770209074759,3446.65,967.76,147341312,100728832,66143360,63.08,4165811
1770209074860,3446.84,967.84,147341312,100728832,66145352,63.08,4165811
1770209074961,3448.20,968.90,147341312,100728832,66355600,63.28,4175341
1770209075061,3448.49,969.02,147341312,100728832,66357616,63.28,4175341
1770209075163,3451.25,970.89,147341312,100728832,66567728,63.48,4176679
1770209075264,3451.53,971.04,147341312,100728832,66569720,63.49,4176679
1770209075365,3451.85,971.17,147341312,100728832,66571712,63.49,4176679
1770209075466,3453.89,973.06,147341312,100728832,66781968,63.69,4186209
1770209075566,3454.07,973.13,147341312,100728832,66783984,63.69,4186209
1770209075667,3456.84,974.97,147357696,100728832,66994208,63.89,4187547
1770209075768,3457.07,975.08,147357696,100728832,66996224,63.89,4187547
1770209075869,3457.30,975.19,147357696,100728832,66998216,63.89,4187547
1770209075970,3460.00,976.98,147357696,100728832,67208448,64.09,4197077
1770209076071,3460.30,977.11,147357696,100728832,67210464,64.10,4197077
1770209076172,3462.81,978.95,147357696,100728832,67420608,64.30,4198415
1770209076274,3463.08,979.09,147357696,100728832,67422624,64.30,4198415
1770209076375,3463.28,979.21,147357696,100728832,67424616,64.30,4198415
1770209076476,3465.84,980.84,147374080,100728832,67634888,64.50,4207945
1770209076576,3466.07,980.95,147374080,100728832,67636904,64.50,4207945
1770209076676,3468.70,982.72,147374080,100728832,67847112,64.70,4209283
1770209076777,3469.03,982.92,147374080,100728832,67849128,64.71,4209283
1770209076878,3469.34,983.08,147374080,100728832,67851120,64.71,4209283
1770209076979,3471.84,984.91,147406848,100728832,68061440,64.91,4218813
1770209077080,3472.09,985.04,147406848,100728832,68063456,64.91,4218813
1770209077181,3474.55,986.77,147406848,100728832,68273592,65.11,4220151
1770209077281,3474.74,986.87,147406848,100728832,68275608,65.11,4220151
1770209077382,3475.00,987.01,147406848,100728832,68277600,65.11,4220151
1770209077483,3477.43,988.60,147423232,100728832,68487880,65.32,4229681
1770209077584,3477.70,988.74,147423232,100728832,68489896,65.32,4229681
1770209077685,3483.49,990.47,147439616,100728832,68700720,65.52,4231019
1770209077786,3483.73,990.59,147439616,100728832,68702736,65.52,4231019
1770209077889,3485.91,991.88,147439616,100728832,68809208,65.62,4231690
1770209077991,3487.01,992.71,147439616,100728832,68914912,65.72,4240549
1770209078093,3487.33,992.87,147439616,100728832,68916928,65.72,4240549
1770209078194,3489.86,994.64,147439616,100728832,69127000,65.92,4241887
1770209078294,3490.04,994.75,147439616,100728832,69129016,65.93,4241887
1770209078394,3492.26,996.42,147456000,100728832,69339224,66.13,4251417
1770209078495,3492.35,996.47,147456000,100728832,69341240,66.13,4251417
1770209078596,3492.54,996.57,147456000,100728832,69343232,66.13,4251417
1770209078696,3496.14,998.49,147456000,100728832,69553304,66.33,4252755
1770209078798,3496.39,998.62,147456000,100728832,69555320,66.33,4252755
1770209078898,3499.03,1000.23,147488768,100728832,69765552,66.53,4262285
1770209078999,3499.14,1000.29,147488768,100728832,69767576,66.54,4262285
1770209079100,3499.36,1000.40,147488768,100728832,69769576,66.54,4262285
1770209079201,3502.05,1002.05,147488768,100728832,69979688,66.74,4263623
1770209079302,3502.25,1002.15,147488768,100728832,69981712,66.74,4263623
1770209079402,3504.89,1003.94,147505152,100728832,70191912,66.94,4273153
1770209079503,3505.09,1004.03,147505152,100728832,70193936,66.94,4273153
1770209079604,3505.38,1004.17,147505152,100728832,70195936,66.94,4273153
1770209079705,3507.85,1005.72,147505152,100728832,70406064,67.14,4274491
1770209079805,3508.10,1005.83,147505152,100728832,70408088,67.15,4274491
1770209079906,3510.48,1007.53,147505152,100728832,70618408,67.35,4284021
1770209080007,3510.64,1007.60,147505152,100728832,70620432,67.35,4284021
1770209080108,3510.92,1007.78,147505152,100728832,70622432,67.35,4284021
1770209080209,3513.79,1009.58,147505152,100728832,70832384,67.55,4285359
1770209080310,3514.08,1009.71,147505152,100728832,70834408,67.55,4285359
1770209080410,3518.72,1011.57,147537920,100728832,71194520,67.90,4294889
1770209080520,3577.20,1013.96,147636224,58507264,41566768,39.64,4135216
1770209080621,3592.25,1022.59,105906176,58507264,41971848,40.03,4135216
1770209080722,3602.94,1024.28,105906176,58507264,42233432,40.28,4136554
1770209080823,3603.20,1024.39,105906176,58507264,42235440,40.28,4136554
1770209080924,3606.15,1026.25,105922560,58507264,42460528,40.49,4146084
1770209081025,3606.38,1026.36,105922560,58507264,42462536,40.50,4146084
1770209081125,3619.03,1026.99,105922560,58507264,42460448,40.49,4146084
1770209081226,3690.00,1035.52,92356608,45662208,41897448,39.96,4136554
1770209081327,3690.31,1035.67,92356608,45662208,41899448,39.96,4136554
1770209081428,3693.15,1037.51,92569600,45662208,42124992,40.17,4146084
1770209081529,3693.45,1037.68,92585984,45662208,42126992,40.18,4146084
1770209081630,3693.76,1037.84,92585984,45662208,42128968,40.18,4146084
1770209081730,3697.35,1040.03,93126656,48807936,41664528,39.73,4147422
1770209081831,3769.02,1044.58,93306880,44875776,41576608,39.65,4135216
1770209081932,3777.74,1046.59,93339648,44875776,41865624,39.93,4144746
1770209082033,3778.01,1046.74,93339648,44875776,41867624,39.93,4144746
1770209082134,3778.30,1046.88,93339648,44875776,41869600,39.93,4144746
1770209082235,3782.98,1048.86,93339648,44875776,42094832,40.14,4146084
1770209082336,3783.26,1049.00,93339648,44875776,42096832,40.15,4146084
1770209082437,3786.18,1050.90,93356032,44875776,42322096,40.36,4155614
1770209082537,3786.46,1051.01,93356032,44875776,42324096,40.36,4155614
1770209082637,3786.76,1051.14,93356032,44875776,42326072,40.37,4155614
1770209082738,3790.18,1053.14,93798400,45924352,41676640,39.75,4156952
1770209082839,3790.37,1053.23,93798400,45924352,41678640,39.75,4156952
1770209082940,3795.58,1055.21,94044160,46186496,42163312,40.21,4154943
1770209083041,3795.87,1055.33,94044160,46186496,42165312,40.21,4154943
1770209083142,3796.20,1055.49,94044160,46186496,42167288,40.21,4154943
1770209083243,3799.43,1057.49,94257152,46186496,42392336,40.43,4156281
1770209083344,3799.74,1057.64,94273536,46186496,42394336,40.43,4156281
1770209083445,3803.86,1059.56,94486528,46186496,41973896,40.03,4165811
1770209083546,3804.07,1059.67,94486528,46186496,41975896,40.03,4165811
1770209083648,3804.25,1059.74,94486528,46186496,41977872,40.03,4165811
1770209083748,3807.09,1061.58,94502912,46186496,42202952,40.25,4146084
1770209083849,3807.36,1061.68,94502912,46186496,42204928,40.25,4146084
1770209083950,3809.34,1063.21,94502912,46186496,42430344,40.46,4155614
1770209084051,3809.57,1063.31,94502912,46186496,42432320,40.47,4155614
1770209084152,3809.83,1063.43,94502912,46186496,42434296,40.47,4155614
1770209084253,3814.40,1065.40,94502912,46186496,42663480,40.69,4156952
1770209084354,3814.68,1065.51,94502912,46186496,42665456,40.69,4156952
1770209084456,3819.20,1067.30,94502912,46186496,42890680,40.90,4166482
1770209084556,3819.51,1067.43,94502912,46186496,42135272,40.18,4166482
1770209084657,3819.81,1067.58,94502912,46186496,42137248,40.19,4166482
1770209084757,3823.09,1069.28,94502912,46186496,42362288,40.40,4146084
1770209084859,3823.37,1069.40,94502912,46186496,42364264,40.40,4146084
1770209084960,3826.25,1071.25,94502912,46186496,42589536,40.62,4155614
1770209085060,3826.43,1071.35,94502912,46186496,42591512,40.62,4155614
1770209085162,3826.59,1071.44,94502912,46186496,42593488,40.62,4155614
1770209085263,3835.24,1073.25,94617600,46186496,42883712,40.90,4156952
1770209085364,3837.22,1073.45,94617600,46186496,42297320,40.34,4156952
1770209085465,3840.22,1075.44,94617600,46186496,42522552,40.55,4154276
1770209085565,3840.46,1075.53,94617600,46186496,42524552,40.55,4154276
1770209085665,3840.74,1075.62,94617600,46186496,42526528,40.56,4154276
1770209085767,3844.81,1077.34,94617600,46186496,42752016,40.77,4155614
1770209085868,3845.06,1077.46,94617600,46186496,42753992,40.77,4155614
1770209085969,3848.57,1079.65,94633984,46186496,42978768,40.99,4165144
1770209086070,3848.83,1079.78,94633984,46186496,42980768,40.99,4165144
1770209086171,3849.02,1079.86,94633984,46186496,42982744,40.99,4165144
1770209086272,3853.48,1081.86,94666752,46448640,42433072,40.47,4166482
1770209086373,3853.77,1081.99,94666752,46448640,42435048,40.47,4166482
1770209086473,3856.79,1083.90,94666752,46448640,42659848,40.68,4154943
1770209086574,3857.02,1083.99,94666752,46448640,42661824,40.69,4154943
1770209086675,3857.29,1084.13,94666752,46448640,42663800,40.69,4154943
1770209086776,3860.14,1085.94,94666752,46448640,42888376,40.90,4156281
1770209086877,3860.32,1086.03,94666752,46448640,42890352,40.90,4156281
1770209086978,3864.04,1088.18,94928896,48545792,42567296,40.60,4165811
1770209087079,3864.26,1088.26,94928896,48545792,42569272,40.60,4165811
1770209087180,3864.58,1088.42,94928896,48545792,42571248,40.60,4165811
1770209087281,3868.99,1090.25,94928896,48545792,42795976,40.81,4146084
1770209087382,3869.30,1090.39,94928896,48545792,42797952,40.82,4146084
1770209087483,3872.28,1092.29,94945280,48545792,43022832,41.03,4155614
1770209087585,3872.55,1092.41,94945280,48545792,43024808,41.03,4155614
1770209087686,3872.83,1092.53,94945280,48545792,43026784,41.03,4155614
1770209087786,3876.01,1094.48,94945280,48545792,43251360,41.25,4156952
1770209087888,3876.28,1094.59,94945280,48545792,43253336,41.25,4156952
1770209087989,3879.20,1096.40,94994432,48545792,43478184,41.46,4166482
1770209088089,3879.50,1096.53,94994432,48545792,43480160,41.47,4166482
1770209088190,3879.76,1096.64,94994432,48545792,43482136,41.47,4166482
1770209088291,3885.02,1097.85,95207424,48545792,43707872,41.68,4167820
1770209088392,3885.23,1097.96,95207424,48545792,43709872,41.68,4167820
1770209088493,3887.70,1099.81,95436800,48545792,43934696,41.90,4177350
1770209088594,3887.93,1099.93,95436800,48545792,43936696,41.90,4177350
1770209088695,3888.22,1100.05,95436800,48545792,43938672,41.90,4177350
1770209088796,3891.22,1101.95,95649792,48545792,44163288,42.12,4178688
1770209088897,3891.50,1102.07,95649792,48545792,44165288,42.12,4178688
1770209088997,3895.61,1103.90,95993856,48545792,42852328,40.87,4188218
1770209089099,3895.85,1104.00,95993856,48545792,42854328,40.87,4188218
1770209089199,3896.07,1104.10,95993856,48545792,42856304,40.87,4188218
1770209089300,3898.91,1105.79,95993856,48545792,43080864,41.09,4146084
1770209089400,3899.10,1105.89,95993856,48545792,43082840,41.09,4146084
1770209089502,3903.08,1107.58,95993856,48545792,43308120,41.30,4155614
1770209089602,3903.26,1107.67,95993856,48545792,43310096,41.30,4155614
1770209089704,3903.49,1107.76,95993856,48545792,43312072,41.31,4155614
1770209089805,3906.30,1109.46,96108544,48545792,43536680,41.52,4156952
1770209089906,3906.60,1109.58,96108544,48545792,43538656,41.52,4156952
1770209090006,3909.64,1111.42,96337920,48545792,43763432,41.74,4166482
1770209090106,3909.86,1111.54,96337920,48545792,43765408,41.74,4166482
1770209090207,3910.13,1111.64,96337920,48545792,43767384,41.74,4166482
1770209090308,3912.94,1113.30,96567296,48545792,43991952,41.95,4167820
1770209090408,3913.19,1113.40,96567296,48545792,43993928,41.96,4167820
1770209090510,3915.90,1115.21,96780288,48545792,44218768,42.17,4177350
1770209090610,3916.08,1115.30,96780288,48545792,44220744,42.17,4177350
1770209090710,3916.34,1115.43,96780288,48545792,44222720,42.17,4177350
1770209090813,3926.10,1117.30,96993280,48545792,44448440,42.39,4178688
1770209090914,3926.39,1117.47,97009664,48545792,44450416,42.39,4178688
1770209091015,3937.29,1120.43,94322688,45924352,43202872,41.20,4154276
1770209091115,3937.55,1120.54,94322688,45924352,43204848,41.20,4154276
1770209091216,3937.86,1120.77,94322688,45924352,43206824,41.21,4154276
1770209091317,3940.82,1122.64,94322688,45924352,43431416,41.42,4155614
1770209091418,3941.09,1122.73,94322688,45924352,43433392,41.42,4155614
1770209091519,3944.01,1124.49,94322688,45924352,43657840,41.64,4165144
1770209091620,3944.32,1124.63,94322688,45924352,43659816,41.64,4165144
1770209091720,3944.58,1124.73,94322688,45924352,43661792,41.64,4165144
1770209091822,3948.20,1126.75,95010816,49332224,43273536,41.27,4166482
1770209091923,3948.48,1126.88,95010816,49332224,43275512,41.27,4166482
1770209092024,3953.91,1128.88,95223808,49332224,43500016,41.48,4154943
1770209092125,3954.21,1129.02,95223808,49332224,43501992,41.49,4154943
1770209092228,3956.10,1130.27,95322112,49332224,43615592,41.60,4155614
1770209092329,3966.15,1131.22,95469568,49332224,43728816,41.70,4156281
1770209092430,3966.41,1131.33,95469568,49332224,43730792,41.70,4156281
1770209092531,3972.66,1132.91,95682560,49332224,43952992,41.92,4165811
1770209092632,3972.92,1133.02,95682560,49332224,43954968,41.92,4165811
1770209092732,3980.51,1135.00,95911936,49332224,44176432,42.13,4167149
1770209092834,3980.72,1135.09,95911936,49332224,44178432,42.13,4167149
1770209092935,3981.02,1135.24,95911936,49332224,44180408,42.13,4167149
1770209093035,3984.21,1137.24,96124928,49332224,44396488,42.34,4176679
1770209093136,3984.49,1137.37,96124928,49332224,44398488,42.34,4176679
1770209093236,3986.59,1139.24,96321536,49332224,44614336,42.55,4178017
1770209093337,3986.72,1139.30,96337920,49332224,44616336,42.55,4178017
1770209093437,3986.89,1139.36,96337920,49332224,44618312,42.55,4178017
1770209093538,3993.15,1141.24,96534528,49332224,44900216,42.82,4187547
1770209093640,3993.44,1141.40,96534528,49332224,44902216,42.82,4187547
1770209093740,3996.63,1143.49,96796672,49332224,45118048,43.03,4188885
1770209093841,3996.81,1143.56,96796672,49332224,45120048,43.03,4188885
1770209093941,3997.06,1143.64,96796672,49332224,45122024,43.03,4188885
1770209094043,4007.39,1146.13,94797824,46448640,43727352,41.70,4154276
1770209094144,4007.61,1146.22,94797824,46448640,43729328,41.70,4154276
1770209094244,4010.16,1148.02,94797824,46448640,43945160,41.91,4155614
1770209094345,4010.31,1148.09,94797824,46448640,43947136,41.91,4155614
1770209094445,4010.54,1148.20,94797824,46448640,43949112,41.91,4155614
1770209094546,4013.68,1149.97,94797824,46448640,44165200,42.12,4165144
1770209094647,4013.95,1150.09,94797824,46448640,44167176,42.12,4165144
1770209094747,4017.74,1152.14,95436800,47497216,43793488,41.76,4146084
1770209094847,4017.93,1152.20,95436800,47497216,43795464,41.77,4146084
1770209094949,4018.17,1152.35,95436800,47497216,43797440,41.77,4146084
1770209095050,4020.28,1153.73,95633408,47497216,44013488,41.97,4155614
1770209095150,4020.44,1153.79,95633408,47497216,44015464,41.98,4155614
1770209095250,4023.15,1155.44,95862784,47497216,44231296,42.18,4156952
1770209095351,4023.34,1155.50,95862784,47497216,44233272,42.18,4156952
1770209095452,4023.63,1155.61,95862784,47497216,44235248,42.19,4156952
1770209095553,4025.13,1156.58,96321536,50118656,43750904,41.72,4166482
1770209095653,4025.38,1156.69,96321536,50118656,43752880,41.73,4166482
1770209095753,4028.58,1158.57,96321536,50118656,44011240,41.97,4146084
1770209095854,4028.79,1158.65,96321536,50118656,44013216,41.97,4146084
1770209095955,4029.09,1158.81,96321536,50118656,44015192,41.98,4146084
1770209096056,4053.97,1161.26,96403456,50118656,44234808,42.19,4155614
1770209096156,4054.24,1161.37,96403456,50118656,44236784,42.19,4155614
1770209096257,4057.34,1163.42,96403456,50118656,44450712,42.39,4156952
1770209096358,4057.60,1163.52,96403456,50118656,44452688,42.39,4156952
1770209096458,4057.90,1163.64,96403456,50118656,44454664,42.40,4156952
1770209096560,4065.50,1166.49,96436224,50118656,44669064,42.60,4166482
1770209096661,4065.81,1166.62,96436224,50118656,44671040,42.60,4166482
1770209096762,4080.10,1167.39,97173504,50118656,45234704,43.14,4167820
1770209096863,4080.16,1167.43,97173504,50118656,45236680,43.14,4167820
1770209096964,4080.26,1167.49,97173504,50118656,45238656,43.14,4167820
1770209097065,4083.02,1169.37,97402880,50118656,45449808,43.34,4177350
1770209097166,4083.32,1169.51,97402880,50118656,45451784,43.35,4177350
1770209097267,4086.24,1171.60,97599488,50118656,45662552,43.55,4178688
1770209097368,4086.47,1171.69,97599488,50118656,45664528,43.55,4178688
1770209097468,4086.75,1171.83,97599488,50118656,45666504,43.55,4178688
1770209097569,4088.71,1173.37,97796096,50118656,45877464,43.75,4188218
1770209097670,4088.98,1173.52,97796096,50118656,45879440,43.75,4188218
1770209097771,4097.19,1175.54,98123776,50642944,44528064,42.47,4189556
1770209097871,4097.38,1175.62,98123776,50642944,44530064,42.47,4189556
1770209097972,4097.64,1175.68,98123776,50642944,44532040,42.47,4189556
1770209098073,4100.50,1177.49,98123776,50642944,44743176,42.67,4154943
1770209098174,4106.25,1177.66,98140160,50642944,44746168,42.67,4154943
1770209098275,4109.30,1179.65,98140160,50642944,44956584,42.87,4156281
1770209098376,4109.67,1179.79,98140160,50642944,44958056,42.88,4156281
1770209098477,4109.98,1179.93,98140160,50642944,44959528,42.88,4156281
1770209098578,4114.98,1180.84,98254848,50642944,45171480,43.08,4165811
1770209098679,4115.18,1180.95,98254848,50642944,45172952,43.08,4165811
1770209098781,4118.12,1183.00,98467840,50642944,45383032,43.28,4167149
1770209098882,4118.38,1183.10,98467840,50642944,45384504,43.28,4167149
1770209098983,4118.69,1183.21,98467840,50642944,45385976,43.28,4167149
1770209099083,4122.97,1185.17,98680832,50642944,45596384,43.48,4176679
1770209099183,4123.24,1185.31,98680832,50642944,45597856,43.49,4176679
1770209099283,4126.15,1187.37,98877440,50642944,45807952,43.69,4178017
1770209099384,4126.42,1187.51,98877440,50642944,45809424,43.69,4178017
1770209099485,4126.75,1187.63,98877440,50642944,45810896,43.69,4178017
1770209099586,4142.45,1189.63,99123200,50642944,46022632,43.89,4187547
1770209099686,4142.64,1189.73,99123200,50642944,46024072,43.89,4187547
1770209099787,4146.11,1191.46,99565568,50905088,44813832,42.74,4188885
1770209099887,4146.40,1191.61,99565568,50905088,44815272,42.74,4188885
1770209099989,4146.69,1191.76,99565568,50905088,44816712,42.74,4188885
1770209100090,4152.05,1193.67,99565568,50905088,45027632,42.94,4154943
1770209100191,4152.28,1193.79,99565568,50905088,45029072,42.94,4154943
1770209100292,4154.47,1195.63,99565568,50905088,45239168,43.14,4156281
1770209100393,4154.66,1195.73,99565568,50905088,45240608,43.14,4156281
1770209100494,4155.00,1195.87,99565568,50905088,45242048,43.15,4156281
1770209100595,4157.73,1197.78,99581952,50905088,45452320,43.35,4165811
1770209100696,4158.02,1197.93,99581952,50905088,45453760,43.35,4165811
1770209100797,4163.02,1200.06,99647488,50905088,45694008,43.58,4167157
1770209100898,4163.27,1200.17,99647488,50905088,45695472,43.58,4167157
1770209101000,4163.52,1200.31,99647488,50905088,45696912,43.58,4167157
1770209101101,4166.07,1201.94,99647488,50905088,45907184,43.78,4176687
1770209101202,4166.35,1202.08,99647488,50905088,45908648,43.78,4176687
1770209101303,4169.15,1203.89,99663872,50905088,46118736,43.98,4178025
1770209101404,4169.42,1204.04,99663872,50905088,46120200,43.98,4178025
1770209101505,4169.69,1204.21,99663872,50905088,46121640,43.99,4178025
1770209101605,4172.48,1205.98,99663872,50905088,46331960,44.19,4187555
1770209101705,4172.70,1206.07,99663872,50905088,46333424,44.19,4187555
1770209101806,4175.52,1207.93,96796672,48021504,45078056,42.99,4188893
1770209101907,4175.79,1208.06,96796672,48021504,45079520,42.99,4188893
1770209102009,4175.99,1208.15,96796672,48021504,45080960,42.99,4188893
1770209102110,4178.12,1210.00,96796672,48021504,45291392,43.19,4154943
1770209102211,4178.39,1210.16,96796672,48021504,45292832,43.19,4154943
1770209102312,4193.16,1212.15,96845824,48021504,45503608,43.40,4156281
1770209102412,4193.35,1212.25,96845824,48021504,45505048,43.40,4156281
1770209102513,4193.60,1212.37,96845824,48021504,45506488,43.40,4156281
1770209102612,4400.39,1228.15,135626752,96780288,70821232,67.54,4154276
1770209102714,4542.68,1231.16,147324928,97566720,74661560,71.20,4135883
1770209102815,4544.89,1232.38,147324928,97566720,74875424,71.41,4137221
1770209102916,4545.04,1232.46,147324928,97566720,74876896,71.41,4137221
1770209103016,4545.20,1232.56,147324928,97566720,74878344,71.41,4137221
1770209103117,4547.09,1234.45,147324928,97566720,75091384,71.61,4146747
1770209103218,4547.24,1234.50,147324928,97566720,75092856,71.61,4146747
1770209103318,4549.98,1236.27,147341312,97566720,75305640,71.82,4148081
1770209103420,4550.22,1236.38,147341312,97566720,75307112,71.82,4148081
1770209103521,4550.49,1236.52,147341312,97566720,75308560,71.82,4148081
1770209103622,4553.67,1238.52,147341312,97566720,75521520,72.02,4157607
1770209103723,4553.95,1238.67,147341312,97566720,75522992,72.02,4157607
1770209103823,4556.81,1240.53,147341312,97566720,75735816,72.23,4158941
1770209103924,4557.25,1240.77,147341312,97566720,75737288,72.23,4158941
1770209104025,4557.56,1240.95,147341312,97566720,75738736,72.23,4158941
1770209104125,4560.60,1242.95,147341312,97566720,75951736,72.43,4168467
1770209104227,4560.89,1243.10,147341312,97566720,75953208,72.43,4168467
1770209104327,4572.84,1247.00,148635648,99663872,64237296,61.26,4169801
1770209104429,4573.13,1247.15,148635648,99663872,64238768,61.26,4169801
1770209104530,4573.41,1247.31,148635648,99663872,64240216,61.26,4169801
1770209104630,4576.37,1249.26,148635648,99663872,64453312,61.47,4154939
1770209104731,4576.59,1249.36,148635648,99663872,64454784,61.47,4154939
1770209104832,4579.31,1251.13,148635648,99663872,64667608,61.67,4156273
1770209104933,4579.59,1251.25,148635648,99663872,64669080,61.67,4156273
1770209105035,4579.87,1251.39,148635648,99663872,64670528,61.67,4156273
1770209105136,4582.61,1253.18,148652032,99663872,64883600,61.88,4165799
1770209105237,4582.86,1253.31,148652032,99663872,64885072,61.88,4165799
1770209105338,4585.44,1254.92,148652032,99663872,65097960,62.08,4167133
1770209105440,4585.70,1255.07,148652032,99663872,65099432,62.08,4167133
1770209105541,4585.96,1255.19,148652032,99663872,65100880,62.09,4167133
1770209105642,4588.56,1256.98,148652032,99663872,65313928,62.29,4176661
1770209105743,4588.83,1257.14,148652032,99663872,65315400,62.29,4176661
1770209105844,4591.70,1258.99,148652032,99663872,65528208,62.49,4177997
1770209105945,4591.99,1259.13,148652032,99663872,65529680,62.49,4177997
1770209106046,4592.27,1259.28,148652032,99663872,65531128,62.50,4177997
1770209106147,4595.25,1261.19,148652032,99663872,65744128,62.70,4187525
1770209106247,4595.54,1261.36,148652032,99663872,65745600,62.70,4187525
1770209106349,4598.82,1263.54,148652032,99663872,65958448,62.90,4188861
1770209106450,4599.05,1263.67,148652032,99663872,65959920,62.90,4188861
1770209106551,4599.24,1263.78,148652032,99663872,65961368,62.91,4188861
1770209106652,4601.45,1265.36,148668416,99663872,66174384,63.11,4198389
1770209106752,4603.25,1265.50,148668416,99663872,66175928,63.11,4198389
1770209106853,4605.97,1267.35,148668416,99663872,66388752,63.31,4199725
1770209106954,4606.24,1267.51,148668416,99663872,66390224,63.31,4199725
1770209107054,4606.52,1267.68,148668416,99663872,66391672,63.32,4199725
1770209107156,4614.80,1269.58,148668416,99663872,66605416,63.52,4209253
1770209107257,4615.06,1269.73,148668416,99663872,66606888,63.52,4209253
1770209107358,4618.02,1271.69,148668416,99663872,66819720,63.72,4210589
1770209107459,4618.29,1271.84,148668416,99663872,66821192,63.73,4210589
1770209107559,4618.57,1272.00,148668416,99663872,66822640,63.73,4210589
1770209107659,4621.38,1273.95,148684800,99663872,67035648,63.93,4220117
1770209107761,4621.62,1274.07,148684800,99663872,67037120,63.93,4220117
1770209107862,4624.91,1275.74,148684800,99663872,67249704,64.13,4221453
1770209107963,4625.16,1275.87,148684800,99663872,67251176,64.14,4221453
1770209108064,4625.44,1276.03,148684800,99663872,67252632,64.14,4221453
1770209108165,4628.48,1278.05,148717568,99663872,67465296,64.34,4230981
1770209108265,4628.76,1278.22,148717568,99663872,67466768,64.34,4230981
1770209108366,4631.67,1280.07,148717568,99663872,67679296,64.54,4232317
1770209108467,4631.94,1280.21,148717568,99663872,67680768,64.55,4232317
1770209108570,4633.81,1281.62,148717568,99663872,67788200,64.65,4232987
1770209108671,4642.41,1282.53,148717568,99663872,67895048,64.75,4241845
1770209108772,4642.58,1282.65,148717568,99663872,67896520,64.75,4241845
1770209108873,4644.71,1284.27,148733952,99663872,68106224,64.95,4243181
1770209108973,4645.03,1284.43,148733952,99663872,68107696,64.95,4243181
1770209109074,4646.85,1285.82,148733952,99663872,68213760,65.05,4243851
1770209109175,4647.91,1286.61,148750336,99663872,68319040,65.15,4252709
1770209109275,4648.18,1286.77,148750336,99663872,68320512,65.16,4252709
1770209109376,4650.73,1288.64,148750336,99663872,68530288,65.36,4254045
1770209109478,4650.99,1288.79,148750336,99663872,68531760,65.36,4254045
1770209109577,4653.73,1290.55,148750336,99663872,68741680,65.56,4263573
1770209109679,4653.88,1290.63,148750336,99663872,68743152,65.56,4263573
1770209109780,4654.17,1290.80,148750336,99663872,68744600,65.56,4263573
1770209109881,4656.45,1292.42,148750336,99663872,68954376,65.76,4264909
1770209109982,4656.67,1292.59,148750336,99663872,68955848,65.76,4264909
1770209110082,4659.66,1294.66,148750336,99663872,69165848,65.96,4274437
1770209110184,4659.81,1294.76,148750336,99663872,69167320,65.96,4274437
1770209110285,4660.02,1294.86,148750336,99663872,69168768,65.96,4274437
1770209110386,4662.82,1296.90,148766720,99663872,69378632,66.16,4275773
1770209110486,4663.10,1297.07,148766720,99663872,69380104,66.17,4275773
1770209110587,4666.15,1299.01,148766720,99663872,69590128,66.37,4285301
1770209110688,4666.36,1299.12,148766720,99663872,69591600,66.37,4285301
1770209110788,4746.09,1310.23,107380736,57720832,42116712,40.17,4135216
1770209110889,4756.09,1312.08,107380736,57720832,42617544,40.64,4136552
1770209110990,4756.27,1312.20,107380736,57720832,42619016,40.64,4136552
1770209111091,4762.13,1313.96,107380736,57720832,42849112,40.86,4146080
1770209111192,4762.26,1314.07,107380736,57720832,42850584,40.87,4146080
1770209111293,4762.47,1314.24,107380736,57720832,42852032,40.87,4146080
1770209111394,4831.64,1320.91,94879744,46448640,42240784,40.28,4136552
1770209111494,4831.88,1321.04,94879744,46448640,42242296,40.29,4136552
1770209111596,4834.00,1322.68,95092736,46448640,42466664,40.50,4146080
1770209111697,4834.16,1322.76,95092736,46448640,42468128,40.50,4146080
1770209111798,4834.45,1322.92,95092736,46448640,42469568,40.50,4146080
1770209111899,4837.19,1324.82,95322112,46448640,42693720,40.72,4147416
1770209112000,4908.72,1328.76,94896128,45924352,41930072,39.99,4135216
1770209112101,4914.81,1330.55,95158272,45924352,42243624,40.29,4144744
1770209112201,4914.97,1330.63,95158272,45924352,42245088,40.29,4144744
1770209112302,4915.21,1330.78,95158272,45924352,42246528,40.29,4144744
1770209112403,4918.50,1332.72,95387648,45924352,42470656,40.50,4146080
1770209112505,4918.78,1332.89,95387648,45924352,42472120,40.50,4146080
1770209112604,4920.49,1334.30,95617024,45924352,42696464,40.72,4155608
1770209112706,4920.63,1334.39,95617024,45924352,42697928,40.72,4155608
1770209112807,4920.74,1334.46,95617024,45924352,42699368,40.72,4155608
1770209112908,4922.90,1335.96,96157696,49070080,42045632,40.10,4156944
1770209113009,4923.06,1336.03,96157696,49070080,42047096,40.10,4156944
1770209113110,4928.91,1338.15,96387072,49070080,42271448,40.31,4154938
1770209113212,4929.15,1338.27,96387072,49070080,42272912,40.31,4154938
1770209113313,4929.41,1338.43,96387072,49070080,42274352,40.32,4154938
1770209113414,4932.14,1340.26,96600064,49070080,42500496,40.53,4156274
1770209113515,4932.40,1340.43,96600064,49070080,42501960,40.53,4156274
1770209113615,4935.66,1342.35,96813056,49070080,42728752,40.75,4165802
1770209113716,4935.83,1342.45,96813056,49070080,42730216,40.75,4165802
1770209113817,4936.10,1342.65,96829440,49070080,42731656,40.75,4165802
1770209113918,4938.92,1344.52,97042432,49070080,42958008,40.97,4167138
1770209114019,4939.19,1344.65,97042432,49070080,42959472,40.97,4167138
1770209114121,4942.40,1346.57,97255424,49070080,43186056,41.19,4176666
1770209114222,4942.68,1346.72,97255424,49070080,43187520,41.19,4176666
1770209114322,4942.94,1346.86,97255424,49070080,43188960,41.19,4176666
1770209114423,4946.44,1348.71,97468416,49070080,43417400,41.41,4178002
1770209114524,4946.74,1348.86,97468416,49070080,43418864,41.41,4178002
1770209114626,4949.98,1350.82,97681408,49070080,43645288,41.62,4187530
1770209114727,4950.21,1350.94,97697792,49070080,43646752,41.62,4187530
1770209114828,4950.48,1351.10,97697792,49070080,43648192,41.63,4187530
1770209114929,4955.59,1353.12,97910784,49070080,42323104,40.36,4188866
1770209115030,4955.86,1353.27,97910784,49070080,42324568,40.36,4188866
1770209115131,4959.25,1355.02,97992704,49070080,42779304,40.80,4154272
1770209115231,4959.42,1355.12,97992704,49070080,42780768,40.80,4154272
1770209115332,4959.69,1355.25,97992704,49070080,42782208,40.80,4154272
1770209115433,4968.19,1357.15,98009088,49070080,43087208,41.09,4155608
1770209115534,4968.45,1357.36,98009088,49070080,43088760,41.09,4155608
1770209115635,4971.44,1359.07,98009088,49070080,43312808,41.31,4165136
1770209115736,4971.71,1359.22,98009088,49070080,43314272,41.31,4165136
1770209115837,4971.98,1359.38,98009088,49070080,43315712,41.31,4165136
1770209115937,4976.52,1361.31,98205696,49070080,43539744,41.52,4166472
1770209116039,4976.76,1361.45,98205696,49070080,43541208,41.52,4166472
1770209116139,4980.20,1363.35,98418688,49070080,43764968,41.74,4176000
1770209116240,4980.37,1363.46,98418688,49070080,43766432,41.74,4176000
1770209116341,4980.64,1363.63,98418688,49070080,43767872,41.74,4176000
1770209116442,4988.90,1365.60,98648064,49070080,43991360,41.95,4177336
1770209116542,4989.17,1365.76,98648064,49070080,43992824,41.95,4177336
1770209116643,4996.06,1368.19,98861056,49070080,44216560,42.17,4186864
1770209116744,4996.32,1368.33,98861056,49070080,44218024,42.17,4186864
1770209116845,4996.60,1368.48,98861056,49070080,44219464,42.17,4186864
1770209116946,5001.96,1370.61,99008512,49070080,43000560,41.01,4188200
1770209117047,5002.24,1370.76,99008512,49070080,43002024,41.01,4188200
1770209117148,5005.18,1372.58,99008512,49070080,43225080,41.22,4154938
1770209117249,5005.37,1372.69,99008512,49070080,43226520,41.22,4154938
1770209117350,5005.64,1372.87,99008512,49070080,43227960,41.23,4154938
1770209117451,5009.78,1374.74,99024896,49070080,43450864,41.44,4156274
1770209117551,5010.05,1374.91,99024896,49070080,43452304,41.44,4156274
1770209117653,5012.74,1376.70,99024896,49070080,43675288,41.65,4165802
1770209117753,5013.00,1376.85,99024896,49070080,43676728,41.65,4165802
1770209117855,5013.27,1377.01,99024896,49070080,43678168,41.65,4165802
1770209117956,5016.63,1379.00,99024896,49070080,43900976,41.87,4167138
1770209118057,5016.87,1379.15,99024896,49070080,43902416,41.87,4167138
1770209118158,5020.03,1381.00,99024896,49070080,44125440,42.08,4176666
1770209118258,5020.30,1381.15,99024896,49070080,44126880,42.08,4176666
1770209118359,5020.57,1381.31,99024896,49070080,44128320,42.08,4176666
1770209118459,5027.70,1383.15,99024896,49070080,44351408,42.30,4178002
1770209118561,5027.97,1383.31,99024896,49070080,44352848,42.30,4178002
1770209118662,5032.76,1385.30,99188736,49070080,43141776,41.14,4187530
1770209118763,5032.98,1385.42,99188736,49070080,43143216,41.14,4187530
1770209118863,5033.27,1385.58,99188736,49070080,43144656,41.15,4187530
1770209118965,5036.40,1387.48,99188736,49070080,43367424,41.36,4146080
1770209119065,5036.68,1387.64,99188736,49070080,43368864,41.36,4146080
1770209119167,5039.62,1389.50,99188736,49070080,43591840,41.57,4155608
1770209119267,5039.89,1389.65,99188736,49070080,43593280,41.57,4155608
1770209119369,5040.14,1389.79,99188736,49070080,43594720,41.58,4155608
1770209119470,5043.39,1391.81,99188736,49070080,43817536,41.79,4156944
1770209119571,5043.65,1391.94,99188736,49070080,43818976,41.79,4156944
1770209119671,5046.46,1393.74,99188736,49070080,44042024,42.00,4166472
1770209119773,5046.72,1393.88,99188736,49070080,44043464,42.00,4166472
1770209119874,5046.99,1394.04,99188736,49070080,44044904,42.00,4166472
1770209119975,5049.65,1395.68,99188736,49070080,44267712,42.22,4167808
1770209120076,5049.93,1395.83,99188736,49070080,44269176,42.22,4167808
1770209120177,5053.23,1397.68,99188736,49070080,44492384,42.43,4177336
1770209120278,5053.37,1397.76,99188736,49070080,44493824,42.43,4177336
1770209120378,5053.65,1397.92,99188736,49070080,44495264,42.43,4177336
1770209120480,5057.95,1399.99,99434496,49332224,43376040,41.37,4178672
1770209120581,5058.23,1400.15,99434496,49332224,43377504,41.37,4178672
1770209120682,5061.39,1401.81,99434496,49332224,43600480,41.58,4154272
1770209120784,5061.66,1401.97,99434496,49332224,43601920,41.58,4154272
1770209120885,5061.93,1402.13,99434496,49332224,43603360,41.58,4154272
1770209120986,5066.48,1404.01,99434496,49332224,43826680,41.80,4155608
1770209121086,5066.74,1404.16,99434496,49332224,43828120,41.80,4155608
1770209121188,5073.47,1406.03,99434496,49332224,44051224,42.01,4165136
1770209121289,5073.73,1406.17,99434496,49332224,44052664,42.01,4165136
1770209121390,5074.01,1406.31,99434496,49332224,44054104,42.01,4165136
1770209121491,5076.75,1408.02,99434496,49332224,44276752,42.23,4166472
1770209121592,5077.03,1408.18,99434496,49332224,44278192,42.23,4166472
1770209121693,5080.08,1409.99,99450880,49332224,44501040,42.44,4176000
1770209121793,5080.35,1410.14,99450880,49332224,44502480,42.44,4176000
1770209121895,5080.61,1410.29,99450880,49332224,44503920,42.44,4176000
1770209121996,5089.44,1412.71,99450880,49332224,44726600,42.65,4177336
1770209122097,5089.71,1412.87,99450880,49332224,44728040,42.66,4177336
1770209122198,5095.42,1414.87,99450880,49332224,44945736,42.86,4186864
1770209122298,5095.67,1415.02,99450880,49332224,44947200,42.86,4186864
1770209122401,5097.52,1416.14,99450880,49332224,45057064,42.97,4187534
1770209122503,5108.69,1417.25,99713024,49594368,43671880,41.65,4188200
1770209122604,5108.91,1417.41,99713024,49594368,43673320,41.65,4188200
1770209122705,5113.38,1418.99,99713024,49594368,43888768,41.86,4154938
1770209122805,5113.53,1419.04,99713024,49594368,43890208,41.86,4154938
1770209122906,5115.40,1420.10,99713024,49594368,43998632,41.96,4155608
1770209123007,5116.39,1420.81,99729408,49594368,44106088,42.06,4156274
1770209123108,5116.64,1420.93,99729408,49594368,44107528,42.06,4156274
1770209123209,5121.55,1422.75,99729408,49594368,44322384,42.27,4165802
1770209123310,5121.75,1422.88,99729408,49594368,44323824,42.27,4165802
1770209123410,5123.91,1424.17,99729408,49594368,44432048,42.37,4166472
1770209123511,5124.75,1424.82,99729408,49594368,44539088,42.48,4167138
1770209123612,5124.99,1424.95,99729408,49594368,44540528,42.48,4167138
1770209123712,5130.89,1426.98,99729408,49594368,44754752,42.68,4176666
1770209123814,5131.10,1427.07,99729408,49594368,44756192,42.68,4176666
1770209123914,5132.92,1428.21,99762176,49594368,45011072,42.93,4177336
1770209124015,5134.55,1428.95,99778560,49594368,45118200,43.03,4178002
1770209124115,5134.74,1429.07,99778560,49594368,45119640,43.03,4178002
1770209124216,5142.98,1431.08,99794944,49594368,45333952,43.23,4187530
1770209124317,5143.18,1431.22,99794944,49594368,45335392,43.24,4187530
1770209124417,5146.10,1433.29,100352000,54575104,44155888,42.11,4188866
1770209124518,5146.18,1433.35,100352000,54575104,44157336,42.11,4188866
1770209124619,5146.32,1433.44,100352000,54575104,44158784,42.11,4188866
1770209124720,5148.37,1435.00,100352000,54575104,44372776,42.32,4154938
1770209124821,5148.52,1435.10,100352000,54575104,44374224,42.32,4154938
1770209124921,5150.96,1436.82,100352000,54575104,44588008,42.52,4156274
1770209125022,5151.03,1436.87,100352000,54575104,44589456,42.52,4156274
1770209125123,5151.17,1436.97,100352000,54575104,44590904,42.53,4156274
1770209125224,5160.20,1438.83,100368384,54575104,44804992,42.73,4165802
1770209125324,5160.33,1438.92,100368384,54575104,44806440,42.73,4165802
1770209125425,5162.27,1440.51,100368384,54575104,45019920,42.93,4167138
1770209125527,5162.36,1440.57,100368384,54575104,45021368,42.94,4167138
1770209125628,5162.50,1440.68,100368384,54575104,45022816,42.94,4167138
1770209125728,5164.68,1442.64,100368384,54575104,45236576,43.14,4176666
1770209125829,5164.79,1442.72,100368384,54575104,45238024,43.14,4176666
1770209125930,5166.77,1444.24,100368384,54575104,45451696,43.35,4178002
1770209126031,5166.85,1444.28,100368384,54575104,45453144,43.35,4178002
1770209126132,5166.97,1444.34,100368384,54575104,45454592,43.35,4178002
1770209126233,5168.97,1445.77,100368384,54575104,45668296,43.55,4187530
1770209126334,5169.13,1445.87,100368384,54575104,45669744,43.55,4187530
1770209126434,5179.60,1447.68,100466688,54575104,45883240,43.76,4188866
1770209126536,5187.76,1447.80,100466688,54575104,45889808,43.76,4188866
1770209126637,5187.86,1447.85,100466688,54575104,45891256,43.77,4188866
1770209126738,5189.57,1449.20,100696064,54575104,46103392,43.97,4198394
1770209126839,5189.72,1449.28,100696064,54575104,46104864,43.97,4198394
1770209126940,5205.97,1450.88,100990976,54575104,46316832,44.17,4199730
1770209127041,5216.56,1451.16,101040128,54575104,46318784,44.17,4199730
1770209127143,5216.76,1451.27,101040128,54575104,46320232,44.17,4199730
1770209127244,5218.28,1452.45,101253120,54575104,46529456,44.37,4209258
1770209127345,5218.47,1452.57,101253120,54575104,46530928,44.38,4209258
1770209127446,5220.27,1454.05,101449728,54575104,46739968,44.57,4210594
1770209127547,5220.44,1454.14,101449728,54575104,46741440,44.58,4210594
1770209127648,5220.66,1454.27,101449728,54575104,46742888,44.58,4210594
1770209127749,5229.26,1456.73,101662720,54575104,46952600,44.78,4220122
1770209127850,5229.51,1456.88,101662720,54575104,46954072,44.78,4220122
1770209127950,5231.92,1458.74,101859328,54575104,47163080,44.98,4221458
1770209128051,5232.10,1458.82,101859328,54575104,47164552,44.98,4221458
1770209128151,5232.35,1458.97,101875712,54575104,47166000,44.98,4221458
1770209128253,5234.95,1460.63,102088704,54575104,47375280,45.18,4230988
1770209128353,5235.20,1460.79,102088704,54575104,47376752,45.18,4230988
1770209128454,5237.90,1462.66,102285312,54575104,47585752,45.38,4232326
1770209128555,5238.05,1462.75,102285312,54575104,47587224,45.38,4232326
1770209128656,5238.26,1462.88,102285312,54575104,47588672,45.38,4232326
1770209128758,5241.44,1465.90,97992704,48283648,44721352,42.65,4241856
1770209128859,5241.66,1466.03,97992704,48283648,44722816,42.65,4241856
1770209128960,5244.48,1467.83,97992704,48283648,44931872,42.85,4146082
1770209129061,5244.67,1467.93,97992704,48283648,44933336,42.85,4146082
1770209129161,5244.93,1468.04,97992704,48283648,44934776,42.85,4146082
1770209129262,5249.47,1470.05,98009088,48283648,45144096,43.05,4155612
1770209129364,5249.71,1470.18,98009088,48283648,45145560,43.05,4155612
1770209129465,5252.64,1471.96,98009088,48283648,45354664,43.25,4156950
1770209129566,5252.88,1472.12,98009088,48283648,45356128,43.25,4156950
1770209129667,5253.21,1472.29,98009088,48283648,45357568,43.26,4156950
1770209129768,5257.31,1474.57,97206272,47759360,44747040,42.67,4166480
1770209129869,5257.56,1474.71,97206272,47759360,44748504,42.68,4166480
1770209129970,5261.63,1476.61,97402880,47759360,44957600,42.87,4146749
1770209130071,5261.77,1476.72,97402880,47759360,44959064,42.88,4146749
1770209130172,5261.93,1476.81,97402880,47759360,44960504,42.88,4146749
1770209130273,5266.13,1478.82,97599488,47759360,45169728,43.08,4156279
1770209130374,5266.39,1478.95,97599488,47759360,45171192,43.08,4156279
1770209130475,5268.97,1480.76,97796096,47759360,45437592,43.33,4157617
1770209130576,5269.15,1480.86,97796096,47759360,45439056,43.33,4157617
1770209130677,5269.40,1481.01,97796096,47759360,45440496,43.34,4157617
1770209130778,5272.48,1482.65,98009088,47759360,45650272,43.54,4167147
1770209130878,5272.68,1482.79,98009088,47759360,45651736,43.54,4167147
1770209130979,5276.22,1484.93,98713600,51167232,45164200,43.07,4146082
1770209131081,5276.37,1485.03,98713600,51167232,45165640,43.07,4146082
1770209131182,5276.58,1485.16,98713600,51167232,45167080,43.07,4146082
1770209131283,5279.15,1486.81,98926592,51167232,45376304,43.27,4155612
1770209131384,5279.35,1486.92,98926592,51167232,45377744,43.28,4155612
1770209131485,5281.25,1488.28,99123200,51167232,45586744,43.47,4156950
1770209131586,5281.42,1488.36,99123200,51167232,45588184,43.48,4156950
1770209131686,5281.62,1488.49,99123200,51167232,45589624,43.48,4156950
1770209131786,5283.94,1490.23,99336192,51167232,45798888,43.68,4166480
1770209131888,5284.11,1490.32,99336192,51167232,45800328,43.68,4166480
1770209131989,5286.42,1491.82,99532800,51167232,46009368,43.88,4167818
1770209132090,5286.54,1491.89,99532800,51167232,46010832,43.88,4167818
1770209132191,5286.74,1492.00,99532800,51167232,46012272,43.88,4167818
1770209132293,5288.42,1494.03,99745792,51167232,46221544,44.08,4177348
1770209132394,5288.57,1494.11,99745792,51167232,46223008,44.08,4177348
1770209132514,5418.37,1507.90,137822208,96518144,57875032,55.19,4146082
1770209132613,5629.88,1513.18,147619840,97566720,71533816,68.22,4135883
1770209132714,5638.67,1513.99,147668992,97566720,74770056,71.31,4145413
1770209132815,5638.78,1514.04,147668992,97566720,74771528,71.31,4145413
1770209132914,5639.01,1514.14,147668992,97566720,74772976,71.31,4145413
1770209133016,5641.48,1515.46,147668992,97566720,74986728,71.51,4146751
1770209133117,5641.63,1515.53,147668992,97566720,74988200,71.51,4146751
1770209133217,5643.73,1516.95,147668992,97566720,75201744,71.72,4156281
1770209133318,5643.80,1516.99,147652608,97566720,75203216,71.72,4156281
1770209133420,5643.95,1517.06,147652608,97566720,75204664,71.72,4156281
1770209133521,5646.14,1518.56,147652608,97566720,75418016,71.92,4157619
1770209133621,5646.28,1518.65,147652608,97566720,75419488,71.93,4157619
1770209133722,5648.30,1520.22,147603456,97566720,75633192,72.13,4167149
1770209133824,5648.45,1520.32,147259392,97566720,75634664,72.13,4167149
1770209133925,5648.65,1520.44,147226624,97566720,75636112,72.13,4167149
1770209134026,5652.26,1522.01,147226624,97566720,75849760,72.34,4168487
1770209134127,5652.38,1522.10,131530752,97566720,75851232,72.34,4168487
1770209134227,5654.01,1523.42,128040960,97566720,76064832,72.54,4178017
1770209134328,5654.17,1523.52,127582208,97566720,76066304,72.54,4178017
1770209134429,5654.32,1523.62,127582208,97566720,76067752,72.54,4178017
1770209134530,5656.17,1525.00,127418368,97566720,76281128,72.75,4179355
1770209134631,5656.32,1525.09,126287872,97566720,76282600,72.75,4179355
1770209134731,5658.85,1526.65,126517248,97566720,76496248,72.95,4188885
1770209134831,5659.00,1526.73,126517248,97566720,76497720,72.95,4188885
1770209134932,5659.26,1526.85,126517248,97566720,76499152,72.96,4188885
1770209135032,5661.66,1528.54,126746624,97566720,76712552,73.16,4190223
1770209135134,5661.85,1528.65,126746624,97566720,76714024,73.16,4190223
1770209135234,5669.65,1534.32,134594560,99139584,64138264,61.17,4199753
1770209135335,5669.83,1534.41,134594560,99139584,64139736,61.17,4199753
1770209135436,5670.11,1534.59,134594560,99139584,64141184,61.17,4199753
1770209135537,5673.05,1536.41,134594560,99139584,64354656,61.37,4146751
1770209135637,5673.32,1536.58,134594560,99139584,64356104,61.37,4146751
1770209135736,5676.51,1538.54,134594560,99139584,64569760,61.58,4156281
1770209135838,5676.67,1538.62,134594560,99139584,64571208,61.58,4156281
1770209135939,5676.91,1538.75,134594560,99139584,64572656,61.58,4156281
1770209136040,5680.09,1540.70,134610944,99139584,64786144,61.78,4157619
1770209136141,5680.47,1540.94,134610944,99139584,64787592,61.79,4157619
1770209136241,5682.16,1542.61,134725632,99139584,65001168,61.99,4167149
1770209136342,5682.32,1542.68,134660096,99139584,65002648,61.99,4167149
1770209136443,5682.51,1542.79,134627328,99139584,65004096,61.99,4167149
1770209136544,5684.84,1544.53,134627328,99139584,65217472,62.20,4168487
1770209136645,5685.18,1544.72,134627328,99139584,65218920,62.20,4168487
1770209136745,5687.48,1546.39,134627328,99139584,65432656,62.40,4178017
1770209136846,5687.65,1546.50,134627328,99139584,65434104,62.40,4178017
1770209136947,5687.80,1546.58,134627328,99139584,65435552,62.40,4178017
1770209137049,5690.06,1548.48,134627328,99139584,65648984,62.61,4179355
1770209137150,5690.22,1548.60,134627328,99139584,65650432,62.61,4179355
1770209137251,5691.68,1550.05,134643712,99139584,65864016,62.81,4188885
1770209137352,5691.83,1550.12,134643712,99139584,65865464,62.81,4188885
1770209137454,5692.09,1550.26,134643712,99139584,65866912,62.82,4188885
1770209137554,5696.84,1551.87,134643712,99139584,66080360,63.02,4190223
1770209137655,5697.09,1552.03,134643712,99139584,66081808,63.02,4190223
1770209137757,5701.03,1554.18,134643712,99139584,66391056,63.32,4199753
1770209137858,5701.28,1554.26,134643712,99139584,66392504,63.32,4199753
1770209137959,5701.52,1554.37,134643712,99139584,66393952,63.32,4199753
1770209138059,5705.63,1556.24,134660096,99139584,66606920,63.52,4201091
1770209138161,5705.90,1556.46,134660096,99139584,66608392,63.52,4201091
1770209138262,5712.64,1558.58,134676480,99139584,66822056,63.73,4210621
1770209138363,5712.84,1558.68,134676480,99139584,66823528,63.73,4210621
1770209138464,5713.09,1558.80,134676480,99139584,66824976,63.73,4210621
1770209138566,5725.04,1560.85,134742016,99139584,67037944,63.93,4211959
1770209138668,5725.26,1560.99,134742016,99139584,67039416,63.93,4211959
1770209138769,5727.92,1562.81,134742016,99139584,67250024,64.13,4221489
1770209138870,5728.15,1562.94,134742016,99139584,67251496,64.14,4221489
1770209138971,5728.40,1563.06,134742016,99139584,67252944,64.14,4221489
1770209139072,5731.10,1564.86,134742016,99139584,67463288,64.34,4222827
1770209139173,5731.35,1565.00,134742016,99139584,67464760,64.34,4222827
1770209139275,5736.31,1567.29,134742016,99139584,67675608,64.54,4232357
1770209139376,5736.51,1567.40,134742016,99139584,67677080,64.54,4232357
1770209139476,5736.74,1567.51,134742016,99139584,67678528,64.54,4232357
1770209139578,5745.99,1569.41,134774784,99139584,67891040,64.75,4233695
1770209139679,5746.22,1569.54,134774784,99139584,67892512,64.75,4233695
1770209139780,5750.92,1571.62,134774784,99139584,68102832,64.95,4243225
1770209139882,5751.16,1571.75,134774784,99139584,68104304,64.95,4243225
1770209139983,5751.42,1571.89,134774784,99139584,68105752,64.95,4243225
1770209140084,5754.22,1573.65,134774784,99139584,68315872,65.15,4244563
1770209140185,5754.45,1573.76,134774784,99139584,68317344,65.15,4244563
1770209140285,5757.11,1575.34,134774784,99139584,68527720,65.35,4254093
1770209140387,5757.35,1575.43,134774784,99139584,68529192,65.35,4254093
1770209140487,5757.62,1575.59,134774784,99139584,68530640,65.36,4254093
1770209140588,5760.61,1577.62,134791168,99139584,68740784,65.56,4255431
1770209140690,5837.96,1589.58,101761024,55623680,42333280,40.37,4135216
1770209140791,5841.52,1591.13,101810176,55623680,42824768,40.84,4144746
1770209140892,5841.71,1591.23,101810176,55623680,42826240,40.84,4144746
1770209140992,5841.95,1591.38,101810176,55623680,42827688,40.84,4144746
1770209141094,5850.26,1593.04,101810176,55623680,43063328,41.07,4146084
1770209141194,5850.52,1593.20,101810176,55623680,43064800,41.07,4146084
1770209141296,5928.21,1602.44,94568448,46186496,42343048,40.38,4144746
1770209141396,5928.44,1602.55,94568448,46186496,42344560,40.38,4144746
1770209141498,5928.66,1602.68,94568448,46186496,42346000,40.38,4144746
1770209141598,5930.39,1604.01,94781440,46186496,42569576,40.60,4146084
1770209141699,5930.67,1604.16,94781440,46186496,42573392,40.60,4146084
1770209141801,5938.94,1606.31,95125504,46186496,42809648,40.83,4155614
1770209141901,6010.95,1610.04,94437376,45924352,42083872,40.13,4135216
1770209142001,6011.25,1610.16,94437376,45924352,42174712,40.22,4135216
1770209142102,6019.68,1612.13,94699520,45924352,42427928,40.46,4136554
1770209142203,6019.91,1612.26,94699520,45924352,42429392,40.46,4136554
1770209142304,6022.62,1613.97,94912512,45924352,42653272,40.68,4146084
1770209142405,6022.84,1614.11,94912512,45924352,42654736,40.68,4146084
1770209142505,6023.09,1614.24,94912512,45924352,42656176,40.68,4146084
1770209142607,6026.24,1616.30,95125504,45924352,42879632,40.89,4147422
1770209142707,6026.52,1616.46,95125504,45924352,42881096,40.89,4147422
1770209142809,6044.80,1619.05,95731712,49070080,42293512,40.33,4156952
1770209142909,6044.97,1619.13,95731712,49070080,42294976,40.34,4156952
1770209143011,6045.17,1619.26,95731712,49070080,42296416,40.34,4156952
1770209143112,6051.04,1620.94,95961088,49070080,42520136,40.55,4146751
1770209143212,6051.28,1621.06,95961088,49070080,42521600,40.55,4146751
1770209143312,6054.68,1623.14,96174080,49070080,42745032,40.76,4156281
1770209143413,6054.92,1623.26,96174080,49070080,42746496,40.77,4156281
1770209143515,6055.19,1623.41,96174080,49070080,42747936,40.77,4156281
1770209143616,6059.64,1625.29,96403456,49070080,42971288,40.98,4157619
1770209143717,6059.82,1625.38,96403456,49070080,42972752,40.98,4157619
1770209143817,6062.74,1627.20,96616448,49070080,43196040,41.19,4167149
1770209143919,6063.01,1627.35,96616448,49070080,43197504,41.20,4167149
1770209144019,6063.30,1627.53,96616448,49070080,43198944,41.20,4167149
1770209144121,6066.30,1629.24,96829440,49070080,43422080,41.41,4168487
1770209144222,6066.50,1629.36,96829440,49070080,43423544,41.41,4168487
1770209144323,6069.56,1631.17,97042432,49070080,43646848,41.62,4178017
1770209144424,6069.77,1631.29,97042432,49070080,43648312,41.63,4178017
1770209144524,6070.03,1631.43,97042432,49070080,43649752,41.63,4178017
1770209144625,6072.82,1633.61,97271808,49070080,43872824,41.84,4179355
1770209144725,6073.11,1633.75,97271808,49070080,43874288,41.84,4179355
1770209144827,6078.30,1635.69,97484800,49070080,44105848,42.06,4188885
1770209144928,6080.70,1635.87,97484800,49070080,42549976,40.58,4188885
1770209145030,6080.95,1636.02,97484800,49070080,42551416,40.58,4188885
1770209145131,6083.77,1637.76,97484800,49070080,42773792,40.79,4146084
1770209145232,6084.05,1637.90,97484800,49070080,42775232,40.79,4146084
1770209145334,6091.87,1639.55,97583104,49070080,43198960,41.20,4155614
1770209145435,6092.03,1639.62,97583104,49070080,43200424,41.20,4155614
1770209145536,6092.26,1639.78,97583104,49070080,43201864,41.20,4155614
1770209145637,6094.55,1641.51,97583104,49070080,43424168,41.41,4156952
1770209145737,6094.78,1641.66,97583104,49070080,43425608,41.41,4156952
1770209145837,6098.75,1643.42,97779712,49070080,43648224,41.63,4166482
1770209145939,6098.99,1643.57,97779712,49070080,43649688,41.63,4166482
1770209146040,6099.24,1643.74,97779712,49070080,43651128,41.63,4166482
1770209146140,6101.46,1645.19,97992704,49070080,43873120,41.84,4167820
1770209146241,6101.66,1645.28,97992704,49070080,43874584,41.84,4167820
1770209146342,6104.31,1647.42,98205696,49070080,44096704,42.05,4177350
1770209146442,6104.57,1647.56,98205696,49070080,44098168,42.06,4177350
1770209146544,6104.82,1647.70,98205696,49070080,44099608,42.06,4177350
1770209146645,6108.32,1649.89,98435072,49070080,44321528,42.27,4178688
1770209146746,6108.54,1650.03,98435072,49070080,44322992,42.27,4178688
1770209146847,6113.49,1652.04,98598912,49070080,43077856,41.08,4188218
1770209146947,6113.70,1652.14,98598912,49070080,43079320,41.08,4188218
1770209147047,6113.99,1652.28,98598912,49070080,43080760,41.09,4188218
1770209147148,6116.99,1654.09,98598912,49070080,43302640,41.30,4146751
1770209147250,6117.26,1654.22,98598912,49070080,43304080,41.30,4146751
1770209147350,6120.59,1656.17,98598912,49070080,43526240,41.51,4156281
1770209147451,6120.84,1656.30,98598912,49070080,43527680,41.51,4156281
1770209147553,6121.12,1656.45,98598912,49070080,43529120,41.51,4156281
1770209147654,6124.13,1658.32,98598912,49070080,43751056,41.72,4157619
1770209147754,6124.41,1658.47,98598912,49070080,43752496,41.73,4157619
1770209147856,6127.71,1660.57,98598912,49070080,43974592,41.94,4167149
1770209147956,6127.96,1660.66,98598912,49070080,43976032,41.94,4167149
1770209148060,6130.25,1661.97,98598912,49070080,44088240,42.05,4167820
1770209148162,6131.39,1662.74,98598912,49070080,44199336,42.15,4168487
1770209148263,6131.65,1662.89,98598912,49070080,44200776,42.15,4168487
1770209148364,6136.01,1665.06,98844672,49594368,43241608,41.24,4178017
1770209148464,6136.22,1665.20,98844672,49594368,43243048,41.24,4178017
1770209148565,6142.53,1666.98,98861056,49594368,43465472,41.45,4146084
1770209148667,6142.65,1667.05,98861056,49594368,43466912,41.45,4146084
1770209148768,6142.90,1667.19,98861056,49594368,43468352,41.45,4146084
1770209148869,6146.33,1669.25,98861056,49594368,43690496,41.67,4155614
1770209148971,6146.57,1669.36,98861056,49594368,43691936,41.67,4155614
1770209149071,6149.28,1671.17,98861056,49594368,43913888,41.88,4156952
1770209149171,6149.44,1671.26,98861056,49594368,43915328,41.88,4156952
1770209149273,6149.70,1671.40,98861056,49594368,43916768,41.88,4156952
1770209149374,6152.82,1673.41,98861056,49594368,44138928,42.09,4166482
1770209149475,6153.08,1673.58,98861056,49594368,44140368,42.10,4166482
1770209149575,6155.89,1675.41,98861056,49594368,44362384,42.31,4167820
1770209149675,6156.05,1675.49,98861056,49594368,44363824,42.31,4167820
1770209149774,6156.30,1675.62,98861056,49594368,44365264,42.31,4167820
1770209149875,6159.37,1677.52,98877440,49594368,44587512,42.52,4177350
1770209149975,6159.65,1677.66,98877440,49594368,44588952,42.52,4177350
1770209150077,6164.53,1679.90,99074048,49856512,43447984,41.44,4178688
1770209150177,6164.71,1679.99,99074048,49856512,43449424,41.44,4178688
1770209150279,6164.99,1680.15,99074048,49856512,43450864,41.44,4178688
1770209150380,6168.27,1682.21,99074048,49856512,43673160,41.65,4154276
1770209150481,6168.55,1682.37,99074048,49856512,43674624,41.65,4154276
1770209150581,6171.40,1684.18,99074048,49856512,43896496,41.86,4155614
1770209150683,6171.57,1684.29,99074048,49856512,43897936,41.86,4155614
1770209150783,6171.84,1684.47,99074048,49856512,43899376,41.87,4155614
1770209150883,6176.85,1686.46,99074048,49856512,44122072,42.08,4165144
1770209150984,6177.12,1686.57,99074048,49856512,44123536,42.08,4165144
1770209151084,6181.95,1688.41,99090432,49856512,44345480,42.29,4166482
1770209151185,6182.09,1688.49,99090432,49856512,44346920,42.29,4166482
1770209151286,6182.33,1688.63,99090432,49856512,44348360,42.29,4166482
1770209151388,6186.38,1690.77,99090432,49856512,44570528,42.51,4176012
1770209151489,6186.66,1690.87,99090432,49856512,44571992,42.51,4176012
1770209151589,6189.82,1693.10,99090432,49856512,44793904,42.72,4177350
1770209151690,6189.99,1693.19,99090432,49856512,44795344,42.72,4177350
1770209151790,6190.23,1693.33,99090432,49856512,44796784,42.72,4177350
1770209151890,6193.02,1695.25,99090432,49856512,45018896,42.93,4186880
1770209151992,6193.28,1695.34,99090432,49856512,45020360,42.93,4186880
1770209152092,6199.89,1697.67,99352576,50380800,43748904,41.72,4188218
1770209152192,6200.08,1697.76,99352576,50380800,43750344,41.72,4188218
1770209152292,6200.33,1697.89,99352576,50380800,43751784,41.72,4188218
1770209152393,6213.63,1700.12,99368960,50380800,43974496,41.94,4154943
1770209152495,6213.90,1700.29,99368960,50380800,43975960,41.94,4154943
1770209152595,6224.54,1702.51,99385344,50380800,44196072,42.15,4156281
1770209152696,6224.66,1702.59,99385344,50380800,44197512,42.15,4156281
1770209152797,6224.86,1702.70,99385344,50380800,44198952,42.15,4156281
1770209152898,6227.72,1704.45,99385344,50380800,44413576,42.36,4165811
1770209152999,6227.94,1704.57,99385344,50380800,44415040,42.36,4165811
1770209153099,6230.70,1706.39,99385344,50380800,44630008,42.56,4167149
1770209153200,6230.85,1706.46,99385344,50380800,44631448,42.56,4167149
1770209153301,6231.11,1706.57,99385344,50380800,44632888,42.57,4167149
1770209153402,6246.99,1708.60,99401728,50380800,45115240,43.03,4176679
1770209153503,6247.21,1708.75,99401728,50380800,45116704,43.03,4176679
1770209153604,6254.09,1710.54,99401728,50380800,45331096,43.23,4178017
1770209153705,6254.28,1710.62,99401728,50380800,45332536,43.23,4178017
1770209153805,6254.56,1710.76,99401728,50380800,45333976,43.23,4178017
1770209153907,6257.86,1712.63,99450880,50380800,45548424,43.44,4187547
1770209154008,6258.13,1712.79,99450880,50380800,45549888,43.44,4187547
1770209154108,6263.17,1715.13,99991552,55099392,44363184,42.31,4188885
1770209154209,6263.33,1715.22,99991552,55099392,44364624,42.31,4188885
1770209154310,6263.60,1715.35,99991552,55099392,44366064,42.31,4188885
1770209154411,6273.04,1717.29,100007936,55099392,44589200,42.52,4154943
1770209154512,6273.29,1717.41,100007936,55099392,44590648,42.52,4154943
1770209154613,6275.78,1719.11,100007936,55099392,44804904,42.73,4156281
1770209154714,6275.93,1719.19,100007936,55099392,44806352,42.73,4156281
1770209154815,6276.15,1719.31,100007936,55099392,44807800,42.73,4156281
1770209154915,6278.92,1721.12,100007936,55099392,45022312,42.94,4165811
1770209155017,6279.18,1721.25,100007936,55099392,45023760,42.94,4165811
1770209155117,6285.76,1723.03,100007936,55099392,45238032,43.14,4167149
1770209155218,6285.94,1723.12,100007936,55099392,45239480,43.14,4167149
1770209155319,6286.20,1723.29,100007936,55099392,45240928,43.15,4167149
1770209155420,6288.95,1724.92,100007936,55099392,45455320,43.35,4176679
1770209155520,6289.19,1725.05,100007936,55099392,45456768,43.35,4176679
1770209155620,6292.83,1727.13,100024320,55099392,45670688,43.55,4178017
1770209155722,6293.03,1727.22,100024320,55099392,45672136,43.56,4178017
1770209155823,6293.30,1727.38,100024320,55099392,45673584,43.56,4178017
1770209155925,6296.09,1729.13,100024320,55099392,45887680,43.76,4187547
1770209156026,6296.37,1729.28,100024320,55099392,45889128,43.76,4187547
1770209156127,6299.59,1731.46,100122624,55099392,46103056,43.97,4188885
1770209156228,6299.77,1731.56,100122624,55099392,46104504,43.97,4188885
1770209156328,6300.05,1731.72,100122624,55099392,46105952,43.97,4188885
1770209156429,6329.94,1733.98,100352000,55099392,46433896,44.28,4198415
1770209156530,6330.11,1734.05,100352000,55099392,46435368,44.28,4198415
1770209156631,6332.77,1735.85,100548608,55099392,46647104,44.49,4199753
1770209156731,6332.93,1735.95,100548608,55099392,46648576,44.49,4199753
1770209156833,6333.15,1736.09,100564992,55099392,46650024,44.49,4199753
1770209156934,6367.61,1738.03,100827136,55099392,46862736,44.69,4209283
1770209157035,6367.74,1738.10,100827136,55099392,46864208,44.69,4209283
1770209157135,6370.32,1740.01,101023744,55099392,47073064,44.89,4210621
1770209157237,6370.44,1740.09,101023744,55099392,47074536,44.89,4210621
1770209157338,6370.64,1740.19,101023744,55099392,47075984,44.90,4210621
1770209157439,6373.40,1741.88,101220352,55099392,47285032,45.09,4220151
1770209157539,6373.62,1741.99,101220352,55099392,47286504,45.10,4220151
1770209157640,6376.70,1743.95,101416960,55099392,47495408,45.30,4221489
1770209157740,6376.91,1744.08,101416960,55099392,47496880,45.30,4221489
1770209157842,6377.10,1744.18,101416960,55099392,47498328,45.30,4221489
1770209157942,6377.79,1744.83,101613568,55099392,47707416,45.50,4231019
1770209158043,6377.92,1744.89,101613568,55099392,47708888,45.50,4231019
1770209158143,6379.01,1745.83,101826560,55099392,47917776,45.70,4232357
1770209158244,6379.10,1745.89,101826560,55099392,47919248,45.70,4232357
1770209158345,6379.31,1746.02,101826560,55099392,47920696,45.70,4232357
1770209158447,6384.87,1748.52,102301696,55099392,45020096,42.93,4241887
1770209158548,6385.08,1748.64,102301696,55099392,45021568,42.94,4241887
1770209158649,6387.86,1750.60,102301696,55099392,45230432,43.14,4146084
1770209158749,6388.00,1750.68,102301696,55099392,45231880,43.14,4146084
1770209158850,6388.19,1750.79,102301696,55099392,45233328,43.14,4146084
1770209158951,6391.51,1752.98,102301696,55099392,45442408,43.34,4155614
1770209159052,6391.77,1753.18,102301696,55099392,45443856,43.34,4155614
1770209159153,6396.22,1755.28,102301696,55099392,45652760,43.54,4156952
1770209159253,6396.50,1755.43,102301696,55099392,45654208,43.54,4156952
1770209159353,6396.82,1755.67,102301696,55099392,45655656,43.54,4156952
1770209159454,6399.75,1757.52,102301696,55099392,45864736,43.74,4166482
1770209159555,6400.03,1757.76,102301696,55099392,45866184,43.74,4166482
1770209159657,6403.20,1759.91,102301696,55099392,46075040,43.94,4167820
1770209159758,6403.47,1760.06,102301696,55099392,46076488,43.94,4167820
1770209159859,6403.73,1760.21,102301696,55099392,46077936,43.94,4167820
1770209159960,6406.47,1762.06,102318080,55099392,46287032,44.14,4177350
1770209160061,6406.71,1762.19,102318080,55099392,46288480,44.14,4177350
1770209160162,6411.01,1764.31,102432768,55099392,46497384,44.34,4178688
1770209160262,6411.26,1764.47,102432768,55099392,46498832,44.34,4178688
1770209160364,6411.55,1764.67,102432768,55099392,46500280,44.35,4178688
1770209160465,6414.64,1767.03,102645760,55099392,46709344,44.55,4188218
1770209160565,6414.90,1767.19,102645760,55099392,46710792,44.55,4188218
1770209160665,6417.68,1769.24,102842368,55099392,46919648,44.75,4189556
1770209160765,6417.97,1769.35,102842368,55099392,46921392,44.75,4189556
1770209160866,6419.63,1769.75,102891520,55099392,46974376,44.80,4189564
1770209160967,6422.51,1771.67,103088128,55099392,47183472,45.00,4199094
1770209161066,6422.77,1771.80,103088128,55099392,47184944,45.00,4199094
1770209161167,6425.56,1773.74,103284736,55099392,47393800,45.20,4200432
1770209161268,6425.77,1773.86,103301120,55099392,47395272,45.20,4200432
1770209161370,6426.02,1773.99,103301120,55099392,47396720,45.20,4200432
1770209161470,6430.62,1776.12,103497728,55099392,47606168,45.40,4209962
1770209161571,6430.79,1776.21,103497728,55099392,47607640,45.40,4209962
1770209161672,6433.49,1778.17,103694336,55099392,47816360,45.60,4211300
1770209161773,6433.74,1778.30,103694336,55099392,47817832,45.60,4211300
1770209161873,6434.03,1778.47,103694336,55099392,47819280,45.60,4211300
1770209161974,6436.61,1780.31,103923712,55099392,48028352,45.80,4220830
1770209162074,6436.87,1780.47,103923712,55099392,48029824,45.80,4220830
1770209162176,6454.79,1784.89,97878016,48807936,45558296,43.45,4222168
1770209162277,6455.03,1785.00,97878016,48807936,45559760,43.45,4222168
1770209162378,6455.29,1785.12,97878016,48807936,45561200,43.45,4222168
1770209162477,6683.85,1801.04,140886016,98631680,62849368,59.94,4144746
1770209162579,6807.17,1802.77,149127168,99942400,75810616,72.30,4144746
1770209162679,6808.43,1804.02,149143552,99942400,76019168,72.50,4146084
1770209162781,6808.64,1804.12,149143552,99942400,76020640,72.50,4146084
1770209162882,6808.90,1804.24,149143552,99942400,76022088,72.50,4146084
1770209162982,6811.37,1805.98,149143552,99942400,76230952,72.70,4155614
1770209163084,6811.55,1806.09,149143552,99942400,76232424,72.70,4155614
1770209163185,6812.22,1806.85,149143552,99942400,76440896,72.90,4156952
1770209163286,6812.32,1806.91,149143552,99942400,76442368,72.90,4156952
1770209163386,6812.46,1807.00,149143552,99942400,76443816,72.90,4156952
1770209163488,6814.57,1808.42,149143552,99942400,76652520,73.10,4166482
1770209163589,6814.84,1808.52,149143552,99942400,76653992,73.10,4166482
1770209163688,6817.60,1810.27,149159936,99942400,76862448,73.30,4167820
1770209163790,6817.89,1810.41,149159936,99942400,76863920,73.30,4167820
1770209163890,6818.17,1810.66,149159936,99942400,76865368,73.30,4167820
1770209163990,6820.94,1812.97,149159936,99942400,77074120,73.50,4177350
1770209164092,6821.18,1813.10,149159936,99942400,77075592,73.51,4177350
1770209164193,6824.13,1815.05,149159936,99942400,77284064,73.70,4178688
1770209164293,6824.37,1815.18,149159936,99942400,77285536,73.71,4178688
1770209164395,6824.61,1815.27,149045248,99942400,77286984,73.71,4178688
1770209164495,6828.56,1817.39,149045248,99942400,77495696,73.91,4188218
1770209164595,6828.84,1817.55,149045248,99942400,77497168,73.91,4188218
1770209164697,6831.73,1819.60,149045248,99942400,77705656,74.11,4189556
1770209164798,6832.03,1819.77,149045248,99942400,77707128,74.11,4189556
1770209164898,6832.31,1819.93,149045248,99942400,77708576,74.11,4189556
1770209164999,6835.36,1821.82,149061632,99942400,77917256,74.31,4199086
1770209165100,6835.64,1821.99,149061632,99942400,77918728,74.31,4199086
1770209165200,6838.65,1824.03,149061632,99942400,78127184,74.51,4200424
1770209165300,6838.91,1824.18,149061632,99942400,78128656,74.51,4200424
1770209165402,6839.17,1824.32,149061632,99942400,78130104,74.51,4200424
1770209165503,6842.31,1826.59,149061632,99942400,78338872,74.71,4209954
1770209165604,6842.60,1826.76,149061632,99942400,78340344,74.71,4209954
1770209165705,6845.02,1828.26,149061632,99942400,78548896,74.91,4211292
1770209165806,6845.26,1828.38,149061632,99942400,78550368,74.91,4211292
1770209165906,6845.55,1828.51,149061632,99942400,78551816,74.91,4211292
1770209166008,6852.51,1832.13,149618688,100990976,64967472,61.96,4220822
1770209166109,6852.78,1832.28,149618688,100990976,64968960,61.96,4220822
1770209166209,6855.87,1834.29,149618688,100990976,65177472,62.16,4155614
1770209166311,6856.14,1834.44,149618688,100990976,65178936,62.16,4155614
1770209166412,6856.39,1834.58,149618688,100990976,65180400,62.16,4155614
1770209166513,6860.22,1837.22,149635072,100990976,65389176,62.36,4165144
1770209166614,6860.51,1837.38,149635072,100990976,65390664,62.36,4165144
1770209166714,6863.23,1839.18,149635072,100990976,65599184,62.56,4166482
1770209166816,6863.46,1839.28,149635072,100990976,65600648,62.56,4166482
1770209166916,6863.74,1839.44,149635072,100990976,65602112,62.56,4166482
1770209167017,6866.38,1841.26,149635072,100990976,65810848,62.76,4176012
1770209167118,6866.64,1841.40,149635072,100990976,65812336,62.76,4176012
1770209167220,6875.12,1843.41,149635072,100990976,66021600,62.96,4177350
1770209167320,6875.37,1843.53,149635072,100990976,66023064,62.96,4177350
1770209167422,6875.63,1843.69,149635072,100990976,66024528,62.97,4177350
1770209167523,6878.45,1845.61,149635072,100990976,66233232,63.16,4186880
1770209167624,6878.72,1845.77,149635072,100990976,66234720,63.17,4186880
1770209167725,6881.81,1847.81,149651456,100990976,66443256,63.37,4188218
1770209167826,6882.09,1847.94,149651456,100990976,66444720,63.37,4188218
1770209167926,6882.39,1848.10,149651456,100990976,66446184,63.37,4188218
1770209168027,6885.00,1849.93,149651456,100990976,66655040,63.57,4197748
1770209168127,6885.27,1850.09,149651456,100990976,66656528,63.57,4197748
1770209168229,6888.02,1852.03,149667840,100990976,66865024,63.77,4199086
1770209168329,6888.25,1852.19,149667840,100990976,66866488,63.77,4199086
1770209168430,6888.33,1852.24,149667840,100990976,66867952,63.77,4199086
1770209168532,6889.11,1852.96,149667840,100990976,67076688,63.97,4208616
1770209168633,6889.24,1853.04,149667840,100990976,67078176,63.97,4208616
1770209168734,6892.16,1855.17,149667840,100990976,67286736,64.17,4209954
1770209168834,6892.40,1855.30,149667840,100990976,67288200,64.17,4209954
1770209168935,6892.68,1855.46,149667840,100990976,67289664,64.17,4209954
1770209169036,6895.61,1857.30,149667840,100990976,67498432,64.37,4219484
1770209169136,6895.91,1857.51,149667840,100990976,67499920,64.37,4219484
1770209169237,6898.36,1859.10,149667840,100990976,67708288,64.57,4220822
1770209169338,6898.61,1859.23,149667840,100990976,67709752,64.57,4220822
1770209169439,6898.90,1859.36,149667840,100990976,67711216,64.57,4220822
1770209169540,6902.90,1861.45,149667840,100990976,67919816,64.77,4230352
1770209169640,6903.15,1861.56,149667840,100990976,67921304,64.77,4230352
1770209169740,6906.14,1863.38,149684224,100990976,68129672,64.97,4231690
1770209169841,6906.38,1863.51,149684224,100990976,68131160,64.97,4231690
1770209169943,6906.66,1863.66,149684224,100990976,68132624,64.98,4231690
1770209170044,6908.25,1865.08,149684224,100990976,68341272,65.18,4241220
1770209170144,6908.51,1865.21,149684224,100990976,68342760,65.18,4241220
1770209170245,6911.18,1867.11,149684224,100990976,68551224,65.38,4242558
1770209170346,6911.47,1867.27,149684224,100990976,68552712,65.38,4242558
1770209170448,6911.75,1867.42,149684224,100990976,68554176,65.38,4242558
1770209170549,6914.85,1869.56,149684224,100990976,68762856,65.58,4252088
1770209170649,6991.85,1881.52,106987520,57720832,42468584,40.50,4143408
1770209170750,6995.54,1883.16,106987520,57720832,42956920,40.97,4144746
1770209170851,6995.79,1883.27,106987520,57720832,42958392,40.97,4144746
1770209170952,6996.02,1883.42,106987520,57720832,42959840,40.97,4144746
1770209171053,7006.04,1885.56,106987520,57720832,43196152,41.20,4154276
1770209171155,7006.26,1885.68,106987520,57720832,43197624,41.20,4154276
1770209171256,7087.45,1894.11,95617024,46186496,42546168,40.58,4144746
1770209171357,7087.66,1894.23,95633408,46186496,42547680,40.58,4144746
1770209171459,7089.28,1895.27,95731712,46186496,42660616,40.68,4145417
1770209171559,7090.19,1896.02,95846400,46186496,42772840,40.79,4154276
1770209171661,7090.39,1896.15,95846400,46186496,42774304,40.79,4154276
1770209171762,7094.42,1897.97,96059392,46186496,43004552,41.01,4155614
1770209171863,7161.05,1901.57,95354880,45924352,42230296,40.27,4143408
1770209171964,7163.80,1903.23,95485952,45924352,42422352,40.46,4144079
1770209172066,7165.24,1904.08,95617024,45924352,42534488,40.56,4152938
1770209172167,7165.36,1904.14,95617024,45924352,42535952,40.57,4152938
1770209172267,7167.14,1905.47,95830016,45924352,42759424,40.78,4154276
1770209172369,7167.28,1905.53,95830016,45924352,42760888,40.78,4154276
1770209172469,7169.45,1907.84,96059392,45924352,42984576,40.99,4163806
1770209172570,7169.62,1907.96,96059392,45924352,42986040,40.99,4163806
1770209172671,7169.80,1908.06,96059392,45924352,42987480,41.00,4163806
1770209172772,7173.40,1910.30,96632832,49070080,42369336,40.41,4165144
1770209172872,7173.66,1910.44,96632832,49070080,42370800,40.41,4165144
1770209172974,7177.91,1912.30,96862208,49070080,42750640,40.77,4163135
1770209173075,7178.12,1912.40,96862208,49070080,42752104,40.77,4163135
1770209173175,7178.38,1912.52,96862208,49070080,42753544,40.77,4163135
1770209173275,7181.12,1914.37,97091584,49070080,42977000,40.99,4164473
1770209173377,7181.40,1914.54,97091584,49070080,42978464,40.99,4164473
1770209173478,7183.38,1915.79,97304576,49070080,43202200,41.20,4174003
1770209173579,7183.50,1915.85,97304576,49070080,43203664,41.20,4174003
1770209173679,7183.64,1915.90,97304576,49070080,43205104,41.20,4174003
1770209173781,7187.15,1917.93,97517568,49070080,43428600,41.42,4175341
1770209173881,7187.38,1918.04,97517568,49070080,43430064,41.42,4175341
1770209173982,7194.09,1920.22,97730560,49070080,43653992,41.63,4184871
1770209174083,7194.26,1920.31,97730560,49070080,43655456,41.63,4184871
1770209174183,7194.50,1920.43,97730560,49070080,43656896,41.63,4184871
1770209174285,7197.63,1922.44,97943552,49070080,43880264,41.85,4186209
1770209174386,7197.87,1922.56,97943552,49070080,43881728,41.85,4186209
1770209174487,7211.34,1924.94,98189312,49070080,44180536,42.13,4195739
1770209174588,7211.51,1925.03,98189312,49070080,44182000,42.14,4195739
1770209174688,7211.67,1925.09,98189312,49070080,44183440,42.14,4195739
1770209174789,7213.70,1926.66,98402304,49070080,44406280,42.35,4197077
1770209174890,7213.98,1926.80,98402304,49070080,44407744,42.35,4197077
1770209174991,7218.23,1928.76,98435072,49070080,43074112,41.08,4162468
1770209175092,7218.46,1928.86,98435072,49070080,43075576,41.08,4162468
1770209175191,7218.71,1928.99,98435072,49070080,43077016,41.08,4162468
1770209175293,7234.85,1931.36,98533376,49070080,43299992,41.29,4163806
1770209175393,7235.08,1931.49,98533376,49070080,43301432,41.30,4163806
1770209175494,7237.76,1933.52,98533376,49070080,43524456,41.51,4173336
1770209175595,7238.01,1933.65,98533376,49070080,43525920,41.51,4173336
1770209175695,7238.26,1933.77,98533376,49070080,43527360,41.51,4173336
1770209175797,7242.71,1935.63,98729984,49070080,43750016,41.72,4174674
1770209175897,7242.93,1935.73,98729984,49070080,43751480,41.72,4174674
1770209175999,7246.13,1937.80,98959360,49070080,43974088,41.94,4184204
1770209176101,7246.36,1937.93,98959360,49070080,43975552,41.94,4184204
1770209176202,7246.59,1938.06,98959360,49070080,43976992,41.94,4184204
1770209176302,7248.29,1939.88,99172352,49070080,44199456,42.15,4185542
1770209176403,7248.43,1939.97,99172352,49070080,44200920,42.15,4185542
1770209176503,7251.76,1941.69,99385344,49070080,44423696,42.37,4195072
1770209176605,7251.90,1941.78,99385344,49070080,44425160,42.37,4195072
1770209176706,7252.01,1941.85,99336192,49070080,44426600,42.37,4195072
1770209176806,7255.06,1943.56,99500032,49070080,43169376,41.17,4196410
1770209176906,7255.18,1943.63,99500032,49070080,43170840,41.17,4196410
1770209177007,7266.40,1945.38,99500032,49070080,43397944,41.39,4163135
1770209177109,7266.57,1945.48,99500032,49070080,43399384,41.39,4163135
1770209177210,7266.85,1945.62,99500032,49070080,43400824,41.39,4163135
1770209177311,7278.62,1947.51,99500032,49070080,43633088,41.61,4164473
1770209177412,7278.86,1947.63,99500032,49070080,43634528,41.61,4164473
1770209177512,7281.99,1949.50,99500032,49070080,43856240,41.82,4174003
1770209177614,7282.27,1949.66,99500032,49070080,43857680,41.83,4174003
1770209177715,7282.55,1949.80,99500032,49070080,43859120,41.83,4174003
1770209177817,7287.24,1950.97,99500032,49070080,44306568,42.25,4175341
1770209177917,7287.45,1951.23,99500032,49070080,44308008,42.26,4175341
1770209178019,7289.93,1953.21,99500032,49070080,44529016,42.47,4184871
1770209178120,7290.26,1953.38,99500032,49070080,44530456,42.47,4184871
1770209178222,7290.55,1953.52,99500032,49070080,44531896,42.47,4184871
1770209178323,7296.70,1955.15,99500032,49070080,44752968,42.68,4186209
1770209178424,7296.95,1955.34,99500032,49070080,44754408,42.68,4186209
1770209178525,7300.05,1957.30,99516416,49070080,44975440,42.89,4195739
1770209178627,7300.28,1957.41,99516416,49070080,44976880,42.89,4195739
1770209178728,7300.53,1957.56,99516416,49070080,44978320,42.89,4195739
1770209178829,7305.59,1959.76,99745792,49594368,43722080,41.70,4197077
1770209178930,7305.84,1959.91,99745792,49594368,43723520,41.70,4197077
1770209179031,7309.17,1961.84,99745792,49594368,43944536,41.91,4163135
1770209179131,7309.40,1961.96,99745792,49594368,43945976,41.91,4163135
1770209179233,7309.65,1962.10,99745792,49594368,43947416,41.91,4163135
1770209179333,7312.61,1964.16,99745792,49594368,44168224,42.12,4164473
1770209179434,7312.86,1964.30,99745792,49594368,44169664,42.12,4164473
1770209179536,7315.18,1966.17,99745792,49594368,44390688,42.33,4174003
1770209179637,7315.34,1966.28,99745792,49594368,44392128,42.34,4174003
1770209179738,7315.47,1966.38,99745792,49594368,44393568,42.34,4174003
1770209179838,7318.55,1968.38,99745792,49594368,44614680,42.55,4175341
1770209179940,7318.82,1968.56,99745792,49594368,44616120,42.55,4175341
1770209180040,7322.09,1970.38,99745792,49594368,44837112,42.76,4184871
1770209180142,7322.32,1970.53,99762176,49594368,44838552,42.76,4184871
1770209180243,7322.59,1970.67,99762176,49594368,44839992,42.76,4184871
1770209180344,7326.68,1972.63,100040704,49856512,43860152,41.83,4186209
1770209180445,7326.96,1972.81,100040704,49856512,43861600,41.83,4186209
1770209180546,7330.15,1974.69,100040704,49856512,44082632,42.04,4162468
1770209180648,7330.41,1974.84,100040704,49856512,44084080,42.04,4162468
1770209180749,7330.69,1974.98,100040704,49856512,44085528,42.04,4162468
1770209180850,7338.17,1976.95,100040704,49856512,44306704,42.25,4163806
1770209180950,7338.43,1977.10,100040704,49856512,44308152,42.26,4163806
1770209181051,7351.95,1979.13,100057088,49856512,44535840,42.47,4173336
1770209181152,7352.22,1979.28,100057088,49856512,44537288,42.47,4173336
1770209181252,7352.48,1979.44,100057088,49856512,44538736,42.48,4173336
1770209181354,7355.70,1981.26,100057088,49856512,44759152,42.69,4174674
1770209181454,7355.96,1981.41,100057088,49856512,44760600,42.69,4174674
1770209181555,7360.96,1983.07,100073472,49856512,44981256,42.90,4184204
1770209181657,7361.22,1983.23,100073472,49856512,44982704,42.90,4184204
1770209181757,7361.50,1983.39,100073472,49856512,44984152,42.90,4184204
1770209181858,7363.23,1984.74,100073472,49856512,45204560,43.11,4185542
1770209181960,7363.48,1984.92,100073472,49856512,45206008,43.11,4185542
1770209182061,7369.78,1986.54,100073472,49856512,45426744,43.32,4195072
1770209182161,7369.94,1986.61,100073472,49856512,45428192,43.32,4195072
1770209182261,7370.16,1986.74,100073472,49856512,45429640,43.33,4195072
1770209182362,7383.78,1989.42,100548608,54050816,44126256,42.08,4196410
1770209182464,7384.09,1989.59,100548608,54050816,44127704,42.08,4196410
1770209182564,7389.14,1991.51,100548608,54050816,44340704,42.29,4163135
1770209182664,7389.39,1991.66,100548608,54050816,44342152,42.29,4163135
1770209182764,7389.52,1991.73,100548608,54050816,44343600,42.29,4163135
1770209182866,7393.13,1993.24,100548608,54050816,44556296,42.49,4164473
1770209182967,7393.26,1993.33,100548608,54050816,44557744,42.49,4164473
1770209183068,7395.55,1995.13,100564992,54050816,44769960,42.70,4174003
1770209183169,7395.77,1995.26,100564992,54050816,44771408,42.70,4174003
1770209183270,7396.05,1995.40,100564992,54050816,44772856,42.70,4174003
1770209183371,7399.92,1997.25,100564992,54050816,44984880,42.90,4175341
1770209183472,7400.15,1997.39,100564992,54050816,44986328,42.90,4175341
1770209183573,7406.22,1999.04,100564992,54050816,45198648,43.10,4184871
1770209183674,7406.39,1999.14,100564992,54050816,45200096,43.11,4184871
1770209183777,7408.51,2000.33,100597760,54050816,45307280,43.21,4185542
1770209183878,7411.99,2001.11,100614144,54050816,45413504,43.31,4186209
1770209183979,7412.12,2001.20,100614144,54050816,45414952,43.31,4186209
1770209184081,7422.61,2003.09,100630528,54050816,45627744,43.51,4195739
1770209184182,7422.77,2003.18,100630528,54050816,45629192,43.52,4195739
1770209184282,7425.23,2004.93,100630528,54050816,45840992,43.72,4197077
1770209184383,7425.37,2004.99,100630528,54050816,45842440,43.72,4197077
1770209184484,7425.61,2005.12,100630528,54050816,45843888,43.72,4197077
1770209184584,7428.47,2007.00,100843520,54050816,46055944,43.92,4206607
1770209184684,7428.65,2007.08,100843520,54050816,46057416,43.92,4206607
1770209184785,7430.45,2008.20,100941824,54050816,46164520,44.03,4207278
1770209184887,7431.34,2008.90,101056512,54050816,46270648,44.13,4207945
1770209184988,7431.67,2009.08,101056512,54050816,46272120,44.13,4207945
1770209185089,7434.28,2010.98,101269504,54050816,46484752,44.33,4217475
1770209185191,7434.56,2011.11,101269504,54050816,46486224,44.33,4217475
1770209185290,7437.23,2013.15,101466112,54050816,46698024,44.53,4218813
1770209185392,7437.35,2013.23,101466112,54050816,46699496,44.54,4218813
1770209185493,7437.54,2013.33,101466112,54050816,46700944,44.54,4218813
1770209185593,7439.98,2015.00,101679104,54050816,46913008,44.74,4228343
1770209185695,7440.13,2015.11,101679104,54050816,46914480,44.74,4228343
1770209185795,7442.77,2016.92,101875712,54050816,47126320,44.94,4229681
1770209185896,7442.84,2016.97,101875712,54050816,47127792,44.94,4229681
1770209185996,7442.94,2017.06,101875712,54050816,47129240,44.95,4229681
1770209186097,7479.14,2019.79,102105088,54312960,47554576,45.35,4239211
1770209186199,7479.36,2019.90,102105088,54312960,47556048,45.35,4239211
1770209186299,7481.16,2021.38,102334464,54312960,47766408,45.55,4240549
1770209186399,7481.26,2021.45,102350848,54312960,47767880,45.56,4240549
1770209186500,7481.46,2021.58,102350848,54312960,47769328,45.56,4240549
1770209186602,7483.83,2023.33,102547456,54312960,47979912,45.76,4250079
1770209186701,7484.07,2023.45,102383616,54312960,47981384,45.76,4250079
1770209186802,7494.23,2027.46,97910784,48021504,45053472,42.97,4251417
1770209186903,7521.62,2027.76,97878016,48021504,45075664,42.99,4251417
1770209187004,7521.76,2027.82,96272384,48021504,45077104,42.99,4251417
1770209187104,7524.30,2029.88,96272384,48021504,45284848,43.19,4163135
1770209187206,7524.50,2030.01,96272384,48021504,45286312,43.19,4163135
1770209187305,7527.62,2032.06,96272384,48021504,45494040,43.39,4164473
1770209187407,7527.77,2032.14,96272384,48021504,45495480,43.39,4164473
1770209187508,7528.05,2032.28,96272384,48021504,45496920,43.39,4164473
1770209187608,7531.33,2034.36,96272384,48021504,45704712,43.59,4174003
1770209187708,7531.60,2034.52,96272384,48021504,45706152,43.59,4174003
1770209187809,7535.64,2037.02,95617024,48021504,45111696,43.02,4175341
1770209187910,7535.77,2037.08,95617024,48021504,45113136,43.02,4175341
1770209188010,7536.03,2037.23,95617024,48021504,45114576,43.02,4175341
1770209188112,7539.39,2039.45,95813632,48021504,45380632,43.28,4163135
1770209188214,7539.63,2039.58,95813632,48021504,45382072,43.28,4163135
1770209188314,7542.41,2041.71,96010240,48021504,45589648,43.48,4164473
1770209188416,7542.62,2041.82,96010240,48021504,45591088,43.48,4164473
1770209188517,7542.81,2041.91,96010240,48021504,45592528,43.48,4164473
1770209188618,7545.60,2043.67,96206848,48021504,45800344,43.68,4174003
1770209188718,7545.85,2043.81,96206848,48021504,45801784,43.68,4174003
1770209188819,7549.20,2046.00,96960512,51429376,45304536,43.21,4175341
1770209188920,7549.37,2046.08,96960512,51429376,45305960,43.21,4175341
1770209189021,7549.53,2046.16,96960512,51429376,45307400,43.21,4175341
1770209189122,7553.49,2048.13,97173504,51429376,45515480,43.41,4163135
1770209189223,7553.78,2048.28,97173504,51429376,45516920,43.41,4163135
1770209189323,7560.65,2050.36,97370112,51429376,45724888,43.61,4164473
1770209189425,7560.85,2050.48,97370112,51429376,45726328,43.61,4164473
1770209189526,7561.06,2050.63,97370112,51429376,45727768,43.61,4164473
1770209189627,7564.22,2052.96,97566720,51429376,45935296,43.81,4174003
1770209189727,7564.41,2053.08,97566720,51429376,45936736,43.81,4174003
1770209189829,7567.24,2055.27,97763328,51429376,46144096,44.01,4175341
1770209189929,7567.49,2055.39,97763328,51429376,46145536,44.01,4175341
1770209190031,7567.76,2055.52,97763328,51429376,46146976,44.01,4175341
1770209190132,7571.64,2057.44,97976320,51429376,46354808,44.21,4184871
1770209190232,7571.80,2057.55,97976320,51429376,46356248,44.21,4184871
1770209190333,7574.11,2059.26,98189312,51429376,46563544,44.41,4186209
1770209190434,7574.20,2059.34,98189312,51429376,46564984,44.41,4186209
1770209190535,7574.33,2059.41,98189312,51429376,46566424,44.41,4186209
1770209190636,7576.06,2060.63,98385920,51429376,46773944,44.61,4195739
1770209190736,7576.24,2060.75,98385920,51429376,46775384,44.61,4195739
1770209190838,7578.79,2062.57,98582528,51429376,46983144,44.81,4197077
1770209190939,7578.92,2062.64,98582528,51429376,46984584,44.81,4197077
1770209191039,7579.19,2062.78,98582528,51429376,46986024,44.81,4197077
1770209191140,7583.15,2065.03,98877440,51691520,45633144,43.52,4161797
1770209191242,7583.43,2065.20,98877440,51691520,45634608,43.52,4161797
1770209191343,7586.03,2067.23,98877440,51691520,45841864,43.72,4163135
1770209191444,7586.21,2067.35,98877440,51691520,45843304,43.72,4163135
1770209191545,7586.49,2067.50,98877440,51691520,45844744,43.72,4163135
1770209191647,7589.05,2069.04,98893824,51691520,46052312,43.92,4172665
1770209191747,7589.31,2069.15,98893824,51691520,46053776,43.92,4172665
1770209191848,7591.88,2070.97,98910208,51691520,46261080,44.12,4174003
1770209191950,7592.16,2071.13,98910208,51691520,46262520,44.12,4174003
1770209192050,7592.41,2071.26,98910208,51691520,46263960,44.12,4174003
1770209192152,7595.23,2073.22,99123200,51691520,46471432,44.32,4183533
1770209192252,7595.49,2073.38,99123200,51691520,46472896,44.32,4183533
1770209192355,7659.06,2080.38,116178944,70828032,56319360,53.71,4153609
1770209192455,7890.78,2088.47,146833408,97828864,74865168,71.40,4144075
1770209192555,7890.88,2088.53,146833408,97828864,74866640,71.40,4144075
1770209192656,7892.08,2089.40,146833408,97828864,75074192,71.60,4153605
1770209192758,7892.31,2089.53,146833408,97828864,75075664,71.60,4153605
1770209192858,7895.11,2091.65,146833408,97828864,75282992,71.80,4154943
1770209192959,7895.30,2091.75,146833408,97828864,75284464,71.80,4154943
1770209193060,7895.56,2091.90,146833408,97828864,75285912,71.80,4154943
1770209193161,7897.78,2093.59,146833408,97828864,75493392,72.00,4164473
1770209193261,7898.02,2093.71,146833408,97828864,75494864,72.00,4164473
1770209193362,7900.49,2095.23,146833408,97828864,75837856,72.32,4165811
1770209193463,7900.77,2095.40,146833408,97828864,75839328,72.33,4165811
1770209193563,7901.04,2095.55,146833408,97828864,75840776,72.33,4165811
1770209193664,7905.39,2097.54,146849792,97828864,76048256,72.53,4175341
1770209193766,7905.70,2097.71,146849792,97828864,76049728,72.53,4175341
1770209193866,7908.15,2099.47,146849792,97828864,76257064,72.72,4176679
1770209193968,7908.44,2099.64,146849792,97828864,76258536,72.73,4176679
1770209194069,7908.72,2099.80,146849792,97828864,76259984,72.73,4176679
1770209194170,7911.25,2101.65,146849792,97828864,76467488,72.93,4186209
1770209194270,7911.52,2101.82,146849792,97828864,76468960,72.93,4186209
1770209194371,7914.21,2103.68,146849792,97828864,76676240,73.12,4187547
1770209194471,7914.37,2103.77,146849792,97828864,76677712,73.13,4187547
1770209194571,7914.64,2103.90,146849792,97828864,76679160,73.13,4187547
1770209194673,7917.14,2105.62,146849792,97828864,76886672,73.32,4197077
1770209194772,7917.40,2105.78,146849792,97828864,76888144,73.33,4197077
1770209194873,7927.64,2108.03,148029440,99663872,64574456,61.58,4198415
1770209194974,7927.77,2108.10,148029440,99663872,64575928,61.58,4198415
1770209195076,7927.97,2108.25,148029440,99663872,64577376,61.59,4198415
1770209195176,7931.46,2110.18,148029440,99663872,64784608,61.78,4163135
1770209195278,7931.73,2110.34,148029440,99663872,64786080,61.78,4163135
1770209195378,7934.72,2112.29,148045824,99663872,64993104,61.98,4164473
1770209195479,7934.95,2112.43,148045824,99663872,64994552,61.98,4164473
1770209195581,7935.22,2112.60,148045824,99663872,64996000,61.99,4164473
1770209195682,7937.79,2114.31,148045824,99663872,65203232,62.18,4174003
1770209195783,7938.07,2114.47,148045824,99663872,65204704,62.18,4174003
1770209195883,7940.62,2116.10,148045824,99663872,65411704,62.38,4175341
1770209195985,7940.78,2116.19,148045824,99663872,65413152,62.38,4175341
1770209196086,7941.04,2116.35,148045824,99663872,65414600,62.38,4175341
1770209196187,7948.62,2118.06,148045824,99663872,65622104,62.58,4184871
1770209196288,7948.80,2118.16,148045824,99663872,65623576,62.58,4184871
1770209196389,7951.81,2119.90,148045824,99663872,65830528,62.78,4186209
1770209196490,7952.07,2120.08,148045824,99663872,65831976,62.78,4186209
1770209196591,7952.34,2120.25,148045824,99663872,65833424,62.78,4186209
1770209196692,7955.10,2122.14,148062208,99663872,66040664,62.98,4195739
1770209196792,7955.39,2122.33,148062208,99663872,66042136,62.98,4195739
1770209196894,7958.07,2124.25,148062208,99663872,66249080,63.18,4197077
1770209196994,7958.35,2124.43,148062208,99663872,66250528,63.18,4197077
1770209197095,7958.59,2124.56,148062208,99663872,66251976,63.18,4197077
1770209197195,7961.06,2126.31,148062208,99663872,66459176,63.38,4206607
1770209197297,7961.33,2126.47,148062208,99663872,66460648,63.38,4206607
1770209197397,7964.48,2128.66,148062208,99663872,66667664,63.58,4207945
1770209197498,7964.69,2128.80,148062208,99663872,66669136,63.58,4207945
1770209197600,7964.78,2128.86,148062208,99663872,66670584,63.58,4207945
1770209197701,7967.11,2130.53,148078592,99663872,66878088,63.78,4217475
1770209197801,7967.25,2130.61,148078592,99663872,66879560,63.78,4217475
1770209197902,7968.70,2131.83,148078592,99663872,67086560,63.98,4218813
1770209198003,7968.89,2131.95,148078592,99663872,67088032,63.98,4218813
1770209198105,7969.15,2132.07,148078592,99663872,67089480,63.98,4218813
1770209198206,7974.35,2133.67,148078592,99663872,67296792,64.18,4228343
1770209198308,7974.59,2133.82,148078592,99663872,67298264,64.18,4228343
1770209198408,7977.27,2135.61,148094976,99663872,67505216,64.38,4229681
1770209198510,7977.42,2135.72,148094976,99663872,67506688,64.38,4229681
1770209198611,7977.60,2135.83,148094976,99663872,67508168,64.38,4229681
1770209198712,7980.47,2137.97,148094976,99663872,67715392,64.58,4239211
1770209198812,7980.66,2138.09,148094976,99663872,67716864,64.58,4239211
1770209198914,7982.24,2139.44,148094976,99663872,67923816,64.78,4240549
1770209199014,7982.47,2139.61,148094976,99663872,67925288,64.78,4240549
1770209199115,7982.73,2139.80,148094976,99663872,67926736,64.78,4240549
1770209199216,7984.97,2141.28,148094976,99663872,68133912,64.98,4250079
1770209199317,7985.19,2141.42,148045824,99663872,68135384,64.98,4250079
1770209199418,7987.12,2143.18,148045824,99663872,68342632,65.18,4251417
1770209199518,7993.33,2143.44,148045824,99663872,68344384,65.18,4251417
1770209199619,7993.48,2143.54,148045824,99663872,68345832,65.18,4251417
1770209199721,7996.11,2145.43,148045824,99663872,68553064,65.38,4260947
1770209199821,7996.36,2145.60,148045824,99663872,68554536,65.38,4260947
1770209199923,7998.18,2147.04,148062208,99663872,68761464,65.58,4262285
1770209200023,7998.31,2147.08,148062208,99663872,68762936,65.58,4262285
1770209200123,7998.47,2147.16,147881984,99663872,68764384,65.58,4262285
1770209200224,8000.24,2148.60,147881984,99663872,68971608,65.78,4271815
1770209200325,8000.38,2148.70,147881984,99663872,68973080,65.78,4271815
1770209200426,8002.02,2150.06,147881984,99663872,69180152,65.98,4273153
1770209200527,8068.11,2159.70,107462656,58507264,42600120,40.63,4143408
1770209200628,8070.24,2160.66,107462656,58507264,42963600,40.97,4144079
1770209200729,8071.24,2161.47,107462656,58507264,43074960,41.08,4152938
1770209200830,8071.48,2161.61,107462656,58507264,43076432,41.08,4152938
1770209200930,8073.52,2163.40,107462656,58507264,43298336,41.29,4154276
1770209201031,8073.72,2163.52,107462656,58507264,43299808,41.29,4154276
1770209201131,8143.68,2171.30,94584832,46448640,42454352,40.49,4144079
1770209201232,8150.05,2172.20,94699520,46448640,42623416,40.65,4152938
1770209201333,8150.28,2172.34,94699520,46448640,42624880,40.65,4152938
1770209201434,8154.65,2174.44,94896128,46448640,42846384,40.86,4154276
1770209201535,8154.93,2174.61,94912512,46448640,42847848,40.86,4154276
1770209201635,8157.01,2175.75,95010816,46448640,42959776,40.97,4154947
1770209201737,8225.58,2179.63,94289920,46186496,42313872,40.35,4143408
1770209201838,8225.88,2179.74,94289920,46186496,42564168,40.59,4143408
1770209201939,8235.94,2181.76,94552064,46186496,42862216,40.88,4144746
1770209202039,8236.15,2181.90,94568448,46186496,42863680,40.88,4144746
1770209202140,8238.07,2183.48,94765056,46186496,43085584,41.09,4154276
1770209202241,8238.17,2183.54,94765056,46186496,43087048,41.09,4154276
1770209202342,8238.33,2183.66,94781440,46186496,43088488,41.09,4154276
1770209202442,8241.13,2185.79,94994432,46186496,43310168,41.30,4155614
1770209202544,8241.40,2185.95,94994432,46186496,43311632,41.31,4155614
1770209202644,8246.56,2188.10,95567872,49332224,42701128,40.72,4165144
1770209202744,8246.70,2188.17,95567872,49332224,42702592,40.72,4165144
1770209202845,8246.85,2188.25,95584256,49332224,42704032,40.73,4165144
1770209202947,8250.00,2190.26,95797248,49332224,42925712,40.94,4154943
1770209203048,8250.17,2190.39,95797248,49332224,42927176,40.94,4154943
1770209203149,8252.57,2191.97,96010240,49332224,43149096,41.15,4164473
1770209203250,8252.70,2192.06,96010240,49332224,43150560,41.15,4164473
1770209203350,8252.84,2192.16,96010240,49332224,43152000,41.15,4164473
1770209203451,8254.56,2193.58,96223232,49332224,43373752,41.36,4165811
1770209203552,8254.70,2193.67,96223232,49332224,43375216,41.37,4165811
1770209203653,8256.84,2195.17,96452608,49332224,43597552,41.58,4175341
1770209203754,8256.99,2195.26,96452608,49332224,43599016,41.58,4175341
1770209203854,8257.25,2195.40,96452608,49332224,43600456,41.58,4175341
1770209203956,8259.81,2196.96,96665600,49332224,43822152,41.79,4176679
1770209204056,8259.95,2197.06,96665600,49332224,43823616,41.79,4176679
1770209204158,8262.46,2198.73,96894976,49332224,44045496,42.01,4186209
1770209204258,8262.59,2198.80,96894976,49332224,44046960,42.01,4186209
1770209204359,8262.76,2198.89,96894976,49332224,44048400,42.01,4186209
1770209204460,8266.14,2200.72,97091584,49332224,42924256,40.94,4187547
1770209204561,8266.31,2200.80,97091584,49332224,42925720,40.94,4187547
1770209204661,8270.54,2202.77,97091584,49332224,43147656,41.15,4162468
1770209204762,8270.73,2202.89,97091584,49332224,43149120,41.15,4162468
1770209204864,8271.05,2203.07,97091584,49332224,43150560,41.15,4162468
1770209204964,8274.47,2205.30,97091584,49332224,43372168,41.36,4163806
1770209205066,8274.73,2205.45,97091584,49332224,43373632,41.36,4163806
1770209205166,8278.61,2207.47,97189888,49332224,43595672,41.58,4173336
1770209205268,8278.81,2207.58,97189888,49332224,43597136,41.58,4173336
1770209205367,8279.09,2207.74,97189888,49332224,43598576,41.58,4173336
1770209205469,8281.99,2209.58,97370112,49332224,43820264,41.79,4174674
1770209205570,8282.24,2209.69,97370112,49332224,43821728,41.79,4174674
1770209205672,8285.72,2211.20,97583104,49332224,44043752,42.00,4184204
1770209205773,8285.91,2211.30,97583104,49332224,44045216,42.00,4184204
1770209205872,8286.17,2211.44,97583104,49332224,44046656,42.01,4184204
1770209205974,8288.78,2213.18,97796096,49332224,44267904,42.22,4185542
1770209206075,8288.97,2213.28,97796096,49332224,44269368,42.22,4185542
1770209206175,8291.56,2215.06,98025472,49332224,44490888,42.43,4195072
1770209206277,8291.81,2215.21,98025472,49332224,44492352,42.43,4195072
1770209206378,8292.08,2215.37,98025472,49332224,44493792,42.43,4195072
1770209206478,8296.63,2217.44,98222080,49332224,43208184,41.21,4196410
1770209206579,8296.89,2217.56,98222080,49332224,43209648,41.21,4196410
1770209206681,8299.99,2219.37,98222080,49332224,43431224,41.42,4163135
1770209206782,8300.17,2219.49,98222080,49332224,43432688,41.42,4163135
1770209206884,8300.38,2219.63,98222080,49332224,43434128,41.42,4163135
1770209206985,8311.01,2221.40,98222080,49332224,43655848,41.63,4164473
1770209207087,8311.21,2221.53,98222080,49332224,43657288,41.63,4164473
1770209207187,8326.22,2223.90,98238464,49332224,43880808,41.85,4174003
1770209207288,8326.38,2223.99,98238464,49332224,43882272,41.85,4174003
1770209207388,8326.66,2224.17,98238464,49332224,43883712,41.85,4174003
1770209207489,8329.22,2225.89,98238464,49332224,44104240,42.06,4175341
1770209207591,8329.48,2226.05,98238464,49332224,44105680,42.06,4175341
1770209207692,8331.99,2227.60,98238464,49332224,44326432,42.27,4184871
1770209207792,8332.23,2227.75,98238464,49332224,44327896,42.27,4184871
1770209207892,8332.50,2227.90,98238464,49332224,44329336,42.28,4184871
1770209207994,8335.30,2229.80,98238464,49332224,44549936,42.49,4186209
1770209208095,8335.52,2229.95,98238464,49332224,44551376,42.49,4186209
1770209208195,8339.80,2231.28,98402304,49332224,44772240,42.70,4195739
1770209208297,8339.90,2231.36,98402304,49332224,44773704,42.70,4195739
1770209208398,8340.06,2231.43,98402304,49332224,44775144,42.70,4195739
1770209208499,8343.32,2233.91,95584256,46448640,43382152,41.37,4197077
1770209208600,8343.60,2234.07,95584256,46448640,43383616,41.37,4197077
1770209208701,8346.28,2235.87,95584256,46448640,43604368,41.58,4163135
1770209208801,8346.47,2235.98,95584256,46448640,43605808,41.59,4163135
1770209208901,8346.76,2236.16,95584256,46448640,43607248,41.59,4163135
1770209209002,8349.26,2238.49,95584256,46448640,43827832,41.80,4164473
1770209209103,8349.54,2238.67,95584256,46448640,43829272,41.80,4164473
1770209209204,8352.47,2240.43,95584256,46448640,44050184,42.01,4174003
1770209209304,8352.64,2240.52,95584256,46448640,44051624,42.01,4174003
1770209209406,8352.91,2240.68,95584256,46448640,44053064,42.01,4174003
1770209209506,8356.28,2242.56,95944704,47497216,43410688,41.40,4154276
1770209209606,8356.52,2242.68,95944704,47497216,43412128,41.40,4154276
1770209209707,8359.31,2244.53,96157696,47497216,43632976,41.61,4163806
1770209209809,8359.54,2244.64,96157696,47497216,43634416,41.61,4163806
1770209209909,8359.81,2244.87,96157696,47497216,43635856,41.61,4163806
1770209210011,8362.59,2246.48,96387072,47497216,43856480,41.82,4165144
1770209210111,8362.83,2246.62,96387072,47497216,43857920,41.83,4165144
1770209210212,8365.99,2248.44,96600064,47497216,43272208,41.27,4174674
1770209210313,8366.23,2248.56,96600064,47497216,43273648,41.27,4174674
1770209210413,8366.50,2248.71,96600064,47497216,43275088,41.27,4174674
1770209210515,8369.18,2250.40,96600064,47497216,43495656,41.48,4154276
1770209210615,8369.43,2250.55,96600064,47497216,43497096,41.48,4154276
1770209210717,8374.19,2252.66,96600064,47497216,43718232,41.69,4163806
1770209210817,8374.45,2252.81,96600064,47497216,43719672,41.69,4163806
1770209210919,8374.73,2252.99,96600064,47497216,43721112,41.70,4163806
1770209211020,8385.00,2255.05,96600064,47497216,43992360,41.95,4165144
1770209211121,8385.21,2255.16,96600064,47497216,43993800,41.96,4165144
1770209211222,8390.84,2257.12,96616448,47497216,44214416,42.17,4174674
1770209211323,8391.04,2257.24,96616448,47497216,44215856,42.17,4174674
1770209211423,8391.32,2257.41,96616448,47497216,44217296,42.17,4174674
1770209211523,8393.40,2258.91,96632832,47497216,43466624,41.45,4154276
1770209211623,8393.62,2259.07,96632832,47497216,43468064,41.45,4154276
1770209211724,8396.55,2260.78,96632832,47497216,43688144,41.66,4163806
1770209211826,8396.75,2260.92,96632832,47497216,43689584,41.67,4163806
1770209211927,8396.96,2261.04,96632832,47497216,43691024,41.67,4163806
1770209212029,8400.67,2262.63,96632832,47497216,43911096,41.88,4165144
1770209212129,8400.91,2262.77,96632832,47497216,43912536,41.88,4165144
1770209212231,8414.36,2264.99,96649216,47497216,44133200,42.09,4174674
1770209212332,8414.55,2265.12,96649216,47497216,44134640,42.09,4174674
1770209212434,8414.73,2265.20,96649216,47497216,44136080,42.09,4174674
1770209212534,8421.11,2267.29,96862208,47759360,43382968,41.37,4176012
1770209212636,8421.36,2267.47,96862208,47759360,43384432,41.37,4176012
1770209212737,8429.09,2269.17,96862208,47759360,43601680,41.58,4163135
1770209212836,8429.31,2269.33,96813056,47759360,43603120,41.58,4163135
1770209212937,8429.49,2269.42,96813056,47759360,43604560,41.58,4163135
1770209213039,8432.93,2271.62,96813056,47759360,43816016,41.79,4164473
1770209213139,8433.20,2271.80,96813056,47759360,43817456,41.79,4164473
1770209213241,8435.61,2273.67,96813056,47759360,44029280,41.99,4174003
1770209213342,8435.89,2273.81,96813056,47759360,44030720,41.99,4174003
1770209213444,8436.18,2273.97,96813056,47759360,44032160,41.99,4174003
1770209213544,8442.84,2275.92,96813056,47759360,44501216,42.44,4175341
1770209213645,8443.12,2276.15,96813056,47759360,44502656,42.44,4175341
1770209213746,8445.96,2277.65,96894976,48021504,43744168,41.72,4162468
1770209213847,8446.13,2277.77,96894976,48021504,43745608,41.72,4162468
1770209213948,8446.36,2277.90,96894976,48021504,43747048,41.72,4162468
1770209214048,8455.39,2279.94,96894976,48021504,43958912,41.92,4163806
1770209214150,8455.62,2280.06,96894976,48021504,43960352,41.92,4163806
1770209214250,8458.40,2281.89,96911360,48021504,44172088,42.13,4173336
1770209214351,8458.67,2282.03,96911360,48021504,44173528,42.13,4173336
1770209214452,8458.97,2282.18,96911360,48021504,44174968,42.13,4173336
1770209214553,8471.46,2284.43,96911360,48021504,44500752,42.44,4174674
1770209214653,8471.70,2284.55,96911360,48021504,44502192,42.44,4174674
1770209214754,8483.41,2286.57,96927744,48021504,44714368,42.64,4184204
1770209214855,8483.59,2286.68,96927744,48021504,44715808,42.64,4184204
1770209214957,8483.84,2286.82,96927744,48021504,44717248,42.65,4184204
1770209215058,8487.25,2288.78,95879168,46972928,43952768,41.92,4154276
1770209215158,8487.52,2288.93,95879168,46972928,43954208,41.92,4154276
1770209215259,8500.71,2290.59,95879168,46972928,44165960,42.12,4163806
1770209215360,8500.93,2290.71,95879168,46972928,44167400,42.12,4163806
1770209215460,8501.16,2290.85,95879168,46972928,44168840,42.12,4163806
1770209215562,8503.90,2292.69,95879168,46972928,44379992,42.32,4165144
1770209215663,8504.16,2292.82,95879168,46972928,44381432,42.33,4165144
1770209215764,8506.61,2294.40,95895552,46972928,44592864,42.53,4174674
1770209215864,8506.81,2294.50,95895552,46972928,44594304,42.53,4174674
1770209215969,8508.92,2295.73,95895552,46972928,44701048,42.63,4175345
1770209216070,8510.51,2296.72,95043584,46972928,43846936,41.82,4176012
1770209216170,8510.78,2296.86,95043584,46972928,43848376,41.82,4176012
1770209216271,8534.68,2298.75,95305728,46972928,44060864,42.02,4163135
1770209216373,8534.80,2298.83,94748672,46972928,44062304,42.02,4163135
1770209216473,8539.41,2300.24,94797824,46972928,44272168,42.22,4164473
1770209216574,8539.56,2300.32,94797824,46972928,44273608,42.22,4164473
1770209216676,8539.78,2300.45,94797824,46972928,44275048,42.22,4164473
1770209216776,8562.11,2303.19,94633984,46972928,44485752,42.42,4174003
1770209216877,8562.27,2303.27,94240768,46972928,44487192,42.43,4174003
1770209216978,8564.56,2305.18,94437376,46972928,44694216,42.62,4175341
1770209217079,8564.68,2305.25,94437376,46972928,44695656,42.63,4175341
1770209217181,8564.81,2305.33,94437376,46972928,44697096,42.63,4175341
1770209217282,8567.43,2307.34,93749248,46972928,43947264,41.91,4162468
1770209217383,8567.55,2307.41,93749248,46972928,43948704,41.91,4162468
1770209217483,8569.42,2308.93,93945856,46972928,44155680,42.11,4163806
1770209217584,8569.58,2309.03,93945856,46972928,44157120,42.11,4163806
1770209217685,8569.71,2309.14,93831168,46972928,44158560,42.11,4163806
1770209217786,8571.02,2310.17,94027776,46972928,44365872,42.31,4173336
1770209217887,8571.13,2310.23,94027776,46972928,44367312,42.31,4173336
1770209217989,8581.51,2311.79,94257152,46972928,44575080,42.51,4174674
1770209218090,8581.63,2311.85,94158848,46972928,44576520,42.51,4174674
1770209218191,8581.79,2311.95,94142464,46972928,44577960,42.51,4174674
1770209218292,8584.42,2313.85,93388800,46972928,43821784,41.79,4184204
1770209218393,8584.57,2313.96,93388800,46972928,43823224,41.79,4184204
1770209218493,8587.04,2315.53,93585408,46972928,44030272,41.99,4154943
1770209218594,8587.26,2315.66,93585408,46972928,44031712,41.99,4154943
1770209218695,8587.50,2315.83,93569024,46972928,44033152,41.99,4154943
1770209218797,8589.39,2317.51,93388800,46972928,44240296,42.19,4164473
1770209218898,8589.47,2317.55,93388800,46972928,44241736,42.19,4164473
1770209218998,8590.81,2318.13,93585408,46972928,44449216,42.39,4165811
1770209219100,8590.87,2318.17,93585408,46972928,44450656,42.39,4165811
1770209219201,8590.97,2318.22,93585408,46972928,44452096,42.39,4165811
1770209219301,8593.67,2320.28,93798400,46972928,44659376,42.59,4175341
1770209219402,8593.86,2320.37,93798400,46972928,44660816,42.59,4175341
1770209219504,8602.76,2322.82,93061120,46972928,43896656,41.86,4176679
1770209219605,8603.01,2322.91,93061120,46972928,43898096,41.86,4176679
1770209219704,8603.24,2323.08,93061120,46972928,43899536,41.87,4176679
1770209219806,8604.70,2324.27,93257728,46972928,44106784,42.06,4163135
1770209219906,8604.84,2324.32,93257728,46972928,44108224,42.06,4163135
1770209220007,8608.34,2326.14,93470720,46972928,44315416,42.26,4164473
1770209220108,8608.55,2326.26,93454336,46972928,44316856,42.26,4164473
