timestamp,cpu_user,cpu_system,rss,heapTotal,heapUsed,heapUsedMB,external
1770210799765,277.53,79.31,154681344,70418432,47980544,45.76,4119532
1770210799866,277.64,79.36,154681344,70418432,47985352,45.76,4119588
1770210799968,277.74,79.40,154681344,70418432,47987680,45.76,4119588
1770210800069,278.39,79.49,154714112,70418432,48017720,45.79,4119588
1770210800169,278.72,79.55,154714112,70418432,48020360,45.80,4119588
1770210800269,278.95,79.62,154714112,70418432,48022792,45.80,4119588
1770210800371,279.19,79.70,154714112,70418432,48025096,45.80,4119588
1770210800472,279.55,79.85,154714112,70418432,48027400,45.80,4119588
1770210800572,280.01,79.98,154714112,70418432,48029704,45.80,4119588
1770210800673,281.05,80.13,154714112,70418432,48032104,45.81,4119588
1770210800773,281.56,80.31,154730496,70418432,48034504,45.81,4119588
1770210800874,281.92,80.44,154730496,70418432,48036632,45.81,4119588
1770210800975,282.26,80.58,154730496,70418432,48038680,45.81,4119588
1770210801075,282.55,80.69,154730496,70418432,48040728,45.82,4119588
1770210801177,282.80,80.80,154730496,70418432,48042816,45.82,4119588
1770210801278,282.98,80.89,154746880,70680576,48302608,46.06,4119588
1770210801379,287.60,81.69,155074560,70680576,48620368,46.37,4129114
1770210801480,287.68,81.74,155074560,70680576,48622440,46.37,4129114
1770210801580,294.28,83.82,155254784,70942720,49122000,46.85,4130448
1770210801681,294.47,83.89,155254784,70942720,49124072,46.85,4130448
1770210801780,294.84,84.03,155254784,70942720,49126120,46.85,4130448
1770210801882,301.02,86.14,155303936,71204864,49666464,47.37,4139974
1770210801982,301.40,86.28,155303936,71204864,49668536,47.37,4139974
1770210802084,306.30,88.30,155353088,71204864,49946760,47.63,4141308
1770210802185,306.49,88.37,155353088,71204864,49948832,47.63,4141308
1770210802285,306.85,88.51,155353088,71204864,49950880,47.64,4141308
1770210802387,311.93,90.15,155500544,71467008,50261920,47.93,4150834
1770210802487,312.22,90.27,155500544,71467008,50263992,47.94,4150834
1770210802587,317.36,92.42,155566080,71729152,50758728,48.41,4152168
1770210802688,322.91,92.80,155828224,71729152,50785760,48.43,4152168
1770210802788,323.15,92.94,155828224,71729152,50787808,48.44,4152168
1770210802889,337.18,96.41,158089216,73711616,46398664,44.25,4161694
1770210802990,337.46,96.53,158089216,73711616,46400736,44.25,4161694
1770210803090,343.91,98.80,158121984,73711616,46682048,44.52,4125336
1770210803190,344.11,98.87,158121984,73711616,46684120,44.52,4125336
1770210803292,344.49,99.02,158121984,73711616,46686168,44.52,4125336
1770210803393,348.53,101.14,158121984,73711616,46963752,44.79,4134862
1770210803494,348.86,101.28,158121984,73711616,46965872,44.79,4134862
1770210803593,352.24,103.08,158121984,73711616,47243136,45.05,4136196
1770210803695,352.41,103.16,158138368,73711616,47245224,45.06,4136196
1770210803796,352.66,103.28,158138368,73711616,47247288,45.06,4136196
1770210803897,356.60,105.13,158138368,73711616,47535256,45.33,4145724
1770210803998,356.81,105.23,158138368,73711616,47537344,45.34,4145724
1770210804098,360.99,107.33,158154752,73711616,47814776,45.60,4147060
1770210804198,361.12,107.40,158154752,73711616,47816864,45.60,4147060
1770210804299,361.29,107.50,158154752,73711616,47818928,45.60,4147060
1770210804400,366.19,109.43,158154752,73711616,48096648,45.87,4156588
1770210804502,366.46,109.55,158154752,73711616,48098736,45.87,4156588
1770210804603,369.87,111.49,158154752,73711616,48376160,46.14,4157924
1770210804704,370.08,111.60,158154752,73711616,48378248,46.14,4157924
1770210804804,370.41,111.76,158154752,73711616,48380312,46.14,4157924
1770210804904,374.29,113.81,158187520,73711616,48657928,46.40,4167452
1770210805005,374.54,113.94,158187520,73711616,48660016,46.41,4167452
1770210805106,378.50,115.82,158187520,73711616,48937528,46.67,4168788
1770210805207,378.68,115.89,158187520,73711616,48939616,46.67,4168788
1770210805309,378.94,116.00,158187520,73711616,48941680,46.67,4168788
1770210805409,386.34,118.39,158187520,73711616,49219368,46.94,4178316
1770210805510,386.68,118.58,158187520,73711616,49221456,46.94,4178316
1770210805611,390.43,120.74,158203904,73711616,49498808,47.21,4179652
1770210805712,390.75,120.83,158203904,73711616,49500952,47.21,4179652
1770210805812,391.09,120.96,158203904,73711616,49503016,47.21,4179652
1770210805913,395.14,122.84,158236672,73711616,49899488,47.59,4189180
1770210806015,395.38,122.95,158236672,73711616,49901576,47.59,4189180
1770210806115,402.47,125.09,158302208,73711616,50179752,47.86,4190516
1770210806217,402.67,125.16,158302208,73711616,50181840,47.86,4190516
1770210806317,402.98,125.28,158302208,73711616,50183904,47.86,4190516
1770210806418,406.87,127.30,158302208,73711616,50461584,48.12,4200044
1770210806520,407.12,127.41,158302208,73711616,50463672,48.13,4200044
1770210806621,410.16,128.70,158302208,73711616,50762056,48.41,4201380
1770210806722,410.31,128.78,158302208,73711616,50764144,48.41,4201380
1770210806822,410.57,128.89,158302208,73711616,50766208,48.41,4201380
1770210806924,414.36,131.16,158318592,73711616,51043792,48.68,4210908
1770210807026,414.66,131.28,158318592,73711616,51045880,48.68,4210908
1770210807126,420.38,133.44,158334976,73711616,51323256,48.95,4212244
1770210807227,420.53,133.51,158334976,73711616,51325344,48.95,4212244
1770210807329,420.76,133.61,158334976,73711616,51327408,48.95,4212244
1770210807429,424.49,135.68,158351360,73711616,51605016,49.21,4221772
1770210807530,424.72,135.81,158351360,73711616,51607104,49.22,4221772
1770210807630,428.28,137.59,158351360,73711616,51884576,49.48,4223108
1770210807731,428.43,137.66,158351360,73711616,51886664,49.48,4223108
1770210807831,502.00,147.11,128729088,43302912,39590248,37.76,4118831
1770210807935,508.16,148.81,128761856,43302912,39897800,38.05,4128359
1770210808036,508.52,148.97,128761856,43302912,39899856,38.05,4128359
1770210808136,510.88,150.36,128761856,43302912,40175592,38.31,4129695
1770210808238,511.03,150.43,128761856,43302912,40177648,38.32,4129695
1770210808339,511.27,150.55,128761856,43302912,40179680,38.32,4129695
1770210808440,577.26,156.23,127909888,43040768,39626504,37.79,4118831
1770210808542,577.56,156.34,127926272,43040768,39843512,38.00,4118831
1770210808642,584.99,158.13,128253952,43040768,40181312,38.32,4120167
1770210808744,585.17,158.23,128253952,43040768,40183320,38.32,4120167
1770210808845,585.34,158.28,128253952,43040768,40185304,38.32,4120167
1770210808945,588.39,160.16,128499712,43040768,40450544,38.58,4129695
1770210809047,588.61,160.27,128516096,43040768,40452552,38.58,4129695
1770210809148,597.31,162.47,128778240,43040768,40718240,38.83,4131031
1770210809248,597.46,162.56,128778240,43040768,40720248,38.83,4131031
1770210809349,597.60,162.64,128778240,43040768,40722232,38.84,4131031
1770210809450,600.40,164.50,129368064,46186496,40118312,38.26,4129695
1770210809552,600.71,164.63,129368064,46186496,40120296,38.26,4129695
1770210809653,604.69,166.90,129613824,46186496,40376408,38.51,4131031
1770210809753,604.98,167.03,129613824,46186496,40378392,38.51,4131031
1770210809854,605.31,167.17,129613824,46186496,40380376,38.51,4131031
1770210809956,612.36,169.48,129875968,46186496,40636384,38.75,4140559
1770210810057,612.67,169.62,129875968,46186496,40638392,38.76,4140559
1770210810157,618.28,171.74,130138112,46186496,40903232,39.01,4141895
1770210810259,618.56,171.85,130138112,46186496,40905240,39.01,4141895
1770210810360,618.87,171.94,130138112,46186496,40907224,39.01,4141895
1770210810461,627.40,173.95,130433024,46186496,41160976,39.25,4151423
1770210810562,627.69,174.07,130433024,46186496,41162984,39.26,4151423
1770210810662,631.14,176.01,130678784,46186496,41415376,39.50,4152759
1770210810763,631.32,176.11,130678784,46186496,41417384,39.50,4152759
1770210810863,631.53,176.20,130678784,46186496,41419368,39.50,4152759
1770210810964,634.22,177.98,130924544,46186496,41671992,39.74,4162287
1770210811065,634.54,178.13,130924544,46186496,41674000,39.74,4162287
1770210811165,639.13,180.35,131153920,46448640,40310000,38.44,4163623
1770210811267,639.39,180.45,131153920,46448640,40312008,38.44,4163623
1770210811368,639.65,180.54,131153920,46448640,40313992,38.45,4163623
1770210811469,643.48,182.40,131170304,46448640,40566584,38.69,4138553
1770210811569,643.82,182.57,131170304,46448640,40568592,38.69,4138553
1770210811671,647.65,184.28,131170304,46448640,40820976,38.93,4139889
1770210811772,647.97,184.43,131170304,46448640,40822984,38.93,4139889
1770210811873,648.24,184.53,131170304,46448640,40824968,38.93,4139889
1770210811974,658.39,186.77,131514368,46448640,41211296,39.30,4149417
1770210812075,658.71,186.92,131514368,46448640,41213304,39.30,4149417
1770210812177,662.09,188.71,131760128,46448640,41465608,39.54,4150753
1770210812277,662.28,188.80,131760128,46448640,41467616,39.55,4150753
1770210812379,662.53,188.88,131760128,46448640,41469600,39.55,4150753
1770210812480,670.48,190.85,132022272,46448640,41722416,39.79,4160281
1770210812581,670.77,190.97,132022272,46448640,41724424,39.79,4160281
1770210812683,673.97,192.91,132268032,46448640,41973272,40.03,4161617
1770210812783,674.14,193.00,132268032,46448640,41975280,40.03,4161617
1770210812884,674.32,193.10,132268032,46448640,41977264,40.03,4161617
1770210812985,680.15,194.72,132628480,46972928,40716616,38.83,4129695
1770210813086,680.35,194.80,132628480,46972928,40718600,38.83,4129695
1770210813187,683.87,196.83,132628480,46972928,40967496,39.07,4131031
1770210813289,684.05,196.93,132628480,46972928,40969480,39.07,4131031
1770210813390,684.22,197.02,132628480,46972928,40971464,39.07,4131031
1770210813490,687.35,198.82,132628480,46972928,41220592,39.31,4140559
1770210813592,687.61,198.92,132628480,46972928,41222576,39.31,4140559
1770210813693,694.69,200.85,132661248,46972928,41472056,39.55,4141895
1770210813794,695.01,200.97,132661248,46972928,41474040,39.55,4141895
1770210813895,695.35,201.13,132661248,46972928,41476024,39.55,4141895
1770210813996,699.41,202.88,132694016,46972928,41721472,39.79,4151423
1770210814095,699.68,203.01,132694016,46972928,41723456,39.79,4151423
1770210814197,706.24,205.21,132694016,46972928,41967352,40.02,4152759
1770210814297,706.57,205.36,132694016,46972928,41969336,40.03,4152759
1770210814399,706.90,205.50,132694016,46972928,41971320,40.03,4152759
1770210814500,713.22,207.49,132694016,46972928,42215688,40.26,4162287
1770210814600,713.53,207.63,132694016,46972928,42217672,40.26,4162287
1770210814702,715.86,208.91,132939776,47235072,40952496,39.06,4129695
1770210814803,716.00,208.99,132939776,47235072,40954480,39.06,4129695
1770210814903,716.26,209.11,132939776,47235072,40956464,39.06,4129695
1770210815005,721.79,211.25,132939776,47235072,41200912,39.29,4139223
1770210815105,722.10,211.38,132939776,47235072,41202920,39.29,4139223
1770210815206,727.45,213.29,132939776,47235072,41446272,39.53,4140559
1770210815307,727.69,213.41,132939776,47235072,41448256,39.53,4140559
1770210815409,728.00,213.55,132939776,47235072,41450240,39.53,4140559
1770210815509,732.69,215.69,132939776,47235072,41693616,39.76,4150087
1770210815610,732.97,215.77,132939776,47235072,41695624,39.76,4150087
1770210815711,736.34,217.62,132956160,47235072,41938808,40.00,4151423
1770210815812,736.59,217.74,132956160,47235072,41940792,40.00,4151423
1770210815913,736.83,217.88,132956160,47235072,41942776,40.00,4151423
1770210816013,739.93,220.00,132956160,47235072,42186168,40.23,4160951
1770210816113,740.22,220.18,132956160,47235072,42188176,40.23,4160951
1770210816214,745.10,223.07,132956160,47235072,42431384,40.47,4162287
1770210816315,745.42,223.24,132956160,47235072,42433368,40.47,4162287
1770210816417,745.69,223.37,132956160,47235072,42435352,40.47,4162287
1770210816518,751.16,225.95,133201920,47235072,41170184,39.26,4129695
1770210816619,751.51,226.11,133201920,47235072,41172168,39.26,4129695
1770210816720,762.11,228.46,133234688,47235072,41416992,39.50,4131031
1770210816820,762.40,228.75,133234688,47235072,41418976,39.50,4131031
1770210816922,762.65,228.89,133234688,47235072,41420960,39.50,4131031
1770210817023,765.27,230.75,133234688,47235072,41662688,39.73,4140559
1770210817124,765.57,230.90,133234688,47235072,41664672,39.73,4140559
1770210817226,820.10,234.26,134414336,47235072,42010880,40.06,4141895
1770210817327,820.26,234.35,134414336,47235072,42012864,40.07,4141895
1770210817429,820.50,234.61,134414336,47235072,42014848,40.07,4141895
1770210817530,829.69,236.86,134430720,47235072,42255064,40.30,4151423
1770210817631,829.94,236.96,134430720,47235072,42257048,40.30,4151423
1770210817731,835.15,239.14,134430720,47235072,42496552,40.53,4152759
1770210817832,835.33,239.22,134430720,47235072,42498536,40.53,4152759
1770210817932,835.51,239.33,134430720,47235072,42500520,40.53,4152759
1770210818034,842.39,240.78,134430720,47235072,42740808,40.76,4162287
1770210818134,842.52,240.85,134430720,47235072,42742792,40.76,4162287
1770210818236,848.85,242.71,134676480,47235072,41475216,39.55,4163623
1770210818336,849.07,242.81,134676480,47235072,41477200,39.56,4163623
1770210818436,849.39,242.95,134676480,47235072,41479184,39.56,4163623
1770210818538,854.89,245.21,134676480,47235072,41716864,39.78,4138553
1770210818640,855.18,245.35,134676480,47235072,41718848,39.79,4138553
1770210818740,858.57,247.27,134676480,47235072,41956176,40.01,4139889
1770210818841,858.79,247.35,134676480,47235072,41958160,40.01,4139889
1770210818941,859.01,247.48,134676480,47235072,41960144,40.02,4139889
1770210819043,861.50,249.32,134676480,47235072,42197864,40.24,4149417
1770210819143,861.68,249.43,134676480,47235072,42199848,40.24,4149417
1770210819244,864.47,251.51,134676480,47235072,42437176,40.47,4150753
1770210819345,864.71,251.62,134676480,47235072,42439160,40.47,4150753
1770210819446,864.97,251.74,134676480,47235072,42441144,40.48,4150753
1770210819548,868.31,253.87,134692864,47235072,42678648,40.70,4160281
1770210819649,868.49,253.94,134692864,47235072,42680632,40.70,4160281
1770210819749,872.91,256.48,135233536,52477952,41670376,39.74,4161617
1770210819851,873.19,256.62,135233536,52477952,41672360,39.74,4161617
1770210819954,875.60,257.72,135233536,52477952,41792704,39.86,4137221
1770210820055,883.29,258.55,135233536,52477952,41913296,39.97,4137887
1770210820155,883.55,258.67,135233536,52477952,41915304,39.97,4137887
1770210820257,887.77,260.79,135233536,52477952,42153072,40.20,4139223
1770210820357,888.04,260.92,135233536,52477952,42155056,40.20,4139223
1770210820458,890.79,262.60,135249920,52477952,42392544,40.43,4148751
1770210820557,890.96,262.67,135249920,52477952,42394552,40.43,4148751
1770210820658,891.17,262.75,135249920,52477952,42396536,40.43,4148751
1770210820759,900.41,265.05,135249920,52477952,42634784,40.66,4150087
1770210820859,900.78,265.21,135249920,52477952,42636768,40.66,4150087
1770210820959,902.81,266.34,135249920,52477952,42757080,40.78,4158949
1770210821060,903.95,267.12,135249920,52477952,43132960,41.13,4159615
1770210821162,904.23,267.26,135249920,52477952,43134968,41.14,4159615
1770210821262,907.19,269.13,135249920,52477952,43372200,41.36,4160951
1770210821364,907.49,269.29,135249920,52477952,43374184,41.36,4160951
1770210821464,912.45,271.43,135249920,52477952,43611624,41.59,4170479
1770210821565,912.60,271.49,135249920,52477952,43613632,41.59,4170479
1770210821667,912.82,271.59,135249920,52477952,43615616,41.60,4170479
1770210821768,916.99,273.42,135479296,52477952,43853176,41.82,4171815
1770210821869,917.17,273.51,135479296,52477952,43855184,41.82,4171815
1770210821969,925.52,275.66,135725056,52477952,44092648,42.05,4181343
1770210822071,929.59,275.96,135741440,52477952,44096504,42.05,4181343
1770210822171,929.89,276.12,135741440,52477952,44098488,42.06,4181343
1770210822273,933.21,278.26,135970816,52477952,44332512,42.28,4182679
1770210822373,933.50,278.41,135970816,52477952,44334520,42.28,4182679
1770210822472,937.07,280.46,136183808,52477952,44568736,42.50,4192207
1770210822574,937.26,280.51,136183808,52477952,44570744,42.51,4192207
1770210822675,937.48,280.62,136200192,52477952,44572728,42.51,4192207
1770210822776,940.18,282.49,136511488,52477952,44806744,42.73,4193543
1770210822877,940.48,282.59,136511488,52477952,44808752,42.73,4193543
1770210822978,943.89,284.71,136740864,52477952,45042960,42.96,4203071
1770210823079,944.15,284.86,136740864,52477952,45044968,42.96,4203071
1770210823179,944.47,285.02,136740864,52477952,45046952,42.96,4203071
1770210823279,958.07,287.29,137003008,52477952,45315680,43.22,4204407
1770210823380,958.39,287.56,137003008,52477952,45317688,43.22,4204407
1770210823481,961.45,289.62,137216000,52477952,45545096,43.44,4213935
1770210823583,961.70,289.75,137216000,52477952,45547104,43.44,4213935
1770210823684,961.96,289.87,137216000,52477952,45549088,43.44,4213935
1770210823785,967.90,292.09,137576448,52477952,42521440,40.55,4215271
1770210823887,968.15,292.20,137576448,52477952,42523448,40.55,4215271
1770210823987,971.70,294.51,137576448,52477952,42750888,40.77,4138553
1770210824088,971.96,294.60,137576448,52477952,42752872,40.77,4138553
1770210824188,972.23,294.71,137576448,52477952,42754856,40.77,4138553
1770210824290,975.67,296.90,137576448,52477952,42982456,40.99,4139889
1770210824389,975.98,297.06,137576448,52477952,42984440,40.99,4139889
1770210824491,979.36,299.07,137576448,52477952,43211872,41.21,4149417
1770210824591,979.62,299.18,137576448,52477952,43213856,41.21,4149417
1770210824692,979.91,299.33,137576448,52477952,43215840,41.21,4149417
1770210824793,982.62,301.29,137576448,52477952,43443032,41.43,4150753
1770210824893,982.86,301.42,137576448,52477952,43445016,41.43,4150753
1770210824995,985.54,303.17,137592832,52477952,43672376,41.65,4160281
1770210825095,985.76,303.26,137592832,52477952,43674360,41.65,4160281
1770210825195,986.07,303.41,137592832,52477952,43676344,41.65,4160281
1770210825296,989.00,305.27,137625600,52477952,43903560,41.87,4161617
1770210825396,989.27,305.43,137625600,52477952,43905544,41.87,4161617
1770210825498,993.96,307.64,137838592,52477952,44133144,42.09,4171145
1770210825598,994.14,307.71,137838592,52477952,44135152,42.09,4171145
1770210825700,994.45,307.87,137838592,52477952,44137136,42.09,4171145
1770210825800,997.33,309.95,138067968,52477952,44363600,42.31,4172481
1770210825902,997.52,310.07,138067968,52477952,44365608,42.31,4172481
1770210826002,1000.52,312.23,138280960,52477952,44592496,42.53,4182009
1770210826103,1000.78,312.32,138280960,52477952,44594504,42.53,4182009
1770210826203,1001.01,312.46,138280960,52477952,44596488,42.53,4182009
1770210826304,1004.50,314.16,138526720,52477952,44823016,42.75,4183345
1770210826405,1004.71,314.25,138526720,52477952,44825024,42.75,4183345
1770210826507,1008.92,316.13,138739712,52477952,45051872,42.96,4192875
1770210826607,1009.14,316.22,138739712,52477952,45053880,42.97,4192875
1770210826708,1009.40,316.35,138739712,52477952,45055864,42.97,4192875
1770210826809,1013.16,318.42,138952704,52477952,45282552,43.18,4194213
1770210826911,1013.38,318.53,138952704,52477952,45284560,43.19,4194213
1770210827012,1016.27,320.62,139182080,52477952,45511280,43.40,4203743
1770210827113,1016.50,320.74,139198464,52477952,45513288,43.40,4203743
1770210827213,1016.63,320.81,139198464,52477952,45515272,43.41,4203743
1770210827313,1019.19,322.80,139427840,52477952,45741656,43.62,4205081
1770210827414,1019.41,322.90,139427840,52477952,45743664,43.62,4205081
1770210827513,1025.39,325.30,140165120,53264384,43024936,41.03,4214611
1770210827615,1025.64,325.39,140165120,53264384,43026944,41.03,4214611
1770210827715,1025.90,325.50,140165120,53264384,43028928,41.04,4214611
1770210827817,1029.41,327.78,140165120,53264384,43255280,41.25,4130364
1770210827918,1029.63,327.90,140165120,53264384,43257288,41.25,4130364
1770210828018,1033.16,329.86,140165120,53264384,43483888,41.47,4139894
1770210828119,1033.44,329.98,140165120,53264384,43485896,41.47,4139894
1770210828219,1033.70,330.10,140165120,53264384,43487880,41.47,4139894
1770210828320,1036.25,332.28,140165120,53264384,43714256,41.69,4141232
1770210828422,1036.46,332.39,140165120,53264384,43716264,41.69,4141232
1770210828522,1039.96,334.30,140165120,53264384,43943928,41.91,4150762
1770210828624,1040.22,334.42,140165120,53264384,43945936,41.91,4150762
1770210828724,1040.42,334.55,140165120,53264384,43947920,41.91,4150762
1770210828825,1058.77,337.27,140214272,53264384,44176040,42.13,4152100
1770210828926,1059.05,337.44,140214272,53264384,44178048,42.13,4152100
1770210829028,1061.91,339.64,140214272,53264384,44404320,42.35,4161630
1770210829128,1062.17,339.76,140214272,53264384,44406328,42.35,4161630
1770210829230,1062.42,339.98,140214272,53264384,44408312,42.35,4161630
1770210829330,1068.72,341.80,140230656,53264384,44635168,42.57,4162968
1770210829430,1068.84,341.85,140230656,53264384,44637176,42.57,4162968
1770210829531,1071.42,343.88,140247040,53264384,44863480,42.79,4172498
1770210829631,1071.71,344.03,140247040,53264384,44865488,42.79,4172498
1770210829732,1072.44,344.28,140247040,53264384,44868456,42.79,4172498
1770210829832,1080.89,346.54,140263424,53264384,45095336,43.01,4173836
1770210829933,1081.17,346.66,140263424,53264384,45097344,43.01,4173836
1770210830035,1083.85,348.42,140263424,53264384,45323288,43.22,4183366
1770210830135,1084.08,348.53,140263424,53264384,45325296,43.23,4183366
1770210830237,1084.31,348.64,140263424,53264384,45327280,43.23,4183366
1770210830338,1090.47,350.60,140279808,53264384,45553736,43.44,4184704
1770210830438,1090.67,350.67,140279808,53264384,45555744,43.45,4184704
1770210830540,1094.75,352.73,140279808,53264384,45785176,43.66,4194234
1770210830640,1094.94,352.84,140279808,53264384,45787184,43.67,4194234
1770210830742,1095.14,352.98,140279808,53264384,45789168,43.67,4194234
1770210830843,1097.67,355.19,140279808,53264384,46014856,43.88,4195572
1770210830944,1097.82,355.29,140279808,53264384,46016864,43.89,4195572
1770210831044,1100.19,357.38,140279808,53264384,46242768,44.10,4205102
1770210831145,1100.38,357.45,140279808,53264384,46244776,44.10,4205102
1770210831247,1100.64,357.58,140279808,53264384,46246760,44.10,4205102
1770210831347,1105.90,360.00,140787712,53788672,43497528,41.48,4206440
1770210831449,1106.10,360.09,140787712,53788672,43499536,41.48,4206440
1770210831566,1162.85,365.04,145211392,65847296,48402320,46.16,4129030
1770210831668,1359.33,374.64,157188096,84721664,57337512,54.68,4118832
1770210831769,1359.39,374.68,157188096,84721664,57339568,54.68,4118832
1770210831870,1361.16,376.14,157417472,84721664,57579160,54.91,4120170
1770210831971,1361.39,376.24,157417472,84721664,57581168,54.91,4120170
1770210832072,1365.13,378.31,157646848,84721664,57823168,55.14,4129700
1770210832172,1365.39,378.41,157646848,84721664,57825176,55.15,4129700
1770210832273,1365.67,378.51,157646848,84721664,57827160,55.15,4129700
1770210832373,1368.58,380.49,157892608,84721664,58064824,55.37,4131038
1770210832474,1368.87,380.61,157892608,84721664,58066832,55.38,4131038
1770210832573,1373.02,383.13,158121984,84721664,58304768,55.60,4140568
1770210832675,1373.16,383.20,158121984,84721664,58306800,55.61,4140568
1770210832776,1373.41,383.32,158121984,84721664,58308784,55.61,4140568
1770210832877,1378.64,385.44,158351360,84721664,58546720,55.83,4141906
1770210832977,1378.84,385.57,158367744,84721664,58548728,55.84,4141906
1770210833079,1401.84,387.59,158629888,84721664,58789104,56.07,4151436
1770210833179,1402.03,387.68,158629888,84721664,58791112,56.07,4151436
1770210833280,1402.26,387.79,158629888,84721664,58793096,56.07,4151436
1770210833381,1406.15,389.85,158744576,84721664,59028968,56.29,4152774
1770210833482,1406.45,390.05,158760960,84721664,59030976,56.30,4152774
1770210833583,1434.73,392.61,159006720,84721664,59269032,56.52,4162304
1770210833685,1434.88,392.68,159006720,84721664,59271040,56.53,4162304
1770210833789,1437.46,393.87,159121408,84721664,59390704,56.64,4162975
1770210833890,1438.68,394.94,159121408,84721664,59509592,56.75,4163642
1770210833991,1439.10,395.26,159121408,84721664,59511600,56.75,4163642
1770210834092,1444.87,397.86,128401408,84721664,59753480,56.99,4173172
1770210834193,1445.03,397.92,120684544,84721664,59755488,56.99,4173172
1770210834293,1447.29,399.16,120799232,84721664,59875392,57.10,4173843
1770210834393,1449.99,400.11,120913920,84721664,59997968,57.22,4174510
1770210834495,1450.26,400.25,120913920,84721664,59999976,57.22,4174510
1770210834595,1453.21,402.27,121143296,84721664,60239056,57.45,4184040
1770210834697,1453.50,402.42,121143296,84721664,60241064,57.45,4184040
1770210834797,1455.92,403.73,121257984,84721664,60363288,57.57,4184711
1770210834898,1457.22,404.63,121372672,84721664,60482152,57.68,4185378
1770210835000,1457.40,404.71,121372672,84721664,60484160,57.68,4185378
1770210835101,1465.39,407.14,121618432,84721664,60729568,57.92,4194908
1770210835202,1465.71,407.28,121618432,84721664,60731576,57.92,4194908
1770210835303,1469.94,409.60,121847808,84721664,60968504,58.14,4196246
1770210835403,1470.14,409.67,121847808,84721664,60970512,58.15,4196246
1770210835504,1470.46,409.81,121847808,84721664,60972496,58.15,4196246
1770210835604,1476.71,412.00,122077184,84721664,61217768,58.38,4205776
1770210835706,1477.02,412.12,122077184,84721664,61219776,58.38,4205776
1770210835805,1481.36,414.14,122306560,84721664,61456496,58.61,4207114
1770210835907,1483.16,414.23,122306560,84721664,61466272,58.62,4207114
1770210836007,1483.31,414.30,122306560,84721664,61468256,58.62,4207114
1770210836109,1486.48,416.41,122535936,84721664,61707992,58.85,4216644
1770210836208,1486.69,416.52,122535936,84721664,61710000,58.85,4216644
1770210836309,1489.76,418.27,122388480,84721664,61950080,59.08,4217982
1770210836410,1489.88,418.33,122388480,84721664,61952088,59.08,4217982
1770210836511,1490.01,418.41,122388480,84721664,61954088,59.08,4217982
1770210836612,1493.26,420.54,122634240,84721664,62193344,59.31,4227512
1770210836713,1493.52,420.66,122634240,84721664,62195352,59.31,4227512
1770210836813,1497.70,423.08,122863616,84721664,62446688,59.55,4228850
1770210836914,1497.88,423.14,122863616,84721664,62448696,59.56,4228850
1770210837014,1498.14,423.27,122863616,84721664,62450680,59.56,4228850
1770210837116,1501.45,425.49,123109376,84721664,62691032,59.79,4238380
1770210837216,1501.76,425.62,123109376,84721664,62693040,59.79,4238380
1770210837316,1504.80,427.64,123338752,84721664,62929464,60.01,4239718
1770210837418,1504.99,427.70,123338752,84721664,62931472,60.02,4239718
1770210837518,1505.27,427.82,123338752,84721664,62933456,60.02,4239718
1770210837619,1508.29,429.95,123584512,84721664,63198776,60.27,4249248
1770210837719,1508.57,430.07,123584512,84721664,63200784,60.27,4249248
1770210837820,1511.69,432.17,123813888,84721664,63437224,60.50,4250586
1770210837920,1511.89,432.24,123813888,84721664,63439232,60.50,4250586
1770210838022,1512.19,432.40,123813888,84721664,63441216,60.50,4250586
1770210838123,1519.88,434.58,124043264,84721664,63678440,60.73,4260116
1770210838225,1520.16,434.72,124043264,84721664,63680448,60.73,4260116
1770210838324,1527.33,437.14,124272640,84721664,63916944,60.96,4261454
1770210838426,1527.78,437.25,124272640,84721664,63919064,60.96,4261454
1770210838526,1528.09,437.43,124272640,84721664,63921048,60.96,4261454
1770210838628,1531.46,439.69,124518400,84721664,64157688,61.19,4270984
1770210838729,1531.71,439.80,124518400,84721664,64159696,61.19,4270984
1770210838830,1534.54,441.96,124731392,84721664,64396496,61.41,4272322
1770210838932,1534.91,442.21,124731392,84721664,64398504,61.42,4272322
1770210839033,1535.18,442.35,124747776,84721664,64400488,61.42,4272322
1770210839134,1538.04,444.45,124960768,84721664,64637112,61.64,4281852
1770210839234,1538.30,444.58,124960768,84721664,64639120,61.64,4281852
1770210839335,1541.74,446.92,125190144,84721664,64876232,61.87,4283190
1770210839435,1541.96,447.01,125190144,84721664,64878240,61.87,4283190
1770210839537,1542.25,447.17,125190144,84721664,64880224,61.87,4283190
1770210839638,1552.41,452.48,125435904,84721664,50838408,48.48,4292720
1770210839739,1622.35,460.27,99811328,51167232,41692880,39.76,4127024
1770210839839,1626.42,461.91,99811328,51167232,42205496,40.25,4128362
1770210839939,1626.64,462.00,99811328,51167232,42207496,40.25,4128362
1770210840040,1626.89,462.12,99811328,51167232,42209472,40.25,4128362
1770210840140,1634.77,464.17,99811328,51167232,42460264,40.49,4137892
1770210840240,1634.98,464.28,99811328,51167232,42462264,40.50,4137892
1770210840342,1712.72,471.55,92897280,45400064,41064360,39.16,4128362
1770210840443,1712.85,471.60,92897280,45400064,41066408,39.16,4128362
1770210840544,1713.08,471.71,92913664,45400064,41068384,39.17,4128362
1770210840645,1718.85,473.61,93143040,45400064,41319408,39.41,4137892
1770210840746,1719.04,473.73,93143040,45400064,41321408,39.41,4137892
1770210840846,1724.71,475.87,93372416,45400064,41812032,39.88,4139230
1770210840946,1797.65,479.47,92618752,44875776,40780640,38.89,4127024
1770210841047,1799.39,479.61,92618752,44875776,40790616,38.90,4127024
1770210841148,1805.25,481.33,92880896,44875776,41262696,39.35,4136554
1770210841248,1805.56,481.49,92897280,44875776,41264696,39.35,4136554
1770210841349,1809.39,483.71,93126656,44875776,41506288,39.58,4137892
1770210841451,1809.69,483.79,93126656,44875776,41508288,39.59,4137892
1770210841551,1810.10,483.94,93126656,44875776,41510264,39.59,4137892
1770210841653,1813.75,486.11,93388800,44875776,41752096,39.82,4147422
1770210841753,1814.05,486.26,93388800,44875776,41754096,39.82,4147422
1770210841853,1817.94,488.53,93945856,48021504,41134848,39.23,4137892
1770210841954,1818.17,488.61,93945856,48021504,41136824,39.23,4137892
1770210842054,1818.47,488.72,93945856,48021504,41138800,39.23,4137892
1770210842155,1821.73,490.68,94191616,48021504,41380640,39.46,4147422
1770210842256,1822.02,490.81,94191616,48021504,41382616,39.47,4147422
1770210842356,1825.16,492.80,94420992,48021504,41624272,39.70,4148760
1770210842457,1825.35,492.86,94420992,48021504,41626272,39.70,4148760
1770210842558,1825.64,492.98,94420992,48021504,41628248,39.70,4148760
1770210842659,1832.34,495.18,94666752,48021504,41870432,39.93,4158290
1770210842760,1832.50,495.29,94683136,48021504,41872432,39.93,4158290
1770210842860,1835.01,496.25,94912512,48021504,42114024,40.16,4159628
1770210842962,1835.21,496.32,94912512,48021504,42116024,40.16,4159628
1770210843063,1835.39,496.40,94912512,48021504,42118000,40.17,4159628
1770210843163,1838.47,498.40,95174656,48021504,42359816,40.40,4169158
1770210843263,1838.75,498.56,95174656,48021504,42361816,40.40,4169158
1770210843365,1842.21,500.53,95404032,48021504,42603440,40.63,4170496
1770210843465,1842.41,500.60,95404032,48021504,42605440,40.63,4170496
1770210843566,1842.66,500.68,95404032,48021504,42607416,40.63,4170496
1770210843667,1846.22,502.37,95649792,48021504,42849240,40.86,4180026
1770210843768,1846.45,502.46,95649792,48021504,42851240,40.87,4180026
1770210843869,1851.26,504.16,95682560,48021504,41480368,39.56,4137892
1770210843971,1851.40,504.23,95682560,48021504,41482344,39.56,4137892
1770210844072,1851.62,504.32,95682560,48021504,41484320,39.56,4137892
1770210844172,1856.86,506.39,95764480,48021504,41726088,39.79,4147422
1770210844274,1857.17,506.52,95764480,48021504,41728064,39.79,4147422
1770210844374,1867.30,508.73,95764480,48021504,41985576,40.04,4148760
1770210844476,1867.51,508.81,95764480,48021504,41987552,40.04,4148760
1770210844575,1867.75,508.90,95764480,48021504,41989528,40.04,4148760
1770210844676,1869.88,510.74,96010240,48021504,42231288,40.27,4158290
1770210844778,1870.13,510.86,96010240,48021504,42233264,40.28,4158290
1770210844879,1874.23,512.71,96239616,48021504,42475312,40.51,4159628
1770210844980,1874.53,513.00,96239616,48021504,42477288,40.51,4159628
1770210845082,1874.72,513.08,96239616,48021504,42479264,40.51,4159628
1770210845183,1881.55,515.09,96468992,48021504,42721016,40.74,4169158
1770210845283,1881.70,515.17,96468992,48021504,42722992,40.74,4169158
1770210845385,1884.59,517.22,96698368,48021504,42964112,40.97,4170496
1770210845485,1884.89,517.37,96698368,48021504,42966088,40.98,4170496
1770210845586,1885.19,517.55,96714752,48021504,42968064,40.98,4170496
1770210845688,1891.65,519.65,96780288,48021504,41724312,39.79,4137892
1770210845788,1891.98,519.79,96780288,48021504,41726288,39.79,4137892
1770210845890,1895.23,522.00,96796672,48021504,41967432,40.02,4139230
1770210845990,1895.52,522.13,96796672,48021504,41969432,40.03,4139230
1770210846092,1895.84,522.28,96796672,48021504,41971408,40.03,4139230
1770210846193,1902.26,524.28,96796672,48021504,42212752,40.26,4148760
1770210846292,1902.55,524.41,96796672,48021504,42214728,40.26,4148760
1770210846393,1910.21,526.80,96796672,48021504,42455184,40.49,4150098
1770210846495,1910.49,526.92,96796672,48021504,42457184,40.49,4150098
1770210846596,1910.80,527.08,96796672,48021504,42459160,40.49,4150098
1770210846696,1914.93,529.05,96796672,48021504,42699016,40.72,4159628
1770210846798,1915.22,529.21,96796672,48021504,42700992,40.72,4159628
1770210846898,1918.90,531.22,96796672,48021504,42943744,40.95,4160966
1770210847000,1919.20,531.36,96796672,48021504,42945744,40.96,4160966
1770210847100,1919.48,531.49,96796672,48021504,42947720,40.96,4160966
1770210847201,1924.42,533.26,96796672,48021504,43190904,41.19,4170496
1770210847303,1924.55,533.32,96796672,48021504,43192880,41.19,4170496
1770210847404,1933.99,535.38,96796672,48021504,41928344,39.99,4137892
1770210847504,1934.19,535.47,96796672,48021504,41930320,39.99,4137892
1770210847604,1934.49,535.63,96796672,48021504,41932296,39.99,4137892
1770210847706,1937.17,537.43,96796672,48021504,42173472,40.22,4147422
1770210847807,1937.39,537.54,96796672,48021504,42175448,40.22,4147422
1770210847909,1940.92,539.41,96796672,48021504,42414632,40.45,4148760
1770210848009,1941.19,539.53,96796672,48021504,42416608,40.45,4148760
1770210848111,1941.48,539.67,96796672,48021504,42418584,40.45,4148760
1770210848211,1944.53,541.68,96796672,48021504,42658968,40.68,4158290
1770210848313,1944.79,541.83,96796672,48021504,42660944,40.68,4158290
1770210848414,1962.02,544.18,96813056,48283648,43169640,41.17,4159628
1770210848515,1962.27,544.28,96813056,48283648,43171616,41.17,4159628
1770210848615,1962.53,544.41,96813056,48283648,43173592,41.17,4159628
1770210848717,1966.26,546.44,96829440,48283648,43410792,41.40,4169158
1770210848817,1966.45,546.52,96829440,48283648,43412768,41.40,4169158
1770210848918,1968.56,547.60,96829440,48283648,43649968,41.63,4170496
1770210849020,1968.74,547.65,96829440,48283648,43651944,41.63,4170496
1770210849121,1969.04,547.80,96829440,48283648,43653920,41.63,4170496
1770210849222,1973.51,549.88,97091584,49070080,42385112,40.42,4180026
1770210849323,1973.71,549.96,97091584,49070080,42387088,40.42,4180026
1770210849423,1976.49,551.81,97091584,49070080,42624048,40.65,4138559
1770210849525,1976.72,551.90,97091584,49070080,42626048,40.65,4138559
1770210849625,1977.07,552.07,97091584,49070080,42628024,40.65,4138559
1770210849726,1980.92,555.26,97091584,49070080,42865880,40.88,4148089
1770210849828,1981.23,555.40,97091584,49070080,42867880,40.88,4148089
1770210849929,2019.28,558.02,97402880,49070080,43172512,41.17,4149427
1770210850030,2019.48,558.11,97402880,49070080,43174512,41.17,4149427
1770210850130,2019.78,558.26,97402880,49070080,43176488,41.18,4149427
1770210850231,2046.38,560.55,97419264,49070080,43409384,41.40,4158957
1770210850332,2046.62,560.66,97419264,49070080,43411384,41.40,4158957
1770210850433,2049.62,562.86,97419264,49070080,43640712,41.62,4160295
1770210850533,2049.79,562.92,97419264,49070080,43642712,41.62,4160295
1770210850634,2050.05,563.09,97419264,49070080,43644688,41.62,4160295
1770210850735,2053.09,565.18,97419264,49070080,43874264,41.84,4169825
1770210850835,2053.27,565.31,97419264,49070080,43876264,41.84,4169825
1770210850937,2060.18,567.27,97435648,49070080,44105880,42.06,4171163
1770210851037,2060.38,567.37,97435648,49070080,44107880,42.06,4171163
1770210851138,2060.67,567.52,97435648,49070080,44109856,42.07,4171163
1770210851239,2066.29,569.28,97648640,49070080,42836360,40.85,4146084
1770210851340,2066.59,569.42,97648640,49070080,42838416,40.85,4146084
1770210851441,2069.07,571.16,97648640,49070080,43062520,41.07,4147422
1770210851543,2069.33,571.33,97648640,49070080,43064496,41.07,4147422
1770210851643,2069.65,571.51,97648640,49070080,43066472,41.07,4147422
1770210851744,2076.30,573.46,97648640,49070080,43293240,41.29,4156952
1770210851846,2076.59,573.59,97648640,49070080,43295240,41.29,4156952
1770210851946,2081.98,575.60,97648640,49070080,43519208,41.50,4158290
1770210852048,2082.26,575.76,97648640,49070080,43521184,41.51,4158290
1770210852149,2082.50,575.90,97648640,49070080,43523160,41.51,4158290
1770210852250,2088.80,577.70,97665024,49070080,43746872,41.72,4167820
1770210852352,2088.98,577.77,97665024,49070080,43748872,41.72,4167820
1770210852453,2092.05,579.88,97665024,49070080,43972064,41.94,4169158
1770210852553,2092.35,580.04,97665024,49070080,43974040,41.94,4169158
1770210852655,2092.59,580.15,97665024,49070080,43976016,41.94,4169158
1770210852755,2099.21,582.00,97665024,49070080,44200464,42.15,4178688
1770210852857,2099.47,582.14,97665024,49070080,44202464,42.15,4178688
1770210852957,2105.11,584.58,98222080,53526528,43012488,41.02,4180026
1770210853058,2105.39,584.70,98222080,53526528,43014464,41.02,4180026
1770210853160,2105.64,584.85,98222080,53526528,43016440,41.02,4180026
1770210853260,2110.09,586.42,98238464,53526528,43240168,41.24,4146751
1770210853361,2110.28,586.51,98238464,53526528,43242168,41.24,4146751
1770210853463,2119.44,588.74,98238464,53526528,43466672,41.45,4148089
1770210853563,2119.63,588.84,98238464,53526528,43468648,41.45,4148089
1770210853664,2119.83,588.96,98238464,53526528,43470624,41.46,4148089
1770210853765,2122.13,590.55,98238464,53526528,43694080,41.67,4157619
1770210853866,2122.37,590.64,98238464,53526528,43696080,41.67,4157619
1770210853967,2125.83,592.59,98238464,53526528,43919456,41.88,4158957
1770210854069,2126.14,592.74,98238464,53526528,43921432,41.89,4158957
1770210854171,2128.70,593.89,98271232,53526528,44034824,41.99,4167820
1770210854271,2129.81,594.70,98271232,53526528,44146864,42.10,4168487
1770210854373,2130.07,594.84,98271232,53526528,44148864,42.10,4168487
1770210854473,2141.92,597.01,98271232,53526528,44372248,42.32,4169825
1770210854574,2142.22,597.14,98271232,53526528,44374224,42.32,4169825
1770210854675,2144.08,598.45,98271232,53526528,44486232,42.43,4178688
1770210854775,2145.20,599.47,98271232,53526528,44596968,42.53,4179355
1770210854877,2145.50,599.64,98271232,53526528,44598968,42.53,4179355
1770210854977,2148.74,601.60,98484224,53526528,44819720,42.74,4180693
1770210855078,2149.03,601.71,98484224,53526528,44821720,42.75,4180693
1770210855179,2151.55,603.67,98697216,53526528,45042568,42.96,4190223
1770210855280,2151.81,603.75,98713600,53526528,45044568,42.96,4190223
1770210855382,2152.06,603.87,98713600,53526528,45046544,42.96,4190223
1770210855483,2155.34,606.43,98910208,53526528,45267224,43.17,4191561
1770210855584,2155.64,606.58,98910208,53526528,45269224,43.17,4191561
1770210855684,2158.53,608.55,99123200,53526528,45490104,43.38,4201091
1770210855784,2158.74,608.63,99123200,53526528,45492104,43.38,4201091
1770210855885,2159.03,608.78,99123200,53526528,45494080,43.39,4201091
1770210855987,2162.08,610.73,99336192,53526528,45714760,43.60,4202429
1770210856088,2162.34,610.86,99336192,53526528,45716760,43.60,4202429
1770210856188,2165.18,612.84,99565568,53526528,45937664,43.81,4211959
1770210856289,2165.38,612.91,99565568,53526528,45939664,43.81,4211959
1770210856388,2165.64,613.00,99565568,53526528,45941640,43.81,4211959
1770210856490,2172.04,614.87,99811328,53526528,46163656,44.03,4213297
1770210856591,2172.30,615.03,99811328,53526528,46165656,44.03,4213297
1770210856693,2174.87,616.81,100024320,53526528,46387008,44.24,4222827
1770210856794,2175.08,616.89,100024320,53526528,46389016,44.24,4222827
1770210856894,2175.38,617.22,100024320,53526528,46391000,44.24,4222827
1770210856995,2180.46,619.80,100483072,53788672,43515344,41.50,4224165
1770210857095,2180.76,619.97,100483072,53788672,43517352,41.50,4224165
1770210857196,2183.09,621.45,100483072,53788672,43629456,41.61,4145417
1770210857297,2189.33,622.52,100483072,53788672,43741024,41.71,4146084
1770210857397,2189.61,622.67,100483072,53788672,43743008,41.72,4146084
1770210857499,2200.57,624.68,100499456,53788672,43970232,41.93,4147422
1770210857601,2200.85,624.83,100499456,53788672,43972216,41.94,4147422
1770210857701,2203.81,626.79,100499456,53788672,44190400,42.14,4156952
1770210857802,2204.02,626.87,100499456,53788672,44192384,42.15,4156952
1770210857903,2204.28,627.00,100499456,53788672,44194368,42.15,4156952
1770210858004,2206.60,628.78,100499456,53788672,44412288,42.35,4158290
1770210858104,2206.82,628.89,100499456,53788672,44414272,42.36,4158290
1770210858204,2211.38,630.77,100515840,53788672,44632592,42.56,4167820
1770210858306,2211.63,630.89,100515840,53788672,44634576,42.57,4167820
1770210858407,2211.92,631.05,100515840,53788672,44636560,42.57,4167820
1770210858506,2214.35,632.84,100515840,53788672,44854592,42.78,4169158
1770210858608,2214.61,633.05,100515840,53788672,44856576,42.78,4169158
1770210858708,2217.38,634.82,100679680,53788672,45074720,42.99,4178688
1770210858810,2217.59,634.92,100679680,53788672,45076704,42.99,4178688
1770210858911,2217.84,635.07,100696064,53788672,45078688,42.99,4178688
1770210859012,2222.48,637.17,100892672,53788672,45296704,43.20,4180026
1770210859112,2222.77,637.32,100892672,53788672,45298688,43.20,4180026
1770210859212,2227.22,639.31,101105664,53788672,45516992,43.41,4189556
1770210859314,2227.42,639.38,101105664,53788672,45519000,43.41,4189556
1770210859414,2227.72,639.52,101105664,53788672,45520984,43.41,4189556
1770210859514,2230.48,641.59,101335040,53788672,45837312,43.71,4190894
1770210859614,2230.79,641.72,101335040,53788672,45839320,43.72,4190894
1770210859715,2234.46,643.78,101597184,53788672,46133256,44.00,4200432
1770210859817,2234.69,643.89,101548032,53788672,46135264,44.00,4200432
1770210859918,2234.86,644.00,101564416,53788672,46137248,44.00,4200432
1770210860018,2237.70,645.87,101761024,53788672,46355408,44.21,4201770
1770210860120,2238.04,646.09,101761024,53788672,46357416,44.21,4201770
1770210860220,2240.72,648.24,101990400,53788672,46575736,44.42,4211300
1770210860321,2240.91,648.30,101990400,53788672,46577744,44.42,4211300
1770210860422,2241.28,648.50,101990400,53788672,46579728,44.42,4211300
1770210860524,2246.97,652.64,96010240,47235072,44101912,42.06,4212638
1770210860625,2247.29,652.79,96010240,47235072,44103912,42.06,4212638
1770210860727,2250.15,654.84,96010240,47235072,44322280,42.27,4146084
1770210860828,2250.43,654.96,96010240,47235072,44324256,42.27,4146084
1770210860929,2250.73,655.10,96010240,47235072,44326232,42.27,4146084
1770210861030,2253.98,657.22,96010240,47235072,44544368,42.48,4147422
1770210861131,2254.27,657.34,96010240,47235072,44546344,42.48,4147422
1770210861233,2257.42,659.44,96010240,47235072,44764768,42.69,4156952
1770210861334,2257.72,659.57,96010240,47235072,44766744,42.69,4156952
1770210861434,2258.03,659.71,96010240,47235072,44768720,42.69,4156952
1770210861534,2454.00,677.41,134332416,97583104,63312856,60.38,4137892
1770210861635,2630.52,681.91,147423232,98631680,77669384,74.07,4128362
1770210861736,2631.23,682.39,147505152,98631680,77888464,74.28,4137892
1770210861837,2631.29,682.42,147505152,98631680,77890448,74.28,4137892
1770210861937,2631.43,682.46,147505152,98631680,77892432,74.28,4137892
1770210862038,2638.51,683.91,148422656,99418112,63432760,60.49,4139230
1770210862139,2638.69,683.97,148422656,99418112,63434768,60.50,4139230
1770210862240,2642.30,686.48,148439040,99418112,63653208,60.70,4147422
1770210862340,2642.57,686.63,148439040,99418112,63655280,60.71,4147422
1770210862442,2642.82,686.75,148439040,99418112,63657264,60.71,4147422
1770210862543,2663.05,689.24,148471808,99418112,64029856,61.06,4148760
1770210862644,2663.31,689.34,148471808,99418112,64031864,61.07,4148760
1770210862745,2673.12,691.37,148488192,99418112,64244248,61.27,4158290
1770210862845,2673.33,691.49,148488192,99418112,64246256,61.27,4158290
1770210862947,2673.64,691.70,148488192,99418112,64248240,61.27,4158290
1770210863048,2675.98,693.66,148488192,99418112,64459664,61.47,4159628
1770210863148,2676.19,693.76,148488192,99418112,64461672,61.48,4159628
1770210863249,2679.20,695.78,148504576,99418112,64673408,61.68,4169158
1770210863351,2679.42,695.88,148504576,99418112,64675416,61.68,4169158
1770210863452,2679.69,696.02,148504576,99418112,64677400,61.68,4169158
1770210863552,2682.47,697.97,148504576,99418112,64888824,61.88,4170496
1770210863654,2682.72,698.09,148504576,99418112,64890832,61.88,4170496
1770210863755,2686.51,700.48,148504576,99418112,65102496,62.09,4180026
1770210863856,2686.77,700.64,148504576,99418112,65104504,62.09,4180026
1770210863958,2687.00,700.78,148504576,99418112,65106488,62.09,4180026
1770210864059,2689.63,702.88,148504576,99418112,65317976,62.29,4181364
1770210864160,2689.90,703.00,148504576,99418112,65319984,62.29,4181364
1770210864261,2692.43,704.90,148504576,99418112,65531728,62.50,4190894
1770210864361,2692.79,705.02,148504576,99418112,65533736,62.50,4190894
1770210864461,2693.03,705.21,148504576,99418112,65535720,62.50,4190894
1770210864562,2696.12,707.40,148520960,99418112,65747168,62.70,4192232
1770210864664,2696.40,707.55,148520960,99418112,65749176,62.70,4192232
1770210864764,2699.30,709.64,148520960,99418112,65961032,62.91,4201762
1770210864865,2699.61,709.77,148520960,99418112,65963040,62.91,4201762
1770210864966,2699.91,709.91,148520960,99418112,65965024,62.91,4201762
1770210865066,2702.93,711.76,148520960,99418112,66176528,63.11,4203100
1770210865168,2703.22,711.91,148520960,99418112,66178536,63.11,4203100
1770210865268,2706.43,714.03,148520960,99418112,66390320,63.31,4212630
1770210865369,2706.73,714.17,148520960,99418112,66392328,63.32,4212630
1770210865469,2707.03,714.33,148520960,99418112,66394312,63.32,4212630
1770210865570,2709.97,716.39,148520960,99418112,66605920,63.52,4213968
1770210865672,2710.27,716.54,148520960,99418112,66607928,63.52,4213968
1770210865772,2713.43,718.63,148520960,99418112,66819712,63.72,4223498
1770210865874,2713.72,718.75,148520960,99418112,66821720,63.73,4223498
1770210865975,2713.99,718.87,148520960,99418112,66823704,63.73,4223498
1770210866075,2716.12,720.75,148537344,99418112,67035760,63.93,4224836
1770210866177,2716.40,720.95,148537344,99418112,67037768,63.93,4224836
1770210866278,2718.56,722.64,148553728,99418112,67249704,64.13,4234366
1770210866379,2718.76,722.71,148553728,99418112,67251712,64.14,4234366
1770210866479,2719.03,722.83,148553728,99418112,67253696,64.14,4234366
1770210866580,2721.95,724.86,148553728,99418112,67465296,64.34,4235704
1770210866682,2722.14,724.94,148553728,99418112,67467304,64.34,4235704
1770210866783,2724.94,726.90,148570112,99418112,67679072,64.54,4245234
1770210866884,2725.12,726.99,148570112,99418112,67681080,64.55,4245234
1770210866984,2725.39,727.13,148570112,99418112,67683064,64.55,4245234
1770210867086,2728.45,729.14,148570112,99418112,67894696,64.75,4246572
1770210867186,2728.75,729.28,148570112,99418112,67896704,64.75,4246572
1770210867288,2731.41,731.41,148586496,99418112,68108592,64.95,4256102
1770210867389,2731.60,731.48,148586496,99418112,68110600,64.96,4256102
1770210867489,2731.82,731.59,148586496,99418112,68112584,64.96,4256102
1770210867590,2734.63,733.71,148586496,99418112,68324408,65.16,4257440
1770210867692,2734.98,733.85,148586496,99418112,68326416,65.16,4257440
1770210867791,2737.05,735.51,148586496,99418112,68538280,65.36,4266970
1770210867892,2737.24,735.58,148586496,99418112,68540288,65.37,4266970
1770210867994,2737.50,735.68,148586496,99418112,68542272,65.37,4266970
1770210868095,2740.08,737.67,148586496,99418112,68753896,65.57,4268308
1770210868195,2740.37,737.83,148586496,99418112,68755904,65.57,4268308
1770210868296,2742.30,739.32,148619264,99418112,68967736,65.77,4277838
1770210868398,2742.60,739.49,148619264,99418112,68969744,65.77,4277838
1770210868498,2742.90,739.61,148619264,99418112,68971728,65.78,4277838
1770210868599,2745.61,741.49,148619264,99418112,69183360,65.98,4279176
1770210868701,2745.90,741.64,148619264,99418112,69185368,65.98,4279176
1770210868801,2749.22,743.59,148619264,99418112,69397272,66.18,4288706
1770210868903,2749.49,743.72,148619264,99418112,69399280,66.18,4288706
1770210869004,2749.76,743.83,148619264,99418112,69401264,66.19,4288706
1770210869106,2752.45,746.17,148619264,99418112,69612960,66.39,4290044
1770210869205,2752.74,746.33,148619264,99418112,69614968,66.39,4290044
1770210869307,2755.97,747.93,148619264,99418112,69826952,66.59,4299574
1770210869408,2756.19,748.05,148619264,99418112,69828960,66.59,4299574
1770210869508,2756.41,748.15,148619264,99418112,69830944,66.60,4299574
1770210869610,2765.53,750.11,148635648,99418112,70043536,66.80,4300912
1770210869712,2839.04,758.84,104366080,54312960,41553208,39.63,4127024
1770210869813,2843.80,760.40,104366080,54312960,42049256,40.10,4136554
1770210869914,2844.09,760.53,104366080,54312960,42051264,40.10,4136554
1770210870015,2846.01,761.84,104366080,54312960,42278384,40.32,4137892
1770210870116,2846.10,761.88,104366080,54312960,42280392,40.32,4137892
1770210870217,2846.33,762.00,104366080,54312960,42282376,40.32,4137892
1770210870319,2920.03,769.19,94699520,45924352,41519352,39.60,4136554
1770210870419,2920.38,769.35,94699520,45924352,41521400,39.60,4136554
1770210870522,2927.83,771.68,94912512,45924352,41753352,39.82,4137892
1770210870624,2929.77,771.77,94912512,45924352,41757504,39.82,4137892
1770210870725,2930.02,771.84,94912512,45924352,41759480,39.82,4137892
1770210870827,2937.76,774.46,95141888,45924352,41992000,40.05,4147422
1770210870928,3016.70,778.60,94486528,45400064,41301392,39.39,4127024
1770210871029,3019.77,780.15,94748672,45400064,41729856,39.80,4128362
1770210871129,3020.04,780.27,94748672,45400064,41731856,39.80,4128362
1770210871229,3020.42,780.39,94748672,45400064,41733832,39.80,4128362
1770210871331,3023.43,782.32,94961664,45400064,41960608,40.02,4137892
1770210871431,3023.71,782.46,94961664,45400064,41962608,40.02,4137892
1770210871532,3026.95,784.47,95502336,48545792,41474728,39.55,4139230
1770210871633,3027.10,784.53,95502336,48545792,41476728,39.56,4139230
1770210871735,3027.30,784.62,95502336,48545792,41478704,39.56,4139230
1770210871836,3031.79,786.59,95731712,48545792,41712032,39.78,4146084
1770210871936,3031.97,786.67,95731712,48545792,41714032,39.78,4146084
1770210872037,3035.57,788.50,95977472,48545792,41940616,40.00,4147422
1770210872138,3035.75,788.55,95977472,48545792,41942616,40.00,4147422
1770210872238,3036.01,788.68,95977472,48545792,41944592,40.00,4147422
1770210872338,3041.97,790.86,96190464,48545792,42171400,40.22,4156952
1770210872439,3042.24,790.98,96190464,48545792,42173400,40.22,4156952
1770210872539,3044.50,792.89,96403456,48545792,42399928,40.44,4158290
1770210872640,3044.74,793.02,96403456,48545792,42401928,40.44,4158290
1770210872741,3044.97,793.14,96403456,48545792,42403904,40.44,4158290
1770210872842,3047.20,794.83,96649216,48545792,42631160,40.66,4167820
1770210872944,3047.51,794.98,96649216,48545792,42633160,40.66,4167820
1770210873045,3050.22,796.59,96862208,48545792,42859528,40.87,4169158
1770210873145,3050.53,796.71,96862208,48545792,42861560,40.88,4169158
1770210873246,3050.77,796.86,96862208,48545792,42863536,40.88,4169158
1770210873347,3052.83,798.82,97091584,48545792,43089912,41.09,4178688
1770210873448,3052.97,798.89,97091584,48545792,43091912,41.10,4178688
1770210873549,3055.52,800.68,97304576,48545792,43318120,41.31,4180026
1770210873649,3055.85,800.79,97304576,48545792,43320120,41.31,4180026
1770210873750,3056.09,800.90,97304576,48545792,43322096,41.32,4180026
1770210873852,3060.99,802.98,97370112,48545792,41934104,39.99,4137892
1770210873953,3061.14,803.07,97370112,48545792,41936080,39.99,4137892
1770210874053,3063.63,804.89,97370112,48545792,42162232,40.21,4139230
1770210874154,3063.83,804.96,97370112,48545792,42164208,40.21,4139230
1770210874256,3064.07,805.08,97370112,48545792,42166184,40.21,4139230
1770210874357,3072.41,807.22,97566720,48545792,42405640,40.44,4148760
1770210874458,3072.68,807.36,97566720,48545792,42407640,40.44,4148760
1770210874559,3075.47,809.31,97779712,48545792,42633800,40.66,4150098
1770210874660,3075.75,809.43,97779712,48545792,42635800,40.66,4150098
1770210874761,3076.03,809.57,97779712,48545792,42637776,40.66,4150098
1770210874863,3080.09,811.40,97992704,48545792,42864712,40.88,4159628
1770210874963,3080.28,811.50,97992704,48545792,42866712,40.88,4159628
1770210875065,3083.25,813.53,98205696,48545792,43092472,41.10,4160966
1770210875166,3083.51,813.66,98222080,48545792,43094472,41.10,4160966
1770210875266,3083.81,813.82,98222080,48545792,43096448,41.10,4160966
1770210875368,3087.01,815.86,98435072,48545792,43325984,41.32,4170496
1770210875468,3089.73,816.10,98467840,48545792,42017344,40.07,4170496
1770210875568,3092.03,818.15,98467840,48545792,42246832,40.29,4137892
1770210875670,3092.41,818.29,98467840,48545792,42248808,40.29,4137892
1770210875770,3092.79,818.42,98467840,48545792,42250784,40.29,4137892
1770210875871,3096.03,820.45,98467840,48545792,42479408,40.51,4147422
1770210875970,3096.28,820.56,98467840,48545792,42481384,40.51,4147422
1770210876071,3099.44,822.47,98467840,48545792,42709864,40.73,4148760
1770210876173,3099.72,822.62,98467840,48545792,42711840,40.73,4148760
1770210876273,3099.99,822.73,98467840,48545792,42713816,40.74,4148760
1770210876374,3104.38,824.57,98467840,48545792,43016192,41.02,4158290
1770210876476,3104.59,824.70,98467840,48545792,43018168,41.03,4158290
1770210876577,3107.35,826.42,98467840,48545792,43243608,41.24,4159628
1770210876677,3107.56,826.55,98467840,48545792,43245584,41.24,4159628
1770210876779,3107.82,826.63,98467840,48545792,43247560,41.24,4159628
1770210876880,3110.48,828.52,98467840,48545792,43473160,41.46,4169158
1770210876980,3110.67,828.60,98467840,48545792,43475136,41.46,4169158
1770210877082,3113.78,830.49,98680832,49070080,42329048,40.37,4170496
1770210877183,3114.04,830.64,98680832,49070080,42331024,40.37,4170496
1770210877285,3114.27,830.74,98680832,49070080,42333000,40.37,4170496
1770210877386,3120.83,833.01,98697216,49070080,42559088,40.59,4146084
1770210877486,3121.09,833.16,98697216,49070080,42561064,40.59,4146084
1770210877586,3122.83,834.78,98697216,49070080,42786480,40.80,4147422
1770210877687,3123.05,834.87,98697216,49070080,42788456,40.81,4147422
1770210877788,3123.26,835.04,98697216,49070080,42790432,40.81,4147422
1770210877889,3125.88,836.94,98697216,49070080,43016040,41.02,4156952
1770210877990,3126.14,837.09,98697216,49070080,43018016,41.03,4156952
1770210878090,3129.18,839.04,98697216,49070080,43243392,41.24,4158290
1770210878191,3129.38,839.17,98697216,49070080,43245368,41.24,4158290
1770210878292,3129.51,839.23,98697216,49070080,43247344,41.24,4158290
1770210878393,3131.58,840.65,98697216,49070080,43472952,41.46,4167820
1770210878494,3131.70,840.71,98697216,49070080,43474928,41.46,4167820
1770210878594,3135.44,842.48,98713600,49070080,43700360,41.68,4169158
1770210878696,3135.68,842.60,98713600,49070080,43702336,41.68,4169158
1770210878796,3135.99,842.76,98713600,49070080,43704312,41.68,4169158
1770210878898,3140.13,845.13,98975744,49594368,42581440,40.61,4178688
1770210878998,3140.43,845.28,98975744,49594368,42583416,40.61,4178688
1770210879099,3142.31,846.56,98975744,49594368,42808848,40.83,4137892
1770210879200,3142.51,846.64,98975744,49594368,42810824,40.83,4137892
1770210879302,3142.76,846.83,98975744,49594368,42812800,40.83,4137892
1770210879403,3146.19,848.74,98975744,49594368,43038504,41.04,4147422
1770210879504,3146.41,848.83,98975744,49594368,43040480,41.05,4147422
1770210879606,3150.00,851.03,98975744,49594368,43265848,41.26,4148760
1770210879705,3150.23,851.20,98975744,49594368,43267824,41.26,4148760
1770210879806,3150.43,851.29,98975744,49594368,43269800,41.27,4148760
1770210879907,3155.20,853.56,98975744,49594368,43495928,41.48,4158290
1770210880008,3155.40,853.66,98975744,49594368,43497904,41.48,4158290
1770210880109,3169.66,855.76,98992128,49594368,43732056,41.71,4159628
1770210880210,3169.94,855.89,98811904,49594368,43734032,41.71,4159628
1770210880311,3170.26,856.07,98811904,49594368,43736008,41.71,4159628
1770210880412,3173.81,858.22,98811904,49594368,43960456,41.92,4169158
1770210880511,3174.11,858.35,98811904,49594368,43962432,41.93,4169158
1770210880611,3177.10,860.24,98811904,49594368,44186712,42.14,4170496
1770210880713,3177.38,860.38,98811904,49594368,44188688,42.14,4170496
1770210880812,3177.65,860.51,98811904,49594368,44190664,42.14,4170496
1770210880913,3187.89,863.01,99041280,49856512,42914656,40.93,4180026
1770210881015,3188.16,863.13,99041280,49856512,42916632,40.93,4180026
1770210881115,3193.11,865.19,99041280,49856512,43135744,41.14,4138559
1770210881216,3193.38,865.33,99041280,49856512,43137744,41.14,4138559
1770210881317,3193.59,865.43,99041280,49856512,43139720,41.14,4138559
1770210881418,3201.20,867.71,99041280,49856512,43358936,41.35,4148089
1770210881520,3201.49,867.86,99041280,49856512,43360936,41.35,4148089
1770210881621,3208.83,870.05,99041280,49856512,43752328,41.73,4149427
1770210881721,3209.13,870.21,99041280,49856512,43754328,41.73,4149427
1770210881822,3209.41,870.35,99041280,49856512,43756304,41.73,4149427
1770210881923,3214.67,872.36,99057664,49856512,43975104,41.94,4158957
1770210882024,3214.95,872.53,99057664,49856512,43977104,41.94,4158957
1770210882124,3217.96,874.52,99057664,49856512,44195048,42.15,4160295
1770210882225,3218.27,874.66,99057664,49856512,44197048,42.15,4160295
1770210882326,3218.57,874.78,99057664,49856512,44199024,42.15,4160295
1770210882427,3222.98,876.59,99057664,49856512,44417440,42.36,4169825
1770210882527,3223.26,876.71,99057664,49856512,44419440,42.36,4169825
1770210882628,3230.15,879.01,99106816,49856512,44645320,42.58,4171163
1770210882728,3230.43,879.14,99106816,49856512,44647320,42.58,4171163
1770210882829,3230.74,879.30,99123200,49856512,44649296,42.58,4171163
1770210882929,3235.58,881.92,99778560,54312960,43449200,41.44,4137892
1770210883031,3235.88,882.05,99778560,54312960,43451176,41.44,4137892
1770210883131,3247.39,884.33,99811328,54312960,43669792,41.65,4139230
1770210883233,3247.67,884.47,99811328,54312960,43671768,41.65,4139230
1770210883333,3247.96,884.57,99811328,54312960,43673744,41.65,4139230
1770210883435,3249.89,886.18,99811328,54312960,43891896,41.86,4148760
1770210883536,3250.21,886.33,99811328,54312960,43893872,41.86,4148760
1770210883637,3253.23,888.22,99811328,54312960,44111768,42.07,4150098
1770210883738,3253.47,888.37,99811328,54312960,44113744,42.07,4150098
1770210883838,3253.68,888.50,99811328,54312960,44115720,42.07,4150098
1770210883939,3256.02,890.24,99811328,54312960,44333888,42.28,4159628
1770210884040,3256.24,890.34,99811328,54312960,44335864,42.28,4159628
1770210884141,3259.11,892.54,99827712,54312960,44553832,42.49,4160966
1770210884243,3259.41,892.65,99827712,54312960,44555808,42.49,4160966
1770210884343,3259.67,892.76,99827712,54312960,44557784,42.49,4160966
1770210884445,3262.66,894.82,99827712,54312960,44775960,42.70,4170496
1770210884545,3262.94,894.94,99827712,54312960,44777936,42.70,4170496
1770210884646,3265.96,897.12,99827712,54312960,44995880,42.91,4171834
1770210884746,3266.26,897.26,99827712,54312960,44997880,42.91,4171834
1770210884847,3266.56,897.39,99827712,54312960,44999856,42.92,4171834
1770210884948,3269.75,899.46,100040704,54312960,45218096,43.12,4181364
1770210885049,3270.03,899.60,100040704,54312960,45220104,43.13,4181364
1770210885150,3273.06,901.72,100253696,54312960,45438048,43.33,4182702
1770210885251,3273.37,901.88,100253696,54312960,45440056,43.34,4182702
1770210885353,3273.62,902.03,100253696,54312960,45442040,43.34,4182702
1770210885454,3295.58,904.24,100499456,54312960,45702440,43.59,4192232
1770210885554,3295.86,904.34,100499456,54312960,45704448,43.59,4192232
1770210885655,3299.57,906.56,100696064,54312960,45920472,43.79,4193570
1770210885756,3299.81,906.67,100696064,54312960,45922480,43.80,4193570
1770210885859,3301.96,907.71,100827136,54312960,46032160,43.90,4202433
1770210885960,3325.90,908.74,100958208,54312960,46141000,44.00,4203100
1770210886060,3326.03,908.81,100958208,54312960,46143008,44.01,4203100
1770210886161,3329.29,911.04,101154816,54312960,46356160,44.21,4204438
1770210886263,3329.49,911.11,101154816,54312960,46358168,44.21,4204438
1770210886364,3331.58,912.40,101269504,54312960,46466440,44.31,4213301
1770210886465,3332.75,913.28,101384192,54312960,46573464,44.42,4213968
1770210886567,3333.01,913.39,101384192,54312960,46575472,44.42,4213968
1770210886667,3337.96,915.53,101875712,54575104,43901296,41.87,4215306
1770210886769,3338.24,915.64,101875712,54575104,43903304,41.87,4215306
1770210886869,3340.72,917.30,101875712,54575104,44116712,42.07,4146084
1770210886969,3340.93,917.38,101875712,54575104,44118696,42.07,4146084
1770210887069,3341.18,917.48,101875712,54575104,44120680,42.08,4146084
1770210887170,3344.50,919.60,101875712,54575104,44333824,42.28,4147422
1770210887270,3344.76,919.70,101875712,54575104,44335808,42.28,4147422
1770210887371,3348.18,921.71,101892096,54575104,44549176,42.49,4156952
1770210887471,3356.27,921.79,101892096,54575104,44556976,42.49,4156952
1770210887573,3356.54,921.94,101892096,54575104,44558960,42.49,4156952
1770210887673,3358.70,923.49,101892096,54575104,44769456,42.70,4158290
1770210887774,3358.92,923.58,101892096,54575104,44771440,42.70,4158290
1770210887874,3362.13,925.80,101892096,54575104,44982072,42.90,4167820
1770210887976,3362.31,925.88,101892096,54575104,44984056,42.90,4167820
1770210888076,3362.60,926.00,101892096,54575104,44986040,42.90,4167820
1770210888177,3367.22,927.82,101892096,54575104,45208864,43.11,4169158
1770210888278,3367.50,927.95,101892096,54575104,45210848,43.12,4169158
1770210888378,3370.32,929.77,101990400,54575104,45421608,43.32,4178688
1770210888480,3370.53,929.85,101990400,54575104,45423592,43.32,4178688
1770210888580,3370.78,929.96,101990400,54575104,45425576,43.32,4178688
1770210888682,3373.56,931.98,102187008,54575104,45636096,43.52,4180026
1770210888783,3373.85,932.10,102187008,54575104,45638080,43.52,4180026
1770210888883,3381.63,934.38,102383616,54575104,46068776,43.93,4189556
1770210888984,3381.82,934.44,102383616,54575104,46070784,43.94,4189556
1770210889086,3382.10,934.58,102400000,54575104,46072768,43.94,4189556
1770210889187,3386.28,936.45,102596608,54575104,46286720,44.14,4190894
1770210889288,3386.51,936.55,102596608,54575104,46288728,44.14,4190894
1770210889389,3388.77,938.28,102793216,54575104,46499208,44.35,4200424
1770210889490,3388.92,938.40,102793216,54575104,46501216,44.35,4200424
1770210889591,3389.04,938.47,102793216,54575104,46503200,44.35,4200424
1770210889692,3390.48,939.68,102973440,54575104,46714048,44.55,4201762
1770210889793,3390.65,939.75,102744064,54575104,46716056,44.55,4201762
1770210889894,3391.74,940.51,102940672,54575104,46926432,44.75,4211292
1770210889995,3391.88,940.57,102924288,54575104,46928440,44.75,4211292
1770210890097,3392.05,940.64,102924288,54575104,46930424,44.76,4211292
1770210890197,3393.92,942.11,103137280,54575104,47140568,44.96,4212630
1770210890299,3394.19,942.24,103137280,54575104,47142576,44.96,4212630
1770210890399,3395.95,943.62,103350272,54575104,47353080,45.16,4222160
1770210890501,3396.09,943.67,103350272,54575104,47355088,45.16,4222160
1770210890602,3396.25,943.77,103186432,54575104,47357072,45.16,4222160
1770210890703,3401.32,945.11,97173504,48021504,44663944,42.59,4223498
1770210890804,3401.41,945.15,97173504,48021504,44665944,42.60,4223498
1770210890906,3402.65,946.34,97173504,48021504,44876320,42.80,4146084
1770210891007,3402.79,946.39,97173504,48021504,44878296,42.80,4146084
1770210891107,3403.05,946.51,97173504,48021504,44880272,42.80,4146084
1770210891209,3419.12,948.92,97189888,48021504,45114864,43.02,4147422
1770210891310,3419.34,949.02,97189888,48021504,45116840,43.03,4147422
1770210891435,3524.55,961.56,120078336,76398592,62197640,59.32,4137225
1770210891536,3788.62,972.76,150290432,100990976,65466680,62.43,4128362
1770210891636,3788.70,972.82,150290432,100990976,65468696,62.44,4128362
1770210891737,3791.05,974.05,150290432,100990976,65694096,62.65,4129700
1770210891838,3791.28,974.16,150290432,100990976,65696112,62.65,4129700
1770210891939,3794.79,975.87,150290432,100990976,65906160,62.85,4139230
1770210892041,3795.03,975.98,150290432,100990976,65908176,62.85,4139230
1770210892141,3795.34,976.13,150290432,100990976,65910168,62.86,4139230
1770210892242,3799.35,978.28,150290432,100990976,66119960,63.06,4140568
1770210892343,3799.59,978.42,150290432,100990976,66121976,63.06,4140568
1770210892445,3800.74,979.48,150290432,100990976,66331952,63.26,4150098
1770210892546,3800.90,979.55,150290432,100990976,66333968,63.26,4150098
1770210892646,3801.15,979.68,150290432,100990976,66335960,63.26,4150098
1770210892748,3804.66,981.82,150290432,100990976,66694464,63.60,4151436
1770210892849,3804.97,982.00,150290432,100990976,66696480,63.61,4151436
1770210892950,3807.37,983.69,150290432,100990976,66906504,63.81,4160966
1770210893051,3807.55,983.78,150290432,100990976,66908520,63.81,4160966
1770210893152,3807.70,983.86,150290432,100990976,66910512,63.81,4160966
1770210893253,3810.40,985.65,150290432,100990976,67120272,64.01,4162304
1770210893353,3810.57,985.74,150290432,100990976,67122288,64.01,4162304
1770210893453,3812.78,987.41,150290432,100990976,67332320,64.21,4171834
1770210893554,3813.01,987.52,150290432,100990976,67334336,64.22,4171834
1770210893654,3813.19,987.59,150290432,100990976,67336328,64.22,4171834
1770210893755,3814.45,988.63,150290432,100990976,67546176,64.42,4173172
1770210893856,3814.59,988.69,150290432,100990976,67548192,64.42,4173172
1770210893958,3821.10,990.62,150306816,100990976,67758544,64.62,4182702
1770210894059,3821.34,990.73,150306816,100990976,67760560,64.62,4182702
1770210894161,3823.08,991.88,150306816,100990976,67866952,64.72,4183373
1770210894261,3824.34,992.87,150306816,100990976,67972288,64.82,4184040
1770210894362,3824.60,992.98,150306816,100990976,67974304,64.83,4184040
1770210894463,3827.81,995.20,150306816,100990976,68184720,65.03,4193570
1770210894564,3827.90,995.24,150306816,100990976,68186736,65.03,4193570
1770210894665,3829.66,996.43,150306816,100990976,68293120,65.13,4194241
1770210894765,3830.69,997.26,150306816,100990976,68398520,65.23,4194908
1770210894867,3830.93,997.39,150306816,100990976,68400536,65.23,4194908
1770210894967,3832.38,998.49,150306816,100990976,68610600,65.43,4204438
1770210895068,3832.54,998.59,150306816,100990976,68612616,65.43,4204438
1770210895167,3834.39,1000.12,150323200,100990976,68822408,65.63,4205776
1770210895269,3834.55,1000.17,150323200,100990976,68824432,65.64,4205776
1770210895369,3834.83,1000.30,150323200,100990976,68826432,65.64,4205776
1770210895469,3838.29,1002.50,150323200,100990976,69036464,65.84,4215306
1770210895570,3838.48,1002.59,150323200,100990976,69038488,65.84,4215306
1770210895670,3841.17,1004.35,150323200,100990976,69248248,66.04,4216644
1770210895771,3841.37,1004.42,150323200,100990976,69250272,66.04,4216644
1770210895873,3841.65,1004.54,150323200,100990976,69252272,66.04,4216644
1770210895973,3844.22,1006.38,150323200,100990976,69462264,66.24,4226174
1770210896075,3844.49,1006.52,150323200,100990976,69464288,66.25,4226174
1770210896175,3848.97,1008.29,150323200,100990976,69674464,66.45,4227512
1770210896276,3849.19,1008.38,150323200,100990976,69676488,66.45,4227512
1770210896378,3849.48,1008.56,150323200,100990976,69678488,66.45,4227512
1770210896478,3852.30,1010.46,150339584,100990976,69888584,66.65,4237042
1770210896579,3852.54,1010.60,150339584,100990976,69890608,66.65,4237042
1770210896680,3858.97,1012.80,150339584,100990976,70101264,66.85,4238380
1770210896781,3859.21,1012.92,150339584,100990976,70103288,66.86,4238380
1770210896882,3859.50,1013.11,150339584,100990976,70105288,66.86,4238380
1770210896982,3862.66,1015.09,150355968,100990976,70315288,67.06,4247910
1770210897084,3862.92,1015.21,150355968,100990976,70317312,67.06,4247910
1770210897184,3865.16,1017.15,150355968,100990976,70527064,67.26,4249248
1770210897285,3865.38,1017.24,150355968,100990976,70529088,67.26,4249248
1770210897387,3865.63,1017.38,150355968,100990976,70531088,67.26,4249248
1770210897488,3868.16,1019.43,150355968,100990976,70741056,67.46,4258778
1770210897588,3869.20,1019.56,150355968,100990976,70743352,67.47,4258778
1770210897689,3871.90,1021.57,150355968,100990976,70953088,67.67,4260116
1770210897790,3872.09,1021.68,150355968,100990976,70955112,67.67,4260116
1770210897891,3872.27,1021.75,150355968,100990976,70957112,67.67,4260116
1770210897993,3874.87,1023.58,150355968,100990976,71167104,67.87,4269646
1770210898093,3875.03,1023.68,150355968,100990976,71169128,67.87,4269646
1770210898195,3877.52,1025.37,150355968,100990976,71378848,68.07,4270984
1770210898296,3877.71,1025.49,150355968,100990976,71380872,68.07,4270984
1770210898396,3877.91,1025.57,150355968,100990976,71382872,68.08,4270984
1770210898497,3880.19,1027.25,150372352,100990976,71592816,68.28,4280514
1770210898597,3880.38,1027.32,150372352,100990976,71594840,68.28,4280514
1770210898698,3882.78,1029.19,150372352,100990976,71804688,68.48,4281852
1770210898800,3883.07,1029.31,150372352,100990976,71806712,68.48,4281852
1770210898900,3883.33,1029.46,150372352,100990976,71808712,68.48,4281852
1770210899001,3887.27,1031.52,150372352,100990976,72019192,68.68,4291382
1770210899102,3887.47,1031.61,150372352,100990976,72021216,68.68,4291382
1770210899203,3891.87,1033.68,150372352,100990976,72230816,68.88,4292720
1770210899303,3892.07,1033.78,150372352,100990976,72232840,68.89,4292720
1770210899404,3892.23,1033.88,150372352,100990976,72234840,68.89,4292720
1770210899505,3901.14,1035.99,150388736,100990976,72446400,69.09,4302250
1770210899607,3980.72,1047.21,108494848,58769408,41962976,40.02,4127024
1770210899707,3984.62,1048.80,108494848,58769408,42351304,40.39,4128362
1770210899808,3984.84,1048.87,108494848,58769408,42353312,40.39,4128362
1770210899910,3985.17,1049.01,108494848,58769408,42355296,40.39,4128362
1770210900010,3988.50,1051.10,108494848,58769408,42580784,40.61,4137892
1770210900111,3988.69,1051.16,108494848,58769408,42582792,40.61,4137892
1770210900212,4053.29,1059.77,95567872,46448640,42019752,40.07,4128362
1770210900313,4053.47,1059.86,95567872,46448640,42021800,40.08,4128362
1770210900414,4053.60,1059.94,95567872,46448640,42023776,40.08,4128362
1770210900514,4055.93,1061.62,95797248,46448640,42249432,40.29,4137892
1770210900615,4056.17,1061.73,95797248,46448640,42251432,40.29,4137892
1770210900717,4059.31,1063.74,96026624,46448640,42476720,40.51,4139230
1770210900817,4133.98,1067.28,95338496,45924352,41610808,39.68,4127024
1770210900918,4134.25,1067.35,95338496,45924352,41868032,39.93,4127024
1770210901020,4143.77,1069.47,95600640,45924352,42120000,40.17,4136554
1770210901120,4144.10,1069.68,95617024,45924352,42122000,40.17,4136554
1770210901221,4148.38,1071.92,95830016,45924352,42347216,40.39,4137892
1770210901323,4148.62,1072.02,95830016,45924352,42349216,40.39,4137892
1770210901423,4148.93,1072.16,95830016,45924352,42351192,40.39,4137892
1770210901525,4152.01,1074.24,96043008,45924352,42576528,40.60,4147422
1770210901625,4152.32,1074.37,96043008,45924352,42578528,40.61,4147422
1770210901727,4156.71,1076.55,96616448,49070080,41953064,40.01,4148760
1770210901827,4156.94,1076.63,96616448,49070080,41955064,40.01,4148760
1770210901928,4157.24,1076.76,96616448,49070080,41957040,40.01,4148760
1770210902028,4160.60,1078.71,96862208,49070080,42182352,40.23,4146751
1770210902130,4160.98,1078.86,96862208,49070080,42184352,40.23,4146751
1770210902230,4163.91,1081.06,97075200,49070080,42409416,40.44,4148089
1770210902331,4164.11,1081.14,97075200,49070080,42411416,40.45,4148089
1770210902431,4164.39,1081.29,97091584,49070080,42413392,40.45,4148089
1770210902533,4167.70,1083.45,97304576,49070080,42638696,40.66,4157619
1770210902634,4167.98,1083.56,97304576,49070080,42640696,40.67,4157619
1770210902736,4170.80,1085.63,97517568,49070080,42865696,40.88,4158957
1770210902835,4171.07,1085.74,97517568,49070080,42867696,40.88,4158957
1770210902937,4171.36,1085.89,97517568,49070080,42869672,40.88,4158957
1770210903038,4174.34,1087.95,97730560,49070080,43095016,41.10,4168487
1770210903140,4174.51,1088.04,97730560,49070080,43097016,41.10,4168487
1770210903241,4177.36,1089.97,97959936,49070080,43322080,41.32,4169825
1770210903341,4177.56,1090.05,97959936,49070080,43324080,41.32,4169825
1770210903443,4177.83,1090.16,97959936,49070080,43326056,41.32,4169825
1770210903544,4183.06,1092.30,98172928,49070080,42147592,40.20,4179355
1770210903645,4183.35,1092.40,98172928,49070080,42149592,40.20,4179355
1770210903747,4186.87,1094.37,98172928,49070080,42374640,40.41,4137892
1770210903848,4187.12,1094.50,98172928,49070080,42376696,40.41,4137892
1770210903950,4187.27,1094.59,98172928,49070080,42378672,40.42,4137892
1770210904050,4189.21,1095.94,98172928,49070080,42603896,40.63,4147422
1770210904151,4189.52,1096.09,98172928,49070080,42605872,40.63,4147422
1770210904253,4198.55,1098.18,98254848,49070080,42921496,40.93,4148760
1770210904354,4198.79,1098.29,98254848,49070080,42923472,40.94,4148760
1770210904454,4199.06,1098.39,98254848,49070080,42925448,40.94,4148760
1770210904555,4202.62,1100.52,98418688,49070080,43150664,41.15,4158290
1770210904656,4202.90,1100.65,98418688,49070080,43152664,41.15,4158290
1770210904757,4207.77,1102.69,98648064,49070080,43377784,41.37,4159628
1770210904858,4208.05,1102.78,98648064,49070080,43379784,41.37,4159628
1770210904960,4208.36,1102.94,98648064,49070080,43381760,41.37,4159628
1770210905060,4211.25,1104.53,98861056,49070080,43606600,41.59,4169158
1770210905161,4211.54,1104.68,98877440,49070080,43608600,41.59,4169158
1770210905263,4214.65,1106.72,99090432,49070080,43833232,41.80,4170496
1770210905362,4214.91,1106.83,99090432,49070080,43835232,41.80,4170496
1770210905464,4215.22,1106.97,99090432,49070080,43837208,41.81,4170496
1770210905565,4220.61,1109.04,99237888,49070080,42735224,40.76,4146084
1770210905665,4220.93,1109.18,99237888,49070080,42737224,40.76,4146084
1770210905766,4224.11,1111.04,99237888,49070080,42961824,40.97,4147422
1770210905868,4224.40,1111.15,99237888,49070080,42963800,40.97,4147422
1770210905968,4224.70,1111.28,99237888,49070080,42965776,40.98,4147422
1770210906070,4228.60,1113.28,99237888,49070080,43190552,41.19,4156952
1770210906171,4228.90,1113.43,99237888,49070080,43192552,41.19,4156952
1770210906273,4233.83,1115.64,99254272,49070080,43417288,41.41,4158290
1770210906372,4234.10,1115.78,99254272,49070080,43419264,41.41,4158290
1770210906474,4234.41,1115.91,99254272,49070080,43421240,41.41,4158290
1770210906575,4237.40,1117.73,99254272,49070080,43646024,41.62,4167820
1770210906676,4237.70,1117.89,99254272,49070080,43648024,41.63,4167820
1770210906777,4240.78,1119.69,99254272,49070080,43872608,41.84,4169158
1770210906878,4240.98,1119.77,99254272,49070080,43874584,41.84,4169158
1770210906979,4241.25,1119.91,99254272,49070080,43876560,41.84,4169158
1770210907080,4246.02,1122.10,99549184,49332224,42741640,40.76,4178688
1770210907181,4246.33,1122.26,99549184,49332224,42743640,40.76,4178688
1770210907282,4249.66,1124.27,99549184,49332224,42968200,40.98,4137892
1770210907384,4249.96,1124.43,99549184,49332224,42970176,40.98,4137892
1770210907483,4250.26,1124.56,99549184,49332224,42972152,40.98,4137892
1770210907585,4257.41,1126.58,99565568,49332224,43197640,41.20,4147422
1770210907686,4257.70,1126.74,99565568,49332224,43199616,41.20,4147422
1770210907788,4260.92,1128.75,99565568,49332224,43424216,41.41,4148760
1770210907889,4261.10,1128.81,99565568,49332224,43426192,41.41,4148760
1770210907989,4261.35,1128.93,99565568,49332224,43428168,41.42,4148760
1770210908090,4264.57,1130.92,99565568,49332224,43653008,41.63,4158290
1770210908192,4264.88,1131.08,99565568,49332224,43654984,41.63,4158290
1770210908292,4267.83,1133.05,99565568,49332224,43879568,41.85,4159628
1770210908394,4268.14,1133.21,99565568,49332224,43881544,41.85,4159628
1770210908497,4270.32,1134.15,99565568,49332224,43995544,41.96,4168491
1770210908599,4272.49,1134.84,99565568,49332224,44109224,42.07,4169158
1770210908699,4272.71,1134.97,99565568,49332224,44111200,42.07,4169158
1770210908801,4274.11,1135.82,99762176,49332224,42978488,40.99,4170496
1770210908901,4274.23,1135.87,99762176,49332224,42980464,40.99,4170496
1770210909002,4277.19,1137.74,99778560,49332224,43205296,41.20,4146084
1770210909102,4277.38,1137.82,99778560,49332224,43207272,41.21,4146084
1770210909203,4277.70,1137.99,99778560,49332224,43209248,41.21,4146084
1770210909305,4280.92,1139.90,99778560,49332224,43433824,41.42,4147422
1770210909411,4281.26,1140.06,99778560,49332224,43435800,41.42,4147422
1770210909512,4282.53,1141.08,99778560,49332224,43660624,41.64,4156952
1770210909613,4282.64,1141.12,99778560,49332224,43662600,41.64,4156952
1770210909715,4282.86,1141.25,99778560,49332224,43664576,41.64,4156952
1770210909815,4297.11,1143.43,99794944,49332224,43890112,41.86,4158290
1770210909917,4297.40,1143.59,99794944,49332224,43892088,41.86,4158290
1770210910018,4303.35,1145.54,99794944,49332224,44116720,42.07,4167820
1770210910120,4303.62,1145.65,99794944,49332224,44118696,42.07,4167820
1770210910221,4303.94,1145.81,99794944,49332224,44120672,42.08,4167820
1770210910322,4307.28,1147.87,99794944,49332224,44344928,42.29,4169158
1770210910424,4307.60,1148.05,99794944,49332224,44346904,42.29,4169158
1770210910524,4310.60,1149.89,99811328,49332224,44571344,42.51,4178688
1770210910625,4310.88,1150.03,99811328,49332224,44573320,42.51,4178688
1770210910726,4311.19,1150.19,99811328,49332224,44575296,42.51,4178688
1770210910827,4316.09,1152.34,100188160,49594368,43293312,41.29,4180026
1770210910928,4316.41,1152.51,100188160,49594368,43295320,41.29,4180026
1770210911029,4321.88,1154.55,100188160,49594368,43550128,41.53,4146751
1770210911130,4322.04,1154.62,100188160,49594368,43552112,41.53,4146751
1770210911231,4322.30,1154.73,100188160,49594368,43554096,41.54,4146751
1770210911333,4334.91,1156.94,100188160,49594368,43779144,41.75,4148089
1770210911432,4335.22,1157.10,100188160,49594368,43781128,41.75,4148089
1770210911533,4346.68,1159.40,100204544,49594368,44003208,41.96,4157619
1770210911634,4346.93,1159.51,100204544,49594368,44005192,41.97,4157619
1770210911734,4347.23,1159.68,100204544,49594368,44007176,41.97,4157619
1770210911836,4350.18,1161.55,100204544,49594368,44223824,42.18,4158957
1770210911937,4350.50,1161.69,100204544,49594368,44225808,42.18,4158957
1770210912038,4355.72,1163.72,100204544,49594368,44442208,42.38,4168487
1770210912139,4355.99,1163.82,100204544,49594368,44444192,42.39,4168487
1770210912240,4356.30,1163.95,100204544,49594368,44446176,42.39,4168487
1770210912341,4360.08,1166.24,100204544,49594368,44814448,42.74,4169825
1770210912443,4360.38,1166.39,100204544,49594368,44816432,42.74,4169825
1770210912542,4367.75,1168.47,100270080,49594368,45033880,42.95,4179355
1770210912644,4367.98,1168.56,100270080,49594368,45035864,42.95,4179355
1770210912743,4368.30,1168.72,100270080,49594368,45037848,42.95,4179355
1770210912844,4373.21,1171.36,100925440,54312960,43817464,41.79,4137892
1770210912944,4373.51,1171.50,100925440,54312960,43819448,41.79,4137892
1770210913046,4383.86,1173.54,100941824,54312960,44035896,42.00,4147422
1770210913147,4384.11,1173.64,100941824,54312960,44037880,42.00,4147422
1770210913248,4384.40,1173.77,100941824,54312960,44039864,42.00,4147422
1770210913349,4387.07,1175.58,100941824,54312960,44255728,42.21,4148760
1770210913451,4387.47,1175.77,100941824,54312960,44257712,42.21,4148760
1770210913551,4390.57,1177.87,100941824,54312960,44473752,42.41,4158290
1770210913651,4390.81,1177.98,100941824,54312960,44475736,42.42,4158290
1770210913753,4391.13,1178.14,100941824,54312960,44477720,42.42,4158290
1770210913853,4394.04,1179.98,100958208,54312960,44693544,42.62,4159628
1770210913952,4394.34,1180.14,100958208,54312960,44695528,42.62,4159628
1770210914053,4397.39,1181.98,100958208,54312960,44911648,42.83,4169158
1770210914155,4397.65,1182.08,100958208,54312960,44913632,42.83,4169158
1770210914255,4397.96,1182.22,100958208,54312960,44915616,42.83,4169158
1770210914356,4400.84,1184.12,100958208,54312960,45131456,43.04,4170496
1770210914458,4401.15,1184.29,100958208,54312960,45133440,43.04,4170496
1770210914558,4404.31,1186.34,100958208,54312960,45349480,43.25,4180026
1770210914660,4404.56,1186.45,100958208,54312960,45351464,43.25,4180026
1770210914760,4404.87,1186.61,100958208,54312960,45353448,43.25,4180026
1770210914861,4408.06,1188.80,101122048,54312960,45569256,43.46,4181364
1770210914963,4408.36,1188.98,101138432,54312960,45571264,43.46,4181364
1770210915062,4433.81,1191.13,101351424,54312960,45789408,43.67,4190894
1770210915164,4434.00,1191.22,101351424,54312960,45791416,43.67,4190894
1770210915264,4434.27,1191.37,101351424,54312960,45793400,43.67,4190894
1770210915365,4436.99,1193.19,101580800,54312960,46007264,43.88,4192232
1770210915466,4437.30,1193.35,101580800,54312960,46009272,43.88,4192232
1770210915566,4442.79,1195.20,101777408,54312960,46223696,44.08,4201762
1770210915668,4443.06,1195.32,101777408,54312960,46225704,44.08,4201762
1770210915768,4443.35,1195.48,101777408,54312960,46227688,44.09,4201762
1770210915869,4479.44,1197.83,102006784,54312960,46441728,44.29,4203100
1770210915970,4479.70,1197.93,102006784,54312960,46443736,44.29,4203100
1770210916072,4482.84,1200.07,102219776,54312960,46654728,44.49,4212630
1770210916172,4483.13,1200.22,102219776,54312960,46656736,44.50,4212630
1770210916274,4483.43,1200.36,102219776,54312960,46658720,44.50,4212630
1770210916374,4486.29,1202.35,102416384,54312960,46869632,44.70,4213968
1770210916476,4486.59,1202.50,102416384,54312960,46871640,44.70,4213968
1770210916576,4489.61,1204.49,102629376,54312960,47082656,44.90,4223498
1770210916678,4489.88,1204.65,102645760,54312960,47084664,44.90,4223498
1770210916778,4490.11,1204.79,102645760,54312960,47086648,44.91,4223498
1770210916879,4498.12,1206.72,102858752,54312960,47297632,45.11,4224836
1770210916980,4498.50,1206.89,102858752,54312960,47299640,45.11,4224836
1770210917082,4510.27,1210.76,98435072,48021504,44375544,42.32,4234366
1770210917181,4510.55,1210.90,98435072,48021504,44377040,42.32,4234366
1770210917282,4510.85,1211.07,98435072,48021504,44378512,42.32,4234366
1770210917382,4513.82,1213.07,98435072,48021504,44588928,42.52,4138559
1770210917484,4514.11,1213.22,98435072,48021504,44590424,42.52,4138559
1770210917584,4522.67,1215.22,98451456,48021504,44851264,42.77,4148089
1770210917686,4522.94,1215.35,98451456,48021504,44852736,42.77,4148089
1770210917786,4523.23,1215.51,98451456,48021504,44854208,42.78,4148089
1770210917887,4526.01,1217.48,98451456,48021504,45064288,42.98,4149427
1770210917989,4526.32,1217.64,98451456,48021504,45065784,42.98,4149427
1770210918089,4532.79,1220.38,97730560,48021504,44467424,42.41,4158957
1770210918191,4533.03,1220.49,97730560,48021504,44468896,42.41,4158957
1770210918291,4533.33,1220.65,97730560,48021504,44470368,42.41,4158957
1770210918392,4536.61,1222.86,97943552,48021504,44680464,42.61,4138559
1770210918493,4536.91,1223.06,97959936,48021504,44681936,42.61,4138559
1770210918594,4540.06,1225.02,98156544,48021504,44892256,42.81,4148089
1770210918696,4540.30,1225.13,98156544,48021504,44893728,42.81,4148089
1770210918796,4540.60,1225.28,98156544,48021504,44895200,42.82,4148089
1770210918898,4544.01,1227.53,98353152,48021504,45105264,43.02,4149427
1770210918998,4544.30,1227.69,98353152,48021504,45106736,43.02,4149427
1770210919098,4550.95,1229.83,99057664,51167232,44604384,42.54,4158957
1770210919199,4551.19,1229.95,99057664,51167232,44605856,42.54,4158957
1770210919301,4551.48,1230.10,99057664,51167232,44607328,42.54,4158957
1770210919403,4554.76,1232.23,99254272,51167232,44817432,42.74,4138559
1770210919502,4555.04,1232.40,99254272,51167232,44818904,42.74,4138559
1770210919603,4557.05,1233.99,99467264,51167232,45029208,42.94,4148089
1770210919705,4559.17,1234.34,99500032,51167232,45060560,42.97,4148097
1770210919805,4559.46,1234.51,99500032,51167232,45062056,42.97,4148097
1770210919907,4562.73,1236.45,99696640,51167232,45272152,43.17,4149435
1770210920008,4563.00,1236.61,99713024,51167232,45273648,43.18,4149435
1770210920110,4565.71,1238.61,99909632,51167232,45484000,43.38,4158965
1770210920211,4566.00,1238.76,99909632,51167232,45485496,43.38,4158965
1770210920312,4566.29,1238.91,99909632,51167232,45486952,43.38,4158965
1770210920413,4579.24,1241.09,100106240,51167232,45905344,43.78,4160303
1770210920515,4579.52,1241.23,100106240,51167232,45906848,43.78,4160303
1770210920615,4582.58,1243.37,100302848,51167232,46117160,43.98,4169833
1770210920717,4582.87,1243.53,100302848,51167232,46118664,43.98,4169833
1770210920818,4583.14,1243.66,100302848,51167232,46120144,43.98,4169833
1770210920920,4585.97,1245.65,100532224,51167232,46330232,44.18,4171171
1770210921020,4586.26,1245.81,100532224,51167232,46331736,44.19,4171171
1770210921121,4590.81,1248.21,100876288,51429376,45053352,42.97,4180701
1770210921221,4591.10,1248.37,100876288,51429376,45054856,42.97,4180701
1770210921322,4591.36,1248.55,100876288,51429376,45056336,42.97,4180701
1770210921421,4837.91,1265.88,139427840,96780288,65708976,62.66,4127691
1770210921522,4949.77,1267.94,147079168,97566720,76349944,72.81,4127691
1770210921623,4951.21,1269.36,147095552,97566720,76569408,73.02,4137221
1770210921724,4951.30,1269.42,147095552,97566720,76570912,73.02,4137221
1770210921825,4951.45,1269.48,147095552,97566720,76572392,73.03,4137221
1770210921926,4961.21,1271.97,148455424,99139584,63591368,60.65,4138559
1770210922028,4961.49,1272.14,148455424,99139584,63592872,60.65,4138559
1770210922129,4964.70,1274.27,148455424,99139584,63806880,60.85,4146747
1770210922230,4964.98,1274.43,148455424,99139584,63808384,60.85,4146747
1770210922332,4967.11,1275.57,148455424,99139584,63916536,60.96,4147416
1770210922433,4968.19,1276.39,148455424,99139584,64023608,61.06,4148081
1770210922532,4968.50,1276.57,148455424,99139584,64025112,61.06,4148081
1770210922633,4971.81,1278.76,148471808,99139584,64239176,61.26,4157607
1770210922735,4972.09,1278.87,148471808,99139584,64240680,61.26,4157607
1770210922837,4973.92,1280.15,148471808,99139584,64348776,61.37,4158276
1770210922938,4975.02,1280.98,148471808,99139584,64455872,61.47,4158941
1770210923039,4975.31,1281.14,148471808,99139584,64457376,61.47,4158941
1770210923140,4980.98,1283.07,148471808,99139584,64671536,61.68,4168467
1770210923241,4981.26,1283.23,148471808,99139584,64673040,61.68,4168467
1770210923342,4984.37,1285.37,148471808,99139584,64886864,61.88,4169801
1770210923442,4984.55,1285.44,148471808,99139584,64888368,61.88,4169801
1770210923543,4984.84,1285.61,148471808,99139584,64889848,61.88,4169801
1770210923645,4987.93,1287.72,148471808,99139584,65103864,62.09,4179327
1770210923745,4988.22,1287.88,148471808,99139584,65105368,62.09,4179327
1770210923846,4989.91,1289.46,148488192,99139584,65319128,62.29,4180661
1770210923947,4990.05,1289.51,148488192,99139584,65320632,62.29,4180661
1770210924049,4990.33,1289.67,148488192,99139584,65322112,62.30,4180661
1770210924149,4993.08,1291.68,148488192,99139584,65536200,62.50,4190187
1770210924251,4993.37,1291.84,148488192,99139584,65537704,62.50,4190187
1770210924351,4996.63,1293.79,148488192,99139584,65751504,62.71,4191521
1770210924452,4996.86,1293.91,148488192,99139584,65753008,62.71,4191521
1770210924553,4997.14,1294.07,148488192,99139584,65754488,62.71,4191521
1770210924655,5000.44,1296.20,148488192,99139584,65968488,62.91,4201049
1770210924755,5000.74,1296.36,148488192,99139584,65969992,62.91,4201049
1770210924856,5003.96,1298.63,148488192,99139584,66183736,63.12,4202385
1770210924957,5004.15,1298.71,148488192,99139584,66185240,63.12,4202385
1770210925059,5004.44,1298.86,148488192,99139584,66186720,63.12,4202385
1770210925160,5007.64,1300.59,148504576,99139584,66400792,63.32,4211913
1770210925261,5007.92,1300.74,148504576,99139584,66402296,63.33,4211913
1770210925363,5010.93,1302.88,148504576,99139584,66616008,63.53,4213249
1770210925464,5011.13,1302.96,148504576,99139584,66617512,63.53,4213249
1770210925565,5011.43,1303.12,148504576,99139584,66618992,63.53,4213249
1770210925667,5014.42,1305.26,148504576,99139584,66832976,63.74,4222777
1770210925768,5014.71,1305.41,148504576,99139584,66834480,63.74,4222777
1770210925869,5017.57,1307.39,148504576,99139584,67048352,63.94,4224113
1770210925971,5017.71,1307.48,148504576,99139584,67049856,63.94,4224113
1770210926072,5017.87,1307.55,148504576,99139584,67051336,63.95,4224113
1770210926173,5021.11,1309.61,148504576,99139584,67265344,64.15,4233641
1770210926275,5023.10,1309.72,148504576,99139584,67267088,64.15,4233641
1770210926377,5025.77,1311.66,148504576,99139584,67480896,64.35,4234977
1770210926477,5025.99,1311.78,148504576,99139584,67482400,64.36,4234977
1770210926578,5026.28,1311.93,148504576,99139584,67483880,64.36,4234977
1770210926680,5030.75,1313.90,148520960,99139584,67697712,64.56,4244505
1770210926780,5031.01,1314.05,148520960,99139584,67699216,64.56,4244505
1770210926882,5034.89,1315.98,148537344,99139584,67912640,64.77,4245841
1770210926981,5035.12,1316.11,148537344,99139584,67914144,64.77,4245841
1770210927082,5035.40,1316.28,148537344,99139584,67915624,64.77,4245841
1770210927184,5038.55,1318.33,148537344,99139584,68129304,64.97,4255369
1770210927284,5038.84,1318.48,148537344,99139584,68130808,64.97,4255369
1770210927386,5050.53,1320.64,148537344,99139584,68344336,65.18,4256705
1770210927486,5050.73,1320.73,148537344,99139584,68345840,65.18,4256705
1770210927587,5051.04,1320.88,148537344,99139584,68347320,65.18,4256705
1770210927688,5053.56,1323.02,148553728,99139584,68558320,65.38,4266233
1770210927788,5053.82,1323.15,148553728,99139584,68559824,65.38,4266233
1770210927889,5056.74,1325.09,148553728,99139584,68770544,65.58,4267569
1770210927990,5057.05,1325.22,148553728,99139584,68772048,65.59,4267569
1770210928091,5059.02,1325.38,148553728,99139584,68773752,65.59,4267569
1770210928193,5060.98,1326.86,148570112,99139584,68984664,65.79,4277097
1770210928293,5061.24,1327.02,148570112,99139584,68986168,65.79,4277097
1770210928395,5064.16,1329.13,148570112,99139584,69196880,65.99,4278433
1770210928495,5064.44,1329.28,148570112,99139584,69198384,65.99,4278433
1770210928596,5064.72,1329.44,148570112,99139584,69199864,65.99,4278433
1770210928698,5067.86,1331.50,148570112,99139584,69410792,66.20,4287961
1770210928798,5068.15,1331.67,148570112,99139584,69412296,66.20,4287961
1770210928899,5070.95,1333.62,148570112,99139584,69623024,66.40,4289297
1770210929001,5071.24,1333.78,148570112,99139584,69624528,66.40,4289297
1770210929101,5071.52,1333.93,148570112,99139584,69626008,66.40,4289297
1770210929202,5074.71,1335.96,148570112,99139584,69889464,66.65,4298825
1770210929304,5074.98,1336.12,148570112,99139584,69890968,66.65,4298825
1770210929404,5084.71,1338.18,148586496,99139584,70103424,66.86,4300161
1770210929504,5149.84,1341.77,148586496,56410112,42017496,40.07,4127024
1770210929605,5158.71,1346.90,107151360,56410112,42302160,40.34,4127024
1770210929706,5162.44,1348.91,107151360,56410112,42548752,40.58,4136552
1770210929807,5162.72,1349.06,107151360,56410112,42550256,40.58,4136552
1770210929908,5165.89,1351.17,107151360,56410112,42774376,40.79,4137888
1770210930009,5166.17,1351.32,107151360,56410112,42775880,40.79,4137888
1770210930109,5185.20,1352.11,107151360,56410112,42775888,40.79,4137888
1770210930210,5252.32,1359.41,95862784,46448640,42178784,40.22,4136552
1770210930311,5252.64,1359.60,95862784,46448640,42180280,40.23,4136552
1770210930412,5255.71,1361.76,96075776,46448640,42404320,40.44,4137888
1770210930514,5255.97,1361.89,96075776,46448640,42405816,40.44,4137888
1770210930614,5256.26,1362.06,96092160,46448640,42407288,40.44,4137888
1770210930716,5259.98,1364.34,96337920,46448640,42631672,40.66,4147416
1770210930816,5335.23,1368.10,95600640,45662208,41813312,39.88,4127024
1770210930917,5340.85,1370.27,95862784,45662208,42109488,40.16,4128360
1770210931017,5341.08,1370.35,95862784,45662208,42110984,40.16,4128360
1770210931118,5341.38,1370.51,95862784,45662208,42112456,40.16,4128360
1770210931219,5344.47,1372.55,96092160,45662208,42336792,40.38,4137888
1770210931320,5344.75,1372.70,96092160,45662208,42338288,40.38,4137888
1770210931421,5348.41,1374.91,96321536,45662208,42562400,40.59,4139224
1770210931522,5348.65,1375.03,96321536,45662208,42563896,40.59,4139224
1770210931624,5348.94,1375.18,96321536,45662208,42565368,40.59,4139224
1770210931724,5353.06,1377.54,96878592,48807936,41944504,40.00,4148752
1770210931825,5353.35,1377.70,96894976,48807936,41946000,40.00,4148752
1770210931926,5358.77,1379.88,97140736,49070080,42419952,40.45,4138554
1770210932026,5358.99,1379.98,97140736,49070080,42421448,40.46,4138554
1770210932128,5359.28,1380.15,97140736,49070080,42422920,40.46,4138554
1770210932227,5363.32,1382.32,97353728,49070080,42647128,40.67,4148082
1770210932329,5363.60,1382.46,97353728,49070080,42648624,40.67,4148082
1770210932429,5365.81,1384.22,97566720,49070080,42872616,40.89,4149418
1770210932531,5366.09,1384.39,97566720,49070080,42874112,40.89,4149418
1770210932631,5366.39,1384.56,97566720,49070080,42875584,40.89,4149418
1770210932732,5369.40,1386.49,97796096,49070080,43099744,41.10,4158946
1770210932834,5369.71,1386.66,97796096,49070080,43101240,41.10,4158946
1770210932935,5372.89,1388.83,98009088,49070080,43325208,41.32,4160282
1770210933035,5373.17,1388.97,98009088,49070080,43326704,41.32,4160282
1770210933136,5373.45,1389.14,98009088,49070080,43328176,41.32,4160282
1770210933238,5376.79,1391.29,98222080,49070080,43552376,41.53,4169810
1770210933338,5377.08,1391.45,98222080,49070080,43553872,41.54,4169810
1770210933438,5380.32,1393.54,98451456,49070080,43777808,41.75,4171146
1770210933540,5380.60,1393.69,98451456,49070080,43779304,41.75,4171146
1770210933641,5380.88,1393.85,98451456,49070080,43780776,41.75,4171146
1770210933742,5388.48,1396.09,98664448,49070080,42449440,40.48,4180674
1770210933843,5388.77,1396.25,98664448,49070080,42450936,40.48,4180674
1770210933944,5391.86,1398.30,98664448,49070080,42674192,40.70,4137888
1770210934046,5392.15,1398.44,98664448,49070080,42675664,40.70,4137888
1770210934146,5392.44,1398.60,98664448,49070080,42677136,40.70,4137888
1770210934247,5401.92,1400.74,98762752,49070080,42911320,40.92,4147416
1770210934348,5402.18,1400.89,98762752,49070080,42912816,40.92,4147416
1770210934449,5405.42,1402.81,98762752,49070080,43136000,41.14,4148752
1770210934551,5405.70,1402.97,98762752,49070080,43137472,41.14,4148752
1770210934652,5405.95,1403.09,98762752,49070080,43138944,41.14,4148752
1770210934752,5410.30,1405.17,98959360,49070080,43362520,41.35,4158280
1770210934854,5410.59,1405.34,98975744,49070080,43364016,41.36,4158280
1770210934954,5413.63,1407.31,99172352,49070080,43586880,41.57,4159616
1770210935054,5413.92,1407.46,99188736,49070080,43588376,41.57,4159616
1770210935156,5414.21,1407.62,99188736,49070080,43589848,41.57,4159616
1770210935257,5417.23,1409.68,99418112,49070080,43812920,41.78,4169144
1770210935357,5417.51,1409.83,99418112,49070080,43814416,41.78,4169144
1770210935458,5426.24,1411.84,99614720,49070080,44037592,42.00,4170480
1770210935560,5440.07,1412.07,99647488,49070080,44063568,42.02,4170480
1770210935662,5440.33,1412.24,99647488,49070080,44065008,42.02,4170480
1770210935762,5449.91,1415.31,99876864,49332224,42843504,40.86,4180008
1770210935864,5450.18,1415.47,99876864,49332224,42844968,40.86,4180008
1770210935966,5453.58,1417.73,99876864,49332224,43067056,41.07,4138554
1770210936066,5453.83,1417.87,99876864,49332224,43068496,41.07,4138554
1770210936167,5454.08,1418.00,99876864,49332224,43069936,41.07,4138554
1770210936268,5457.72,1420.42,99876864,49332224,43292240,41.29,4148082
1770210936370,5457.99,1420.58,99876864,49332224,43293680,41.29,4148082
1770210936470,5461.21,1422.68,99893248,49332224,43515808,41.50,4149418
1770210936571,5461.44,1422.81,99893248,49332224,43517248,41.50,4149418
1770210936672,5461.71,1422.96,99893248,49332224,43518688,41.50,4149418
1770210936773,5464.27,1424.69,99893248,49332224,43741064,41.71,4158946
1770210936875,5464.51,1424.85,99893248,49332224,43742504,41.72,4158946
1770210936975,5468.05,1427.47,99893248,49332224,43964728,41.93,4160282
1770210937076,5468.26,1427.59,99893248,49332224,43966168,41.93,4160282
1770210937178,5468.49,1427.70,99893248,49332224,43967608,41.93,4160282
1770210937278,5477.64,1430.34,100155392,49856512,42978448,40.99,4169810
1770210937380,5477.92,1430.50,100155392,49856512,42979896,40.99,4169810
1770210937480,5481.91,1432.60,100155392,49856512,43202040,41.20,4137888
1770210937581,5482.26,1432.80,100155392,49856512,43203488,41.20,4137888
1770210937683,5483.98,1433.99,100155392,49856512,43315968,41.31,4146750
1770210937783,5485.00,1434.76,100171776,49856512,43427248,41.42,4147416
1770210937885,5485.28,1434.93,100171776,49856512,43428696,41.42,4147416
1770210937985,5488.19,1436.92,100171776,49856512,43650976,41.63,4148752
1770210938087,5488.45,1437.08,100171776,49856512,43652448,41.63,4148752
1770210938187,5490.46,1438.24,100171776,49856512,43764984,41.74,4157614
1770210938287,5491.49,1438.96,100171776,49856512,43876264,41.84,4158280
1770210938389,5491.75,1439.12,100171776,49856512,43877712,41.85,4158280
1770210938489,5494.78,1441.15,100171776,49856512,44099864,42.06,4159616
1770210938590,5495.05,1441.30,100171776,49856512,44101312,42.06,4159616
1770210938690,5497.18,1442.36,100171776,49856512,44213792,42.17,4168478
1770210938790,5498.15,1443.08,100171776,49856512,44325072,42.27,4169144
1770210938891,5498.31,1443.16,100171776,49856512,44326520,42.27,4169144
1770210938991,5502.86,1445.45,100384768,49856512,43205536,41.20,4170480
1770210939092,5503.13,1445.62,100384768,49856512,43206984,41.21,4170480
1770210939194,5505.38,1446.81,100384768,49856512,43319464,41.31,4145414
1770210939295,5506.37,1447.69,100384768,49856512,43430776,41.42,4146080
1770210939396,5506.64,1447.86,100384768,49856512,43432248,41.42,4146080
1770210939498,5509.80,1449.81,100401152,49856512,43654384,41.63,4147416
1770210939599,5510.07,1449.95,100401152,49856512,43655832,41.63,4147416
1770210939699,5514.64,1451.91,100401152,49856512,43878712,41.85,4156944
1770210939801,5514.79,1451.98,100401152,49856512,43880184,41.85,4156944
1770210939901,5515.07,1452.14,100401152,49856512,43881632,41.85,4156944
1770210940003,5521.75,1454.30,100401152,49856512,44103768,42.06,4158280
1770210940102,5522.02,1454.46,100401152,49856512,44105216,42.06,4158280
1770210940203,5525.02,1456.57,100401152,49856512,44327408,42.27,4167808
1770210940304,5525.19,1456.65,100401152,49856512,44328880,42.28,4167808
1770210940405,5525.46,1456.82,100401152,49856512,44330328,42.28,4167808
1770210940507,5528.61,1458.68,100401152,49856512,44552384,42.49,4169144
1770210940606,5528.82,1458.79,100401152,49856512,44553832,42.49,4169144
1770210940707,5536.03,1460.74,100417536,49856512,44776088,42.70,4178672
1770210940808,5536.19,1460.82,100417536,49856512,44777560,42.70,4178672
1770210940909,5536.44,1460.95,100417536,49856512,44779008,42.70,4178672
1770210941010,5541.86,1462.64,100646912,49856512,43503464,41.49,4180008
1770210941111,5542.12,1462.80,100646912,49856512,43504912,41.49,4180008
1770210941212,5551.49,1465.02,100646912,49856512,43721904,41.70,4146746
1770210941313,5553.92,1465.14,100663296,49856512,43730632,41.70,4146746
1770210941413,5554.17,1465.27,100663296,49856512,43732080,41.71,4146746
1770210941514,5560.62,1467.30,100663296,49856512,43946536,41.91,4148082
1770210941615,5560.88,1467.44,100663296,49856512,43947984,41.91,4148082
1770210941716,5563.93,1469.50,100663296,49856512,44162040,42.12,4157610
1770210941815,5564.10,1469.58,100663296,49856512,44163512,42.12,4157610
1770210941917,5564.38,1469.74,100663296,49856512,44164960,42.12,4157610
1770210942017,5567.38,1471.67,100663296,49856512,44378776,42.32,4158946
1770210942119,5567.65,1471.82,100663296,49856512,44380224,42.32,4158946
1770210942218,5570.64,1473.75,100663296,49856512,44606184,42.54,4168474
1770210942319,5570.79,1473.84,100663296,49856512,44607656,42.54,4168474
1770210942419,5571.07,1473.97,100663296,49856512,44609104,42.54,4168474
1770210942521,5578.03,1476.05,100663296,49856512,44829736,42.75,4169810
1770210942621,5578.29,1476.20,100663296,49856512,44831184,42.75,4169810
1770210942721,5582.43,1478.37,100712448,50118656,45300352,43.20,4179338
1770210942822,5582.60,1478.45,100712448,50118656,45301824,43.20,4179338
1770210942924,5582.87,1478.60,100712448,50118656,45303272,43.20,4179338
1770210943025,5587.78,1480.98,101285888,54837248,44100896,42.06,4180674
1770210943126,5588.03,1481.09,101285888,54837248,44102344,42.06,4180674
1770210943227,5597.38,1483.15,101285888,54837248,44316552,42.26,4146746
1770210943328,5597.54,1483.24,101285888,54837248,44318000,42.26,4146746
1770210943429,5597.82,1483.41,101285888,54837248,44319448,42.27,4146746
1770210943531,5600.95,1485.51,101285888,54837248,44533400,42.47,4148082
1770210943631,5601.21,1485.67,101285888,54837248,44534848,42.47,4148082
1770210943731,5605.17,1487.80,101302272,54837248,44749104,42.68,4157610
1770210943831,5605.36,1487.90,101302272,54837248,44750552,42.68,4157610
1770210943932,5605.64,1488.07,101302272,54837248,44752000,42.68,4157610
1770210944034,5616.69,1490.41,101302272,54837248,44986696,42.90,4158946
1770210944135,5616.95,1490.56,101302272,54837248,44988144,42.90,4158946
1770210944236,5620.31,1492.51,101302272,54837248,45201896,43.11,4168474
1770210944338,5620.52,1492.59,101302272,54837248,45203344,43.11,4168474
1770210944438,5620.80,1492.74,101302272,54837248,45204792,43.11,4168474
1770210944539,5623.99,1494.93,101302272,54837248,45418280,43.31,4169810
1770210944641,5624.26,1495.08,101302272,54837248,45419728,43.32,4169810
1770210944742,5627.86,1497.12,101318656,54837248,45633440,43.52,4179338
1770210944843,5628.04,1497.21,101318656,54837248,45634888,43.52,4179338
1770210944943,5628.31,1497.36,101318656,54837248,45636336,43.52,4179338
1770210945044,5631.21,1499.33,101416960,54837248,45849872,43.73,4180674
1770210945146,5631.44,1499.45,101416960,54837248,45851320,43.73,4180674
1770210945247,5646.47,1501.65,101613568,54837248,46065112,43.93,4190202
1770210945347,5655.33,1501.77,101646336,54837248,46068224,43.93,4190202
1770210945448,5655.51,1501.87,101646336,54837248,46069672,43.94,4190202
1770210945550,5658.33,1503.94,101842944,54837248,46281488,44.14,4191538
1770210945651,5658.59,1504.08,101842944,54837248,46282960,44.14,4191538
1770210945752,5682.01,1506.35,102055936,54837248,46495096,44.34,4201066
1770210945854,5693.30,1506.58,102072320,54837248,46552584,44.40,4201066
1770210945954,5693.56,1506.74,102072320,54837248,46554032,44.40,4201066
1770210946055,5696.63,1508.82,102268928,54837248,46763216,44.60,4202402
1770210946156,5696.91,1508.97,102268928,54837248,46764688,44.60,4202402
1770210946258,5700.27,1511.25,102481920,54837248,46973920,44.80,4211930
1770210946359,5700.46,1511.35,102481920,54837248,46975392,44.80,4211930
1770210946460,5700.74,1511.51,102481920,54837248,46976840,44.80,4211930
1770210946560,5709.07,1513.80,102694912,54837248,47186120,45.00,4213266
1770210946661,5709.34,1513.98,102694912,54837248,47187592,45.00,4213266
1770210946762,5712.41,1516.14,102891520,54837248,47396888,45.20,4222794
1770210946864,5712.62,1516.26,102891520,54837248,47398360,45.20,4222794
1770210946964,5712.89,1516.42,102891520,54837248,47399808,45.20,4222794
1770210947066,5715.89,1518.65,103104512,54837248,47608896,45.40,4224130
1770210947166,5716.16,1518.81,103104512,54837248,47610368,45.40,4224130
1770210947267,5721.38,1522.91,98779136,48807936,44724640,42.65,4233660
1770210947369,5721.57,1523.00,98779136,48807936,44726104,42.65,4233660
1770210947469,5721.81,1523.14,98779136,48807936,44727544,42.66,4233660
1770210947571,5724.60,1525.18,98795520,48807936,44936640,42.85,4137890
1770210947672,5724.87,1525.36,98795520,48807936,44938104,42.86,4137890
1770210947773,5727.57,1527.34,98795520,48807936,45147328,43.06,4147420
1770210947875,5727.83,1527.49,98795520,48807936,45148792,43.06,4147420
1770210947975,5728.10,1527.64,98795520,48807936,45150232,43.06,4147420
1770210948076,5733.01,1529.98,98795520,48807936,45359464,43.26,4148758
1770210948178,5733.27,1530.13,98795520,48807936,45360928,43.26,4148758
1770210948280,5738.07,1532.67,97959936,48283648,44754224,42.68,4158288
1770210948380,5738.36,1532.82,97959936,48283648,44755688,42.68,4158288
1770210948482,5738.63,1532.97,97959936,48283648,44757128,42.68,4158288
1770210948581,5741.83,1535.31,98156544,48283648,44966128,42.88,4138557
1770210948683,5742.10,1535.47,98156544,48283648,44967592,42.88,4138557
1770210948784,5745.11,1537.54,98353152,48283648,45176856,43.08,4148087
1770210948884,5745.38,1537.69,98353152,48283648,45178320,43.09,4148087
1770210948985,5745.65,1537.88,98369536,48283648,45179760,43.09,4148087
1770210949086,5751.02,1540.16,98582528,48283648,45389248,43.29,4149425
1770210949186,5751.29,1540.31,98582528,48283648,45390712,43.29,4149425
1770210949288,5754.48,1542.46,98779136,48283648,45599976,43.49,4158955
1770210949388,5754.73,1542.61,98795520,48283648,45601440,43.49,4158955
1770210949489,5755.01,1542.76,98795520,48283648,45602880,43.49,4158955
1770210949590,5759.05,1544.71,99467264,51429376,45111160,43.02,4137890
1770210949691,5759.47,1544.88,99467264,51429376,45112872,43.02,4137890
1770210949792,5762.13,1546.94,99663872,51429376,45322336,43.22,4147420
1770210949893,5762.38,1547.07,99663872,51429376,45323776,43.22,4147420
1770210949993,5762.66,1547.23,99663872,51429376,45325216,43.23,4147420
1770210950093,5765.73,1549.31,99860480,51429376,45534232,43.42,4148758
1770210950195,5766.03,1549.48,99860480,51429376,45535672,43.43,4148758
1770210950295,5777.83,1551.45,100089856,51429376,45746384,43.63,4158288
1770210950396,5778.01,1551.54,100089856,51429376,45747832,43.63,4158288
1770210950498,5778.29,1551.71,100089856,51429376,45749280,43.63,4158288
1770210950598,5781.52,1554.04,100286464,51429376,45958336,43.83,4159626
1770210950699,5781.79,1554.19,100302848,51429376,45959808,43.83,4159626
1770210950799,5784.86,1556.32,100499456,51429376,46169128,44.03,4169156
1770210950901,5785.06,1556.42,100499456,51429376,46170600,44.03,4169156
1770210951001,5785.34,1556.59,100499456,51429376,46172048,44.03,4169156
1770210951101,5788.40,1558.77,100696064,51429376,46381152,44.23,4170494
1770210951202,5788.67,1558.95,100696064,51429376,46382624,44.23,4170494
1770210951302,5804.06,1561.14,100909056,51429376,46592608,44.43,4180024
1770210951404,5804.29,1561.26,100909056,51429376,46594080,44.44,4180024
1770210951504,5804.56,1561.43,100909056,51429376,46595528,44.44,4180024
1770210951604,6001.96,1577.03,139051008,97566720,66229496,63.16,4137890
1770210951706,6143.25,1579.86,148013056,97566720,75565936,72.07,4127691
1770210951806,6145.20,1580.95,148013056,97566720,75779288,72.27,4137221
1770210951907,6145.32,1581.01,148013056,97566720,75780760,72.27,4137221
1770210952009,6145.56,1581.19,148013056,97566720,75782208,72.27,4137221
1770210952109,6148.46,1583.37,148013056,97566720,75994720,72.47,4138559
1770210952210,6148.74,1583.53,148013056,97566720,75996192,72.48,4138559
1770210952311,6151.88,1585.73,148013056,97566720,76208928,72.68,4148089
1770210952412,6152.14,1585.88,148013056,97566720,76210400,72.68,4148089
1770210952513,6152.43,1586.03,148013056,97566720,76211848,72.68,4148089
1770210952615,6161.08,1589.12,149176320,99401728,63662536,60.71,4149427
1770210952716,6161.35,1589.28,149176320,99401728,63664008,60.71,4149427
1770210952817,6164.16,1591.19,149176320,99401728,63876704,60.92,4146751
1770210952919,6164.47,1591.34,149176320,99401728,63878176,60.92,4146751
1770210953020,6164.77,1591.55,149176320,99401728,63879624,60.92,4146751
1770210953121,6168.32,1593.86,149176320,99401728,64092104,61.12,4148089
1770210953223,6168.61,1594.04,149176320,99401728,64093552,61.12,4148089
1770210953322,6173.95,1596.20,149176320,99401728,64306384,61.33,4157619
1770210953424,6174.23,1596.36,149176320,99401728,64307856,61.33,4157619
1770210953525,6174.50,1596.52,149176320,99401728,64309304,61.33,4157619
1770210953625,6177.62,1598.84,149192704,99401728,64653280,61.66,4158957
1770210953726,6177.85,1598.92,149192704,99401728,64654752,61.66,4158957
1770210953827,6184.30,1601.05,149192704,99401728,64872832,61.87,4168487
1770210953928,6184.55,1601.19,149192704,99401728,64874304,61.87,4168487
1770210954030,6184.81,1601.33,149192704,99401728,64875752,61.87,4168487
1770210954130,6187.93,1603.57,149192704,99401728,65088432,62.07,4169825
1770210954231,6188.20,1603.73,149192704,99401728,65089904,62.07,4169825
1770210954332,6191.38,1605.84,149192704,99401728,65302600,62.28,4179355
1770210954434,6191.66,1605.99,149192704,99401728,65304072,62.28,4179355
1770210954534,6191.94,1606.15,149192704,99401728,65305520,62.28,4179355
1770210954635,6194.96,1608.27,149209088,99401728,65518112,62.48,4180693
1770210954737,6195.24,1608.43,149209088,99401728,65519584,62.48,4180693
1770210954837,6198.30,1610.35,149209088,99401728,65732304,62.69,4190223
1770210954939,6198.57,1610.50,149209088,99401728,65733776,62.69,4190223
1770210955040,6198.83,1610.65,149209088,99401728,65735224,62.69,4190223
1770210955142,6201.81,1612.44,149209088,99401728,65947648,62.89,4191561
1770210955241,6202.09,1612.61,149209088,99401728,65949120,62.89,4191561
1770210955342,6205.31,1614.88,149209088,99401728,66161776,63.10,4201091
1770210955444,6205.59,1615.02,149209088,99401728,66163248,63.10,4201091
1770210955544,6205.88,1615.18,149209088,99401728,66164696,63.10,4201091
1770210955646,6208.86,1617.30,149209088,99401728,66377208,63.30,4202429
1770210955746,6209.14,1617.46,149209088,99401728,66378680,63.30,4202429
1770210955847,6211.92,1619.78,149209088,99401728,66591400,63.51,4211959
1770210955947,6212.09,1619.85,149209088,99401728,66592872,63.51,4211959
1770210956048,6212.24,1619.93,149209088,99401728,66594320,63.51,4211959
1770210956149,6216.90,1621.72,149225472,99401728,66807056,63.71,4213297
1770210956251,6217.16,1621.90,149225472,99401728,66808528,63.71,4213297
1770210956351,6219.91,1624.00,149225472,99401728,67021328,63.92,4222827
1770210956452,6220.17,1624.13,149225472,99401728,67022800,63.92,4222827
1770210956554,6220.44,1624.29,149225472,99401728,67024248,63.92,4222827
1770210956655,6226.76,1626.52,149225472,99401728,67236864,64.12,4224165
1770210956757,6227.02,1626.63,149225472,99401728,67238336,64.12,4224165
1770210956857,6230.78,1629.04,149241856,99401728,67451024,64.33,4233695
1770210956959,6231.01,1629.20,149241856,99401728,67452496,64.33,4233695
1770210957059,6231.17,1629.31,149241856,99401728,67453944,64.33,4233695
1770210957160,6233.54,1631.53,149241856,99401728,67666048,64.53,4235033
1770210957261,6233.80,1631.67,149241856,99401728,67667520,64.53,4235033
1770210957362,6237.78,1634.00,149241856,99401728,67879808,64.74,4244563
1770210957464,6238.02,1634.12,149241856,99401728,67881280,64.74,4244563
1770210957567,6240.11,1635.42,149241856,99401728,67988576,64.84,4245234
1770210957668,6249.03,1636.32,149258240,99401728,68108152,64.95,4245901
1770210957769,6249.30,1636.51,149258240,99401728,68109624,64.95,4245901
1770210957869,6252.43,1638.79,149258240,99401728,68319312,65.15,4255431
1770210957970,6252.67,1638.92,149258240,99401728,68320784,65.16,4255431
1770210958071,6254.69,1640.16,149258240,99401728,68426744,65.26,4256102
1770210958171,6255.79,1641.07,149258240,99401728,68531656,65.36,4256769
1770210958272,6256.07,1641.23,149258240,99401728,68533128,65.36,4256769
1770210958373,6261.10,1643.45,149274624,99401728,68743448,65.56,4266299
1770210958474,6261.36,1643.59,149274624,99401728,68744920,65.56,4266299
1770210958573,6266.83,1644.91,149274624,99401728,68850808,65.66,4266970
1770210958674,6271.41,1645.77,149274624,99401728,68956144,65.76,4267637
1770210958775,6271.70,1645.95,149274624,99401728,68957616,65.76,4267637
1770210958875,6276.19,1648.03,149274624,99401728,69166904,65.96,4277167
1770210958976,6276.45,1648.19,149274624,99401728,69168376,65.96,4277167
1770210959077,6278.26,1649.37,149291008,99401728,69274152,66.06,4277838
1770210959178,6279.24,1650.26,149291008,99401728,69378920,66.16,4278505
1770210959278,6279.49,1650.39,149291008,99401728,69380392,66.17,4278505
1770210959380,6289.09,1652.44,149291008,99401728,69601120,66.38,4288035
1770210959480,6289.33,1652.60,149291008,99401728,69602592,66.38,4288035
1770210959582,6291.52,1654.08,149291008,99401728,69708304,66.48,4288706
1770210959682,6292.59,1654.96,149291008,99401728,69813152,66.58,4289373
1770210959783,6372.21,1666.47,108937216,58245120,42240648,40.28,4127024
1770210959884,6376.22,1667.98,108937216,58245120,42729344,40.75,4136554
1770210959985,6376.48,1668.14,108937216,58245120,42730816,40.75,4136554
1770210960085,6378.33,1669.24,108937216,58245120,42843816,40.86,4137225
1770210960186,6379.48,1669.95,108937216,58245120,42955792,40.97,4137892
1770210960287,6379.74,1670.13,108937216,58245120,42957264,40.97,4137892
1770210960388,6464.12,1678.84,96321536,46186496,42256928,40.30,4136554
1770210960490,6464.35,1678.95,96321536,46186496,42258440,40.30,4136554
1770210960590,6467.15,1680.94,96534528,46186496,42481960,40.51,4137892
1770210960691,6467.31,1681.02,96534528,46186496,42483424,40.52,4137892
1770210960793,6467.58,1681.18,96534528,46186496,42484864,40.52,4137892
1770210960892,6475.59,1682.99,96763904,46186496,42712992,40.73,4147422
1770210960993,6555.13,1686.38,96059392,45924352,42006496,40.06,4127024
1770210961093,6558.69,1687.39,96206848,45924352,42183888,40.23,4127695
1770210961194,6559.80,1688.05,96305152,45924352,42295904,40.34,4128362
1770210961296,6560.07,1688.21,96305152,45924352,42297368,40.34,4128362
1770210961396,6567.14,1690.45,96550912,45924352,42571976,40.60,4137892
1770210961498,6567.40,1690.61,96550912,45924352,42573440,40.60,4137892
1770210961598,6570.80,1692.68,96780288,45924352,42797000,40.81,4139230
1770210961699,6570.96,1692.75,96780288,45924352,42798464,40.82,4139230
1770210961799,6571.23,1692.93,96796672,45924352,42799904,40.82,4139230
1770210961901,6587.53,1695.22,97337344,49070080,42154088,40.20,4148760
1770210962001,6587.79,1695.37,97337344,49070080,42155552,40.20,4148760
1770210962102,6594.50,1697.67,97583104,49070080,42576520,40.60,4138559
1770210962203,6595.50,1697.77,97583104,49070080,42577984,40.61,4138559
1770210962305,6595.77,1697.94,97583104,49070080,42579424,40.61,4138559
1770210962405,6599.30,1700.13,97796096,49070080,42803280,40.82,4148089
1770210962506,6599.53,1700.29,97796096,49070080,42804744,40.82,4148089
1770210962606,6604.42,1702.51,98009088,49070080,43028400,41.04,4149427
1770210962707,6604.57,1702.58,98009088,49070080,43029864,41.04,4149427
1770210962809,6604.84,1702.75,98009088,49070080,43031304,41.04,4149427
1770210962910,6607.91,1704.81,98222080,49070080,43254824,41.25,4158957
1770210963009,6608.19,1704.96,98222080,49070080,43256288,41.25,4158957
1770210963110,6611.10,1707.02,98451456,49070080,43479592,41.47,4160295
1770210963210,6611.27,1707.10,98451456,49070080,43481056,41.47,4160295
1770210963311,6611.49,1707.25,98467840,49070080,43482496,41.47,4160295
1770210963412,6614.13,1709.09,98664448,49070080,43706064,41.68,4169825
1770210963514,6614.33,1709.21,98680832,49070080,43707528,41.68,4169825
1770210963614,6617.64,1711.32,98893824,49070080,43930824,41.90,4171163
1770210963715,6617.80,1711.40,98893824,49070080,43932288,41.90,4171163
1770210963816,6618.08,1711.56,98893824,49070080,43933728,41.90,4171163
1770210963917,6623.26,1713.86,99106816,49070080,42650904,40.68,4180693
1770210964018,6623.52,1714.00,99106816,49070080,42652368,40.68,4180693
1770210964119,6627.68,1715.99,99188736,49070080,42875840,40.89,4137892
1770210964220,6627.83,1716.06,99188736,49070080,42877280,40.89,4137892
1770210964321,6628.10,1716.22,99188736,49070080,42878720,40.89,4137892
1770210964422,6635.06,1717.89,99221504,49070080,43102648,41.11,4147422
1770210964524,6635.28,1718.02,99221504,49070080,43104112,41.11,4147422
1770210964624,6638.11,1719.98,99221504,49070080,43327352,41.32,4148760
1770210964723,6638.29,1720.06,99221504,49070080,43328792,41.32,4148760
1770210964824,6638.57,1720.22,99221504,49070080,43330232,41.32,4148760
1770210964925,6643.04,1722.17,99450880,49070080,43553752,41.54,4158290
1770210965026,6643.31,1722.32,99450880,49070080,43555216,41.54,4158290
1770210965127,6646.61,1724.43,99663872,49070080,43778032,41.75,4159628
1770210965228,6646.77,1724.51,99663872,49070080,43779496,41.75,4159628
1770210965330,6647.04,1724.66,99663872,49070080,43780936,41.75,4159628
1770210965431,6650.11,1726.60,99893248,49070080,44004016,41.97,4169158
1770210965532,6650.38,1726.77,99893248,49070080,44005480,41.97,4169158
1770210965632,6653.67,1728.74,100106240,49070080,44228352,42.18,4170496
1770210965734,6653.86,1728.85,100106240,49070080,44229824,42.18,4170496
1770210965834,6654.14,1729.00,100106240,49070080,44231272,42.18,4170496
1770210965936,6659.55,1730.87,100368384,49332224,42986112,40.99,4180026
1770210966036,6659.83,1731.02,100368384,49332224,42987584,41.00,4180026
1770210966137,6663.41,1733.24,100368384,49332224,43210488,41.21,4138559
1770210966238,6663.64,1733.35,100368384,49332224,43211936,41.21,4138559
1770210966338,6663.92,1733.52,100368384,49332224,43213384,41.21,4138559
1770210966438,6668.56,1735.63,100368384,49332224,43436712,41.42,4148089
1770210966540,6668.84,1735.78,100368384,49332224,43438160,41.43,4148089
1770210966639,6672.13,1737.83,100368384,49332224,43661088,41.64,4149427
1770210966741,6672.38,1738.01,100368384,49332224,43662536,41.64,4149427
1770210966841,6672.65,1738.17,100368384,49332224,43663984,41.64,4149427
1770210966942,6675.87,1740.14,100384768,49332224,43887488,41.85,4158957
1770210967043,6676.14,1740.25,100384768,49332224,43888936,41.86,4158957
1770210967144,6679.33,1742.16,100384768,49332224,44111840,42.07,4160295
1770210967246,6679.56,1742.27,100384768,49332224,44113288,42.07,4160295
1770210967346,6679.80,1742.42,100384768,49332224,44114736,42.07,4160295
1770210967448,6687.16,1744.49,100384768,49332224,44339176,42.29,4169825
1770210967549,6687.43,1744.65,100384768,49332224,44340624,42.29,4169825
1770210967650,6692.59,1747.11,100630528,49594368,43134968,41.14,4171163
1770210967751,6692.82,1747.23,100630528,49594368,43136416,41.14,4171163
1770210967852,6693.10,1747.40,100630528,49594368,43137864,41.14,4171163
1770210967954,6696.52,1749.54,100630528,49594368,43361272,41.35,4146084
1770210968054,6696.79,1749.70,100630528,49594368,43362744,41.35,4146084
1770210968156,6700.53,1751.95,100630528,49594368,43585552,41.57,4147422
1770210968256,6700.71,1752.06,100646912,49594368,43587000,41.57,4147422
1770210968356,6700.97,1752.21,100646912,49594368,43588448,41.57,4147422
1770210968457,6704.61,1754.31,100646912,49594368,43811528,41.78,4156952
1770210968558,6704.88,1754.44,100646912,49594368,43813000,41.78,4156952
1770210968660,6706.80,1755.78,100646912,49594368,44035808,42.00,4158290
1770210968761,6706.90,1755.84,100646912,49594368,44037256,42.00,4158290
1770210968862,6707.05,1755.93,100646912,49594368,44038704,42.00,4158290
1770210968962,6708.23,1756.96,100646912,49594368,44261808,42.21,4167820
1770210969064,6708.42,1757.07,100646912,49594368,44263280,42.21,4167820
1770210969164,6711.44,1759.01,100646912,49594368,44486152,42.43,4169158
1770210969265,6711.62,1759.11,100646912,49594368,44487600,42.43,4169158
1770210969365,6711.90,1759.27,100646912,49594368,44489048,42.43,4169158
1770210969466,6716.91,1762.04,97796096,46972928,43456720,41.44,4137221
1770210969567,6717.19,1762.18,97796096,46972928,43458184,41.44,4137221
1770210969668,6720.35,1764.18,97796096,46972928,43681192,41.66,4138559
1770210969769,6720.54,1764.30,97796096,46972928,43682632,41.66,4138559
1770210969869,6720.80,1764.45,97796096,46972928,43684072,41.66,4138559
1770210969970,6725.94,1766.52,97796096,46972928,44134504,42.09,4148089
1770210970072,6726.21,1766.66,97796096,46972928,44135944,42.09,4148089
1770210970173,6732.37,1769.03,98369536,50118656,43713488,41.69,4149427
1770210970273,6732.63,1769.12,98369536,50118656,43714928,41.69,4149427
1770210970375,6732.91,1769.29,98369536,50118656,43716368,41.69,4149427
1770210970476,6737.22,1771.30,98582528,50118656,43939416,41.90,4146751
1770210970576,6737.49,1771.43,98582528,50118656,43940880,41.91,4146751
1770210970677,6740.67,1773.77,98795520,50118656,44163680,42.12,4148089
1770210970778,6740.86,1773.87,98795520,50118656,44165120,42.12,4148089
1770210970879,6741.05,1773.95,98795520,50118656,44166560,42.12,4148089
1770210970980,6748.98,1776.10,99024896,50118656,44389712,42.33,4157619
1770210971081,6749.24,1776.26,99024896,50118656,44391176,42.33,4157619
1770210971182,6754.44,1778.32,99237888,50118656,44609000,42.54,4158957
1770210971283,6754.67,1778.44,99237888,50118656,44610440,42.54,4158957
1770210971385,6754.94,1778.60,99237888,50118656,44611880,42.55,4158957
1770210971485,6767.16,1780.72,99467264,50118656,44829864,42.75,4168487
1770210971586,6767.34,1780.83,99483648,50118656,44831328,42.75,4168487
1770210971687,6772.33,1782.81,99696640,50118656,45046728,42.96,4169825
1770210971788,6772.58,1782.94,99696640,50118656,45048168,42.96,4169825
1770210971887,6772.85,1783.11,99696640,50118656,45049608,42.96,4169825
1770210971988,6778.07,1785.22,99893248,50118656,45264744,43.17,4179355
1770210972089,6778.33,1785.38,99893248,50118656,45266208,43.17,4179355
1770210972190,6781.68,1788.14,100122624,50118656,45480496,43.37,4180693
1770210972291,6781.93,1788.29,100122624,50118656,45481944,43.37,4180693
1770210972392,6782.16,1788.44,100122624,50118656,45483392,43.38,4180693
1770210972494,6800.25,1790.71,100352000,50642944,44087296,42.04,4137892
1770210972594,6800.50,1790.86,100352000,50642944,44088744,42.05,4137892
1770210972695,6807.25,1792.75,100352000,50642944,44302904,42.25,4139230
1770210972796,6807.51,1792.90,100352000,50642944,44304352,42.25,4139230
1770210972897,6807.77,1793.05,100352000,50642944,44305800,42.25,4139230
1770210972998,6809.81,1794.47,100401152,50642944,44520080,42.46,4148760
1770210973099,6810.02,1794.62,100401152,50642944,44521528,42.46,4148760
1770210973201,6820.32,1796.78,100466688,50642944,44739576,42.67,4150098
1770210973302,6820.59,1796.94,100466688,50642944,44741048,42.67,4150098
1770210973403,6820.89,1797.13,100483072,50642944,44742496,42.67,4150098
1770210973505,6823.92,1799.29,100696064,50642944,44956896,42.87,4159628
1770210973605,6824.15,1799.43,100696064,50642944,44958344,42.88,4159628
1770210973706,6827.22,1801.50,100909056,50642944,45172400,43.08,4160966
1770210973807,6827.48,1801.65,100909056,50642944,45173872,43.08,4160966
1770210973908,6827.76,1801.80,100909056,50642944,45175320,43.08,4160966
1770210974009,6831.00,1803.90,101122048,50642944,45389696,43.29,4170496
1770210974111,6831.26,1804.06,101122048,50642944,45391144,43.29,4170496
1770210974211,6838.63,1806.19,101318656,50642944,45747264,43.63,4171834
1770210974313,6838.88,1806.34,101318656,50642944,45748736,43.63,4171834
1770210974412,6839.15,1806.51,101318656,50642944,45750184,43.63,4171834
1770210974514,6844.23,1808.54,101679104,50642944,44522104,42.46,4137892
1770210974613,6844.50,1808.69,101679104,50642944,44523552,42.46,4137892
1770210974714,6847.61,1810.95,101695488,50642944,44737320,42.66,4139230
1770210974816,6847.84,1811.07,101695488,50642944,44738768,42.67,4139230
1770210974916,6848.11,1811.23,101695488,50642944,44740216,42.67,4139230
1770210975017,6851.38,1813.27,101695488,50642944,44954192,42.87,4148760
1770210975118,6851.64,1813.40,101695488,50642944,44955640,42.87,4148760
1770210975220,6854.70,1815.43,101695488,50642944,45169432,43.08,4150098
1770210975320,6854.98,1815.57,101695488,50642944,45170880,43.08,4150098
1770210975421,6855.25,1815.73,101695488,50642944,45172328,43.08,4150098
1770210975523,6885.74,1818.17,101728256,50642944,45389208,43.29,4159628
1770210975624,6886.01,1818.33,101728256,50642944,45390656,43.29,4159628
1770210975726,6888.68,1820.30,101728256,50642944,45602120,43.49,4160966
1770210975826,6888.88,1820.43,101728256,50642944,45603568,43.49,4160966
1770210975927,6889.16,1820.59,101728256,50642944,45605016,43.49,4160966
1770210976029,6925.23,1823.00,101892096,50642944,45817776,43.70,4170496
1770210976130,6925.46,1823.13,101892096,50642944,45819224,43.70,4170496
1770210976231,6930.31,1826.06,98992128,47759360,44653096,42.58,4171834
1770210976332,6930.58,1826.22,98992128,47759360,44654536,42.59,4171834
1770210976434,6930.85,1826.36,98992128,47759360,44655976,42.59,4171834
1770210976535,6934.01,1828.42,98992128,47759360,44865016,42.79,4146084
1770210976635,6934.27,1828.58,98992128,47759360,44866456,42.79,4146084
1770210976737,6937.39,1830.77,98992128,47759360,45075144,42.99,4147422
1770210976836,6937.65,1830.92,98992128,47759360,45076584,42.99,4147422
1770210976937,6937.93,1831.08,98992128,47759360,45078024,42.99,4147422
1770210977038,6940.95,1833.21,98992128,47759360,45286896,43.19,4156952
1770210977139,6941.22,1833.36,98992128,47759360,45288336,43.19,4156952
1770210977241,6944.08,1835.25,99565568,49070080,44863592,42.79,4137892
1770210977340,6944.28,1835.37,99565568,49070080,44865032,42.79,4137892
1770210977442,6944.57,1835.52,99565568,49070080,44866472,42.79,4137892
1770210977542,6947.52,1837.56,99794944,49070080,45075384,42.99,4147422
1770210977643,6947.82,1837.75,99794944,49070080,45076824,42.99,4147422
1770210977744,6951.24,1839.97,99991552,49070080,45285504,43.19,4148760
1770210977845,6951.36,1840.03,99991552,49070080,45286944,43.19,4148760
1770210977946,6951.57,1840.18,99991552,49070080,45288384,43.19,4148760
1770210978047,6955.53,1842.61,100302848,49070080,44845224,42.77,4158290
1770210978148,6955.81,1842.77,100302848,49070080,44846672,42.77,4158290
1770210978250,6960.32,1844.73,100302848,49070080,45055376,42.97,4137892
1770210978351,6960.58,1844.88,100302848,49070080,45056824,42.97,4137892
1770210978455,6962.82,1846.09,100302848,49070080,45162584,43.07,4146755
1770210978556,6963.83,1846.95,100302848,49070080,45267096,43.17,4147422
1770210978658,6964.10,1847.10,100302848,49070080,45268544,43.17,4147422
1770210978758,6967.03,1849.08,100302848,49070080,45477256,43.37,4148760
1770210978860,6967.30,1849.22,100302848,49070080,45478704,43.37,4148760
1770210978960,6970.10,1851.26,100302848,49070080,45734608,43.62,4158290
1770210979061,6971.12,1851.45,100450304,49332224,45011864,42.93,4158290
1770210979162,6971.41,1851.62,100450304,49332224,45013312,42.93,4158290
1770210979264,6975.98,1853.53,100450304,49332224,45222168,43.13,4137892
1770210979364,6976.24,1853.67,100450304,49332224,45223616,43.13,4137892
1770210979464,6979.35,1855.89,100450304,49332224,45432480,43.33,4147422
1770210979566,6979.50,1855.96,100450304,49332224,45433928,43.33,4147422
1770210979666,6979.78,1856.13,100450304,49332224,45435376,43.33,4147422
1770210979767,6984.52,1858.29,100466688,49332224,45672560,43.56,4148768
1770210979867,6984.79,1858.43,100466688,49332224,45674032,43.56,4148768
1770210979969,6988.66,1860.71,100728832,49594368,45165528,43.07,4158298
1770210980070,6988.81,1860.78,100728832,49594368,45167000,43.07,4158298
1770210980172,6989.09,1860.93,100728832,49594368,45168448,43.08,4158298
1770210980271,6992.27,1863.09,100728832,49594368,45377096,43.27,4137892
1770210980372,6992.55,1863.25,100728832,49594368,45378544,43.28,4137892
1770210980473,6999.33,1865.34,100745216,49594368,45587864,43.48,4147422
1770210980573,7006.22,1865.45,100761600,49594368,45589368,43.48,4147422
1770210980672,7006.48,1865.62,100761600,49594368,45590816,43.48,4147422
1770210980774,7009.69,1867.72,100761600,49594368,45799504,43.68,4148760
1770210980874,7009.96,1867.86,100761600,49594368,45800952,43.68,4148760
1770210980975,7012.86,1869.77,100761600,49594368,46009720,43.88,4158290
1770210981076,7013.01,1869.85,100761600,49594368,46011168,43.88,4158290
1770210981177,7013.27,1870.00,100761600,49594368,46012616,43.88,4158290
1770210981277,7017.00,1871.72,100876288,49594368,45483192,43.38,4137892
1770210981378,7017.26,1871.86,100876288,49594368,45484640,43.38,4137892
1770210981509,7109.40,1880.77,119078912,71876608,55182512,52.63,4137225
1770210981608,7371.94,1890.65,151224320,100466688,77662464,74.06,4128362
1770210981709,7371.98,1890.70,151224320,100466688,77663952,74.07,4128362
1770210981810,7373.23,1891.94,151224320,100466688,77872544,74.27,4129700
1770210981911,7373.45,1892.06,151224320,100466688,77874032,74.27,4129700
1770210982012,7376.63,1894.27,151240704,100466688,78082800,74.47,4139230
1770210982113,7376.86,1894.41,151240704,100466688,78084288,74.47,4139230
1770210982214,7377.14,1894.58,151240704,100466688,78085752,74.47,4139230
1770210982315,7380.28,1896.66,151240704,100466688,78294416,74.67,4140568
1770210982417,7380.55,1896.81,151240704,100466688,78295904,74.67,4140568
1770210982518,7383.82,1898.90,151240704,100466688,78504688,74.87,4150098
1770210982618,7384.10,1899.04,151240704,100466688,78506176,74.87,4150098
1770210982719,7384.37,1899.20,151240704,100466688,78507640,74.87,4150098
1770210982821,7387.63,1901.34,151240704,100466688,78716232,75.07,4151436
1770210982921,7387.91,1901.49,151240704,100466688,78717720,75.07,4151436
1770210983022,7390.92,1903.68,151240704,100466688,78926632,75.27,4160966
1770210983122,7391.21,1903.83,151240704,100466688,78928120,75.27,4160966
1770210983223,7391.50,1904.01,151240704,100466688,78929584,75.27,4160966
1770210983324,7397.45,1906.70,152010752,101515264,65106824,62.09,4162304
1770210983426,7397.72,1906.85,152010752,101515264,65108312,62.09,4162304
1770210983527,7401.93,1908.98,152027136,101515264,65317136,62.29,4147422
1770210983628,7402.20,1909.13,152027136,101515264,65318624,62.29,4147422
1770210983730,7402.51,1909.26,152027136,101515264,65320088,62.29,4147422
1770210983832,7405.60,1911.51,152027136,101515264,65528720,62.49,4148760
1770210983932,7405.88,1911.66,152027136,101515264,65530208,62.49,4148760
1770210984033,7408.97,1913.68,152027136,101515264,65739056,62.69,4158290
1770210984135,7409.24,1913.83,152027136,101515264,65740544,62.70,4158290
1770210984235,7409.51,1913.99,152027136,101515264,65742008,62.70,4158290
1770210984336,7412.42,1915.79,152027136,101515264,65950624,62.90,4159628
1770210984437,7412.69,1915.95,152027136,101515264,65952112,62.90,4159628
1770210984538,7415.38,1918.00,152043520,101515264,66160968,63.10,4169158
1770210984640,7415.67,1918.14,152043520,101515264,66162440,63.10,4169158
1770210984739,7415.95,1918.35,152043520,101515264,66163904,63.10,4169158
1770210984840,7418.83,1920.20,152043520,101515264,66372792,63.30,4170496
1770210984941,7419.11,1920.32,152043520,101515264,66374280,63.30,4170496
1770210985042,7422.00,1922.36,152043520,101515264,66583072,63.50,4180026
1770210985143,7422.28,1922.52,152043520,101515264,66584560,63.50,4180026
1770210985244,7422.56,1922.68,152043520,101515264,66586024,63.50,4180026
1770210985345,7433.72,1925.05,152043520,101515264,66795056,63.70,4181364
1770210985446,7433.94,1925.16,152043520,101515264,66796544,63.70,4181364
1770210985547,7436.90,1927.12,152059904,101515264,67005384,63.90,4190894
1770210985649,7437.15,1927.27,152059904,101515264,67006872,63.90,4190894
1770210985749,7437.41,1927.40,152059904,101515264,67008336,63.90,4190894
1770210985851,7439.91,1929.24,152059904,101515264,67216904,64.10,4192232
1770210985951,7440.18,1929.40,152059904,101515264,67218392,64.10,4192232
1770210986051,7443.23,1931.31,152059904,101515264,67427304,64.30,4201762
1770210986152,7443.48,1931.44,152059904,101515264,67428792,64.31,4201762
1770210986254,7443.74,1931.56,152059904,101515264,67430256,64.31,4201762
1770210986354,7446.63,1933.55,152059904,101515264,67638896,64.51,4203100
1770210986455,7446.90,1933.72,152059904,101515264,67640384,64.51,4203100
1770210986557,7449.60,1935.64,152059904,101515264,67849232,64.71,4212630
1770210986656,7449.86,1935.79,152059904,101515264,67850720,64.71,4212630
1770210986758,7450.11,1935.93,152059904,101515264,67852184,64.71,4212630
1770210986858,7453.17,1938.03,152076288,101515264,68060808,64.91,4213968
1770210986959,7453.45,1938.19,152076288,101515264,68062296,64.91,4213968
1770210987059,7456.69,1940.30,152076288,101515264,68271112,65.11,4223498
1770210987160,7456.94,1940.45,152076288,101515264,68272600,65.11,4223498
1770210987262,7457.19,1940.61,152076288,101515264,68274064,65.11,4223498
1770210987362,7460.19,1942.78,152076288,101515264,68482824,65.31,4224836
1770210987464,7460.46,1942.94,152076288,101515264,68484312,65.31,4224836
1770210987565,7463.60,1944.95,152076288,101515264,68693320,65.51,4234366
1770210987665,7463.87,1945.11,152076288,101515264,68694808,65.51,4234366
1770210987767,7465.73,1946.35,152076288,101515264,68937008,65.74,4235037
1770210987868,7466.82,1947.20,152076288,101515264,69041512,65.84,4235704
1770210987969,7467.07,1947.32,152076288,101515264,69043000,65.84,4235704
1770210988071,7469.96,1949.38,152076288,101515264,69251784,66.04,4245234
1770210988171,7470.23,1949.53,152076288,101515264,69253272,66.05,4245234
1770210988271,7472.20,1950.87,152092672,101515264,69358704,66.15,4245905
1770210988372,7473.31,1951.71,152092672,101515264,69463184,66.25,4246572
1770210988473,7473.59,1951.87,152092672,101515264,69464672,66.25,4246572
1770210988575,7476.62,1953.91,152092672,101515264,69673416,66.45,4256102
1770210988675,7476.88,1954.06,152092672,101515264,69674904,66.45,4256102
1770210988775,7479.89,1956.12,152092672,101515264,69883400,66.65,4257440
1770210988877,7480.03,1956.18,152092672,101515264,69884888,66.65,4257440
1770210988977,7480.30,1956.33,152092672,101515264,69886352,66.65,4257440
1770210989079,7483.51,1958.34,152092672,101515264,70095104,66.85,4266970
1770210989179,7483.77,1958.48,152092672,101515264,70096592,66.85,4266970
1770210989279,7486.83,1960.43,152092672,101515264,70305088,67.05,4268308
1770210989379,7486.99,1960.50,152092672,101515264,70306576,67.05,4268308
1770210989480,7487.26,1960.67,152092672,101515264,70308040,67.05,4268308
1770210989582,7497.27,1962.74,152109056,101515264,70517928,67.25,4277838
1770210989683,7562.12,1971.50,110870528,59817984,42530048,40.56,4127024
1770210989784,7565.77,1973.46,110870528,59817984,42810120,40.83,4128362
1770210989885,7565.92,1973.53,110870528,59817984,42811592,40.83,4128362
1770210989986,7566.14,1973.68,110870528,59817984,42813040,40.83,4128362
1770210990087,7568.93,1975.51,110870528,59817984,43036536,41.04,4137892
1770210990187,7569.20,1975.65,110870528,59817984,43038008,41.04,4137892
1770210990288,7645.06,1983.41,97091584,46710784,42511464,40.54,4128362
1770210990389,7645.21,1983.47,97091584,46710784,42512976,40.54,4128362
1770210990490,7645.45,1983.65,97091584,46710784,42514416,40.54,4128362
1770210990591,7648.68,1985.87,97304576,46710784,42737832,40.76,4137892
1770210990692,7648.95,1986.04,97304576,46710784,42739296,40.76,4137892
1770210990793,7653.73,1988.15,97533952,46710784,42966704,40.98,4139230
1770210990894,7731.58,1991.18,96911360,46710784,42271048,40.31,4127024
1770210990995,7731.75,1991.26,96911360,46710784,42274688,40.32,4127024
1770210991097,7736.15,1993.10,97173504,46710784,42782136,40.80,4136554
1770210991196,7736.42,1993.24,97173504,46710784,42783600,40.80,4136554
1770210991297,7739.62,1995.20,97386496,46710784,43006808,41.01,4137892
1770210991398,7739.79,1995.29,97386496,46710784,43008272,41.02,4137892
1770210991500,7740.05,1995.45,97386496,46710784,43009712,41.02,4137892
1770210991602,7743.91,1997.64,97927168,49856512,42528304,40.56,4147422
1770210991703,7744.19,1997.84,97927168,49856512,42529768,40.56,4147422
1770210991804,7747.28,1999.81,98140160,49856512,42752968,40.77,4137892
1770210991904,7747.46,1999.89,98140160,49856512,42754408,40.77,4137892
1770210992004,7747.73,2000.03,98140160,49856512,42755848,40.78,4137892
1770210992105,7752.72,2002.19,98385920,49856512,42985712,40.99,4147422
1770210992206,7752.84,2002.24,98385920,49856512,42987152,41.00,4147422
1770210992307,7760.53,2004.36,98598912,49856512,43210368,41.21,4148760
1770210992409,7760.72,2004.45,98598912,49856512,43211832,41.21,4148760
1770210992510,7760.99,2004.58,98598912,49856512,43213272,41.21,4148760
1770210992611,7764.32,2006.65,98811904,49856512,43436480,41.42,4158290
1770210992712,7764.60,2006.82,98811904,49856512,43437944,41.43,4158290
1770210992814,7767.85,2008.88,99057664,49856512,43660872,41.64,4159628
1770210992915,7768.12,2009.01,99057664,49856512,43662336,41.64,4159628
1770210993017,7768.39,2009.14,99057664,49856512,43663776,41.64,4159628
1770210993118,7771.58,2011.20,99270656,49856512,43887080,41.85,4169158
1770210993218,7771.85,2011.33,99270656,49856512,43888544,41.86,4169158
1770210993319,7774.88,2013.30,99483648,49856512,44111624,42.07,4170496
1770210993419,7775.12,2013.39,99483648,49856512,44113088,42.07,4170496
1770210993520,7775.37,2013.54,99483648,49856512,44114528,42.07,4170496
1770210993622,7793.65,2015.99,99713024,49856512,44443696,42.38,4180026
1770210993724,7793.91,2016.12,99713024,49856512,44445160,42.39,4180026
1770210993823,7799.00,2018.05,99811328,49856512,43052384,41.06,4137892
1770210993924,7799.21,2018.13,99811328,49856512,43053824,41.06,4137892
1770210994025,7799.48,2018.28,99811328,49856512,43055264,41.06,4137892
1770210994126,7802.85,2020.24,99811328,49856512,43277808,41.27,4147422
1770210994227,7803.11,2020.37,99811328,49856512,43279248,41.27,4147422
1770210994327,7807.36,2022.34,99942400,49856512,43501592,41.49,4148760
1770210994429,7807.51,2022.40,99942400,49856512,43503032,41.49,4148760
1770210994529,7807.75,2022.52,99942400,49856512,43504472,41.49,4148760
1770210994630,7811.21,2024.64,100155392,49856512,43726992,41.70,4158290
1770210994732,7811.48,2024.78,100155392,49856512,43728440,41.70,4158290
1770210994832,7817.58,2027.06,100384768,49856512,43950816,41.91,4159628
1770210994934,7817.79,2027.16,100384768,49856512,43952264,41.92,4159628
1770210995034,7818.06,2027.30,100384768,49856512,43953712,41.92,4159628
1770210995135,7821.73,2029.40,100597760,49856512,44175848,42.13,4169158
1770210995237,7821.99,2029.53,100597760,49856512,44177296,42.13,4169158
1770210995338,7825.10,2031.73,100810752,49856512,44399208,42.34,4170496
1770210995438,7825.29,2031.84,100810752,49856512,44400656,42.34,4170496
1770210995539,7825.56,2031.97,100810752,49856512,44402104,42.35,4170496
1770210995641,7831.65,2034.14,101089280,49856512,43206456,41.20,4180026
1770210995741,7831.93,2034.30,101089280,49856512,43207904,41.21,4180026
1770210995842,7835.09,2036.34,101089280,49856512,43429856,41.42,4137892
1770210995944,7835.33,2036.47,101089280,49856512,43431304,41.42,4137892
1770210996044,7835.61,2036.62,101089280,49856512,43432752,41.42,4137892
1770210996146,7850.21,2038.92,101105664,49856512,43655056,41.63,4147422
1770210996247,7850.48,2039.07,101105664,49856512,43656504,41.63,4147422
1770210996347,7862.63,2041.44,101105664,49856512,43884416,41.85,4148760
1770210996449,7862.79,2041.55,101105664,49856512,43885864,41.85,4148760
1770210996550,7863.01,2041.68,101105664,49856512,43887312,41.85,4148760
1770210996651,7866.31,2043.87,101122048,49856512,44108584,42.07,4158290
1770210996753,7866.57,2044.02,101122048,49856512,44110032,42.07,4158290
1770210996852,7873.44,2045.93,101122048,49856512,44330968,42.28,4159628
1770210996954,7873.68,2046.05,101122048,49856512,44332416,42.28,4159628
1770210997054,7873.95,2046.21,101122048,49856512,44333864,42.28,4159628
1770210997154,7877.24,2048.27,101122048,49856512,44554360,42.49,4169158
1770210997255,7877.51,2048.43,101122048,49856512,44555808,42.49,4169158
1770210997356,7880.70,2050.60,101122048,49856512,44776144,42.70,4170496
1770210997457,7880.97,2050.76,101122048,49856512,44777592,42.70,4170496
1770210997559,7881.24,2050.92,101122048,49856512,44779040,42.70,4170496
1770210997661,7890.97,2053.49,98254848,46710784,43526144,41.51,4180026
1770210997761,7891.26,2053.64,98254848,46710784,43527584,41.51,4180026
1770210997863,7894.61,2055.72,98271232,46710784,43747912,41.72,4138559
1770210997962,7894.88,2055.86,98271232,46710784,43749376,41.72,4138559
1770210998064,7895.14,2055.99,98271232,46710784,43750816,41.72,4138559
1770210998165,7897.95,2057.86,98271232,46710784,43971272,41.93,4148089
1770210998265,7898.22,2058.01,98271232,46710784,43972736,41.94,4148089
1770210998366,7904.35,2060.16,98910208,50380800,43592632,41.57,4149427
1770210998467,7904.61,2060.30,98910208,50380800,43594096,41.57,4149427
1770210998568,7904.87,2060.46,98910208,50380800,43595536,41.58,4149427
1770210998670,7908.17,2062.60,99123200,50380800,43816016,41.79,4146751
1770210998770,7908.45,2062.76,99123200,50380800,43817480,41.79,4146751
1770210998871,7911.61,2064.79,99336192,50380800,44037720,42.00,4148089
1770210998972,7911.88,2064.93,99336192,50380800,44039160,42.00,4148089
1770210999072,7912.17,2065.11,99336192,50380800,44040600,42.00,4148089
1770210999174,7915.15,2067.14,99549184,50380800,44261224,42.21,4157619
1770210999273,7915.43,2067.29,99549184,50380800,44262688,42.21,4157619
1770210999374,7918.54,2069.26,99762176,50380800,44483048,42.42,4158957
1770210999475,7918.80,2069.42,99778560,50380800,44484512,42.42,4158957
1770210999576,7919.06,2069.57,99778560,50380800,44485952,42.43,4158957
1770210999678,7922.03,2071.43,99975168,50380800,44706424,42.64,4168487
1770210999779,7922.30,2071.57,99975168,50380800,44707888,42.64,4168487
1770210999881,7927.38,2073.87,100204544,50380800,44928592,42.85,4169825
1770210999981,7927.64,2074.01,100204544,50380800,44930064,42.85,4169825
1770211000082,7927.92,2074.18,100204544,50380800,44931512,42.85,4169825
1770211000184,7945.28,2076.43,100417536,50380800,45260912,43.16,4179355
1770211000284,7945.54,2076.59,100417536,50380800,45262384,43.17,4179355
1770211000386,7949.11,2078.80,100646912,50380800,45482360,43.38,4180693
1770211000486,7949.38,2078.94,100646912,50380800,45483832,43.38,4180693
1770211000587,7949.65,2079.11,100646912,50380800,45485280,43.38,4180693
1770211000689,7957.23,2081.34,100843520,50642944,44112256,42.07,4137892
1770211000789,7957.48,2081.47,100843520,50642944,44113704,42.07,4137892
1770211000890,7961.24,2083.80,100843520,50642944,44333584,42.28,4139230
1770211000991,7961.52,2083.95,100843520,50642944,44335056,42.28,4139230
1770211001092,7961.81,2084.15,100843520,50642944,44336504,42.28,4139230
1770211001193,7967.82,2086.33,100843520,50642944,44556616,42.49,4148760
1770211001295,7968.09,2086.49,100843520,50642944,44558064,42.49,4148760
1770211001396,7981.72,2088.78,100990976,50642944,44778424,42.70,4150098
1770211001497,7981.97,2088.93,100990976,50642944,44779896,42.71,4150098
1770211001597,7982.22,2089.06,100990976,50642944,44781344,42.71,4150098
1770211001699,7987.98,2091.29,101187584,50642944,44998816,42.91,4159628
1770211001799,7988.25,2091.45,101187584,50642944,45000264,42.92,4159628
1770211001901,7997.05,2093.58,101416960,50642944,45217576,43.12,4160966
1770211002002,7997.31,2093.75,101416960,50642944,45219048,43.12,4160966
1770211002105,7999.41,2094.90,101531648,50642944,45326408,43.23,4169829
1770211002206,8000.52,2095.73,101613568,50642944,45432600,43.33,4170496
1770211002307,8000.78,2095.89,101613568,50642944,45434048,43.33,4170496
1770211002408,8004.64,2097.89,101826560,50642944,45645896,43.53,4171834
1770211002509,8004.91,2098.05,101826560,50642944,45647368,43.53,4171834
1770211002609,8008.57,2099.75,98992128,47759360,44314760,42.26,4145417
1770211002710,8013.28,2100.49,98992128,47759360,44421008,42.36,4146084
1770211002810,8013.55,2100.66,98992128,47759360,44422568,42.36,4146084
1770211002911,8017.25,2102.66,99041280,47759360,44634408,42.57,4147422
1770211003012,8017.54,2102.82,99041280,47759360,44635848,42.57,4147422
1770211003112,8021.72,2104.29,99057664,47759360,44935528,42.85,4156285
1770211003213,8028.93,2105.24,99057664,47759360,45041768,42.96,4156952
1770211003315,8029.19,2105.40,99057664,47759360,45043232,42.96,4156952
1770211003416,8033.32,2107.54,99745792,51167232,44621000,42.55,4137892
1770211003517,8033.58,2107.69,99745792,51167232,44622440,42.56,4137892
1770211003617,8036.45,2109.82,99958784,51167232,44834288,42.76,4147422
1770211003717,8036.60,2109.89,99958784,51167232,44835728,42.76,4147422
1770211003818,8036.88,2110.04,99958784,51167232,44837168,42.76,4147422
1770211003919,8039.89,2112.17,100171776,51167232,45048864,42.96,4148760
1770211004020,8040.16,2112.31,100171776,51167232,45050312,42.96,4148760
1770211004120,8043.00,2114.44,100368384,51167232,45262520,43.17,4158290
1770211004221,8043.15,2114.51,100368384,51167232,45263968,43.17,4158290
1770211004322,8043.42,2114.67,100368384,51167232,45265416,43.17,4158290
1770211004423,8046.43,2116.83,100564992,51167232,45477232,43.37,4159628
1770211004524,8046.70,2116.97,100564992,51167232,45478680,43.37,4159628
1770211004624,8049.48,2119.02,100777984,51167232,45690648,43.57,4169158
1770211004725,8049.65,2119.10,100777984,51167232,45692096,43.58,4169158
1770211004827,8049.92,2119.25,100777984,51167232,45693544,43.58,4169158
1770211004928,8052.87,2121.29,100990976,51167232,45905288,43.78,4170496
1770211005029,8053.06,2121.38,100990976,51167232,45906736,43.78,4170496
1770211005129,8065.96,2123.79,101351424,51429376,44802648,42.73,4180026
1770211005231,8089.02,2123.98,101367808,51429376,44805904,42.73,4180026
1770211005332,8089.29,2124.17,101367808,51429376,44807352,42.73,4180026
1770211005433,8092.26,2126.20,101384192,51429376,45018232,42.93,4137892
1770211005535,8092.50,2126.32,101384192,51429376,45019680,42.93,4137892
1770211005635,8099.72,2128.53,101384192,51429376,45230296,43.13,4147422
1770211005736,8099.90,2128.62,101384192,51429376,45231744,43.14,4147422
1770211005837,8100.16,2128.78,101384192,51429376,45233192,43.14,4147422
1770211005938,8132.78,2131.07,101400576,51429376,45444176,43.34,4148760
1770211006039,8132.90,2131.14,101400576,51429376,45445624,43.34,4148760
1770211006140,8135.88,2133.12,101564416,51429376,45653344,43.54,4158290
1770211006241,8136.09,2133.23,101564416,51429376,45654792,43.54,4158290
1770211006342,8136.37,2133.39,101564416,51429376,45656240,43.54,4158290
1770211006443,8139.11,2135.50,101761024,51429376,45863672,43.74,4159628
1770211006544,8139.39,2135.65,101761024,51429376,45865120,43.74,4159628
1770211006645,8142.44,2137.76,101957632,51429376,46072904,43.94,4169158
1770211006745,8142.67,2137.89,101957632,51429376,46074352,43.94,4169158
1770211006846,8142.93,2138.05,101974016,51429376,46075800,43.94,4169158
1770211006947,8145.74,2140.22,102170624,51429376,46283280,44.14,4170496
1770211007048,8145.97,2140.38,102187008,51429376,46284728,44.14,4170496
1770211007149,8150.47,2142.57,102580224,51429376,45048040,42.96,4180026
1770211007250,8150.66,2142.67,102580224,51429376,45049488,42.96,4180026
1770211007351,8150.93,2142.83,102580224,51429376,45050936,42.96,4180026
1770211007452,8154.07,2144.96,102580224,51429376,45258368,43.16,4137892
1770211007554,8154.35,2145.12,102580224,51429376,45259816,43.16,4137892
1770211007655,8157.94,2147.30,102580224,51429376,45467520,43.36,4147422
1770211007756,8158.10,2147.38,102580224,51429376,45468968,43.36,4147422
1770211007857,8158.37,2147.53,102580224,51429376,45470416,43.36,4147422
1770211007957,8161.79,2149.85,102596608,51429376,45677872,43.56,4148760
1770211008059,8162.06,2149.99,102596608,51429376,45679320,43.56,4148760
1770211008159,8166.60,2152.04,102596608,51429376,45887080,43.76,4158290
1770211008260,8167.69,2152.13,102596608,51429376,45888840,43.76,4158290
1770211008360,8167.95,2152.29,102596608,51429376,45890288,43.76,4158290
1770211008461,8173.19,2154.32,102596608,51429376,46277320,44.13,4159628
1770211008562,8173.47,2154.49,102596608,51429376,46278768,44.13,4159628
1770211008662,8176.50,2156.44,102596608,51429376,46486248,44.33,4169158
1770211008763,8176.69,2156.53,102596608,51429376,46487696,44.33,4169158
1770211008863,8176.93,2156.67,102596608,51429376,46489144,44.34,4169158
1770211008964,8179.94,2158.58,102645760,51429376,46696304,44.53,4170496
1770211009064,8180.22,2158.74,102645760,51429376,46697752,44.53,4170496
1770211009165,8185.55,2160.85,103120896,51953664,45496128,43.39,4180026
1770211009265,8185.66,2160.90,103120896,51953664,45497576,43.39,4180026
1770211009366,8185.93,2161.06,103120896,51953664,45499024,43.39,4180026
1770211009467,8189.10,2163.20,103120896,51953664,45706224,43.59,4137892
1770211009569,8189.38,2163.35,103120896,51953664,45707672,43.59,4137892
1770211009670,8192.39,2165.45,103120896,51953664,45915104,43.79,4147422
1770211009771,8192.66,2165.58,103120896,51953664,45917064,43.79,4147422
1770211009872,8192.93,2165.74,103120896,51953664,45918512,43.79,4147422
1770211009973,8195.91,2167.62,103120896,51953664,46125744,43.99,4148760
1770211010074,8196.17,2167.78,103120896,51953664,46127192,43.99,4148760
1770211010174,8199.16,2169.78,103120896,51953664,46334576,44.19,4158290
1770211010274,8199.34,2169.89,103120896,51953664,46336024,44.19,4158290
1770211010376,8199.62,2170.06,103120896,51953664,46337472,44.19,4158290
1770211010476,8202.64,2172.15,103137280,51953664,46544712,44.39,4159628
1770211010577,8202.90,2172.29,103137280,51953664,46546160,44.39,4159628
1770211010677,8216.40,2174.68,103137280,51953664,46753640,44.59,4169158
1770211010778,8216.62,2174.79,103137280,51953664,46755088,44.59,4169158
1770211010879,8216.90,2174.95,103137280,51953664,46756536,44.59,4169158
1770211010980,8219.99,2177.07,103137280,51953664,46963744,44.79,4170496
1770211011081,8220.27,2177.23,103137280,51953664,46965192,44.79,4170496
1770211011181,8237.84,2180.57,100352000,48807936,45931424,43.80,4146084
1770211011282,8238.06,2180.68,100352000,48807936,45932872,43.81,4146084
1770211011382,8238.34,2180.81,100352000,48807936,45934320,43.81,4146084
1770211011482,8416.98,2196.27,138412032,97566720,61488536,58.64,4137892
1770211011582,8589.29,2199.97,149766144,98877440,75903040,72.39,4127691
1770211011684,8590.45,2201.22,149766144,98877440,76110272,72.58,4137221
1770211011785,8590.58,2201.28,149766144,98877440,76111744,72.59,4137221
1770211011886,8590.81,2201.43,149766144,98877440,76113192,72.59,4137221
1770211011987,8593.57,2203.42,149766144,98877440,76320120,72.78,4138559
1770211012088,8593.84,2203.58,149766144,98877440,76321592,72.79,4138559
1770211012190,8596.66,2205.58,149766144,98877440,76528696,72.98,4148089
1770211012291,8596.94,2205.72,149766144,98877440,76530168,72.98,4148089
1770211012392,8597.22,2205.89,149766144,98877440,76531616,72.99,4148089
1770211012493,8600.03,2207.99,149766144,98877440,76738576,73.18,4149427
1770211012594,8600.30,2208.15,149766144,98877440,76740048,73.19,4149427
1770211012694,8611.71,2211.76,150765568,99663872,64411376,61.43,4158957
1770211012795,8611.98,2211.89,150765568,99663872,64412848,61.43,4158957
1770211012896,8612.26,2212.05,150765568,99663872,64414296,61.43,4158957
1770211012998,8615.57,2214.31,150765568,99663872,64621200,61.63,4138559
1770211013098,8615.84,2214.47,150765568,99663872,64622648,61.63,4138559
1770211013199,8619.10,2216.61,150781952,99663872,64829800,61.83,4148089
1770211013300,8619.36,2216.74,150781952,99663872,64831248,61.83,4148089
1770211013401,8619.63,2216.90,150781952,99663872,64832696,61.83,4148089
1770211013503,8621.33,2218.43,150781952,99663872,65039584,62.03,4149427
1770211013603,8621.60,2218.71,150781952,99663872,65041032,62.03,4149427
1770211013704,8624.29,2220.96,150781952,99663872,65248216,62.23,4158957
1770211013805,8624.52,2221.10,150781952,99663872,65249664,62.23,4158957
1770211013906,8624.79,2221.25,150781952,99663872,65251112,62.23,4158957
1770211014007,8632.65,2223.42,150798336,99663872,65460216,62.43,4160295
1770211014109,8632.88,2223.56,150798336,99663872,65461688,62.43,4160295
1770211014209,8640.89,2225.93,150798336,99663872,65668600,62.63,4169825
1770211014309,8641.15,2226.06,150798336,99663872,65670072,62.63,4169825
1770211014410,8641.54,2226.31,150798336,99663872,65671520,62.63,4169825
1770211014511,8644.43,2228.39,150798336,99663872,65878216,62.83,4171163
1770211014613,8644.71,2228.57,150798336,99663872,65879688,62.83,4171163
1770211014713,8647.58,2230.70,150798336,99663872,66086504,63.03,4180693
1770211014814,8647.85,2230.84,150798336,99663872,66087976,63.03,4180693
1770211014915,8648.13,2231.01,150798336,99663872,66089424,63.03,4180693
1770211015016,8650.93,2233.03,150798336,99663872,66296072,63.22,4182031
1770211015118,8655.07,2233.28,150814720,99663872,66297600,63.23,4182031
1770211015218,8657.85,2235.47,150814720,99663872,66504488,63.42,4191561
1770211015319,8658.06,2235.59,150814720,99663872,66505960,63.43,4191561
1770211015420,8658.33,2235.76,150814720,99663872,66507408,63.43,4191561
1770211015521,8661.25,2237.79,150814720,99663872,66714008,63.62,4192899
1770211015622,8661.50,2237.96,150814720,99663872,66715480,63.62,4192899
1770211015722,8664.62,2240.06,150814720,99663872,66922336,63.82,4202429
1770211015823,8664.85,2240.20,150814720,99663872,66923808,63.82,4202429
1770211015924,8665.12,2240.34,150814720,99663872,66925256,63.82,4202429
1770211016025,8668.12,2242.48,150814720,99663872,67131896,64.02,4203767
1770211016126,8668.40,2242.64,150814720,99663872,67133368,64.02,4203767
1770211016227,8671.29,2244.68,150814720,99663872,67340248,64.22,4213297
1770211016328,8671.49,2244.79,150814720,99663872,67341720,64.22,4213297
1770211016429,8671.76,2244.95,150814720,99663872,67343168,64.22,4213297
1770211016530,8674.43,2247.21,150831104,99663872,67549888,64.42,4214635
1770211016631,8674.71,2247.38,150831104,99663872,67551360,64.42,4214635
1770211016732,8677.72,2249.59,150831104,99663872,67758248,64.62,4224165
1770211016833,8677.95,2249.72,150831104,99663872,67759720,64.62,4224165
1770211016934,8678.22,2249.88,150831104,99663872,67761168,64.62,4224165
1770211017035,8680.95,2251.90,150847488,99663872,67967768,64.82,4225503
1770211017136,8681.22,2252.06,150847488,99663872,67969240,64.82,4225503
1770211017237,8684.03,2254.17,150847488,99663872,68176080,65.02,4235033
1770211017337,8684.30,2254.32,150847488,99663872,68177552,65.02,4235033
1770211017438,8684.56,2254.48,150847488,99663872,68179000,65.02,4235033
1770211017539,8687.59,2256.72,150847488,99663872,68385664,65.22,4236371
1770211017640,8687.86,2256.87,150847488,99663872,68387136,65.22,4236371
1770211017741,8689.83,2258.63,150847488,99663872,68593976,65.42,4245901
1770211017842,8690.03,2258.74,150847488,99663872,68595448,65.42,4245901
1770211017944,8690.28,2258.87,150847488,99663872,68596896,65.42,4245901
1770211018044,8692.98,2261.05,150847488,99663872,68803544,65.62,4247239
1770211018145,8693.25,2261.21,150847488,99663872,68805016,65.62,4247239
1770211018247,8696.35,2263.53,150847488,99663872,69011888,65.81,4256769
1770211018346,8696.61,2263.68,150847488,99663872,69013360,65.82,4256769
1770211018448,8701.56,2263.87,150863872,99663872,69015088,65.82,4256769
1770211018548,8704.58,2266.28,150863872,99663872,69221696,66.01,4258107
1770211018649,8704.82,2266.44,150863872,99663872,69223168,66.02,4258107
1770211018750,8707.81,2268.47,150863872,99663872,69430400,66.21,4267637
1770211018852,8708.07,2268.62,150863872,99663872,69431872,66.22,4267637
1770211018953,8708.33,2268.79,150863872,99663872,69433320,66.22,4267637
1770211019054,8711.37,2270.79,150863872,99663872,69640024,66.41,4268975
1770211019154,8711.62,2270.94,150863872,99663872,69641496,66.42,4268975
1770211019256,8714.73,2273.05,150863872,99663872,69848384,66.61,4278505
1770211019356,8714.98,2273.20,150863872,99663872,69849856,66.61,4278505
1770211019457,8715.24,2273.37,150863872,99663872,69851304,66.62,4278505
1770211019558,8717.94,2275.38,150863872,99663872,70057928,66.81,4279843
1770211019659,8804.97,2285.93,111656960,60342272,42648744,40.67,4127024
1770211019761,8816.70,2287.79,111656960,60342272,43146424,41.15,4136554
1770211019862,8816.93,2287.94,111656960,60342272,43147896,41.15,4136554
1770211019963,8817.12,2288.03,111656960,60342272,43149344,41.15,4136554
1770211020064,8820.23,2290.09,111656960,60342272,43370800,41.36,4137892
1770211020165,8820.50,2290.26,111656960,60342272,43372272,41.36,4137892
1770211020267,8903.04,2301.15,97435648,46710784,42595064,40.62,4136554
1770211020367,8903.29,2301.27,97435648,46710784,42596576,40.62,4136554
1770211020470,8905.16,2302.49,97550336,46710784,42712512,40.73,4137225
1770211020571,8907.91,2303.35,97648640,46710784,42831656,40.85,4137892
1770211020672,8908.17,2303.52,97648640,46710784,42833120,40.85,4137892
1770211020773,8911.63,2305.72,97878016,46710784,43099792,41.10,4147422
1770211020874,8993.13,2309.55,97107968,46448640,42316312,40.36,4127024
1770211020974,8996.76,2310.55,97271808,46448640,42569288,40.60,4127695
1770211021075,8997.86,2311.24,97370112,46448640,42680416,40.70,4128362
1770211021176,8998.10,2311.40,97386496,46448640,42681880,40.70,4128362
1770211021277,9001.30,2313.40,97583104,46448640,42904088,40.92,4137892
1770211021377,9001.57,2313.54,97583104,46448640,42905552,40.92,4137892
1770211021477,9003.41,2314.69,97697792,46448640,43017704,41.02,4138563
1770211021578,9004.57,2315.55,97812480,46448640,43128912,41.13,4139230
1770211021679,9004.84,2315.70,97812480,46448640,43130376,41.13,4139230
1770211021780,9010.74,2318.16,98369536,49594368,42485152,40.52,4148760
1770211021881,9011.01,2318.32,98369536,49594368,42486616,40.52,4148760
1770211021982,9012.89,2319.77,98615296,49594368,42708504,40.73,4138559
1770211022083,9013.00,2319.82,98615296,49594368,42709968,40.73,4138559
1770211022183,9013.21,2319.93,98615296,49594368,42711408,40.73,4138559
1770211022284,9016.34,2322.01,98828288,49594368,42933552,40.94,4148089
1770211022386,9016.61,2322.17,98828288,49594368,42935016,40.95,4148089
1770211022485,9018.66,2323.35,98942976,49594368,43047168,41.05,4148760
1770211022586,9019.71,2324.20,99041280,49594368,43158352,41.16,4149427
1770211022687,9019.97,2324.34,99041280,49594368,43159816,41.16,4149427
1770211022788,9023.02,2326.28,99254272,49594368,43381984,41.37,4158957
1770211022889,9023.28,2326.43,99254272,49594368,43383448,41.37,4158957
1770211022990,9026.40,2328.43,99467264,49594368,43605384,41.59,4160295
1770211023091,9026.55,2328.50,99467264,49594368,43606848,41.59,4160295
1770211023191,9026.82,2328.66,99467264,49594368,43608288,41.59,4160295
1770211023292,9029.79,2330.67,99696640,49594368,43830400,41.80,4169825
1770211023393,9030.06,2330.82,99696640,49594368,43831864,41.80,4169825
1770211023492,9032.91,2332.87,99909632,49594368,44053792,42.01,4171163
1770211023592,9034.83,2333.03,99909632,49594368,42765800,40.78,4171163
1770211023692,9035.14,2333.21,99909632,49594368,42767240,40.79,4171163
1770211023793,9039.60,2335.26,99909632,49594368,42989440,41.00,4146084
1770211023895,9039.87,2335.38,99909632,49594368,42990904,41.00,4146084
1770211023995,9042.96,2337.43,99909632,49594368,43212784,41.21,4147422
1770211024096,9043.11,2337.51,99909632,49594368,43214248,41.21,4147422
1770211024197,9043.36,2337.67,99909632,49594368,43215688,41.21,4147422
1770211024297,9047.73,2339.66,99991552,49594368,43622352,41.60,4156952
1770211024398,9047.98,2339.78,99991552,49594368,43623816,41.60,4156952
1770211024498,9050.75,2341.97,100171776,49594368,43845784,41.81,4158290
1770211024600,9050.92,2342.05,100171776,49594368,43847256,41.82,4158290
1770211024700,9051.17,2342.19,100171776,49594368,43848704,41.82,4158290
1770211024801,9057.13,2344.46,100384768,49594368,44071024,42.03,4167820
1770211024903,9057.41,2344.61,100384768,49594368,44072496,42.03,4167820
1770211025003,9059.94,2346.66,100614144,49594368,44294168,42.24,4169158
1770211025104,9060.14,2346.77,100614144,49594368,44295640,42.24,4169158
1770211025205,9060.37,2346.92,100614144,49594368,44297088,42.24,4169158
1770211025306,9063.14,2348.89,100843520,49594368,44518880,42.46,4178688
1770211025407,9063.42,2349.05,100843520,49594368,44520352,42.46,4178688
1770211025506,9069.45,2351.39,101040128,49856512,43243704,41.24,4180026
1770211025607,9069.59,2351.44,101040128,49856512,43245176,41.24,4180026
1770211025707,9069.84,2351.56,101040128,49856512,43246624,41.24,4180026
1770211025808,9072.97,2353.62,101040128,49856512,43468432,41.45,4146751
1770211025909,9073.25,2353.78,101040128,49856512,43469904,41.46,4146751
1770211026010,9084.05,2356.12,101040128,49856512,43691504,41.67,4148089
1770211026111,9086.07,2356.25,101056512,49856512,43785856,41.76,4148089
1770211026213,9086.32,2356.39,101056512,49856512,43787304,41.76,4148089
1770211026314,9097.08,2357.82,101056512,49856512,44010976,41.97,4157619
1770211026416,9097.27,2357.95,101056512,49856512,44012448,41.97,4157619
1770211026517,9099.97,2359.69,101056512,49856512,44233288,42.18,4158957
1770211026619,9100.19,2359.82,101056512,49856512,44234736,42.19,4158957
1770211026720,9100.41,2359.95,101056512,49856512,44236184,42.19,4158957
1770211026821,9103.09,2362.03,101056512,49856512,44457216,42.40,4168487
1770211026922,9103.28,2362.18,101056512,49856512,44458688,42.40,4168487
1770211027023,9106.07,2364.52,101072896,49856512,44679496,42.61,4169825
1770211027125,9106.31,2364.64,101072896,49856512,44680944,42.61,4169825
1770211027225,9106.52,2364.88,101072896,49856512,44682392,42.61,4169825
1770211027325,9113.78,2366.81,101253120,49856512,44903528,42.82,4179355
1770211027426,9114.05,2367.00,101269504,49856512,44905000,42.82,4179355
1770211027527,9118.83,2369.72,98484224,46972928,43503752,41.49,4180693
1770211027628,9119.06,2369.84,98484224,46972928,43505216,41.49,4180693
1770211027729,9119.33,2370.00,98484224,46972928,43506656,41.49,4180693
1770211027830,9122.49,2371.82,98484224,46972928,43727664,41.70,4146751
1770211027931,9122.68,2371.89,98484224,46972928,43729104,41.70,4146751
1770211028032,9125.81,2373.96,98484224,46972928,43949936,41.91,4148089
1770211028133,9126.07,2374.11,98484224,46972928,43951376,41.92,4148089
1770211028234,9126.36,2374.27,98484224,46972928,43952816,41.92,4148089
1770211028335,9129.54,2376.24,98484224,46972928,44174296,42.13,4157619
1770211028436,9129.67,2376.30,98189312,46972928,44175736,42.13,4157619
1770211028537,9133.03,2377.97,98729984,50380800,43560408,41.54,4137892
1770211028637,9133.27,2378.10,98729984,50380800,43561848,41.54,4137892
1770211028738,9133.47,2378.23,98729984,50380800,43563288,41.55,4137892
1770211028840,9134.90,2379.05,98942976,50380800,43784312,41.76,4147422
1770211028940,9135.01,2379.12,98942976,50380800,43785752,41.76,4147422
1770211029041,9137.96,2381.24,99155968,50380800,44006544,41.97,4148760
1770211029142,9138.21,2381.36,99155968,50380800,44007984,41.97,4148760
1770211029242,9138.48,2381.53,99155968,50380800,44009424,41.97,4148760
1770211029343,9141.64,2383.51,99368960,50380800,44230528,42.18,4158290
1770211029444,9141.92,2383.66,99368960,50380800,44231968,42.18,4158290
1770211029545,9144.05,2385.38,99581952,50380800,44452768,42.39,4159628
1770211029646,9144.18,2385.44,99581952,50380800,44454232,42.39,4159628
1770211029747,9144.32,2385.51,99581952,50380800,44455672,42.40,4159628
1770211029848,9152.38,2387.84,99811328,50380800,44677536,42.61,4169158
1770211029949,9152.55,2387.94,99811328,50380800,44678976,42.61,4169158
1770211030050,9157.56,2389.22,100007936,50380800,44899728,42.82,4170496
1770211030150,9157.68,2389.30,100007936,50380800,44901200,42.82,4170496
1770211030251,9157.83,2389.43,100024320,50380800,44902648,42.82,4170496
1770211030352,9162.75,2390.81,100237312,50380800,45123424,43.03,4180026
1770211030454,9162.98,2390.94,100237312,50380800,45124872,43.03,4180026
1770211030554,9164.71,2391.99,100450304,50380800,45345016,43.24,4181364
1770211030655,9164.83,2392.04,100450304,50380800,45346488,43.25,4181364
1770211030756,9164.97,2392.10,100450304,50380800,45347936,43.25,4181364
1770211030857,9173.05,2394.02,100515840,50380800,43597776,41.58,4137892
1770211030958,9173.14,2394.07,100515840,50380800,43599224,41.58,4137892
1770211031060,9175.85,2395.34,100515840,50380800,43814192,41.78,4139230
1770211031160,9175.98,2395.41,100515840,50380800,43815640,41.79,4139230
1770211031261,9176.19,2395.53,100515840,50380800,43817088,41.79,4139230
1770211031363,9188.93,2397.60,100532224,50380800,44032792,41.99,4148760
1770211031464,9189.22,2397.77,100532224,50380800,44034240,41.99,4148760
1770211031565,9195.72,2399.68,100532224,50380800,44246624,42.20,4150098
1770211031666,9195.94,2399.80,100532224,50380800,44248096,42.20,4150098
1770211031767,9196.21,2399.94,100532224,50380800,44249544,42.20,4150098
1770211031869,9201.73,2402.06,100597760,50380800,44461872,42.40,4159628
1770211031970,9201.98,2402.19,100597760,50380800,44463320,42.40,4159628
1770211032071,9205.76,2404.29,100827136,50380800,44674848,42.61,4160966
1770211032172,9206.03,2404.44,100827136,50380800,44676320,42.61,4160966
1770211032273,9206.28,2404.57,100827136,50380800,44677768,42.61,4160966
1770211032374,9209.17,2406.20,101040128,50380800,44889344,42.81,4170496
1770211032475,9209.46,2406.36,101040128,50380800,44890792,42.81,4170496
1770211032577,9216.50,2408.43,101236736,50380800,45102408,43.01,4171834
1770211032677,9216.75,2408.53,101236736,50380800,45103880,43.01,4171834
1770211032778,9216.88,2408.62,101236736,50380800,45105328,43.02,4171834
1770211032879,9220.63,2410.46,101482496,50380800,45458480,43.35,4181364
1770211032980,9220.89,2410.60,101482496,50380800,45459928,43.35,4181364
1770211033080,9224.59,2413.13,98467840,47235072,43714920,41.69,4137892
1770211033181,9224.78,2413.24,98467840,47235072,43716360,41.69,4137892
1770211033282,9225.01,2413.38,98467840,47235072,43717800,41.69,4137892
1770211033382,9235.26,2415.47,98467840,47235072,43929568,41.89,4147422
1770211033484,9235.51,2415.61,98467840,47235072,43931008,41.90,4147422
1770211033584,9238.47,2417.42,98467840,47235072,44142384,42.10,4148760
1770211033686,9238.67,2417.53,98467840,47235072,44143824,42.10,4148760
1770211033787,9238.92,2417.67,98467840,47235072,44145264,42.10,4148760
1770211033887,9250.86,2419.61,98484224,47235072,44357320,42.30,4158290
1770211033987,9251.13,2419.73,98484224,47235072,44358760,42.30,4158290
1770211034088,9254.95,2422.05,97583104,47235072,43611704,41.59,4159628
1770211034189,9255.18,2422.18,97583104,47235072,43613144,41.59,4159628
1770211034290,9255.44,2422.33,97583104,47235072,43614584,41.59,4159628
1770211034392,9270.19,2424.41,97779712,47235072,43826064,41.80,4146751
1770211034492,9270.44,2424.56,97779712,47235072,43827504,41.80,4146751
1770211034593,9273.52,2426.64,97992704,47235072,44038416,42.00,4148089
1770211034694,9273.72,2426.72,97992704,47235072,44039856,42.00,4148089
1770211034795,9273.97,2426.85,97992704,47235072,44041296,42.00,4148089
1770211034897,9276.42,2428.63,98222080,47235072,44252544,42.20,4157619
1770211034998,9276.68,2428.78,98222080,47235072,44253984,42.20,4157619
1770211035099,9279.74,2430.82,98435072,47235072,44465576,42.41,4158957
1770211035200,9279.93,2430.92,98435072,47235072,44467016,42.41,4158957
1770211035301,9280.16,2431.06,98435072,47235072,44468456,42.41,4158957
1770211035401,9305.63,2433.11,97714176,47235072,43708440,41.68,4168487
1770211035502,9305.87,2433.25,97714176,47235072,43709880,41.68,4168487
1770211035603,9308.87,2435.29,97910784,47235072,43919568,41.88,4138559
1770211035705,9309.08,2435.41,97910784,47235072,43921008,41.89,4138559
1770211035805,9309.34,2435.59,97910784,47235072,43922448,41.89,4138559
1770211035906,9344.78,2437.80,98123776,47235072,44133240,42.09,4148089
1770211036007,9345.00,2437.91,98140160,47235072,44134680,42.09,4148089
1770211036108,9347.73,2439.97,98336768,47235072,44341544,42.29,4149427
1770211036209,9347.92,2440.08,98336768,47235072,44342984,42.29,4149427
1770211036310,9348.17,2440.22,98336768,47235072,44344424,42.29,4149427
1770211036411,9350.92,2442.29,98533376,47235072,44551480,42.49,4158957
1770211036512,9351.18,2442.43,98533376,47235072,44552920,42.49,4158957
1770211036612,9354.56,2444.38,97828864,47235072,43798760,41.77,4137892
1770211036714,9354.76,2444.50,97828864,47235072,43800200,41.77,4137892
1770211036813,9354.99,2444.62,97828864,47235072,43801640,41.77,4137892
1770211036914,9357.62,2446.62,98025472,47235072,44008776,41.97,4147422
1770211037015,9357.87,2446.74,98025472,47235072,44010216,41.97,4147422
1770211037116,9371.72,2448.88,98222080,47235072,44220640,42.17,4148760
1770211037217,9371.94,2449.01,98222080,47235072,44222080,42.17,4148760
1770211037317,9372.18,2449.15,98222080,47235072,44223520,42.17,4148760
1770211037418,9375.03,2451.20,98418688,47235072,44430608,42.37,4158290
1770211037520,9375.30,2451.36,98418688,47235072,44432048,42.37,4158290
1770211037621,9378.96,2453.66,97714176,47497216,43703056,41.68,4159628
1770211037721,9379.23,2453.78,97714176,47497216,43704496,41.68,4159628
1770211037825,9381.33,2455.17,97812480,47497216,43809336,41.78,4146084
1770211037926,9382.33,2455.94,97910784,47497216,43912912,41.88,4146751
1770211038027,9382.61,2456.09,97927168,47497216,43914352,41.88,4146751
1770211038129,9387.27,2458.22,98123776,47497216,44121312,42.08,4148089
1770211038229,9387.48,2458.33,98123776,47497216,44122752,42.08,4148089
1770211038329,9390.59,2460.74,98320384,47497216,44329736,42.28,4157619
1770211038430,9390.74,2460.82,98320384,47497216,44331176,42.28,4157619
1770211038530,9390.99,2460.97,98320384,47497216,44332616,42.28,4157619
1770211038631,9398.81,2463.13,98516992,47497216,44539776,42.48,4158957
1770211038732,9399.01,2463.25,98516992,47497216,44541216,42.48,4158957
1770211038832,9402.33,2465.35,97812480,47497216,43774664,41.75,4168487
1770211038932,9402.48,2465.42,97812480,47497216,43776104,41.75,4168487
1770211039033,9402.72,2465.55,97812480,47497216,43777544,41.75,4168487
1770211039135,9407.00,2467.53,98025472,47497216,43988728,41.95,4138559
