timestamp,cpu_user,cpu_system,rss,heapTotal,heapUsed,heapUsedMB,external
1770211043872,282.78,80.06,155500544,70828032,46472928,44.32,4119532
1770211043972,282.89,80.11,155500544,70828032,46477736,44.32,4119588
1770211044073,283.09,80.17,155500544,70828032,46480400,44.33,4119588
1770211044174,283.78,80.27,155516928,70828032,46510584,44.36,4119588
1770211044275,284.16,80.36,155516928,70828032,46513224,44.36,4119588
1770211044376,284.41,80.42,155516928,70828032,46515656,44.36,4119588
1770211044477,284.77,80.53,155516928,70828032,46517960,44.36,4119588
1770211044577,285.13,80.67,155516928,70828032,46520264,44.37,4119588
1770211044678,285.60,80.80,155533312,70828032,46522568,44.37,4119588
1770211044779,286.01,80.90,155533312,70828032,46524968,44.37,4119588
1770211044880,286.26,80.99,155549696,70828032,46527368,44.37,4119588
1770211044981,286.58,81.13,155549696,70828032,46529496,44.37,4119588
1770211045082,287.15,81.28,155549696,70828032,46531944,44.38,4119588
1770211045183,287.58,81.45,155549696,70828032,46533992,44.38,4119588
1770211045283,287.90,81.60,155549696,70828032,46536040,44.38,4119588
1770211045384,288.03,81.67,155549696,70828032,46538088,44.38,4119588
1770211045485,292.58,82.34,155860992,71090176,47113496,44.93,4129114
1770211045586,292.71,82.39,155860992,71090176,47115568,44.93,4129114
1770211045686,296.50,83.49,155992064,71352320,47476552,45.28,4129783
1770211045788,298.83,84.33,156041216,71352320,47621320,45.42,4130448
1770211045888,299.20,84.48,156041216,71352320,47623392,45.42,4130448
1770211045990,305.00,86.72,156106752,71352320,47905992,45.69,4139974
1770211046090,305.32,86.84,156106752,71352320,47908064,45.69,4139974
1770211046190,308.41,88.15,156139520,71352320,48049296,45.82,4140643
1770211046292,310.40,88.99,156172288,71352320,48188360,45.96,4141308
1770211046391,310.79,89.16,156172288,71352320,48190432,45.96,4141308
1770211046493,316.61,91.14,156270592,71352320,48468608,46.22,4150834
1770211046594,316.98,91.28,156270592,71352320,48470680,46.23,4150834
1770211046694,319.78,92.43,156336128,71614464,48646072,46.39,4151503
1770211046795,325.59,93.70,156647424,71876608,49199632,46.92,4152168
1770211046896,325.86,93.84,156647424,71876608,49201704,46.92,4152168
1770211046997,330.25,95.81,156696576,71876608,49479144,47.19,4161694
1770211047097,330.55,95.97,156696576,71876608,49481216,47.19,4161694
1770211047197,332.03,97.19,156712960,71876608,49762384,47.46,4163028
1770211047298,332.13,97.24,156712960,71876608,49764456,47.46,4163028
1770211047399,332.32,97.31,156712960,71876608,49766504,47.46,4163028
1770211047500,336.38,99.50,156729344,71876608,50044072,47.73,4172554
1770211047601,336.63,99.62,156729344,71876608,50046192,47.73,4172554
1770211047701,339.73,101.60,156729344,71876608,50323432,47.99,4173888
1770211047803,339.92,101.69,156729344,71876608,50325520,47.99,4173888
1770211047903,340.31,101.90,156729344,71876608,50327584,48.00,4173888
1770211048004,354.50,109.09,164397056,79740928,45978120,43.85,4183416
1770211048104,354.78,109.20,164397056,79740928,45980208,43.85,4183416
1770211048204,357.18,110.36,164397056,79740928,46120416,43.98,4124672
1770211048305,358.56,111.05,164397056,79740928,46259584,44.12,4125338
1770211048406,358.89,111.21,164397056,79740928,46261672,44.12,4125338
1770211048507,364.50,113.38,164413440,79740928,46539344,44.38,4134866
1770211048608,364.77,113.49,164413440,79740928,46541432,44.39,4134866
1770211048709,368.21,115.42,164413440,79740928,46818752,44.65,4136202
1770211048810,368.42,115.53,164413440,79740928,46820840,44.65,4136202
1770211048912,368.76,115.70,164413440,79740928,46822904,44.65,4136202
1770211049012,372.07,117.57,164413440,79740928,47100552,44.92,4145730
1770211049113,372.36,117.69,164413440,79740928,47102640,44.92,4145730
1770211049213,376.68,119.67,164429824,79740928,47379968,45.19,4147066
1770211049314,376.86,119.74,164429824,79740928,47382056,45.19,4147066
1770211049415,377.07,119.83,164429824,79740928,47384120,45.19,4147066
1770211049516,381.71,121.79,164429824,79740928,47661784,45.45,4156594
1770211049617,382.04,121.95,164429824,79740928,47663872,45.46,4156594
1770211049717,385.83,123.93,164429824,79740928,47941232,45.72,4157930
1770211049818,386.10,124.03,164429824,79740928,47943376,45.72,4157930
1770211049919,386.41,124.17,164429824,79740928,47945440,45.72,4157930
1770211050021,391.28,126.39,164446208,79740928,48223152,45.99,4167458
1770211050121,391.61,126.53,164446208,79740928,48225240,45.99,4167458
1770211050221,399.01,128.76,164511744,79740928,48503136,46.26,4168794
1770211050321,399.85,128.85,164511744,79740928,48505416,46.26,4168794
1770211050422,400.18,129.01,164511744,79740928,48507480,46.26,4168794
1770211050522,403.65,131.07,164511744,79740928,48785080,46.53,4178322
1770211050624,403.95,131.18,164511744,79740928,48787168,46.53,4178322
1770211050725,408.50,133.04,164511744,79740928,49085616,46.81,4179658
1770211050826,408.70,133.10,164511744,79740928,49087704,46.81,4179658
1770211050927,409.03,133.24,164511744,79740928,49089768,46.82,4179658
1770211051027,412.59,135.15,164511744,79740928,49367328,47.08,4189186
1770211051128,412.93,135.29,164511744,79740928,49369416,47.08,4189186
1770211051228,418.71,137.41,164544512,79740928,49646752,47.35,4190522
1770211051329,418.92,137.48,164544512,79740928,49648840,47.35,4190522
1770211051430,419.22,137.62,164544512,79740928,49650904,47.35,4190522
1770211051532,423.37,139.73,164560896,79740928,49928528,47.62,4200050
1770211051633,423.70,139.86,164560896,79740928,49930616,47.62,4200050
1770211051734,428.15,141.92,164560896,79740928,50208016,47.88,4201386
1770211051835,428.38,142.01,164560896,79740928,50210104,47.88,4201386
1770211051936,504.59,154.61,132005888,46448640,39660592,37.82,4118831
1770211052037,513.31,156.47,132005888,46448640,39995832,38.14,4128359
1770211052137,513.62,156.60,132005888,46448640,39997888,38.14,4128359
1770211052238,517.00,158.46,132005888,46448640,40278416,38.41,4129695
1770211052340,517.16,158.51,132005888,46448640,40280472,38.41,4129695
1770211052441,517.48,158.65,132005888,46448640,40282504,38.42,4129695
1770211052542,597.16,166.72,128401408,43827200,39598640,37.76,4118831
1770211052642,597.51,166.82,128401408,43827200,39604328,37.77,4118831
1770211052743,606.35,168.65,128696320,43827200,39972496,38.12,4120167
1770211052844,606.61,168.76,128696320,43827200,39974504,38.12,4120167
1770211052945,606.83,168.86,128696320,43827200,39976488,38.12,4120167
1770211053046,610.49,170.92,128958464,43827200,40243680,38.38,4129695
1770211053147,682.86,175.62,128516096,43565056,39720080,37.88,4118831
1770211053248,692.35,177.42,128827392,43565056,40169696,38.31,4120167
1770211053349,692.64,177.53,128827392,43565056,40171704,38.31,4120167
1770211053448,692.96,177.70,128827392,43565056,40173688,38.31,4120167
1770211053550,694.81,179.18,129073152,43565056,40429976,38.56,4129695
1770211053650,695.02,179.29,129089536,43565056,40432136,38.56,4129695
1770211053750,698.23,181.12,129318912,43565056,40688200,38.80,4131031
1770211053851,699.19,181.53,129662976,46710784,39821304,37.98,4131031
1770211053952,699.44,181.66,129662976,46710784,39823288,37.98,4131031
1770211054054,705.94,183.79,129941504,46710784,40078744,38.22,4137887
1770211054154,706.25,183.91,129941504,46710784,40080752,38.22,4137887
1770211054255,711.62,186.09,130187264,46710784,40335144,38.47,4139223
1770211054355,711.82,186.16,130187264,46710784,40337152,38.47,4139223
1770211054456,712.12,186.28,130187264,46710784,40339136,38.47,4139223
1770211054558,721.48,188.41,130482176,46710784,40726920,38.84,4148751
1770211054657,721.71,188.51,130482176,46710784,40728928,38.84,4148751
1770211054759,724.93,190.47,130711552,46710784,40981328,39.08,4150087
1770211054860,725.22,190.60,130727936,46710784,40983336,39.08,4150087
1770211054961,725.55,190.73,130727936,46710784,40985320,39.09,4150087
1770211055062,729.14,192.83,130973696,46710784,41237952,39.33,4159615
1770211055163,729.40,192.95,130973696,46710784,41239960,39.33,4159615
1770211055263,732.65,194.85,131219456,46710784,41492352,39.57,4160951
1770211055364,732.94,194.97,131219456,46710784,41494360,39.57,4160951
1770211055465,733.23,195.10,131219456,46710784,41496344,39.57,4160951
1770211055566,736.82,197.18,131481600,46710784,41759024,39.82,4170479
1770211055667,737.15,197.37,131481600,46710784,41761032,39.83,4170479
1770211055768,743.03,199.46,131579904,46710784,40395096,38.52,4129695
1770211055869,743.27,199.56,131579904,46710784,40397080,38.53,4129695
1770211055969,743.58,199.69,131579904,46710784,40399064,38.53,4129695
1770211056070,747.60,201.84,131629056,46710784,40651800,38.77,4139223
1770211056171,747.88,201.97,131629056,46710784,40653784,38.77,4139223
1770211056272,751.11,203.96,131629056,46710784,40906104,39.01,4140559
1770211056373,751.28,204.06,131629056,46710784,40908112,39.01,4140559
1770211056473,751.50,204.16,131629056,46710784,40910096,39.01,4140559
1770211056575,765.29,206.37,131973120,46710784,41163976,39.26,4150087
1770211056676,765.53,206.49,131973120,46710784,41165960,39.26,4150087
1770211056776,768.68,208.55,132218880,46710784,41414816,39.50,4151423
1770211056877,768.86,208.63,132218880,46710784,41416824,39.50,4151423
1770211056978,769.10,208.76,132218880,46710784,41418808,39.50,4151423
1770211057079,774.17,210.77,132464640,46710784,41668120,39.74,4160951
1770211057180,774.41,210.88,132464640,46710784,41670104,39.74,4160951
1770211057281,777.47,212.83,132710400,46710784,41918952,39.98,4162287
1770211057382,777.64,212.94,132710400,46710784,41920960,39.98,4162287
1770211057484,777.87,213.05,132710400,46710784,41922944,39.98,4162287
1770211057585,783.08,214.59,132775936,46710784,40677640,38.79,4129695
1770211057686,783.32,214.69,132775936,46710784,40679624,38.80,4129695
1770211057787,790.02,216.62,132808704,46710784,40929032,39.03,4131031
1770211057888,790.24,216.73,132808704,46710784,40931016,39.03,4131031
1770211057988,790.50,216.87,132808704,46710784,40933000,39.04,4131031
1770211058090,794.60,218.65,132808704,46710784,41177248,39.27,4140559
1770211058190,794.91,218.75,132808704,46710784,41179232,39.27,4140559
1770211058291,800.11,220.70,132808704,46710784,41423096,39.50,4141895
1770211058392,800.32,220.81,132808704,46710784,41425104,39.51,4141895
1770211058494,800.60,220.95,132808704,46710784,41427088,39.51,4141895
1770211058594,807.35,222.92,132841472,46710784,41675720,39.75,4151423
1770211058694,807.61,223.04,132841472,46710784,41677704,39.75,4151423
1770211058795,811.02,224.91,132841472,46710784,41924448,39.98,4152759
1770211058896,811.22,224.99,132841472,46710784,41926456,39.98,4152759
1770211058998,811.50,225.13,132841472,46710784,41928440,39.99,4152759
1770211059098,816.60,227.04,132841472,46710784,42180376,40.23,4162287
1770211059199,816.87,227.17,132841472,46710784,42182360,40.23,4162287
1770211059300,824.50,228.78,132841472,46710784,40907416,39.01,4129695
1770211059402,824.69,228.88,132841472,46710784,40909400,39.01,4129695
1770211059502,824.97,229.01,132841472,46710784,40911384,39.02,4129695
1770211059603,830.10,231.00,132841472,46710784,41154720,39.25,4139223
1770211059704,830.42,231.15,132841472,46710784,41156704,39.25,4139223
1770211059805,834.07,233.21,132841472,46710784,41403512,39.49,4140559
1770211059906,834.39,233.35,132841472,46710784,41405496,39.49,4140559
1770211060007,834.74,233.51,132841472,46710784,41407480,39.49,4140559
1770211060108,837.81,235.33,132841472,46710784,41654856,39.73,4150087
1770211060209,838.14,235.48,132841472,46710784,41656840,39.73,4150087
1770211060310,842.48,237.43,132841472,46710784,41903168,39.96,4151423
1770211060412,842.65,237.49,132841472,46710784,41905152,39.96,4151423
1770211060511,842.93,237.61,132841472,46710784,41907136,39.97,4151423
1770211060613,845.99,239.51,132841472,46710784,42150520,40.20,4160951
1770211060714,846.32,239.66,132841472,46710784,42152504,40.20,4160951
1770211060815,857.56,241.76,132841472,46710784,42410656,40.45,4162287
1770211060916,857.76,241.85,132841472,46710784,42412640,40.45,4162287
1770211061017,858.02,241.97,132841472,46710784,42414624,40.45,4162287
1770211061119,863.91,243.64,132841472,46710784,41133888,39.23,4129695
1770211061220,864.36,243.83,132841472,46710784,41135872,39.23,4129695
1770211061322,872.18,245.94,132841472,46710784,41381400,39.46,4131031
1770211061423,872.50,246.06,132841472,46710784,41383384,39.47,4131031
1770211061525,872.83,246.22,132841472,46710784,41385368,39.47,4131031
1770211061626,883.63,248.30,132857856,46710784,41700328,39.77,4140559
1770211061727,883.91,248.43,132857856,46710784,41702312,39.77,4140559
1770211061828,913.83,251.21,133251072,46710784,41943376,40.00,4141895
1770211061930,913.98,251.28,133251072,46710784,41945360,40.00,4141895
1770211062029,914.17,251.41,133251072,46710784,41947344,40.00,4141895
1770211062130,922.65,253.76,133267456,46710784,42189952,40.24,4151423
1770211062231,922.92,253.91,133267456,46710784,42191936,40.24,4151423
1770211062332,928.94,256.33,133267456,46710784,42429232,40.46,4152759
1770211062433,929.17,256.42,133267456,46710784,42431216,40.47,4152759
1770211062534,929.37,256.51,133267456,46710784,42433200,40.47,4152759
1770211062635,935.11,258.86,133283840,46710784,42670872,40.69,4162287
1770211062735,935.41,258.99,133283840,46710784,42672856,40.70,4162287
1770211062836,955.21,261.00,133365760,46710784,41408472,39.49,4163623
1770211062937,955.35,261.06,133365760,46710784,41410480,39.49,4163623
1770211063038,955.52,261.14,133365760,46710784,41412464,39.49,4163623
1770211063139,959.26,263.43,133398528,46710784,41650320,39.72,4138553
1770211063240,959.55,263.54,133398528,46710784,41652328,39.72,4138553
1770211063341,963.01,265.50,133398528,46710784,41889640,39.95,4139889
1770211063442,963.31,265.64,133398528,46710784,41891648,39.95,4139889
1770211063543,963.59,265.77,133398528,46710784,41893632,39.95,4139889
1770211063644,966.30,268.00,133398528,46710784,42131184,40.18,4149417
1770211063746,966.61,268.12,133398528,46710784,42133192,40.18,4149417
1770211063846,970.79,270.15,133398528,46710784,42370488,40.41,4150753
1770211063948,971.03,270.25,133398528,46710784,42372496,40.41,4150753
1770211064049,971.31,270.37,133398528,46710784,42374480,40.41,4150753
1770211064150,983.06,273.03,133414912,46710784,42632752,40.66,4160281
1770211064252,983.34,273.17,133414912,46710784,42634760,40.66,4160281
1770211064353,988.09,275.30,133414912,46710784,42872592,40.89,4161617
1770211064454,988.34,275.43,133414912,46710784,42874600,40.89,4161617
1770211064555,990.03,276.64,133414912,46710784,42994912,41.00,4170479
1770211064656,993.06,277.80,133971968,51953664,41659208,39.73,4171145
1770211064758,993.36,277.94,133971968,51953664,41661216,39.73,4171145
1770211064859,1003.09,280.27,133988352,51953664,42137592,40.19,4130361
1770211064960,1003.39,280.40,133988352,51953664,42139600,40.19,4130361
1770211065061,1005.72,281.53,133988352,51953664,42259912,40.30,4139223
1770211065162,1006.93,282.29,134004736,51953664,42379024,40.42,4139889
1770211065262,1007.24,282.44,134004736,51953664,42381008,40.42,4139889
1770211065363,1011.32,284.48,134004736,51953664,42618320,40.64,4141225
1770211065464,1011.59,284.59,134004736,51953664,42620328,40.65,4141225
1770211065564,1015.20,285.88,134004736,51953664,42740640,40.76,4150087
1770211065665,1016.99,286.73,134004736,51953664,42859760,40.87,4150753
1770211065767,1017.27,286.86,134004736,51953664,42861744,40.88,4150753
1770211065868,1022.37,288.94,134004736,51953664,43099360,41.10,4152089
1770211065969,1022.61,289.05,134004736,51953664,43101368,41.10,4152089
1770211066070,1026.65,290.90,134004736,51953664,43338240,41.33,4161617
1770211066171,1037.24,291.02,134037504,51953664,43343064,41.34,4161617
1770211066272,1037.44,291.09,134037504,51953664,43345048,41.34,4161617
1770211066373,1039.77,293.15,134053888,51953664,43579080,41.56,4162953
1770211066474,1039.91,293.27,134053888,51953664,43581088,41.56,4162953
1770211066575,1042.82,295.41,134283264,51953664,43815248,41.79,4172481
1770211066676,1042.98,295.50,134283264,51953664,43817288,41.79,4172481
1770211066777,1043.12,295.58,134283264,51953664,43819272,41.79,4172481
1770211066878,1045.32,297.60,134594560,51953664,44053256,42.01,4173817
1770211066978,1045.44,297.65,134594560,51953664,44055264,42.01,4173817
1770211067078,1047.61,299.51,134774784,51953664,44289512,42.24,4183345
1770211067179,1047.80,299.62,134774784,51953664,44291520,42.24,4183345
1770211067280,1047.97,299.69,108232704,51953664,44293504,42.24,4183345
1770211067381,1058.95,301.43,99745792,51953664,44562176,42.50,4184681
1770211067482,1059.14,301.59,99745792,51953664,44564176,42.50,4184681
1770211067583,1061.49,303.61,96370688,51953664,44791600,42.72,4194209
1770211067684,1061.66,303.66,96370688,51953664,44793600,42.72,4194209
1770211067785,1061.97,303.80,96370688,51953664,44795576,42.72,4194209
1770211067887,1065.23,306.02,96583680,51953664,45022816,42.94,4195545
1770211067987,1065.44,306.11,96600064,51953664,45024816,42.94,4195545
1770211068088,1068.86,308.35,96813056,51953664,45252264,43.16,4205073
1770211068189,1069.06,308.42,96813056,51953664,45254264,43.16,4205073
1770211068290,1069.36,308.56,96813056,51953664,45256240,43.16,4205073
1770211068390,1072.58,310.67,97026048,51953664,45483496,43.38,4206409
1770211068491,1072.86,310.79,97026048,51953664,45485496,43.38,4206409
1770211068592,1078.35,313.26,97468416,52477952,42525504,40.56,4215937
1770211068694,1078.64,313.37,97468416,52477952,42527504,40.56,4215937
1770211068794,1078.94,313.50,97468416,52477952,42529480,40.56,4215937
1770211068895,1081.21,314.96,97435648,52477952,42756664,40.78,4130361
1770211068997,1081.46,315.05,97435648,52477952,42758640,40.78,4130361
1770211069097,1084.86,317.17,97435648,52477952,42986096,40.99,4139889
1770211069198,1085.08,317.25,97435648,52477952,42988072,41.00,4139889
1770211069299,1085.38,317.36,97435648,52477952,42990048,41.00,4139889
1770211069399,1088.72,319.40,97452032,52477952,43217256,41.22,4141225
1770211069501,1089.01,319.52,97452032,52477952,43219232,41.22,4141225
1770211069601,1093.51,321.62,97452032,52477952,43446864,41.43,4150753
1770211069701,1093.72,321.70,97452032,52477952,43448840,41.44,4150753
1770211069802,1094.02,321.84,97452032,52477952,43450816,41.44,4150753
1770211069903,1097.04,323.87,97452032,52477952,43677352,41.65,4152089
1770211070004,1097.33,324.00,97452032,52477952,43679328,41.66,4152089
1770211070105,1100.43,326.03,97501184,52477952,43906136,41.87,4161617
1770211070205,1100.65,326.13,97517568,52477952,43908112,41.87,4161617
1770211070306,1100.92,326.24,97468416,52477952,43910088,41.88,4161617
1770211070407,1105.44,328.63,97681408,52477952,44136608,42.09,4162953
1770211070508,1105.61,328.70,97681408,52477952,44138584,42.09,4162953
1770211070609,1110.89,330.76,97910784,52477952,44365456,42.31,4172483
1770211070709,1111.15,330.85,97910784,52477952,44367456,42.31,4172483
1770211070810,1111.45,330.96,97910784,52477952,44369432,42.31,4172483
1770211070911,1115.87,333.02,98140160,52477952,44596136,42.53,4173821
1770211071012,1116.11,333.11,98140160,52477952,44598136,42.53,4173821
1770211071113,1119.38,335.03,98353152,52477952,44824944,42.75,4183351
1770211071214,1119.52,335.09,98353152,52477952,44826944,42.75,4183351
1770211071315,1119.74,335.18,98369536,52477952,44828920,42.75,4183351
1770211071416,1122.82,337.26,98582528,52477952,45055272,42.97,4184689
1770211071516,1123.06,337.36,98582528,52477952,45057272,42.97,4184689
1770211071617,1126.42,339.52,98795520,52477952,45283880,43.19,4194219
1770211071718,1126.63,339.59,98795520,52477952,45285880,43.19,4194219
1770211071820,1126.84,339.70,98795520,52477952,45287856,43.19,4194219
1770211071919,1130.25,341.61,96354304,52477952,45514240,43.41,4195557
1770211072020,1130.48,341.80,96321536,52477952,45516240,43.41,4195557
1770211072121,1135.22,344.19,97058816,52740096,42944448,40.96,4205087
1770211072222,1135.39,344.27,97058816,52740096,42946448,40.96,4205087
1770211072323,1135.53,344.35,97058816,52740096,42948424,40.96,4205087
1770211072424,1138.07,346.59,97058816,52740096,43174776,41.17,4129697
1770211072525,1138.26,346.67,97058816,52740096,43176776,41.18,4129697
1770211072626,1141.30,348.46,97058816,52740096,43404464,41.39,4139227
1770211072727,1141.43,348.52,97058816,52740096,43406464,41.40,4139227
1770211072828,1141.59,348.62,97058816,52740096,43408440,41.40,4139227
1770211072929,1156.90,350.84,97124352,52740096,43636504,41.62,4140565
1770211073029,1157.14,351.00,97124352,52740096,43638504,41.62,4140565
1770211073129,1159.24,352.72,97124352,52740096,43864768,41.83,4150095
1770211073230,1159.38,352.81,97124352,52740096,43866768,41.83,4150095
1770211073331,1159.56,352.88,97124352,52740096,43868752,41.84,4150095
1770211073432,1166.00,354.69,97140736,52740096,44095344,42.05,4151433
1770211073532,1166.29,354.81,97140736,52740096,44097344,42.05,4151433
1770211073633,1169.13,357.54,97157120,52740096,44323576,42.27,4160963
1770211073734,1169.41,357.65,97157120,52740096,44325576,42.27,4160963
1770211073835,1170.12,357.81,97157120,52740096,44328776,42.28,4160963
1770211073936,1177.64,360.11,97157120,52740096,44555680,42.49,4162301
1770211074037,1177.86,360.24,97157120,52740096,44557680,42.49,4162301
1770211074138,1180.74,362.21,97157120,52740096,44783664,42.71,4171831
1770211074239,1180.94,362.28,97157120,52740096,44785664,42.71,4171831
1770211074340,1181.14,362.35,97157120,52740096,44787640,42.71,4171831
1770211074441,1183.94,364.33,97157120,52740096,45013344,42.93,4173169
1770211074542,1184.15,364.43,97157120,52740096,45015344,42.93,4173169
1770211074643,1188.80,366.60,97173504,52740096,45412168,43.31,4182699
1770211074744,1188.99,366.71,97173504,52740096,45414168,43.31,4182699
1770211074845,1189.12,366.77,97173504,52740096,45416144,43.31,4182699
1770211074946,1191.17,368.51,97173504,52740096,45641824,43.53,4184037
1770211075047,1191.33,368.61,97173504,52740096,45643824,43.53,4184037
1770211075148,1193.12,370.27,97173504,52740096,45869880,43.74,4193567
1770211075249,1193.32,370.39,97173504,52740096,45871880,43.75,4193567
1770211075350,1193.51,370.46,97173504,52740096,45873856,43.75,4193567
1770211075451,1196.26,372.32,97173504,52740096,46099616,43.96,4194905
1770211075552,1196.43,372.41,97173504,52740096,46101616,43.97,4194905
1770211075660,1244.55,376.59,103251968,65323008,47640640,45.43,4129030
1770211075761,1470.91,388.22,118177792,85508096,50473408,48.14,4118832
1770211075862,1471.00,388.25,118177792,85508096,50475464,48.14,4118832
1770211075963,1472.03,388.98,118177792,85508096,50721808,48.37,4120170
1770211076064,1472.23,389.05,118177792,85508096,50723816,48.37,4120170
1770211076165,1475.84,391.06,118177792,85508096,50974888,48.61,4129700
1770211076266,1476.04,391.16,118177792,85508096,50976896,48.62,4129700
1770211076367,1476.19,391.25,118177792,85508096,50978880,48.62,4129700
1770211076468,1478.30,392.80,118177792,85508096,51216560,48.84,4131038
1770211076569,1478.50,392.89,118177792,85508096,51218568,48.85,4131038
1770211076669,1482.33,394.88,118177792,85508096,51459256,49.08,4140568
1770211076770,1482.49,394.98,118177792,85508096,51461264,49.08,4140568
1770211076872,1482.71,395.08,118177792,85508096,51463248,49.08,4140568
1770211076972,1488.34,396.99,118177792,85508096,51712432,49.32,4141906
1770211077073,1488.63,397.13,117997568,85508096,51714440,49.32,4141906
1770211077174,1492.72,399.23,117997568,85508096,51951960,49.55,4151436
1770211077275,1492.87,399.32,117997568,85508096,51953968,49.55,4151436
1770211077376,1492.99,399.40,117997568,85508096,51955952,49.55,4151436
1770211077477,1496.20,401.10,117997568,85508096,52197216,49.78,4152774
1770211077578,1496.33,401.16,117997568,85508096,52199224,49.78,4152774
1770211077678,1498.73,403.10,117997568,85508096,52439040,50.01,4162304
1770211077779,1498.93,403.22,117997568,85508096,52441048,50.01,4162304
1770211077879,1499.08,403.32,117997568,85508096,52443032,50.01,4162304
1770211077979,1502.00,405.08,117997568,85508096,52682120,50.24,4163642
1770211078080,1502.27,405.23,117997568,85508096,52684128,50.24,4163642
1770211078181,1526.66,407.20,118620160,85508096,52949712,50.50,4173172
1770211078281,1526.78,407.27,118620160,85508096,52951720,50.50,4173172
1770211078382,1526.95,407.39,118620160,85508096,52953704,50.50,4173172
1770211078483,1549.50,409.69,118636544,85508096,53227744,50.76,4174510
1770211078584,1549.76,409.81,118636544,85508096,53229752,50.76,4174510
1770211078684,1553.03,411.93,118636544,85508096,53465888,50.99,4184040
1770211078784,1553.25,412.03,118636544,85508096,53467896,50.99,4184040
1770211078885,1553.46,412.15,118636544,85508096,53469880,50.99,4184040
1770211078986,1556.30,414.19,118636544,85508096,53707000,51.22,4185378
1770211079087,1556.55,414.32,118636544,85508096,53709008,51.22,4185378
1770211079188,1566.54,416.38,118636544,85508096,53947224,51.45,4194908
1770211079289,1566.71,416.47,118636544,85508096,53949232,51.45,4194908
1770211079390,1566.95,416.57,118636544,85508096,53951216,51.45,4194908
1770211079491,1570.66,418.71,118636544,85508096,54188144,51.68,4196246
1770211079592,1570.86,418.79,118636544,85508096,54190160,51.68,4196246
1770211079693,1576.87,420.76,118636544,85508096,54435352,51.91,4205776
1770211079794,1577.08,420.84,118636544,85508096,54437360,51.92,4205776
1770211079895,1577.34,420.97,118636544,85508096,54439344,51.92,4205776
1770211079996,1583.79,422.96,118636544,85508096,54684456,52.15,4207114
1770211080097,1584.06,423.11,118636544,85508096,54686464,52.15,4207114
1770211080198,1588.18,425.34,118636544,85508096,54923544,52.38,4216644
1770211080300,1588.40,425.44,118636544,85508096,54925552,52.38,4216644
1770211080403,1590.57,426.76,118636544,85508096,55047792,52.50,4217315
1770211080504,1592.89,427.63,118636544,85508096,55173608,52.62,4217982
1770211080605,1593.11,427.74,118636544,85508096,55175616,52.62,4217982
1770211080704,1595.64,429.50,118636544,85508096,55412608,52.85,4227512
1770211080805,1595.81,429.61,118636544,85508096,55414616,52.85,4227512
1770211080906,1598.98,431.40,118636544,85508096,55680488,53.10,4228850
1770211081007,1599.07,431.44,118636544,85508096,55682496,53.10,4228850
1770211081108,1599.20,431.50,118636544,85508096,55684480,53.10,4228850
1770211081209,1601.64,433.54,118669312,85508096,55921152,53.33,4238380
1770211081309,1601.83,433.64,118669312,85508096,55923160,53.33,4238380
1770211081409,1604.32,435.63,118685696,85508096,56159624,53.56,4239718
1770211081511,1604.51,435.69,118685696,85508096,56161632,53.56,4239718
1770211081611,1604.80,435.82,118685696,85508096,56163616,53.56,4239718
1770211081712,1607.79,437.68,118685696,85508096,56400512,53.79,4249248
1770211081813,1607.98,437.77,118685696,85508096,56402520,53.79,4249248
1770211081913,1610.30,439.55,118767616,85508096,56638952,54.02,4250586
1770211082015,1610.45,439.60,118767616,85508096,56640960,54.02,4250586
1770211082115,1610.72,439.71,118767616,85508096,56642944,54.02,4250586
1770211082216,1617.25,441.82,119013376,85508096,56880152,54.25,4260116
1770211082317,1617.42,441.93,119013376,85508096,56882160,54.25,4260116
1770211082417,1623.20,443.60,119242752,85508096,57150568,54.50,4261454
1770211082518,1623.31,443.66,119259136,85508096,57152576,54.50,4261454
1770211082619,1623.43,443.72,119259136,85508096,57154560,54.51,4261454
1770211082720,1626.02,445.65,119472128,85508096,57391168,54.73,4270984
1770211082821,1626.24,445.78,119488512,85508096,57393176,54.73,4270984
1770211082922,1628.25,447.52,119701504,85508096,57629560,54.96,4272322
1770211083023,1628.39,447.60,119701504,85508096,57631568,54.96,4272322
1770211083124,1628.56,447.69,119701504,85508096,57633552,54.96,4272322
1770211083225,1630.62,449.45,119963648,85508096,57870160,55.19,4281852
1770211083326,1630.86,449.61,119963648,85508096,57872168,55.19,4281852
1770211083427,1633.95,451.26,120193024,85508096,58109224,55.42,4283190
1770211083528,1634.07,451.32,120193024,85508096,58111232,55.42,4283190
1770211083629,1634.24,451.42,120193024,85508096,58113216,55.42,4283190
1770211083730,1638.50,455.20,120438784,85508096,58350272,55.65,4292720
1770211083831,1638.66,455.29,120438784,85508096,58352280,55.65,4292720
1770211083932,1641.69,457.41,120668160,85508096,58588112,55.87,4294058
1770211084034,1641.89,457.50,120668160,85508096,58590120,55.88,4294058
1770211084135,1642.15,457.64,120668160,85508096,58592104,55.88,4294058
1770211084236,1648.69,459.58,120897536,85508096,58828440,56.10,4303588
1770211084337,1648.96,459.72,120913920,85508096,58830448,56.11,4303588
1770211084438,1652.92,461.66,121126912,85508096,59064696,56.33,4304926
1770211084539,1653.10,461.74,121126912,85508096,59066704,56.33,4304926
1770211084640,1653.39,461.86,121126912,85508096,59068688,56.33,4304926
1770211084741,1659.62,464.03,121356288,85508096,59332448,56.58,4314456
1770211084842,1659.90,464.17,121356288,85508096,59334456,56.59,4314456
1770211084944,1665.87,466.10,121585664,85508096,59568376,56.81,4315794
1770211085045,1666.12,466.23,121585664,85508096,59570384,56.81,4315794
1770211085146,1667.78,466.38,121585664,85508096,59572608,56.81,4315794
1770211085247,1670.27,468.32,121815040,85508096,59806568,57.04,4325324
1770211085348,1670.57,468.47,121831424,85508096,59808576,57.04,4325324
1770211085449,1673.28,470.60,122044416,85508096,60042296,57.26,4326662
1770211085549,1673.51,470.73,122044416,85508096,60044304,57.26,4326662
1770211085650,1673.79,470.88,122044416,85508096,60046288,57.26,4326662
1770211085750,1676.74,472.83,122273792,85508096,60280160,57.49,4336192
1770211085851,1677.01,472.94,122273792,85508096,60282168,57.49,4336192
1770211085952,1679.97,475.07,122503168,85508096,60515888,57.71,4337530
1770211086053,1680.21,475.17,122503168,85508096,60517896,57.71,4337530
1770211086154,1680.49,475.27,122503168,85508096,60519880,57.72,4337530
1770211086255,1683.57,477.59,122732544,85508096,60775840,57.96,4347060
1770211086357,1683.85,477.70,122732544,85508096,60777848,57.96,4347060
1770211086457,1686.90,479.75,122994688,85508096,61011544,58.19,4348398
1770211086558,1687.08,479.84,122994688,85508096,61013552,58.19,4348398
1770211086659,1687.26,479.90,122994688,85508096,61015536,58.19,4348398
1770211086760,1691.51,481.85,123224064,85508096,61249928,58.41,4357928
1770211086860,1691.78,481.99,123224064,85508096,61251936,58.41,4357928
1770211086961,1700.36,484.22,123437056,85508096,61497432,58.65,4359266
1770211087061,1700.62,484.35,123437056,85508096,61499440,58.65,4359266
1770211087162,1700.89,484.47,123453440,85508096,61501424,58.65,4359266
1770211087263,1702.89,486.00,123682816,85508096,61735264,58.88,4368796
1770211087364,1703.17,486.16,123682816,85508096,61737272,58.88,4368796
1770211087465,1710.31,488.59,123944960,85508096,61999720,59.13,4370134
1770211087566,1710.51,488.71,123944960,85508096,62001728,59.13,4370134
1770211087666,1710.66,488.79,123944960,85508096,62003712,59.13,4370134
1770211087768,1714.09,490.93,124174336,85508096,62237496,59.35,4379664
1770211087869,1714.39,491.12,124174336,85508096,62239504,59.36,4379664
1770211087969,1717.07,493.24,124387328,85508096,62473136,59.58,4381002
1770211088069,1717.29,493.35,124387328,85508096,62475144,59.58,4381002
1770211088170,1717.55,493.49,124387328,85508096,62477128,59.58,4381002
1770211088270,1721.54,495.56,124665856,85508096,62781008,59.87,4390532
1770211088371,1721.81,495.69,124665856,85508096,62783016,59.87,4390532
1770211088471,1725.52,497.76,124895232,85508096,63016688,60.10,4391870
1770211088572,1725.75,497.88,124895232,85508096,63018696,60.10,4391870
1770211088673,1726.01,498.00,124895232,85508096,63020680,60.10,4391870
1770211088774,1728.70,500.09,125108224,85508096,63258288,60.33,4401400
1770211088875,1728.87,500.17,125124608,85508096,63260296,60.33,4401400
1770211088976,1730.72,501.79,125370368,85508096,63512848,60.57,4402738
1770211089077,1730.89,501.88,125370368,85508096,63514856,60.57,4402738
1770211089177,1731.14,501.99,125370368,85508096,63516840,60.57,4402738
1770211089279,1734.30,504.31,125616128,85508096,63750680,60.80,4412268
1770211089380,1734.50,504.42,125616128,85508096,63752688,60.80,4412268
1770211089481,1737.06,506.41,125845504,85508096,63986264,61.02,4413606
1770211089583,1737.26,506.50,125845504,85508096,63988272,61.02,4413606
1770211089684,1737.53,506.64,125845504,85508096,63990368,61.03,4413606
1770211089784,1742.98,508.77,126074880,85508096,64224320,61.25,4423136
1770211089885,1743.27,508.94,126074880,85508096,64226328,61.25,4423136
1770211089986,1746.24,511.14,126304256,85508096,64459928,61.47,4424474
1770211090087,1746.49,511.28,126304256,85508096,64461936,61.48,4424474
1770211090188,1746.77,511.40,126304256,85508096,64463920,61.48,4424474
1770211090289,1752.73,513.60,126533632,85508096,64719208,61.72,4434004
1770211090391,1753.04,513.77,126550016,85508096,64721216,61.72,4434004
1770211090491,1758.72,516.10,126763008,85508096,64954392,61.95,4435342
1770211090592,1759.01,516.24,126763008,85508096,64956400,61.95,4435342
1770211090693,1759.27,516.36,126763008,85508096,64958384,61.95,4435342
1770211090794,1769.60,518.38,126844928,85508096,51221968,48.85,4129700
1770211090895,1769.90,518.59,126844928,85508096,51223976,48.85,4129700
1770211090996,1773.45,520.92,126844928,85508096,51456072,49.07,4131038
1770211091097,1773.75,521.07,126844928,85508096,51458056,49.07,4131038
1770211091198,1774.04,521.21,126844928,85508096,51460040,49.08,4131038
1770211091299,1780.27,523.28,126844928,85508096,51693056,49.30,4140568
1770211091400,1780.49,523.37,126844928,85508096,51695040,49.30,4140568
1770211091501,1787.89,525.50,126844928,85508096,51952656,49.55,4141906
1770211091601,1788.07,525.61,126844928,85508096,51954640,49.55,4141906
1770211091701,1788.29,525.70,126844928,85508096,51956624,49.55,4141906
1770211091801,1791.57,527.88,126861312,85508096,52186016,49.77,4151436
1770211091902,1791.83,528.01,126861312,85508096,52188000,49.77,4151436
1770211092003,1806.81,530.45,126877696,85508096,52419416,49.99,4152774
1770211092104,1807.10,530.58,126877696,85508096,52421400,49.99,4152774
1770211092205,1807.40,530.75,126877696,85508096,52423384,49.99,4152774
1770211092306,1811.01,532.96,126877696,85508096,52651816,50.21,4162304
1770211092406,1811.27,533.08,126877696,85508096,52653800,50.21,4162304
1770211092508,1827.30,535.29,126877696,85508096,52911560,50.46,4163642
1770211092609,1827.56,535.40,126877696,85508096,52913544,50.46,4163642
1770211092710,1827.87,535.54,126877696,85508096,52915528,50.46,4163642
1770211092810,1831.43,537.78,126894080,85508096,53143832,50.68,4173172
1770211092911,1831.74,537.96,126894080,85508096,53145816,50.68,4173172
1770211093012,1835.97,540.03,126894080,85508096,53373960,50.90,4174510
1770211093113,1836.26,540.15,126894080,85508096,53375944,50.90,4174510
1770211093214,1836.52,540.27,126894080,85508096,53377928,50.91,4174510
1770211093315,1839.18,542.29,126894080,85508096,53606176,51.12,4184040
1770211093416,1839.46,542.43,126894080,85508096,53608160,51.12,4184040
1770211093517,1842.94,544.75,126894080,85508096,53836216,51.34,4185378
1770211093617,1843.22,544.87,126894080,85508096,53838200,51.34,4185378
1770211093717,1843.48,544.99,126894080,85508096,53840184,51.35,4185378
1770211093819,1846.39,547.24,126910464,85508096,54068432,51.56,4194908
1770211093920,1846.61,547.38,126910464,85508096,54070416,51.57,4194908
1770211094021,1857.49,549.60,126926848,85508096,54329992,51.81,4196246
1770211094122,1857.63,549.67,126926848,85508096,54331976,51.82,4196246
1770211094224,1859.46,550.72,126926848,85508096,54446416,51.92,4205109
1770211094325,1881.43,551.69,126926848,85508096,54562032,52.03,4205776
1770211094426,1881.64,551.82,126926848,85508096,54564016,52.04,4205776
1770211094527,1913.08,554.18,126992384,85770240,55027912,52.48,4207114
1770211094628,1913.22,554.24,126992384,85770240,55029896,52.48,4207114
1770211094730,1916.52,556.46,127008768,85770240,55250656,52.69,4216644
1770211094831,1916.78,556.56,127008768,85770240,55252640,52.69,4216644
1770211094932,1917.07,556.71,127008768,85770240,55254624,52.69,4216644
1770211095033,1920.54,558.93,127008768,85770240,55475376,52.91,4217982
1770211095134,1920.81,559.03,127008768,85770240,55477360,52.91,4217982
1770211095234,1924.17,561.27,127008768,85770240,55698088,53.12,4227512
1770211095335,1924.36,561.34,127008768,85770240,55700072,53.12,4227512
1770211095436,1924.61,561.46,127008768,85770240,55702056,53.12,4227512
1770211095536,1926.23,562.84,127008768,85770240,55922640,53.33,4228850
1770211095637,1926.41,562.95,127008768,85770240,55924624,53.33,4228850
1770211095737,1928.70,564.64,127025152,85770240,56145416,53.54,4238380
1770211095838,1928.89,564.72,127025152,85770240,56147400,53.55,4238380
1770211095939,1929.14,564.82,127025152,85770240,56149384,53.55,4238380
1770211096040,1931.72,566.64,127025152,85770240,56370016,53.76,4239718
1770211096142,1932.01,566.78,127025152,85770240,56372000,53.76,4239718
1770211096242,1941.79,569.05,127025152,85770240,56646808,54.02,4249248
1770211096342,1941.99,569.13,127025152,85770240,56648816,54.02,4249248
1770211096442,1942.26,569.25,127025152,85770240,56650800,54.03,4249248
1770211096543,1945.03,571.27,127025152,85770240,56871408,54.24,4250586
1770211096644,1945.22,571.38,127025152,85770240,56873392,54.24,4250586
1770211096745,1948.24,573.43,127041536,85770240,57094280,54.45,4260116
1770211096846,1948.46,573.51,127041536,85770240,57096264,54.45,4260116
1770211096946,1948.75,573.65,127041536,85770240,57098248,54.45,4260116
1770211097047,1952.80,575.88,127238144,85770240,57341192,54.68,4261454
1770211097148,1952.97,575.94,127238144,85770240,57343176,54.69,4261454
1770211097248,1955.22,577.96,127451136,85770240,57563976,54.90,4270984
1770211097349,1955.33,578.01,127451136,85770240,57565960,54.90,4270984
1770211097450,1955.47,578.11,127451136,85770240,57567944,54.90,4270984
1770211097551,1957.44,579.81,127664128,85770240,57788488,55.11,4272322
1770211097652,1957.59,579.95,127664128,85770240,57790472,55.11,4272322
1770211097752,1959.14,581.64,127893504,85770240,58011616,55.32,4281852
1770211097853,1959.27,581.71,127893504,85770240,58013600,55.33,4281852
1770211097954,1959.42,581.80,127893504,85770240,58015584,55.33,4281852
1770211098055,1961.24,583.45,128106496,85770240,58236208,55.54,4283190
1770211098156,1961.40,583.55,128106496,85770240,58238192,55.54,4283190
1770211098257,1966.41,585.91,128319488,85770240,58459760,55.75,4292720
1770211098358,1966.59,586.00,128319488,85770240,58461744,55.75,4292720
1770211098459,1966.88,586.13,128319488,85770240,58463728,55.76,4292720
1770211098560,1977.92,588.40,128532480,85770240,58702624,55.98,4294058
1770211098662,1978.19,588.55,128532480,85770240,58704608,55.99,4294058
1770211098763,1980.72,590.45,128745472,85770240,58922824,56.19,4303588
1770211098864,1980.84,590.50,128745472,85770240,58924808,56.20,4303588
1770211098965,1981.00,590.61,128745472,85770240,58926792,56.20,4303588
1770211099066,1983.44,592.46,128958464,85770240,59144712,56.40,4304926
1770211099167,1983.74,592.58,128958464,85770240,59146696,56.41,4304926
1770211099267,1985.48,594.25,129155072,85770240,59364872,56.61,4314456
1770211099368,1985.63,594.35,129171456,85770240,59366856,56.62,4314456
1770211099470,1985.85,594.46,129171456,85770240,59368840,56.62,4314456
1770211099571,1988.40,596.56,129368064,85770240,59586752,56.83,4315794
1770211099672,1988.65,596.72,129368064,85770240,59588736,56.83,4315794
1770211099772,1990.35,598.25,129581056,85770240,59806888,57.04,4325324
1770211099873,1990.49,598.33,129581056,85770240,59808872,57.04,4325324
1770211099974,1990.67,598.43,129581056,85770240,59810856,57.04,4325324
1770211100075,1993.06,600.66,129794048,85770240,60031744,57.25,4326662
1770211100176,1993.37,600.87,129810432,85770240,60033752,57.25,4326662
1770211100276,1996.53,602.93,130007040,85770240,60255776,57.46,4336192
1770211100377,1996.72,603.02,130007040,85770240,60257760,57.47,4336192
1770211100478,1996.93,603.11,130007040,85770240,60259744,57.47,4336192
1770211100579,2003.85,605.36,130236416,85770240,60528544,57.72,4337530
1770211100679,2004.10,605.50,130236416,85770240,60530528,57.73,4337530
1770211100780,2006.22,607.25,130449408,85770240,60748792,57.93,4347060
1770211100882,2006.38,607.30,129040384,85770240,60750776,57.94,4347060
1770211100983,2006.63,607.43,129040384,85770240,60752760,57.94,4347060
1770211101085,2009.23,609.47,129253376,85770240,60970840,58.15,4348398
1770211101185,2009.50,609.60,129253376,85770240,60972824,58.15,4348398
1770211101286,2017.07,612.03,129449984,85770240,61191608,58.36,4357928
1770211101388,2017.31,612.14,129449984,85770240,61193592,58.36,4357928
1770211101489,2017.62,612.30,129466368,85770240,61195576,58.36,4357928
1770211101590,2021.08,614.59,129679360,85770240,61413472,58.57,4359266
1770211101691,2021.38,614.77,129679360,85770240,61415480,58.57,4359266
1770211101792,2025.14,617.29,129908736,85770240,61633592,58.78,4368796
1770211101893,2025.41,617.41,129908736,85770240,61635576,58.78,4368796
1770211101994,2025.65,617.58,129908736,85770240,61637560,58.78,4368796
1770211102095,2027.53,619.74,130105344,85770240,61855512,58.99,4370134
1770211102196,2027.74,619.87,130105344,85770240,61857496,58.99,4370134
1770211102297,2030.50,621.88,130318336,85770240,62075608,59.20,4379664
1770211102398,2030.70,621.97,130318336,85770240,62077592,59.20,4379664
1770211102499,2031.03,622.29,130318336,85770240,62079576,59.20,4379664
1770211102600,2033.97,624.26,130531328,85770240,62297496,59.41,4381002
1770211102701,2034.27,624.42,130531328,85770240,62299480,59.41,4381002
1770211102802,2036.74,626.61,130744320,85770240,62517592,59.62,4390532
1770211102903,2037.00,626.73,130744320,85770240,62519576,59.62,4390532
1770211103004,2037.31,626.88,130744320,85770240,62521560,59.63,4390532
1770211103105,2041.81,629.07,130957312,85770240,62739816,59.83,4391870
1770211103206,2042.06,629.21,130973696,85770240,62741800,59.84,4391870
1770211103307,2045.11,631.27,131170304,85770240,62959936,60.04,4401400
1770211103408,2045.38,631.39,131170304,85770240,62961920,60.05,4401400
1770211103509,2045.65,631.52,131170304,85770240,62963904,60.05,4401400
1770211103610,2048.27,633.52,131399680,85770240,63181792,60.25,4402738
1770211103711,2048.55,633.66,131399680,85770240,63183776,60.26,4402738
1770211103812,2053.26,636.11,131629056,85770240,63436504,60.50,4412276
1770211103913,2053.53,636.22,131629056,85770240,63438512,60.50,4412276
1770211104014,2053.83,636.38,131645440,85770240,63440496,60.50,4412276
1770211104115,2057.08,638.58,131842048,85770240,63661832,60.71,4413614
1770211104216,2057.33,638.67,131842048,85770240,63663840,60.71,4413614
1770211104317,2060.81,641.05,132055040,85770240,63884456,60.92,4423144
1770211104418,2061.03,641.16,132055040,85770240,63886464,60.93,4423144
1770211104519,2061.17,641.25,132055040,85770240,63888448,60.93,4423144
1770211104620,2063.86,643.34,132268032,85770240,64108784,61.14,4424482
1770211104721,2064.03,643.43,132268032,85770240,64110792,61.14,4424482
1770211104822,2066.06,645.30,132464640,85770240,64376560,61.39,4434012
1770211104923,2066.20,645.42,132481024,85770240,64378568,61.40,4434012
1770211105023,2066.33,645.49,132481024,85770240,64380552,61.40,4434012
1770211105124,2068.56,647.21,132677632,85770240,64598736,61.61,4435350
1770211105225,2068.80,647.35,132677632,85770240,64600744,61.61,4435350
1770211105326,2071.20,649.50,132907008,85770240,64819048,61.82,4444880
1770211105427,2071.43,649.61,132907008,85770240,64821056,61.82,4444880
1770211105528,2071.68,649.74,132907008,85770240,64823040,61.82,4444880
1770211105628,2285.78,669.82,143671296,104906752,60589072,57.78,4127024
1770211105729,2421.92,674.42,153124864,105168896,72940432,69.56,4127024
1770211105830,2422.70,674.90,153124864,105168896,73167264,69.78,4136554
1770211105931,2422.76,674.94,153124864,105168896,73169280,69.78,4136554
1770211106032,2422.89,674.99,153124864,105168896,73171272,69.78,4136554
1770211106134,2426.44,675.98,153124864,105168896,73399024,70.00,4137892
1770211106234,2426.58,676.06,153124864,105168896,73401040,70.00,4137892
1770211106335,2428.38,677.39,153124864,105168896,73619944,70.21,4147422
1770211106436,2428.57,677.47,153124864,105168896,73621960,70.21,4147422
1770211106536,2428.81,677.64,153124864,105168896,73623952,70.21,4147422
1770211106637,2445.22,679.32,153141248,105168896,73883384,70.46,4148760
1770211106738,2445.34,679.41,153141248,105168896,73885400,70.46,4148760
1770211106838,2447.54,681.13,153141248,105168896,74097744,70.67,4158290
1770211106939,2447.70,681.23,152911872,105168896,74099760,70.67,4158290
1770211107040,2447.89,681.33,152911872,105168896,74101752,70.67,4158290
1770211107141,2449.93,683.06,152911872,105168896,74316640,70.87,4159628
1770211107242,2450.15,683.20,152911872,105168896,74318656,70.88,4159628
1770211107343,2453.16,685.35,152911872,105168896,74530776,71.08,4169158
1770211107444,2453.33,685.45,152911872,105168896,74532792,71.08,4169158
1770211107546,2453.54,685.57,152911872,105168896,74534784,71.08,4169158
1770211107647,2455.98,688.24,152911872,105168896,74755544,71.29,4170496
1770211107748,2456.22,688.41,152911872,105168896,74757560,71.29,4170496
1770211107849,2459.57,690.15,152911872,105168896,74969864,71.50,4180026
1770211107950,2459.79,690.26,152911872,105168896,74971880,71.50,4180026
1770211108051,2460.06,690.42,152911872,105168896,74973872,71.50,4180026
1770211108152,2462.26,692.22,152911872,105168896,75196552,71.71,4181364
1770211108253,2462.40,692.33,152911872,105168896,75198568,71.71,4181364
1770211108354,2464.08,694.26,152911872,105168896,75410704,71.92,4190894
1770211108455,2464.24,694.35,152911872,105168896,75412720,71.92,4190894
1770211108556,2464.40,694.44,152911872,105168896,75414712,71.92,4190894
1770211108656,2467.82,696.59,152928256,105168896,61030616,58.20,4192232
1770211108757,2468.04,696.70,152928256,105168896,61032632,58.21,4192232
1770211108858,2472.36,698.63,152928256,105168896,61252072,58.41,4146084
1770211108959,2472.50,698.68,152928256,105168896,61254088,58.42,4146084
1770211109060,2472.66,698.77,152928256,105168896,61256080,58.42,4146084
1770211109161,2475.34,700.80,152928256,105168896,61468112,58.62,4147422
1770211109262,2475.59,700.91,152928256,105168896,61470104,58.62,4147422
1770211109363,2482.69,702.54,152944640,105168896,61688888,58.83,4156952
1770211109464,2482.85,702.61,152944640,105168896,61690904,58.83,4156952
1770211109565,2483.13,702.74,152944640,105168896,61692896,58.83,4156952
1770211109666,2484.98,704.46,152944640,105168896,61910152,59.04,4158290
1770211109767,2485.12,704.57,152944640,105168896,61912144,59.04,4158290
1770211109868,2488.05,706.61,152944640,105168896,62124384,59.25,4167820
1770211109969,2488.26,706.74,152944640,105168896,62126400,59.25,4167820
1770211110069,2488.43,706.87,152944640,105168896,62128392,59.25,4167820
1770211110170,2490.89,709.04,152944640,105168896,62344712,59.46,4169158
1770211110271,2491.13,709.16,152944640,105168896,62346704,59.46,4169158
1770211110372,2493.00,711.24,152944640,105168896,62559104,59.66,4178688
1770211110472,2493.16,711.33,152944640,105168896,62561120,59.66,4178688
1770211110573,2494.09,712.34,152944640,105168896,62676056,59.77,4179359
1770211110674,2494.95,713.26,152944640,105168896,62782696,59.87,4180026
1770211110775,2495.17,713.37,152944640,105168896,62784688,59.88,4180026
1770211110876,2498.05,715.30,152944640,105168896,63006272,60.09,4189556
1770211110976,2498.18,715.37,152944640,105168896,63008288,60.09,4189556
1770211111078,2499.98,716.55,152944640,105168896,63115600,60.19,4190227
1770211111179,2500.97,717.36,152944640,105168896,63221928,60.29,4190894
1770211111280,2501.23,717.48,152944640,105168896,63223920,60.30,4190894
1770211111381,2503.70,719.38,152944640,105168896,63440792,60.50,4200424
1770211111481,2503.96,719.48,152944640,105168896,63442808,60.50,4200424
1770211111583,2506.89,721.54,152944640,105168896,63654360,60.71,4201762
1770211111684,2507.03,721.60,152944640,105168896,63656376,60.71,4201762
1770211111785,2507.20,721.69,152944640,105168896,63658368,60.71,4201762
1770211111887,2509.82,723.49,152944640,105168896,63874848,60.92,4211292
1770211111987,2510.05,723.60,152944640,105168896,63876864,60.92,4211292
1770211112087,2514.87,725.70,152944640,105168896,64088496,61.12,4212630
1770211112188,2515.97,725.76,152944640,105168896,64096200,61.13,4212630
1770211112289,2516.18,725.87,152944640,105168896,64098192,61.13,4212630
1770211112390,2518.74,727.72,152944640,105168896,64315824,61.34,4222160
1770211112491,2518.96,727.83,152944640,105168896,64317840,61.34,4222160
1770211112591,2521.39,729.92,152944640,105168896,64529608,61.54,4223498
1770211112692,2521.51,729.98,152944640,105168896,64531624,61.54,4223498
1770211112793,2521.68,730.08,152944640,105168896,64533616,61.54,4223498
1770211112894,2524.70,731.98,152944640,105168896,64753312,61.75,4233028
1770211112995,2524.99,732.12,152944640,105168896,64755328,61.76,4233028
1770211113095,2527.63,734.05,152944640,105168896,64966992,61.96,4234366
1770211113196,2527.76,734.11,152944640,105168896,64969008,61.96,4234366
1770211113296,2527.93,734.22,152944640,105168896,64971000,61.96,4234366
1770211113397,2530.53,736.08,152944640,105168896,65182984,62.16,4243896
1770211113498,2530.82,736.17,152944640,105168896,65185000,62.17,4243896
1770211113598,2532.38,737.67,152944640,105168896,65401184,62.37,4245234
1770211113699,2532.48,737.71,152944640,105168896,65403200,62.37,4245234
1770211113800,2599.80,749.49,104464384,54575104,41726312,39.79,4135216
1770211113901,2603.45,750.93,104464384,54575104,42008528,40.06,4144746
1770211114002,2603.61,751.05,104464384,54575104,42010536,40.06,4144746
1770211114103,2606.32,752.55,104464384,54575104,42245064,40.29,4146084
1770211114204,2606.50,752.60,104464384,54575104,42247072,40.29,4146084
1770211114305,2606.76,752.72,104464384,54575104,42249056,40.29,4146084
1770211114405,2687.03,760.39,95141888,46186496,41679896,39.75,4144746
1770211114506,2687.25,760.51,95141888,46186496,41681944,39.75,4144746
1770211114606,2693.42,762.63,95354880,46186496,41925176,39.98,4146084
1770211114708,2693.55,762.68,95354880,46186496,41927176,39.98,4146084
1770211114809,2693.81,762.80,95354880,46186496,41929152,39.99,4146084
1770211114910,2695.76,764.11,95584256,46186496,42156056,40.20,4155614
1770211115012,2746.77,766.93,94765056,46186496,41397920,39.48,4135216
1770211115113,2750.87,768.52,95043584,46186496,41906568,39.97,4136554
1770211115214,2751.10,768.61,95043584,46186496,41908568,39.97,4136554
1770211115315,2751.40,768.75,95043584,46186496,41910544,39.97,4136554
1770211115416,2755.14,771.05,95256576,46186496,42137320,40.19,4146084
1770211115516,2755.43,771.19,95256576,46186496,42139320,40.19,4146084
1770211115616,2758.91,773.56,95485952,46186496,42365856,40.40,4147422
1770211115717,2759.17,773.66,95485952,46186496,42367856,40.41,4147422
1770211115818,2759.38,773.76,95485952,46186496,42369832,40.41,4147422
1770211115919,2765.46,776.22,96059392,49332224,41753392,39.82,4156952
1770211116021,2765.75,776.36,96059392,49332224,41755392,39.82,4156952
1770211116122,2772.25,778.59,96321536,49332224,41981824,40.04,4146751
1770211116223,2772.47,778.71,96321536,49332224,41983824,40.04,4146751
1770211116324,2772.58,778.77,96321536,49332224,41985800,40.04,4146751
1770211116425,2776.00,780.88,96534528,49332224,42212408,40.26,4156281
1770211116526,2776.18,781.00,96534528,49332224,42214408,40.26,4156281
1770211116626,2778.12,782.68,96747520,49332224,42440688,40.47,4157619
1770211116727,2778.28,782.75,96747520,49332224,42442688,40.48,4157619
1770211116828,2778.50,782.84,96747520,49332224,42444664,40.48,4157619
1770211116929,2781.66,784.41,96960512,49332224,42671240,40.69,4167149
1770211117029,2781.95,784.61,96976896,49332224,42673240,40.70,4167149
1770211117130,2785.63,786.57,97189888,49332224,42899784,40.91,4168487
1770211117231,2785.90,786.71,97189888,49332224,42901784,40.91,4168487
1770211117332,2786.15,786.89,97189888,49332224,42903760,40.92,4168487
1770211117433,2789.03,789.02,97419264,49332224,43130000,41.13,4178017
1770211117534,2789.43,789.31,97419264,49332224,43132000,41.13,4178017
1770211117634,2792.95,791.38,97632256,49332224,43358024,41.35,4179355
1770211117735,2793.19,791.50,97632256,49332224,43360024,41.35,4179355
1770211117836,2793.42,791.59,97632256,49332224,43362000,41.35,4179355
1770211117937,2796.35,793.44,97861632,49332224,43588184,41.57,4188885
1770211118038,2796.72,793.59,97861632,49332224,43590184,41.57,4188885
1770211118139,2802.00,796.09,95715328,46186496,42215288,40.26,4146084
1770211118239,2802.19,796.18,95715328,46186496,42217264,40.26,4146084
1770211118339,2802.37,796.26,95715328,46186496,42219240,40.26,4146084
1770211118440,2811.30,798.33,95813632,46186496,42455080,40.49,4155614
1770211118541,2811.59,798.52,95813632,46186496,42457136,40.49,4155614
1770211118642,2814.53,800.49,95813632,46186496,42683080,40.71,4156952
1770211118744,2814.74,800.58,95813632,46186496,42685056,40.71,4156952
1770211118845,2815.05,800.77,95813632,46186496,42687032,40.71,4156952
1770211118946,2821.35,803.33,96190464,47235072,42286648,40.33,4154276
1770211119047,2821.60,803.46,96206848,47235072,42288648,40.33,4154276
1770211119148,2824.01,805.77,96419840,47235072,42514184,40.54,4155614
1770211119249,2824.28,805.92,96419840,47235072,42516160,40.55,4155614
1770211119349,2824.55,806.12,96419840,47235072,42518136,40.55,4155614
1770211119449,2828.01,808.25,96632832,47235072,42743968,40.76,4165144
1770211119550,2828.32,808.43,96632832,47235072,42745968,40.77,4165144
1770211119651,2831.71,810.61,96862208,47235072,42971528,40.98,4166482
1770211119752,2832.01,810.78,96862208,47235072,42973528,40.98,4166482
1770211119853,2832.27,810.95,96878592,47235072,42975504,40.98,4166482
1770211119954,2834.58,812.41,96878592,47235072,42437872,40.47,4154276
1770211120055,2834.85,812.51,96878592,47235072,42439848,40.47,4154276
1770211120156,2838.21,814.70,96878592,47235072,42665664,40.69,4155614
1770211120257,2838.51,814.82,96878592,47235072,42667640,40.69,4155614
1770211120357,2838.78,814.95,96878592,47235072,42669616,40.69,4155614
1770211120458,2843.76,817.09,96878592,47235072,42895376,40.91,4165144
1770211120559,2844.04,817.24,96878592,47235072,42897352,40.91,4165144
1770211120660,2848.44,819.29,97009664,49332224,42412904,40.45,4166482
1770211120761,2848.66,819.41,97009664,49332224,42414880,40.45,4166482
1770211120862,2848.83,819.47,97009664,49332224,42416856,40.45,4166482
1770211120963,2851.71,821.46,97009664,49332224,42642272,40.67,4154943
1770211121064,2852.00,821.60,97009664,49332224,42644272,40.67,4154943
1770211121165,2853.86,823.21,97009664,49332224,42869560,40.88,4156281
1770211121266,2854.18,823.37,97009664,49332224,42871536,40.89,4156281
1770211121366,2854.47,823.51,97009664,49332224,42873512,40.89,4156281
1770211121467,2857.20,825.38,97026048,49332224,43098944,41.10,4165811
1770211121569,2857.48,825.50,97026048,49332224,43100944,41.10,4165811
1770211121670,2864.71,827.68,97124352,49332224,43327896,41.32,4167149
1770211121771,2864.99,827.81,97140736,49332224,43329872,41.32,4167149
1770211121872,2865.27,827.91,97140736,49332224,43331848,41.32,4167149
1770211121973,2868.74,830.26,97353728,49332224,43557440,41.54,4176679
1770211122074,2869.05,830.41,97353728,49332224,43559440,41.54,4176679
1770211122175,2871.80,832.21,97566720,49332224,43784648,41.76,4178017
1770211122276,2872.03,832.32,97566720,49332224,43786624,41.76,4178017
1770211122377,2872.33,832.46,97566720,49332224,43788600,41.76,4178017
1770211122478,2876.39,834.70,97796096,49332224,44014056,41.98,4187547
1770211122579,2876.67,834.85,97796096,49332224,44016056,41.98,4187547
1770211122680,2880.80,837.05,98025472,49332224,44241280,42.19,4188885
1770211122781,2881.03,837.18,98025472,49332224,44243256,42.19,4188885
1770211122882,2881.16,837.21,98025472,49332224,44245232,42.20,4188885
1770211122983,2883.31,838.48,95862784,46186496,42892600,40.91,4154276
1770211123084,2883.56,838.60,95862784,46186496,42894576,40.91,4154276
1770211123185,2886.97,840.66,95862784,46186496,43119816,41.12,4155614
1770211123286,2887.24,840.78,95862784,46186496,43121792,41.12,4155614
1770211123387,2887.41,840.83,95862784,46186496,43123768,41.13,4155614
1770211123488,2888.65,841.82,95862784,46186496,43349168,41.34,4165144
1770211123589,2888.84,841.92,95862784,46186496,43351144,41.34,4165144
1770211123690,2893.84,844.17,96256000,47235072,42949480,40.96,4146084
1770211123790,2894.11,844.28,96256000,47235072,42951456,40.96,4146084
1770211123891,2894.36,844.42,96256000,47235072,42953432,40.96,4146084
1770211123992,2896.46,845.86,96468992,47235072,43179888,41.18,4155614
1770211124093,2896.63,845.93,96468992,47235072,43181864,41.18,4155614
1770211124194,2906.93,847.73,96698368,47235072,43415216,41.40,4156952
1770211124295,2907.08,847.79,96714752,47235072,43417192,41.41,4156952
1770211124396,2907.26,847.86,96714752,47235072,43419168,41.41,4156952
1770211124497,2911.27,849.77,96911360,47235072,42870120,40.88,4166482
1770211124598,2911.47,849.87,96911360,47235072,42872096,40.89,4166482
1770211124699,2914.19,851.75,96911360,47235072,43096184,41.10,4146751
1770211124800,2914.47,851.88,96911360,47235072,43098160,41.10,4146751
1770211124901,2914.73,851.97,96911360,47235072,43100136,41.10,4146751
1770211125001,2923.83,854.25,96911360,47235072,43337664,41.33,4156281
1770211125101,2924.11,854.39,96911360,47235072,43339640,41.33,4156281
1770211125202,2929.24,856.47,96911360,47235072,43562712,41.54,4157619
1770211125304,2929.51,856.57,96911360,47235072,43564688,41.55,4157619
1770211125405,2929.78,856.72,96911360,47235072,43566664,41.55,4157619
1770211125506,2934.27,858.97,97173504,49594368,43054872,41.06,4167149
1770211125608,2934.57,859.10,97173504,49594368,43056848,41.06,4167149
1770211125709,2941.49,861.09,97173504,49594368,43280560,41.28,4146751
1770211125810,2941.74,861.24,97173504,49594368,43282536,41.28,4146751
1770211125911,2941.99,861.36,97173504,49594368,43284512,41.28,4146751
1770211126012,2947.10,863.35,97173504,49594368,43730808,41.70,4156281
1770211126113,2947.35,863.43,97173504,49594368,43732784,41.71,4156281
1770211126214,2949.93,865.24,97173504,49594368,43950840,41.91,4157619
1770211126315,2950.17,865.36,97173504,49594368,43952816,41.92,4157619
1770211126417,2951.85,866.45,97173504,49594368,44063464,42.02,4166482
1770211126518,2952.93,867.26,97222656,49594368,44172896,42.13,4167149
1770211126619,2953.21,867.39,97222656,49594368,44174872,42.13,4167149
1770211126720,2960.27,869.61,97435648,49594368,44399680,42.34,4168487
1770211126821,2960.50,869.71,97435648,49594368,44401656,42.34,4168487
1770211126921,2961.93,870.71,97697792,49594368,44619824,42.55,4178017
1770211127023,2962.06,870.76,97697792,49594368,44621800,42.55,4178017
1770211127124,2962.32,870.86,97697792,49594368,44623776,42.56,4178017
1770211127225,2968.23,873.03,97927168,49594368,44841880,42.76,4179355
1770211127326,2968.46,873.12,97927168,49594368,44843856,42.77,4179355
1770211127427,2975.72,875.28,98123776,49594368,45061968,42.97,4188885
1770211127527,2978.42,875.38,98140160,49594368,45075000,42.99,4188885
1770211127627,2978.72,875.54,98140160,49594368,45076976,42.99,4188885
1770211127728,2983.25,877.51,98385920,50118656,43723016,41.70,4146084
1770211127829,2983.48,877.63,98385920,50118656,43724992,41.70,4146084
1770211127931,2986.45,879.62,98385920,50118656,43943136,41.91,4155614
1770211128032,2986.63,879.67,98385920,50118656,43945112,41.91,4155614
1770211128133,2986.92,879.81,98385920,50118656,43947088,41.91,4155614
1770211128234,2989.59,881.77,98402304,50118656,44165048,42.12,4156952
1770211128335,2989.86,881.90,98402304,50118656,44167024,42.12,4156952
1770211128436,2992.89,884.00,98516992,50118656,44385256,42.33,4166482
1770211128536,2993.07,884.07,98516992,50118656,44387232,42.33,4166482
1770211128637,2993.35,884.18,98516992,50118656,44389208,42.33,4166482
1770211128738,2997.34,886.37,98713600,50118656,44607152,42.54,4167820
1770211128839,2997.61,886.49,98729984,50118656,44609152,42.54,4167820
1770211128940,3000.60,888.56,98926592,50118656,44827336,42.75,4177350
1770211129041,3000.75,888.61,98926592,50118656,44829336,42.75,4177350
1770211129142,3000.91,888.68,98926592,50118656,44831312,42.75,4177350
1770211129244,3002.82,890.51,99155968,50118656,45049232,42.96,4178688
1770211129345,3003.11,890.64,99155968,50118656,45051232,42.96,4178688
1770211129445,3013.74,893.19,99614720,50118656,43851624,41.82,4188218
1770211129547,3030.75,893.45,99647488,50118656,43927104,41.89,4188218
1770211129648,3031.08,893.60,99647488,50118656,43929080,41.89,4188218
1770211129749,3034.82,895.94,99663872,50118656,44145488,42.10,4146084
1770211129850,3035.11,896.07,99663872,50118656,44147464,42.10,4146084
1770211129950,3042.98,898.17,99663872,50118656,44363632,42.31,4155614
1770211130052,3065.78,898.48,99696640,50118656,44365800,42.31,4155614
1770211130153,3066.03,898.58,99696640,50118656,44367776,42.31,4155614
1770211130253,3068.95,900.39,99696640,50118656,44580800,42.52,4156952
1770211130354,3069.16,900.46,99696640,50118656,44582776,42.52,4156952
1770211130455,3072.37,902.64,99696640,50118656,44796104,42.72,4166482
1770211130556,3072.58,902.71,99696640,50118656,44798080,42.72,4166482
1770211130657,3072.89,902.87,99696640,50118656,44800056,42.72,4166482
1770211130758,3076.32,904.92,99696640,50118656,45013080,42.93,4167820
1770211130859,3076.64,905.07,99696640,50118656,45015056,42.93,4167820
1770211130960,3079.87,907.27,99696640,50118656,45228352,43.13,4177350
1770211131061,3080.12,907.37,99696640,50118656,45230328,43.14,4177350
1770211131162,3080.45,907.52,99696640,50118656,45232304,43.14,4177350
1770211131264,3087.24,909.20,99696640,50118656,45445560,43.34,4178688
1770211131365,3087.52,909.33,99696640,50118656,45447536,43.34,4178688
1770211131466,3099.53,911.50,99713024,50118656,45662096,43.55,4188218
1770211131566,3101.05,911.68,99926016,50118656,44208704,42.16,4188218
1770211131667,3101.28,911.79,99926016,50118656,44210680,42.16,4188218
1770211131768,3104.28,913.82,99926016,50118656,44421184,42.36,4146084
1770211131869,3104.57,913.95,99926016,50118656,44423160,42.37,4146084
1770211131970,3107.66,916.08,99926016,50118656,44633872,42.57,4155614
1770211132071,3107.82,916.15,99926016,50118656,44635848,42.57,4155614
1770211132172,3108.06,916.26,99926016,50118656,44637824,42.57,4155614
1770211132273,3112.47,918.24,99942400,50118656,44848312,42.77,4156952
1770211132373,3112.76,918.37,99942400,50118656,44850288,42.77,4156952
1770211132474,3115.98,920.30,99942400,50118656,45060976,42.97,4166482
1770211132575,3116.18,920.38,99942400,50118656,45062952,42.98,4166482
1770211132676,3116.40,920.47,99942400,50118656,45064928,42.98,4166482
1770211132777,3119.41,922.55,99942400,50118656,45275440,43.18,4167820
1770211132878,3119.59,922.61,99942400,50118656,45277416,43.18,4167820
1770211132979,3126.41,924.60,99942400,50118656,45488600,43.38,4177350
1770211133080,3126.62,924.67,99942400,50118656,45490576,43.38,4177350
1770211133181,3126.90,924.81,99942400,50118656,45492552,43.39,4177350
1770211133282,3131.06,926.80,99958784,50118656,45703040,43.59,4178688
1770211133383,3131.33,926.92,99958784,50118656,45705016,43.59,4178688
1770211133484,3135.76,929.11,100253696,50380800,44446864,42.39,4188218
1770211133584,3135.96,929.20,100253696,50380800,44448848,42.39,4188218
1770211133685,3136.25,929.32,100253696,50380800,44450832,42.39,4188218
1770211133786,3139.36,931.43,100253696,50380800,44662200,42.59,4146751
1770211133886,3139.61,931.54,100253696,50380800,44664184,42.60,4146751
1770211133987,3142.35,933.49,100253696,50380800,44874600,42.80,4156281
1770211134088,3142.57,933.57,100253696,50380800,44876584,42.80,4156281
1770211134189,3142.86,933.69,100253696,50380800,44878568,42.80,4156281
1770211134289,3145.61,935.76,100253696,50380800,45088784,43.00,4157619
1770211134390,3145.84,935.87,100253696,50380800,45090768,43.00,4157619
1770211134491,3148.49,937.86,100253696,50380800,45301360,43.20,4167149
1770211134592,3148.71,937.93,100253696,50380800,45303344,43.20,4167149
1770211134693,3148.99,938.08,100253696,50380800,45305328,43.21,4167149
1770211134794,3151.94,940.17,100270080,50380800,45515568,43.41,4168487
1770211134895,3152.20,940.29,100270080,50380800,45517552,43.41,4168487
1770211134996,3155.38,942.36,100270080,50380800,45728072,43.61,4178017
1770211135097,3155.59,942.43,100270080,50380800,45730056,43.61,4178017
1770211135198,3155.88,942.57,100270080,50380800,45732040,43.61,4178017
1770211135299,3160.50,945.16,100794368,55099392,44759032,42.69,4179355
1770211135400,3160.79,945.30,100794368,55099392,44761016,42.69,4179355
1770211135510,3246.16,954.23,119341056,72204288,58531056,55.82,4145417
1770211135611,3493.77,962.77,148570112,99139584,64136512,61.17,4136554
1770211135712,3493.83,962.83,148570112,99139584,64138520,61.17,4136554
1770211135812,3496.48,964.05,148570112,99139584,64348952,61.37,4137892
1770211135912,3496.73,964.14,148570112,99139584,64350960,61.37,4137892
1770211136012,3500.76,966.16,148570112,99139584,64561208,61.57,4147422
1770211136113,3501.00,966.27,148570112,99139584,64563216,61.57,4147422
1770211136214,3501.30,966.41,148570112,99139584,64565200,61.57,4147422
1770211136314,3504.07,967.93,148586496,99139584,64775272,61.77,4148760
1770211136416,3504.22,968.03,148586496,99139584,64777280,61.78,4148760
1770211136517,3506.19,969.66,148586496,99139584,64987512,61.98,4158290
1770211136618,3506.34,969.75,148586496,99139584,64989520,61.98,4158290
1770211136718,3506.49,969.84,148586496,99139584,64991504,61.98,4158290
1770211136819,3508.89,972.08,148586496,99139584,65201528,62.18,4159628
1770211136920,3509.13,972.23,148586496,99139584,65203536,62.18,4159628
1770211137021,3511.52,974.18,148586496,99139584,65413896,62.38,4169158
1770211137122,3511.65,974.29,148586496,99139584,65415904,62.39,4169158
1770211137223,3511.81,974.39,148586496,99139584,65417888,62.39,4169158
1770211137324,3514.10,976.56,148586496,99139584,65627936,62.59,4170496
1770211137425,3514.40,976.69,148586496,99139584,65629944,62.59,4170496
1770211137526,3517.14,978.55,148602880,99139584,65840192,62.79,4180026
1770211137626,3517.40,978.66,148602880,99139584,65842200,62.79,4180026
1770211137726,3517.67,978.76,148602880,99139584,65844184,62.79,4180026
1770211137827,3523.42,980.79,148602880,99139584,66054672,62.99,4181364
1770211137928,3523.71,980.94,148602880,99139584,66056680,63.00,4181364
1770211138029,3526.96,983.02,148602880,99139584,66266928,63.20,4190894
1770211138130,3527.17,983.13,148602880,99139584,66268936,63.20,4190894
1770211138231,3527.33,983.23,148602880,99139584,66270920,63.20,4190894
1770211138332,3529.37,985.29,148619264,99139584,66480928,63.40,4192232
1770211138433,3529.53,985.37,148619264,99139584,66482936,63.40,4192232
1770211138534,3532.66,987.69,148619264,99139584,66693160,63.60,4201762
1770211138634,3532.95,987.82,148619264,99139584,66695168,63.61,4201762
1770211138736,3533.23,987.96,148619264,99139584,66697152,63.61,4201762
1770211138837,3536.00,990.06,148619264,99139584,66907200,63.81,4203100
1770211138938,3536.29,990.19,148619264,99139584,66909208,63.81,4203100
1770211139039,3539.44,992.42,148619264,99139584,67119632,64.01,4212630
1770211139139,3539.65,992.52,148619264,99139584,67121640,64.01,4212630
1770211139241,3539.87,992.59,148619264,99139584,67123624,64.01,4212630
1770211139342,3543.09,994.74,148619264,99139584,67333824,64.21,4213968
1770211139443,3543.38,994.86,148619264,99139584,67335832,64.22,4213968
1770211139544,3546.05,996.70,148619264,99139584,67546160,64.42,4223498
1770211139645,3546.27,996.80,148619264,99139584,67548168,64.42,4223498
1770211139746,3546.54,996.93,148619264,99139584,67550152,64.42,4223498
1770211139847,3549.27,998.89,148619264,99139584,67762840,64.62,4224836
1770211139948,3549.52,999.00,148619264,99139584,67764848,64.63,4224836
1770211140049,3552.18,1001.01,148619264,99139584,68103160,64.95,4234366
1770211140150,3552.41,1001.11,148619264,99139584,68105168,64.95,4234366
1770211140251,3552.67,1001.25,148619264,99139584,68107152,64.95,4234366
1770211140352,3555.68,1003.40,148619264,99139584,68317200,65.15,4235704
1770211140453,3555.95,1003.52,148619264,99139584,68319208,65.15,4235704
1770211140554,3558.82,1005.55,148619264,99139584,68529472,65.35,4245234
1770211140654,3559.06,1005.65,148619264,99139584,68531480,65.36,4245234
1770211140755,3559.36,1005.74,148619264,99139584,68533464,65.36,4245234
1770211140855,3565.43,1007.62,148635648,99139584,68744312,65.56,4246572
1770211140955,3565.68,1007.73,148635648,99139584,68746320,65.56,4246572
1770211141055,3568.89,1009.41,148635648,99139584,68956552,65.76,4256102
1770211141155,3569.14,1009.47,148635648,99139584,68958560,65.76,4256102
1770211141256,3569.40,1009.54,148635648,99139584,68960544,65.77,4256102
1770211141357,3572.18,1011.14,148635648,99139584,69171080,65.97,4257440
1770211141458,3572.43,1011.22,148635648,99139584,69173088,65.97,4257440
1770211141559,3574.94,1012.69,148635648,99139584,69383376,66.17,4266970
1770211141660,3576.03,1012.83,148652032,99139584,69385440,66.17,4266970
1770211141761,3576.28,1012.91,148652032,99139584,69387424,66.17,4266970
1770211141862,3578.89,1014.44,148652032,99139584,69597408,66.37,4268308
1770211141963,3579.19,1014.54,148652032,99139584,69599416,66.38,4268308
1770211142064,3581.85,1016.11,148652032,99139584,69809672,66.58,4277838
1770211142165,3582.11,1016.18,148652032,99139584,69811680,66.58,4277838
1770211142266,3582.36,1016.27,148652032,99139584,69813664,66.58,4277838
1770211142367,3584.93,1018.00,148652032,99139584,70023664,66.78,4279176
1770211142467,3585.18,1018.09,148652032,99139584,70025672,66.78,4279176
1770211142568,3587.80,1019.85,148652032,99139584,70235832,66.98,4288706
1770211142669,3588.05,1019.93,148652032,99139584,70237840,66.98,4288706
1770211142769,3588.30,1019.99,148652032,99139584,70239824,66.99,4288706
1770211142870,3590.85,1021.46,148652032,99139584,70449808,67.19,4290044
1770211142971,3591.09,1021.52,148652032,99139584,70451816,67.19,4290044
1770211143072,3593.87,1023.01,148652032,99139584,70662024,67.39,4299574
1770211143172,3594.14,1023.09,148652032,99139584,70664032,67.39,4299574
1770211143273,3594.39,1023.15,148652032,99139584,70666016,67.39,4299574
1770211143374,3598.25,1024.76,148668416,99139584,70875856,67.59,4300912
1770211143475,3598.49,1024.82,148668416,99139584,70877864,67.59,4300912
1770211143576,3607.30,1026.48,148668416,99139584,71089008,67.80,4310442
1770211143677,3678.93,1037.49,104382464,54837248,41781920,39.85,4135216
1770211143778,3679.22,1037.56,104382464,54837248,42021712,40.08,4135216
1770211143879,3682.69,1038.74,104382464,54837248,42269184,40.31,4136554
1770211143980,3682.94,1038.80,104382464,54837248,42271192,40.31,4136554
1770211144081,3685.91,1040.31,104382464,54837248,42496712,40.53,4146084
1770211144182,3686.16,1040.38,104382464,54837248,42498720,40.53,4146084
1770211144284,3764.06,1048.20,95780864,46186496,41717480,39.78,4135887
1770211144385,3764.92,1048.80,95879168,46186496,41831112,39.89,4136554
1770211144485,3765.14,1048.86,95879168,46186496,41833112,39.90,4136554
1770211144586,3767.89,1050.35,96092160,46186496,42061896,40.11,4146084
1770211144687,3768.13,1050.43,96108544,46186496,42063896,40.12,4146084
1770211144788,3769.97,1051.30,96206848,46186496,42180120,40.23,4146755
1770211144889,3842.65,1055.42,95633408,45662208,41622728,39.69,4135216
1770211144990,3842.94,1055.48,95633408,45662208,41627048,39.70,4135216
1770211145091,3850.45,1056.73,95895552,45662208,42099712,40.15,4144746
1770211145192,3850.71,1056.79,95895552,45662208,42101712,40.15,4144746
1770211145292,3853.75,1058.33,96108544,45662208,42326776,40.37,4146084
1770211145393,3854.98,1058.39,96108544,45662208,42328992,40.37,4146084
1770211145495,3855.22,1058.46,96108544,45662208,42330968,40.37,4146084
1770211145595,3859.57,1059.83,96321536,45662208,42556696,40.59,4155614
1770211145696,3859.78,1059.91,96337920,45662208,42558696,40.59,4155614
1770211145796,3863.28,1061.65,96911360,48807936,41920208,39.98,4156952
1770211145897,3863.45,1061.71,96911360,48807936,41922208,39.98,4156952
1770211145998,3863.70,1061.77,96911360,48807936,41924184,39.98,4156952
1770211146099,3866.85,1063.36,97157120,48807936,42149672,40.20,4154943
1770211146200,3867.11,1063.44,97157120,48807936,42151672,40.20,4154943
1770211146301,3869.90,1065.17,97370112,48807936,42376736,40.41,4156281
1770211146402,3870.10,1065.24,97370112,48807936,42378736,40.42,4156281
1770211146502,3870.36,1065.33,97370112,48807936,42380712,40.42,4156281
1770211146603,3873.07,1067.07,97583104,48807936,42606000,40.63,4165811
1770211146704,3873.34,1067.23,97599488,48807936,42608000,40.63,4165811
1770211146804,3876.13,1068.78,97812480,48807936,42833104,40.85,4167149
1770211146905,3876.30,1068.85,97812480,48807936,42835104,40.85,4167149
1770211147005,3876.53,1068.93,97812480,48807936,42837080,40.85,4167149
1770211147106,3879.40,1070.45,98025472,48807936,43062344,41.07,4176679
1770211147207,3879.66,1070.51,98025472,48807936,43064344,41.07,4176679
1770211147307,3883.98,1072.20,98271232,48807936,43293480,41.29,4178017
1770211147408,3884.16,1072.26,98271232,48807936,43295480,41.29,4178017
1770211147509,3884.41,1072.33,98271232,48807936,43297456,41.29,4178017
1770211147609,3888.63,1073.89,98467840,48807936,42127992,40.18,4187547
1770211147710,3888.91,1073.96,98467840,48807936,42129992,40.18,4187547
1770211147810,3890.85,1075.08,98467840,48807936,42354992,40.39,4146084
1770211147911,3890.96,1075.14,98467840,48807936,42356968,40.39,4146084
1770211148012,3891.17,1075.22,98467840,48807936,42358944,40.40,4146084
1770211148114,3891.44,1075.31,98467840,48807936,42360920,40.40,4146084
1770211148214,3894.78,1077.03,98467840,48807936,42586176,40.61,4155614
1770211148316,3895.07,1077.15,98467840,48807936,42588152,40.62,4155614
1770211148417,3904.30,1079.07,98566144,48807936,42867912,40.88,4156952
1770211148519,3904.56,1079.16,98566144,48807936,42869888,40.88,4156952
1770211148620,3907.40,1080.86,98762752,48807936,43095064,41.10,4166482
1770211148721,3907.70,1080.96,98762752,48807936,43097064,41.10,4166482
1770211148821,3909.14,1081.60,98975744,48807936,43322368,41.32,4167820
1770211148922,3909.23,1081.65,98975744,48807936,43324368,41.32,4167820
1770211149023,3909.33,1081.70,98975744,48807936,43326344,41.32,4167820
1770211149124,3912.04,1083.17,99188736,48807936,43551208,41.53,4177350
1770211149225,3912.34,1083.32,99188736,48807936,43553208,41.54,4177350
1770211149329,3914.37,1084.39,99303424,48807936,43666960,41.64,4178021
1770211149430,3915.70,1085.13,99418112,48807936,43779768,41.75,4178688
1770211149531,3915.98,1085.23,99434496,48807936,43781768,41.75,4178688
1770211149633,3920.83,1086.83,99549184,48807936,42516280,40.55,4188218
1770211149734,3921.08,1086.90,99549184,48807936,42518280,40.55,4188218
1770211149834,3923.79,1088.39,99565568,48807936,42742920,40.76,4146751
1770211149935,3923.94,1088.45,99565568,48807936,42744920,40.76,4146751
1770211150036,3924.14,1088.52,99565568,48807936,42746896,40.77,4146751
1770211150138,3927.53,1090.51,99565568,48807936,42971704,40.98,4156281
1770211150238,3927.66,1090.57,99565568,48807936,42973680,40.98,4156281
1770211150339,3927.87,1090.66,99565568,48807936,42975656,40.98,4156281
1770211150440,3932.59,1092.80,99565568,48807936,43200264,41.20,4157619
1770211150541,3932.86,1092.90,99565568,48807936,43202264,41.20,4157619
1770211150643,3935.95,1094.49,99565568,48807936,43427040,41.42,4167149
1770211150744,3936.21,1094.57,99565568,48807936,43429016,41.42,4167149
1770211150845,3939.17,1096.25,99565568,48807936,43653568,41.63,4168487
1770211150946,3939.41,1096.32,99565568,48807936,43655568,41.63,4168487
1770211151047,3939.67,1096.39,99565568,48807936,43657544,41.64,4168487
1770211151148,3944.27,1097.94,99565568,48807936,42643736,40.67,4178017
1770211151249,3944.56,1098.06,99565568,48807936,42645712,40.67,4178017
1770211151350,3950.79,1099.62,99581952,48807936,42871384,40.89,4146084
1770211151451,3951.05,1099.73,99581952,48807936,42873360,40.89,4146084
1770211151552,3951.32,1099.81,99581952,48807936,42875336,40.89,4146084
1770211151653,3954.02,1101.31,99581952,48807936,43100200,41.10,4155614
1770211151754,3954.28,1101.38,99581952,48807936,43102176,41.11,4155614
1770211151855,3956.97,1102.91,99581952,48807936,43326840,41.32,4156952
1770211151956,3957.20,1102.99,99581952,48807936,43328816,41.32,4156952
1770211152058,3957.45,1103.08,99581952,48807936,43330792,41.32,4156952
1770211152159,3960.30,1104.46,99581952,48807936,43555600,41.54,4166482
1770211152260,3960.55,1104.54,99581952,48807936,43557576,41.54,4166482
1770211152361,3963.09,1105.93,99581952,48807936,43782192,41.75,4167820
1770211152463,3963.35,1106.03,99581952,48807936,43784168,41.76,4167820
1770211152564,3963.61,1106.10,99581952,48807936,43786144,41.76,4167820
1770211152665,3967.86,1107.49,99581952,48807936,44013696,41.97,4177350
1770211152766,3968.10,1107.56,99581952,48807936,44015672,41.98,4177350
1770211152867,3970.74,1108.89,99581952,48807936,44243184,42.19,4178688
1770211152968,3971.00,1108.98,99581952,48807936,44245160,42.20,4178688
1770211153069,3971.24,1109.06,99581952,48807936,44247136,42.20,4178688
1770211153170,3975.78,1110.38,99581952,48807936,42951416,40.96,4188218
1770211153270,3976.03,1110.45,99581952,48807936,42953392,40.96,4188218
1770211153371,3978.69,1111.85,99581952,48807936,43187272,41.19,4146751
1770211153473,3978.92,1111.92,99581952,48807936,43189248,41.19,4146751
1770211153574,3979.20,1111.99,99581952,48807936,43191224,41.19,4146751
1770211153675,3982.25,1113.51,99581952,48807936,43416312,41.41,4156281
1770211153775,3982.50,1113.59,99581952,48807936,43418288,41.41,4156281
1770211153876,3991.80,1115.19,99598336,49070080,43903704,41.87,4157619
1770211153977,3992.04,1115.26,99598336,49070080,43905680,41.87,4157619
1770211154078,3992.29,1115.33,99598336,49070080,43907656,41.87,4157619
1770211154179,3999.66,1116.82,99598336,49070080,44132432,42.09,4167149
1770211154280,3999.89,1116.90,99598336,49070080,44134408,42.09,4167149
1770211154381,4002.54,1118.36,99614720,49070080,44358632,42.30,4168487
1770211154482,4002.79,1118.44,99614720,49070080,44360608,42.31,4168487
1770211154583,4003.05,1118.51,99614720,49070080,44362584,42.31,4168487
1770211154684,4005.68,1119.94,99614720,49070080,44587024,42.52,4178017
1770211154785,4005.93,1120.02,99614720,49070080,44589000,42.52,4178017
1770211154886,4008.53,1121.48,99729408,49070080,44813224,42.74,4179355
1770211154987,4008.77,1121.54,99729408,49070080,44815224,42.74,4179355
1770211155088,4009.01,1121.62,99729408,49070080,44817200,42.74,4179355
1770211155189,4015.69,1123.34,100007936,49594368,43555176,41.54,4146084
1770211155290,4015.95,1123.42,100007936,49594368,43557160,41.54,4146084
1770211155391,4026.30,1124.87,100024320,49594368,43781624,41.75,4147422
1770211155492,4026.55,1124.94,100024320,49594368,43783632,41.76,4147422
1770211155592,4026.80,1125.01,100024320,49594368,43785616,41.76,4147422
1770211155693,4035.69,1126.55,100024320,49594368,44013824,41.97,4156952
1770211155794,4035.87,1126.63,100024320,49594368,44015808,41.98,4156952
1770211155895,4040.16,1128.21,100040704,49594368,44232552,42.18,4158290
1770211155995,4040.40,1128.28,100040704,49594368,44234560,42.19,4158290
1770211156097,4040.64,1128.35,100040704,49594368,44236544,42.19,4158290
1770211156198,4043.34,1129.83,100040704,49594368,44452592,42.39,4167820
1770211156298,4043.59,1129.90,100040704,49594368,44454576,42.40,4167820
1770211156400,4046.32,1131.42,100040704,49594368,44670368,42.60,4169158
1770211156501,4046.56,1131.49,100040704,49594368,44672408,42.60,4169158
1770211156602,4046.81,1131.57,100040704,49594368,44674392,42.60,4169158
1770211156703,4052.77,1132.96,100040704,49594368,44891944,42.81,4178688
1770211156804,4053.00,1133.03,100040704,49594368,44893928,42.81,4178688
1770211156905,4055.80,1134.56,100089856,49594368,45109776,43.02,4180026
1770211157006,4056.05,1134.64,100089856,49594368,45111784,43.02,4180026
1770211157107,4056.30,1134.71,100089856,49594368,45113768,43.02,4180026
1770211157208,4067.59,1136.77,100630528,54312960,43873808,41.84,4146084
1770211157310,4067.83,1136.84,100630528,54312960,43875792,41.84,4146084
1770211157410,4070.59,1138.42,100630528,54312960,44091584,42.05,4147422
1770211157511,4070.83,1138.50,100630528,54312960,44093568,42.05,4147422
1770211157614,4072.62,1139.32,100630528,54312960,44203168,42.16,4156285
1770211157715,4073.62,1140.03,100630528,54312960,44311520,42.26,4156952
1770211157816,4073.87,1140.10,100630528,54312960,44313504,42.26,4156952
1770211157916,4077.28,1141.72,100630528,54312960,44529368,42.47,4158290
1770211158017,4077.54,1141.79,100630528,54312960,44531352,42.47,4158290
1770211158118,4079.24,1142.59,100630528,54312960,44640952,42.57,4167153
1770211158219,4080.25,1143.29,100630528,54312960,44749392,42.68,4167820
1770211158321,4080.49,1143.36,100630528,54312960,44751376,42.68,4167820
1770211158422,4083.03,1144.85,100646912,54312960,44967240,42.88,4169158
1770211158523,4083.27,1144.91,100646912,54312960,44969224,42.89,4169158
1770211158623,4085.98,1146.42,100646912,54312960,45185304,43.09,4178688
1770211158724,4086.17,1146.49,100646912,54312960,45187288,43.09,4178688
1770211158825,4086.41,1146.56,100646912,54312960,45189272,43.10,4178688
1770211158926,4089.06,1148.03,100646912,54312960,45405112,43.30,4180026
1770211159027,4089.31,1148.09,100646912,54312960,45407096,43.30,4180026
1770211159127,4096.13,1149.79,100827136,54312960,45623120,43.51,4189556
1770211159229,4113.44,1149.95,100843520,54312960,45627488,43.51,4189556
1770211159330,4113.67,1150.02,100843520,54312960,45629472,43.52,4189556
1770211159431,4116.26,1151.52,101056512,54312960,45843312,43.72,4190894
1770211159533,4116.51,1151.59,101056512,54312960,45845320,43.72,4190894
1770211159634,4121.64,1153.09,101269504,54312960,46059712,43.93,4200424
1770211159735,4121.83,1153.15,101269504,54312960,46061720,43.93,4200424
1770211159836,4122.08,1153.23,101269504,54312960,46063704,43.93,4200424
1770211159938,4155.24,1154.95,101646336,54312960,46393216,44.24,4201762
1770211160039,4155.37,1155.01,101646336,54312960,46395224,44.25,4201762
1770211160140,4157.96,1156.53,101842944,54312960,46606168,44.45,4211292
1770211160241,4158.16,1156.60,101842944,54312960,46608176,44.45,4211292
1770211160342,4158.42,1156.66,101842944,54312960,46610160,44.45,4211292
1770211160443,4160.82,1158.26,102055936,54312960,46820928,44.65,4212630
1770211160544,4160.96,1158.31,102055936,54312960,46822936,44.65,4212630
1770211160645,4163.57,1159.95,102268928,54312960,47033944,44.86,4222160
1770211160746,4163.79,1160.02,102268928,54312960,47035952,44.86,4222160
1770211160847,4164.04,1160.09,102268928,54312960,47037936,44.86,4222160
1770211160947,4173.10,1161.90,102760448,54575104,44412728,42.36,4223498
1770211161049,4173.44,1161.98,102760448,54575104,44414736,42.36,4223498
1770211161150,4179.79,1163.49,102760448,54575104,44626944,42.56,4154276
1770211161251,4179.97,1163.56,102760448,54575104,44628448,42.56,4154276
1770211161352,4180.21,1163.63,102760448,54575104,44629928,42.56,4154276
1770211161453,4182.74,1165.08,102760448,54575104,44840344,42.76,4155614
1770211161554,4182.98,1165.16,102760448,54575104,44841824,42.76,4155614
1770211161655,4190.48,1166.66,102776832,54575104,45053704,42.97,4165144
1770211161756,4190.68,1166.73,102776832,54575104,45055208,42.97,4165144
1770211161857,4190.92,1166.80,102776832,54575104,45056688,42.97,4165144
1770211161958,4193.43,1168.26,102776832,54575104,45266800,43.17,4166482
1770211162059,4193.67,1168.34,102776832,54575104,45268280,43.17,4166482
1770211162161,4197.61,1169.79,102776832,54575104,45478624,43.37,4176012
1770211162262,4197.82,1169.85,102776832,54575104,45480128,43.37,4176012
1770211162363,4198.08,1169.94,102776832,54575104,45481608,43.37,4176012
1770211162464,4200.72,1171.40,102776832,54575104,45691840,43.58,4177350
1770211162565,4212.03,1171.54,102793216,54575104,45694688,43.58,4177350
1770211162666,4214.43,1172.99,102858752,54575104,45904976,43.78,4186880
1770211162766,4214.63,1173.07,102858752,54575104,45906448,43.78,4186880
1770211162866,4214.87,1173.14,102858752,54575104,45907896,43.78,4186880
1770211162967,4217.47,1174.67,103071744,54575104,46117952,43.98,4188218
1770211163069,4217.70,1174.74,103071744,54575104,46119400,43.98,4188218
1770211163170,4222.80,1176.37,103284736,54575104,46330136,44.18,4197748
1770211163271,4223.00,1176.44,103301120,54575104,46331608,44.19,4197748
1770211163372,4223.22,1176.52,103301120,54575104,46333056,44.19,4197748
1770211163473,4225.68,1178.02,103497728,54575104,46543208,44.39,4199086
1770211163573,4225.92,1178.10,103497728,54575104,46544680,44.39,4199086
1770211163675,4228.44,1179.62,103694336,54575104,46754936,44.59,4208616
1770211163775,4229.26,1179.78,103694336,54575104,46760184,44.59,4208616
1770211163876,4230.08,1179.94,103727104,54575104,46788160,44.62,4208624
1770211163977,4233.24,1181.47,103923712,54575104,47174872,44.99,4209962
1770211164078,4233.47,1181.54,103923712,54575104,47176344,44.99,4209962
1770211164179,4236.00,1183.11,104120320,54575104,47386592,45.19,4219492
1770211164280,4236.20,1183.18,104120320,54575104,47388064,45.19,4219492
1770211164380,4236.42,1183.26,104120320,54575104,47389512,45.19,4219492
1770211164481,4239.23,1184.87,104333312,54575104,47599592,45.39,4220830
1770211164582,4239.46,1184.94,104333312,54575104,47601064,45.40,4220830
1770211164682,4241.87,1186.50,104529920,54575104,47811296,45.60,4230360
1770211164783,4242.12,1186.58,104546304,54575104,47812792,45.60,4230360
1770211164884,4242.35,1186.65,104546304,54575104,47814240,45.60,4230360
1770211164985,4247.51,1190.44,98844672,48545792,45142896,43.05,4231698
1770211165086,4247.73,1190.51,98844672,48545792,45144360,43.05,4231698
1770211165187,4261.17,1192.06,98844672,48545792,45355368,43.25,4154276
1770211165288,4261.39,1192.14,98844672,48545792,45356808,43.26,4154276
1770211165388,4261.61,1192.21,98844672,48545792,45358248,43.26,4154276
1770211165490,4263.93,1193.70,98844672,48545792,45568024,43.46,4155614
1770211165591,4264.16,1193.78,98844672,48545792,45569464,43.46,4155614
1770211165700,4373.95,1204.98,120602624,81379328,60651776,57.84,4145417
1770211165799,4632.26,1212.55,149536768,99434496,78456000,74.82,4136554
1770211165901,4633.00,1212.65,149585920,99434496,78724680,75.08,4136554
1770211166002,4634.77,1213.62,149585920,99434496,78934800,75.28,4137892
1770211166103,4634.99,1213.68,149585920,99434496,78936272,75.28,4137892
1770211166204,4637.41,1215.19,149585920,99434496,79146168,75.48,4147418
1770211166305,4637.64,1215.27,149585920,99434496,79147640,75.48,4147418
1770211166406,4637.86,1215.35,149585920,99434496,79149088,75.48,4147418
1770211166507,4644.15,1217.53,150831104,101531648,65180472,62.16,4148752
1770211166608,4644.36,1217.60,150831104,101531648,65181960,62.16,4148752
1770211166708,4646.86,1219.10,150847488,101531648,65391680,62.36,4155610
1770211166808,4647.10,1219.18,150847488,101531648,65393168,62.36,4155610
1770211166909,4647.36,1219.31,150847488,101531648,65394632,62.37,4155610
1770211167010,4650.36,1221.41,150847488,101531648,65604240,62.57,4156944
1770211167111,4650.64,1221.59,150847488,101531648,65605728,62.57,4156944
1770211167212,4653.12,1223.19,150847488,101531648,65815528,62.77,4166470
1770211167313,4653.37,1223.28,150847488,101531648,65817016,62.77,4166470
1770211167414,4653.64,1223.45,150847488,101531648,65818480,62.77,4166470
1770211167515,4656.53,1225.38,150847488,101531648,66028080,62.97,4167804
1770211167616,4656.78,1225.49,150847488,101531648,66029568,62.97,4167804
1770211167717,4659.83,1227.58,150847488,101531648,66239328,63.17,4177330
1770211167817,4660.10,1227.74,150847488,101531648,66240816,63.17,4177330
1770211167917,4660.38,1227.88,150847488,101531648,66242280,63.17,4177330
1770211168019,4663.36,1229.92,150863872,101531648,66451888,63.37,4178664
1770211168120,4663.63,1230.08,150863872,101531648,66453376,63.37,4178664
1770211168221,4666.32,1232.10,150863872,101531648,66663224,63.58,4188190
1770211168322,4666.60,1232.25,150863872,101531648,66664712,63.58,4188190
1770211168423,4666.88,1232.41,150863872,101531648,66666176,63.58,4188190
1770211168524,4669.68,1234.49,150863872,101531648,66875728,63.78,4189524
1770211168625,4669.94,1234.67,150863872,101531648,66877216,63.78,4189524
1770211168726,4672.83,1236.66,150863872,101531648,67087016,63.98,4199052
1770211168827,4673.09,1236.81,150863872,101531648,67088504,63.98,4199052
1770211168927,4673.36,1236.99,150863872,101531648,67089968,63.98,4199052
1770211169028,4676.18,1238.96,150863872,101531648,67299512,64.18,4200388
1770211169129,4676.46,1239.14,150863872,101531648,67301000,64.18,4200388
1770211169230,4679.39,1241.32,150880256,101531648,67510768,64.38,4209916
1770211169331,4679.67,1241.46,150880256,101531648,67512256,64.38,4209916
1770211169432,4679.93,1241.63,150880256,101531648,67513720,64.39,4209916
1770211169533,4682.69,1243.65,150880256,101531648,67723344,64.59,4211252
1770211169634,4682.98,1243.79,150880256,101531648,67724832,64.59,4211252
1770211169735,4685.94,1245.99,150880256,101531648,67934664,64.79,4220780
1770211169836,4686.14,1246.11,150880256,101531648,67936152,64.79,4220780
1770211169938,4688.00,1247.31,150880256,101531648,68042136,64.89,4221450
1770211170040,4688.98,1248.12,150880256,101531648,68147144,64.99,4222116
1770211170141,4689.23,1248.26,150880256,101531648,68148632,64.99,4222116
1770211170242,4697.14,1250.19,150896640,101531648,68359200,65.19,4231644
1770211170343,4697.36,1250.32,150896640,101531648,68360688,65.19,4231644
1770211170444,4700.16,1252.31,150896640,101531648,68570304,65.39,4232980
1770211170545,4700.31,1252.38,150896640,101531648,68571792,65.40,4232980
1770211170646,4700.55,1252.52,150896640,101531648,68573256,65.40,4232980
1770211170747,4703.41,1254.34,150896640,101531648,68783032,65.60,4242508
1770211170848,4703.64,1254.45,150896640,101531648,68784520,65.60,4242508
1770211170947,4706.45,1256.30,150913024,101531648,68994088,65.80,4243844
1770211171049,4706.62,1256.39,150913024,101531648,68995576,65.80,4243844
1770211171150,4706.90,1256.55,150913024,101531648,68997040,65.80,4243844
1770211171251,4709.41,1258.28,150913024,101531648,69206792,66.00,4253372
1770211171352,4709.66,1258.43,150913024,101531648,69208280,66.00,4253372
1770211171452,4712.48,1260.63,150913024,101531648,69417856,66.20,4254708
1770211171553,4712.62,1260.70,150913024,101531648,69419344,66.20,4254708
1770211171654,4712.85,1260.85,150913024,101531648,69420808,66.20,4254708
1770211171755,4715.71,1262.91,150913024,101531648,69630536,66.40,4264236
1770211171856,4715.95,1263.04,150913024,101531648,69632024,66.41,4264236
1770211171956,4718.79,1265.12,150913024,101531648,69841704,66.61,4265572
1770211172058,4718.93,1265.21,150913024,101531648,69843192,66.61,4265572
1770211172158,4719.14,1265.34,150913024,101531648,69844656,66.61,4265572
1770211172259,4722.08,1267.34,150913024,101531648,70054472,66.81,4275100
1770211172360,4722.32,1267.49,150913024,101531648,70055960,66.81,4275100
1770211172460,4725.03,1269.56,150929408,101531648,70265536,67.01,4276436
1770211172561,4725.17,1269.65,150929408,101531648,70267024,67.01,4276436
1770211172661,4725.38,1269.78,150929408,101531648,70268488,67.01,4276436
1770211172763,4728.16,1271.73,150929408,101531648,70478312,67.21,4285964
1770211172864,4728.40,1271.87,150929408,101531648,70479800,67.21,4285964
1770211172965,4731.19,1273.74,150929408,101531648,70689456,67.41,4287300
1770211173066,4731.33,1273.83,150929408,101531648,70690944,67.42,4287300
1770211173167,4731.54,1273.96,150929408,101531648,70692408,67.42,4287300
1770211173268,4733.97,1275.61,150929408,101531648,70902208,67.62,4296828
1770211173369,4734.18,1275.72,150929408,101531648,70903696,67.62,4296828
1770211173469,4743.38,1277.67,150945792,101531648,71114336,67.82,4298164
1770211173569,4743.51,1277.75,150945792,101531648,71115824,67.82,4298164
1770211173670,4743.72,1277.88,150945792,101531648,71117288,67.82,4298164
1770211173771,4746.35,1279.92,150945792,101531648,71327200,68.02,4307692
1770211173873,4814.84,1289.38,108822528,57982976,42230384,40.27,4135216
1770211173974,4818.62,1291.27,108822528,57982976,42715632,40.74,4136552
1770211174074,4818.74,1291.34,108822528,57982976,42717104,40.74,4136552
1770211174175,4818.93,1291.45,108822528,57982976,42718552,40.74,4136552
1770211174276,4827.57,1293.61,108822528,57982976,42948048,40.96,4146080
1770211174378,4827.80,1293.75,108822528,57982976,42949520,40.96,4146080
1770211174478,4904.69,1300.51,96321536,46448640,42134816,40.18,4136552
1770211174579,4904.81,1300.56,96321536,46448640,42136328,40.18,4136552
1770211174680,4905.05,1300.71,96321536,46448640,42137768,40.19,4136552
1770211174781,4907.83,1302.80,96534528,46448640,42362120,40.40,4146080
1770211174882,4908.09,1302.98,96534528,46448640,42363584,40.40,4146080
1770211174983,4910.94,1305.07,96747520,46448640,42587664,40.61,4147416
1770211175083,4950.03,1305.98,96763904,46448640,42596632,40.62,4147416
1770211175184,4986.19,1309.16,96190464,45924352,41965192,40.02,4135216
1770211175285,4991.64,1311.09,96452608,45924352,42451536,40.48,4144744
1770211175386,4991.86,1311.24,96452608,45924352,42453000,40.49,4144744
1770211175487,4994.50,1313.02,96665600,45924352,42677280,40.70,4146080
1770211175588,4994.65,1313.10,96681984,45924352,42678744,40.70,4146080
1770211175688,4994.89,1313.24,96681984,45924352,42680184,40.70,4146080
1770211175789,4998.10,1315.23,96911360,45924352,42904560,40.92,4155608
1770211175891,4998.35,1315.37,96911360,45924352,42906024,40.92,4155608
1770211175992,5002.38,1317.69,97484800,49070080,42281792,40.32,4156944
1770211176093,5002.58,1317.78,97484800,49070080,42283256,40.32,4156944
1770211176193,5002.85,1317.92,97484800,49070080,42284696,40.33,4156944
1770211176295,5006.58,1319.89,97730560,49070080,42509392,40.54,4154938
1770211176396,5006.84,1320.05,97730560,49070080,42510856,40.54,4154938
1770211176497,5010.02,1322.21,97943552,49070080,42734992,40.76,4156274
1770211176598,5010.22,1322.32,97943552,49070080,42736456,40.76,4156274
1770211176698,5010.46,1322.47,97943552,49070080,42737896,40.76,4156274
1770211176800,5013.38,1324.57,98156544,49070080,42962280,40.97,4165802
1770211176901,5013.63,1324.71,98156544,49070080,42963744,40.97,4165802
1770211177002,5016.68,1326.84,98369536,49070080,43187848,41.19,4167138
1770211177103,5016.87,1326.96,98369536,49070080,43189312,41.19,4167138
1770211177203,5017.11,1327.10,98369536,49070080,43190752,41.19,4167138
1770211177304,5020.26,1329.18,98582528,49070080,43415152,41.40,4176666
1770211177405,5020.49,1329.32,98582528,49070080,43416616,41.41,4176666
1770211177506,5022.68,1331.01,98811904,49070080,43640720,41.62,4178002
1770211177607,5022.83,1331.07,98811904,49070080,43642184,41.62,4178002
1770211177707,5023.06,1331.21,98828288,49070080,43643624,41.62,4178002
1770211177809,5026.10,1333.27,99041280,49070080,43867976,41.84,4187530
1770211177910,5026.33,1333.41,99041280,49070080,43869440,41.84,4187530
1770211178011,5031.05,1335.57,99254272,49070080,42532040,40.56,4188866
1770211178112,5031.26,1335.68,99254272,49070080,42533504,40.56,4188866
1770211178213,5031.53,1335.83,99254272,49070080,42534944,40.56,4188866
1770211178314,5034.99,1337.92,99336192,49070080,42759264,40.78,4154272
1770211178415,5035.27,1338.06,99336192,49070080,42760728,40.78,4154272
1770211178515,5044.32,1340.39,99336192,49070080,43034360,41.04,4155608
1770211178616,5044.52,1340.49,99336192,49070080,43035800,41.04,4155608
1770211178717,5044.77,1340.65,99336192,49070080,43037240,41.04,4155608
1770211178818,5047.86,1342.39,99352576,49070080,43261528,41.26,4165136
1770211178919,5048.11,1342.53,99352576,49070080,43262992,41.26,4165136
1770211179020,5052.88,1344.58,99565568,49070080,43486976,41.47,4166472
1770211179121,5053.07,1344.69,99565568,49070080,43488440,41.47,4166472
1770211179221,5053.31,1344.84,99565568,49070080,43489880,41.48,4166472
1770211179322,5056.58,1346.99,99778560,49070080,43713808,41.69,4176000
1770211179423,5056.80,1347.11,99778560,49070080,43715272,41.69,4176000
1770211179524,5064.73,1349.11,99991552,49070080,43938952,41.90,4177336
1770211179625,5064.84,1349.19,99991552,49070080,43940416,41.90,4177336
1770211179726,5064.99,1349.26,99991552,49070080,43941856,41.91,4177336
1770211179826,5071.06,1351.33,100220928,49070080,44165736,42.12,4186864
1770211179926,5071.29,1351.47,100220928,49070080,44167208,42.12,4186864
1770211180028,5076.67,1353.64,100368384,49070080,42917432,40.93,4188200
1770211180128,5076.83,1353.74,100368384,49070080,42918904,40.93,4188200
1770211180230,5077.06,1353.88,100368384,49070080,42920352,40.93,4188200
1770211180330,5079.78,1355.72,100368384,49070080,43143536,41.14,4154938
1770211180431,5080.01,1355.85,100368384,49070080,43144984,41.15,4154938
1770211180531,5084.00,1357.76,100368384,49070080,43368040,41.36,4156274
1770211180633,5084.17,1357.85,100368384,49070080,43369488,41.36,4156274
1770211180734,5084.42,1358.00,100368384,49070080,43370936,41.36,4156274
1770211180835,5087.59,1360.12,100368384,49070080,43594144,41.57,4165802
1770211180936,5087.83,1360.25,100368384,49070080,43595592,41.58,4165802
1770211181038,5091.10,1362.32,100368384,49070080,43818608,41.79,4167138
1770211181139,5091.30,1362.44,100368384,49070080,43820056,41.79,4167138
1770211181240,5091.56,1362.60,100368384,49070080,43821504,41.79,4167138
1770211181340,5094.72,1364.49,100384768,49070080,44044728,42.00,4176666
1770211181441,5094.96,1364.60,100384768,49070080,44046176,42.01,4176666
1770211181542,5101.57,1366.68,100384768,49070080,44269608,42.22,4178002
1770211181643,5101.76,1366.79,100384768,49070080,44271056,42.22,4178002
1770211181744,5101.98,1366.94,100384768,49070080,44272504,42.22,4178002
1770211181845,5104.99,1369.09,97271808,45924352,43124704,41.13,4187530
1770211181946,5105.24,1369.22,97271808,45924352,43126144,41.13,4187530
1770211182047,5108.31,1371.46,97271808,45924352,43349168,41.34,4146080
1770211182148,5108.49,1371.58,97271808,45924352,43350608,41.34,4146080
1770211182248,5108.71,1371.70,97271808,45924352,43352048,41.34,4146080
1770211182350,5111.70,1373.62,97271808,45924352,43575288,41.56,4155608
1770211182451,5111.93,1373.75,97271808,45924352,43576728,41.56,4155608
1770211182551,5115.13,1376.00,97288192,45924352,43799672,41.77,4156944
1770211182653,5115.34,1376.15,97288192,45924352,43801112,41.77,4156944
1770211182753,5115.61,1376.31,97288192,45924352,43802552,41.77,4156944
1770211182854,5119.66,1378.54,97812480,47235072,43373312,41.36,4154272
1770211182954,5119.91,1378.67,97812480,47235072,43374752,41.37,4154272
1770211183056,5123.14,1380.68,98025472,47235072,43597752,41.58,4155608
1770211183157,5123.34,1380.81,98025472,47235072,43599192,41.58,4155608
1770211183259,5123.61,1380.96,98025472,47235072,43600632,41.58,4155608
1770211183360,5126.73,1383.10,98254848,47235072,43823848,41.79,4165136
1770211183461,5126.96,1383.23,98254848,47235072,43825288,41.80,4165136
1770211183561,5130.65,1385.37,98566144,47235072,43299208,41.29,4166472
1770211183663,5130.85,1385.48,98566144,47235072,43300648,41.29,4166472
1770211183764,5131.10,1385.61,98566144,47235072,43302088,41.30,4166472
1770211183865,5134.04,1387.56,98566144,47235072,43525312,41.51,4154272
1770211183966,5134.27,1387.67,98566144,47235072,43526752,41.51,4154272
1770211184067,5141.84,1389.63,98582528,47235072,43770600,41.74,4155608
1770211184168,5142.03,1389.75,98582528,47235072,43772040,41.74,4155608
1770211184269,5142.28,1389.88,98582528,47235072,43773480,41.75,4155608
1770211184370,5148.49,1392.07,98582528,47235072,43996768,41.96,4165136
1770211184470,5148.70,1392.19,98582528,47235072,43998208,41.96,4165136
1770211184572,5152.84,1394.35,98746368,47759360,43477168,41.46,4166472
1770211184672,5152.99,1394.46,98746368,47759360,43478608,41.46,4166472
1770211184774,5153.10,1394.52,98746368,47759360,43480048,41.47,4166472
1770211184875,5158.32,1396.42,98746368,47759360,43702920,41.68,4154938
1770211184975,5158.55,1396.55,98746368,47759360,43704360,41.68,4154938
1770211185076,5164.34,1398.13,98762752,47759360,44186312,42.14,4156274
1770211185177,5164.53,1398.20,98762752,47759360,44187752,42.14,4156274
1770211185277,5164.76,1398.34,98762752,47759360,44189192,42.14,4156274
1770211185377,5170.15,1400.57,98762752,47759360,44406960,42.35,4165802
1770211185478,5170.37,1400.68,98762752,47759360,44408400,42.35,4165802
1770211185579,5182.52,1402.72,98926592,48021504,43881088,41.85,4167138
1770211185680,5182.72,1402.86,98926592,48021504,43882528,41.85,4167138
1770211185781,5182.94,1402.98,98926592,48021504,43883968,41.85,4167138
1770211185881,5190.32,1405.20,98926592,48021504,44099424,42.06,4154938
1770211185983,5190.54,1405.32,98926592,48021504,44100864,42.06,4154938
1770211186084,5192.54,1407.02,98926592,48021504,44315368,42.26,4156274
1770211186185,5192.72,1407.12,98926592,48021504,44316808,42.26,4156274
1770211186286,5192.99,1407.27,98926592,48021504,44318248,42.27,4156274
1770211186387,5198.54,1409.40,98942976,48021504,44532832,42.47,4165802
1770211186488,5198.78,1409.54,98942976,48021504,44534272,42.47,4165802
1770211186588,5202.69,1411.37,99188736,50118656,44035672,42.00,4167138
1770211186688,5202.90,1411.51,99188736,50118656,44037112,42.00,4167138
1770211186790,5203.14,1411.66,99188736,50118656,44038552,42.00,4167138
1770211186891,5207.77,1413.12,99188736,50118656,44252712,42.20,4154938
1770211186991,5207.98,1413.24,99188736,50118656,44254152,42.20,4154938
1770211187092,5211.81,1415.30,99237888,50118656,44468376,42.41,4156274
1770211187193,5212.04,1415.44,99237888,50118656,44469816,42.41,4156274
1770211187294,5212.28,1415.59,99237888,50118656,44471256,42.41,4156274
1770211187395,5226.53,1417.96,99270656,50118656,44686008,42.62,4165802
1770211187496,5226.76,1418.10,99270656,50118656,44687448,42.62,4165802
1770211187597,5229.61,1420.22,99319808,50118656,44901224,42.82,4167138
1770211187698,5229.81,1420.35,99319808,50118656,44902664,42.82,4167138
1770211187799,5230.04,1420.49,99319808,50118656,44904104,42.82,4167138
1770211187900,5232.91,1422.53,99532800,50118656,45118184,43.03,4176666
1770211188001,5233.14,1422.66,99532800,50118656,45119624,43.03,4176666
1770211188103,5236.64,1424.60,99762176,50118656,45333352,43.23,4178002
1770211188205,5236.88,1424.74,99762176,50118656,45334792,43.23,4178002
1770211188306,5237.10,1424.86,99762176,50118656,45336232,43.24,4178002
1770211188406,5247.49,1426.94,99958784,50118656,45550304,43.44,4187530
1770211188508,5247.67,1427.05,99975168,50118656,45551744,43.44,4187530
1770211188609,5250.25,1429.06,100171776,50118656,45765232,43.65,4188866
1770211188710,5250.52,1429.19,100171776,50118656,45766680,43.65,4188866
1770211188811,5250.77,1429.31,100171776,50118656,45768128,43.65,4188866
1770211188911,5255.14,1432.00,98254848,47235072,44388400,42.33,4146080
1770211189013,5255.40,1432.14,98254848,47235072,44389840,42.33,4146080
1770211189114,5258.02,1434.12,98271232,47235072,44603296,42.54,4147416
1770211189214,5258.27,1434.28,98271232,47235072,44604760,42.54,4147416
1770211189317,5260.30,1435.47,98271232,47235072,44712912,42.64,4156278
1770211189418,5261.28,1436.32,98271232,47235072,44819888,42.74,4156944
1770211189518,5261.55,1436.48,98271232,47235072,44821328,42.74,4156944
1770211189619,5286.05,1438.80,98811904,48545792,44551976,42.49,4158280
1770211189720,5286.22,1438.88,98811904,48545792,44553440,42.49,4158280
1770211189820,5288.37,1440.16,98910208,48545792,44660776,42.59,4154272
1770211189921,5289.43,1441.06,99008512,48545792,44766872,42.69,4154938
1770211190021,5289.67,1441.21,99008512,48545792,44768312,42.69,4154938
1770211190123,5322.90,1443.61,99401728,48545792,44984544,42.90,4156274
1770211190225,5323.02,1443.66,99401728,48545792,44985984,42.90,4156274
1770211190325,5325.49,1445.46,99598336,48545792,45195168,43.10,4165802
1770211190426,5325.61,1445.52,99598336,48545792,45196608,43.10,4165802
1770211190527,5325.83,1445.64,99598336,48545792,45198048,43.10,4165802
1770211190629,5334.78,1448.22,100057088,50642944,44679056,42.61,4167138
1770211190731,5334.97,1448.34,100057088,50642944,44680504,42.61,4167138
1770211190831,5337.72,1450.01,100057088,50642944,44889744,42.81,4154938
1770211190933,5337.89,1450.08,100057088,50642944,44891192,42.81,4154938
1770211191033,5338.14,1450.23,100057088,50642944,44892640,42.81,4154938
1770211191134,5340.81,1452.32,100057088,50642944,45101656,43.01,4156274
1770211191235,5341.02,1452.45,100057088,50642944,45103104,43.01,4156274
1770211191335,5344.04,1454.22,100057088,50642944,45312312,43.21,4165804
1770211191436,5344.20,1454.30,100057088,50642944,45313784,43.21,4165804
1770211191536,5344.43,1454.44,100057088,50642944,45315232,43.22,4165804
1770211191638,5347.44,1456.76,100057088,50642944,45524328,43.42,4167142
1770211191738,5347.64,1456.88,100057088,50642944,45525800,43.42,4167142
1770211191839,5350.67,1458.94,100286464,50642944,45734992,43.62,4176672
1770211191939,5350.83,1459.02,100286464,50642944,45736464,43.62,4176672
1770211192040,5351.09,1459.16,100286464,50642944,45737912,43.62,4176672
1770211192141,5353.69,1461.09,100483072,50642944,45946968,43.82,4178010
1770211192243,5353.90,1461.20,100483072,50642944,45948440,43.82,4178010
1770211192344,5357.83,1463.24,100696064,50642944,46157736,44.02,4187540
1770211192445,5357.94,1463.33,100696064,50642944,46159208,44.02,4187540
1770211192546,5358.09,1463.39,100696064,50642944,46160656,44.02,4187540
1770211192647,5362.52,1466.17,99041280,47759360,44949688,42.87,4188878
1770211192747,5362.78,1466.28,99041280,47759360,44951152,42.87,4188878
1770211192847,5365.63,1468.22,99041280,47759360,45160368,43.07,4154274
1770211192948,5365.80,1468.31,99041280,47759360,45161832,43.07,4154274
1770211193049,5366.07,1468.46,99041280,47759360,45163272,43.07,4154274
1770211193150,5370.19,1470.49,99041280,47759360,45372280,43.27,4155612
1770211193251,5370.43,1470.63,99041280,47759360,45373744,43.27,4155612
1770211193351,5374.66,1472.57,99057664,47759360,45582952,43.47,4165142
1770211193453,5374.81,1472.65,99057664,47759360,45584416,43.47,4165142
1770211193553,5375.04,1472.80,99057664,47759360,45585856,43.47,4165142
1770211193653,5378.96,1474.80,98598912,48021504,45169880,43.08,4146082
1770211193755,5379.17,1474.92,98598912,48021504,45171344,43.08,4146082
1770211193856,5381.97,1476.81,98811904,48021504,45381280,43.28,4155612
1770211193956,5382.12,1476.89,98811904,48021504,45382720,43.28,4155612
1770211194057,5382.35,1477.03,98811904,48021504,45384160,43.28,4155612
1770211194159,5385.25,1479.02,99008512,48021504,45593128,43.48,4156950
1770211194260,5385.46,1479.15,99008512,48021504,45594592,43.48,4156950
1770211194361,5389.16,1481.42,99680256,51429376,45193016,43.10,4166480
1770211194461,5389.32,1481.52,99680256,51429376,45194480,43.10,4166480
1770211194562,5389.51,1481.67,99680256,51429376,45195920,43.10,4166480
1770211194663,5391.68,1483.31,99893248,51429376,45404936,43.30,4146082
1770211194764,5391.89,1483.41,99893248,51429376,45406376,43.30,4146082
1770211194865,5394.76,1485.29,100089856,51429376,45615624,43.50,4155612
1770211194965,5394.90,1485.37,100089856,51429376,45617072,43.50,4155612
1770211195067,5395.14,1485.50,100089856,51429376,45618520,43.51,4155612
1770211195167,5397.62,1487.47,100286464,51429376,45827560,43.70,4156950
1770211195269,5397.88,1487.62,100286464,51429376,45829008,43.71,4156950
1770211195369,5400.64,1489.62,100499456,51429376,46038248,43.91,4166480
1770211195471,5400.79,1489.71,100499456,51429376,46039696,43.91,4166480
1770211195572,5401.01,1489.85,100499456,51429376,46041144,43.91,4166480
1770211195672,5571.50,1507.45,138969088,96780288,60895800,58.07,4146082
1770211195773,5746.57,1510.70,148340736,98091008,76879184,73.32,4136554
1770211195874,5747.70,1511.79,148340736,98091008,77088280,73.52,4146084
1770211195974,5747.81,1511.84,148340736,98091008,77089752,73.52,4146084
1770211196076,5748.04,1511.97,148340736,98091008,77091200,73.52,4146084
1770211196177,5757.77,1514.92,149471232,99139584,64278776,61.30,4147422
1770211196278,5758.01,1515.04,149471232,99139584,64280248,61.30,4147422
1770211196379,5760.98,1517.14,149471232,99139584,64489296,61.50,4155614
1770211196480,5761.13,1517.23,149471232,99139584,64490768,61.50,4155614
1770211196580,5761.36,1517.37,149471232,99139584,64492216,61.50,4155614
1770211196682,5764.24,1519.30,149487616,99139584,64701016,61.70,4156952
1770211196782,5764.45,1519.40,149487616,99139584,64702488,61.71,4156952
1770211196883,5767.09,1521.39,149487616,99139584,64911624,61.90,4166482
1770211196984,5767.33,1521.50,149487616,99139584,64913096,61.91,4166482
1770211197085,5767.61,1521.66,149487616,99139584,64914544,61.91,4166482
1770211197186,5770.52,1523.70,149487616,99139584,65123440,62.11,4167820
1770211197287,5770.78,1523.85,149487616,99139584,65124912,62.11,4167820
1770211197388,5773.86,1526.09,149487616,99139584,65333936,62.31,4177350
1770211197489,5774.07,1526.21,149487616,99139584,65335408,62.31,4177350
1770211197591,5774.34,1526.38,149487616,99139584,65336856,62.31,4177350
1770211197692,5777.42,1528.59,149487616,99139584,65545800,62.51,4178688
1770211197793,5777.69,1528.75,149487616,99139584,65547272,62.51,4178688
1770211197895,5780.47,1530.74,149504000,99139584,65756592,62.71,4188218
1770211197996,5780.68,1530.85,149504000,99139584,65758064,62.71,4188218
1770211198096,5780.95,1531.03,149504000,99139584,65759512,62.71,4188218
1770211198198,5783.98,1533.07,149504000,99139584,65968304,62.91,4189556
1770211198299,5784.25,1533.22,149504000,99139584,65969776,62.91,4189556
1770211198401,5787.17,1535.22,149504000,99139584,66178824,63.11,4199086
1770211198502,5787.41,1535.36,149504000,99139584,66180296,63.11,4199086
1770211198602,5787.67,1535.53,149504000,99139584,66181744,63.12,4199086
1770211198704,5790.66,1537.62,149504000,99139584,66390568,63.31,4200424
1770211198805,5790.89,1537.72,149504000,99139584,66392040,63.32,4200424
1770211198906,5793.45,1539.73,149520384,99139584,66601648,63.52,4209954
1770211199007,5793.69,1539.85,149520384,99139584,66603120,63.52,4209954
1770211199107,5793.95,1540.02,149520384,99139584,66604568,63.52,4209954
1770211199209,5796.84,1542.01,149520384,99139584,66813384,63.72,4211292
1770211199310,5797.11,1542.17,149520384,99139584,66814856,63.72,4211292
1770211199411,5799.95,1544.06,149520384,99139584,67023872,63.92,4220822
1770211199511,5800.20,1544.20,149520384,99139584,67025344,63.92,4220822
1770211199612,5800.48,1544.36,149520384,99139584,67026792,63.92,4220822
1770211199713,5803.33,1546.31,149520384,99139584,67235904,64.12,4222160
1770211199813,5803.59,1546.46,149520384,99139584,67237376,64.12,4222160
1770211199915,5806.49,1548.51,149520384,99139584,67446496,64.32,4231690
1770211200016,5806.71,1548.64,149520384,99139584,67447968,64.32,4231690
1770211200116,5806.97,1548.80,149520384,99139584,67449416,64.32,4231690
1770211200216,5809.94,1550.83,149520384,99139584,67658192,64.52,4233028
1770211200318,5810.15,1550.96,149520384,99139584,67659664,64.53,4233028
1770211200419,5812.84,1552.92,149536768,99139584,67868616,64.72,4242558
1770211200519,5813.05,1553.05,149536768,99139584,67870088,64.73,4242558
1770211200621,5813.27,1553.18,149536768,99139584,67871536,64.73,4242558
1770211200722,5819.21,1555.39,149536768,99139584,68080328,64.93,4243896
1770211200823,5819.44,1555.52,149536768,99139584,68081800,64.93,4243896
1770211200924,5822.28,1557.48,149553152,99139584,68290792,65.13,4253426
1770211201025,5822.51,1557.61,149553152,99139584,68292264,65.13,4253426
1770211201126,5822.77,1557.76,149553152,99139584,68293712,65.13,4253426
1770211201226,5825.36,1559.81,149553152,99139584,68502456,65.33,4254764
1770211201328,5825.61,1559.95,149553152,99139584,68503928,65.33,4254764
1770211201428,5831.98,1562.17,149553152,99139584,68713040,65.53,4264294
1770211201529,5832.17,1562.29,149553152,99139584,68714512,65.53,4264294
1770211201631,5832.40,1562.42,149553152,99139584,68715960,65.53,4264294
1770211201731,5835.14,1564.42,149553152,99139584,68924720,65.73,4265632
1770211201833,5835.37,1564.55,149553152,99139584,68926192,65.73,4265632
1770211201934,5838.07,1566.56,149553152,99139584,69135272,65.93,4275162
1770211202035,5838.29,1566.69,149553152,99139584,69136744,65.93,4275162
1770211202135,5838.52,1566.83,149553152,99139584,69138192,65.94,4275162
1770211202237,5841.45,1568.80,149569536,99139584,69346928,66.13,4276500
1770211202338,5841.68,1568.92,149569536,99139584,69348400,66.14,4276500
1770211202439,5846.65,1571.05,149569536,99139584,69557672,66.34,4286030
1770211202540,5846.84,1571.17,149569536,99139584,69559144,66.34,4286030
1770211202640,5847.07,1571.31,149569536,99139584,69560592,66.34,4286030
1770211202741,5855.62,1573.39,149569536,99139584,69769904,66.54,4287368
1770211202842,5855.87,1573.55,149569536,99139584,69771376,66.54,4287368
1770211202944,5859.79,1575.47,149585920,99139584,69980088,66.74,4296898
1770211203045,5860.01,1575.61,149585920,99139584,69981560,66.74,4296898
1770211203146,5860.29,1575.77,149585920,99139584,69983008,66.74,4296898
1770211203247,5863.06,1577.83,149585920,99139584,70191504,66.94,4298236
1770211203348,5863.30,1577.96,149585920,99139584,70192976,66.94,4298236
1770211203449,5866.11,1580.16,149585920,99139584,70401688,67.14,4307766
1770211203550,5866.32,1580.30,149585920,99139584,70403160,67.14,4307766
1770211203651,5866.54,1580.39,149585920,99139584,70404608,67.14,4307766
1770211203752,5875.89,1582.36,149585920,99139584,70614760,67.34,4309104
1770211203852,5955.22,1593.46,108658688,57458688,42406760,40.44,4135216
1770211203954,5958.87,1594.82,108658688,57458688,42894264,40.91,4144746
1770211204054,5959.09,1594.95,108658688,57458688,42895736,40.91,4144746
1770211204156,5959.32,1595.09,108658688,57458688,42897184,40.91,4144746
1770211204257,5962.84,1597.23,108658688,57458688,43120832,41.12,4146084
1770211204358,5963.09,1597.34,108658688,57458688,43122304,41.12,4146084
1770211204458,6044.28,1606.50,97288192,46972928,42401560,40.44,4144746
1770211204560,6044.50,1606.60,97288192,46972928,42403072,40.44,4144746
1770211204661,6044.74,1606.73,97288192,46972928,42404512,40.44,4144746
1770211204761,6047.67,1609.20,97501184,46972928,42634408,40.66,4146084
1770211204863,6047.97,1609.37,97501184,46972928,42635872,40.66,4146084
1770211204964,6055.69,1611.44,97730560,46972928,42869576,40.88,4155614
1770211205064,6132.86,1614.99,97042432,46710784,42134680,40.18,4135216
1770211205166,6133.15,1615.13,97042432,46710784,42386456,40.42,4135216
1770211205267,6141.50,1616.79,97304576,46710784,42636872,40.66,4136554
1770211205368,6141.72,1616.91,97304576,46710784,42638336,40.66,4136554
1770211205470,6144.87,1618.91,97517568,46710784,42861928,40.88,4146084
1770211205571,6145.06,1619.03,97517568,46710784,42863392,40.88,4146084
1770211205674,6147.32,1620.20,97632256,46710784,42976256,40.99,4146755
1770211205776,6148.33,1621.02,97730560,46710784,43088104,41.09,4147422
1770211205876,6148.58,1621.17,97730560,46710784,43089568,41.09,4147422
1770211205977,6165.54,1623.32,98336768,49856512,42508256,40.54,4156952
1770211206078,6165.78,1623.44,98336768,49856512,42509720,40.54,4156952
1770211206183,6168.06,1624.76,98451456,49856512,42622624,40.65,4146084
1770211206284,6170.51,1625.51,98566144,49856512,42734520,40.75,4146751
1770211206384,6170.75,1625.66,98566144,49856512,42735984,40.76,4146751
1770211206485,6173.54,1627.64,98795520,49856512,42959680,40.97,4156281
1770211206585,6173.75,1627.76,98795520,49856512,42961144,40.97,4156281
1770211206687,6177.94,1629.82,99008512,49856512,43184760,41.18,4157619
1770211206787,6178.09,1629.89,99008512,49856512,43186224,41.19,4157619
1770211206888,6178.33,1630.06,99008512,49856512,43187664,41.19,4157619
1770211206988,6181.26,1631.92,99221504,49856512,43411240,41.40,4167149
1770211207090,6181.47,1632.04,99221504,49856512,43412704,41.40,4167149
1770211207191,6184.28,1634.02,99434496,49856512,43635968,41.61,4168487
1770211207291,6184.44,1634.12,99434496,49856512,43637432,41.62,4168487
1770211207393,6184.70,1634.26,99434496,49856512,43638872,41.62,4168487
1770211207494,6187.82,1636.19,99647488,49856512,43862344,41.83,4178017
1770211207595,6188.06,1636.32,99647488,49856512,43863808,41.83,4178017
1770211207696,6191.21,1638.36,99876864,49856512,44087184,42.04,4179355
1770211207797,6191.36,1638.44,99876864,49856512,44088648,42.05,4179355
1770211207898,6191.60,1638.60,99876864,49856512,44090088,42.05,4179355
1770211207999,6196.28,1640.87,100106240,49856512,42760040,40.78,4188885
1770211208100,6196.50,1640.99,100106240,49856512,42761512,40.78,4188885
1770211208201,6199.45,1642.84,100106240,49856512,42984720,40.99,4146084
1770211208302,6199.60,1642.92,100106240,49856512,42986168,40.99,4146084
1770211208403,6199.86,1643.07,100106240,49856512,42987616,41.00,4146084
1770211208504,6208.72,1645.01,100188160,49856512,43211208,41.21,4155614
1770211208606,6208.93,1645.15,100188160,49856512,43212680,41.21,4155614
1770211208706,6212.10,1647.12,100188160,49856512,43435856,41.42,4156952
1770211208808,6212.30,1647.22,100188160,49856512,43437304,41.43,4156952
1770211208909,6212.40,1647.29,100188160,49856512,43438752,41.43,4156952
1770211209010,6215.28,1648.61,100401152,49856512,43662304,41.64,4166482
1770211209111,6215.50,1648.74,100401152,49856512,43663776,41.64,4166482
1770211209211,6218.48,1650.71,100614144,49856512,43886672,41.85,4167820
1770211209313,6218.66,1650.81,100614144,49856512,43888144,41.85,4167820
1770211209414,6218.91,1650.96,100614144,49856512,43889592,41.86,4167820
1770211209515,6222.17,1653.09,100827136,49856512,44112560,42.07,4177350
1770211209617,6222.32,1653.17,100827136,49856512,44114032,42.07,4177350
1770211209718,6226.78,1655.17,101040128,49856512,44336832,42.28,4178688
1770211209819,6226.94,1655.27,101040128,49856512,44338304,42.28,4178688
1770211209919,6227.19,1655.41,101040128,49856512,44339752,42.29,4178688
1770211210021,6232.24,1657.37,101187584,49856512,43095776,41.10,4188218
1770211210123,6232.46,1657.49,101187584,49856512,43097248,41.10,4188218
1770211210224,6235.59,1659.28,101187584,49856512,43320072,41.31,4146751
1770211210325,6235.83,1659.36,101187584,49856512,43321520,41.31,4146751
1770211210425,6236.10,1659.51,101187584,49856512,43322968,41.32,4146751
1770211210527,6240.40,1661.60,101203968,49856512,43546080,41.53,4156281
1770211210627,6240.68,1661.74,101203968,49856512,43547528,41.53,4156281
1770211210728,6243.78,1663.81,101203968,49856512,43770328,41.74,4157619
1770211210830,6244.00,1663.94,101203968,49856512,43771776,41.74,4157619
1770211210931,6244.27,1664.10,101203968,49856512,43773224,41.75,4157619
1770211211032,6247.49,1666.13,101203968,49856512,43996248,41.96,4167149
1770211211133,6247.76,1666.30,101203968,49856512,43997696,41.96,4167149
1770211211234,6250.84,1668.28,101203968,49856512,44220488,42.17,4168487
1770211211335,6251.04,1668.40,101203968,49856512,44221936,42.17,4168487
1770211211436,6251.30,1668.56,101203968,49856512,44223384,42.17,4168487
1770211211536,6256.27,1670.99,98091008,46710784,43226600,41.22,4178017
1770211211637,6256.54,1671.15,98091008,46710784,43228040,41.23,4178017
1770211211739,6263.72,1673.03,98107392,46710784,43451104,41.44,4146084
1770211211840,6263.93,1673.13,98107392,46710784,43452544,41.44,4146084
1770211211940,6264.18,1673.26,98107392,46710784,43453984,41.44,4146084
1770211212041,6267.36,1675.35,98107392,46710784,43677248,41.65,4155614
1770211212142,6267.60,1675.49,98107392,46710784,43678688,41.66,4155614
1770211212243,6270.81,1677.59,98107392,46710784,43901536,41.87,4156952
1770211212344,6270.99,1677.72,98107392,46710784,43902976,41.87,4156952
1770211212445,6271.23,1677.85,98107392,46710784,43904416,41.87,4156952
1770211212546,6276.05,1679.87,98451456,47759360,43446952,41.43,4146084
1770211212648,6276.28,1680.00,98451456,47759360,43448392,41.44,4146084
1770211212749,6279.13,1681.94,98680832,47759360,43671112,41.65,4147422
1770211212850,6279.34,1682.08,98680832,47759360,43672552,41.65,4147422
1770211212950,6279.57,1682.22,98680832,47759360,43673992,41.65,4147422
1770211213051,6282.48,1684.15,98893824,47759360,43897112,41.86,4156952
1770211213153,6282.70,1684.28,98893824,47759360,43898552,41.86,4156952
1770211213254,6286.46,1686.34,99237888,47759360,43433080,41.42,4158290
1770211213355,6286.71,1686.49,99237888,47759360,43434544,41.42,4158290
1770211213455,6286.96,1686.64,99237888,47759360,43435984,41.42,4158290
1770211213557,6290.00,1688.65,99237888,47759360,43658984,41.64,4154276
1770211213658,6290.23,1688.79,99237888,47759360,43660448,41.64,4154276
1770211213759,6293.37,1690.74,99237888,47759360,43883232,41.85,4155614
1770211213860,6293.52,1690.81,99237888,47759360,43884672,41.85,4155614
1770211213961,6293.74,1690.95,99237888,47759360,43886112,41.85,4155614
1770211214062,6298.87,1693.08,99237888,47759360,44109600,42.07,4165144
1770211214163,6299.09,1693.20,99237888,47759360,44111064,42.07,4165144
1770211214264,6306.58,1695.28,99352576,47759360,43670152,41.65,4166482
1770211214365,6306.81,1695.40,99352576,47759360,43671592,41.65,4166482
1770211214466,6307.06,1695.54,99352576,47759360,43673032,41.65,4166482
1770211214567,6310.99,1697.51,99352576,47759360,43895800,41.86,4154943
1770211214668,6311.19,1697.63,99352576,47759360,43897264,41.86,4154943
1770211214769,6316.50,1699.62,99352576,47759360,44119856,42.08,4156281
1770211214870,6316.67,1699.75,99352576,47759360,44121296,42.08,4156281
1770211214971,6316.89,1699.87,99352576,47759360,44122736,42.08,4156281
1770211215071,6319.80,1701.68,99368960,47759360,44345560,42.29,4165811
1770211215172,6320.05,1701.83,99368960,47759360,44347024,42.29,4165811
1770211215273,6325.85,1703.73,99581952,48021504,43818896,41.79,4167149
1770211215373,6326.04,1703.85,99581952,48021504,43820336,41.79,4167149
1770211215475,6326.26,1703.94,99581952,48021504,43821776,41.79,4167149
1770211215576,6338.93,1705.96,99598336,48021504,44044680,42.00,4154943
1770211215677,6339.17,1706.09,99598336,48021504,44046120,42.01,4154943
1770211215779,6345.29,1708.25,99598336,48021504,44266920,42.22,4156281
1770211215881,6345.44,1708.36,99598336,48021504,44268360,42.22,4156281
1770211215982,6345.67,1708.50,99598336,48021504,44269800,42.22,4156281
1770211216083,6354.96,1710.63,99598336,48021504,44490176,42.43,4165811
1770211216184,6355.21,1710.78,99598336,48021504,44491616,42.43,4165811
1770211216285,6359.65,1712.91,99844096,50118656,43991600,41.95,4167149
1770211216385,6359.85,1713.04,99844096,50118656,43993040,41.96,4167149
1770211216487,6360.08,1713.17,99844096,50118656,43994480,41.96,4167149
1770211216589,6376.08,1715.44,99876864,50118656,44409040,42.35,4154943
1770211216690,6376.31,1715.59,99876864,50118656,44410480,42.35,4154943
1770211216791,6382.69,1717.44,99876864,50118656,44624736,42.56,4156281
1770211216892,6382.91,1717.57,99876864,50118656,44626176,42.56,4156281
1770211216993,6383.16,1717.72,99876864,50118656,44627616,42.56,4156281
1770211217095,6386.34,1719.77,99926016,50380800,45096168,43.01,4165811
1770211217196,6386.59,1719.92,99926016,50380800,45097608,43.01,4165811
1770211217297,6390.44,1721.90,100007936,50380800,45311960,43.21,4167149
1770211217399,6390.63,1722.02,100007936,50380800,45313408,43.21,4167149
1770211217502,6394.68,1723.17,100122624,50380800,45421928,43.32,4176012
1770211217603,6400.24,1724.03,100204544,50380800,45529520,43.42,4176679
1770211217703,6400.50,1724.21,100220928,50380800,45530992,43.42,4176679
1770211217804,6403.51,1726.35,100433920,50380800,45745160,43.63,4178017
1770211217904,6403.69,1726.47,100433920,50380800,45746608,43.63,4178017
1770211218005,6405.32,1727.48,100532224,50380800,45855160,43.73,4186880
1770211218106,6406.27,1728.26,100630528,50380800,45962480,43.83,4187547
1770211218207,6406.52,1728.41,100630528,50380800,45963952,43.83,4187547
1770211218308,6413.11,1730.38,100859904,50380800,46178296,44.04,4188885
1770211218408,6413.33,1730.52,100859904,50380800,46179744,44.04,4188885
1770211218509,6416.86,1732.04,101072896,50642944,44688688,42.62,4197748
1770211218611,6417.85,1732.68,101072896,50642944,44796008,42.72,4146084
1770211218712,6418.09,1732.77,101072896,50642944,44797456,42.72,4146084
1770211218813,6421.09,1734.78,101072896,50642944,45011440,42.93,4147422
1770211218913,6421.30,1734.90,101072896,50642944,45012888,42.93,4147422
1770211219013,6424.15,1736.69,101072896,50642944,45227024,43.13,4156952
1770211219114,6424.30,1736.76,101072896,50642944,45228472,43.13,4156952
1770211219216,6424.55,1736.90,101072896,50642944,45229920,43.13,4156952
1770211219317,6427.28,1738.84,101138432,50642944,45443920,43.34,4158290
1770211219418,6427.48,1738.96,101138432,50642944,45445368,43.34,4158290
1770211219518,6438.54,1741.03,101351424,50642944,45660616,43.55,4167820
1770211219619,6456.05,1741.16,101384192,50642944,45663808,43.55,4167820
1770211219720,6456.28,1741.26,101384192,50642944,45665256,43.55,4167820
1770211219820,6458.94,1743.28,101597184,50642944,45876880,43.75,4169158
1770211219922,6459.15,1743.40,101597184,50642944,45878352,43.75,4169158
1770211220022,6470.19,1745.58,101793792,50642944,46090256,43.96,4178688
1770211220123,6494.71,1745.75,101810176,50642944,46092520,43.96,4178688
1770211220225,6494.94,1745.88,101810176,50642944,46093968,43.96,4178688
1770211220326,6498.07,1748.12,102023168,50642944,46302968,44.16,4180026
1770211220427,6498.31,1748.24,102023168,50642944,46304440,44.16,4180026
1770211220527,6502.71,1750.22,102383616,50905088,45081120,42.99,4146084
1770211220628,6502.85,1750.29,102383616,50905088,45082568,42.99,4146084
1770211220729,6503.08,1750.42,102383616,50905088,45084016,43.00,4146084
1770211220830,6505.99,1752.32,102400000,50905088,45292872,43.19,4147422
1770211220931,6506.24,1752.43,102400000,50905088,45294320,43.20,4147422
1770211221031,6509.09,1754.37,102400000,50905088,45503472,43.40,4156952
1770211221131,6509.24,1754.44,102400000,50905088,45504920,43.40,4156952
1770211221232,6509.49,1754.58,102400000,50905088,45506368,43.40,4156952
1770211221333,6512.52,1756.64,102400000,50905088,45715200,43.60,4158290
1770211221433,6512.78,1756.76,102400000,50905088,45716648,43.60,4158290
1770211221534,6515.58,1758.82,102400000,50905088,45925760,43.80,4167820
1770211221634,6515.74,1758.90,102400000,50905088,45927208,43.80,4167820
1770211221736,6515.97,1759.04,102400000,50905088,45928656,43.80,4167820
1770211221837,6518.64,1760.98,102400000,50905088,46137512,44.00,4169158
1770211221938,6518.84,1761.08,102400000,50905088,46138960,44.00,4169158
1770211222039,6523.24,1763.22,102694912,51429376,45211672,43.12,4178688
1770211222140,6523.39,1763.29,102694912,51429376,45213120,43.12,4178688
1770211222240,6523.64,1763.42,102694912,51429376,45214568,43.12,4178688
1770211222341,6527.39,1765.14,102711296,51429376,45423376,43.32,4146084
1770211222442,6527.59,1765.25,102711296,51429376,45424824,43.32,4146084
1770211222543,6530.04,1767.12,102711296,51429376,45633904,43.52,4155614
1770211222644,6530.20,1767.20,102711296,51429376,45635352,43.52,4155614
1770211222745,6530.45,1767.31,102711296,51429376,45636800,43.52,4155614
1770211222846,6533.15,1769.18,102711296,51429376,45845696,43.72,4156952
1770211222947,6533.37,1769.31,102711296,51429376,45847144,43.72,4156952
1770211223048,6536.19,1771.24,102711296,51429376,46056312,43.92,4166482
1770211223148,6536.36,1771.32,102711296,51429376,46057760,43.92,4166482
1770211223249,6536.62,1771.46,102711296,51429376,46059208,43.93,4166482
1770211223351,6540.71,1773.42,102711296,51429376,46268176,44.12,4167820
1770211223451,6540.95,1773.55,102711296,51429376,46269624,44.13,4167820
1770211223552,6543.73,1775.55,102727680,51429376,46478664,44.33,4177350
1770211223653,6543.89,1775.62,102727680,51429376,46480112,44.33,4177350
1770211223754,6544.15,1775.76,102727680,51429376,46481560,44.33,4177350
1770211223855,6548.47,1777.88,102727680,51429376,46719112,44.55,4178696
1770211223956,6548.67,1778.00,102727680,51429376,46720584,44.56,4178696
1770211224057,6552.83,1780.62,99811328,48545792,45451672,43.35,4188226
1770211224158,6552.97,1780.69,99811328,48545792,45453136,43.35,4188226
1770211224258,6553.18,1780.81,99811328,48545792,45454576,43.35,4188226
1770211224360,6556.16,1782.63,99811328,48545792,45663448,43.55,4146084
1770211224461,6556.36,1782.75,99811328,48545792,45664888,43.55,4146084
1770211224562,6561.10,1784.79,99827712,48545792,45874224,43.75,4155614
1770211224663,6561.32,1784.88,99827712,48545792,45875664,43.75,4155614
1770211224764,6561.60,1785.04,99827712,48545792,45877104,43.75,4155614
1770211224865,6564.46,1786.89,99827712,48545792,46085808,43.95,4156952
1770211224966,6564.68,1787.00,99827712,48545792,46087248,43.95,4156952
1770211225066,6568.30,1788.50,100401152,49594368,45665720,43.55,4146084
1770211225168,6568.45,1788.59,100401152,49594368,45667168,43.55,4146084
1770211225269,6568.71,1788.73,100401152,49594368,45668616,43.55,4146084
1770211225370,6571.44,1790.74,100597760,49594368,45877376,43.75,4147422
1770211225469,6571.65,1790.86,100614144,49594368,45878824,43.75,4147422
1770211225591,6696.81,1800.90,119275520,71614464,55013576,52.47,4145417
1770211225692,6948.97,1809.34,151306240,99942400,76746168,73.19,4136554
1770211225792,6949.03,1809.41,151306240,99942400,76747640,73.19,4136554
1770211225894,6950.22,1810.73,151306240,99942400,76956144,73.39,4137892
1770211225994,6950.44,1810.86,151306240,99942400,76957616,73.39,4137892
1770211226096,6952.88,1812.87,151322624,99942400,77166360,73.59,4147422
1770211226196,6953.08,1813.00,151322624,99942400,77167832,73.59,4147422
1770211226296,6953.31,1813.13,151322624,99942400,77169280,73.59,4147422
1770211226398,6956.13,1815.21,151322624,99942400,77377864,73.79,4148760
1770211226498,6956.35,1815.33,151322624,99942400,77379336,73.79,4148760
1770211226600,6957.87,1816.62,151322624,99942400,77588232,73.99,4158290
1770211226701,6958.06,1816.73,151322624,99942400,77589704,74.00,4158290
1770211226803,6958.30,1816.87,151322624,99942400,77591152,74.00,4158290
1770211226904,6960.85,1818.78,151322624,99942400,77799656,74.20,4159628
1770211227005,6961.08,1818.94,151322624,99942400,77801176,74.20,4159628
1770211227106,6964.06,1820.96,151322624,99942400,78009832,74.40,4169158
1770211227207,6964.34,1821.12,151322624,99942400,78011304,74.40,4169158
1770211227312,6966.51,1822.45,151322624,99942400,78116760,74.50,4169829
1770211227413,6967.58,1823.27,151339008,99942400,78221200,74.60,4170496
1770211227514,6967.87,1823.43,151339008,99942400,78222672,74.60,4170496
1770211227615,6971.68,1825.41,151339008,99942400,78431464,74.80,4180026
1770211227716,6971.94,1825.54,151339008,99942400,78432936,74.80,4180026
1770211227816,6974.68,1827.52,151339008,99942400,78641440,75.00,4181364
1770211227916,6974.83,1827.59,151339008,99942400,78642912,75.00,4181364
1770211228017,6975.10,1827.76,151339008,99942400,78644360,75.00,4181364
1770211228117,6977.97,1829.67,151339008,99942400,78853104,75.20,4190894
1770211228218,6978.25,1829.82,151339008,99942400,78854576,75.20,4190894
1770211228321,6980.12,1831.15,151339008,99942400,78959992,75.30,4191565
1770211228421,6981.64,1831.96,151355392,99942400,79064456,75.40,4192232
1770211228523,6981.91,1832.12,151355392,99942400,79065928,75.40,4192232
1770211228623,6988.41,1835.14,152109056,101515264,65180336,62.16,4201762
1770211228724,6988.68,1835.30,152109056,101515264,65181824,62.16,4201762
1770211228824,6991.66,1837.35,152109056,101515264,65390400,62.36,4147422
1770211228925,6991.83,1837.43,152109056,101515264,65391864,62.36,4147422
1770211229025,6992.10,1837.59,152109056,101515264,65393328,62.36,4147422
1770211229126,6995.02,1839.64,152109056,101515264,65602072,62.56,4156952
1770211229227,6995.23,1839.77,152109056,101515264,65603560,62.56,4156952
1770211229327,6998.12,1841.79,152109056,101515264,65812136,62.76,4158290
1770211229427,6998.27,1841.86,152109056,101515264,65813600,62.76,4158290
1770211229529,6998.50,1842.00,152109056,101515264,65815064,62.77,4158290
1770211229629,7001.30,1844.14,152109056,101515264,66023784,62.97,4167820
1770211229729,7001.49,1844.26,152109056,101515264,66025272,62.97,4167820
1770211229830,7004.05,1846.17,152109056,101515264,66233816,63.17,4169158
1770211229930,7004.20,1846.25,152109056,101515264,66235280,63.17,4169158
1770211230031,7004.44,1846.40,152109056,101515264,66236744,63.17,4169158
1770211230131,7006.95,1848.45,152125440,101515264,66445472,63.37,4178688
1770211230231,7007.12,1848.57,152125440,101515264,66446960,63.37,4178688
1770211230333,7013.69,1851.04,152125440,101515264,66655496,63.57,4180026
1770211230434,7016.21,1851.13,152125440,101515264,66657208,63.57,4180026
1770211230534,7016.43,1851.28,152125440,101515264,66658672,63.57,4180026
1770211230636,7019.03,1853.44,152125440,101515264,66867416,63.77,4189556
1770211230737,7019.22,1853.56,152125440,101515264,66868904,63.77,4189556
1770211230837,7021.09,1855.30,152141824,101515264,67077432,63.97,4190894
1770211230939,7021.22,1855.36,152141824,101515264,67078896,63.97,4190894
1770211231040,7021.42,1855.50,152141824,101515264,67080360,63.97,4190894
1770211231140,7024.14,1857.70,152141824,101515264,67289160,64.17,4200424
1770211231241,7024.35,1857.82,152141824,101515264,67290648,64.17,4200424
1770211231341,7027.06,1859.78,152141824,101515264,67499152,64.37,4201762
1770211231441,7027.20,1859.86,152141824,101515264,67500616,64.37,4201762
1770211231541,7027.46,1859.99,152141824,101515264,67502080,64.38,4201762
1770211231642,7030.36,1861.99,152158208,101515264,67710832,64.57,4211292
1770211231743,7030.58,1862.10,152158208,101515264,67712320,64.58,4211292
1770211231843,7033.28,1864.21,152158208,101515264,67920840,64.77,4212630
1770211231944,7033.44,1864.29,152158208,101515264,67922328,64.78,4212630
1770211232046,7033.68,1864.43,152158208,101515264,67923792,64.78,4212630
1770211232146,7036.26,1866.40,152158208,101515264,68132592,64.98,4222160
1770211232248,7036.46,1866.51,152158208,101515264,68134080,64.98,4222160
1770211232348,7039.34,1868.66,152158208,101515264,68342560,65.18,4223498
1770211232449,7039.48,1868.73,152158208,101515264,68344048,65.18,4223498
1770211232549,7039.73,1868.87,152158208,101515264,68345512,65.18,4223498
1770211232650,7043.33,1870.75,152158208,101515264,68554256,65.38,4233028
1770211232751,7043.48,1870.86,152158208,101515264,68555744,65.38,4233028
1770211232852,7046.01,1872.66,152158208,101515264,68764120,65.58,4234366
1770211232953,7046.14,1872.72,152158208,101515264,68765608,65.58,4234366
1770211233054,7046.31,1872.80,152158208,101515264,68767072,65.58,4234366
1770211233155,7049.08,1874.78,152158208,101515264,69166080,65.96,4243896
1770211233256,7049.29,1874.89,152158208,101515264,69167568,65.96,4243896
1770211233357,7051.94,1876.73,152158208,101515264,69375896,66.16,4245234
1770211233458,7052.10,1876.81,152158208,101515264,69377384,66.16,4245234
1770211233560,7052.34,1876.94,152158208,101515264,69378848,66.16,4245234
1770211233661,7061.86,1879.15,152174592,101515264,69588512,66.36,4254764
1770211233762,7125.45,1887.63,110608384,59293696,42539360,40.57,4143408
1770211233863,7129.38,1889.45,110608384,59293696,42831976,40.85,4144746
1770211233964,7129.53,1889.52,110608384,59293696,42833448,40.85,4144746
1770211234065,7129.77,1889.66,110608384,59293696,42834896,40.85,4144746
1770211234166,7132.93,1891.85,110608384,59293696,43058680,41.06,4154276
1770211234267,7133.16,1891.98,110608384,59293696,43060152,41.07,4154276
1770211234368,7204.72,1898.79,97501184,46972928,42423992,40.46,4144746
1770211234469,7204.86,1898.85,97501184,46972928,42425504,40.46,4144746
1770211234570,7205.08,1898.98,97501184,46972928,42426944,40.46,4144746
1770211234672,7208.33,1900.96,97714176,46972928,42752376,40.77,4154276
1770211234773,7208.56,1901.08,97714176,46972928,42753840,40.77,4154276
1770211234873,7212.91,1903.24,97927168,46972928,42977384,40.99,4155614
1770211234974,7287.52,1906.63,97271808,46448640,42280464,40.32,4143408
1770211235076,7287.66,1906.68,97271808,46448640,42483696,40.52,4143408
1770211235177,7290.55,1908.25,97533952,46448640,42729592,40.75,4152938
1770211235279,7290.79,1908.39,97533952,46448640,42731056,40.75,4152938
1770211235380,7293.75,1910.47,97746944,46448640,42954568,40.96,4154276
1770211235481,7293.91,1910.56,97746944,46448640,42956032,40.97,4154276
1770211235581,7294.15,1910.69,97746944,46448640,42957472,40.97,4154276
1770211235683,7298.21,1913.04,98287616,49594368,42482816,40.51,4163806
1770211235784,7298.46,1913.15,98287616,49594368,42484280,40.52,4163806
1770211235885,7301.50,1915.21,98500608,49594368,42707744,40.73,4154276
1770211235985,7301.70,1915.31,98500608,49594368,42709184,40.73,4154276
1770211236087,7301.97,1915.46,98500608,49594368,42710624,40.73,4154276
1770211236187,7307.17,1917.69,98746368,49594368,43035952,41.04,4163806
1770211236288,7307.44,1917.84,98746368,49594368,43037392,41.04,4163806
1770211236388,7310.48,1919.76,98959360,49594368,43260920,41.26,4165144
1770211236489,7310.62,1919.84,98959360,49594368,43262384,41.26,4165144
1770211236590,7310.86,1919.98,98959360,49594368,43263824,41.26,4165144
1770211236691,7314.00,1922.02,99172352,49594368,43487576,41.47,4174674
1770211236791,7314.23,1922.15,99172352,49594368,43489040,41.47,4174674
1770211236893,7317.27,1924.32,99385344,49594368,43712504,41.69,4176012
1770211236993,7317.46,1924.43,99385344,49594368,43713968,41.69,4176012
1770211237094,7317.71,1924.57,99385344,49594368,43715408,41.69,4176012
1770211237195,7324.83,1926.55,99631104,49594368,43939192,41.90,4185542
1770211237296,7325.03,1926.64,99631104,49594368,43940656,41.91,4185542
1770211237397,7327.88,1928.61,99844096,49594368,44164072,42.12,4186880
1770211237497,7328.05,1928.69,99844096,49594368,44165536,42.12,4186880
1770211237599,7328.31,1928.86,99844096,49594368,44166976,42.12,4186880
1770211237700,7341.77,1931.07,100057088,49594368,44392856,42.34,4196410
1770211237801,7342.02,1931.23,100057088,49594368,44394328,42.34,4196410
1770211237902,7354.80,1932.97,100155392,49594368,42999808,41.01,4154276
1770211238003,7354.98,1933.06,100155392,49594368,43001256,41.01,4154276
1770211238103,7355.24,1933.20,100155392,49594368,43002704,41.01,4154276
1770211238204,7358.13,1935.03,100155392,49594368,43225432,41.22,4163806
1770211238305,7358.35,1935.15,100155392,49594368,43226880,41.22,4163806
1770211238405,7362.79,1937.42,100302848,49594368,43449600,41.44,4165144
1770211238507,7362.94,1937.51,100302848,49594368,43451048,41.44,4165144
1770211238608,7363.19,1937.64,100302848,49594368,43452496,41.44,4165144
1770211238708,7366.29,1939.61,100515840,49594368,43675288,41.65,4174674
1770211238810,7366.49,1939.74,100515840,49594368,43676736,41.65,4174674
1770211238910,7371.66,1941.85,100745216,49594368,43899560,41.87,4176012
1770211239012,7371.84,1941.97,100745216,49594368,43901008,41.87,4176012
1770211239113,7372.06,1942.10,100745216,49594368,43902456,41.87,4176012
1770211239213,7375.09,1943.99,100958208,49594368,44124952,42.08,4185542
1770211239314,7375.30,1944.12,100958208,49594368,44126400,42.08,4185542
1770211239416,7377.77,1945.87,101187584,49594368,44348552,42.29,4186880
1770211239517,7377.96,1945.98,101187584,49594368,44350000,42.30,4186880
1770211239617,7378.19,1946.11,101187584,49594368,44351448,42.30,4186880
1770211239719,7383.26,1948.32,101400576,49594368,43136728,41.14,4196410
1770211239819,7383.48,1948.45,101400576,49594368,43138176,41.14,4196410
1770211239921,7386.59,1950.41,101400576,49594368,43360848,41.35,4154276
1770211240022,7386.82,1950.55,101400576,49594368,43362296,41.35,4154276
1770211240123,7387.05,1950.67,101400576,49594368,43363744,41.35,4154276
1770211240224,7399.75,1952.77,101416960,49594368,43700688,41.68,4163806
1770211240325,7399.98,1952.90,101416960,49594368,43702136,41.68,4163806
1770211240426,7412.48,1954.89,101416960,49594368,43924464,41.89,4165144
1770211240528,7412.68,1955.02,101416960,49594368,43925912,41.89,4165144
1770211240629,7412.88,1955.14,101416960,49594368,43927360,41.89,4165144
1770211240729,7415.59,1957.05,101416960,49594368,44148744,42.10,4174674
1770211240831,7415.81,1957.17,101416960,49594368,44150192,42.10,4174674
1770211240932,7420.45,1958.62,101433344,49594368,44371448,42.32,4176012
1770211241033,7420.66,1958.78,101433344,49594368,44372896,42.32,4176012
1770211241133,7420.83,1958.88,101433344,49594368,44374344,42.32,4176012
1770211241234,7423.86,1961.03,101433344,49594368,44595144,42.53,4185542
1770211241335,7424.08,1961.16,101433344,49594368,44596592,42.53,4185542
1770211241437,7430.91,1963.23,101433344,49594368,44817464,42.74,4186880
1770211241538,7431.08,1963.36,101433344,49594368,44818912,42.74,4186880
1770211241639,7431.25,1963.43,101433344,49594368,44820360,42.74,4186880
1770211241740,7436.33,1966.03,98320384,46448640,43571528,41.55,4196410
1770211241841,7436.55,1966.17,98320384,46448640,43572968,41.55,4196410
1770211241941,7439.46,1968.17,98320384,46448640,43793488,41.76,4154943
1770211242043,7439.64,1968.29,98320384,46448640,43794952,41.77,4154943
1770211242144,7439.83,1968.41,98320384,46448640,43796392,41.77,4154943
1770211242245,7442.94,1970.49,98336768,46448640,44017200,41.98,4164473
1770211242346,7443.18,1970.63,98336768,46448640,44018664,41.98,4164473
1770211242446,7446.50,1971.90,98795520,49856512,43630584,41.61,4165811
1770211242548,7446.63,1971.98,98795520,49856512,43632048,41.61,4165811
1770211242648,7446.86,1972.13,98795520,49856512,43633488,41.61,4165811
1770211242749,7449.11,1973.73,99008512,49856512,43854176,41.82,4163135
1770211242850,7449.32,1973.85,99008512,49856512,43855640,41.82,4163135
1770211242951,7452.49,1976.04,99221504,49856512,44076152,42.03,4164473
1770211243051,7452.73,1976.19,99221504,49856512,44077592,42.04,4164473
1770211243153,7452.96,1976.30,99221504,49856512,44079032,42.04,4164473
1770211243254,7456.58,1978.65,99434496,49856512,44299872,42.25,4174003
1770211243355,7456.82,1978.79,99434496,49856512,44301336,42.25,4174003
1770211243456,7460.51,1981.21,99631104,49856512,44521864,42.46,4175341
1770211243556,7460.77,1981.34,99631104,49856512,44523328,42.46,4175341
1770211243658,7460.96,1981.45,99647488,49856512,44524768,42.46,4175341
1770211243759,7463.21,1983.00,99860480,49856512,44745496,42.67,4184871
1770211243860,7463.45,1983.12,99860480,49856512,44746960,42.67,4184871
1770211243961,7468.49,1985.31,100089856,49856512,44967872,42.88,4186209
1770211244062,7468.79,1985.49,100089856,49856512,44969344,42.89,4186209
1770211244162,7469.10,1985.66,100089856,49856512,44970792,42.89,4186209
1770211244263,7487.00,1988.25,100319232,49856512,45192576,43.10,4195739
1770211244365,7487.25,1988.40,100319232,49856512,45194048,43.10,4195739
1770211244466,7490.94,1990.70,100548608,49856512,45414336,43.31,4197077
1770211244567,7491.17,1990.85,100548608,49856512,45415808,43.31,4197077
1770211244668,7491.32,1990.92,100548608,49856512,45417256,43.31,4197077
1770211244769,7495.01,1991.97,100712448,49856512,44029512,41.99,4154276
1770211244870,7495.15,1992.03,100712448,49856512,44030960,41.99,4154276
1770211244971,7497.18,1993.49,100712448,49856512,44251104,42.20,4155614
1770211245072,7497.38,1993.60,100712448,49856512,44252576,42.20,4155614
1770211245173,7500.25,1994.84,100728832,49856512,44364072,42.31,4164477
1770211245275,7506.07,1995.74,100728832,49856512,44474304,42.41,4165144
1770211245374,7506.34,1995.91,100728832,49856512,44475752,42.42,4165144
1770211245475,7519.85,1998.37,100843520,49856512,44691176,42.62,4166482
1770211245576,7520.08,1998.50,100843520,49856512,44692648,42.62,4166482
1770211245676,7523.94,1999.70,100958208,49856512,44800264,42.72,4175345
1770211245778,7525.58,2000.59,101056512,49856512,44906960,42.83,4176012
1770211245879,7525.82,2000.71,101056512,49856512,44908408,42.83,4176012
1770211245980,7530.91,2002.82,101253120,49856512,45120784,43.03,4177350
1770211246079,7531.13,2002.92,101253120,49856512,45122256,43.03,4177350
1770211246180,7533.42,2004.34,101367808,49856512,45229536,43.13,4186213
1770211246281,7534.90,2005.17,101466112,49856512,45335616,43.24,4186880
1770211246382,7535.12,2005.30,101466112,49856512,45337064,43.24,4186880
1770211246483,7538.68,2007.53,101679104,49856512,45622808,43.51,4188218
1770211246585,7538.89,2007.64,101679104,49856512,45624280,43.51,4188218
1770211246685,7545.52,2010.00,98893824,47235072,44396856,42.34,4154276
1770211246785,7547.24,2010.09,98893824,47235072,44398392,42.34,4154276
1770211246887,7547.51,2010.27,98893824,47235072,44399832,42.34,4154276
1770211246988,7551.19,2012.48,98942976,47235072,44611648,42.54,4155614
1770211247089,7551.43,2012.61,98942976,47235072,44613088,42.55,4155614
1770211247189,7559.37,2014.47,98959360,47235072,44825344,42.75,4165144
1770211247290,7560.91,2014.59,98959360,47235072,44827048,42.75,4165144
1770211247391,7561.17,2014.77,98959360,47235072,44828488,42.75,4165144
1770211247492,7565.37,2017.07,99631104,50642944,44410888,42.35,4166482
1770211247594,7565.64,2017.22,99631104,50642944,44412328,42.35,4166482
1770211247694,7568.61,2019.27,99827712,50642944,44624120,42.56,4163135
1770211247795,7568.78,2019.35,99827712,50642944,44625584,42.56,4163135
1770211247897,7569.05,2019.52,99827712,50642944,44627024,42.56,4163135
1770211247998,7571.80,2021.36,100040704,50642944,44838624,42.76,4164473
1770211248098,7572.02,2021.46,100040704,50642944,44840072,42.76,4164473
1770211248198,7574.41,2023.54,100237312,50642944,45152712,43.06,4174003
1770211248298,7574.55,2023.63,100237312,50642944,45154160,43.06,4174003
1770211248400,7574.66,2023.68,100237312,50642944,45155608,43.06,4174003
1770211248501,7577.22,2025.39,100450304,50642944,45367248,43.27,4175341
1770211248602,7577.47,2025.54,100450304,50642944,45368696,43.27,4175341
1770211248702,7580.30,2027.47,100663296,50642944,45580512,43.47,4184871
1770211248803,7580.53,2027.59,100663296,50642944,45581960,43.47,4184871
1770211248903,7580.81,2027.76,100663296,50642944,45583408,43.47,4184871
1770211249004,7584.05,2030.05,100876288,50642944,45794984,43.67,4186209
1770211249106,7584.32,2030.21,100876288,50642944,45796432,43.67,4186209
1770211249206,7606.38,2032.45,101072896,50642944,46008520,43.88,4195739
1770211249308,7619.35,2032.65,101089280,50642944,46011224,43.88,4195739
1770211249408,7619.62,2032.77,101089280,50642944,46012672,43.88,4195739
1770211249510,7622.39,2034.85,101285888,50642944,46222816,44.08,4197077
1770211249611,7622.63,2034.96,101285888,50642944,46224264,44.08,4197077
1770211249711,7627.13,2037.11,101531648,50905088,44856112,42.78,4206607
1770211249813,7627.31,2037.19,101531648,50905088,44857584,42.78,4206607
1770211249914,7627.56,2037.32,101531648,50905088,44859032,42.78,4206607
1770211250015,7660.81,2039.78,101548032,50905088,45152496,43.06,4154943
1770211250116,7660.94,2039.85,101548032,50905088,45153944,43.06,4154943
1770211250216,7663.82,2042.06,101548032,50905088,45361496,43.26,4164473
1770211250317,7664.02,2042.18,101548032,50905088,45362944,43.26,4164473
1770211250417,7664.30,2042.33,101548032,50905088,45364392,43.26,4164473
1770211250519,7667.39,2044.62,101629952,50905088,45571696,43.46,4165811
1770211250620,7667.66,2044.79,101629952,50905088,45573144,43.46,4165811
1770211250721,7670.98,2047.15,101826560,50905088,45780696,43.66,4175341
1770211250822,7671.13,2047.23,101826560,50905088,45782144,43.66,4175341
1770211250922,7671.32,2047.35,101826560,50905088,45783592,43.66,4175341
1770211251024,7673.91,2049.30,102039552,50905088,45990864,43.86,4176679
1770211251125,7674.18,2049.45,102039552,50905088,45992336,43.86,4176679
1770211251226,7677.18,2051.69,102252544,50905088,46199888,44.06,4186209
1770211251326,7677.43,2051.81,102252544,50905088,46201336,44.06,4186209
1770211251427,7677.63,2051.93,102252544,50905088,46202784,44.06,4186209
1770211251528,7680.12,2053.81,102793216,51429376,45080336,42.99,4187547
1770211251628,7680.27,2053.91,102776832,51429376,45081808,42.99,4187547
1770211251729,7683.24,2056.23,102776832,51429376,45289376,43.19,4162468
1770211251830,7683.50,2056.37,102776832,51429376,45290848,43.19,4162468
1770211251932,7683.75,2056.53,102776832,51429376,45292296,43.19,4162468
1770211252032,7686.86,2058.71,102776832,51429376,45499568,43.39,4163806
1770211252133,7687.07,2058.82,102760448,51429376,45501016,43.39,4163806
1770211252234,7691.07,2060.88,102760448,51429376,45708784,43.59,4173336
1770211252334,7692.77,2060.99,102760448,51429376,45710568,43.59,4173336
1770211252435,7692.93,2061.09,102760448,51429376,45712016,43.59,4173336
1770211252536,7698.42,2063.22,102776832,51429376,45919312,43.79,4174674
1770211252637,7698.64,2063.33,102776832,51429376,45920760,43.79,4174674
1770211252738,7701.71,2065.78,102776832,51429376,46128032,43.99,4184204
1770211252839,7701.84,2065.88,102776832,51429376,46129504,43.99,4184204
1770211252938,7702.01,2065.97,102776832,51429376,46130952,43.99,4184204
1770211253040,7705.05,2068.16,102776832,51429376,46338216,44.19,4185542
1770211253142,7705.31,2068.30,102776832,51429376,46339664,44.19,4185542
1770211253243,7709.22,2070.41,102760448,51429376,46547296,44.39,4195072
1770211253343,7709.38,2070.49,102694912,51429376,46548768,44.39,4195072
1770211253444,7709.64,2070.65,102694912,51429376,46550216,44.39,4195072
1770211253544,7713.05,2072.79,102694912,51429376,46757400,44.59,4196410
1770211253645,7713.30,2072.96,102694912,51429376,46758848,44.59,4196410
1770211253747,7717.07,2075.48,99876864,48283648,45504776,43.40,4154276
1770211253848,7719.47,2075.60,99876864,48283648,45515168,43.41,4154276
1770211253949,7719.59,2075.70,99876864,48283648,45516608,43.41,4154276
1770211254050,7721.81,2077.63,99876864,48283648,45723616,43.61,4155614
1770211254152,7721.93,2077.71,99876864,48283648,45725056,43.61,4155614
1770211254253,7723.98,2079.47,99860480,48283648,45932296,43.80,4165144
1770211254354,7724.10,2079.56,99516416,48283648,45933736,43.81,4165144
1770211254455,7724.24,2079.66,99516416,48283648,45935176,43.81,4165144
1770211254557,7727.11,2081.89,100220928,51691520,45645792,43.53,4166482
1770211254658,7727.25,2081.98,100220928,51691520,45647264,43.53,4166482
1770211254759,7729.50,2084.00,100433920,51691520,45854560,43.73,4163135
1770211254860,7729.61,2084.08,100433920,51691520,45856008,43.73,4163135
1770211254961,7729.73,2084.17,100433920,51691520,45857456,43.73,4163135
1770211255062,7731.58,2086.07,100630528,51691520,46064472,43.93,4164473
1770211255163,7731.72,2086.16,100630528,51691520,46065920,43.93,4164473
1770211255264,7733.83,2087.88,100827136,51691520,46273208,44.13,4174003
1770211255364,7733.97,2087.99,100827136,51691520,46274656,44.13,4174003
1770211255465,7734.12,2088.09,100827136,51691520,46276104,44.13,4174003
1770211255566,7951.06,2105.34,140558336,97566720,61553840,58.70,4144746
1770211255666,8079.64,2109.78,149110784,98091008,75744352,72.24,4144746
1770211255768,8080.51,2110.74,149110784,98091008,75951616,72.43,4154276
1770211255869,8080.60,2110.78,149110784,98091008,75953088,72.43,4154276
1770211255971,8080.75,2110.90,149110784,98091008,75954536,72.44,4154276
1770211256072,8082.93,2112.86,149127168,98091008,76332952,72.80,4155614
1770211256172,8083.07,2112.96,149127168,98091008,76334424,72.80,4155614
1770211256272,8085.26,2114.98,149127168,98091008,76541712,73.00,4165144
1770211256373,8085.37,2115.05,149127168,98091008,76543184,73.00,4165144
1770211256473,8085.48,2115.13,149127168,98091008,76544632,73.00,4165144
1770211256574,8091.10,2117.87,150290432,99663872,64410184,61.43,4166482
1770211256675,8091.24,2117.97,150290432,99663872,64411656,61.43,4166482
1770211256775,8096.05,2120.39,150290432,99663872,64618944,61.63,4163806
1770211256876,8096.19,2120.48,150290432,99663872,64620416,61.63,4163806
1770211256978,8096.34,2120.60,150290432,99663872,64621864,61.63,4163806
1770211257078,8098.51,2122.52,150290432,99663872,64828984,61.83,4165144
1770211257179,8098.66,2122.62,150290432,99663872,64830432,61.83,4165144
1770211257280,8100.74,2124.49,150306816,99663872,65037680,62.02,4174674
1770211257381,8100.90,2124.59,150306816,99663872,65039152,62.03,4174674
1770211257483,8101.06,2124.70,150306816,99663872,65040600,62.03,4174674
1770211257583,8103.23,2126.45,150306816,99663872,65247704,62.23,4176012
1770211257685,8103.37,2126.55,150306816,99663872,65249176,62.23,4176012
1770211257785,8105.47,2128.29,150306816,99663872,65456400,62.42,4185542
1770211257887,8105.61,2128.38,150306816,99663872,65457872,62.43,4185542
1770211257989,8106.64,2129.32,150306816,99663872,65562720,62.53,4186213
1770211258090,8112.10,2130.21,150323200,99663872,65668048,62.63,4186880
1770211258191,8112.37,2130.39,150323200,99663872,65669520,62.63,4186880
1770211258293,8115.97,2132.64,150323200,99663872,65876536,62.82,4196410
1770211258393,8116.16,2132.75,150323200,99663872,65878008,62.83,4196410
1770211258494,8118.52,2134.87,150323200,99663872,66084688,63.02,4197748
1770211258594,8118.62,2134.93,150323200,99663872,66086160,63.02,4197748
1770211258695,8118.77,2135.01,150323200,99663872,66087608,63.03,4197748
1770211258796,8120.95,2136.95,150323200,99663872,66294544,63.22,4207278
1770211258896,8121.15,2137.05,150323200,99663872,66296016,63.22,4207278
1770211258998,8123.90,2138.87,150323200,99663872,66502704,63.42,4208616
1770211259098,8124.06,2138.95,150323200,99663872,66504176,63.42,4208616
1770211259200,8127.48,2139.19,150339584,99663872,66505680,63.42,4208616
1770211259301,8130.56,2141.49,150339584,99663872,66712664,63.62,4218146
1770211259401,8130.80,2141.63,150339584,99663872,66714136,63.62,4218146
1770211259502,8133.74,2143.48,150339584,99663872,66920816,63.82,4219484
1770211259603,8133.89,2143.55,150339584,99663872,66922288,63.82,4219484
1770211259704,8134.13,2143.66,150339584,99663872,66923736,63.82,4219484
1770211259805,8137.27,2145.78,150339584,99663872,67131096,64.02,4229014
1770211259906,8137.51,2145.92,150339584,99663872,67132568,64.02,4229014
1770211260005,8140.59,2148.06,150339584,99663872,67339328,64.22,4230352
1770211260106,8140.73,2148.13,150339584,99663872,67340800,64.22,4230352
1770211260207,8140.99,2148.22,150339584,99663872,67342248,64.22,4230352
1770211260307,8143.92,2150.23,150339584,99663872,67549144,64.42,4239882
1770211260408,8144.12,2150.34,150339584,99663872,67550616,64.42,4239882
1770211260508,8146.97,2152.42,150339584,99663872,67757360,64.62,4241220
1770211260608,8147.08,2152.49,150339584,99663872,67758832,64.62,4241220
1770211260710,8147.24,2152.56,150339584,99663872,67760280,64.62,4241220
1770211260810,8150.31,2154.62,150355968,99663872,67967256,64.82,4250750
1770211260912,8150.54,2154.74,150355968,99663872,67968728,64.82,4250750
1770211261011,8153.40,2156.71,150355968,99663872,68175552,65.02,4252088
1770211261113,8153.54,2156.78,150355968,99663872,68177024,65.02,4252088
1770211261214,8153.74,2156.88,150355968,99663872,68178472,65.02,4252088
1770211261315,8158.16,2158.54,150372352,99663872,68385736,65.22,4261618
1770211261416,8158.38,2158.67,150372352,99663872,68387208,65.22,4261618
1770211261516,8160.66,2160.53,150372352,99663872,68593936,65.42,4262956
1770211261617,8160.80,2160.59,150339584,99663872,68595408,65.42,4262956
1770211261719,8160.98,2160.73,150339584,99663872,68596856,65.42,4262956
1770211261820,8163.73,2162.84,150339584,99663872,68803824,65.62,4272486
1770211261921,8163.91,2162.92,150339584,99663872,68805296,65.62,4272486
1770211262022,8166.62,2164.66,150339584,99663872,69012016,65.81,4273824
1770211262123,8166.74,2164.73,150339584,99663872,69013488,65.82,4273824
1770211262223,8166.89,2164.83,150306816,99663872,69014936,65.82,4273824
1770211262324,8169.21,2166.86,150257664,99663872,69221880,66.02,4283354
1770211262425,8169.36,2166.95,150241280,99663872,69223352,66.02,4283354
1770211262525,8176.76,2169.37,150257664,99663872,69430328,66.21,4284692
1770211262627,8176.96,2169.47,150257664,99663872,69431800,66.22,4284692
1770211262728,8177.24,2169.62,150257664,99663872,69433248,66.22,4284692
1770211262829,8179.75,2171.45,149864448,99663872,69640280,66.41,4294222
1770211262930,8179.94,2171.56,149864448,99663872,69641752,66.42,4294222
1770211263030,8182.22,2173.66,149864448,99663872,69848424,66.61,4295560
1770211263132,8182.40,2173.76,149848064,99663872,69849896,66.61,4295560
1770211263233,8182.52,2173.84,149848064,99663872,69851344,66.62,4295560
1770211263334,8185.53,2175.81,149848064,99663872,70058312,66.81,4305090
1770211263434,8185.75,2175.95,149848064,99663872,70059784,66.81,4305090
1770211263536,8188.43,2177.91,149848064,99663872,70266520,67.01,4306428
1770211263643,8250.77,2180.66,149864448,58245120,42352304,40.39,4143408
1770211263744,8269.07,2188.80,109051904,58245120,42754448,40.77,4143408
1770211263845,8281.11,2190.43,109051904,58245120,43007488,41.02,4152938
1770211263945,8281.37,2190.57,109051904,58245120,43008960,41.02,4152938
1770211264046,8285.13,2193.02,109051904,58245120,43230464,41.23,4154276
1770211264148,8285.38,2193.15,109051904,58245120,43231936,41.23,4154276
1770211264247,8295.78,2193.65,109051904,58245120,43230352,41.23,4154276
1770211264348,8367.45,2201.91,96714752,46972928,42620376,40.65,4152938
1770211264450,8367.70,2202.06,96714752,46972928,42621840,40.65,4152938
1770211264551,8372.31,2204.23,96927744,46972928,42847760,40.86,4154276
1770211264652,8372.57,2204.41,96927744,46972928,42849224,40.86,4154276
1770211264753,8372.81,2204.55,96927744,46972928,42850664,40.87,4154276
1770211264854,8375.58,2206.76,97157120,46972928,43072384,41.08,4163806
1770211264955,8454.15,2211.52,96845824,46710784,42346656,40.38,4143408
1770211265056,8466.11,2213.61,97107968,46710784,42680896,40.70,4144746
1770211265156,8466.34,2213.74,97107968,46710784,42682360,40.71,4144746
1770211265258,8466.58,2213.87,97107968,46710784,42683800,40.71,4144746
1770211265358,8469.76,2216.20,97320960,46710784,42905264,40.92,4154276
1770211265460,8470.03,2216.38,97320960,46710784,42906728,40.92,4154276
1770211265561,8472.69,2218.43,97550336,46710784,43127912,41.13,4155614
1770211265662,8472.95,2218.59,97550336,46710784,43129376,41.13,4155614
1770211265764,8473.19,2218.72,97550336,46710784,43130816,41.13,4155614
1770211265865,8479.85,2221.44,98140160,49856512,42734344,40.75,4165144
1770211265966,8479.99,2221.54,98140160,49856512,42735808,40.76,4165144
1770211266066,8482.93,2223.59,98369536,49856512,42957080,40.97,4154943
1770211266166,8483.12,2223.70,98369536,49856512,42958544,40.97,4154943
1770211266267,8483.38,2223.87,98369536,49856512,42959984,40.97,4154943
1770211266369,8486.55,2226.06,98582528,49856512,43181392,41.18,4164473
1770211266469,8486.76,2226.18,98582528,49856512,43182856,41.18,4164473
1770211266570,8489.65,2228.24,98795520,49856512,43404088,41.39,4165811
1770211266672,8489.84,2228.36,98795520,49856512,43405552,41.39,4165811
1770211266773,8490.11,2228.52,98795520,49856512,43406992,41.40,4165811
1770211266873,8493.68,2230.74,99024896,49856512,43628488,41.61,4175341
1770211266973,8493.92,2230.90,99024896,49856512,43629952,41.61,4175341
1770211267074,8495.88,2232.20,99221504,49856512,43851144,41.82,4176679
1770211267175,8495.99,2232.27,99237888,49856512,43852608,41.82,4176679
1770211267275,8496.16,2232.39,99237888,49856512,43854048,41.82,4176679
1770211267377,8498.96,2234.36,99450880,49856512,44075552,42.03,4186209
1770211267478,8499.20,2234.47,99450880,49856512,44077016,42.04,4186209
1770211267578,8503.79,2236.63,99663872,49856512,42927632,40.94,4187547
1770211267678,8503.91,2236.72,99663872,49856512,42929096,40.94,4187547
1770211267780,8504.10,2236.83,99663872,49856512,42930536,40.94,4187547
1770211267881,8506.54,2238.00,99663872,49856512,43151992,41.15,4162468
1770211267981,8506.79,2238.17,99663872,49856512,43153456,41.15,4162468
1770211268081,8509.83,2240.05,99663872,49856512,43374712,41.37,4163806
1770211268182,8510.00,2240.16,99663872,49856512,43376176,41.37,4163806
1770211268283,8510.16,2240.26,99663872,49856512,43377616,41.37,4163806
1770211268383,8513.38,2242.22,99762176,49856512,43599240,41.58,4173336
1770211268485,8513.66,2242.41,99762176,49856512,43600704,41.58,4173336
1770211268585,8516.17,2244.26,99893248,49856512,43822032,41.79,4174674
1770211268687,8516.37,2244.39,99893248,49856512,43823496,41.79,4174674
1770211268788,8516.54,2244.53,99893248,49856512,43824936,41.79,4174674
1770211268889,8519.05,2245.60,100106240,49856512,44046592,42.01,4184204
1770211268990,8519.19,2245.67,100106240,49856512,44048064,42.01,4184204
1770211269089,8522.18,2247.59,100319232,49856512,44268976,42.22,4185542
1770211269191,8522.30,2247.67,100319232,49856512,44270448,42.22,4185542
1770211269292,8522.45,2247.74,100319232,49856512,44271896,42.22,4185542
1770211269393,8527.39,2249.81,100532224,49856512,43219240,41.22,4195072
1770211269494,8527.66,2249.96,100532224,49856512,43220712,41.22,4195072
1770211269594,8532.09,2252.15,100548608,49856512,43441680,41.43,4154276
1770211269695,8532.37,2252.33,100548608,49856512,43443128,41.43,4154276
1770211269797,8532.56,2252.48,100548608,49856512,43444576,41.43,4154276
1770211269897,8535.05,2254.51,100548608,49856512,43665608,41.64,4163806
1770211269999,8535.31,2254.68,100548608,49856512,43667056,41.64,4163806
1770211270100,8547.33,2256.78,100548608,49856512,43888336,41.86,4165144
1770211270201,8547.55,2256.91,100548608,49856512,43889784,41.86,4165144
1770211270302,8547.77,2257.14,100548608,49856512,43891232,41.86,4165144
1770211270403,8561.58,2259.46,100564992,49856512,44114208,42.07,4174674
1770211270504,8561.80,2259.56,100564992,49856512,44115656,42.07,4174674
1770211270605,8565.04,2261.42,100564992,49856512,44335792,42.28,4176012
1770211270706,8565.28,2261.56,100564992,49856512,44337264,42.28,4176012
1770211270807,8565.55,2261.74,100564992,49856512,44338712,42.28,4176012
1770211270908,8568.22,2263.71,100564992,49856512,44559080,42.49,4185542
1770211271009,8568.49,2263.88,100564992,49856512,44560528,42.50,4185542
1770211271111,8571.31,2265.90,100663296,49856512,44780744,42.71,4186880
1770211271212,8571.46,2266.00,100663296,49856512,44782216,42.71,4186880
1770211271313,8571.58,2266.08,100663296,49856512,44783664,42.71,4186880
1770211271413,8577.73,2267.90,97894400,46710784,43386352,41.38,4196410
1770211271514,8577.96,2268.03,97894400,46710784,43387816,41.38,4196410
1770211271615,8581.54,2270.22,97910784,46710784,43607944,41.59,4154943
1770211271716,8581.78,2270.34,97910784,46710784,43609384,41.59,4154943
1770211271816,8582.00,2270.49,97910784,46710784,43610824,41.59,4154943
1770211271917,8584.90,2272.59,97910784,46710784,43831184,41.80,4164473
1770211272018,8585.15,2272.73,97910784,46710784,43832624,41.80,4164473
1770211272119,8588.38,2274.85,97910784,46710784,44052776,42.01,4165811
1770211272220,8588.63,2275.00,97910784,46710784,44054216,42.01,4165811
1770211272324,8591.73,2276.73,98025472,47759360,43330376,41.32,4174674
1770211272424,8593.16,2277.72,98140160,47759360,43440576,41.43,4154276
1770211272526,8593.41,2277.86,98140160,47759360,43442016,41.43,4154276
1770211272627,8596.64,2279.82,98336768,47759360,43662096,41.64,4155614
1770211272729,8596.88,2279.96,98336768,47759360,43663536,41.64,4155614
1770211272829,8600.10,2281.84,98549760,47759360,43883888,41.85,4165144
1770211272930,8600.33,2281.93,98549760,47759360,43885352,41.85,4165144
1770211273030,8600.67,2282.11,98549760,47759360,43886792,41.85,4165144
1770211273131,8604.04,2284.38,98779136,47759360,44106872,42.06,4166482
1770211273232,8604.31,2284.54,98779136,47759360,44108336,42.06,4166482
1770211273332,8607.75,2286.29,98975744,47759360,43357736,41.35,4176012
1770211273433,8607.90,2286.36,98975744,47759360,43359176,41.35,4176012
1770211273534,8608.08,2286.44,98975744,47759360,43360616,41.35,4176012
1770211273635,8611.00,2288.47,98975744,47759360,43580800,41.56,4154943
1770211273735,8611.28,2288.64,98975744,47759360,43582240,41.56,4154943
1770211273836,8615.71,2290.77,98992128,47759360,43802928,41.77,4164473
1770211273937,8615.86,2290.84,98992128,47759360,43804368,41.78,4164473
1770211274037,8616.12,2291.01,98992128,47759360,43805808,41.78,4164473
1770211274139,8626.20,2293.06,98992128,47759360,44026088,41.99,4165811
1770211274240,8626.52,2293.28,98992128,47759360,44027528,41.99,4165811
1770211274341,8632.82,2295.38,99008512,47759360,44247648,42.20,4175341
1770211274441,8633.03,2295.50,99008512,47759360,44249088,42.20,4175341
1770211274541,8633.29,2295.64,99008512,47759360,44250528,42.20,4175341
1770211274643,8636.88,2297.61,97959936,46710784,43508272,41.49,4154276
1770211274743,8637.16,2297.78,97959936,46710784,43509712,41.49,4154276
1770211274845,8640.15,2299.68,97959936,46710784,43729352,41.70,4163806
1770211274946,8640.37,2299.78,97959936,46710784,43730792,41.70,4163806
1770211275046,8640.62,2299.93,97959936,46710784,43732232,41.71,4163806
1770211275147,8646.15,2301.89,97959936,46710784,43951808,41.92,4165144
1770211275247,8646.39,2302.03,97959936,46710784,43953248,41.92,4165144
1770211275348,8658.22,2304.42,97976320,46710784,44172944,42.13,4174674
1770211275448,8661.05,2304.55,97976320,46710784,44174856,42.13,4174674
1770211275549,8661.30,2304.72,97976320,46710784,44176296,42.13,4174674
1770211275650,8668.07,2306.78,97124352,46710784,43681904,41.66,4176012
1770211275751,8668.32,2306.90,97124352,46710784,43683344,41.66,4176012
1770211275852,8674.41,2309.27,97337344,46710784,43900216,41.87,4163135
1770211275953,8674.61,2309.37,97337344,46710784,43901680,41.87,4163135
1770211276053,8674.88,2309.54,97337344,46710784,43903120,41.87,4163135
1770211276154,8679.22,2311.66,97550336,46710784,44119040,42.08,4164473
1770211276254,8679.49,2311.81,97550336,46710784,44120480,42.08,4164473
1770211276355,8682.70,2313.94,97763328,46710784,44336544,42.28,4174003
1770211276456,8682.89,2314.03,97763328,46710784,44338008,42.28,4174003
1770211276556,8683.11,2314.17,97763328,46710784,44339448,42.29,4174003
1770211276657,8690.36,2316.54,97976320,46710784,44555408,42.49,4175341
1770211276759,8690.62,2316.71,97976320,46710784,44556848,42.49,4175341
1770211276860,8700.26,2319.04,97304576,46972928,43807200,41.78,4154276
1770211276960,8700.43,2319.14,97304576,46972928,43808640,41.78,4154276
1770211277062,8700.70,2319.30,97304576,46972928,43810080,41.78,4154276
1770211277163,8710.94,2321.57,97533952,46972928,44021992,41.98,4155614
1770211277264,8711.19,2321.73,97533952,46972928,44023432,41.98,4155614
1770211277366,8714.20,2323.82,97730560,46972928,44235120,42.19,4165144
1770211277466,8714.39,2323.91,97730560,46972928,44236560,42.19,4165144
1770211277567,8714.69,2324.09,97730560,46972928,44238000,42.19,4165144
1770211277668,8727.85,2326.72,97943552,46972928,44561024,42.50,4166482
1770211277768,8728.11,2326.91,97943552,46972928,44562464,42.50,4166482
1770211277869,8739.79,2329.24,97222656,46972928,43815056,41.79,4176012
1770211277970,8739.99,2329.35,97222656,46972928,43816496,41.79,4176012
1770211278070,8740.25,2329.51,97222656,46972928,43817936,41.79,4176012
1770211278171,8743.58,2331.82,97419264,46972928,44029000,41.99,4154943
1770211278273,8743.83,2331.98,97419264,46972928,44030440,41.99,4154943
1770211278374,8757.95,2334.17,97648640,46972928,44242080,42.19,4164473
1770211278475,8758.16,2334.28,97648640,46972928,44243520,42.19,4164473
1770211278577,8758.40,2334.42,97648640,46972928,44244960,42.20,4164473
1770211278678,8761.41,2336.50,97861632,46972928,44455968,42.40,4165811
1770211278779,8761.66,2336.66,97861632,46972928,44457408,42.40,4165811
1770211278880,8764.69,2338.64,98058240,46972928,44668744,42.60,4175341
1770211278981,8764.95,2338.78,98058240,46972928,44670184,42.60,4175341
1770211279080,8765.22,2338.89,98058240,46972928,44671624,42.60,4175341
1770211279181,8768.56,2340.87,97337344,46972928,43913808,41.88,4154276
1770211279283,8768.81,2341.02,97337344,46972928,43915248,41.88,4154276
1770211279384,8793.08,2343.20,97566720,46972928,44130384,42.09,4163806
1770211279485,8793.26,2343.30,97566720,46972928,44131824,42.09,4163806
1770211279587,8793.42,2343.45,97566720,46972928,44133264,42.09,4163806
1770211279689,8797.20,2344.73,97779712,46972928,44343040,42.29,4165144
1770211279790,8797.43,2344.87,97779712,46972928,44344480,42.29,4165144
1770211279890,8824.00,2346.73,98172928,46972928,44555320,42.49,4174674
1770211279991,8824.17,2346.81,98172928,46972928,44556760,42.49,4174674
1770211280093,8824.40,2346.97,98172928,46972928,44558200,42.49,4174674
1770211280193,8827.90,2349.25,97435648,47235072,43800896,41.77,4176012
1770211280294,8828.19,2349.43,97435648,47235072,43802336,41.77,4176012
1770211280394,8831.27,2351.78,97632256,47235072,44009544,41.97,4163135
1770211280495,8831.54,2351.93,97632256,47235072,44010984,41.97,4163135
1770211280597,8831.75,2352.08,97632256,47235072,44012424,41.97,4163135
1770211280697,8833.02,2353.05,97845248,47235072,44219336,42.17,4164473
1770211280798,8833.15,2353.11,97845248,47235072,44220776,42.17,4164473
1770211280899,8836.22,2355.30,98041856,47235072,44428016,42.37,4174003
1770211281001,8836.46,2355.43,98041856,47235072,44429456,42.37,4174003
1770211281101,8836.73,2355.62,98041856,47235072,44430896,42.37,4174003
1770211281202,8851.13,2358.14,98254848,47235072,44638712,42.57,4175341
1770211281303,8851.41,2358.32,98254848,47235072,44640152,42.57,4175341
1770211281404,8855.51,2360.98,97533952,47235072,43879768,41.85,4184871
1770211281505,8855.76,2361.13,97533952,47235072,43881232,41.85,4184871
1770211281605,8856.00,2361.27,97533952,47235072,43882672,41.85,4184871
1770211281706,8858.64,2363.49,97730560,47235072,44089640,42.05,4154943
1770211281808,8858.89,2363.63,97730560,47235072,44091080,42.05,4154943
1770211281909,8862.04,2365.86,97927168,47235072,44298232,42.25,4164473
1770211282009,8862.28,2366.01,97927168,47235072,44299672,42.25,4164473
1770211282110,8862.60,2366.16,97927168,47235072,44301112,42.25,4164473
1770211282210,8867.35,2368.40,98140160,47235072,44508264,42.45,4165811
1770211282312,8867.59,2368.55,98140160,47235072,44509704,42.45,4165811
1770211282413,8870.39,2370.75,98353152,47235072,44716936,42.65,4175341
1770211282514,8870.65,2370.90,98353152,47235072,44718376,42.65,4175341
1770211282616,8870.90,2371.05,98353152,47235072,44719816,42.65,4175341
1770211282716,8879.47,2372.91,97632256,47235072,43957920,41.92,4154276
1770211282815,8879.72,2373.07,97632256,47235072,43959360,41.92,4154276
1770211282917,8882.51,2375.16,97828864,47235072,44166560,42.12,4163806
1770211283017,8882.77,2375.31,97828864,47235072,44168000,42.12,4163806
1770211283118,8883.03,2375.46,97828864,47235072,44169440,42.12,4163806
1770211283219,8887.27,2377.59,98025472,47235072,44376656,42.32,4165144
