timestamp,cpu_user,cpu_system,rss,heapTotal,heapUsed,heapUsedMB,external
1770206545924,255.24,89.47,113770496,66273280,40408736,38.54,3092718
1770206546025,255.42,89.53,113786880,66273280,40413496,38.54,3092774
1770206546126,255.77,89.64,113786880,66273280,40415856,38.54,3092774
1770206546227,256.28,89.80,113786880,66273280,40418160,38.55,3092774
1770206546328,256.76,89.96,113786880,66273280,40420872,38.55,3092774
1770206546429,257.66,90.22,113819648,66273280,40423176,38.55,3092774
1770206546530,258.05,90.35,113819648,66273280,40425672,38.55,3092774
1770206546632,258.53,90.50,113819648,66273280,40428008,38.56,3092774
1770206546733,259.03,90.67,113819648,66273280,40430344,38.56,3092774
1770206546834,259.37,90.75,113819648,66273280,40432648,38.56,3092774
1770206546935,259.84,90.94,113836032,66273280,40435016,38.56,3092774
1770206547035,260.21,91.10,113836032,66273280,40437144,38.56,3092774
1770206547137,260.68,91.19,113852416,66273280,40439328,38.57,3092774
1770206547238,261.01,91.27,113852416,66273280,40441504,38.57,3092774
1770206547339,261.58,91.39,113852416,66273280,40443584,38.57,3092774
1770206547440,261.74,91.46,113852416,66273280,40445632,38.57,3092774
1770206547541,267.08,92.29,114196480,66535424,41261712,39.35,3102305
1770206547642,267.26,92.40,114196480,66535424,41263784,39.35,3102305
1770206547742,273.53,94.07,114458624,66535424,41572224,39.65,3111835
1770206547843,273.75,94.16,114458624,66535424,41574296,39.65,3111835
1770206547944,274.13,94.34,114458624,66535424,41576344,39.65,3111835
1770206548045,280.64,96.35,114556928,66535424,41886616,39.95,3121365
1770206548145,280.97,96.50,114556928,66535424,41888688,39.95,3121365
1770206548247,287.50,99.02,114606080,66797568,42413552,40.45,3130895
1770206548348,287.73,99.12,114606080,66797568,42415624,40.45,3130895
1770206548449,288.19,99.43,114606080,66797568,42417672,40.45,3130895
1770206548550,294.63,101.38,114671616,66797568,42748720,40.77,3140425
1770206548650,294.89,101.51,114671616,66797568,42752696,40.77,3140425
1770206548751,300.64,103.82,114737152,67059712,43326472,41.32,3149955
1770206548852,300.87,103.90,114737152,67059712,43328544,41.32,3149955
1770206548953,301.23,104.04,114737152,67059712,43330592,41.32,3149955
1770206549054,306.59,106.30,114769920,67059712,43632576,41.61,3159485
1770206549155,306.95,106.42,114769920,67059712,43634648,41.61,3159485
1770206549255,311.06,108.18,114786304,67059712,43936208,41.90,3169015
1770206549357,311.26,108.26,114786304,67059712,43938280,41.90,3169015
1770206549458,311.83,108.40,114802688,67059712,43940328,41.90,3169015
1770206549558,316.14,110.56,114819072,67059712,44241880,42.19,3178545
1770206549659,316.37,110.66,114819072,67059712,44244000,42.19,3178545
1770206549760,320.77,112.40,114851840,67059712,44546192,42.48,3188075
1770206549861,320.93,112.50,114851840,67059712,44548280,42.48,3188075
1770206549962,321.13,112.60,114851840,67059712,44550344,42.49,3188075
1770206550063,325.06,114.42,114851840,67059712,44862704,42.78,3197607
1770206550163,325.26,114.54,114851840,67059712,44864792,42.79,3197607
1770206550265,329.90,116.37,114868224,67059712,45166760,43.07,3207139
1770206550366,330.11,116.46,114868224,67059712,45168848,43.08,3207139
1770206550466,330.34,116.56,114868224,67059712,45170912,43.08,3207139
1770206550568,336.82,118.21,114917376,67059712,45473328,43.37,3216671
1770206550668,337.03,118.30,114917376,67059712,45475416,43.37,3216671
1770206550769,341.78,120.21,114917376,67059712,45777896,43.66,3226203
1770206550870,341.99,120.29,114917376,67059712,45779984,43.66,3226203
1770206550971,342.25,120.40,114917376,67059712,45782048,43.66,3226203
1770206551071,346.99,122.42,114966528,67059712,46084008,43.95,3235735
1770206551173,347.19,122.51,114966528,67059712,46086096,43.95,3235735
1770206551273,361.67,126.88,120684544,73089024,41741288,39.81,3109809
1770206551373,361.83,126.94,120684544,73089024,41743376,39.81,3109809
1770206551473,362.10,127.07,120684544,73089024,41745440,39.81,3109809
1770206551575,367.84,129.31,120717312,73089024,42047384,40.10,3119341
1770206551676,368.07,129.42,120717312,73089024,42049472,40.10,3119341
1770206551778,372.81,132.09,120717312,73089024,42351328,40.39,3128873
1770206551879,373.03,132.18,120717312,73089024,42353416,40.39,3128873
1770206551980,373.35,132.29,120717312,73089024,42355480,40.39,3128873
1770206552081,378.62,134.83,120717312,73089024,42657384,40.68,3138405
1770206552181,378.94,134.98,120717312,73089024,42659472,40.68,3138405
1770206552282,384.11,137.38,120717312,73089024,42961360,40.97,3147937
1770206552383,384.37,137.48,120717312,73089024,42963448,40.97,3147937
1770206552484,384.69,137.63,120717312,73089024,42965512,40.98,3147937
1770206552586,392.10,139.74,120881152,73089024,43267912,41.26,3157469
1770206552688,392.32,139.84,120881152,73089024,43270000,41.27,3157469
1770206552789,397.21,141.58,120881152,73089024,43592608,41.57,3167001
1770206552890,397.40,141.64,120881152,73089024,43594696,41.58,3167001
1770206552990,397.73,141.79,120881152,73089024,43596760,41.58,3167001
1770206553091,404.18,144.44,120897536,73089024,43899400,41.87,3176533
1770206553191,404.47,144.58,120897536,73089024,43901488,41.87,3176533
1770206553292,411.70,146.55,120963072,73089024,44202928,42.16,3186065
1770206553392,411.81,146.61,120963072,73089024,44205016,42.16,3186065
1770206553494,412.02,146.70,120963072,73089024,44207080,42.16,3186065
1770206553595,416.06,148.89,120963072,73089024,44508208,42.45,3195597
1770206553696,416.28,148.97,120963072,73089024,44510296,42.45,3195597
1770206553797,421.01,151.65,120963072,73089024,44811448,42.74,3205129
1770206553898,421.27,151.75,120963072,73089024,44813536,42.74,3205129
1770206553999,491.47,161.34,87998464,39370752,35320264,33.68,3098702
1770206554100,496.93,163.71,87998464,39370752,35688992,34.04,3108234
1770206554200,497.31,163.85,87998464,39370752,35691072,34.04,3108234
1770206554301,505.78,166.39,88014848,39370752,35997152,34.33,3117766
1770206554403,505.94,166.44,88014848,39370752,35999200,34.33,3117766
1770206554504,506.13,166.52,88014848,39370752,36001224,34.33,3117766
1770206554605,568.41,173.41,88162304,39370752,35344536,33.71,3098702
1770206554706,568.75,173.53,88162304,39370752,35347072,33.71,3098702
1770206554807,575.67,175.75,88162304,39370752,35717656,34.06,3108234
1770206554908,575.99,175.89,88162304,39370752,35719704,34.06,3108234
1770206555009,576.45,176.21,88162304,39370752,35721728,34.07,3108234
1770206555111,582.96,178.59,88162304,39370752,36015672,34.35,3117766
1770206555212,583.29,178.75,88162304,39370752,36017672,34.35,3117766
1770206555313,590.56,180.66,88391680,40419328,35435200,33.79,3127298
1770206555414,590.79,180.76,88391680,40419328,35437200,33.80,3127298
1770206555514,591.11,180.90,88391680,40419328,35439176,33.80,3127298
1770206555615,595.51,182.93,88670208,40419328,35718824,34.06,3118434
1770206555715,595.75,183.04,88670208,40419328,35720824,34.07,3118434
1770206555816,600.31,185.38,88932352,40419328,36003400,34.34,3127966
1770206555916,600.57,185.47,88932352,40419328,36005400,34.34,3127966
1770206556017,600.87,185.60,88932352,40419328,36007376,34.34,3127966
1770206556119,605.93,187.68,89063424,40419328,35641664,33.99,3117094
1770206556221,606.27,187.81,89063424,40419328,35643680,33.99,3117094
1770206556322,613.55,189.77,89063424,40419328,35931048,34.27,3126626
1770206556423,613.72,189.83,89063424,40419328,35933048,34.27,3126626
1770206556524,614.01,189.99,89063424,40419328,35935024,34.27,3126626
1770206556625,625.35,192.40,89063424,40419328,36223864,34.55,3136158
1770206556726,625.64,192.54,89063424,40419328,36225864,34.55,3136158
1770206556826,642.30,194.80,89161728,40419328,35709528,34.06,3145690
1770206556926,642.56,194.91,89161728,40419328,35711528,34.06,3145690
1770206557027,645.20,195.08,89161728,40419328,35713504,34.06,3145690
1770206557128,648.89,197.17,89161728,40419328,35995280,34.33,3118434
1770206557229,649.15,197.29,89161728,40419328,35997256,34.33,3118434
1770206557330,653.54,199.40,89178112,40419328,36278872,34.60,3127966
1770206557430,653.85,199.54,89178112,40419328,36280848,34.60,3127966
1770206557532,654.02,199.64,89178112,40419328,36282824,34.60,3127966
1770206557633,659.39,201.65,89309184,40419328,35773440,34.12,3137498
1770206557733,659.65,201.86,89309184,40419328,35775440,34.12,3137498
1770206557834,663.86,204.12,89309184,40419328,36056856,34.39,3118434
1770206557935,664.04,204.19,89309184,40419328,36058832,34.39,3118434
1770206558036,664.25,204.32,89309184,40419328,36060808,34.39,3118434
1770206558137,675.30,206.37,89440256,40419328,36392360,34.71,3127966
1770206558238,675.58,206.50,89440256,40419328,36394336,34.71,3127966
1770206558339,679.81,208.48,89440256,40419328,36670656,34.97,3137498
1770206558440,680.24,208.72,89440256,40419328,36672632,34.97,3137498
1770206558544,685.37,209.94,89440256,40419328,36020272,34.35,3138170
1770206558645,689.56,210.72,89473024,40681472,36380352,34.70,3117766
1770206558746,689.69,210.79,89473024,40681472,36382328,34.70,3117766
1770206558847,694.98,212.71,89473024,40681472,36661368,34.96,3127298
1770206558947,695.22,212.81,89473024,40681472,36663344,34.96,3127298
1770206559048,697.64,214.12,89473024,40681472,36801144,35.10,3127970
1770206559149,699.28,215.13,89473024,40681472,36938088,35.23,3136830
1770206559251,699.60,215.28,89473024,40681472,36940088,35.23,3136830
1770206559352,707.99,217.56,89604096,42778624,36450104,34.76,3117766
1770206559453,708.23,217.66,89604096,42778624,36452080,34.76,3117766
1770206559554,710.35,218.76,89604096,42778624,36589832,34.89,3118438
1770206559654,711.95,219.66,89604096,42778624,36726768,35.03,3127298
1770206559755,712.15,219.73,89604096,42778624,36728744,35.03,3127298
1770206559855,720.43,222.10,89604096,42778624,37007520,35.29,3136830
1770206559957,720.63,222.18,89604096,42778624,37009496,35.30,3136830
1770206560057,723.47,223.64,89604096,42778624,37144752,35.42,3137502
1770206560158,733.87,224.81,89718784,42778624,37286824,35.56,3146362
1770206560259,734.16,224.94,89718784,42778624,37288824,35.56,3146362
1770206560360,739.26,226.81,89964544,42778624,37564640,35.82,3155894
1770206560461,739.48,226.90,89980928,42778624,37566640,35.83,3155894
1770206560561,742.94,227.87,90095616,42778624,37701912,35.96,3156566
1770206560661,744.34,228.88,90226688,42778624,37836328,36.08,3165426
1770206560762,744.57,228.97,90226688,42778624,37838328,36.09,3165426
1770206560862,747.85,230.85,90488832,42778624,38108072,36.34,3174958
1770206560964,748.07,230.94,90488832,42778624,38110072,36.34,3174958
1770206561064,751.52,232.21,90587136,42778624,36629928,34.93,3175630
1770206561164,755.92,233.22,90587136,42778624,36772664,35.07,3117766
1770206561264,756.23,233.37,90587136,42778624,36774640,35.07,3117766
1770206561365,760.49,235.71,90587136,42778624,37041728,35.33,3127298
1770206561465,760.76,235.83,90587136,42778624,37043704,35.33,3127298
1770206561565,766.84,237.29,90603520,42778624,37183856,35.46,3127970
1770206561666,768.67,238.27,90603520,42778624,37318016,35.59,3136830
1770206561766,768.93,238.36,90603520,42778624,37319992,35.59,3136830
1770206561867,772.67,240.29,90865664,42778624,37589176,35.85,3146362
1770206561969,772.90,240.38,90865664,42778624,37591152,35.85,3146362
1770206562069,775.11,241.46,90996736,42778624,37728872,35.98,3147034
1770206562170,777.82,242.46,91111424,42778624,37878768,36.12,3155894
1770206562271,778.08,242.60,91127808,42778624,37880744,36.13,3155894
1770206562372,782.42,244.91,91389952,42778624,38148184,36.38,3165426
1770206562472,782.70,245.03,91389952,42778624,38150160,36.38,3165426
1770206562573,786.73,246.41,91521024,42778624,36800768,35.10,3166098
1770206562674,788.19,247.42,91521024,42778624,36934848,35.22,3117094
1770206562774,788.48,247.55,91521024,42778624,36936824,35.23,3117094
1770206562874,795.51,250.02,91521024,42778624,37205400,35.48,3126626
1770206562975,795.78,250.14,91521024,42778624,37207376,35.48,3126626
1770206563075,797.89,251.33,91521024,42778624,37341424,35.61,3127298
1770206563176,799.54,252.26,91521024,42778624,37474648,35.74,3136158
1770206563277,799.85,252.40,91521024,42778624,37476624,35.74,3136158
1770206563378,854.24,255.52,97140736,42778624,37807840,36.06,3145690
1770206563478,854.47,255.64,97140736,42778624,37809816,36.06,3145690
1770206563579,857.06,256.79,97157120,42778624,37942480,36.18,3146362
1770206563680,858.17,257.46,97157120,42778624,38074456,36.31,3155222
1770206563781,858.51,257.70,97157120,42778624,38076456,36.31,3155222
1770206563881,863.83,259.92,97157120,42778624,38339840,36.56,3164754
1770206563982,864.11,260.04,97157120,42778624,38341840,36.57,3164754
1770206564083,868.52,261.26,97157120,42778624,38474808,36.69,3165426
1770206564184,873.24,262.04,97157120,42778624,38607896,36.82,3174286
1770206564285,873.51,262.19,97157120,42778624,38609896,36.82,3174286
1770206564385,883.57,264.24,97157120,42778624,37305504,35.58,3117766
1770206564487,883.70,264.32,97157120,42778624,37307480,35.58,3117766
1770206564589,887.10,266.67,97157120,42778624,37568632,35.83,3127298
1770206564690,888.97,266.76,97157120,42778624,37570720,35.83,3127298
1770206564790,889.14,266.86,97157120,42778624,37572696,35.83,3127298
1770206564890,892.10,269.11,97157120,42778624,37836088,36.08,3136830
1770206564990,892.23,269.18,97157120,42778624,37838064,36.09,3136830
1770206565094,894.68,271.10,97157120,42778624,38111768,36.35,3146362
1770206565195,894.79,271.16,97157120,42778624,38113744,36.35,3146362
1770206565295,894.96,271.27,97157120,42778624,38115720,36.35,3146362
1770206565396,898.25,272.62,97173504,42778624,38376856,36.60,3155894
1770206565497,898.45,272.70,97173504,42778624,38378832,36.60,3155894
1770206565598,900.71,274.18,97173504,42778624,38642264,36.85,3165426
1770206565700,900.89,274.25,97173504,42778624,38644240,36.85,3165426
1770206565801,901.17,274.54,97173504,42778624,38646216,36.86,3165426
1770206565902,907.39,277.08,97353728,43302912,37559408,35.82,3174958
1770206566003,907.59,277.16,97353728,43302912,37561384,35.82,3174958
1770206566105,910.19,278.71,97353728,43302912,37822512,36.07,3118434
1770206566206,910.42,278.82,97353728,43302912,37824488,36.07,3118434
1770206566307,910.69,278.95,97353728,43302912,37826464,36.07,3118434
1770206566408,914.17,280.74,97353728,43302912,38087616,36.32,3127966
1770206566509,914.29,280.82,97353728,43302912,38089592,36.33,3127966
1770206566609,916.22,282.23,97370112,43302912,38350728,36.57,3137498
1770206566711,916.34,282.29,97370112,43302912,38352704,36.58,3137498
1770206566811,916.45,282.35,97370112,43302912,38354680,36.58,3137498
1770206566913,918.45,284.03,97370112,43302912,38615816,36.83,3147030
1770206567014,918.62,284.13,97370112,43302912,38617816,36.83,3147030
1770206567115,921.05,285.72,97370112,43302912,38878968,37.08,3156562
1770206567216,921.23,285.78,97370112,43302912,38880968,37.08,3156562
1770206567317,921.53,285.94,97370112,43302912,38882944,37.08,3156562
1770206567418,925.20,287.92,97632256,43827200,37740976,35.99,3166094
1770206567519,925.62,288.19,97632256,43827200,37742976,35.99,3166094
1770206567620,928.45,290.00,97632256,43827200,38004064,36.24,3117766
1770206567722,928.63,290.11,97632256,43827200,38006040,36.25,3117766
1770206567823,928.81,290.19,97632256,43827200,38008016,36.25,3117766
1770206567924,933.73,291.82,97648640,43827200,38269792,36.50,3127298
1770206568025,933.94,291.92,97648640,43827200,38271768,36.50,3127298
1770206568126,945.00,293.50,97648640,43827200,38535392,36.75,3136830
1770206568227,945.19,293.61,97648640,43827200,38537368,36.75,3136830
1770206568327,945.42,293.72,97648640,43827200,38539344,36.75,3136830
1770206568428,948.62,295.61,97648640,43827200,38797168,37.00,3146362
1770206568529,948.86,295.77,97648640,43827200,38799144,37.00,3146362
1770206568630,951.39,297.58,97665024,43827200,39056968,37.25,3155894
1770206568731,951.54,297.68,97665024,43827200,39058944,37.25,3155894
1770206568831,951.68,297.76,97665024,43827200,39060920,37.25,3155894
1770206568933,954.38,299.28,97746944,43827200,39318720,37.50,3165426
1770206569034,954.50,299.34,97746944,43827200,39320696,37.50,3165426
1770206569135,958.00,301.37,98189312,48021504,38084472,36.32,3174958
1770206569236,958.16,301.47,98189312,48021504,38086448,36.32,3174958
1770206569337,958.31,301.57,98189312,48021504,38088424,36.32,3174958
1770206569438,971.01,303.29,98254848,48021504,38381032,36.60,3118434
1770206569539,971.15,303.37,98254848,48021504,38383008,36.60,3118434
1770206569640,973.94,305.19,98254848,48021504,38635736,36.85,3127966
1770206569741,974.19,305.35,98254848,48021504,38637712,36.85,3127966
1770206569841,974.42,305.46,98254848,48021504,38639688,36.85,3127966
1770206569942,976.64,307.07,98254848,48021504,38892616,37.09,3137498
1770206570043,976.76,307.13,98254848,48021504,38894592,37.09,3137498
1770206570144,979.65,308.67,98254848,48021504,39148160,37.33,3147030
1770206570245,979.80,308.75,98254848,48021504,39150136,37.34,3147030
1770206570346,980.01,308.86,98254848,48021504,39152112,37.34,3147030
1770206570447,983.29,310.69,98254848,48021504,39404904,37.58,3156562
1770206570549,983.58,310.83,98254848,48021504,39406880,37.58,3156562
1770206570649,986.97,312.65,98271232,48021504,39659664,37.82,3166094
1770206570750,987.23,312.79,98271232,48021504,39661640,37.82,3166094
1770206570850,987.45,312.91,98271232,48021504,39663616,37.83,3166094
1770206570951,990.03,314.81,98435072,48021504,39916384,38.07,3175626
1770206571052,990.16,314.86,98435072,48021504,39918384,38.07,3175626
1770206571153,992.18,316.31,98680832,48021504,40171352,38.31,3185158
1770206571253,992.40,316.41,98680832,48021504,40173352,38.31,3185158
1770206571353,992.70,316.53,98680832,48021504,40175328,38.31,3185158
1770206571454,995.40,318.63,98926592,48021504,40428112,38.56,3194690
1770206571555,995.68,318.78,98926592,48021504,40430112,38.56,3194690
1770206571656,1000.26,320.73,99172352,48021504,40838776,38.95,3204222
1770206571757,1000.49,320.84,99172352,48021504,40840776,38.95,3204222
1770206571857,1000.63,320.91,99172352,48021504,40842752,38.95,3204222
1770206571959,1003.42,322.68,99401728,48021504,41094856,39.19,3213754
1770206572060,1003.72,322.84,99418112,48021504,41096856,39.19,3213754
1770206572161,1006.74,324.69,99647488,48021504,41348984,39.43,3223286
1770206572261,1007.01,324.81,99647488,48021504,41350984,39.44,3223286
1770206572362,1007.33,324.97,99647488,48021504,41352960,39.44,3223286
1770206572463,1014.22,327.45,100171776,48545792,38686080,36.89,3232818
1770206572564,1014.51,327.61,100171776,48545792,38688088,36.90,3232818
1770206572664,1018.93,329.14,100171776,48545792,38940384,37.14,3117768
1770206572766,1019.14,329.25,100171776,48545792,38942392,37.14,3117768
1770206572867,1019.42,329.37,100171776,48545792,38944376,37.14,3117768
1770206572968,1024.20,331.31,100171776,48545792,39196712,37.38,3127302
1770206573068,1024.50,331.46,100171776,48545792,39198720,37.38,3127302
1770206573170,1027.69,333.32,100171776,48545792,39450720,37.62,3136836
1770206573271,1027.98,333.46,100171776,48545792,39452728,37.63,3136836
1770206573371,1028.28,333.61,100171776,48545792,39454712,37.63,3136836
1770206573473,1031.31,335.49,100171776,48545792,39706632,37.87,3146370
1770206573574,1031.63,335.64,100171776,48545792,39708640,37.87,3146370
1770206573675,1036.15,337.47,100188160,48545792,39960560,38.11,3155904
1770206573776,1036.44,337.60,100188160,48545792,39962568,38.11,3155904
1770206573878,1036.71,337.69,100188160,48545792,39964552,38.11,3155904
1770206573979,1039.64,339.24,100270080,48545792,40216864,38.35,3165438
1770206574080,1040.02,339.50,100270080,48545792,40218872,38.36,3165438
1770206574180,1042.25,341.51,100499456,48545792,40470792,38.60,3174972
1770206574282,1042.45,341.64,100499456,48545792,40472800,38.60,3174972
1770206574382,1042.60,341.75,100515840,48545792,40474784,38.60,3174972
1770206574484,1044.94,344.36,100745216,48545792,40726744,38.84,3184506
1770206574585,1045.11,344.47,100745216,48545792,40728752,38.84,3184506
1770206574685,1047.38,346.30,100990976,48545792,40980680,39.08,3194040
1770206574786,1047.53,346.39,100990976,48545792,40982688,39.08,3194040
1770206574887,1047.68,346.54,100990976,48545792,40984672,39.09,3194040
1770206574988,1061.86,348.46,101285888,48545792,41238624,39.33,3203574
1770206575090,1062.14,348.63,101285888,48545792,41240632,39.33,3203574
1770206575191,1065.25,350.72,101531648,48545792,41492344,39.57,3213108
1770206575291,1065.54,350.88,101531648,48545792,41494352,39.57,3213108
1770206575392,1065.83,351.04,101531648,48545792,41496336,39.57,3213108
1770206575492,1071.99,353.04,101793792,48545792,41748336,39.81,3222642
1770206575594,1072.30,353.24,101793792,48545792,41750344,39.82,3222642
1770206575695,1078.29,355.88,102465536,49070080,39066640,37.26,3232176
1770206575796,1078.46,355.96,102465536,49070080,39068648,37.26,3232176
1770206575897,1078.84,356.13,102465536,49070080,39071008,37.26,3232176
1770206575999,1086.52,358.14,102465536,49070080,39323848,37.50,3117768
1770206576100,1086.78,358.29,102465536,49070080,39325832,37.50,3117768
1770206576201,1089.84,360.19,102465536,49070080,39577168,37.74,3127302
1770206576302,1090.00,360.29,102465536,49070080,39579152,37.75,3127302
1770206576402,1091.06,361.06,102481920,49070080,39706168,37.87,3127975
1770206576503,1094.54,361.76,102481920,49070080,39833152,37.99,3136836
1770206576604,1094.67,361.82,102481920,49070080,39835136,37.99,3136836
1770206576706,1097.86,363.19,102481920,49070080,40087824,38.23,3146370
1770206576806,1098.02,363.27,102481920,49070080,40089832,38.23,3146370
1770206576906,1099.33,363.97,102481920,49070080,40341272,38.47,3155904
1770206577006,1099.42,364.02,102481920,49070080,40343256,38.47,3155904
1770206577107,1099.53,364.07,102481920,49070080,40345240,38.48,3155904
1770206577208,1101.47,365.64,102481920,49070080,40596584,38.72,3165438
1770206577308,1101.64,365.74,102481920,49070080,40598568,38.72,3165438
1770206577409,1103.85,366.97,102481920,49070080,40725584,38.84,3166111
1770206577510,1104.90,367.68,102498304,49070080,40851856,38.96,3174972
1770206577611,1105.19,367.83,102498304,49070080,40853840,38.96,3174972
1770206577712,1108.51,369.59,102498304,49070080,41105152,39.20,3184506
1770206577813,1108.81,369.74,102498304,49070080,41107136,39.20,3184506
1770206577914,1112.24,371.61,102498304,49070080,41358432,39.44,3194040
1770206578015,1112.41,371.67,102498304,49070080,41360416,39.44,3194040
1770206578115,1112.69,371.83,102498304,49070080,41362400,39.45,3194040
1770206578215,1116.41,373.94,93732864,49070080,41616544,39.69,3203574
1770206578316,1116.70,374.09,93732864,49070080,41618520,39.69,3203574
1770206578417,1119.94,376.07,93749248,49070080,41869848,39.93,3213108
1770206578518,1120.13,376.16,93749248,49070080,41871824,39.93,3213108
1770206578619,1120.42,376.30,93749248,49070080,41873800,39.93,3213108
1770206578720,1124.86,378.32,93749248,49070080,42125216,40.17,3222642
1770206578821,1125.12,378.46,93749248,49070080,42127192,40.18,3222642
1770206578921,1128.96,380.43,93847552,49070080,42378488,40.42,3232176
1770206579021,1130.28,380.51,93847552,49070080,42381072,40.42,3232176
1770206579122,1130.49,380.63,93847552,49070080,42383048,40.42,3232176
1770206579224,1155.28,383.00,95027200,49070080,42636272,40.66,3241710
1770206579325,1155.54,383.13,95027200,49070080,42638272,40.66,3241710
1770206579425,1163.39,385.58,95404032,49070080,39817184,37.97,3117768
1770206579525,1164.28,385.66,95404032,49070080,39819400,37.97,3117768
1770206579626,1164.57,385.84,95404032,49070080,39821376,37.98,3117768
1770206579728,1181.84,386.98,96370688,49070080,40073976,38.22,3127302
1770206579829,1181.96,387.04,96370688,49070080,40075952,38.22,3127302
1770206579929,1186.08,389.09,96387072,49070080,40348040,38.48,3136836
1770206580030,1186.27,389.18,96387072,49070080,40350016,38.48,3136836
1770206580131,1186.53,389.33,96387072,49070080,40351992,38.48,3136836
1770206580231,1189.62,391.18,96403456,49070080,40603320,38.72,3146370
1770206580333,1189.91,391.32,96403456,49070080,40605296,38.72,3146370
1770206580434,1192.77,393.14,96403456,49070080,40857040,38.96,3155904
1770206580535,1192.91,393.22,96403456,49070080,40859016,38.97,3155904
1770206580636,1193.14,393.34,96403456,49070080,40860992,38.97,3155904
1770206580737,1197.13,395.43,96403456,49070080,41112920,39.21,3165438
1770206580838,1197.42,395.57,96403456,49070080,41114896,39.21,3165438
1770206580938,1200.42,397.34,96419840,49070080,41366200,39.45,3174972
1770206581040,1200.58,397.40,96419840,49070080,41368176,39.45,3174972
1770206581140,1200.85,397.52,96419840,49070080,41370152,39.45,3174972
1770206581241,1203.80,398.72,80445440,49070080,41621688,39.69,3184506
1770206581342,1203.91,398.76,80445440,49070080,41623664,39.70,3184506
1770206581443,1207.09,400.68,80461824,49070080,42007928,40.06,3194040
1770206581544,1207.27,400.81,80461824,49070080,42009904,40.06,3194040
1770206581645,1207.42,400.89,80461824,49070080,42011880,40.07,3194040
1770206581746,1211.06,402.22,80461824,49070080,42264032,40.31,3203574
1770206581848,1211.22,402.30,80461824,49070080,42266008,40.31,3203574
1770206581949,1218.81,403.79,80461824,49070080,42518224,40.55,3213108
1770206582051,1218.95,403.88,80461824,49070080,42520200,40.55,3213108
1770206582152,1219.14,403.96,80461824,49070080,42522176,40.55,3213108
1770206582252,1221.53,405.82,80478208,49070080,42771776,40.79,3222642
1770206582354,1221.80,405.94,80478208,49070080,42773752,40.79,3222642
1770206582455,1226.96,408.03,80478208,49070080,43023088,41.03,3232176
1770206582556,1227.23,408.16,80478208,49070080,43025064,41.03,3232176
1770206582658,1227.50,408.29,80478208,49070080,43027040,41.03,3232176
1770206582759,1233.88,411.49,81477632,50380800,40217192,38.35,3241710
1770206582861,1234.17,411.64,81477632,50380800,40219168,38.36,3241710
1770206582962,1237.03,413.15,81477632,50380800,40468496,38.59,3118437
1770206583063,1237.31,413.23,81477632,50380800,40470496,38.60,3118437
1770206583163,1237.60,413.33,81477632,50380800,40472472,38.60,3118437
1770206583265,1240.57,415.12,81526784,50380800,40721832,38.84,3127971
1770206583365,1240.86,415.26,81526784,50380800,40723832,38.84,3127971
1770206583466,1244.48,417.20,81526784,50380800,40973096,39.07,3137505
1770206583567,1244.77,417.35,81526784,50380800,40975096,39.08,3137505
1770206583667,1245.07,417.51,81526784,50380800,40977072,39.08,3137505
1770206583769,1259.00,419.53,81559552,50380800,41227608,39.32,3147039
1770206583870,1259.28,419.68,81559552,50380800,41229608,39.32,3147039
1770206583970,1262.64,421.62,81575936,50380800,41477624,39.56,3156573
1770206584072,1262.91,421.75,81575936,50380800,41479624,39.56,3156573
1770206584173,1263.20,421.89,81575936,50380800,41481600,39.56,3156573
1770206584274,1268.03,423.98,81592320,50380800,41730336,39.80,3166107
1770206584375,1268.28,424.11,81592320,50380800,41732336,39.80,3166107
1770206584477,1271.55,426.13,81592320,50380800,41980456,40.04,3175641
1770206584578,1271.83,426.29,81592320,50380800,41982456,40.04,3175641
1770206584678,1272.13,426.41,81592320,50380800,41984432,40.04,3175641
1770206584779,1279.63,428.34,81608704,50380800,42233080,40.28,3185175
1770206584880,1279.91,428.49,81608704,50380800,42235080,40.28,3185175
1770206584981,1283.19,430.45,81608704,50380800,42483152,40.52,3194709
1770206585082,1283.45,430.58,81608704,50380800,42485152,40.52,3194709
1770206585184,1283.74,430.72,81608704,50380800,42487128,40.52,3194709
1770206585285,1286.85,432.58,81625088,50380800,42735208,40.76,3204243
1770206585386,1287.13,432.69,81625088,50380800,42737208,40.76,3204243
1770206585487,1290.10,434.03,81625088,50380800,42985888,40.99,3213777
1770206585587,1290.31,434.13,81625088,50380800,42987888,41.00,3213777
1770206585689,1290.68,434.29,81625088,50380800,42989864,41.00,3213777
1770206585790,1296.83,436.20,81625088,50380800,43238352,41.24,3223311
1770206585890,1297.13,436.36,81625088,50380800,43240352,41.24,3223311
1770206585991,1299.86,438.23,81641472,50380800,43487792,41.47,3232845
1770206586093,1300.11,438.30,81641472,50380800,43489792,41.48,3232845
1770206586194,1300.38,438.44,81641472,50380800,43491768,41.48,3232845
1770206586295,1309.06,440.80,82345984,50642944,40798336,38.91,3117095
1770206586397,1309.36,440.99,82345984,50642944,40800336,38.91,3117095
1770206586498,1312.29,442.80,82345984,50642944,41045832,39.14,3126629
1770206586599,1312.56,442.95,82345984,50642944,41047832,39.15,3126629
1770206586700,1312.82,443.08,82345984,50642944,41049808,39.15,3126629
1770206586801,1315.70,444.90,82362368,50642944,41295280,39.38,3136163
1770206586901,1315.98,445.05,82362368,50642944,41297280,39.38,3136163
1770206587003,1322.70,447.07,82362368,50642944,41543112,39.62,3145697
1770206587104,1322.98,447.24,82362368,50642944,41545112,39.62,3145697
1770206587204,1323.28,447.40,82362368,50642944,41547088,39.62,3145697
1770206587305,1326.60,449.37,82362368,50642944,41792464,39.86,3155231
1770206587406,1326.89,449.59,82362368,50642944,41794464,39.86,3155231
1770206587507,1329.83,451.43,82378752,50642944,42039792,40.09,3164765
1770206587608,1330.11,451.57,82378752,50642944,42041792,40.09,3164765
1770206587709,1330.34,451.66,82378752,50642944,42043768,40.10,3164765
1770206587809,1331.92,452.73,82427904,50642944,42289056,40.33,3174299
1770206587911,1332.17,452.88,82427904,50642944,42291056,40.33,3174299
1770206588011,1342.33,454.83,82460672,50642944,42537808,40.57,3183833
1770206588112,1342.62,454.95,82460672,50642944,42539808,40.57,3183833
1770206588213,1342.91,455.10,82460672,50642944,42541784,40.57,3183833
1770206588314,1345.69,456.90,82460672,50642944,42787032,40.80,3193367
1770206588415,1345.95,457.04,82460672,50642944,42789032,40.81,3193367
1770206588516,1348.85,458.89,82477056,50642944,43034336,41.04,3202901
1770206588616,1349.14,459.03,82477056,50642944,43036336,41.04,3202901
1770206588718,1349.44,459.18,82477056,50642944,43038312,41.04,3202901
1770206588819,1352.85,461.13,82493440,50642944,43283560,41.28,3212435
1770206588920,1353.11,461.20,82493440,50642944,43285560,41.28,3212435
1770206589021,1355.59,462.72,82493440,50642944,43530768,41.51,3221969
1770206589121,1355.87,462.86,82493440,50642944,43532768,41.52,3221969
1770206589222,1356.15,462.99,82493440,50642944,43534744,41.52,3221969
1770206589323,1364.49,464.88,82558976,50642944,43781592,41.75,3231503
1770206589425,1364.81,465.04,82558976,50642944,43783592,41.76,3231503
1770206589526,1425.30,480.12,95633408,59031552,36025352,34.36,3108234
1770206589626,1425.60,480.23,95633408,59031552,36251520,34.57,3108234
1770206589728,1427.49,480.95,95633408,59031552,36402168,34.72,3099375
1770206589830,1428.44,481.54,95633408,59031552,36528520,34.84,3108236
1770206589931,1428.67,481.64,95633408,59031552,36530520,34.84,3108236
1770206590033,1431.95,483.46,95633408,59031552,36782016,35.08,3117770
1770206590134,1432.24,483.61,95633408,59031552,36784016,35.08,3117770
1770206590235,1435.84,485.49,95633408,59031552,37035512,35.32,3127304
1770206590336,1436.01,485.55,95633408,59031552,37037512,35.32,3127304
1770206590436,1436.29,485.70,95633408,59031552,37039488,35.32,3127304
1770206590537,1439.45,487.54,95633408,59031552,37291072,35.56,3136838
1770206590639,1439.73,487.68,95633408,59031552,37293072,35.57,3136838
1770206590739,1442.76,489.52,95633408,59031552,37544624,35.81,3146372
1770206590840,1442.95,489.60,95633408,59031552,37546624,35.81,3146372
1770206590940,1443.24,489.70,95633408,59031552,37548600,35.81,3146372
1770206591041,1446.37,491.56,95633408,59031552,37800152,36.05,3155906
1770206591142,1446.64,491.65,95633408,59031552,37802152,36.05,3155906
1770206591243,1449.92,493.49,95633408,59031552,38053680,36.29,3165440
1770206591343,1450.12,493.57,95633408,59031552,38055680,36.29,3165440
1770206591445,1450.40,493.70,95633408,59031552,38057656,36.29,3165440
1770206591546,1453.55,495.60,95633408,59031552,38309168,36.53,3174974
1770206591647,1453.84,495.76,95633408,59031552,38311168,36.54,3174974
1770206591748,1458.18,497.66,95633408,59031552,38577168,36.79,3184508
1770206591849,1458.35,497.75,95633408,59031552,38579168,36.79,3184508
1770206591950,1458.52,497.81,95633408,59031552,38581144,36.79,3184508
1770206592051,1462.06,499.67,95633408,59031552,38832040,37.03,3194042
1770206592153,1462.35,499.81,95633408,59031552,38834040,37.04,3194042
1770206592253,1471.74,501.80,95633408,59031552,39085664,37.27,3203576
1770206592354,1471.97,501.88,95633408,59031552,39087664,37.28,3203576
1770206592456,1472.26,502.03,95633408,59031552,39089640,37.28,3203576
1770206592556,1478.23,503.88,95633408,59031552,39340944,37.52,3213110
1770206592658,1478.52,504.01,95633408,59031552,39342944,37.52,3213110
1770206592759,1481.51,505.71,95633408,59031552,39595008,37.76,3222644
1770206592860,1481.75,505.81,95633408,59031552,39597008,37.76,3222644
1770206592960,1482.05,505.96,95633408,59031552,39598984,37.76,3222644
1770206593062,1491.51,507.99,95633408,59031552,39856496,38.01,3232178
1770206593164,1491.81,508.13,95633408,59031552,39858496,38.01,3232178
1770206593264,1497.38,510.03,95633408,59031552,40112920,38.25,3241712
1770206593365,1497.63,510.16,95633408,59031552,40114920,38.26,3241712
1770206593465,1497.93,510.31,95633408,59031552,40116896,38.26,3241712
1770206593567,1503.32,512.47,95764480,59031552,40372664,38.50,3251246
1770206593668,1503.61,512.62,95764480,59031552,40374664,38.50,3251246
1770206593769,1507.91,514.32,95993856,59031552,40625928,38.74,3260780
1770206593870,1508.20,514.46,95993856,59031552,40627928,38.75,3260780
1770206593971,1508.50,514.59,95993856,59031552,40629904,38.75,3260780
1770206594071,1510.38,515.85,96239616,59031552,40881864,38.99,3270314
1770206594173,1510.67,516.00,96239616,59031552,40883864,38.99,3270314
1770206594273,1513.96,517.90,96468992,59031552,41135712,39.23,3279848
1770206594374,1514.25,518.03,96485376,59031552,41137712,39.23,3279848
1770206594474,1514.54,518.17,96485376,59031552,41139688,39.23,3279848
1770206594576,1518.71,520.18,96714752,59031552,41391648,39.47,3289382
1770206594677,1518.83,520.25,96714752,59031552,41396968,39.48,3289382
1770206594778,1525.85,521.86,96960512,59031552,41671576,39.74,3298916
1770206594879,1526.00,521.94,96960512,59031552,41673576,39.74,3298916
1770206594980,1526.15,522.00,96960512,59031552,41675552,39.74,3298916
1770206595082,1531.03,523.72,97222656,59031552,41928000,39.99,3308450
1770206595183,1531.31,523.87,97222656,59031552,41930000,39.99,3308450
1770206595284,1534.33,525.68,97452032,59031552,42181368,40.23,3317984
1770206595386,1534.60,525.80,97452032,59031552,42183368,40.23,3317984
1770206595487,1534.86,525.88,97452032,59031552,42185344,40.23,3317984
1770206595587,1538.00,527.78,97697792,59031552,42439528,40.47,3327518
1770206595689,1538.22,527.93,97697792,59031552,42441528,40.48,3327518
1770206595789,1543.84,529.46,97943552,59031552,42697984,40.72,3337052
1770206595891,1543.98,529.53,97943552,59031552,42699984,40.72,3337052
1770206595992,1544.12,529.61,97943552,59031552,42701960,40.72,3337052
1770206596092,1546.63,531.52,98172928,59031552,42953288,40.96,3346586
1770206596194,1546.82,531.59,98172928,59031552,42955288,40.97,3346586
1770206596295,1550.05,533.54,98418688,59031552,43205928,41.20,3356120
1770206596395,1550.31,533.66,98418688,59031552,43207928,41.21,3356120
1770206596495,1550.57,533.80,98418688,59031552,43209904,41.21,3356120
1770206596597,1554.02,535.83,98648064,59031552,43462928,41.45,3365654
1770206596697,1554.32,535.98,98664448,59031552,43464928,41.45,3365654
1770206596799,1557.58,537.99,98910208,59031552,43716288,41.69,3375188
1770206596900,1557.94,538.21,98910208,59031552,43718288,41.69,3375188
1770206597000,1558.23,538.36,98910208,59031552,43720264,41.69,3375188
1770206597101,1561.14,540.13,99155968,59031552,43971672,41.93,3384722
1770206597203,1561.42,540.26,99155968,59031552,43973672,41.94,3384722
1770206597304,1564.57,542.46,99418112,59031552,44225088,42.18,3394256
1770206597405,1564.83,542.56,99418112,59031552,44227088,42.18,3394256
1770206597506,1565.12,542.72,99434496,59031552,44229064,42.18,3394256
1770206597606,1571.71,544.79,99663872,59031552,37557512,35.82,3403790
1770206597707,1572.00,544.93,99663872,59031552,37559512,35.82,3403790
1770206597807,1576.08,547.23,99663872,59031552,37810240,36.06,3118439
1770206597909,1576.34,547.29,99663872,59031552,37812240,36.06,3118439
1770206598010,1576.63,547.43,99663872,59031552,37814216,36.06,3118439
1770206598110,1580.74,549.27,99663872,59031552,38065968,36.30,3127973
1770206598212,1581.04,549.41,99663872,59031552,38067968,36.30,3127973
1770206598313,1607.33,551.16,99696640,59031552,38364832,36.59,3137507
1770206598414,1607.46,551.22,99696640,59031552,38366832,36.59,3137507
1770206598515,1607.70,551.34,99696640,59031552,38368808,36.59,3137507
1770206598617,1612.82,553.28,99745792,59031552,38615368,36.83,3147041
1770206598717,1613.11,553.42,99745792,59031552,38617368,36.83,3147041
1770206598819,1615.99,555.16,99745792,59031552,38865184,37.06,3156575
1770206598920,1616.29,555.31,99745792,59031552,38867184,37.07,3156575
1770206599020,1616.58,555.45,99745792,59031552,38869160,37.07,3156575
1770206599122,1641.25,557.45,99745792,59031552,39141704,37.33,3166109
1770206599223,1641.53,557.63,99745792,59031552,39143704,37.33,3166109
1770206599324,1644.68,559.56,99745792,59031552,39387136,37.56,3175643
1770206599425,1644.97,559.69,99745792,59031552,39389136,37.56,3175643
1770206599525,1645.25,559.84,99745792,59031552,39391112,37.57,3175643
1770206599627,1648.09,561.57,99745792,59031552,39634544,37.80,3185177
1770206599728,1648.36,561.71,99745792,59031552,39636544,37.80,3185177
1770206599829,1651.60,563.69,99745792,59031552,39882896,38.04,3194711
1770206599929,1651.88,563.84,99745792,59031552,39884896,38.04,3194711
1770206600033,1655.39,564.90,99762176,59031552,40007968,38.15,3195384
1770206600134,1661.68,565.70,99778560,59031552,40149136,38.29,3204245
1770206600235,1661.97,565.80,99778560,59031552,40151136,38.29,3204245
1770206600336,1668.44,567.45,99794944,59031552,40404168,38.53,3213779
1770206600436,1668.72,567.54,99794944,59031552,40406168,38.53,3213779
1770206600537,1672.80,568.64,99860480,59031552,40536224,38.66,3214452
1770206600638,1673.97,569.44,99975168,59031552,40658408,38.77,3223313
1770206600739,1674.23,569.55,99975168,59031552,40660408,38.78,3223313
1770206600840,1677.40,571.43,100204544,59031552,40906368,39.01,3232847
1770206600940,1677.70,571.55,100220928,59031552,40908376,39.01,3232847
1770206601041,1680.89,573.85,100450304,59031552,41154648,39.25,3242381
1770206601142,1681.06,573.92,100450304,59031552,41156656,39.25,3242381
1770206601244,1681.32,574.03,100450304,59031552,41158640,39.25,3242381
1770206601345,1688.54,576.13,100679680,59031552,41410288,39.49,3251915
1770206601446,1688.82,576.28,100679680,59031552,41412296,39.49,3251915
1770206601547,1691.62,578.14,100909056,59031552,41657920,39.73,3261449
1770206601648,1691.81,578.23,100909056,59031552,41659928,39.73,3261449
1770206601748,1692.11,578.38,100925440,59031552,41661912,39.73,3261449
1770206601850,1697.01,580.19,101154816,59031552,41907960,39.97,3270983
1770206601950,1697.29,580.32,101154816,59031552,41909968,39.97,3270983
1770206602051,1700.05,582.17,101384192,59031552,42155528,40.20,3280517
1770206602152,1700.23,582.23,101384192,59031552,42157536,40.20,3280517
1770206602252,1700.53,582.37,101384192,59031552,42159520,40.21,3280517
1770206602354,1703.73,584.29,101613568,59031552,42407232,40.44,3290051
1770206602455,1704.02,584.45,101613568,59031552,42409240,40.44,3290051
1770206602556,1706.59,586.19,101842944,59031552,42654504,40.68,3299585
1770206602657,1706.77,586.26,101859328,59031552,42656512,40.68,3299585
1770206602758,1707.02,586.38,101859328,59031552,42658496,40.68,3299585
1770206602860,1714.37,588.49,102088704,59031552,42937392,40.95,3309119
1770206602960,1714.66,588.63,102088704,59031552,42939400,40.95,3309119
1770206603062,1717.70,590.58,102318080,59031552,43187280,41.19,3318653
1770206603162,1717.91,590.66,102318080,59031552,43189288,41.19,3318653
1770206603262,1718.20,590.80,102318080,59031552,43191272,41.19,3318653
1770206603363,1721.87,592.88,102547456,59031552,43436000,41.42,3328187
1770206603463,1722.15,593.02,102547456,59031552,43438008,41.43,3328187
1770206603564,1725.33,594.94,102793216,59031552,43682776,41.66,3337721
1770206603665,1725.55,595.02,102793216,59031552,43684784,41.66,3337721
1770206603766,1725.80,595.18,102793216,59031552,43686768,41.66,3337721
1770206603866,1726.80,595.83,103022592,59031552,43931576,41.90,3347255
1770206603967,1726.88,595.87,103022592,59031552,43933584,41.90,3347255
1770206604069,1727.83,596.64,103251968,59031552,44179088,42.13,3356789
1770206604170,1727.94,596.69,103251968,59031552,44181096,42.13,3356789
1770206604270,1728.15,596.80,103251968,59031552,44183080,42.14,3356789
1770206604371,1731.63,599.07,103497728,59031552,44428632,42.37,3366323
1770206604472,1731.94,599.24,103514112,59031552,44430640,42.37,3366323
1770206604572,1753.62,602.36,103874560,59031552,38617360,36.83,3375857
1770206604672,1757.07,602.51,103890944,59031552,38635592,36.85,3375857
1770206604772,1757.32,602.62,103890944,59031552,38637576,36.85,3375857
1770206604873,1760.63,604.51,103890944,59031552,38879536,37.08,3117770
1770206604973,1760.93,604.66,103890944,59031552,38881520,37.08,3117770
1770206605073,1764.17,606.73,103890944,59031552,39126256,37.31,3127304
1770206605175,1764.37,606.81,103890944,59031552,39128240,37.32,3127304
1770206605276,1764.67,606.96,103890944,59031552,39130224,37.32,3127304
1770206605376,1767.88,608.77,103890944,59031552,39375168,37.55,3136838
1770206605477,1768.17,608.93,103890944,59031552,39377152,37.55,3136838
1770206605578,1771.81,610.86,103890944,59031552,39622048,37.79,3146372
1770206605679,1772.01,610.94,103890944,59031552,39624032,37.79,3146372
1770206605779,1772.30,611.09,103890944,59031552,39626016,37.79,3146372
1770206605880,1778.02,613.06,103923712,59031552,39915912,38.07,3155910
1770206605980,1778.28,613.18,103923712,59031552,39917920,38.07,3155910
1770206606081,1781.28,614.87,103923712,59031552,40160048,38.30,3165444
1770206606182,1781.48,614.95,103923712,59031552,40162056,38.30,3165444
1770206606284,1781.77,615.10,103923712,59031552,40164040,38.30,3165444
1770206606384,1785.02,617.01,103923712,59031552,40406248,38.53,3174978
1770206606486,1785.32,617.15,103923712,59031552,40408256,38.54,3174978
1770206606587,1788.16,618.99,103923712,59031552,40653728,38.77,3184512
1770206606687,1788.38,619.09,103923712,59031552,40655736,38.77,3184512
1770206606789,1788.65,619.22,103923712,59031552,40657720,38.77,3184512
1770206606890,1793.40,620.93,103923712,59031552,40903560,39.01,3194046
1770206606990,1793.66,621.00,103923712,59031552,40905568,39.01,3194046
1770206607092,1800.59,623.22,103923712,59031552,41155136,39.25,3203580
1770206607192,1800.83,623.32,103923712,59031552,41157144,39.25,3203580
1770206607293,1801.12,623.47,103923712,59031552,41159128,39.25,3203580
1770206607394,1813.04,625.40,103923712,59031552,41415384,39.50,3213114
1770206607495,1813.33,625.55,103923712,59031552,41417392,39.50,3213114
1770206607650,1959.88,641.24,141033472,94945280,61954280,59.08,3108909
1770206607750,2189.88,648.50,165396480,120143872,87740384,83.68,3108236
1770206607851,2341.90,653.10,168361984,121716736,99714376,95.10,3119832
1770206607951,2341.98,653.14,168361984,121716736,99716392,95.10,3119832
1770206608052,2342.11,653.21,168361984,121716736,99718384,95.10,3119832
1770206608154,2348.77,655.12,168361984,121716736,99973104,95.34,3129366
1770206608256,2349.08,655.27,168361984,121716736,99975120,95.34,3129366
1770206608357,2352.22,657.14,168460288,121716736,100226712,95.58,3138900
1770206608458,2352.54,657.27,168460288,121716736,100228744,95.59,3138900
1770206608558,2352.86,657.41,168460288,121716736,100230752,95.59,3138900
1770206608660,2358.32,660.02,168886272,122765312,85869496,81.89,3148434
1770206608760,2358.64,660.17,168886272,122765312,85871512,81.89,3148434
1770206608861,2363.84,662.10,168902656,122765312,86123504,82.13,3129354
1770206608962,2364.14,662.23,168902656,122765312,86125520,82.14,3129354
1770206609062,2364.40,662.35,168902656,122765312,86127512,82.14,3129354
1770206609164,2370.84,663.13,168935424,122765312,86380192,82.38,3138888
1770206609265,2370.95,663.17,168935424,122765312,86382208,82.38,3138888
1770206609365,2371.91,663.96,168935424,122765312,86633656,82.62,3148422
1770206609467,2372.03,664.02,168935424,122765312,86635672,82.62,3148422
1770206609568,2372.28,664.15,168935424,122765312,86637664,82.62,3148422
1770206609669,2375.93,666.18,168935424,122765312,86889144,82.86,3157956
1770206609770,2376.24,666.33,168935424,122765312,86891160,82.87,3157956
1770206609871,2380.26,668.09,168935424,122765312,87142664,83.11,3167490
1770206609972,2380.56,668.16,168935424,122765312,87144680,83.11,3167490
1770206610072,2380.89,668.30,168935424,122765312,87146672,83.11,3167490
1770206610172,2384.52,670.28,168951808,122765312,87398176,83.35,3177024
1770206610274,2384.81,670.40,168951808,122765312,87400192,83.35,3177024
1770206610375,2396.91,672.76,168951808,122765312,87652552,83.59,3186558
1770206610476,2397.15,672.87,168951808,122765312,87654568,83.59,3186558
1770206610577,2397.44,673.00,168951808,122765312,87656560,83.60,3186558
1770206610677,2402.32,674.97,168951808,122765312,87908728,83.84,3196092
1770206610779,2402.68,675.13,168951808,122765312,87910744,83.84,3196092
1770206610880,2406.65,677.46,168968192,122765312,88162128,84.08,3205626
1770206610980,2406.96,677.60,168968192,122765312,88164144,84.08,3205626
1770206611081,2407.27,677.76,168968192,122765312,88166136,84.08,3205626
1770206611183,2410.60,679.69,168968192,122765312,88417488,84.32,3215160
1770206611283,2410.92,679.86,168968192,122765312,88419504,84.32,3215160
1770206611385,2414.44,681.75,168968192,122765312,88671296,84.56,3224694
1770206611485,2414.75,681.90,168968192,122765312,88673312,84.57,3224694
1770206611586,2415.07,682.06,168968192,122765312,88675304,84.57,3224694
1770206611687,2418.13,683.86,168968192,122765312,88927192,84.81,3234228
1770206611788,2418.45,684.00,168968192,122765312,88929208,84.81,3234228
1770206611889,2425.92,685.95,168968192,122765312,89181696,85.05,3243762
1770206611990,2426.21,686.09,168968192,122765312,89183712,85.05,3243762
1770206612090,2426.53,686.25,168968192,122765312,89185704,85.05,3243762
1770206612191,2434.12,688.09,168984576,122765312,89441024,85.30,3253296
1770206612292,2434.43,688.23,168984576,122765312,89443040,85.30,3253296
1770206612394,2439.59,690.49,168984576,122765312,89694872,85.54,3262830
1770206612495,2439.85,690.60,168984576,122765312,89696888,85.54,3262830
1770206612595,2440.16,690.74,168984576,122765312,89698880,85.54,3262830
1770206612697,2443.66,692.73,168984576,122765312,89950280,85.78,3272364
1770206612798,2443.98,692.87,168984576,122765312,89952296,85.79,3272364
1770206612899,2453.29,694.72,169017344,122765312,90203984,86.03,3281898
1770206612999,2453.60,694.81,169017344,122765312,90206000,86.03,3281898
1770206613101,2453.91,694.96,169017344,122765312,90207992,86.03,3281898
1770206613202,2457.61,696.97,169033728,122765312,90459400,86.27,3291432
1770206613303,2457.89,697.08,169033728,122765312,90461416,86.27,3291432
1770206613404,2461.09,698.82,169033728,122765312,90712928,86.51,3300966
1770206613504,2461.37,698.95,169033728,122765312,90714944,86.51,3300966
1770206613606,2461.66,699.08,169033728,122765312,90716936,86.51,3300966
1770206613706,2465.01,701.22,169033728,122765312,90968328,86.75,3310500
1770206613808,2465.31,701.36,169033728,122765312,90970344,86.76,3310500
1770206613909,2468.51,703.26,169033728,122765312,91221720,87.00,3320034
1770206614009,2468.82,703.39,169033728,122765312,91223736,87.00,3320034
1770206614111,2469.14,703.53,169033728,122765312,91225728,87.00,3320034
1770206614211,2472.39,705.50,169033728,122765312,91477120,87.24,3329568
1770206614312,2472.68,705.64,169033728,122765312,91479136,87.24,3329568
1770206614413,2473.67,706.26,169033728,122765312,91730520,87.48,3339102
1770206614515,2473.74,706.30,169033728,122765312,91732536,87.48,3339102
1770206614616,2473.84,706.34,169033728,122765312,91734528,87.48,3339102
1770206614716,2475.00,707.33,169033728,122765312,91985920,87.72,3348636
1770206614818,2475.23,707.43,169033728,122765312,91987936,87.73,3348636
1770206614918,2479.13,709.42,169050112,122765312,92239408,87.97,3358170
1770206615018,2479.48,709.61,169050112,122765312,92241424,87.97,3358170
1770206615118,2479.79,709.77,169050112,122765312,92243416,87.97,3358170
1770206615220,2483.21,711.79,169050112,122765312,92494864,88.21,3367704
1770206615321,2483.45,711.94,169050112,122765312,92496880,88.21,3367704
1770206615421,2486.87,713.82,169050112,122765312,92748360,88.45,3377238
1770206615523,2487.18,713.96,169050112,122765312,92750376,88.45,3377238
1770206615623,2487.51,714.10,169050112,122765312,92752368,88.46,3377238
1770206615723,2490.69,716.02,169050112,122765312,93003768,88.70,3386772
1770206615824,2567.64,729.70,115261440,66633728,38538408,36.75,3108944
1770206615925,2571.60,731.28,115261440,66633728,39063904,37.25,3118478
1770206616025,2571.90,731.40,115261440,66633728,39065912,37.26,3118478
1770206616126,2572.21,731.59,115261440,66633728,39067896,37.26,3118478
1770206616227,2576.73,733.55,115261440,66633728,39338376,37.52,3128012
1770206616329,2577.04,733.72,115261440,66633728,39340384,37.52,3128012
1770206616430,2652.93,742.87,90685440,42778624,38137216,36.37,3118478
1770206616530,2653.17,742.95,90685440,42778624,38139264,36.37,3118478
1770206616632,2653.47,743.14,90685440,42778624,38141240,36.37,3118478
1770206616732,2659.77,744.97,90931200,42778624,38426976,36.65,3128012
1770206616833,2660.09,745.14,90931200,42778624,38428976,36.65,3128012
1770206616934,2663.86,747.24,91193344,42778624,38692488,36.90,3137546
1770206617036,2733.99,750.26,90652672,42778624,37945912,36.19,3108944
1770206617137,2734.32,750.36,90652672,42778624,38204728,36.43,3108944
1770206617237,2739.96,752.40,90947584,42778624,38500056,36.72,3118478
1770206617339,2740.26,752.55,90947584,42778624,38502056,36.72,3118478
1770206617440,2745.87,754.50,91209728,42778624,38765936,36.97,3128012
1770206617541,2746.06,754.56,91209728,42778624,38767936,36.97,3128012
1770206617643,2748.70,755.92,91340800,42778624,38901352,37.10,3136877
1770206617744,2751.16,756.71,91471872,42778624,39034176,37.23,3137546
1770206617844,2751.47,756.85,91471872,42778624,39036176,37.23,3137546
1770206617946,2755.75,759.12,92061696,45924352,38442104,36.66,3119820
1770206618046,2756.06,759.25,92061696,45924352,38444104,36.66,3119820
1770206618147,2758.38,760.46,92209152,45924352,38577528,36.79,3128685
1770206618248,2760.27,761.21,92356608,45924352,38709656,36.92,3129354
1770206618349,2760.58,761.35,92356608,45924352,38711656,36.92,3129354
1770206618449,2763.97,763.29,92602368,45924352,38975304,37.17,3138888
1770206618551,2764.29,763.43,92602368,45924352,38977304,37.17,3138888
1770206618651,2766.84,764.70,92733440,45924352,39110784,37.30,3147753
1770206618752,2769.46,765.51,92864512,45924352,39242960,37.43,3148422
1770206618852,2769.78,765.66,92864512,45924352,39244960,37.43,3148422
1770206618953,2773.26,767.27,93110272,45924352,39508632,37.68,3157956
1770206619055,2773.53,767.39,93126656,45924352,39510632,37.68,3157956
1770206619155,2775.96,768.73,93257728,45924352,39644024,37.81,3166821
1770206619254,2777.35,769.51,93388800,45924352,39776200,37.93,3167490
1770206619356,2777.59,769.63,93388800,45924352,39778200,37.94,3167490
1770206619456,2784.00,771.74,93650944,45924352,38465608,36.68,3177024
1770206619556,2784.28,771.84,93650944,45924352,38467608,36.69,3177024
1770206619656,2785.28,772.50,93650944,45924352,38601000,36.81,3127343
1770206619757,2785.84,772.93,93650944,45924352,38733136,36.94,3128012
1770206619859,2786.05,773.05,93650944,45924352,38735112,36.94,3128012
1770206619960,2789.76,775.05,93650944,45924352,38998776,37.19,3137546
1770206620060,2790.09,775.20,93650944,45924352,39000752,37.19,3137546
1770206620164,2792.66,776.51,93650944,45924352,39134144,37.32,3146411
1770206620265,2793.98,777.33,93700096,45924352,39266320,37.45,3147080
1770206620366,2794.29,777.49,93700096,45924352,39268320,37.45,3147080
1770206620468,2803.36,779.57,93962240,45924352,39538352,37.71,3156614
1770206620569,2803.66,779.71,93962240,45924352,39540352,37.71,3156614
1770206620668,2807.63,781.51,94224384,45924352,39804080,37.96,3166148
1770206620770,2807.82,781.58,94224384,45924352,39806080,37.96,3166148
1770206620870,2808.13,781.72,94224384,45924352,39808056,37.96,3166148
1770206620972,2817.79,783.67,94470144,45924352,40072400,38.22,3175682
1770206621072,2818.10,783.82,94470144,45924352,40074400,38.22,3175682
1770206621173,2824.98,785.94,94683136,45924352,38802944,37.01,3185216
1770206621275,2825.16,786.01,94683136,45924352,38804944,37.01,3185216
1770206621376,2825.44,786.14,94683136,45924352,38806920,37.01,3185216
1770206621477,2836.32,788.19,94699520,45924352,39237048,37.42,3128681
1770206621578,2836.60,788.33,94699520,45924352,39239048,37.42,3128681
1770206621679,2840.41,790.19,94699520,45924352,39502112,37.67,3138215
1770206621780,2840.60,790.26,94699520,45924352,39504112,37.67,3138215
1770206621882,2840.86,790.35,94699520,45924352,39506088,37.68,3138215
1770206621982,2844.34,792.22,94699520,45924352,39769192,37.93,3147749
1770206622084,2844.61,792.28,94699520,45924352,39771192,37.93,3147749
1770206622184,2848.57,794.10,94715904,45924352,40034224,38.18,3157283
1770206622285,2848.77,794.19,94715904,45924352,40036224,38.18,3157283
1770206622385,2849.05,794.34,94715904,45924352,40038200,38.18,3157283
1770206622487,2854.58,796.41,94715904,45924352,40301208,38.43,3166817
1770206622589,2854.93,796.59,94715904,45924352,40303208,38.44,3166817
1770206622690,2858.29,798.28,94715904,45924352,40565944,38.69,3176351
1770206622791,2858.53,798.41,94715904,45924352,40567944,38.69,3176351
1770206622891,2858.83,798.56,94715904,45924352,40569920,38.69,3176351
1770206622993,2864.01,800.53,94781440,45924352,39296064,37.48,3119820
1770206623094,2864.31,800.68,94781440,45924352,39298040,37.48,3119820
1770206623194,2868.06,802.75,94781440,45924352,39560816,37.73,3129354
1770206623295,2868.27,802.84,94781440,45924352,39562792,37.73,3129354
1770206623397,2868.56,802.99,94781440,45924352,39564768,37.73,3129354
1770206623497,2876.55,804.97,94797824,45924352,39827680,37.98,3138888
1770206623599,2876.78,805.11,94797824,45924352,39829656,37.98,3138888
1770206623700,2885.65,807.28,94797824,45924352,40090968,38.23,3148422
1770206623800,2885.91,807.40,94797824,45924352,40092944,38.24,3148422
1770206623902,2886.18,807.51,94797824,45924352,40094920,38.24,3148422
1770206624002,2889.14,809.29,94797824,45924352,40355160,38.49,3157956
1770206624103,2889.41,809.41,94797824,45924352,40357136,38.49,3157956
1770206624204,2892.99,811.36,94797824,45924352,40617400,38.74,3167490
1770206624304,2893.21,811.46,94797824,45924352,40619456,38.74,3167490
1770206624405,2893.51,811.60,94797824,45924352,40621432,38.74,3167490
1770206624506,2901.36,814.85,94814208,45924352,39345720,37.52,3177024
1770206624606,2901.64,814.99,94814208,45924352,39347696,37.52,3177024
1770206624708,2905.82,816.95,94814208,45924352,39608184,37.77,3128681
1770206624808,2906.03,817.03,94814208,45924352,39610160,37.78,3128681
1770206624908,2906.32,817.12,94814208,45924352,39612136,37.78,3128681
1770206625010,2909.40,818.83,94814208,45924352,39872432,38.03,3138215
1770206625110,2909.69,818.92,94814208,45924352,39874408,38.03,3138215
1770206625211,2913.96,820.97,94814208,45924352,40134680,38.28,3147749
1770206625311,2914.17,821.05,94814208,45924352,40136656,38.28,3147749
1770206625412,2914.47,821.20,94814208,45924352,40138632,38.28,3147749
1770206625513,2917.92,823.00,94814208,45924352,40398864,38.53,3157283
1770206625613,2918.25,823.12,94814208,45924352,40400840,38.53,3157283
1770206625714,2921.51,824.97,94830592,45924352,40661128,38.78,3166817
1770206625814,2921.72,825.05,94830592,45924352,40663104,38.78,3166817
1770206625915,2921.99,825.18,94830592,45924352,40665080,38.78,3166817
1770206626017,2926.28,827.05,94830592,45924352,40925632,39.03,3176351
1770206626118,2926.54,827.16,94830592,45924352,40927608,39.03,3176351
1770206626219,2941.91,829.39,94846976,45924352,39652112,37.82,3185885
1770206626320,2942.16,829.50,94846976,45924352,39654112,37.82,3185885
1770206626420,2942.46,829.60,94846976,45924352,39656088,37.82,3185885
1770206626521,2945.82,831.41,94863360,45924352,39915152,38.07,3128681
1770206626623,2946.10,831.54,94863360,45924352,39917128,38.07,3128681
1770206626724,2956.94,833.58,94879744,45924352,40177376,38.32,3138215
1770206626824,2957.19,833.70,94879744,45924352,40179352,38.32,3138215
1770206626926,2957.45,833.82,94879744,45924352,40181328,38.32,3138215
1770206627027,2966.62,835.80,94896128,45924352,40435704,38.56,3147749
1770206627128,2966.89,835.95,94896128,45924352,40437680,38.56,3147749
1770206627229,2971.09,837.78,94896128,45924352,40691248,38.81,3157283
1770206627330,2971.31,837.88,94896128,45924352,40693224,38.81,3157283
1770206627432,2971.59,838.02,94896128,45924352,40695200,38.81,3157283
1770206627533,2978.13,839.85,94896128,45924352,40948776,39.05,3166817
1770206627634,2978.43,839.98,94896128,45924352,40950752,39.05,3166817
1770206627736,2984.98,841.99,94912512,45924352,41205032,39.30,3176351
1770206627836,2985.23,842.09,94912512,45924352,41207008,39.30,3176351
1770206627936,2985.48,842.15,94912512,45924352,41208984,39.30,3176351
1770206628036,2994.19,845.09,95174656,50118656,39992272,38.14,3119820
1770206628138,2994.46,845.22,95174656,50118656,39994248,38.14,3119820
1770206628239,3003.85,847.05,95207424,50118656,40246824,38.38,3129354
1770206628340,3004.18,847.27,95207424,50118656,40248800,38.38,3129354
1770206628441,3004.47,847.46,95207424,50118656,40250776,38.39,3129354
1770206628541,3007.95,849.58,95207424,50118656,40503312,38.63,3138888
1770206628643,3008.24,849.72,95207424,50118656,40505288,38.63,3138888
1770206628744,3015.64,851.61,95207424,50118656,40760408,38.87,3148422
1770206628845,3015.92,851.75,95207424,50118656,40762384,38.87,3148422
1770206628945,3016.21,851.93,95207424,50118656,40764360,38.88,3148422
1770206629046,3019.51,853.76,95240192,50118656,41252584,39.34,3157956
1770206629147,3019.80,853.90,95240192,50118656,41254560,39.34,3157956
1770206629248,3026.06,855.90,95256576,50118656,41507064,39.58,3167490
1770206629350,3026.34,856.05,95256576,50118656,41509040,39.59,3167490
1770206629451,3026.63,856.22,95256576,50118656,41511016,39.59,3167490
1770206629552,3030.05,858.10,95256576,50118656,41763520,39.83,3177024
1770206629653,3030.36,858.25,95256576,50118656,41765496,39.83,3177024
1770206629754,3035.91,860.19,95485952,50118656,42018232,40.07,3186558
1770206629856,3036.19,860.33,95485952,50118656,42020232,40.07,3186558
1770206629956,3036.48,860.49,95485952,50118656,42022208,40.08,3186558
1770206630058,3039.41,862.39,95748096,50118656,42274736,40.32,3196092
1770206630158,3039.70,862.54,95748096,50118656,42276736,40.32,3196092
1770206630260,3041.66,864.01,95993856,50118656,42529224,40.56,3205626
1770206630360,3041.79,864.08,95993856,50118656,42531224,40.56,3205626
1770206630461,3042.03,864.23,95993856,50118656,42533200,40.56,3205626
1770206630562,3045.01,866.18,96239616,50118656,42785712,40.80,3215160
1770206630664,3045.31,866.32,96239616,50118656,42787712,40.81,3215160
1770206630765,3049.02,868.37,96485376,50118656,43040224,41.05,3224694
1770206630867,3049.28,868.49,96485376,50118656,43042224,41.05,3224694
1770206630968,3049.56,868.56,96485376,50118656,43044200,41.05,3224694
1770206631069,3052.71,870.44,96731136,50118656,43296888,41.29,3234228
1770206631170,3052.98,870.59,96731136,50118656,43298888,41.29,3234228
1770206631271,3056.71,872.79,96960512,50118656,43551520,41.53,3243762
1770206631372,3057.00,872.95,96960512,50118656,43553520,41.54,3243762
1770206631472,3057.29,873.10,96976896,50118656,43555496,41.54,3243762
1770206631573,3082.69,875.21,97271808,50118656,43810072,41.78,3253296
1770206631674,3082.95,875.32,97271808,50118656,43812072,41.78,3253296
1770206631775,3088.90,877.19,97320960,50380800,40828136,38.94,3128012
1770206631877,3089.19,877.35,97320960,50380800,40830112,38.94,3128012
1770206631978,3089.48,877.50,97320960,50380800,40832088,38.94,3128012
1770206632079,3124.65,879.68,97468416,50380800,41083184,39.18,3137546
1770206632181,3124.90,879.80,97468416,50380800,41085160,39.18,3137546
1770206632282,3128.24,881.71,97468416,50380800,41332512,39.42,3147080
1770206632382,3128.45,881.85,97468416,50380800,41334488,39.42,3147080
1770206632483,3128.62,881.92,97468416,50380800,41336464,39.42,3147080
1770206632584,3131.58,883.69,97468416,50380800,41583920,39.66,3156614
1770206632686,3131.82,883.81,97468416,50380800,41585896,39.66,3156614
1770206632787,3142.21,885.88,97484800,50380800,41834320,39.90,3166148
1770206632888,3142.49,886.03,97484800,50380800,41836296,39.90,3166148
1770206632990,3142.78,886.18,97484800,50380800,41838272,39.90,3166148
1770206633090,3146.16,888.08,97550336,50380800,42085704,40.14,3175682
1770206633191,3146.45,888.23,97550336,50380800,42087680,40.14,3175682
1770206633293,3150.25,890.43,97959936,50380800,42550192,40.58,3185216
1770206633394,3150.53,890.58,97959936,50380800,42552168,40.58,3185216
1770206633496,3150.80,890.71,97959936,50380800,42554144,40.58,3185216
1770206633597,3164.69,892.84,98222080,50380800,42802696,40.82,3194750
1770206633698,3165.02,893.01,98238464,50380800,42804696,40.82,3194750
1770206633799,3168.41,895.03,98467840,50380800,43049328,41.06,3204284
1770206633900,3168.71,895.18,98467840,50380800,43051328,41.06,3204284
1770206634001,3168.96,895.29,98467840,50380800,43053304,41.06,3204284
1770206634102,3171.89,897.17,98697216,50380800,43298008,41.29,3213818
1770206634203,3172.10,897.27,98697216,50380800,43300008,41.29,3213818
1770206634304,3176.63,899.28,98942976,50380800,43545104,41.53,3223352
1770206634405,3176.91,899.48,98942976,50380800,43547104,41.53,3223352
1770206634507,3178.27,900.41,99057664,50380800,43671008,41.65,3232217
1770206634607,3178.93,900.95,99188736,50380800,43793672,41.76,3232886
1770206634709,3179.14,901.06,99188736,50380800,43795672,41.77,3232886
1770206634809,3181.90,902.98,99418112,50380800,44040392,42.00,3242420
1770206634911,3182.19,903.12,99418112,50380800,44042392,42.00,3242420
1770206635012,3186.66,904.40,99549184,50380800,44166296,42.12,3251285
1770206635114,3191.18,905.74,100171776,51429376,41272504,39.36,3251954
1770206635215,3191.47,905.89,100171776,51429376,41274512,39.36,3251954
1770206635315,3196.82,907.98,100171776,51429376,41519496,39.60,3128681
1770206635417,3197.10,908.12,100171776,51429376,41521480,39.60,3128681
1770206635517,3199.37,909.37,100171776,51429376,41645240,39.72,3137546
1770206635617,3200.47,910.14,100188160,51429376,41767800,39.83,3138215
1770206635719,3200.76,910.29,100188160,51429376,41769784,39.83,3138215
1770206635820,3204.68,912.53,100188160,51429376,42014176,40.07,3147749
1770206635920,3205.03,912.64,100188160,51429376,42016488,40.07,3147749
1770206636020,3207.20,913.85,100188160,51429376,42140248,40.19,3156614
1770206636121,3208.27,914.59,100188160,51429376,42262840,40.30,3157283
1770206636222,3208.53,914.72,100188160,51429376,42264824,40.31,3157283
1770206636322,3210.92,916.44,100188160,51429376,42509400,40.54,3166817
1770206636423,3211.06,916.52,100188160,51429376,42511384,40.54,3166817
1770206636522,3214.63,918.00,100188160,51429376,42755880,40.78,3176351
1770206636623,3221.43,918.07,100204544,51429376,42758280,40.78,3176351
1770206636727,3221.61,918.19,100204544,51429376,42760264,40.78,3176351
1770206636829,3235.04,919.66,100220928,51429376,43005352,41.01,3185885
1770206636929,3235.32,919.77,100220928,51429376,43007336,41.01,3185885
1770206637029,3237.49,921.46,100237312,51429376,43251512,41.25,3195419
1770206637130,3237.58,921.51,100237312,51429376,43253520,41.25,3195419
1770206637231,3237.73,921.60,100237312,51429376,43255504,41.25,3195419
1770206637332,3239.88,923.54,100237312,51429376,43499600,41.48,3204953
1770206637432,3240.14,923.68,100237312,51429376,43501608,41.49,3204953
1770206637534,3243.08,925.54,100237312,51429376,43745720,41.72,3214487
1770206637635,3243.24,925.60,100237312,51429376,43747728,41.72,3214487
1770206637736,3243.53,925.74,100237312,51429376,43749712,41.72,3214487
1770206637837,3246.70,927.72,100237312,51429376,43993848,41.96,3224021
1770206637939,3246.99,927.86,100237312,51429376,43995856,41.96,3224021
1770206638040,3249.80,929.75,100237312,51429376,44240000,42.19,3233555
1770206638141,3249.99,929.82,100237312,51429376,44242008,42.19,3233555
1770206638241,3250.27,929.96,100237312,51429376,44243992,42.19,3233555
1770206638342,3255.97,931.75,100253696,51429376,44488080,42.43,3243089
1770206638443,3256.26,931.89,100253696,51429376,44490088,42.43,3243089
1770206638544,3269.29,933.77,100253696,51429376,44746000,42.67,3252623
1770206638645,3271.02,933.90,100270080,51429376,44748512,42.68,3252623
1770206638746,3271.30,934.04,100270080,51429376,44750496,42.68,3252623
1770206638848,3274.97,935.88,100761600,51953664,41945104,40.00,3128012
1770206638949,3275.33,936.11,100761600,51953664,41947088,40.00,3128012
1770206639050,3278.09,937.90,100761600,51953664,42185328,40.23,3137546
1770206639150,3278.34,938.01,100761600,51953664,42187312,40.23,3137546
1770206639252,3278.63,938.15,100761600,51953664,42189296,40.23,3137546
1770206639352,3281.44,940.03,100761600,51953664,42427472,40.46,3147080
1770206639454,3281.73,940.19,100761600,51953664,42429456,40.46,3147080
1770206639554,3284.60,942.05,100761600,51953664,42667728,40.69,3156614
1770206639655,3284.89,942.18,100761600,51953664,42669712,40.69,3156614
1770206639755,3285.17,942.33,100761600,51953664,42671696,40.69,3156614
1770206639857,3288.46,944.14,100761600,51953664,42910016,40.92,3166148
1770206639958,3288.74,944.23,100761600,51953664,42912000,40.92,3166148
1770206640058,3291.73,946.09,100761600,51953664,43150296,41.15,3175682
1770206640159,3292.01,946.21,100761600,51953664,43152280,41.15,3175682
1770206640259,3292.30,946.41,100761600,51953664,43154264,41.16,3175682
1770206640361,3295.40,948.29,100777984,51953664,43392512,41.38,3185216
1770206640461,3295.68,948.43,100777984,51953664,43394496,41.38,3185216
1770206640563,3299.25,950.50,100777984,51953664,43632728,41.61,3194750
1770206640664,3299.49,950.61,100777984,51953664,43634712,41.61,3194750
1770206640765,3299.77,950.76,100777984,51953664,43636696,41.62,3194750
1770206640866,3302.61,952.62,100777984,51953664,43875192,41.84,3204284
1770206640967,3302.88,952.74,100777984,51953664,43877176,41.84,3204284
1770206641067,3314.28,954.92,100794368,51953664,44116152,42.07,3213818
1770206641169,3314.50,955.00,100794368,51953664,44118136,42.07,3213818
1770206641270,3314.79,955.16,100794368,51953664,44120120,42.08,3213818
1770206641372,3317.92,957.09,100794368,51953664,44355792,42.30,3223352
1770206641473,3318.26,957.23,100794368,51953664,44357776,42.30,3223352
1770206641573,3321.45,959.17,100794368,51953664,44593576,42.53,3232886
1770206641675,3321.67,959.26,100794368,51953664,44595560,42.53,3232886
1770206641776,3321.94,959.39,100794368,51953664,44597544,42.53,3232886
1770206641877,3327.50,961.74,101302272,52740096,42347272,40.39,3242420
1770206641978,3327.77,961.89,101302272,52740096,42349256,40.39,3242420
1770206642079,3330.94,963.90,101318656,52740096,42584856,40.61,3128012
1770206642179,3331.20,964.07,101318656,52740096,42586840,40.61,3128012
1770206642280,3331.48,964.24,101318656,52740096,42588824,40.62,3128012
1770206642381,3334.79,966.45,101318656,52740096,42824480,40.84,3137546
1770206642482,3335.07,966.60,101318656,52740096,42826464,40.84,3137546
1770206642584,3338.22,968.61,101318656,52740096,43062104,41.07,3147080
1770206642684,3338.50,968.75,101318656,52740096,43064088,41.07,3147080
1770206642786,3338.79,968.90,101318656,52740096,43066072,41.07,3147080
1770206642891,3342.45,970.99,101318656,52740096,43301744,41.30,3156614
1770206642992,3342.74,971.14,101318656,52740096,43303728,41.30,3156614
1770206643093,3346.23,972.72,101318656,52740096,43539512,41.52,3166148
1770206643195,3346.50,972.84,101318656,52740096,43541496,41.52,3166148
1770206643295,3346.78,972.99,101318656,52740096,43543480,41.53,3166148
1770206643397,3349.84,974.91,101335040,52740096,43779456,41.75,3175682
1770206643497,3350.12,975.06,101335040,52740096,43781440,41.75,3175682
1770206643596,3352.83,976.70,101335040,52740096,44017136,41.98,3185216
1770206643698,3353.12,976.83,101335040,52740096,44019120,41.98,3185216
1770206643798,3353.40,976.98,101335040,52740096,44021104,41.98,3185216
1770206643900,3360.08,978.93,101335040,52740096,44257072,42.21,3194750
1770206644000,3360.35,979.08,101335040,52740096,44259056,42.21,3194750
1770206644102,3363.41,980.84,101335040,52740096,44494784,42.43,3204284
1770206644203,3363.68,980.97,101335040,52740096,44496768,42.44,3204284
1770206644303,3363.93,981.09,101335040,52740096,44498752,42.44,3204284
1770206644404,3367.14,983.08,101335040,52740096,44734360,42.66,3213818
1770206644504,3367.41,983.20,101335040,52740096,44736344,42.66,3213818
1770206644606,3370.43,985.05,101351424,52740096,44972048,42.89,3223352
1770206644707,3370.68,985.17,101351424,52740096,44974032,42.89,3223352
1770206644808,3370.92,985.29,101351424,52740096,44976016,42.89,3223352
1770206644910,3373.90,987.18,101351424,52740096,45211752,43.12,3232886
1770206645011,3374.17,987.34,101351424,52740096,45213736,43.12,3232886
1770206645111,3379.39,989.53,101777408,53264384,42814680,40.83,3242420
1770206645212,3379.63,989.67,101777408,53264384,42816664,40.83,3242420
1770206645313,3379.79,989.76,101777408,53264384,42818648,40.84,3242420
1770206645414,3388.66,991.40,101793792,53264384,43055568,41.06,3128012
1770206645515,3388.78,991.47,101793792,53264384,43057552,41.06,3128012
1770206645616,3391.12,993.46,101793792,53264384,43293200,41.29,3137546
1770206645718,3391.25,993.53,101793792,53264384,43295184,41.29,3137546
1770206645818,3391.48,993.66,101793792,53264384,43297168,41.29,3137546
1770206645919,3393.69,995.13,101793792,53264384,43532768,41.52,3147080
1770206646021,3393.83,995.29,101793792,53264384,43534752,41.52,3147080
1770206646122,3398.05,996.98,101793792,53264384,43770712,41.74,3156614
1770206646222,3398.20,997.08,101793792,53264384,43772696,41.74,3156614
1770206646324,3399.25,998.23,101793792,53264384,43892104,41.86,3165479
1770206646426,3400.11,999.00,101793792,53264384,44010288,41.97,3166148
1770206646527,3400.36,999.13,101793792,53264384,44012272,41.97,3166148
1770206646627,3403.51,1000.96,101793792,53264384,44247960,42.20,3175682
1770206646729,3403.75,1001.13,101793792,53264384,44249944,42.20,3175682
1770206646829,3405.64,1002.52,101810176,53264384,44369368,42.31,3184547
1770206646930,3406.91,1003.23,101810176,53264384,44487504,42.43,3185216
1770206647032,3407.14,1003.39,101810176,53264384,44489488,42.43,3185216
1770206647133,3409.74,1005.17,101810176,53264384,44725360,42.65,3194750
1770206647235,3409.94,1005.31,101810176,53264384,44727344,42.66,3194750
1770206647335,3417.42,1007.27,101826560,53264384,44964264,42.88,3204284
1770206647436,3417.54,1007.34,101826560,53264384,44966248,42.88,3204284
1770206647536,3417.64,1007.40,101826560,53264384,44968232,42.89,3204284
1770206647637,3420.00,1009.09,101826560,53264384,45203904,43.11,3213818
1770206647738,3420.29,1009.26,101826560,53264384,45205888,43.11,3213818
1770206647837,3423.10,1011.12,101842944,53264384,45441456,43.34,3223352
1770206647939,3423.27,1011.19,101842944,53264384,45443440,43.34,3223352
1770206648040,3423.51,1011.29,101842944,53264384,45445424,43.34,3223352
1770206648141,3425.82,1013.01,101842944,53264384,45681088,43.56,3232886
1770206648241,3425.97,1013.12,101842944,53264384,45683072,43.57,3232886
1770206648341,3429.00,1015.16,101842944,53264384,45918640,43.79,3242420
1770206648442,3429.17,1015.23,101842944,53264384,45920624,43.79,3242420
1770206648542,3429.43,1015.36,101842944,53264384,45922608,43.80,3242420
1770206648643,3434.08,1017.21,101842944,53264384,46158288,44.02,3251954
1770206648745,3434.33,1017.38,101842944,53264384,46160272,44.02,3251954
1770206648847,3444.62,1020.50,102776832,61652992,43311848,41.31,3261488
1770206648948,3514.76,1023.40,102694912,61390848,38959904,37.16,3119147
1770206649048,3515.04,1023.56,102694912,61390848,38961912,37.16,3119147
1770206649150,3518.28,1025.37,102694912,61390848,39199200,37.38,3118478
1770206649251,3518.54,1025.50,102694912,61390848,39201208,37.39,3118478
1770206649351,3521.13,1027.26,102694912,61390848,39437224,37.61,3128012
1770206649452,3521.40,1027.38,102694912,61390848,39439232,37.61,3128012
1770206649554,3521.62,1027.48,102694912,61390848,39441216,37.61,3128012
1770206649655,3524.33,1029.29,102694912,61390848,39677176,37.84,3137546
1770206649757,3524.59,1029.43,102694912,61390848,39679184,37.84,3137546
1770206649857,3527.35,1031.26,102694912,61390848,39915072,38.07,3147080
1770206649958,3527.61,1031.38,102694912,61390848,39917080,38.07,3147080
1770206650058,3527.86,1031.51,102694912,61390848,39919064,38.07,3147080
1770206650160,3531.04,1033.59,102694912,61390848,40155064,38.29,3156614
1770206650261,3531.27,1033.72,102694912,61390848,40157072,38.30,3156614
1770206650361,3534.46,1035.60,102694912,61390848,40392920,38.52,3166148
1770206650463,3534.69,1035.72,102694912,61390848,40394928,38.52,3166148
1770206650563,3534.94,1035.84,102694912,61390848,40396912,38.53,3166148
1770206650664,3538.30,1038.22,102694912,61390848,40632832,38.75,3175682
1770206650766,3538.58,1038.39,102694912,61390848,40634840,38.75,3175682
1770206650867,3556.05,1040.81,102694912,61390848,40871280,38.98,3185216
1770206650967,3558.82,1040.95,102694912,61390848,40874176,38.98,3185216
1770206651068,3559.00,1041.04,102694912,61390848,40876160,38.98,3185216
1770206651168,3561.83,1042.86,102694912,61390848,41110656,39.21,3194750
1770206651269,3562.11,1042.99,102694912,61390848,41112664,39.21,3194750
1770206651369,3566.28,1045.41,102694912,61390848,41347160,39.43,3204284
1770206651471,3566.54,1045.53,102694912,61390848,41349168,39.43,3204284
1770206651571,3566.76,1045.67,102694912,61390848,41351152,39.44,3204284
1770206651672,3569.14,1047.37,102694912,61390848,41585696,39.66,3213818
1770206651774,3569.36,1047.50,102694912,61390848,41587704,39.66,3213818
1770206651874,3572.55,1049.09,102711296,61390848,41822408,39.88,3223352
1770206651975,3572.70,1049.18,102711296,61390848,41824416,39.89,3223352
1770206652077,3572.86,1049.29,102711296,61390848,41826400,39.89,3223352
1770206652178,3574.94,1050.78,102711296,61390848,42060936,40.11,3232886
1770206652279,3575.11,1050.98,102711296,61390848,42062944,40.11,3232886
1770206652379,3581.92,1052.82,102711296,61390848,42298688,40.34,3242420
1770206652480,3582.04,1052.90,101826560,61390848,42300696,40.34,3242420
1770206652582,3582.15,1052.96,101826560,61390848,42302680,40.34,3242420
1770206652682,3584.32,1054.69,101826560,61390848,42537280,40.57,3251954
1770206652784,3584.60,1054.86,101826560,61390848,42539288,40.57,3251954
1770206652885,3587.78,1056.74,101826560,61390848,42773808,40.79,3261488
1770206652986,3588.00,1056.85,101826560,61390848,42775816,40.79,3261488
1770206653086,3588.26,1056.97,101826560,61390848,42777800,40.80,3261488
1770206653187,3590.95,1058.78,101892096,61390848,43012296,41.02,3271022
1770206653289,3591.19,1058.91,101892096,61390848,43014304,41.02,3271022
1770206653389,3593.85,1060.92,102105088,61390848,43248824,41.25,3280556
1770206653490,3594.07,1061.04,102105088,61390848,43250832,41.25,3280556
1770206653591,3594.33,1061.17,102121472,61390848,43252816,41.25,3280556
1770206653693,3607.36,1063.38,102334464,61390848,43487416,41.47,3290090
1770206653794,3607.67,1063.48,102334464,61390848,43489424,41.47,3290090
1770206653896,3610.49,1065.44,102563840,61390848,43723936,41.70,3299624
1770206653996,3610.74,1065.57,102563840,61390848,43725944,41.70,3299624
1770206654097,3611.01,1065.70,102563840,61390848,43727928,41.70,3299624
1770206654199,3614.13,1067.75,102793216,61390848,43962376,41.93,3309158
1770206654300,3614.39,1067.90,102809600,61390848,43964384,41.93,3309158
1770206654400,3617.29,1069.88,103022592,61390848,44198856,42.15,3318692
1770206654502,3617.58,1070.03,103022592,61390848,44200864,42.15,3318692
1770206654602,3617.87,1070.19,103022592,61390848,44202848,42.16,3318692
1770206654704,3622.59,1072.61,103251968,61390848,44438872,42.38,3328226
1770206654804,3622.88,1072.77,103251968,61390848,44440880,42.38,3328226
1770206654906,3625.59,1074.73,103481344,61390848,44675400,42.61,3337760
1770206655006,3625.87,1074.90,103481344,61390848,44677408,42.61,3337760
1770206655107,3626.15,1075.07,103481344,61390848,44679392,42.61,3337760
1770206655208,3628.28,1076.63,103710720,61390848,44913912,42.83,3347294
1770206655309,3628.59,1076.78,103710720,61390848,44915920,42.84,3347294
1770206655410,3631.18,1078.65,103923712,61390848,45150456,43.06,3356828
1770206655511,3631.47,1078.80,103923712,61390848,45152464,43.06,3356828
1770206655612,3631.74,1078.97,103940096,61390848,45154448,43.06,3356828
1770206655714,3634.48,1080.97,104153088,61390848,45389008,43.29,3366362
1770206655814,3634.72,1081.08,104153088,61390848,45391016,43.29,3366362
1770206655915,3637.29,1082.87,104382464,61390848,45625592,43.51,3375896
1770206656016,3637.57,1083.02,104382464,61390848,45627600,43.51,3375896
1770206656117,3637.85,1083.19,104382464,61390848,45629584,43.52,3375896
1770206656218,3646.10,1085.13,104611840,61390848,45869088,43.74,3385430
1770206656319,3646.37,1085.30,104611840,61390848,45871096,43.75,3385430
1770206656421,3649.21,1087.27,104841216,61390848,46108176,43.97,3394964
1770206656522,3649.48,1087.42,104857600,61390848,46110184,43.97,3394964
1770206656624,3649.75,1087.57,104857600,61390848,46112168,43.98,3394964
1770206656724,3659.35,1089.79,105054208,61390848,40044512,38.19,3404498
1770206656826,3659.64,1089.94,105054208,61390848,40046520,38.19,3404498
1770206656927,3662.77,1091.93,105054208,61390848,40281616,38.42,3128012
1770206657028,3663.07,1092.09,105054208,61390848,40283600,38.42,3128012
1770206657130,3663.43,1092.35,105054208,61390848,40285584,38.42,3128012
1770206657230,3666.43,1094.37,105054208,61390848,40520096,38.64,3137546
1770206657330,3666.72,1094.54,105054208,61390848,40522080,38.64,3137546
1770206657431,3669.58,1096.73,105054208,61390848,40759504,38.87,3147080
1770206657533,3669.88,1096.90,105054208,61390848,40761488,38.87,3147080
1770206657633,3670.15,1097.07,105054208,61390848,40763472,38.88,3147080
1770206657735,3673.12,1098.98,105054208,61390848,41000512,39.10,3156614
1770206657836,3673.40,1099.14,105054208,61390848,41002496,39.10,3156614
1770206657938,3676.63,1101.33,105054208,61390848,41240848,39.33,3166148
1770206658037,3676.91,1101.49,105054208,61390848,41242832,39.33,3166148
1770206658139,3677.19,1101.66,105054208,61390848,41244816,39.33,3166148
1770206658239,3679.97,1103.53,105054208,61390848,41481552,39.56,3175682
1770206658341,3680.24,1103.70,105054208,61390848,41483536,39.56,3175682
1770206658442,3683.04,1105.52,105054208,61390848,41723448,39.79,3185216
1770206658542,3683.32,1105.68,105054208,61390848,41725432,39.79,3185216
1770206658644,3683.62,1105.84,105054208,61390848,41727416,39.79,3185216
1770206658744,3688.26,1107.63,105054208,61390848,41964712,40.02,3194750
1770206658845,3688.53,1107.79,105054208,61390848,41966696,40.02,3194750
1770206658947,3691.38,1109.73,105054208,61390848,42206784,40.25,3204284
1770206659048,3691.66,1109.88,105054208,61390848,42208768,40.25,3204284
1770206659150,3691.94,1110.05,105054208,61390848,42210752,40.26,3204284
1770206659251,3694.75,1111.86,105054208,61390848,42445232,40.48,3213818
1770206659352,3695.04,1112.02,105054208,61390848,42447240,40.48,3213818
1770206659453,3700.24,1113.98,105054208,61390848,42689440,40.71,3223352
1770206659553,3700.48,1114.08,105054208,61390848,42691424,40.71,3223352
1770206659655,3700.77,1114.24,105054208,61390848,42693408,40.72,3223352
1770206659756,3703.78,1115.97,105054208,61390848,42927720,40.94,3232886
1770206659856,3704.07,1116.13,105054208,61390848,42929704,40.94,3232886
1770206659958,3713.54,1118.18,105250816,61652992,43386536,41.38,3242420
1770206660059,3713.80,1118.31,105250816,61652992,43388520,41.38,3242420
1770206660161,3714.07,1118.46,105250816,61652992,43390504,41.38,3242420
1770206660262,3717.35,1120.72,105480192,61652992,43633312,41.61,3251954
1770206660362,3717.61,1120.87,105480192,61652992,43635296,41.61,3251954
1770206660464,3720.23,1122.69,105709568,61652992,43872248,41.84,3261488
1770206660565,3720.47,1122.82,105709568,61652992,43874232,41.84,3261488
1770206660667,3722.38,1124.11,105824256,61652992,43995048,41.96,3270353
1770206660769,3727.57,1125.07,105922560,61652992,44119472,42.08,3271022
1770206660870,3727.84,1125.28,105938944,61652992,44121456,42.08,3271022
1770206660971,3733.25,1127.21,106151936,61652992,44359024,42.30,3280556
1770206661072,3733.54,1127.38,106151936,61652992,44361008,42.31,3280556
1770206661173,3737.59,1129.40,106381312,61652992,44598024,42.53,3290090
1770206661273,3737.92,1129.48,106381312,61652992,44604312,42.54,3290090
1770206661373,3738.13,1129.61,106381312,61652992,44606296,42.54,3290090
1770206661474,3740.62,1131.18,106610688,61652992,44840656,42.76,3299624
1770206661575,3740.89,1131.47,106610688,61652992,44842640,42.77,3299624
1770206661675,3743.39,1133.41,106823680,61652992,45079464,42.99,3309158
1770206661776,3743.58,1133.52,106823680,61652992,45081448,42.99,3309158
1770206661878,3743.87,1133.69,106840064,61652992,45083432,42.99,3309158
1770206661979,3746.89,1135.70,107053056,61652992,45320424,43.22,3318692
1770206662080,3747.17,1135.86,107053056,61652992,45322408,43.22,3318692
1770206662180,3749.76,1137.75,107298816,61652992,45562056,43.45,3328226
1770206662280,3749.93,1137.83,106381312,61652992,45564040,43.45,3328226
1770206662382,3750.19,1137.96,106381312,61652992,45566024,43.46,3328226
1770206662483,3753.01,1140.05,106594304,61652992,45803032,43.68,3337760
1770206662583,3753.30,1140.24,106610688,61652992,45805016,43.68,3337760
1770206662682,3756.18,1142.17,106823680,61652992,46042056,43.91,3347294
1770206662784,3756.31,1142.25,106823680,61652992,46044040,43.91,3347294
1770206662884,3756.58,1142.39,106823680,61652992,46046024,43.91,3347294
1770206662985,3759.28,1144.43,107053056,61652992,46282824,44.14,3356828
1770206663087,3759.56,1144.57,107053056,61652992,46284808,44.14,3356828
1770206663187,3762.72,1146.61,107298816,61652992,46521752,44.37,3366362
1770206663288,3767.05,1146.71,107298816,61652992,46530424,44.37,3366362
1770206663388,3767.30,1146.87,107298816,61652992,46531904,44.38,3366362
1770206663489,3774.86,1153.47,94797824,47235072,41309136,39.40,3375896
1770206663591,3775.14,1153.64,94797824,47235072,41310608,39.40,3375896
1770206663691,3778.16,1155.57,94797824,47235072,41548376,39.62,3128012
1770206663791,3778.33,1155.64,94797824,47235072,41549848,39.63,3128012
1770206663892,3778.60,1155.79,94797824,47235072,41551320,39.63,3128012
1770206663993,3781.58,1157.72,94797824,47235072,41788760,39.85,3137546
1770206664095,3781.82,1157.85,94797824,47235072,41790232,39.85,3137546
1770206664195,3784.53,1159.64,94797824,47235072,42024008,40.08,3147080
1770206664296,3784.76,1159.76,94797824,47235072,42025480,40.08,3147080
1770206664397,3785.00,1159.90,94797824,47235072,42026952,40.08,3147080
1770206664499,3787.83,1161.46,94797824,47235072,42267496,40.31,3156614
1770206664599,3788.21,1161.70,94797824,47235072,42268968,40.31,3156614
1770206664700,3791.06,1163.68,94797824,47235072,42505392,40.54,3166148
1770206664800,3791.22,1163.80,94797824,47235072,42506864,40.54,3166148
1770206664901,3791.30,1163.86,94797824,47235072,42508336,40.54,3166148
1770206665002,3793.96,1165.03,95977472,54312960,41625216,39.70,3128012
1770206665104,3794.05,1165.08,95977472,54312960,41626688,39.70,3128012
1770206665205,3795.54,1166.73,96190464,54312960,41863128,39.92,3137546
1770206665305,3795.69,1166.83,96190464,54312960,41864600,39.93,3137546
1770206665407,3795.85,1166.94,96190464,54312960,41866072,39.93,3137546
1770206665507,3798.83,1168.51,96419840,54312960,42105816,40.16,3147080
1770206665608,3798.97,1168.61,96419840,54312960,42107288,40.16,3147080
1770206665709,3800.89,1170.20,96649216,54312960,42344296,40.38,3156614
1770206665810,3801.07,1170.29,96649216,54312960,42345768,40.38,3156614
1770206665910,3801.80,1170.56,96665600,54312960,42369816,40.41,3156618
1770206666012,3805.57,1172.73,96878592,54312960,42603632,40.63,3166152
1770206666112,3805.84,1172.89,96878592,54312960,42605128,40.63,3166152
1770206666214,3807.97,1174.44,97107968,54312960,42842288,40.86,3175686
1770206666314,3808.13,1174.57,97107968,54312960,42843784,40.86,3175686
1770206666415,3808.34,1174.68,97107968,54312960,42845256,40.86,3175686
1770206666517,3811.13,1176.69,97337344,54312960,43082440,41.09,3185220
1770206666618,3811.28,1176.77,97337344,54312960,43083936,41.09,3185220
1770206666718,3813.43,1178.37,97550336,54312960,43320352,41.31,3194754
1770206666819,3813.56,1178.46,97550336,54312960,43321848,41.31,3194754
1770206666919,3813.69,1178.54,97550336,54312960,43323320,41.32,3194754
1770206667021,3816.58,1180.21,97779712,54312960,43559200,41.54,3204288
1770206667122,3816.81,1180.37,97779712,54312960,43560696,41.54,3204288
1770206667223,3819.02,1182.08,98009088,54312960,43799000,41.77,3213822
1770206667323,3819.16,1182.18,98009088,54312960,43800496,41.77,3213822
1770206667425,3819.37,1182.29,98009088,54312960,43801968,41.77,3213822
1770206667525,3822.22,1184.44,98222080,54312960,44037736,42.00,3223356
1770206667625,3822.37,1184.54,98222080,54312960,44039232,42.00,3223356
1770206667748,3929.02,1195.91,148406272,99319808,66405776,63.33,3119151
1770206667848,4166.95,1206.71,171212800,122306560,100015744,95.38,3110286
1770206667948,4382.64,1211.82,175702016,126500864,98942888,94.36,3110286
1770206668050,4409.16,1213.49,176013312,127025152,92634736,88.34,3119832
1770206668151,4409.25,1213.54,176013312,127025152,92636256,88.34,3119832
1770206668251,4411.08,1215.29,176013312,127025152,92925256,88.62,3129362
1770206668352,4411.23,1215.39,176013312,127025152,92926776,88.62,3129362
1770206668453,4411.39,1215.51,176013312,127025152,92928272,88.62,3129362
1770206668555,4412.97,1216.95,176013312,127025152,93161488,88.85,3138892
1770206668656,4413.11,1217.05,176013312,127025152,93163008,88.85,3138892
1770206668757,4416.51,1218.63,176029696,127025152,93397032,89.07,3148422
1770206668857,4416.72,1218.73,176029696,127025152,93398552,89.07,3148422
1770206668959,4416.93,1218.90,176029696,127025152,93400048,89.07,3148422
1770206669060,4418.75,1220.64,176029696,127025152,93633224,89.30,3157952
1770206669161,4418.97,1220.76,176029696,127025152,93634744,89.30,3157952
1770206669262,4422.00,1223.25,176029696,127025152,93867888,89.52,3167482
1770206669362,4422.24,1223.37,176029696,127025152,93869408,89.52,3167482
1770206669463,4422.50,1223.52,176029696,127025152,93870904,89.52,3167482
1770206669564,4427.32,1225.46,176029696,127025152,94104440,89.74,3177012
1770206669666,4427.53,1225.59,176029696,127025152,94105960,89.75,3177012
1770206669767,4435.40,1227.52,176062464,127025152,94340632,89.97,3186542
1770206669868,4435.60,1227.67,176062464,127025152,94342152,89.97,3186542
1770206669969,4436.20,1228.19,176062464,127025152,94459936,90.08,3195405
1770206670069,4436.50,1228.52,176062464,127025152,94576416,90.20,3196072
1770206670170,4436.60,1228.58,176062464,127025152,94577936,90.20,3196072
1770206670271,4437.61,1229.51,176062464,127025152,94810760,90.42,3205602
1770206670372,4437.71,1229.57,176062464,127025152,94812280,90.42,3205602
1770206670472,4438.93,1230.35,176062464,127025152,94930032,90.53,3214465
1770206670573,4440.26,1231.26,176078848,127025152,95046536,90.64,3215132
1770206670674,4440.54,1231.44,176078848,127025152,95048056,90.64,3215132
1770206670776,4443.50,1233.38,176078848,127025152,95280896,90.87,3224664
1770206670876,4443.69,1233.48,176078848,127025152,95282416,90.87,3224664
1770206670976,4445.71,1234.61,176078848,127025152,95400184,90.98,3233528
1770206671078,4446.63,1235.26,176078848,127025152,95516752,91.09,3234196
1770206671177,4446.82,1235.39,176078848,127025152,95518272,91.09,3234196
1770206671278,4448.53,1237.29,176078848,127025152,95751232,91.32,3243728
1770206671378,4448.78,1237.41,176078848,127025152,95752752,91.32,3243728
1770206671478,4450.73,1239.01,176078848,127025152,95870520,91.43,3252592
1770206671579,4452.97,1239.84,176078848,127025152,95987216,91.54,3253260
1770206671680,4453.25,1239.99,176078848,127025152,95988736,91.54,3253260
1770206671781,4456.27,1242.02,176078848,127025152,96221632,91.76,3262792
1770206671883,4456.51,1242.18,176078848,127025152,96223152,91.77,3262792
1770206671983,4461.32,1243.90,176078848,127025152,96698104,92.22,3272324
1770206672083,4463.23,1243.99,176078848,127025152,96700840,92.22,3272324
1770206672183,4463.38,1244.09,176078848,127025152,96702336,92.22,3272324
1770206672283,4465.18,1245.70,176078848,127025152,96935168,92.44,3281856
1770206672384,4465.32,1245.80,176078848,127025152,96936688,92.45,3281856
1770206672485,4470.55,1247.36,176078848,127025152,97169544,92.67,3291388
1770206672586,4474.84,1247.50,176095232,127025152,97171760,92.67,3291388
1770206672687,4475.02,1247.62,176095232,127025152,97173256,92.67,3291388
1770206672789,4476.54,1249.02,176111616,127025152,97405832,92.89,3300920
1770206672890,4476.65,1249.11,176111616,127025152,97407352,92.89,3300920
1770206672990,4478.19,1250.42,176128000,127025152,97639880,93.12,3310452
1770206673090,4478.33,1250.49,176111616,127025152,97641400,93.12,3310452
1770206673191,4478.65,1250.61,176111616,127025152,97642896,93.12,3310452
1770206673292,4485.07,1252.61,176111616,127025152,97876520,93.34,3319984
1770206673391,4485.21,1252.71,176111616,127025152,97878040,93.34,3319984
1770206673492,4487.80,1254.53,176111616,127025152,98110640,93.57,3329516
1770206673592,4487.97,1254.62,176111616,127025152,98112160,93.57,3329516
1770206673693,4488.12,1254.73,176111616,127025152,98113656,93.57,3329516
1770206673795,4492.44,1256.39,176111616,127025152,98346528,93.79,3339048
1770206673896,4492.63,1256.49,176111616,127025152,98348048,93.79,3339048
1770206673997,4495.29,1258.07,176111616,127025152,98580792,94.01,3348580
1770206674098,4495.50,1258.18,176111616,127025152,98582312,94.02,3348580
1770206674200,4495.74,1258.30,176111616,127025152,98583808,94.02,3348580
1770206674300,4500.11,1260.13,176128000,127025152,98816496,94.24,3358112
1770206674402,4500.34,1260.25,176128000,127025152,98818016,94.24,3358112
1770206674503,4502.47,1261.79,176128000,127025152,99050600,94.46,3367644
1770206674604,4502.60,1261.87,176128000,127025152,99052120,94.46,3367644
1770206674704,4502.75,1262.02,176128000,127025152,99053616,94.46,3367644
1770206674806,4504.94,1264.06,176128000,127025152,99286192,94.69,3377176
1770206674906,4505.05,1264.11,176128000,127025152,99287712,94.69,3377176
1770206675007,4507.47,1265.85,176128000,127025152,99520712,94.91,3386708
1770206675107,4507.69,1265.97,176128000,127025152,99522232,94.91,3386708
1770206675208,4507.92,1266.09,176128000,127025152,99523728,94.91,3386708
1770206675309,4509.20,1267.17,176128000,127025152,99756312,95.14,3396240
1770206675410,4509.28,1267.21,176128000,127025152,99757832,95.14,3396240
1770206675511,4510.11,1267.94,176128000,127025152,99990376,95.36,3405772
1770206675612,4510.22,1267.99,176128000,127025152,99991896,95.36,3405772
1770206675712,4510.36,1268.08,176128000,127025152,99993392,95.36,3405772
1770206675814,4512.27,1269.93,176128000,127025152,100226408,95.58,3415304
1770206675914,4578.03,1280.91,111706112,62439424,39240744,37.42,3108944
1770206676015,4582.14,1282.59,111706112,62439424,39750320,37.91,3118476
1770206676117,4582.41,1282.73,111706112,62439424,39751824,37.91,3118476
1770206676217,4582.64,1282.88,111706112,62439424,39753304,37.91,3118476
1770206676318,4584.61,1284.36,111706112,62439424,40003792,38.15,3128008
1770206676419,4584.78,1284.46,111706112,62439424,40005296,38.15,3128008
1770206676521,4642.85,1290.74,93306880,43302912,38893384,37.09,3118476
1770206676622,4642.97,1290.81,93306880,43302912,38894928,37.09,3118476
1770206676723,4643.09,1290.87,93306880,43302912,38896400,37.09,3118476
1770206676823,4645.27,1292.41,93569024,43302912,39147024,37.33,3128008
1770206676924,4645.44,1292.52,93569024,43302912,39148520,37.33,3128008
1770206677025,4652.57,1294.70,93814784,43302912,39403240,37.58,3137540
1770206677125,4713.59,1297.70,93241344,43040768,38727352,36.93,3108944
1770206677226,4713.89,1297.82,93241344,43040768,38843224,37.04,3108944
1770206677326,4718.75,1299.97,93519872,43040768,39119808,37.31,3118476
1770206677426,4719.13,1300.17,93536256,43040768,39121304,37.31,3118476
1770206677526,4727.34,1302.72,93765632,43040768,39376952,37.55,3128008
1770206677627,4727.56,1302.85,93765632,43040768,39378448,37.55,3128008
1770206677729,4727.73,1302.94,93765632,43040768,39379920,37.56,3128008
1770206677829,4730.20,1304.64,94027776,43040768,39630424,37.79,3137540
1770206677930,4730.40,1304.74,94027776,43040768,39631920,37.80,3137540
1770206678032,4735.75,1307.03,94601216,46186496,39023112,37.22,3119816
1770206678132,4736.00,1307.14,94601216,46186496,39024608,37.22,3119816
1770206678233,4736.30,1307.33,94617600,46186496,39026080,37.22,3119816
1770206678333,4739.92,1309.19,94863360,46186496,39276712,37.46,3129348
1770206678433,4740.21,1309.34,94863360,46186496,39278208,37.46,3129348
1770206678535,4743.51,1311.32,95109120,46186496,39528672,37.70,3138880
1770206678636,4743.66,1311.41,95109120,46186496,39530168,37.70,3138880
1770206678736,4743.77,1311.48,95109120,46186496,39531640,37.70,3138880
1770206678836,4746.01,1313.10,95354880,46186496,39782096,37.94,3148412
1770206678938,4746.19,1313.24,95371264,46186496,39783592,37.94,3148412
1770206679038,4748.30,1314.95,95600640,46186496,40034000,38.18,3157944
1770206679140,4748.44,1315.04,95600640,46186496,40035496,38.18,3157944
1770206679241,4748.59,1315.15,95600640,46186496,40036968,38.18,3157944
1770206679342,4750.07,1316.19,95862784,46186496,40287448,38.42,3167476
1770206679443,4750.23,1316.30,95862784,46186496,40288944,38.42,3167476
1770206679545,4754.58,1318.51,96075776,46186496,39145024,37.33,3177008
1770206679646,4754.76,1318.61,96075776,46186496,39146520,37.33,3177008
1770206679747,4754.90,1318.69,96075776,46186496,39147992,37.33,3177008
1770206679848,4757.97,1320.37,96075776,46186496,39398464,37.57,3128008
1770206679949,4758.11,1320.45,96075776,46186496,39399936,37.57,3128008
1770206680050,4760.60,1322.03,96075776,46186496,39650360,37.81,3137540
1770206680151,4760.75,1322.13,96075776,46186496,39651832,37.81,3137540
1770206680252,4760.88,1322.19,96075776,46186496,39653304,37.82,3137540
1770206680354,4763.17,1323.73,96108544,46186496,39903712,38.06,3147072
1770206680454,4763.32,1323.82,96108544,46186496,39905208,38.06,3147072
1770206680555,4768.57,1324.69,96370688,46186496,40168432,38.31,3156604
1770206680657,4768.67,1324.74,96370688,46186496,40169928,38.31,3156604
1770206680758,4768.79,1324.82,96370688,46186496,40171400,38.31,3156604
1770206680858,4770.74,1326.27,96600064,46186496,40421824,38.55,3166136
1770206680959,4770.88,1326.36,96616448,46186496,40423320,38.55,3166136
1770206681060,4774.48,1328.06,96862208,46186496,40673776,38.79,3175668
1770206681161,4774.60,1328.12,96862208,46186496,40675272,38.79,3175668
1770206681262,4774.72,1328.18,96862208,46186496,40676744,38.79,3175668
1770206681363,4777.73,1329.85,97091584,46186496,39401176,37.58,3185200
1770206681464,4777.85,1329.93,97091584,46186496,39402672,37.58,3185200
1770206681565,4780.21,1331.44,97091584,46186496,39652696,37.82,3128676
1770206681666,4780.34,1331.51,97091584,46186496,39654192,37.82,3128676
1770206681767,4780.45,1331.58,97091584,46186496,39655664,37.82,3128676
1770206681867,4785.80,1333.46,97091584,46186496,39905632,38.06,3138208
1770206681968,4785.95,1333.56,97091584,46186496,39907128,38.06,3138208
1770206682068,4788.97,1335.24,97091584,46186496,40156488,38.30,3147740
1770206682170,4789.19,1335.35,97091584,46186496,40157984,38.30,3147740
1770206682270,4789.48,1335.52,97091584,46186496,40159456,38.30,3147740
1770206682370,4791.85,1337.07,97091584,46186496,40412440,38.54,3157272
1770206682472,4791.98,1337.14,97091584,46186496,40413936,38.54,3157272
1770206682573,4795.17,1339.26,97091584,46186496,40672320,38.79,3166804
1770206682673,4795.33,1339.38,97091584,46186496,40673816,38.79,3166804
1770206682774,4795.54,1339.48,97091584,46186496,40675288,38.79,3166804
1770206682875,4797.99,1341.97,97107968,46186496,40924576,39.03,3176336
1770206682977,4798.23,1342.14,97107968,46186496,40926072,39.03,3176336
1770206683076,4803.27,1344.22,97320960,46186496,39645120,37.81,3185868
1770206683177,4803.44,1344.30,97320960,46186496,39646616,37.81,3185868
1770206683279,4803.69,1344.45,97320960,46186496,39648088,37.81,3185868
1770206683378,4806.11,1345.89,97320960,46186496,39900208,38.05,3128676
1770206683480,4806.24,1345.97,97320960,46186496,39901680,38.05,3128676
1770206683581,4811.41,1347.45,97320960,46186496,40159144,38.30,3138208
1770206683681,4811.54,1347.53,97320960,46186496,40160616,38.30,3138208
1770206683782,4811.68,1347.63,97320960,46186496,40162088,38.30,3138208
1770206683884,4814.28,1349.45,97320960,46186496,40411368,38.54,3147740
1770206683985,4814.57,1349.63,97320960,46186496,40412840,38.54,3147740
1770206684087,4817.84,1351.34,97320960,46186496,40664288,38.78,3157272
1770206684188,4818.12,1351.49,97320960,46186496,40665760,38.78,3157272
1770206684290,4818.44,1351.73,97320960,46186496,40667232,38.78,3157272
1770206684390,4821.11,1353.42,97320960,46186496,40920120,39.02,3166804
1770206684490,4821.38,1353.55,97320960,46186496,40921592,39.03,3166804
1770206684590,4823.91,1355.18,97320960,46186496,41173880,39.27,3176336
1770206684692,4824.15,1355.31,97320960,46186496,41175352,39.27,3176336
1770206684794,4825.40,1356.38,97320960,46186496,41305296,39.39,3185200
1770206684895,4828.29,1357.28,97337344,46186496,39910040,38.06,3185868
1770206684996,4828.43,1357.37,97337344,46186496,39911512,38.06,3185868
1770206685097,4830.97,1358.96,97337344,46186496,40164152,38.30,3128676
1770206685197,4831.11,1359.04,97337344,46186496,40165624,38.30,3128676
1770206685298,4832.32,1360.23,97337344,46186496,40291608,38.43,3137540
1770206685400,4833.50,1360.99,97337344,46186496,40416328,38.54,3138208
1770206685501,4833.70,1361.12,97337344,46186496,40417800,38.55,3138208
1770206685601,4835.84,1362.62,97337344,46186496,40671144,38.79,3147740
1770206685702,4835.95,1362.69,97337344,46186496,40672616,38.79,3147740
1770206685803,4837.19,1363.94,97337344,46186496,40806656,38.92,3156604
1770206685904,4838.33,1364.66,97337344,46186496,40931440,39.04,3157272
1770206686005,4838.59,1364.83,97337344,46186496,40932912,39.04,3157272
1770206686106,4847.45,1367.11,97337344,46186496,41193688,39.29,3166804
1770206686207,4847.78,1367.28,97337344,46186496,41195160,39.29,3166804
1770206686309,4853.90,1369.24,97337344,46186496,41464096,39.54,3176336
1770206686410,4854.08,1369.34,97337344,46186496,41465568,39.54,3176336
1770206686510,4854.38,1369.51,97337344,46186496,41467040,39.55,3176336
1770206686611,4864.06,1372.05,97353728,46186496,40180296,38.32,3185868
1770206686712,4864.35,1372.20,97353728,46186496,40181768,38.32,3185868
1770206686813,4867.46,1374.09,97353728,46186496,40425288,38.55,3128676
1770206686914,4867.65,1374.17,97353728,46186496,40426760,38.55,3128676
1770206687016,4867.93,1374.34,97353728,46186496,40428232,38.56,3128676
1770206687116,4871.25,1376.23,97353728,46186496,40671752,38.79,3138208
1770206687218,4871.54,1376.39,97353728,46186496,40673224,38.79,3138208
1770206687318,4877.93,1378.67,97353728,46186496,41150552,39.24,3147740
1770206687417,4878.11,1378.78,97353728,46186496,41152024,39.25,3147740
1770206687519,4878.50,1379.05,97353728,46186496,41153496,39.25,3147740
1770206687621,4889.07,1380.96,97353728,46186496,41447960,39.53,3157272
1770206687722,4889.23,1381.08,97353728,46186496,41449432,39.53,3157272
1770206687822,4894.61,1382.85,97370112,46186496,41692920,39.76,3166804
1770206687923,4894.81,1382.93,97370112,46186496,41694392,39.76,3166804
1770206688023,4895.12,1383.07,97370112,46186496,41695864,39.76,3166804
1770206688124,4897.47,1384.67,97370112,46186496,41936520,39.99,3176336
1770206688225,4897.66,1384.80,97370112,46186496,41937992,40.00,3176336
1770206688325,4903.19,1386.66,97386496,46186496,42178216,40.22,3185868
1770206688427,4903.31,1386.73,97386496,46186496,42179688,40.23,3185868
1770206688528,4903.48,1386.85,97386496,46186496,42181160,40.23,3185868
1770206688629,4907.55,1389.10,97927168,51429376,40958992,39.06,3128008
1770206688729,4907.76,1389.22,97927168,51429376,40960464,39.06,3128008
1770206688831,4912.72,1390.87,97927168,51429376,41200680,39.29,3137540
1770206688931,4912.83,1390.94,97927168,51429376,41202152,39.29,3137540
1770206689032,4912.98,1391.05,97927168,51429376,41203624,39.29,3137540
1770206689133,4919.33,1392.55,97976320,51429376,41443768,39.52,3147072
1770206689234,4919.47,1392.64,97976320,51429376,41445240,39.53,3147072
1770206689336,4921.99,1394.07,97976320,51429376,41685192,39.75,3156604
1770206689437,4922.09,1394.13,97976320,51429376,41686664,39.76,3156604
1770206689537,4922.24,1394.23,97976320,51429376,41688136,39.76,3156604
1770206689638,4932.31,1396.01,97992704,51429376,41928088,39.99,3166136
1770206689738,4932.51,1396.10,97992704,51429376,41929560,39.99,3166136
1770206689840,4937.85,1397.83,97992704,51429376,42169384,40.22,3175668
1770206689940,4937.99,1397.91,97992704,51429376,42170856,40.22,3175668
1770206690041,4938.18,1398.01,97992704,51429376,42172328,40.22,3175668
1770206690143,4945.43,1399.88,97992704,51429376,42412184,40.45,3185200
1770206690244,4945.59,1400.00,97992704,51429376,42413656,40.45,3185200
1770206690344,4948.47,1401.75,98222080,51429376,42653472,40.68,3194732
1770206690445,4948.60,1401.84,98222080,51429376,42654968,40.68,3194732
1770206690546,4948.73,1401.94,98222080,51429376,42656440,40.68,3194732
1770206690646,4951.25,1403.68,98467840,51429376,42896328,40.91,3204264
1770206690748,4951.43,1403.81,98467840,51429376,42897824,40.91,3204264
1770206690849,4953.83,1405.72,98697216,51429376,43137768,41.14,3213796
1770206690950,4953.94,1405.80,98697216,51429376,43139264,41.14,3213796
1770206691050,4954.07,1405.89,98697216,51429376,43140736,41.14,3213796
1770206691151,4956.81,1407.62,98926592,51429376,43380544,41.37,3223328
1770206691252,4956.97,1407.70,98926592,51429376,43382040,41.37,3223328
1770206691353,4960.13,1409.79,99155968,51429376,43621880,41.60,3232860
1770206691454,4960.34,1409.92,99155968,51429376,43623376,41.60,3232860
1770206691555,4960.57,1410.06,99155968,51429376,43624848,41.60,3232860
1770206691656,4984.28,1412.75,99401728,51429376,43869920,41.84,3242392
1770206691758,4984.53,1412.90,99401728,51429376,43871416,41.84,3242392
1770206691859,4987.32,1414.75,99631104,51429376,44109280,42.07,3251924
1770206691960,4987.58,1414.90,99631104,51429376,44110776,42.07,3251924
1770206692062,4987.84,1415.06,99631104,51429376,44112248,42.07,3251924
1770206692163,5022.13,1417.30,99893248,51691520,44549912,42.49,3261456
1770206692263,5022.32,1417.40,99893248,51691520,44551408,42.49,3261456
1770206692364,5027.40,1419.29,100253696,51691520,41604480,39.68,3270988
1770206692465,5027.61,1419.42,100253696,51691520,41605984,39.68,3270988
1770206692566,5027.87,1419.57,100253696,51691520,41607464,39.68,3270988
1770206692667,5030.64,1421.28,100253696,51691520,41842368,39.90,3128676
1770206692769,5030.90,1421.44,100253696,51691520,41843848,39.91,3128676
1770206692870,5033.98,1423.27,100253696,51691520,42078688,40.13,3138208
1770206692971,5034.20,1423.39,100253696,51691520,42080168,40.13,3138208
1770206693072,5034.47,1423.54,100253696,51691520,42081648,40.13,3138208
1770206693174,5037.22,1425.27,100253696,51691520,42316576,40.36,3147740
1770206693274,5037.48,1425.44,100253696,51691520,42318056,40.36,3147740
1770206693375,5040.20,1427.17,100417536,51691520,42737944,40.76,3157274
1770206693477,5040.40,1427.29,100417536,51691520,42739448,40.76,3157274
1770206693577,5040.68,1427.46,100417536,51691520,42740928,40.76,3157274
1770206693678,5043.95,1429.36,100417536,51691520,42975864,40.98,3166808
1770206693780,5044.19,1429.50,100417536,51691520,42977368,40.99,3166808
1770206693881,5047.23,1431.40,100581376,51691520,43212240,41.21,3176342
1770206693981,5047.52,1431.57,100597760,51691520,43213744,41.21,3176342
1770206694082,5047.80,1431.75,100597760,51691520,43215224,41.21,3176342
1770206694183,5050.11,1433.33,100810752,51691520,43450216,41.44,3185876
1770206694285,5050.34,1433.44,100810752,51691520,43451720,41.44,3185876
1770206694385,5054.36,1435.35,101040128,51691520,43686880,41.66,3195410
1770206694487,5054.59,1435.49,101040128,51691520,43688384,41.66,3195410
1770206694588,5054.81,1435.64,101040128,51691520,43689864,41.67,3195410
1770206694690,5057.18,1437.63,101269504,51691520,43924736,41.89,3204944
1770206694790,5057.32,1437.73,101269504,51691520,43926240,41.89,3204944
1770206694891,5059.86,1439.18,101482496,51691520,44161192,42.12,3214478
1770206694993,5060.03,1439.29,101498880,51691520,44162696,42.12,3214478
1770206695092,5060.30,1439.46,101498880,51691520,44164176,42.12,3214478
1770206695193,5063.88,1441.21,101744640,51691520,44399088,42.34,3224012
1770206695294,5064.10,1441.35,101744640,51691520,44400592,42.34,3224012
1770206695396,5069.30,1443.43,102498304,52215808,42004360,40.06,3233546
1770206695496,5069.57,1443.60,102498304,52215808,42005864,40.06,3233546
1770206695598,5069.83,1443.78,102498304,52215808,42007344,40.06,3233546
1770206695699,5073.09,1445.71,102498304,52215808,42242264,40.29,3128010
1770206695800,5073.33,1445.84,102498304,52215808,42243768,40.29,3128010
1770206695900,5076.34,1447.72,102498304,52215808,42479280,40.51,3137544
1770206696000,5076.48,1447.81,102498304,52215808,42480784,40.51,3137544
1770206696101,5076.67,1447.95,102498304,52215808,42482264,40.51,3137544
1770206696202,5079.23,1449.73,102498304,52215808,42717184,40.74,3147078
1770206696303,5079.44,1449.86,102498304,52215808,42718688,40.74,3147078
1770206696405,5082.31,1451.66,102514688,52215808,42953616,40.96,3156612
1770206696505,5082.52,1451.82,102514688,52215808,42955120,40.97,3156612
1770206696606,5082.73,1451.93,102514688,52215808,42956600,40.97,3156612
1770206696708,5086.12,1453.97,102514688,52215808,43191536,41.19,3166146
1770206696808,5086.42,1454.14,102514688,52215808,43193040,41.19,3166146
1770206696910,5099.64,1456.17,102514688,52215808,43430392,41.42,3175680
1770206697011,5099.90,1456.34,102514688,52215808,43431896,41.42,3175680
1770206697112,5100.15,1456.47,102514688,52215808,43433376,41.42,3175680
1770206697213,5102.95,1458.32,102531072,52215808,43668304,41.65,3185214
1770206697315,5103.10,1458.42,102531072,52215808,43669808,41.65,3185214
1770206697415,5105.02,1459.83,102531072,52215808,43904680,41.87,3194748
1770206697517,5105.20,1459.92,102531072,52215808,43906184,41.87,3194748
1770206697617,5105.45,1460.09,102531072,52215808,43907664,41.87,3194748
1770206697718,5108.06,1461.97,102531072,52215808,44142560,42.10,3204282
1770206697820,5108.27,1462.09,102531072,52215808,44144064,42.10,3204282
1770206697920,5111.25,1463.88,102531072,52215808,44379104,42.32,3213816
1770206698022,5111.46,1464.04,102531072,52215808,44380608,42.32,3213816
1770206698126,5113.60,1465.30,102531072,52215808,44499384,42.44,3222681
1770206698228,5115.47,1465.97,102531072,52215808,44617112,42.55,3223350
1770206698329,5115.63,1466.09,102531072,52215808,44618616,42.55,3223350
1770206698429,5117.76,1467.51,102531072,52215808,44853376,42.78,3232884
1770206698531,5117.99,1467.64,102531072,52215808,44854880,42.78,3232884
1770206698630,5120.66,1469.55,102531072,52215808,45099040,43.01,3242418
1770206698731,5120.81,1469.63,102531072,52215808,45100544,43.01,3242418
1770206698832,5121.04,1469.77,102531072,52215808,45102024,43.01,3242418
1770206698933,5127.27,1472.11,102957056,52477952,42556008,40.58,3251952
1770206699034,5127.55,1472.26,102957056,52477952,42557512,40.59,3251952
1770206699134,5130.26,1473.88,102957056,52477952,42792392,40.81,3128010
1770206699235,5130.44,1473.96,102957056,52477952,42793872,40.81,3128010
1770206699336,5130.64,1474.10,102957056,52477952,42795352,40.81,3128010
1770206699438,5132.35,1475.75,102957056,52477952,43044048,41.05,3137544
1770206699538,5132.59,1475.91,102957056,52477952,43045528,41.05,3137544
1770206699640,5137.89,1477.64,102957056,52477952,43281624,41.28,3147078
1770206699740,5138.02,1477.73,102957056,52477952,43283104,41.28,3147078
1770206699840,5138.23,1477.86,102957056,52477952,43284584,41.28,3147078
1770206699941,5140.36,1479.58,102957056,52477952,43519296,41.50,3156612
1770206700042,5140.47,1479.65,102957056,52477952,43520776,41.50,3156612
1770206700142,5142.99,1481.55,102957056,52477952,43755472,41.73,3166146
1770206700243,5143.11,1481.61,102957056,52477952,43756952,41.73,3166146
1770206700344,5143.33,1481.76,102957056,52477952,43758432,41.73,3166146
1770206700446,5146.08,1483.61,102957056,52477952,44016160,41.98,3175680
1770206700546,5146.30,1483.77,102957056,52477952,44017640,41.98,3175680
1770206700647,5149.20,1485.51,102957056,52477952,44252336,42.20,3185214
1770206700749,5149.39,1485.58,102957056,52477952,44253816,42.20,3185214
1770206700849,5149.62,1485.72,102957056,52477952,44255296,42.21,3185214
1770206700950,5152.84,1487.82,102973440,52477952,44490016,42.43,3194748
1770206701050,5153.06,1487.93,102973440,52477952,44491496,42.43,3194748
1770206701151,5155.39,1489.62,102973440,52477952,44726240,42.65,3204282
1770206701252,5155.55,1489.71,102973440,52477952,44727720,42.66,3204282
1770206701353,5155.81,1489.87,102973440,52477952,44729200,42.66,3204282
1770206701454,5158.44,1491.57,102973440,52477952,44963896,42.88,3213816
1770206701556,5158.70,1491.73,102973440,52477952,44965376,42.88,3213816
1770206701657,5161.77,1493.63,102973440,52477952,45200096,43.11,3223350
1770206701757,5161.98,1493.73,102973440,52477952,45201576,43.11,3223350
1770206701858,5162.25,1493.90,102973440,52477952,45203056,43.11,3223350
1770206701960,5164.85,1495.62,102973440,52477952,45437864,43.33,3232884
1770206702060,5165.13,1495.79,102973440,52477952,45477912,43.37,3232884
1770206702162,5170.22,1498.13,103546880,53788672,43071592,41.08,3242418
1770206702262,5170.41,1498.21,103546880,53788672,43073072,41.08,3242418
1770206702364,5170.68,1498.37,103546880,53788672,43074552,41.08,3242418
1770206702464,5174.21,1500.55,103563264,53788672,43309552,41.30,3128010
1770206702566,5174.43,1500.69,103563264,53788672,43311032,41.30,3128010
1770206702666,5180.68,1502.74,103579648,53788672,43545832,41.53,3137544
1770206702767,5180.90,1502.84,103579648,53788672,43547312,41.53,3137544
1770206702869,5181.17,1502.99,103579648,53788672,43548792,41.53,3137544
1770206702969,5184.10,1504.89,103579648,53788672,43783528,41.76,3147078
1770206703071,5184.36,1505.05,103579648,53788672,43785008,41.76,3147078
1770206703171,5187.15,1507.00,103579648,53788672,44019752,41.98,3156612
1770206703272,5187.35,1507.11,103579648,53788672,44021232,41.98,3156612
1770206703373,5187.61,1507.25,103579648,53788672,44022712,41.98,3156612
1770206703475,5190.51,1509.02,103579648,53788672,44257488,42.21,3166146
1770206703575,5190.78,1509.17,103579648,53788672,44258968,42.21,3166146
1770206703676,5193.40,1510.97,103596032,53788672,44493720,42.43,3175680
1770206703778,5193.70,1511.13,103596032,53788672,44495200,42.43,3175680
1770206703878,5194.05,1511.35,103596032,53788672,44496680,42.44,3175680
1770206703980,5196.99,1513.68,103596032,53788672,44731440,42.66,3185214
1770206704080,5197.23,1513.86,103596032,53788672,44732920,42.66,3185214
1770206704181,5200.33,1515.84,103596032,53788672,44967672,42.88,3194748
1770206704282,5200.52,1515.97,103596032,53788672,44969152,42.89,3194748
1770206704383,5200.67,1516.08,103596032,53788672,44970632,42.89,3194748
1770206704485,5202.51,1517.72,103596032,53788672,45205376,43.11,3204282
1770206704585,5202.66,1517.83,103596032,53788672,45206856,43.11,3204282
1770206704686,5208.77,1519.35,103596032,53788672,45472184,43.37,3213816
1770206704788,5208.87,1519.40,103596032,53788672,45473664,43.37,3213816
1770206704889,5209.05,1519.47,103596032,53788672,45475144,43.37,3213816
1770206704991,5212.98,1521.19,103596032,53788672,45709600,43.59,3223350
1770206705091,5213.19,1521.35,103596032,53788672,45711080,43.59,3223350
1770206705193,5215.81,1523.10,103596032,53788672,45945728,43.82,3232884
1770206705293,5216.07,1523.25,103596032,53788672,45947208,43.82,3232884
1770206705394,5216.32,1523.39,103596032,53788672,45948688,43.82,3232884
1770206705495,5219.48,1525.27,103596032,53788672,46183184,44.04,3242418
1770206705596,5219.74,1525.42,103596032,53788672,46184664,44.05,3242418
1770206705697,5224.92,1527.51,104038400,53788672,43535264,41.52,3251952
1770206705799,5225.13,1527.62,104038400,53788672,43536744,41.52,3251952
1770206705898,5225.40,1527.78,104038400,53788672,43538224,41.52,3251952
1770206705999,5228.30,1529.61,104038400,53788672,43773048,41.75,3128010
1770206706101,5228.57,1529.78,104038400,53788672,43774528,41.75,3128010
1770206706201,5230.24,1530.97,104038400,53788672,44009016,41.97,3137544
1770206706302,5230.34,1531.03,104038400,53788672,44010496,41.97,3137544
1770206706403,5230.45,1531.09,104038400,53788672,44011976,41.97,3137544
1770206706505,5236.24,1532.66,104038400,53788672,44247168,42.20,3147078
1770206706606,5236.36,1532.76,104038400,53788672,44248648,42.20,3147078
1770206706706,5238.19,1534.33,104038400,53788672,44547152,42.48,3156612
1770206706808,5238.38,1534.45,104038400,53788672,44548632,42.48,3156612
1770206706908,5238.83,1534.80,104038400,53788672,44550112,42.49,3156612
1770206707008,5240.93,1536.19,104038400,53788672,44784528,42.71,3166146
1770206707110,5241.26,1536.39,104038400,53788672,44786008,42.71,3166146
1770206707210,5248.90,1538.73,104038400,53788672,45020632,42.94,3175680
1770206707312,5249.15,1538.87,104038400,53788672,45022112,42.94,3175680
1770206707412,5249.41,1539.07,104038400,53788672,45023592,42.94,3175680
1770206707513,5252.98,1541.31,104038400,53788672,45258096,43.16,3185214
1770206707614,5253.22,1541.45,104038400,53788672,45259576,43.16,3185214
1770206707716,5254.28,1542.15,104038400,53788672,45494656,43.39,3194748
1770206707817,5254.40,1542.21,104038400,53788672,45496136,43.39,3194748
1770206707917,5254.54,1542.30,104038400,53788672,45497616,43.39,3194748
1770206708018,5256.88,1543.86,104054784,53788672,45732128,43.61,3204282
1770206708118,5256.99,1543.93,104054784,53788672,45733608,43.61,3204282
1770206708219,5258.91,1545.44,104054784,53788672,45968144,43.84,3213816
1770206708320,5259.05,1545.51,104054784,53788672,45969624,43.84,3213816
1770206708421,5259.18,1545.59,104054784,53788672,45971104,43.84,3213816
1770206708522,5264.03,1546.98,104054784,53788672,46205648,44.07,3223350
1770206708622,5264.16,1547.08,104054784,53788672,46207128,44.07,3223350
1770206708723,5270.57,1548.77,104054784,53788672,46444208,44.29,3232884
1770206708825,5270.73,1548.84,104054784,53788672,46445688,44.29,3232884
1770206708925,5270.99,1549.00,104054784,53788672,46447168,44.30,3232884
1770206709025,5273.93,1551.10,104087552,53788672,46681680,44.52,3242418
1770206709126,5274.13,1551.25,104087552,53788672,46683160,44.52,3242418
1770206709227,5331.07,1555.74,105250816,62439424,39345856,37.52,3118476
1770206709328,5331.25,1555.81,105250816,62439424,39566104,37.73,3118476
1770206709429,5331.52,1555.95,105250816,62439424,39567584,37.73,3118476
1770206709531,5348.83,1557.90,105267200,62439424,39982192,38.13,3118478
1770206709632,5349.02,1558.02,105267200,62439424,39983696,38.13,3118478
1770206709734,5350.95,1559.60,105267200,62439424,40224040,38.36,3128012
1770206709835,5351.11,1559.70,105267200,62439424,40225544,38.36,3128012
1770206709935,5351.26,1559.81,105267200,62439424,40227024,38.36,3128012
1770206710035,5353.46,1561.06,105267200,62439424,40467800,38.59,3137546
1770206710136,5353.59,1561.13,105267200,62439424,40469304,38.59,3137546
1770206710237,5356.14,1562.83,105267200,62439424,40710096,38.82,3147080
1770206710338,5356.30,1562.94,105267200,62439424,40711600,38.83,3147080
1770206710440,5356.51,1563.06,105267200,62439424,40713080,38.83,3147080
1770206710540,5358.77,1564.63,105267200,62439424,40953896,39.06,3156614
1770206710641,5358.99,1564.74,105267200,62439424,40955400,39.06,3156614
1770206710742,5361.40,1566.37,105267200,62439424,41196168,39.29,3166148
1770206710842,5361.58,1566.50,105267200,62439424,41197672,39.29,3166148
1770206710943,5361.69,1566.56,105267200,62439424,41199152,39.29,3166148
1770206711043,5365.92,1568.12,105267200,62439424,41440176,39.52,3175682
1770206711144,5366.07,1568.22,105267200,62439424,41441680,39.52,3175682
1770206711245,5368.24,1569.43,105267200,62439424,41682632,39.75,3185216
1770206711347,5368.47,1569.57,105267200,62439424,41684136,39.75,3185216
1770206711449,5370.37,1570.81,105267200,62439424,41805864,39.87,3194081
1770206711551,5372.90,1571.57,105267200,62439424,41926544,39.98,3194750
1770206711651,5373.13,1571.66,105267200,62439424,41928048,39.99,3194750
1770206711751,5377.17,1573.32,105267200,62439424,42168856,40.22,3204284
1770206711852,5377.42,1573.45,105267200,62439424,42170360,40.22,3204284
1770206711952,5380.92,1574.42,105267200,62439424,42292296,40.33,3213149
1770206712054,5382.56,1575.05,105267200,62439424,42412808,40.45,3213818
1770206712153,5382.82,1575.17,105267200,62439424,42414312,40.45,3213818
1770206712254,5385.19,1576.80,105267200,62439424,42655192,40.68,3223352
1770206712355,5385.45,1576.91,105267200,62439424,42656696,40.68,3223352
1770206712457,5389.13,1578.25,105267200,62439424,42778704,40.80,3232217
1770206712557,5394.57,1579.27,105267200,62439424,42899360,40.91,3232886
1770206712659,5394.95,1579.62,105267200,62439424,42900864,40.91,3232886
1770206712760,5397.62,1581.31,105267200,62439424,43142208,41.14,3242420
1770206712862,5397.79,1581.41,105267200,62439424,43143712,41.15,3242420
1770206712961,5400.27,1583.11,105267200,62439424,43384496,41.37,3251954
1770206713063,5400.41,1583.19,105267200,62439424,43386000,41.38,3251954
1770206713162,5400.62,1583.31,105267200,62439424,43387480,41.38,3251954
1770206713264,5403.71,1585.16,105365504,62439424,43628368,41.61,3261488
1770206713364,5403.91,1585.28,105365504,62439424,43629872,41.61,3261488
1770206713464,5406.04,1586.51,105480192,62439424,43751600,41.72,3270353
1770206713566,5407.03,1587.20,105594880,62439424,43872136,41.84,3271022
1770206713667,5407.27,1587.33,105594880,62439424,43873640,41.84,3271022
1770206713769,5410.14,1589.19,105824256,62439424,44114480,42.07,3280556
1770206713869,5410.35,1589.30,105824256,62439424,44115984,42.07,3280556
1770206713969,5412.91,1591.00,106053632,62439424,44356768,42.30,3290090
1770206714070,5413.01,1591.07,106053632,62439424,44358272,42.30,3290090
1770206714171,5413.16,1591.18,106053632,62439424,44359752,42.30,3290090
1770206714273,5415.00,1592.75,106283008,62439424,44601176,42.53,3299624
1770206714374,5415.15,1592.85,106283008,62439424,44602680,42.54,3299624
1770206714475,5418.06,1594.76,106512384,62439424,44843440,42.77,3309158
1770206714575,5418.15,1594.81,106512384,62439424,44844944,42.77,3309158
1770206714675,5418.27,1594.89,106512384,62439424,44846424,42.77,3309158
1770206714777,5421.18,1596.68,106741760,62439424,45086816,43.00,3318692
1770206714878,5421.30,1596.78,106741760,62439424,45088320,43.00,3318692
1770206714978,5423.76,1598.44,106971136,62439424,45328768,43.23,3328226
1770206715079,5423.86,1598.51,106987520,62439424,45330272,43.23,3328226
1770206715180,5423.99,1598.60,106987520,62439424,45331752,43.23,3328226
1770206715281,5433.64,1600.35,107233280,62439424,45572336,43.46,3337760
1770206715382,5433.74,1600.40,107233280,62439424,45573840,43.46,3337760
1770206715482,5435.42,1601.76,107462656,62439424,45811528,43.69,3347294
1770206715583,5435.53,1601.83,107462656,62439424,45813032,43.69,3347294
1770206715685,5435.64,1601.90,107462656,62439424,45814512,43.69,3347294
1770206715785,5437.87,1603.55,107692032,62439424,46052208,43.92,3356828
1770206715887,5438.03,1603.62,107692032,62439424,46053712,43.92,3356828
1770206715987,5440.45,1605.36,107921408,62439424,46291456,44.15,3366362
1770206716087,5440.58,1605.42,107921408,62439424,46292960,44.15,3366362
1770206716188,5440.81,1605.55,107921408,62439424,46294440,44.15,3366362
1770206716290,5443.53,1607.30,108150784,62439424,46532176,44.38,3375896
1770206716390,5443.77,1607.43,108150784,62439424,46533680,44.38,3375896
1770206716491,5446.36,1609.31,108380160,62439424,46771384,44.60,3385430
1770206716592,5446.47,1609.39,108380160,62439424,46772888,44.61,3385430
1770206716694,5446.61,1609.50,108380160,62439424,46774368,44.61,3385430
1770206716794,5452.88,1611.35,108609536,62439424,47012760,44.83,3394964
1770206716896,5453.19,1611.47,108609536,62439424,47014264,44.84,3394964
1770206716996,5470.82,1613.35,108855296,62439424,47257616,45.07,3404498
1770206717097,5470.97,1613.46,108855296,62439424,47259088,45.07,3404498
1770206717198,5471.14,1613.58,108855296,62439424,47260536,45.07,3404498
1770206717298,5473.96,1615.50,109084672,62439424,47498224,45.30,3414032
1770206717400,5474.12,1615.61,109084672,62439424,47499696,45.30,3414032
1770206717500,5480.28,1617.78,109314048,62439424,40964320,39.07,3423566
1770206717601,5480.45,1617.87,109314048,62439424,40965792,39.07,3423566
1770206717702,5480.67,1617.97,109314048,62439424,40967240,39.07,3423566
1770206717803,5483.62,1619.74,109314048,62439424,41210232,39.30,3128012
1770206717905,5483.82,1619.86,109314048,62439424,41211680,39.30,3128012
1770206718005,5486.70,1621.65,109314048,62439424,41452120,39.53,3137546
1770206718106,5486.82,1621.72,109314048,62439424,41453568,39.53,3137546
1770206718208,5487.02,1621.85,109314048,62439424,41455016,39.53,3137546
1770206718309,5493.43,1623.59,109314048,62439424,41701736,39.77,3147080
1770206718409,5493.63,1623.75,109314048,62439424,41703208,39.77,3147080
1770206718510,5503.33,1625.75,109314048,62439424,41952816,40.01,3156614
1770206718611,5503.47,1625.83,109314048,62439424,41954264,40.01,3156614
1770206718711,5503.69,1625.95,109314048,62439424,41955712,40.01,3156614
1770206718813,5506.39,1627.67,109314048,62439424,42196048,40.24,3166148
1770206718914,5506.64,1627.80,109314048,62439424,42197520,40.24,3166148
1770206719015,5509.29,1629.47,109314048,62439424,42438696,40.47,3175682
1770206719116,5509.43,1629.57,109314048,62439424,42440144,40.47,3175682
1770206719217,5509.56,1629.66,109314048,62439424,42441592,40.48,3175682
1770206719318,5515.39,1631.48,109314048,62439424,42684136,40.71,3185216
1770206719419,5515.58,1631.58,109314048,62439424,42685584,40.71,3185216
1770206719520,5523.32,1633.50,109314048,62439424,42932288,40.94,3194750
1770206719621,5523.43,1633.57,109314048,62439424,42933736,40.94,3194750
1770206719723,5523.57,1633.67,109314048,62439424,42935184,40.95,3194750
1770206719824,5535.53,1635.56,109330432,62439424,43182504,41.18,3204284
1770206719923,5535.69,1635.70,109330432,62439424,43183952,41.18,3204284
1770206720023,5546.18,1637.47,109330432,62439424,43437944,41.43,3213818
1770206720124,5546.34,1637.56,109330432,62439424,43439392,41.43,3213818
1770206720225,5546.59,1637.70,109330432,62439424,43440840,41.43,3213818
1770206720325,5549.46,1639.35,109330432,62439424,43678112,41.65,3223352
1770206720426,5549.71,1639.47,109330432,62439424,43679560,41.66,3223352
1770206720527,5552.30,1641.20,109412352,62439424,43926032,41.89,3232886
1770206720628,5552.46,1641.30,109412352,62439424,43927480,41.89,3232886
1770206720730,5552.69,1641.39,109412352,62439424,43928928,41.89,3232886
1770206720830,5555.22,1643.15,109641728,62439424,44166288,42.12,3242420
1770206720930,5555.38,1643.22,109641728,62439424,44167736,42.12,3242420
1770206721031,5565.14,1645.31,109871104,62439424,44417848,42.36,3251954
1770206721133,5565.33,1645.42,109871104,62439424,44419296,42.36,3251954
1770206721233,5565.58,1645.56,109871104,62439424,44420744,42.36,3251954
1770206721335,5568.07,1647.40,110100480,62439424,44660728,42.59,3261488
1770206721435,5568.25,1647.49,110100480,62439424,44662176,42.59,3261488
1770206721537,5572.73,1649.33,110329856,62439424,44909552,42.83,3271022
1770206721638,5572.84,1649.41,110329856,62439424,44911000,42.83,3271022
1770206721738,5573.04,1649.54,110329856,62439424,44912448,42.83,3271022
1770206721838,5577.19,1651.95,110559232,62439424,45149048,43.06,3280556
1770206721939,5577.39,1652.05,110559232,62439424,45150504,43.06,3280556
1770206722040,5579.70,1654.38,110788608,62439424,45389936,43.29,3290090
1770206722141,5579.83,1654.49,110788608,62439424,45391384,43.29,3290090
1770206722243,5579.95,1654.60,110788608,62439424,45392832,43.29,3290090
1770206722343,5583.36,1656.35,111017984,62439424,45632376,43.52,3299624
1770206722445,5583.50,1656.44,111017984,62439424,45633824,43.52,3299624
1770206722545,5586.31,1658.28,111247360,62439424,45873344,43.75,3309158
1770206722647,5586.48,1658.38,111247360,62439424,45874792,43.75,3309158
1770206722747,5586.74,1658.53,111247360,62439424,45876240,43.75,3309158
1770206722848,5589.64,1660.47,111476736,62439424,46115624,43.98,3318692
1770206722949,5589.85,1660.62,111476736,62439424,46117072,43.98,3318692
1770206723051,5602.29,1662.37,111722496,62439424,46367888,44.22,3328226
1770206723151,5602.41,1662.44,111722496,62439424,46369336,44.22,3328226
1770206723252,5602.53,1662.53,111722496,62439424,46370784,44.22,3328226
1770206723353,5604.36,1664.09,111951872,62439424,46606152,44.45,3337760
1770206723454,5604.59,1664.26,111951872,62439424,46607600,44.45,3337760
1770206723555,5606.83,1666.05,112164864,62439424,46845864,44.68,3347294
1770206723656,5606.96,1666.13,112164864,62439424,46847312,44.68,3347294
1770206723758,5607.15,1666.25,112164864,62439424,46848760,44.68,3347294
1770206723858,5611.45,1668.34,112394240,62439424,47092776,44.91,3356828
1770206723960,5611.68,1668.49,112394240,62439424,47094224,44.91,3356828
1770206724061,5614.26,1670.31,112623616,62439424,47329616,45.14,3366362
1770206724162,5614.49,1670.46,112623616,62439424,47331064,45.14,3366362
1770206724263,5614.71,1670.59,112623616,62439424,47332512,45.14,3366362
1770206724364,5617.17,1672.47,112852992,62439424,47570216,45.37,3375896
1770206724465,5617.41,1672.62,112852992,62439424,47571664,45.37,3375896
1770206724566,5620.11,1674.53,113065984,62439424,47810656,45.60,3385430
1770206724667,5620.35,1674.65,113065984,62439424,47812104,45.60,3385430
1770206724768,5620.60,1674.82,113082368,62439424,47813552,45.60,3385430
1770206724869,5629.01,1680.81,99008512,48021504,42076840,40.13,3394964
1770206724970,5629.26,1680.96,99008512,48021504,42078280,40.13,3394964
1770206725072,5650.51,1682.67,99024896,48021504,42331720,40.37,3128681
1770206725173,5650.68,1682.79,99024896,48021504,42333184,40.37,3128681
1770206725275,5650.92,1682.90,99024896,48021504,42334624,40.37,3128681
1770206725375,5653.35,1684.60,99024896,48021504,42571272,40.60,3138215
1770206725476,5653.48,1684.70,99024896,48021504,42572736,40.60,3138215
1770206725578,5655.73,1686.39,99024896,48021504,42808352,40.83,3147749
1770206725678,5655.92,1686.50,99024896,48021504,42809816,40.83,3147749
1770206725779,5656.13,1686.63,99024896,48021504,42811256,40.83,3147749
1770206725880,5657.04,1687.27,99024896,48021504,43068808,41.07,3157287
1770206725981,5657.12,1687.31,99024896,48021504,43070272,41.08,3157287
1770206726082,5660.02,1688.13,99794944,55099392,42238168,40.28,3166821
1770206726183,5660.12,1688.17,99794944,55099392,42239632,40.28,3166821
1770206726285,5660.23,1688.23,99794944,55099392,42241072,40.28,3166821
1770206726385,5662.24,1690.25,100024320,55099392,42474496,40.51,3129354
1770206726486,5662.36,1690.33,100024320,55099392,42475968,40.51,3129354
1770206726586,5665.14,1692.20,100237312,55099392,42712008,40.73,3138888
1770206726688,5665.45,1692.38,100237312,55099392,42713480,40.73,3138888
1770206726789,5665.76,1692.62,100237312,55099392,42714928,40.74,3138888
1770206726890,5667.90,1694.47,100466688,55099392,42950592,40.96,3148422
1770206726990,5668.04,1694.57,100466688,55099392,42952064,40.96,3148422
1770206727092,5670.25,1696.06,100696064,55099392,43187704,41.19,3157956
1770206727192,5670.40,1696.17,100696064,55099392,43189176,41.19,3157956
1770206727293,5670.61,1696.30,100696064,55099392,43190624,41.19,3157956
1770206727394,5673.04,1698.05,100925440,55099392,43426400,41.41,3167490
1770206727495,5673.25,1698.19,100925440,55099392,43427872,41.42,3167490
1770206727614,5812.28,1712.48,151060480,100368384,68074824,64.92,3119151
1770206727713,6054.53,1723.01,178290688,127811584,103793248,98.98,3110286
1770206727814,6239.20,1727.04,181698560,131481600,104492264,99.65,3119820
1770206727915,6239.26,1727.08,181698560,131481600,104493768,99.65,3119820
1770206728016,6239.41,1727.14,181698560,131481600,104495248,99.65,3119820
1770206728117,6242.95,1729.32,181698560,131481600,104728624,99.88,3129354
1770206728218,6243.27,1729.48,181698560,131481600,104730128,99.88,3129354
1770206728319,6246.65,1731.56,181698560,131481600,104963344,100.10,3138888
1770206728420,6246.74,1731.63,181698560,131481600,104964848,100.10,3138888
1770206728520,6246.85,1731.69,181698560,131481600,104966328,100.10,3138888
1770206728621,6249.55,1733.41,181403648,131481600,105199560,100.33,3148422
1770206728722,6249.67,1733.48,181403648,131481600,105201064,100.33,3148422
1770206728823,6252.08,1735.22,181403648,131481600,105434400,100.55,3157956
1770206728923,6252.23,1735.29,181403648,131481600,105435904,100.55,3157956
1770206729024,6252.44,1735.42,181403648,131481600,105437384,100.55,3157956
1770206729126,6260.96,1737.56,181403648,131481600,105673696,100.78,3167490
1770206729227,6261.21,1737.73,181403648,131481600,105675200,100.78,3167490
1770206729328,6264.39,1739.63,181403648,131481600,105908512,101.00,3177024
1770206729428,6264.70,1739.79,181403648,131481600,105910016,101.00,3177024
1770206729529,6264.94,1739.93,181403648,131481600,105911496,101.01,3177024
1770206729631,6279.52,1741.84,181420032,131481600,106145240,101.23,3186558
1770206729732,6279.73,1741.98,181420032,131481600,106146744,101.23,3186558
1770206729833,6282.57,1744.18,181420032,131481600,106379672,101.45,3196092
1770206729934,6282.74,1744.27,181420032,131481600,106381176,101.45,3196092
1770206730036,6282.99,1744.45,181420032,131481600,106382656,101.45,3196092
1770206730136,6286.01,1746.64,181436416,131481600,106615536,101.68,3205626
1770206730238,6286.20,1746.77,181436416,131481600,106617040,101.68,3205626
1770206730338,6291.24,1748.31,181436416,131481600,106849912,101.90,3215160
1770206730439,6291.33,1748.36,181436416,131481600,106851416,101.90,3215160
1770206730540,6291.47,1748.47,181436416,131481600,106852896,101.90,3215160
1770206730641,6300.60,1750.58,181452800,131481600,107086512,102.13,3224694
1770206730742,6300.76,1750.68,181452800,131481600,107088016,102.13,3224694
1770206730843,6303.22,1752.26,181452800,131481600,107319616,102.35,3234228
1770206730945,6303.44,1752.42,181452800,131481600,107321120,102.35,3234228
1770206731046,6303.56,1752.53,181452800,131481600,107322600,102.35,3234228
1770206731147,6304.53,1753.29,181452800,131481600,107553920,102.57,3243762
1770206731248,6304.64,1753.35,181452800,131481600,107555424,102.57,3243762
1770206731349,6305.44,1754.08,181452800,131481600,107786856,102.79,3253296
1770206731451,6305.52,1754.12,181452800,131481600,107788360,102.79,3253296
1770206731552,6305.64,1754.19,181452800,131481600,107789840,102.80,3253296
1770206731652,6307.48,1755.73,181452800,131481600,108021352,103.02,3262830
1770206731753,6307.62,1755.81,181452800,131481600,108022856,103.02,3262830
1770206731854,6309.50,1757.28,181452800,131481600,108254176,103.24,3272364
1770206731955,6309.62,1757.37,181452800,131481600,108255680,103.24,3272364
1770206732056,6309.72,1757.43,181452800,131481600,108257160,103.24,3272364
1770206732157,6311.72,1758.99,181452800,131481600,108695216,103.66,3281898
1770206732258,6311.88,1759.12,181452800,131481600,108696720,103.66,3281898
1770206732360,6313.73,1761.10,181452800,131481600,108927960,103.88,3291432
1770206732460,6313.87,1761.24,181452800,131481600,108929464,103.88,3291432
1770206732561,6313.96,1761.29,181452800,131481600,108930944,103.88,3291432
1770206732661,6318.42,1763.28,181600256,132268032,95681096,91.25,3300966
1770206732762,6318.54,1763.36,181600256,132268032,95682584,91.25,3300966
1770206732863,6321.23,1764.97,181616640,132268032,95913928,91.47,3129354
1770206732964,6321.49,1765.13,181616640,132268032,95915392,91.47,3129354
1770206733065,6321.73,1765.29,181616640,132268032,95916856,91.47,3129354
1770206733166,6327.23,1767.18,181616640,132268032,96149072,91.69,3138888
1770206733267,6327.35,1767.25,181616640,132268032,96150536,91.70,3138888
1770206733368,6329.55,1769.05,181633024,132268032,96381808,91.92,3148422
1770206733468,6329.66,1769.12,181633024,132268032,96383272,91.92,3148422
1770206733569,6329.82,1769.20,181633024,132268032,96384736,91.92,3148422
1770206733671,6332.26,1770.97,181633024,132268032,96616064,92.14,3157956
1770206733771,6332.45,1771.08,181633024,132268032,96617528,92.14,3157956
1770206733872,6334.40,1772.58,181633024,132268032,96848800,92.36,3167490
1770206733973,6334.52,1772.67,181633024,132268032,96850264,92.36,3167490
1770206734074,6334.67,1772.79,181633024,132268032,96851728,92.37,3167490
1770206734174,6336.57,1774.16,181633024,132268032,97082976,92.59,3177024
1770206734275,6336.72,1774.23,181633024,132268032,97084440,92.59,3177024
1770206734376,6339.38,1776.14,181633024,132268032,97315712,92.81,3186558
1770206734477,6339.48,1776.22,181633024,132268032,97317176,92.81,3186558
1770206734578,6339.64,1776.33,181633024,132268032,97318640,92.81,3186558
1770206734679,6340.76,1777.02,181633024,132268032,97549920,93.03,3196092
1770206734780,6340.92,1777.11,181633024,132268032,97551384,93.03,3196092
1770206734882,6342.39,1778.42,181633024,132268032,97782720,93.25,3205626
1770206734983,6342.51,1778.52,181633024,132268032,97784184,93.25,3205626
1770206735083,6342.62,1778.58,181633024,132268032,97785648,93.26,3205626
1770206735184,6344.37,1780.12,181649408,132268032,98017328,93.48,3215160
1770206735285,6344.51,1780.21,181649408,132268032,98018792,93.48,3215160
1770206735386,6346.40,1781.62,181649408,132268032,98250088,93.70,3224694
1770206735486,6346.67,1781.87,181649408,132268032,98251552,93.70,3224694
1770206735587,6346.84,1781.98,181649408,132268032,98253016,93.70,3224694
1770206735689,6351.15,1783.92,181665792,132268032,98484912,93.92,3234228
1770206735790,6411.62,1794.51,120832000,70828032,39551768,37.72,3108944
1770206735890,6415.27,1796.17,120848384,70828032,40083160,38.23,3118478
1770206735991,6415.50,1796.34,120848384,70828032,40084632,38.23,3118478
1770206736092,6415.67,1796.46,120864768,70828032,40086080,38.23,3118478
1770206736194,6417.69,1797.87,120864768,70828032,40336808,38.47,3128012
1770206736294,6417.82,1797.97,120864768,70828032,40338280,38.47,3128012
1770206736395,6460.77,1805.30,93765632,43827200,39336136,37.51,3118478
1770206736497,6460.85,1805.34,93765632,43827200,39337648,37.52,3118478
1770206736597,6460.93,1805.40,93765632,43827200,39339088,37.52,3118478
1770206736698,6462.21,1806.53,94011392,43827200,39589376,37.76,3128012
1770206736799,6462.40,1806.70,94011392,43827200,39590840,37.76,3128012
1770206736901,6466.11,1808.98,94584832,46972928,39156792,37.34,3137546
1770206737002,6537.83,1812.80,94191616,43302912,39002184,37.20,3108944
1770206737104,6540.59,1813.93,94224384,43302912,39239096,37.42,3117809
1770206737206,6541.61,1814.63,94224384,43302912,39364352,37.54,3118478
1770206737307,6541.84,1814.78,94224384,43302912,39365816,37.54,3118478
1770206737408,6544.78,1816.19,94224384,43302912,39729816,37.89,3128012
1770206737510,6544.90,1816.26,94224384,43302912,39731280,37.89,3128012
1770206737609,6548.31,1818.36,94322688,43302912,39981584,38.13,3137546
1770206737710,6548.43,1818.44,94322688,43302912,39983048,38.13,3137546
1770206737812,6548.59,1818.55,94322688,43302912,39984488,38.13,3137546
1770206737912,6551.79,1820.29,94765056,44351488,39343752,37.52,3119820
1770206738013,6551.97,1820.38,94765056,44351488,39345216,37.52,3119820
1770206738114,6561.54,1822.10,95027200,44351488,39595896,37.76,3129354
1770206738214,6565.22,1822.27,95043584,44351488,39599384,37.76,3129354
1770206738315,6565.47,1822.41,95043584,44351488,39600824,37.77,3129354
1770206738415,6568.85,1824.40,95289344,44351488,39850608,38.00,3138888
1770206738517,6569.12,1824.55,95289344,44351488,39852072,38.01,3138888
1770206738617,6573.39,1826.56,95502336,44351488,39336104,37.51,3148422
1770206738718,6573.52,1826.63,95502336,44351488,39337568,37.52,3148422
1770206738819,6573.75,1826.71,95502336,44351488,39339008,37.52,3148422
1770206738920,6576.82,1828.02,95502336,44351488,39589104,37.76,3128681
1770206739021,6576.94,1828.08,95502336,44351488,39590568,37.76,3128681
1770206739122,6578.50,1829.01,95502336,44351488,39840160,37.99,3138215
1770206739223,6578.60,1829.06,95502336,44351488,39841624,38.00,3138215
1770206739324,6578.74,1829.12,95502336,44351488,39843064,38.00,3138215
1770206739425,6581.84,1830.79,95502336,44351488,39412008,37.59,3147749
1770206739526,6582.12,1830.92,95502336,44351488,39413472,37.59,3147749
1770206739627,6585.11,1832.77,95502336,44351488,39663104,37.83,3128012
1770206739728,6585.39,1832.87,95502336,44351488,39664544,37.83,3128012
1770206739830,6585.80,1833.08,95502336,44351488,39665984,37.83,3128012
1770206739930,6592.74,1834.98,95502336,44351488,39923880,38.07,3137546
1770206740031,6592.90,1835.10,95502336,44351488,39925320,38.08,3137546
1770206740132,6595.81,1836.75,95502336,44351488,39510608,37.68,3147080
1770206740234,6595.92,1836.83,95502336,44351488,39512072,37.68,3147080
1770206740334,6596.05,1836.91,95502336,44351488,39513512,37.68,3147080
1770206740436,6604.20,1838.80,95502336,44351488,39772432,37.93,3128012
1770206740536,6604.30,1838.86,95502336,44351488,39773872,37.93,3128012
1770206740638,6607.80,1840.61,95502336,44351488,40023456,38.17,3137546
1770206740737,6608.15,1840.86,95502336,44351488,40024896,38.17,3137546
1770206740838,6608.35,1841.00,95502336,44351488,40026336,38.17,3137546
1770206740939,6614.08,1842.94,95502336,44351488,40281576,38.42,3147080
1770206741040,6614.25,1843.04,95502336,44351488,40283016,38.42,3147080
1770206741140,6617.64,1845.08,95502336,44351488,39771728,37.93,3156614
1770206741240,6617.84,1845.19,95502336,44351488,39773192,37.93,3156614
1770206741341,6618.02,1845.31,95502336,44351488,39774632,37.93,3156614
1770206741442,6619.85,1846.80,95502336,44351488,40023560,38.17,3128681
1770206741542,6620.01,1846.88,95502336,44351488,40027408,38.17,3128681
1770206741642,6621.99,1848.28,95502336,44351488,40278480,38.41,3138215
1770206741743,6622.13,1848.35,95502336,44351488,40279920,38.41,3138215
1770206741844,6622.33,1848.45,95502336,44351488,40281360,38.42,3138215
1770206741945,6627.02,1850.60,95633408,46448640,39781672,37.94,3147749
1770206742046,6627.26,1850.74,95633408,46448640,39783112,37.94,3147749
1770206742147,6633.48,1851.81,95633408,46448640,40044976,38.19,3128012
1770206742248,6633.62,1851.88,95633408,46448640,40046416,38.19,3128012
1770206742350,6633.80,1852.00,95633408,46448640,40047856,38.19,3128012
1770206742451,6636.77,1853.62,95633408,46448640,40296984,38.43,3137546
1770206742551,6636.92,1853.71,95633408,46448640,40298424,38.43,3137546
1770206742652,6639.43,1855.47,95633408,46448640,40549552,38.67,3147080
1770206742753,6639.59,1855.57,95633408,46448640,40550992,38.67,3147080
1770206742854,6639.73,1855.65,95633408,46448640,40552432,38.67,3147080
1770206742955,6641.70,1856.95,95748096,46448640,40806056,38.92,3156614
1770206743056,6641.82,1857.01,95748096,46448640,40807496,38.92,3156614
1770206743157,6643.51,1858.04,95977472,46448640,41056432,39.15,3166148
1770206743259,6643.69,1858.14,95993856,46448640,41057896,39.16,3166148
1770206743359,6643.95,1858.27,95993856,46448640,41059336,39.16,3166148
1770206743460,6651.13,1860.42,96239616,46448640,41317080,39.40,3175682
1770206743562,6651.37,1860.57,96239616,46448640,41318544,39.40,3175682
1770206743662,6656.39,1862.81,96468992,46448640,40063768,38.21,3185216
1770206743763,6656.55,1862.88,96468992,46448640,40065232,38.21,3185216
1770206743864,6656.79,1862.99,96468992,46448640,40066672,38.21,3185216
1770206743966,6660.18,1864.78,96468992,46448640,40320768,38.45,3128012
1770206744066,6660.29,1864.84,96468992,46448640,40322208,38.45,3128012
1770206744167,6662.47,1866.29,96468992,46448640,40573288,38.69,3137546
1770206744267,6662.67,1866.40,96468992,46448640,40574728,38.70,3137546
1770206744368,6662.90,1866.53,96468992,46448640,40576168,38.70,3137546
1770206744468,6665.28,1868.41,96468992,46448640,40841512,38.95,3147080
1770206744569,6665.43,1868.51,96468992,46448640,40842952,38.95,3147080
1770206744670,6667.31,1869.92,96714752,46448640,41092040,39.19,3156614
1770206744771,6667.42,1869.99,96714752,46448640,41093480,39.19,3156614
1770206744872,6667.57,1870.08,96714752,46448640,41094920,39.19,3156614
1770206744973,6670.00,1871.75,96960512,46448640,41343848,39.43,3166148
1770206745074,6670.20,1871.86,96960512,46448640,41345288,39.43,3166148
1770206745175,6673.89,1873.50,97255424,46710784,40318056,38.45,3175682
1770206745276,6674.04,1873.59,97255424,46710784,40319496,38.45,3175682
1770206745377,6674.15,1873.66,97255424,46710784,40320936,38.45,3175682
1770206745478,6676.24,1875.16,97255424,46710784,40569888,38.69,3128012
1770206745579,6676.48,1875.32,97255424,46710784,40571328,38.69,3128012
1770206745680,6679.08,1877.01,97255424,46710784,40820336,38.93,3137546
1770206745781,6679.30,1877.15,97255424,46710784,40821776,38.93,3137546
1770206745882,6679.45,1877.24,97255424,46710784,40823216,38.93,3137546
1770206745983,6683.00,1878.81,97255424,46710784,41296992,39.38,3147080
1770206746084,6683.15,1878.91,97255424,46710784,41298432,39.39,3147080
1770206746185,6697.99,1880.87,97271808,46710784,41548424,39.62,3156614
1770206746286,6698.11,1880.92,97271808,46710784,41549864,39.63,3156614
1770206746386,6698.29,1881.07,97271808,46710784,41551304,39.63,3156614
1770206746487,6700.94,1882.94,97271808,46710784,41799912,39.86,3166148
1770206746587,6701.13,1883.01,97271808,46710784,41801352,39.86,3166148
1770206746688,6703.78,1884.94,97271808,46710784,42049896,40.10,3175682
1770206746790,6704.05,1885.09,97271808,46710784,42051336,40.10,3175682
1770206746890,6704.33,1885.26,97271808,46710784,42052776,40.10,3175682
1770206746991,6711.27,1887.41,97435648,46710784,42301456,40.34,3185216
1770206747093,6711.53,1887.53,97435648,46710784,42302896,40.34,3185216
1770206747193,6716.68,1889.22,97566720,46972928,41007888,39.11,3128012
1770206747294,6716.84,1889.32,97566720,46972928,41009328,39.11,3128012
1770206747395,6717.04,1889.43,97566720,46972928,41010768,39.11,3128012
1770206747497,6724.70,1891.09,97583104,46972928,41254288,39.34,3137546
1770206747597,6724.82,1891.17,97583104,46972928,41255728,39.34,3137546
1770206747698,6730.06,1893.15,97583104,46972928,41496944,39.57,3147080
1770206747800,6730.39,1893.32,97583104,46972928,41498384,39.58,3147080
1770206747900,6730.57,1893.44,97583104,46972928,41499824,39.58,3147080
1770206748001,6734.99,1895.21,97583104,46972928,41740664,39.81,3156614
1770206748102,6735.10,1895.27,97599488,46972928,41742104,39.81,3156614
1770206748203,6737.29,1896.87,97599488,46972928,41982088,40.04,3166148
1770206748304,6737.48,1896.98,97599488,46972928,41983528,40.04,3166148
1770206748406,6737.67,1897.10,97599488,46972928,41984968,40.04,3166148
1770206748507,6740.66,1898.74,97599488,46972928,42224920,40.27,3175682
1770206748608,6740.89,1898.88,97599488,46972928,42226360,40.27,3175682
1770206748710,6751.47,1900.77,97796096,46972928,42467304,40.50,3185216
1770206748809,6751.62,1900.86,97796096,46972928,42468744,40.50,3185216
1770206748911,6751.80,1900.97,97796096,46972928,42470184,40.50,3185216
1770206749011,6757.00,1903.04,98123776,47235072,41202360,39.29,3119820
1770206749113,6757.15,1903.13,98123776,47235072,41203800,39.30,3119820
1770206749213,6759.56,1904.99,98123776,47235072,41443832,39.52,3129354
1770206749315,6759.77,1905.15,98123776,47235072,41445272,39.53,3129354
1770206749417,6761.12,1906.10,98123776,47235072,41566712,39.64,3138219
1770206749517,6768.60,1906.85,98140160,47235072,41687024,39.76,3138888
1770206749618,6768.69,1906.90,98140160,47235072,41688464,39.76,3138888
1770206749720,6770.33,1908.45,98140160,47235072,41928360,39.99,3148422
1770206749821,6770.47,1908.55,98140160,47235072,41929800,39.99,3148422
1770206749921,6772.06,1910.07,98140160,47235072,42169720,40.22,3157956
1770206750022,6772.14,1910.11,98140160,47235072,42171184,40.22,3157956
1770206750124,6772.32,1910.23,98140160,47235072,42172624,40.22,3157956
1770206750225,6774.64,1911.89,98140160,47235072,42412616,40.45,3167490
1770206750324,6774.82,1912.00,98140160,47235072,42414080,40.45,3167490
1770206750425,6776.83,1913.84,98156544,47235072,42653944,40.68,3177024
1770206750525,6776.98,1913.92,98156544,47235072,42655408,40.68,3177024
1770206750626,6777.17,1914.05,98156544,47235072,42656848,40.68,3177024
1770206750727,6780.30,1915.69,98402304,47497216,41387232,39.47,3119820
1770206750828,6780.54,1915.87,98402304,47497216,41388672,39.47,3119820
1770206750929,6782.83,1917.59,98402304,47497216,41628528,39.70,3129354
1770206751030,6782.95,1917.66,98402304,47497216,41629968,39.70,3129354
1770206751131,6783.06,1917.73,98402304,47497216,41631408,39.70,3129354
1770206751232,6784.73,1919.10,98402304,47497216,41871320,39.93,3138888
1770206751333,6784.99,1919.29,98402304,47497216,41872760,39.93,3138888
1770206751434,6801.34,1921.06,98402304,47497216,42112608,40.16,3148422
1770206751535,6808.18,1921.19,98418688,47497216,42115544,40.16,3148422
1770206751635,6808.29,1921.27,98418688,47497216,42116984,40.17,3148422
1770206751735,6810.23,1922.68,98418688,47497216,42354896,40.39,3157956
1770206751836,6810.36,1922.76,98418688,47497216,42356336,40.39,3157956
1770206751937,6827.87,1925.11,98435072,47497216,42594280,40.62,3167490
1770206752037,6842.72,1925.43,98861056,47497216,42595816,40.62,3167490
1770206752138,6842.93,1925.58,98861056,47497216,42597256,40.62,3167490
1770206752239,6844.84,1927.07,98861056,47497216,42832216,40.85,3177024
1770206752340,6845.06,1927.25,98861056,47497216,42833656,40.85,3177024
1770206752441,6856.63,1929.36,99352576,52215808,41583040,39.66,3186558
1770206752542,6856.72,1929.42,99352576,52215808,41584504,39.66,3186558
1770206752643,6856.85,1929.52,99352576,52215808,41585944,39.66,3186558
1770206752744,6858.73,1930.86,99352576,52215808,41820760,39.88,3128681
1770206752845,6858.88,1930.97,99352576,52215808,41822200,39.88,3128681
1770206752946,6861.01,1932.55,99352576,52215808,42056952,40.11,3138215
1770206753046,6861.10,1932.61,99352576,52215808,42058392,40.11,3138215
1770206753147,6861.30,1932.67,99352576,52215808,42059832,40.11,3138215
1770206753248,6864.69,1934.87,99368960,52215808,42294648,40.34,3147749
1770206753349,6867.01,1935.06,99368960,52215808,42296184,40.34,3147749
1770206753450,6870.83,1937.34,99532800,52215808,42751112,40.77,3157283
1770206753551,6871.02,1937.45,99532800,52215808,42752576,40.77,3157283
1770206753652,6871.15,1937.56,99532800,52215808,42754016,40.77,3157283
1770206753751,6873.18,1939.17,99549184,52215808,42988800,41.00,3166817
1770206753853,6873.29,1939.24,99549184,52215808,42990264,41.00,3166817
1770206753954,6875.32,1940.98,99549184,52215808,43225008,41.22,3176351
1770206754054,6875.47,1941.06,99549184,52215808,43226472,41.22,3176351
1770206754155,6875.70,1941.22,99549184,52215808,43227912,41.23,3176351
1770206754256,6879.84,1942.86,99549184,52215808,43463296,41.45,3185885
1770206754356,6879.96,1942.96,99549184,52215808,43464760,41.45,3185885
1770206754457,6882.77,1944.89,99778560,52215808,43699512,41.68,3195419
1770206754558,6882.90,1944.97,99778560,52215808,43700976,41.68,3195419
1770206754659,6883.10,1945.10,99778560,52215808,43702416,41.68,3195419
1770206754760,6886.58,1947.49,100007936,52215808,43937208,41.90,3204953
1770206754861,6886.69,1947.59,100007936,52215808,43938680,41.90,3204953
1770206754962,6888.96,1949.39,100237312,52215808,44173472,42.13,3214487
1770206755063,6889.08,1949.48,100237312,52215808,44174944,42.13,3214487
1770206755164,6889.23,1949.56,100237312,52215808,44176392,42.13,3214487
1770206755265,6894.49,1951.99,100466688,52215808,44411664,42.35,3224021
1770206755366,6894.71,1952.08,100466688,52215808,44413136,42.36,3224021
1770206755467,6897.65,1954.11,100696064,52215808,44647880,42.58,3233555
1770206755569,6897.84,1954.26,100696064,52215808,44649352,42.58,3233555
1770206755670,6898.01,1954.37,100696064,52215808,44650800,42.58,3233555
1770206755771,6900.58,1956.43,100925440,52215808,44885592,42.81,3243089
1770206755871,6900.86,1956.53,100925440,52215808,44887304,42.81,3243089
1770206755972,6903.43,1958.40,101154816,52215808,45122120,43.03,3252623
1770206756073,6903.61,1958.51,101154816,52215808,45123592,43.03,3252623
1770206756174,6903.85,1958.66,101154816,52215808,45125040,43.03,3252623
1770206756275,6908.89,1960.81,101597184,52477952,42298496,40.34,3262157
1770206756377,6909.07,1960.90,101597184,52477952,42299968,40.34,3262157
1770206756478,6924.20,1963.07,101613568,52477952,42534784,40.56,3128012
1770206756579,6924.41,1963.19,101613568,52477952,42536232,40.57,3128012
1770206756680,6924.65,1963.34,101613568,52477952,42537680,40.57,3128012
1770206756781,6927.86,1965.36,101613568,52477952,42772152,40.79,3137546
1770206756882,6928.09,1965.50,101613568,52477952,42773600,40.79,3137546
1770206756984,6930.76,1967.30,101629952,52477952,43008216,41.02,3147080
1770206757084,6930.97,1967.43,101629952,52477952,43009664,41.02,3147080
1770206757185,6931.22,1967.59,101629952,52477952,43011112,41.02,3147080
1770206757287,6934.27,1969.72,101629952,52477952,43245864,41.24,3156614
1770206757387,6934.52,1969.89,101629952,52477952,43247312,41.24,3156614
1770206757488,6937.90,1972.06,101629952,52477952,43481912,41.47,3166148
1770206757590,6938.16,1972.23,101629952,52477952,43483360,41.47,3166148
1770206757690,6938.41,1972.38,101629952,52477952,43484808,41.47,3166148
1770206757791,6941.12,1974.29,101629952,52477952,43719336,41.69,3175682
1770206757892,6941.37,1974.43,101629952,52477952,43720784,41.70,3175682
1770206757993,6944.65,1976.34,101859328,52477952,43955304,41.92,3185216
1770206758094,6944.87,1976.47,101859328,52477952,43956776,41.92,3185216
1770206758196,6945.11,1976.61,101859328,52477952,43958224,41.92,3185216
1770206758296,6947.97,1978.47,102088704,52477952,44292712,42.24,3194750
1770206758397,6948.14,1978.58,102088704,52477952,44294184,42.24,3194750
1770206758498,6951.46,1980.72,102334464,52477952,44528760,42.47,3204284
1770206758599,6951.59,1980.83,102334464,52477952,44530232,42.47,3204284
1770206758700,6951.71,1980.93,102334464,52477952,44531680,42.47,3204284
1770206758802,6953.88,1982.62,102547456,52477952,44766160,42.69,3213818
1770206758902,6953.99,1982.69,102563840,52477952,44767632,42.69,3213818
1770206759004,6957.09,1984.42,102776832,52477952,45002120,42.92,3223352
1770206759103,6957.32,1984.57,102776832,52477952,45003592,42.92,3223352
1770206759204,6957.50,1984.67,102776832,52477952,45005040,42.92,3223352
1770206759305,6962.30,1987.12,103563264,53526528,42792232,40.81,3232886
1770206759406,6962.54,1987.26,103563264,53526528,42793704,40.81,3232886
1770206759507,6965.53,1989.15,103563264,53526528,43028176,41.03,3128012
1770206759609,6965.75,1989.27,103563264,53526528,43029624,41.04,3128012
1770206759709,6966.00,1989.41,103563264,53526528,43031072,41.04,3128012
1770206759811,6968.77,1991.11,103563264,53526528,43266120,41.26,3137546
1770206759911,6969.02,1991.27,103563264,53526528,43267568,41.26,3137546
1770206760011,6971.97,1993.15,103579648,53526528,43502056,41.49,3147080
1770206760111,6972.18,1993.31,103579648,53526528,43503504,41.49,3147080
1770206760213,6975.94,1993.44,103579648,53526528,43509264,41.49,3147080
1770206760314,6984.22,1995.29,103579648,53526528,43911864,41.88,3156614
1770206760415,6984.44,1995.43,103579648,53526528,43913312,41.88,3156614
1770206760516,6987.11,1997.19,103596032,53526528,44147576,42.10,3166148
1770206760617,6987.32,1997.30,103596032,53526528,44149024,42.10,3166148
1770206760718,6987.57,1997.45,103596032,53526528,44150472,42.11,3166148
1770206760818,6990.57,1999.32,103596032,53526528,44384704,42.33,3175682
1770206760919,6990.74,1999.48,103596032,53526528,44386152,42.33,3175682
1770206761020,6993.28,2001.11,103596032,53526528,44620512,42.55,3185216
1770206761121,6993.47,2001.26,103596032,53526528,44621960,42.55,3185216
1770206761222,6993.61,2001.38,103596032,53526528,44623408,42.56,3185216
1770206761323,6996.23,2003.09,103596032,53526528,44857640,42.78,3194750
1770206761424,6996.35,2003.20,103596032,53526528,44859088,42.78,3194750
1770206761525,6998.82,2004.83,103612416,53526528,45093352,43.00,3204284
1770206761626,6998.95,2004.92,103612416,53526528,45094800,43.01,3204284
1770206761727,6999.12,2005.01,103612416,53526528,45096248,43.01,3204284
1770206761828,7002.37,2007.23,103612416,53526528,45330424,43.23,3213818
1770206761929,7002.59,2007.37,103612416,53526528,45331872,43.23,3213818
1770206762030,7006.44,2009.75,103612416,53526528,45566416,43.46,3223352
1770206762131,7006.65,2009.88,103612416,53526528,45567864,43.46,3223352
1770206762233,7006.87,2010.01,103612416,53526528,45569312,43.46,3223352
1770206762333,7009.59,2011.81,103612416,53526528,45803552,43.68,3232886
1770206762435,7009.75,2011.92,103612416,53526528,45805000,43.68,3232886
1770206762535,7012.31,2013.72,103612416,53526528,46039216,43.91,3242420
1770206762636,7012.45,2013.80,103612416,53526528,46040688,43.91,3242420
1770206762737,7012.62,2013.93,103612416,53526528,46042136,43.91,3242420
1770206762838,7016.11,2015.75,104022016,53526528,43410488,41.40,3251954
1770206762938,7016.25,2015.85,104022016,53526528,43411960,41.40,3251954
1770206763039,7018.08,2017.41,104022016,53526528,43646160,41.62,3128012
1770206763140,7018.17,2017.47,104022016,53526528,43647608,41.63,3128012
1770206763242,7019.83,2018.39,104022016,53526528,43766024,41.74,3136877
1770206763344,7020.86,2019.14,104022016,53526528,43883272,41.85,3137546
1770206763445,7021.10,2019.31,104022016,53526528,43884720,41.85,3137546
1770206763546,7023.84,2021.13,104022016,53526528,44118888,42.08,3147080
1770206763647,7024.08,2021.29,104022016,53526528,44120336,42.08,3147080
1770206763747,7026.69,2023.30,104022016,53526528,44354504,42.30,3156614
1770206763848,7026.81,2023.38,104022016,53526528,44355952,42.30,3156614
1770206763949,7027.02,2023.51,104022016,53526528,44357400,42.30,3156614
1770206764050,7029.35,2025.13,104022016,53526528,44591592,42.53,3166148
1770206764150,7029.47,2025.20,104022016,53526528,44593040,42.53,3166148
1770206764249,7031.44,2026.77,104038400,53526528,44827224,42.75,3175682
1770206764350,7031.52,2026.83,104038400,53526528,44828672,42.75,3175682
1770206764452,7031.64,2026.93,104038400,53526528,44830120,42.75,3175682
1770206764552,7034.55,2028.85,104038400,53526528,45064424,42.98,3185216
1770206764653,7034.74,2028.98,104038400,53526528,45065872,42.98,3185216
1770206764753,7036.81,2030.69,104038400,53526528,45300112,43.20,3194750
1770206764855,7036.89,2030.76,104038400,53526528,45301560,43.20,3194750
1770206764955,7037.02,2030.86,104038400,53526528,45303008,43.20,3194750
1770206765055,7040.85,2032.48,104038400,53526528,45537392,43.43,3204284
1770206765156,7040.97,2032.58,104038400,53526528,45538840,43.43,3204284
1770206765256,7043.32,2034.66,104038400,53526528,45772984,43.65,3213818
1770206765357,7043.43,2034.74,104038400,53526528,45774432,43.65,3213818
1770206765458,7043.56,2034.83,104038400,53526528,45775880,43.66,3213818
1770206765560,7046.18,2036.60,104038400,53526528,46010056,43.88,3223352
1770206765660,7046.38,2036.74,104038400,53526528,46011504,43.88,3223352
1770206765760,7049.48,2038.66,104497152,54050816,43884632,41.85,3232886
1770206765861,7049.59,2038.75,104497152,54050816,43886080,41.85,3232886
1770206765961,7049.72,2038.85,104497152,54050816,43887528,41.85,3232886
1770206766062,7052.27,2040.96,104497152,54050816,44121632,42.08,3128012
1770206766163,7052.45,2041.07,104497152,54050816,44123080,42.08,3128012
1770206766263,7054.61,2042.61,104497152,54050816,44357184,42.30,3137546
1770206766365,7054.71,2042.69,104497152,54050816,44358632,42.30,3137546
1770206766466,7054.86,2042.78,104497152,54050816,44360080,42.31,3137546
1770206766567,7057.63,2044.62,104513536,54050816,44594200,42.53,3147080
1770206766669,7057.82,2044.72,104513536,54050816,44595648,42.53,3147080
1770206766769,7060.08,2046.29,104513536,54050816,44829848,42.75,3156614
1770206766870,7060.18,2046.36,104513536,54050816,44831296,42.75,3156614
1770206766970,7060.28,2046.44,104513536,54050816,44832744,42.76,3156614
1770206767070,7069.63,2048.50,104513536,54050816,45068520,42.98,3166148
1770206767172,7069.83,2048.67,104513536,54050816,45069968,42.98,3166148
1770206767272,7072.18,2050.30,104513536,54050816,45304120,43.21,3175682
1770206767373,7072.29,2050.39,104513536,54050816,45305568,43.21,3175682
1770206767473,7072.42,2050.49,104513536,54050816,45307016,43.21,3175682
1770206767574,7074.32,2052.32,104513536,54050816,45553296,43.44,3185216
1770206767675,7074.47,2052.44,104513536,54050816,45554744,43.44,3185216
1770206767776,7077.05,2054.42,104513536,54050816,45788880,43.67,3194750
1770206767876,7077.16,2054.50,104513536,54050816,45790328,43.67,3194750
1770206767976,7077.25,2054.56,104513536,54050816,45791776,43.67,3194750
1770206768077,7079.16,2055.95,104513536,54050816,46025928,43.89,3204284
1770206768178,7079.30,2056.05,104513536,54050816,46027376,43.90,3204284
1770206768279,7084.11,2057.80,104513536,54050816,46261600,44.12,3213818
1770206768380,7084.22,2057.89,104513536,54050816,46263048,44.12,3213818
1770206768480,7084.31,2057.95,104513536,54050816,46264496,44.12,3213818
1770206768582,7091.34,2060.02,104513536,54050816,46597256,44.44,3223352
1770206768683,7091.47,2060.13,104513536,54050816,46598704,44.44,3223352
1770206768783,7093.51,2062.16,104513536,54050816,46832912,44.66,3232886
1770206768885,7093.61,2062.25,104513536,54050816,46834384,44.66,3232886
1770206768986,7093.71,2062.36,104513536,54050816,46835832,44.67,3232886
1770206769086,7095.23,2063.90,104513536,54050816,47069984,44.89,3242420
1770206769186,7095.32,2063.95,104513536,54050816,47071432,44.89,3242420
1770206769287,7097.47,2065.72,104513536,54050816,47305536,45.11,3251954
1770206769388,7097.57,2065.80,104513536,54050816,47306984,45.12,3251954
1770206769489,7097.70,2065.91,104513536,54050816,47308432,45.12,3251954
1770206769590,7101.36,2068.53,105070592,54575104,44453544,42.39,3261488
1770206769690,7101.48,2068.65,105070592,54575104,44455016,42.40,3261488
1770206769791,7104.07,2070.23,105070592,54575104,44689536,42.62,3128012
1770206769891,7104.17,2070.29,105070592,54575104,44690984,42.62,3128012
1770206769992,7104.26,2070.36,105070592,54575104,44692432,42.62,3128012
1770206770093,7106.35,2071.84,105070592,54575104,44926632,42.85,3137546
1770206770195,7106.48,2071.94,105070592,54575104,44928080,42.85,3137546
1770206770296,7110.10,2074.09,105168896,54575104,45310872,43.21,3147080
1770206770397,7110.36,2074.24,105168896,54575104,45312320,43.21,3147080
1770206770498,7110.59,2074.41,105168896,54575104,45313768,43.21,3147080
1770206770598,7113.10,2076.12,105168896,54575104,45547912,43.44,3156614
1770206770699,7113.29,2076.24,105168896,54575104,45549360,43.44,3156614
1770206770800,7115.68,2077.79,105168896,54575104,45783464,43.66,3166148
1770206770901,7115.78,2077.85,105168896,54575104,45784912,43.66,3166148
1770206771003,7115.91,2077.96,105168896,54575104,45786360,43.67,3166148
1770206771103,7118.95,2079.57,105185280,54575104,46020752,43.89,3175682
1770206771204,7119.16,2079.72,105185280,54575104,46022200,43.89,3175682
1770206771305,7121.72,2081.47,105185280,54575104,46256352,44.11,3185216
1770206771407,7121.88,2081.57,105185280,54575104,46257800,44.11,3185216
1770206771508,7122.09,2081.74,105185280,54575104,46259248,44.12,3185216
1770206771609,7126.13,2083.65,105185280,54575104,46493352,44.34,3194750
1770206771710,7126.33,2083.79,105185280,54575104,46494800,44.34,3194750
1770206771811,7129.08,2085.59,105185280,54575104,46729552,44.56,3204284
1770206771912,7129.25,2085.69,105185280,54575104,46731000,44.57,3204284
1770206772014,7129.44,2085.81,105185280,54575104,46732448,44.57,3204284
1770206772115,7132.18,2087.57,105185280,54575104,46966616,44.79,3213818
1770206772215,7132.36,2087.71,105185280,54575104,46968064,44.79,3213818
1770206772316,7157.85,2089.64,105201664,54575104,47204848,45.02,3223352
1770206772417,7158.03,2089.74,105201664,54575104,47206296,45.02,3223352
1770206772519,7158.23,2089.90,105201664,54575104,47207744,45.02,3223352
1770206772619,7169.47,2091.75,105218048,54575104,47441464,45.24,3232886
1770206772720,7169.71,2091.87,105218048,54575104,47442912,45.25,3232886
1770206772821,7172.70,2093.86,105398272,54575104,47675560,45.47,3242420
1770206772921,7172.92,2094.00,105398272,54575104,47677008,45.47,3242420
1770206773022,7173.13,2094.11,105398272,54575104,47678456,45.47,3242420
1770206773123,7175.67,2095.74,105644032,54575104,47911240,45.69,3251954
1770206773224,7175.91,2095.89,105644032,54575104,47912688,45.69,3251954
1770206773325,7226.40,2099.73,106823680,63488000,39755936,37.91,3119147
1770206773426,7226.53,2099.81,106823680,63488000,39973800,38.12,3119147
1770206773526,7226.65,2099.90,106823680,63488000,39975248,38.12,3119147
1770206773627,7229.06,2101.30,106823680,63488000,40217872,38.35,3118478
1770206773728,7229.19,2101.40,106823680,63488000,40219344,38.36,3118478
1770206773829,7231.23,2102.86,106823680,63488000,40455864,38.58,3128012
1770206773930,7231.41,2102.97,106823680,63488000,40457336,38.58,3128012
1770206774029,7231.66,2103.12,106823680,63488000,40458784,38.58,3128012
1770206774130,7234.32,2104.97,106823680,63488000,40695088,38.81,3137546
1770206774231,7234.57,2105.13,106823680,63488000,40696560,38.81,3137546
1770206774332,7237.59,2106.98,106823680,63488000,40932752,39.04,3147080
1770206774432,7237.77,2107.12,106823680,63488000,40934224,39.04,3147080
1770206774533,7237.92,2107.23,106823680,63488000,40935672,39.04,3147080
1770206774634,7240.80,2109.17,106823680,63488000,41171984,39.26,3156614
1770206774735,7240.99,2109.28,106823680,63488000,41173456,39.27,3156614
1770206774836,7245.63,2111.20,106823680,63488000,41415952,39.50,3166148
1770206774938,7245.78,2111.32,106823680,63488000,41417424,39.50,3166148
1770206775039,7245.93,2111.43,106823680,63488000,41418872,39.50,3166148
1770206775140,7250.21,2113.16,106823680,63488000,41655056,39.73,3175682
1770206775240,7250.38,2113.27,106823680,63488000,41656528,39.73,3175682
1770206775341,7252.60,2115.20,106823680,63488000,41892720,39.95,3185216
1770206775443,7252.71,2115.26,106823680,63488000,41894192,39.95,3185216
1770206775543,7252.89,2115.38,106823680,63488000,41895640,39.95,3185216
1770206775644,7255.05,2116.84,106823680,63488000,42131840,40.18,3194750
1770206775745,7255.28,2117.02,106823680,63488000,42133312,40.18,3194750
1770206775845,7257.76,2118.74,106823680,63488000,42369504,40.41,3204284
1770206775947,7258.02,2118.89,106823680,63488000,42370976,40.41,3204284
1770206776047,7258.19,2119.00,106823680,63488000,42372424,40.41,3204284
1770206776148,7260.31,2120.68,106823680,63488000,42608760,40.63,3213818
1770206776250,7260.47,2120.79,106823680,63488000,42610232,40.64,3213818
1770206776351,7267.99,2122.71,106823680,63488000,42852344,40.87,3223352
1770206776451,7268.15,2122.85,106823680,63488000,42853816,40.87,3223352
1770206776552,7268.33,2122.94,106823680,63488000,42855264,40.87,3223352
1770206776653,7273.49,2124.60,106823680,63488000,43091152,41.09,3232886
1770206776754,7273.64,2124.71,106823680,63488000,43092624,41.10,3232886
1770206776855,7275.77,2126.17,106823680,63488000,43328760,41.32,3242420
1770206776956,7275.98,2126.30,106823680,63488000,43330232,41.32,3242420
1770206777056,7276.22,2126.50,106594304,63488000,43331680,41.32,3242420
1770206777157,7278.79,2128.81,106594304,63488000,43567736,41.55,3251954
1770206777257,7279.03,2128.94,106594304,63488000,43569208,41.55,3251954
1770206777358,7281.96,2130.92,106594304,63488000,43805112,41.78,3261488
1770206777459,7282.21,2131.09,106594304,63488000,43806584,41.78,3261488
1770206777560,7282.47,2131.30,106594304,63488000,43808032,41.78,3261488
1770206777661,7285.10,2133.05,106643456,63488000,44043984,42.00,3271022
1770206777762,7285.23,2133.10,106643456,63488000,44045456,42.01,3271022
1770206777863,7288.25,2135.07,106872832,63488000,44281456,42.23,3280556
1770206777964,7288.46,2135.19,106872832,63488000,44282928,42.23,3280556
1770206778065,7288.65,2135.32,106872832,63488000,44284376,42.23,3280556
1770206778166,7290.53,2137.03,107102208,63488000,44520320,42.46,3290090
1770206778267,7290.66,2137.12,107102208,63488000,44521792,42.46,3290090
1770206778369,7292.68,2138.68,107331584,63488000,44757720,42.68,3299624
1770206778470,7292.92,2138.85,107331584,63488000,44759192,42.69,3299624
1770206778573,7294.81,2140.06,107446272,63488000,44878480,42.80,3308489
1770206778674,7295.71,2140.79,107560960,63488000,44996536,42.91,3309158
1770206778775,7295.85,2140.89,107560960,63488000,44998008,42.91,3309158
1770206778875,7298.77,2142.62,107790336,63488000,45233928,43.14,3318692
1770206778976,7298.89,2142.70,107790336,63488000,45235400,43.14,3318692
1770206779077,7300.28,2143.64,107888640,63488000,45354696,43.25,3327557
1770206779177,7301.32,2144.36,108003328,63488000,45472704,43.37,3328226
1770206779278,7301.43,2144.44,108019712,63488000,45474176,43.37,3328226
1770206779379,7309.59,2146.01,108232704,63488000,45848688,43.72,3337760
1770206779480,7309.72,2146.12,108232704,63488000,45850160,43.73,3337760
1770206779580,7311.36,2147.35,108347392,63488000,45968120,43.84,3346625
1770206779681,7312.22,2148.10,108462080,63488000,46084784,43.95,3347294
1770206779782,7312.35,2148.21,108462080,63488000,46086256,43.95,3347294
1770206779884,7319.44,2149.87,108691456,63488000,46320648,44.17,3356828
1770206779985,7319.56,2149.97,108691456,63488000,46322120,44.18,3356828
1770206780085,7322.22,2152.05,108904448,63488000,46555304,44.40,3366362
1770206780186,7322.34,2152.11,108904448,63488000,46556776,44.40,3366362
1770206780285,7322.59,2152.27,108904448,63488000,46558224,44.40,3366362
1770206780386,7325.12,2154.27,109133824,63488000,46791456,44.62,3375896
1770206780487,7325.37,2154.44,109133824,63488000,46792928,44.63,3375896
1770206780589,7328.56,2156.86,109346816,63488000,47026144,44.85,3385430
1770206780690,7328.72,2156.95,109363200,63488000,47027616,44.85,3385430
1770206780791,7328.95,2157.11,109363200,63488000,47029064,44.85,3385430
1770206780893,7334.19,2158.99,109576192,63488000,47262760,45.07,3394964
1770206780994,7334.44,2159.14,109576192,63488000,47264232,45.07,3394964
1770206781095,7336.42,2160.86,109805568,63488000,47497480,45.30,3404498
1770206781196,7336.53,2160.94,109805568,63488000,47498952,45.30,3404498
1770206781297,7336.66,2161.03,109805568,63488000,47500400,45.30,3404498
1770206781398,7338.76,2162.83,110034944,63488000,47733592,45.52,3414032
1770206781499,7338.90,2162.95,110034944,63488000,47735064,45.52,3414032
1770206781600,7341.28,2164.54,110264320,63488000,47968304,45.75,3423566
1770206781700,7341.38,2164.61,110264320,63488000,47969776,45.75,3423566
1770206781800,7341.56,2164.76,110264320,63488000,47971224,45.75,3423566
1770206781901,7343.98,2166.67,110477312,63488000,40171272,38.31,3433100
1770206782002,7344.11,2166.76,110477312,63488000,40172744,38.31,3433100
1770206782102,7346.26,2168.76,110477312,63488000,40406032,38.53,3128012
1770206782204,7346.36,2168.80,110477312,63488000,40407480,38.54,3128012
1770206782305,7346.55,2168.93,110477312,63488000,40408928,38.54,3128012
1770206782406,7360.90,2170.93,110477312,63488000,40643120,38.76,3137546
1770206782507,7361.06,2171.05,110477312,63488000,40644568,38.76,3137546
1770206782608,7372.28,2172.51,110477312,63488000,40877832,38.98,3147080
1770206782708,7372.38,2172.58,110477312,63488000,40879280,38.99,3147080
1770206782809,7372.51,2172.67,110477312,63488000,40880728,38.99,3147080
1770206782910,7375.59,2174.69,110477312,63488000,41112736,39.21,3156614
1770206783011,7375.78,2174.85,110477312,63488000,41114184,39.21,3156614
1770206783112,7387.90,2177.32,110411776,63488000,41347312,39.43,3166148
1770206783213,7388.08,2177.47,110411776,63488000,41348760,39.43,3166148
1770206783313,7388.27,2177.60,110411776,63488000,41350208,39.43,3166148
1770206783414,7389.99,2179.03,110411776,63488000,41582184,39.66,3175682
1770206783516,7390.12,2179.16,110411776,63488000,41583632,39.66,3175682
1770206783616,7391.45,2180.34,110411776,63488000,41815584,39.88,3185216
1770206783717,7391.57,2180.42,110411776,63488000,41817032,39.88,3185216
1770206783818,7391.73,2180.53,110411776,63488000,41818480,39.88,3185216
1770206783919,7402.98,2182.04,110411776,63488000,42060240,40.11,3194750
1770206784020,7403.12,2182.15,110411776,63488000,42061688,40.11,3194750
1770206784119,7405.11,2183.87,110411776,63488000,42293448,40.33,3204284
1770206784220,7405.28,2183.98,110411776,63488000,42294896,40.34,3204284
1770206784321,7405.50,2184.16,110411776,63488000,42296344,40.34,3204284
1770206784422,7407.63,2186.14,110411776,63488000,42528096,40.56,3213818
1770206784522,7407.74,2186.22,110411776,63488000,42529544,40.56,3213818
1770206784622,7414.57,2187.76,110411776,63488000,42761744,40.78,3223352
1770206784723,7414.68,2187.84,110411776,63488000,42763192,40.78,3223352
1770206784824,7414.81,2187.94,110411776,63488000,42764640,40.78,3223352
1770206784924,7417.25,2189.65,110411776,63488000,42996488,41.00,3232886
1770206785024,7417.37,2189.76,110411776,63488000,42997936,41.01,3232886
1770206785125,7423.56,2191.42,110411776,63488000,43229744,41.23,3242420
1770206785225,7423.67,2191.51,110411776,63488000,43231192,41.23,3242420
