timestamp,cpu_user,cpu_system,rss,heapTotal,heapUsed,heapUsedMB,external
1770206789995,300.36,90.19,155598848,70828032,46284344,44.14,4119229
1770206790096,300.54,90.26,155631616,70828032,46289488,44.15,4119285
1770206790197,300.64,90.30,155631616,70828032,46291848,44.15,4119285
1770206790298,301.30,90.40,155631616,70828032,46321576,44.18,4119285
1770206790399,301.43,90.47,155631616,70828032,46323880,44.18,4119285
1770206790500,301.71,90.52,155631616,70828032,46326648,44.18,4119285
1770206790601,302.01,90.60,155631616,70828032,46328952,44.18,4119285
1770206790702,302.45,90.78,155631616,70828032,46331256,44.18,4119285
1770206790804,303.00,90.94,155648000,70828032,46333560,44.19,4119285
1770206790905,303.89,91.09,155648000,70828032,46335960,44.19,4119285
1770206791004,304.50,91.29,155664384,70828032,46338760,44.19,4119285
1770206791105,304.86,91.46,155664384,70828032,46340888,44.19,4119285
1770206791206,305.26,91.62,155664384,70828032,46342936,44.20,4119285
1770206791307,305.67,91.78,155664384,70828032,46344984,44.20,4119285
1770206791408,306.08,91.94,155664384,70828032,46347032,44.20,4119285
1770206791508,306.40,92.09,155664384,70828032,46349080,44.20,4119285
1770206791609,310.87,92.94,155975680,71090176,46929536,44.76,4128811
1770206791711,310.98,92.99,155975680,71090176,46931608,44.76,4128811
1770206791811,311.17,93.05,155975680,71090176,46933656,44.76,4128811
1770206791913,318.02,95.27,156188672,71352320,47431712,45.23,4130145
1770206792013,318.39,95.44,156188672,71352320,47433784,45.24,4130145
1770206792114,323.31,97.16,156303360,71614464,47749184,45.54,4139671
1770206792216,323.44,97.22,156303360,71614464,47751256,45.54,4139671
1770206792316,323.71,97.33,156303360,71614464,47753304,45.54,4139671
1770206792418,329.11,99.55,156336128,71614464,48031592,45.81,4141005
1770206792518,329.51,99.73,156336128,71614464,48033664,45.81,4141005
1770206792620,335.92,102.06,156434432,71614464,48311824,46.07,4150531
1770206792720,336.28,102.23,156434432,71614464,48313896,46.08,4150531
1770206792821,336.62,102.38,156434432,71614464,48315944,46.08,4150531
1770206792923,342.14,104.40,156499968,71876608,48808560,46.55,4151865
1770206793023,346.14,104.95,156729344,71876608,48995920,46.73,4151865
1770206793123,350.70,106.99,156762112,71876608,49273384,46.99,4161391
1770206793224,351.09,107.17,156762112,71876608,49275456,46.99,4161391
1770206793325,351.74,107.41,156778496,71876608,49281368,47.00,4161391
1770206793426,355.71,109.20,156778496,71876608,49558664,47.26,4162725
1770206793527,355.87,109.27,156778496,71876608,49560736,47.26,4162725
1770206793628,358.87,111.18,156811264,71876608,49838312,47.53,4172251
1770206793729,359.06,111.27,156811264,71876608,49840432,47.53,4172251
1770206793830,359.20,111.36,156811264,71876608,49842496,47.53,4172251
1770206793930,361.88,113.15,156811264,71876608,50119880,47.80,4173585
1770206794030,362.10,113.23,156811264,71876608,50121968,47.80,4173585
1770206794131,366.13,115.34,156827648,71876608,50409984,48.07,4183113
1770206794232,366.46,115.50,156827648,71876608,50412072,48.08,4183113
1770206794333,366.68,115.59,156827648,71876608,50414136,48.08,4183113
1770206794434,377.50,119.40,164347904,79478784,45927328,43.80,4184449
1770206794535,377.85,119.56,164347904,79478784,45929416,43.80,4184449
1770206794636,383.26,121.55,164347904,79478784,46207176,44.07,4133429
1770206794737,383.57,121.68,164347904,79478784,46209264,44.07,4133429
1770206794838,383.92,121.85,164347904,79478784,46211328,44.07,4133429
1770206794939,388.06,123.90,164347904,79478784,46488784,44.34,4134765
1770206795040,388.43,124.09,164347904,79478784,46490872,44.34,4134765
1770206795141,391.95,125.94,164347904,79478784,46768496,44.60,4144293
1770206795242,392.26,126.06,164347904,79478784,46770584,44.60,4144293
1770206795343,392.60,126.25,164364288,79478784,46772648,44.61,4144293
1770206795444,396.45,128.13,164364288,79478784,47050032,44.87,4145629
1770206795545,396.79,128.29,164364288,79478784,47052120,44.87,4145629
1770206795646,401.75,130.24,164364288,79478784,47329816,45.14,4155157
1770206795746,402.09,130.39,164364288,79478784,47331904,45.14,4155157
1770206795847,402.42,130.56,164364288,79478784,47333968,45.14,4155157
1770206795947,405.88,132.29,164364288,79478784,47611400,45.41,4156493
1770206796049,406.18,132.42,164364288,79478784,47613488,45.41,4156493
1770206796150,409.94,134.15,164380672,79478784,47891232,45.67,4166021
1770206796251,410.29,134.31,164380672,79478784,47893320,45.67,4166021
1770206796351,410.55,134.44,164380672,79478784,47895384,45.68,4166021
1770206796452,416.48,136.07,164397056,79478784,48173208,45.94,4167357
1770206796552,416.67,136.15,164397056,79478784,48175296,45.94,4167357
1770206796653,419.90,137.92,164397056,79478784,48453008,46.21,4176885
1770206796753,420.08,138.03,164397056,79478784,48455096,46.21,4176885
1770206796856,421.36,138.74,164397056,79478784,48605608,46.35,4177555
1770206796957,423.46,139.52,164413440,79478784,48755536,46.50,4178221
1770206797057,423.65,139.63,164413440,79478784,48757624,46.50,4178221
1770206797158,426.03,141.20,164429824,79478784,49035216,46.76,4187749
1770206797259,426.18,141.28,164429824,79478784,49037304,46.77,4187749
1770206797359,428.60,142.29,164446208,79478784,49177512,46.90,4188419
1770206797460,430.75,142.99,164462592,79478784,49316680,47.03,4189085
1770206797560,431.01,143.10,164462592,79478784,49318768,47.03,4189085
1770206797661,434.05,144.61,164462592,79478784,49596320,47.30,4198613
1770206797763,434.31,144.73,164462592,79478784,49598408,47.30,4198613
1770206797865,438.03,146.14,164462592,79478784,49738712,47.43,4199283
1770206797966,439.38,146.96,164462592,79478784,49877880,47.57,4199949
1770206798067,514.39,158.79,132579328,47235072,39702904,37.86,4118831
1770206798168,522.41,160.83,132579328,47235072,40070224,38.21,4128359
1770206798269,522.74,160.99,132579328,47235072,40072280,38.22,4128359
1770206798369,525.06,162.31,132579328,47235072,40211632,38.35,4129029
1770206798470,527.25,163.11,132579328,47235072,40349960,38.48,4129695
1770206798571,527.41,163.18,132579328,47235072,40352016,38.48,4129695
1770206798672,585.83,170.83,136183808,42516480,39484376,37.66,4118831
1770206798774,590.41,172.68,127336448,42516480,39564576,37.73,4118831
1770206798874,596.19,174.52,127664128,42516480,39933960,38.08,4120167
1770206798975,596.30,174.57,127664128,42516480,39935968,38.09,4120167
1770206799076,596.48,174.67,127664128,42516480,39937952,38.09,4120167
1770206799176,598.57,176.29,127909888,42516480,40205312,38.34,4129695
1770206799276,611.09,176.94,127942656,42516480,40210120,38.35,4129695
1770206799377,664.61,181.13,127713280,42516480,40120248,38.26,4120167
1770206799478,664.90,181.22,127713280,42516480,40122256,38.26,4120167
1770206799579,665.20,181.38,127713280,42516480,40124240,38.27,4120167
1770206799680,667.46,183.11,127959040,42516480,40380536,38.51,4129695
1770206799781,667.63,183.23,127975424,42516480,40382544,38.51,4129695
1770206799882,671.19,185.21,128204800,42516480,40638632,38.76,4131031
1770206799983,671.43,185.35,128221184,42516480,40640640,38.76,4131031
1770206800083,671.66,185.47,128237568,42516480,40642624,38.76,4131031
1770206800184,678.15,187.72,128811008,45662208,40038024,38.18,4137887
1770206800285,678.37,187.86,128811008,45662208,40040032,38.19,4137887
1770206800386,683.16,189.90,129056768,45662208,40294440,38.43,4139223
1770206800486,683.38,190.04,129056768,45662208,40296448,38.43,4139223
1770206800588,683.57,190.14,129056768,45662208,40298432,38.43,4139223
1770206800689,690.48,191.98,129335296,45662208,40684256,38.80,4148751
1770206800790,690.68,192.09,129335296,45662208,40686264,38.80,4148751
1770206800891,693.37,194.06,129597440,45662208,40938640,39.04,4150087
1770206800992,693.51,194.12,129597440,45662208,40940648,39.04,4150087
1770206801092,693.75,194.23,129597440,45662208,40942632,39.05,4150087
1770206801192,696.67,196.05,129843200,45662208,41195264,39.29,4159615
1770206801293,696.81,196.12,129843200,45662208,41197272,39.29,4159615
1770206801394,699.41,197.80,130088960,45662208,41449672,39.53,4160951
1770206801495,699.61,197.89,130088960,45662208,41451680,39.53,4160951
1770206801596,699.86,198.02,130088960,45662208,41453664,39.53,4160951
1770206801698,704.01,199.70,130334720,45662208,40270040,38.40,4170479
1770206801798,704.39,200.01,130334720,45662208,40272048,38.41,4170479
1770206801899,708.41,201.87,130334720,45662208,40524448,38.65,4129695
1770206802000,708.58,201.95,130334720,45662208,40526432,38.65,4129695
1770206802100,708.80,202.05,130334720,45662208,40528416,38.65,4129695
1770206802201,712.33,204.02,130383872,45662208,40781056,38.89,4139223
1770206802302,712.57,204.11,130383872,45662208,40783040,38.89,4139223
1770206802403,714.80,205.46,130416640,45662208,41035424,39.13,4140559
1770206802504,715.03,205.56,130416640,45662208,41037432,39.14,4140559
1770206802605,715.32,205.69,130416640,45662208,41039416,39.14,4140559
1770206802706,726.28,207.43,130744320,45662208,41293296,39.38,4150087
1770206802807,726.40,207.51,130744320,45662208,41295280,39.38,4150087
1770206802908,728.92,208.98,130973696,45662208,41544088,39.62,4151423
1770206803009,729.10,209.08,130973696,45662208,41546096,39.62,4151423
1770206803110,729.27,209.19,130973696,45662208,41548080,39.62,4151423
1770206803211,733.08,210.85,131219456,45662208,41797304,39.86,4160951
1770206803313,733.22,210.95,131219456,45662208,41799288,39.86,4160951
1770206803414,737.36,212.68,131563520,45924352,40521736,38.64,4162287
1770206803514,737.65,212.81,131563520,45924352,40523744,38.65,4162287
1770206803615,737.82,212.90,131563520,45924352,40525728,38.65,4162287
1770206803716,740.36,214.28,131563520,45924352,40774864,38.89,4138553
1770206803817,740.60,214.38,131563520,45924352,40776872,38.89,4138553
1770206803919,746.88,216.22,131579904,45924352,41026288,39.13,4139889
1770206804020,747.14,216.40,131579904,45924352,41028296,39.13,4139889
1770206804121,747.32,216.49,131579904,45924352,41030280,39.13,4139889
1770206804222,749.74,217.72,131579904,45924352,41274480,39.36,4149417
1770206804323,749.93,217.82,131579904,45924352,41276488,39.36,4149417
1770206804424,753.34,219.25,131612672,45924352,41520368,39.60,4150753
1770206804525,753.61,219.39,131612672,45924352,41522376,39.60,4150753
1770206804626,753.83,219.52,131612672,45924352,41524360,39.60,4150753
1770206804727,759.32,221.36,131612672,45924352,41769840,39.83,4160281
1770206804828,759.51,221.46,131612672,45924352,41771848,39.84,4160281
1770206804929,762.21,223.67,131612672,45924352,42015624,40.07,4161617
1770206805030,762.35,223.74,131612672,45924352,42017632,40.07,4161617
1770206805131,762.55,223.81,131612672,45924352,42019616,40.07,4161617
1770206805232,766.81,225.45,132038656,46186496,40748808,38.86,4171145
1770206805333,767.13,225.62,132038656,46186496,40750816,38.86,4171145
1770206805434,772.15,227.50,132055040,46186496,40994192,39.10,4130361
1770206805535,772.39,227.63,132055040,46186496,40996200,39.10,4130361
1770206805635,772.54,227.70,132055040,46186496,40998184,39.10,4130361
1770206805736,776.31,229.41,132055040,46186496,41241576,39.33,4139889
1770206805837,776.48,229.50,132055040,46186496,41243560,39.33,4139889
1770206805938,779.39,231.23,132055040,46186496,41486720,39.56,4141225
1770206806039,779.67,231.37,132055040,46186496,41488728,39.57,4141225
1770206806140,780.02,231.56,132055040,46186496,41490712,39.57,4141225
1770206806241,783.41,233.41,132055040,46186496,41734048,39.80,4150753
1770206806342,783.72,233.53,132055040,46186496,41736032,39.80,4150753
1770206806443,787.90,235.44,132055040,46186496,41979272,40.03,4152089
1770206806543,788.17,235.56,132055040,46186496,41981280,40.04,4152089
1770206806644,788.34,235.66,132055040,46186496,41983264,40.04,4152089
1770206806745,790.25,236.95,132055040,46186496,42226640,40.27,4161617
1770206806846,790.57,237.08,132055040,46186496,42228624,40.27,4161617
1770206806947,801.73,238.95,132071424,46186496,42472856,40.51,4162953
1770206807047,802.04,239.09,132071424,46186496,42474864,40.51,4162953
1770206807148,802.37,239.24,132071424,46186496,42476848,40.51,4162953
1770206807249,807.13,241.31,132317184,46448640,41216240,39.31,4137887
1770206807350,807.45,241.46,132317184,46448640,41218224,39.31,4137887
1770206807451,815.35,243.43,132333568,46448640,41560568,39.64,4139223
1770206807552,815.59,243.55,132333568,46448640,41562552,39.64,4139223
1770206807653,815.77,243.77,132333568,46448640,41564536,39.64,4139223
1770206807754,823.94,245.84,132366336,46448640,41805200,39.87,4148751
1770206807855,824.10,245.93,132366336,46448640,41807184,39.87,4148751
1770206807956,845.38,247.73,133152768,46448640,42048248,40.10,4150087
1770206808058,845.57,247.79,133152768,46448640,42050232,40.10,4150087
1770206808157,845.87,247.94,133152768,46448640,42052216,40.10,4150087
1770206808258,856.40,249.91,133185536,46448640,42294816,40.34,4159615
1770206808358,856.71,250.04,133185536,46448640,42296800,40.34,4159615
1770206808460,862.32,251.93,133185536,46448640,42534144,40.56,4160951
1770206808561,862.59,252.04,133185536,46448640,42536128,40.57,4160951
1770206808662,862.88,252.18,133185536,46448640,42538112,40.57,4160951
1770206808763,868.05,253.88,133185536,46448640,42775904,40.79,4170479
1770206808864,868.33,254.02,133185536,46448640,42777888,40.80,4170479
1770206808965,892.61,256.30,133447680,46710784,41515504,39.59,4129695
1770206809065,892.85,256.40,133447680,46710784,41517488,39.59,4129695
1770206809166,893.13,256.51,133447680,46710784,41519472,39.60,4129695
1770206809266,896.13,258.24,133464064,46710784,41757256,39.82,4139223
1770206809367,896.42,258.38,133464064,46710784,41759240,39.82,4139223
1770206809468,899.03,260.04,133480448,46710784,41996592,40.05,4140559
1770206809569,899.31,260.20,133480448,46710784,41998576,40.05,4140559
1770206809670,899.62,260.35,133480448,46710784,42000560,40.05,4140559
1770206809771,902.75,261.99,133480448,46710784,42238168,40.28,4150087
1770206809872,903.05,262.14,133480448,46710784,42240152,40.28,4150087
1770206809973,907.29,263.96,133480448,46710784,42477504,40.51,4151423
1770206810074,907.59,264.09,133480448,46710784,42479488,40.51,4151423
1770206810175,907.85,264.21,133480448,46710784,42481472,40.51,4151423
1770206810276,918.42,266.44,133496832,46710784,42720464,40.74,4160951
1770206810377,918.70,266.58,133496832,46710784,42722448,40.74,4160951
1770206810478,924.28,269.18,134086656,51953664,41625096,39.70,4162287
1770206810580,924.60,269.31,134086656,51953664,41627080,39.70,4162287
1770206810681,924.82,269.42,134086656,51953664,41629064,39.70,4162287
1770206810781,928.19,271.10,134086656,51953664,41866560,39.93,4137887
1770206810882,928.49,271.23,134086656,51953664,41868544,39.93,4137887
1770206810983,938.00,273.26,134103040,51953664,42106752,40.16,4139223
1770206811084,938.28,273.40,134103040,51953664,42108736,40.16,4139223
1770206811185,938.57,273.53,134103040,51953664,42110720,40.16,4139223
1770206811286,941.78,275.40,134103040,51953664,42375280,40.41,4148751
1770206811387,942.04,275.51,134103040,51953664,42377264,40.41,4148751
1770206811487,944.93,277.40,134103040,51953664,42614536,40.64,4150087
1770206811587,945.21,277.54,134103040,51953664,42616520,40.64,4150087
1770206811691,947.67,278.76,134103040,51953664,42736608,40.76,4150757
1770206811791,949.61,279.55,134119424,51953664,42855984,40.87,4159615
1770206811891,949.86,279.69,134119424,51953664,42857968,40.87,4159615
1770206811992,955.14,281.49,134119424,51953664,43095592,41.10,4160951
1770206812093,955.46,281.65,134119424,51953664,43097576,41.10,4160951
1770206812195,957.73,282.88,134119424,51953664,43217368,41.22,4161621
1770206812296,971.19,283.70,134119424,51953664,43596608,41.58,4170479
1770206812397,971.48,283.85,134119424,51953664,43598592,41.58,4170479
1770206812498,974.80,285.82,134348800,51953664,43832592,41.80,4171815
1770206812599,975.10,285.96,134348800,51953664,43834600,41.80,4171815
1770206812699,977.23,287.17,134463488,51953664,43953096,41.92,4172485
1770206812800,978.46,287.94,134578176,51953664,44070792,42.03,4181343
1770206812901,978.77,288.10,134578176,51953664,44072800,42.03,4181343
1770206813002,981.77,289.95,134873088,51953664,44306808,42.25,4182679
1770206813103,982.07,290.12,134889472,51953664,44308816,42.26,4182679
1770206813204,984.92,291.97,135118848,51953664,44542968,42.48,4192207
1770206813305,985.11,292.05,135118848,51953664,44544976,42.48,4192207
1770206813407,985.42,292.18,135118848,51953664,44546960,42.48,4192207
1770206813508,997.03,293.85,135380992,51953664,44815712,42.74,4193543
1770206813609,997.17,293.95,135380992,51953664,44817720,42.74,4193543
1770206813710,999.10,295.43,135626752,51953664,45045128,42.96,4203071
1770206813811,999.24,295.49,135626752,51953664,45047136,42.96,4203071
1770206813912,999.41,295.58,135643136,51953664,45049120,42.96,4203071
1770206814013,1001.24,296.85,135856128,51953664,45276408,43.18,4204407
1770206814114,1001.51,296.99,135856128,51953664,45278416,43.18,4204407
1770206814213,1004.70,298.88,136069120,51953664,45505840,43.40,4213935
1770206814314,1004.88,298.94,136069120,51953664,45507848,43.40,4213935
1770206814415,1005.16,299.08,136069120,51953664,45509832,43.40,4213935
1770206814517,1010.64,301.52,136511488,52477952,42529448,40.56,4215271
1770206814618,1010.95,301.66,136511488,52477952,42531456,40.56,4215271
1770206814719,1013.57,303.14,136511488,52477952,42758952,40.78,4138553
1770206814820,1013.82,303.28,136511488,52477952,42760936,40.78,4138553
1770206814921,1014.06,303.42,136511488,52477952,42762920,40.78,4138553
1770206815022,1016.46,304.97,136511488,52477952,42990400,41.00,4139889
1770206815123,1016.66,305.06,136511488,52477952,42992384,41.00,4139889
1770206815224,1018.48,306.84,136511488,52477952,43219792,41.22,4149417
1770206815325,1018.62,306.92,136511488,52477952,43221776,41.22,4149417
1770206815426,1018.78,307.01,136511488,52477952,43223760,41.22,4149417
1770206815527,1021.73,308.80,136527872,52477952,43450984,41.44,4150753
1770206815628,1021.95,308.88,136527872,52477952,43452968,41.44,4150753
1770206815729,1026.11,310.55,136527872,52477952,43680768,41.66,4160281
1770206815830,1026.27,310.63,136527872,52477952,43682752,41.66,4160281
1770206815931,1026.42,310.70,136527872,52477952,43684736,41.66,4160281
1770206816032,1029.72,312.67,136577024,52477952,43911472,41.88,4161617
1770206816134,1030.04,312.82,136577024,52477952,43913456,41.88,4161617
1770206816235,1032.68,314.58,136790016,52477952,44140152,42.10,4171145
1770206816336,1032.91,314.67,136790016,52477952,44142136,42.10,4171145
1770206816436,1033.19,314.80,136790016,52477952,44144120,42.10,4171145
1770206816537,1036.69,316.34,136151040,52477952,44370632,42.32,4172481
1770206816638,1036.96,316.57,133251072,52477952,44372640,42.32,4172481
1770206816740,1040.75,318.36,133480448,52477952,44599560,42.53,4182011
1770206816840,1041.05,318.49,133480448,52477952,44601568,42.54,4182011
1770206816941,1041.30,318.64,133480448,52477952,44603552,42.54,4182011
1770206817042,1045.89,320.61,133709824,52477952,44830296,42.75,4183349
1770206817143,1046.17,320.76,133709824,52477952,44832304,42.76,4183349
1770206817244,1050.27,322.98,133922816,52477952,45059040,42.97,4192879
1770206817345,1050.50,323.09,133922816,52477952,45061048,42.97,4192879
1770206817446,1050.80,323.23,133922816,52477952,45063032,42.98,4192879
1770206817547,1053.04,324.73,134135808,52477952,45289368,43.19,4194217
1770206817648,1053.25,324.83,132988928,52477952,45291376,43.19,4194217
1770206817749,1056.08,326.61,133218304,52477952,45517976,43.41,4203747
1770206817850,1056.30,326.73,133218304,52477952,45519984,43.41,4203747
1770206817951,1056.59,326.88,133234688,52477952,45521968,43.41,4203747
1770206818051,1061.66,329.02,133971968,52740096,42966336,40.98,4205085
1770206818152,1061.97,329.19,133971968,52740096,42968344,40.98,4205085
1770206818253,1064.69,330.90,133971968,52740096,43195056,41.19,4137889
1770206818354,1064.94,331.01,133971968,52740096,43197064,41.20,4137889
1770206818455,1065.23,331.17,133971968,52740096,43199048,41.20,4137889
1770206818556,1067.86,332.87,133971968,52740096,43425496,41.41,4139227
1770206818657,1068.16,333.02,133971968,52740096,43427504,41.42,4139227
1770206818758,1072.48,334.87,133971968,52740096,43655200,41.63,4148757
1770206818859,1072.89,335.09,133971968,52740096,43657208,41.63,4148757
1770206818960,1073.20,335.25,133971968,52740096,43659192,41.64,4148757
1770206819061,1090.94,337.26,134037504,52740096,43887264,41.85,4150095
1770206819162,1091.25,337.42,134037504,52740096,43889360,41.86,4150095
1770206819263,1094.27,339.28,134037504,52740096,44115680,42.07,4159625
1770206819364,1094.59,339.42,134037504,52740096,44117688,42.07,4159625
1770206819465,1094.82,339.64,134037504,52740096,44119672,42.08,4159625
1770206819566,1100.97,341.36,134070272,52740096,44346240,42.29,4160963
1770206819667,1101.24,341.50,134070272,52740096,44348248,42.29,4160963
1770206819768,1103.10,343.47,128286720,52740096,44574544,42.51,4170493
1770206819869,1103.28,343.52,128286720,52740096,44576552,42.51,4170493
1770206819970,1104.08,343.74,128286720,52740096,44579520,42.51,4170493
1770206820071,1112.09,345.69,128286720,52740096,44806592,42.73,4171831
1770206820172,1112.32,345.80,128286720,52740096,44808600,42.73,4171831
1770206820273,1115.60,347.65,128286720,52740096,45034624,42.95,4181361
1770206820374,1115.88,347.76,128286720,52740096,45036632,42.95,4181361
1770206820475,1116.16,347.90,128286720,52740096,45038616,42.95,4181361
1770206820576,1118.84,349.60,128303104,52740096,45264320,43.17,4182699
1770206820677,1119.12,349.74,128303104,52740096,45266328,43.17,4182699
1770206820778,1125.13,351.98,128303104,52740096,45495640,43.39,4192229
1770206820879,1125.43,352.14,128303104,52740096,45497648,43.39,4192229
1770206820980,1125.73,352.28,128303104,52740096,45499632,43.39,4192229
1770206821081,1129.00,354.11,128303104,52740096,45725392,43.61,4193567
1770206821183,1129.27,354.22,128303104,52740096,45727400,43.61,4193567
1770206821284,1132.15,355.99,128303104,52740096,45953336,43.82,4203097
1770206821385,1132.45,356.14,128303104,52740096,45955344,43.83,4203097
1770206821486,1132.75,356.28,128303104,52740096,45957328,43.83,4203097
1770206821587,1135.79,358.16,128303104,52740096,46183040,44.04,4204435
1770206821688,1136.23,358.45,128303104,52740096,46185048,44.05,4204435
1770206821799,1193.32,364.08,133611520,65323008,47954224,45.73,4129030
1770206821900,1357.42,370.28,145899520,84197376,57041808,54.40,4118832
1770206822001,1357.53,370.32,145899520,84197376,57043864,54.40,4118832
1770206822102,1359.02,371.54,146128896,84197376,57289104,54.64,4120170
1770206822203,1359.24,371.66,146128896,84197376,57291112,54.64,4120170
1770206822304,1363.09,373.60,146358272,84197376,57536216,54.87,4129700
1770206822405,1363.37,373.74,146358272,84197376,57538224,54.87,4129700
1770206822506,1363.62,373.86,146358272,84197376,57540208,54.87,4129700
1770206822607,1366.43,375.61,146587648,84197376,57778032,55.10,4131038
1770206822707,1366.69,375.72,146587648,84197376,57780040,55.10,4131038
1770206822808,1371.11,377.83,146817024,84197376,58021128,55.33,4140568
1770206822909,1371.40,377.97,146817024,84197376,58023136,55.34,4140568
1770206823009,1371.69,378.11,146817024,84197376,58025120,55.34,4140568
1770206823110,1377.15,379.95,147046400,84197376,58295280,55.59,4141906
1770206823211,1377.46,380.10,147046400,84197376,58297288,55.60,4141906
1770206823312,1381.37,381.94,147275776,84197376,58534776,55.82,4151436
1770206823413,1381.70,382.13,147275776,84197376,58536784,55.83,4151436
1770206823516,1383.63,383.48,147390464,84197376,58656648,55.94,4152107
1770206823617,1387.20,384.67,147505152,84197376,58775488,56.05,4152774
1770206823718,1387.45,384.82,147521536,84197376,58777496,56.05,4152774
1770206823819,1390.34,386.95,147734528,84197376,59014488,56.28,4162304
1770206823920,1390.61,387.16,147734528,84197376,59016496,56.28,4162304
1770206824021,1392.57,388.31,146407424,84197376,59253360,56.51,4163642
1770206824122,1392.68,388.36,146407424,84197376,59255368,56.51,4163642
1770206824223,1392.86,388.42,146407424,84197376,59257352,56.51,4163642
1770206824325,1417.25,390.44,146718720,84197376,59524008,56.77,4173172
1770206824426,1417.51,390.53,146718720,84197376,59526016,56.77,4173172
1770206824527,1426.11,392.64,146948096,84197376,59764160,57.00,4174510
1770206824629,1443.96,392.88,146964480,84197376,59796408,57.03,4174510
1770206824730,1444.24,393.08,146964480,84197376,59798392,57.03,4174510
1770206824831,1446.85,394.84,147193856,84197376,60034680,57.25,4184040
1770206824932,1447.03,394.94,147193856,84197376,60036688,57.26,4184040
1770206825033,1449.78,396.80,147423232,84197376,60273488,57.48,4185378
1770206825135,1450.03,396.89,147423232,84197376,60275496,57.48,4185378
1770206825236,1450.33,397.11,147423232,84197376,60277480,57.49,4185378
1770206825337,1461.26,399.31,147668992,84197376,60515568,57.71,4194908
1770206825438,1461.57,399.46,147668992,84197376,60517576,57.71,4194908
1770206825540,1465.62,401.68,147898368,84197376,60754496,57.94,4196246
1770206825641,1465.86,401.76,147898368,84197376,60756504,57.94,4196246
1770206825742,1466.16,401.88,147898368,84197376,60758488,57.94,4196246
1770206825843,1472.57,404.00,148127744,84197376,60996152,58.17,4205776
1770206825944,1472.87,404.15,148127744,84197376,60998160,58.17,4205776
1770206826045,1479.51,406.29,148357120,84197376,61261280,58.42,4207114
1770206826146,1479.67,406.40,148357120,84197376,61263288,58.43,4207114
1770206826247,1479.80,406.47,148357120,84197376,61265272,58.43,4207114
1770206826348,1482.88,408.04,148586496,84197376,61502320,58.65,4216644
1770206826450,1483.10,408.18,148586496,84197376,61504328,58.66,4216644
1770206826550,1486.97,410.01,148815872,84197376,61741096,58.88,4217982
1770206826652,1487.14,410.10,148815872,84197376,61743104,58.88,4217982
1770206826753,1487.41,410.22,148815872,84197376,61745088,58.88,4217982
1770206826853,1489.65,411.69,149061632,84197376,61982176,59.11,4227512
1770206826954,1489.91,411.80,149061632,84197376,61984184,59.11,4227512
1770206827056,1493.62,414.06,149291008,84197376,62244632,59.36,4228850
1770206827157,1493.91,414.18,149291008,84197376,62246640,59.36,4228850
1770206827257,1494.16,414.25,149291008,84197376,62248624,59.36,4228850
1770206827358,1496.76,416.10,149536768,84197376,62485272,59.59,4238380
1770206827459,1496.99,416.20,149536768,84197376,62487280,59.59,4238380
1770206827560,1499.35,417.93,149766144,84197376,62723712,59.82,4239718
1770206827662,1499.56,418.05,149766144,84197376,62725720,59.82,4239718
1770206827763,1499.82,418.15,149766144,84197376,62727704,59.82,4239718
1770206827864,1502.57,420.22,150011904,84197376,62964368,60.05,4249248
1770206827965,1502.81,420.40,150011904,84197376,62966376,60.05,4249248
1770206828066,1504.83,421.96,150241280,84197376,63202864,60.27,4250586
1770206828167,1505.03,422.08,150241280,84197376,63204872,60.28,4250586
1770206828267,1505.20,422.19,150241280,84197376,63206856,60.28,4250586
1770206828368,1510.26,423.75,150470656,84197376,63444024,60.50,4260116
1770206828469,1510.49,423.86,150470656,84197376,63446032,60.51,4260116
1770206828570,1516.99,425.83,150700032,84197376,63683368,60.73,4261454
1770206828671,1517.26,425.98,150700032,84197376,63685376,60.74,4261454
1770206828772,1517.53,426.10,150700032,84197376,63687360,60.74,4261454
1770206828873,1520.30,428.04,150945792,84197376,63926232,60.96,4270984
1770206828973,1520.63,428.21,150945792,84197376,63928240,60.97,4270984
1770206829074,1523.29,429.98,151158784,84197376,64169216,61.20,4272322
1770206829175,1523.54,430.14,151175168,84197376,64171224,61.20,4272322
1770206829276,1523.75,430.24,151175168,84197376,64173208,61.20,4272322
1770206829378,1525.61,431.99,151388160,84197376,64409896,61.43,4281852
1770206829479,1525.77,432.10,151388160,84197376,64411904,61.43,4281852
1770206829580,1529.13,433.82,151617536,84197376,64672328,61.68,4283190
1770206829681,1529.32,433.91,151617536,84197376,64674336,61.68,4283190
1770206829782,1529.48,434.00,151633920,84197376,64676320,61.68,4283190
1770206829883,1541.34,439.97,151830528,84197376,50578776,48.24,4292720
1770206829984,1541.57,440.11,151830528,84197376,50580784,48.24,4292720
1770206830084,1543.68,441.63,151830528,84197376,50816632,48.46,4130367
1770206830185,1543.87,441.75,151830528,84197376,50818640,48.46,4130367
1770206830285,1544.10,441.89,151830528,84197376,50820624,48.47,4130367
1770206830386,1548.61,443.31,151830528,84197376,51056800,48.69,4139897
1770206830487,1548.74,443.37,151830528,84197376,51058808,48.69,4139897
1770206830588,1551.51,445.01,151846912,84197376,51293216,48.92,4141235
1770206830688,1551.68,445.11,151846912,84197376,51295224,48.92,4141235
1770206830789,1551.83,445.20,151846912,84197376,51297208,48.92,4141235
1770206830891,1553.92,446.82,151846912,84197376,51531344,49.14,4150765
1770206830992,1554.10,446.92,151846912,84197376,51533352,49.15,4150765
1770206831094,1562.20,448.71,151846912,84197376,51775144,49.38,4152103
1770206831195,1562.44,448.84,151846912,84197376,51777152,49.38,4152103
1770206831296,1565.13,448.98,151846912,84197376,51780784,49.38,4152103
1770206831397,1567.99,450.83,151846912,84197376,52017640,49.61,4161633
1770206831497,1568.27,450.95,151846912,84197376,52019648,49.61,4161633
1770206831598,1570.95,452.75,151846912,84197376,52255936,49.84,4162971
1770206831699,1571.16,452.87,151846912,84197376,52257944,49.84,4162971
1770206831800,1571.33,452.96,151846912,84197376,52259928,49.84,4162971
1770206831901,1573.16,454.59,151863296,84197376,52496096,50.06,4172501
1770206832002,1573.30,454.65,151863296,84197376,52498104,50.07,4172501
1770206832103,1575.00,456.15,151863296,84197376,52734064,50.29,4173839
1770206832204,1575.18,456.24,151863296,84197376,52736072,50.29,4173839
1770206832305,1575.45,456.33,151863296,84197376,52738056,50.29,4173839
1770206832406,1578.22,458.19,151896064,84459520,53231392,50.77,4183369
1770206832507,1578.36,458.25,151896064,84459520,53233400,50.77,4183369
1770206832609,1580.48,459.69,151896064,84459520,53467208,50.99,4184707
1770206832710,1580.71,459.81,151896064,84459520,53469216,50.99,4184707
1770206832810,1581.01,459.93,151896064,84459520,53471200,50.99,4184707
1770206832912,1585.34,461.86,151928832,84459520,53705464,51.22,4194237
1770206833013,1585.50,461.94,151928832,84459520,53707472,51.22,4194237
1770206833114,1591.97,463.51,151928832,84459520,53942352,51.44,4195575
1770206833215,1592.15,463.62,151928832,84459520,53944360,51.45,4195575
1770206833315,1592.38,463.73,151928832,84459520,53946344,51.45,4195575
1770206833416,1595.51,465.76,151928832,84459520,54180104,51.67,4205105
1770206833518,1595.80,465.90,151928832,84459520,54182112,51.67,4205105
1770206833619,1604.21,467.97,151928832,84459520,54416696,51.90,4206443
1770206833720,1604.44,468.11,151928832,84459520,54418704,51.90,4206443
1770206833821,1604.59,468.20,151928832,84459520,54420688,51.90,4206443
1770206833921,1607.42,469.86,151961600,84459520,54654528,52.12,4215973
1770206834022,1607.72,469.99,151961600,84459520,54656536,52.12,4215973
1770206834123,1609.77,471.72,151961600,84459520,54890160,52.35,4217311
1770206834224,1609.99,471.82,151961600,84459520,54892168,52.35,4217311
1770206834325,1610.23,471.96,151961600,84459520,54894152,52.35,4217311
1770206834425,1613.79,473.72,152043520,84459520,55127960,52.57,4226841
1770206834526,1613.99,473.80,152043520,84459520,55129968,52.58,4226841
1770206834627,1617.32,475.35,152043520,84459520,55363640,52.80,4228179
1770206834728,1617.47,475.43,152043520,84459520,55365648,52.80,4228179
1770206834829,1617.60,475.49,152043520,84459520,55367632,52.80,4228179
1770206834930,1619.58,476.94,152059904,84459520,55601384,53.03,4237709
1770206835031,1619.71,477.02,152059904,84459520,55603392,53.03,4237709
1770206835132,1621.57,478.46,152076288,84459520,55836968,53.25,4239047
1770206835233,1621.72,478.54,152076288,84459520,55838976,53.25,4239047
1770206835334,1621.89,478.64,152076288,84459520,55840960,53.25,4239047
1770206835434,1624.13,480.35,152076288,84459520,56074784,53.48,4248577
1770206835536,1624.33,480.44,152076288,84459520,56076792,53.48,4248577
1770206835637,1627.06,482.18,152076288,84459520,56310344,53.70,4249915
1770206835738,1627.37,482.34,152076288,84459520,56312352,53.70,4249915
1770206835841,1631.22,483.40,152076288,84459520,56430848,53.82,4250586
1770206835942,1632.20,484.10,152092672,84459520,56548304,53.93,4259445
1770206836043,1632.36,484.19,152092672,84459520,56550312,53.93,4259445
1770206836144,1634.23,485.94,152109056,84459520,56783928,54.15,4260783
1770206836245,1634.41,486.01,152109056,84459520,56785936,54.16,4260783
1770206836346,1636.98,488.01,152240128,84459520,57019840,54.38,4270313
1770206836447,1639.75,488.13,152240128,84459520,57021848,54.38,4270313
1770206836548,1639.97,488.22,152240128,84459520,57023832,54.38,4270313
1770206836649,1645.11,490.09,152485888,84459520,57257760,54.61,4271651
1770206836749,1645.26,490.17,152485888,84459520,57259768,54.61,4271651
1770206836849,1647.20,491.51,152715264,84459520,57492088,54.83,4281181
1770206836949,1647.34,491.58,152715264,84459520,57494096,54.83,4281181
1770206837051,1647.54,491.72,152731648,84459520,57496080,54.83,4281181
1770206837152,1650.20,493.51,152944640,84459520,57728192,55.05,4282519
1770206837253,1650.38,493.61,152944640,84459520,57730200,55.06,4282519
1770206837353,1656.71,495.57,153190400,84459520,57963184,55.28,4292049
1770206837454,1656.90,495.65,153190400,84459520,57965192,55.28,4292049
1770206837555,1657.18,495.78,153190400,84459520,57967176,55.28,4292049
1770206837656,1664.67,497.82,153403392,84459520,58199016,55.50,4293387
1770206837756,1664.88,497.91,153403392,84459520,58201024,55.50,4293387
1770206837857,1667.53,499.72,153632768,84459520,58430408,55.72,4302917
1770206837958,1667.67,499.78,153632768,84459520,58432416,55.73,4302917
1770206838059,1667.89,499.88,153632768,84459520,58434408,55.73,4302917
1770206838160,1683.41,501.94,153878528,84459520,58665272,55.95,4304255
1770206838262,1683.64,502.06,153878528,84459520,58667280,55.95,4304255
1770206838363,1686.42,503.87,154091520,84459520,58895648,56.17,4313785
1770206838464,1686.55,503.94,154091520,84459520,58897656,56.17,4313785
1770206838565,1686.78,504.04,154107904,84459520,58899640,56.17,4313785
1770206838667,1700.47,505.60,154353664,84459520,59128872,56.39,4315123
1770206838768,1700.74,505.73,154353664,84459520,59130880,56.39,4315123
1770206838869,1702.91,507.53,154566656,84459520,59359080,56.61,4324653
1770206838970,1703.20,507.68,154566656,84459520,59361088,56.61,4324653
1770206839070,1703.51,507.84,154566656,84459520,59363072,56.61,4324653
1770206839172,1708.49,509.79,154796032,84459520,59591152,56.83,4325991
1770206839273,1708.78,509.91,154796032,84459520,59593160,56.83,4325991
1770206839374,1710.92,511.56,155009024,84459520,59821464,57.05,4335521
1770206839474,1711.08,511.65,155009024,84459520,59823472,57.05,4335521
1770206839576,1711.21,511.74,155009024,84459520,59825456,57.05,4335521
1770206839677,1713.22,513.39,155238400,84459520,60053520,57.27,4336859
1770206839778,1713.37,513.49,155238400,84459520,60055528,57.27,4336859
1770206839879,1715.29,515.21,155467776,84459520,60283744,57.49,4346389
1770206839980,1715.45,515.30,155467776,84459520,60285752,57.49,4346389
1770206840080,1715.67,515.38,155467776,84459520,60287736,57.49,4346389
1770206840182,1726.91,517.02,155697152,84459520,60518056,57.71,4347727
1770206840283,1727.05,517.09,155697152,84459520,60520064,57.72,4347727
1770206840384,1744.89,518.68,155959296,84721664,61013840,58.19,4357257
1770206840484,1745.05,518.74,155959296,84721664,61015848,58.19,4357257
1770206840585,1745.35,518.88,155959296,84721664,61017832,58.19,4357257
1770206840686,1776.04,521.03,156254208,84983808,61454896,58.61,4358595
1770206840787,1776.21,521.12,156270592,84983808,61456904,58.61,4358595
1770206840888,1779.59,523.40,156467200,84983808,61677736,58.82,4368125
1770206840989,1779.88,523.51,156467200,84983808,61679744,58.82,4368125
1770206841090,1780.17,523.69,156483584,84983808,61681728,58.82,4368125
1770206841192,1783.47,525.90,156680192,84983808,61902296,59.03,4369463
1770206841293,1783.67,526.00,156680192,84983808,61904304,59.04,4369463
1770206841394,1785.71,527.65,156893184,84983808,62125184,59.25,4378993
1770206841494,1785.86,527.74,156893184,84983808,62127192,59.25,4378993
1770206841595,1785.98,527.79,156893184,84983808,62129176,59.25,4378993
1770206841695,1788.05,529.53,157122560,84983808,62349760,59.46,4380331
1770206841796,1788.25,529.60,157122560,84983808,62351768,59.46,4380331
1770206841897,1789.84,531.05,157335552,84983808,62572536,59.67,4389861
1770206841997,1790.06,531.16,157335552,84983808,62574544,59.68,4389861
1770206842098,1790.30,531.27,157335552,84983808,62576528,59.68,4389861
1770206842199,1792.77,533.22,157548544,84983808,62797120,59.89,4391199
1770206842299,1793.01,533.33,157548544,84983808,62799128,59.89,4391199
1770206842400,1796.55,535.19,157777920,84983808,63021216,60.10,4400729
1770206842501,1796.72,535.28,157777920,84983808,63023224,60.10,4400729
1770206842602,1796.89,535.36,157777920,84983808,63025208,60.11,4400729
1770206842703,1802.48,536.85,158007296,84983808,63246208,60.32,4402067
1770206842803,1802.64,536.95,158007296,84983808,63248216,60.32,4402067
1770206842904,1805.56,538.71,158236672,84983808,63469040,60.53,4411597
1770206843006,1805.78,538.84,158236672,84983808,63471048,60.53,4411597
1770206843107,1805.90,538.91,158236672,84983808,63473032,60.53,4411597
1770206843208,1809.58,540.88,158482432,84983808,63693704,60.74,4412935
1770206843309,1809.84,541.00,158482432,84983808,63695712,60.74,4412935
1770206843410,1811.76,542.37,158695424,84983808,63916496,60.96,4422465
1770206843511,1811.89,542.44,158711808,84983808,63918504,60.96,4422465
1770206843612,1812.05,542.53,158711808,84983808,63920488,60.96,4422465
1770206843712,1814.01,544.25,158908416,84983808,64141088,61.17,4423803
1770206843813,1814.13,544.31,158908416,84983808,64143096,61.17,4423803
1770206843913,1815.60,545.71,159121408,84983808,64363920,61.38,4433333
1770206844014,1815.76,545.80,159121408,84983808,64365928,61.38,4433333
1770206844115,1816.00,545.95,159121408,84983808,64367912,61.39,4433333
1770206844216,1817.82,547.83,159334400,84983808,64588464,61.60,4434671
1770206844317,1818.06,547.97,159334400,84983808,64590472,61.60,4434671
1770206844417,1821.86,549.55,159580160,84983808,64812448,61.81,4444201
1770206844518,1821.99,549.61,159580160,84983808,64814456,61.81,4444201
1770206844619,1822.21,549.73,159580160,84983808,64816440,61.81,4444201
1770206844719,1831.27,551.35,159809536,84983808,65037272,62.02,4445539
1770206844820,1831.42,551.43,159809536,84983808,65039280,62.03,4445539
1770206844921,1833.36,553.36,160022528,84983808,65257344,62.23,4455069
1770206845022,1833.55,553.43,160022528,84983808,65259352,62.24,4455069
1770206845124,1833.78,553.56,160022528,84983808,65261336,62.24,4455069
1770206845225,1835.83,555.15,160219136,84983808,65479160,62.45,4456407
1770206845326,1835.95,555.22,160235520,84983808,65481168,62.45,4456407
1770206845427,1844.79,561.96,133300224,58769408,53540112,51.06,4137221
1770206845528,1845.09,562.12,133300224,58769408,53542120,51.06,4137221
1770206845628,1845.40,562.26,133300224,58769408,53544104,51.06,4137221
1770206845729,1847.28,564.16,133316608,58769408,53762008,51.27,4138559
1770206845829,1847.55,564.30,133316608,58769408,53764016,51.27,4138559
1770206845931,1849.85,566.17,133332992,58769408,53982224,51.48,4148089
1770206846032,1850.06,566.28,133332992,58769408,53984232,51.48,4148089
1770206846133,1850.19,566.34,133332992,58769408,53986216,51.49,4148089
1770206846234,1851.55,567.63,133332992,58769408,54204048,51.69,4149427
1770206846335,1851.70,567.72,133332992,58769408,54206056,51.69,4149427
1770206846435,1854.56,569.69,133332992,58769408,54424184,51.90,4158957
1770206846536,1854.84,569.84,133332992,58769408,54426192,51.90,4158957
1770206846636,1855.06,569.97,131891200,58769408,54428176,51.91,4158957
1770206846737,1861.58,571.71,131694592,58769408,54647248,52.12,4160295
1770206846838,1861.67,571.76,131694592,58769408,54649256,52.12,4160295
1770206846939,1863.12,573.09,131710976,58769408,54867488,52.33,4169825
1770206847040,1863.28,573.19,131710976,58769408,54869496,52.33,4169825
1770206847141,1863.41,573.25,131710976,58769408,54871480,52.33,4169825
1770206847242,1865.30,574.77,131727360,58769408,55089464,52.54,4171163
1770206847343,1865.47,574.87,131727360,58769408,55091472,52.54,4171163
1770206847444,1870.77,576.51,131727360,58769408,55309880,52.75,4180693
1770206847545,1871.05,576.65,131727360,58769408,55311888,52.75,4180693
1770206847646,1871.24,576.77,131661824,58769408,55313872,52.75,4180693
1770206847747,1873.12,578.43,131530752,58769408,55531744,52.96,4182031
1770206847848,1873.30,578.55,131530752,58769408,55533752,52.96,4182031
1770206847948,1875.36,580.08,131547136,58769408,55751800,53.17,4191561
1770206848049,1875.63,580.25,131547136,58769408,55753808,53.17,4191561
1770206848151,1876.91,581.13,131547136,58769408,55864184,53.28,4192232
1770206848252,1880.72,582.90,135053312,75546624,53705600,51.22,4192899
1770206848353,1880.87,582.98,135053312,75546624,53707608,51.22,4192899
1770206848454,1882.94,584.71,135282688,75546624,53925704,51.43,4138559
1770206848555,1883.14,584.85,135282688,75546624,53927688,51.43,4138559
1770206848655,1885.21,586.63,135479296,75546624,54145440,51.64,4139897
1770206848756,1885.34,586.70,135495680,75546624,54147424,51.64,4139897
1770206848857,1885.50,586.80,135495680,75546624,54149408,51.64,4139897
1770206848958,1887.51,588.35,135708672,75546624,54367424,51.85,4149427
1770206849059,1887.65,588.42,135708672,75546624,54369408,51.85,4149427
1770206849160,1891.22,589.84,135921664,75546624,54587656,52.06,4150765
1770206849261,1891.38,589.89,135921664,75546624,54589640,52.06,4150765
1770206849362,1891.66,590.01,135921664,75546624,54591624,52.06,4150765
1770206849463,1894.12,591.91,136134656,75546624,54809936,52.27,4160295
1770206849564,1894.35,592.05,136134656,75546624,54811920,52.27,4160295
1770206849665,1896.29,593.77,136331264,75546624,55029856,52.48,4161633
1770206849766,1896.42,593.85,136331264,75546624,55031840,52.48,4161633
1770206849867,1896.61,593.96,136347648,75546624,55033824,52.48,4161633
1770206849968,1899.91,595.81,136593408,75546624,55283344,52.72,4171171
1770206850068,1900.06,595.91,136593408,75546624,55285352,52.72,4171171
1770206850169,1901.94,597.43,136806400,75546624,55503368,52.93,4172509
1770206850270,1902.05,597.48,136806400,75546624,55505376,52.93,4172509
1770206850371,1902.18,597.55,136806400,75546624,55507360,52.94,4172509
1770206850472,1904.56,599.25,137019392,75546624,55725728,53.14,4182039
1770206850573,1904.73,599.34,137019392,75546624,55727736,53.15,4182039
1770206850674,1907.55,601.41,137232384,75546624,55945792,53.35,4183377
1770206850774,1907.70,601.48,137232384,75546624,55947800,53.36,4183377
1770206850875,1907.88,601.58,137248768,75546624,55949784,53.36,4183377
1770206850976,1910.18,603.45,137461760,75546624,56167992,53.57,4192907
1770206851077,1910.34,603.53,137461760,75546624,56170000,53.57,4192907
1770206851177,1912.27,605.27,137674752,75546624,56388072,53.78,4194245
1770206851278,1912.39,605.33,137674752,75546624,56390080,53.78,4194245
1770206851378,1912.53,605.42,137674752,75546624,56392064,53.78,4194245
1770206851478,1915.11,607.27,137871360,75546624,56610376,53.99,4203775
1770206851580,1915.28,607.37,137871360,75546624,56612384,53.99,4203775
1770206851690,1962.30,611.61,158023680,97566720,61839192,58.97,4129033
1770206851791,2188.44,616.54,179044352,106217472,72075888,68.74,4127024
1770206851891,2188.51,616.58,179044352,106217472,72077952,68.74,4127024
1770206851993,2190.02,617.83,179044352,106217472,72301880,68.95,4136554
1770206852094,2190.28,617.96,179044352,106217472,72303896,68.95,4136554
1770206852195,2197.24,619.85,179044352,106217472,72530600,69.17,4137892
1770206852296,2197.47,619.94,179044352,106217472,72532616,69.17,4137892
1770206852398,2197.75,620.07,179044352,106217472,72534608,69.17,4137892
1770206852499,2200.09,621.82,179044352,106217472,72756432,69.39,4147422
1770206852600,2200.31,621.92,179044352,106217472,72758448,69.39,4147422
1770206852701,2218.55,623.72,179060736,106217472,73004760,69.62,4148760
1770206852802,2218.70,623.77,179060736,106217472,73006776,69.62,4148760
1770206852902,2219.00,623.89,179060736,106217472,73008768,69.63,4148760
1770206853003,2222.45,625.78,179060736,106217472,73226920,69.83,4158290
1770206853104,2222.70,625.91,179060736,106217472,73228936,69.84,4158290
1770206853205,2226.14,627.93,179060736,106217472,73443080,70.04,4159628
1770206853306,2226.43,628.05,179060736,106217472,73445096,70.04,4159628
1770206853407,2226.72,628.23,179060736,106217472,73447088,70.04,4159628
1770206853508,2229.17,629.94,179060736,106217472,73664408,70.25,4169158
1770206853609,2229.47,630.08,179060736,106217472,73666424,70.25,4169158
1770206853709,2231.61,631.75,179060736,106217472,73878296,70.46,4170496
1770206853811,2231.78,631.85,179060736,106217472,73880312,70.46,4170496
1770206853911,2231.90,631.96,179044352,106217472,73882304,70.46,4170496
1770206854012,2234.78,633.56,179044352,106217472,74101392,70.67,4180026
1770206854113,2234.91,633.64,179044352,106217472,74103408,70.67,4180026
1770206854214,2236.84,635.12,179044352,106217472,74322616,70.88,4181364
1770206854315,2237.00,635.27,179044352,106217472,74324632,70.88,4181364
1770206854416,2237.23,635.38,179044352,106217472,74326624,70.88,4181364
1770206854517,2239.83,637.16,179044352,106217472,74538848,71.09,4190894
1770206854618,2240.03,637.28,179044352,106217472,74542888,71.09,4190894
1770206854719,2242.61,639.00,179044352,106217472,74757880,71.29,4192232
1770206854820,2242.85,639.16,179044352,106217472,74759896,71.30,4192232
1770206854921,2243.02,639.24,178962432,106217472,74761888,71.30,4192232
1770206855022,2246.49,640.57,178487296,106217472,74978104,71.50,4201762
1770206855123,2246.71,640.67,178487296,106217472,74980120,71.51,4201762
1770206855224,2249.09,642.67,178487296,106217472,75198312,71.71,4203100
1770206855324,2249.33,642.82,178487296,106217472,75200328,71.72,4203100
1770206855425,2249.48,642.90,178487296,106217472,75202320,71.72,4203100
1770206855526,2257.09,644.53,178503680,106217472,75421464,71.93,4212630
1770206855627,2257.29,644.61,178503680,106217472,75423480,71.93,4212630
1770206855728,2260.36,646.59,178520064,106217472,75635544,72.13,4213968
1770206855828,2260.70,646.73,178520064,106217472,75637560,72.13,4213968
1770206855929,2261.02,646.87,178520064,106217472,75639552,72.14,4213968
1770206856030,2262.73,648.14,178716672,106217472,75856152,72.34,4223498
1770206856130,2262.85,648.23,178716672,106217472,75858168,72.34,4223498
1770206856232,2264.85,649.98,178880512,106217472,76070272,72.55,4224836
1770206856333,2265.02,650.08,178880512,106217472,76072288,72.55,4224836
1770206856434,2265.20,650.19,178880512,106217472,76074280,72.55,4224836
1770206856535,2266.87,651.59,179093504,106217472,76290912,72.76,4234366
1770206856636,2267.01,651.66,179060736,106217472,76292928,72.76,4234366
1770206856737,2268.93,653.38,179273728,106217472,76504944,72.96,4235704
1770206856838,2269.10,653.49,179290112,106217472,76507064,72.96,4235704
1770206856939,2269.34,653.61,179290112,106217472,76509056,72.96,4235704
1770206857040,2276.33,656.03,179486720,106217472,61712744,58.85,4245234
1770206857140,2276.57,656.18,179486720,106217472,61714760,58.86,4245234
1770206857242,2279.23,657.92,179486720,106217472,61930144,59.06,4137892
1770206857343,2279.52,658.08,179486720,106217472,61932136,59.06,4137892
1770206857444,2279.78,658.22,179486720,106217472,61934128,59.06,4137892
1770206857545,2281.71,659.68,179486720,106217472,62151600,59.27,4147422
1770206857645,2281.87,659.78,179486720,106217472,62153592,59.27,4147422
1770206857746,2284.40,661.52,179486720,106217472,62365400,59.48,4148760
1770206857848,2284.63,661.67,179486720,106217472,62367392,59.48,4148760
1770206857949,2284.85,661.78,179486720,106217472,62369384,59.48,4148760
1770206858050,2287.35,663.40,179486720,106217472,62587408,59.69,4158290
1770206858151,2287.52,663.48,179486720,106217472,62589400,59.69,4158290
1770206858252,2292.76,665.30,179486720,106217472,62809648,59.90,4159628
1770206858353,2293.05,665.45,179486720,106217472,62811640,59.90,4159628
1770206858454,2293.33,665.63,179486720,106217472,62813632,59.90,4159628
1770206858555,2295.66,667.15,179486720,106217472,63025568,60.11,4169158
1770206858655,2295.82,667.26,179486720,106217472,63027560,60.11,4169158
1770206858755,2297.96,669.08,179486720,106217472,63239256,60.31,4170496
1770206858856,2298.26,669.23,179486720,106217472,63241248,60.31,4170496
1770206858956,2298.56,669.39,179486720,106217472,63243240,60.31,4170496
1770206859058,2302.32,671.22,179486720,106217472,63460456,60.52,4180026
1770206859159,2302.62,671.37,179486720,106217472,63462448,60.52,4180026
1770206859259,2305.41,673.34,179486720,106217472,63674152,60.72,4181364
1770206859361,2305.59,673.44,179486720,106217472,63676144,60.73,4181364
1770206859462,2305.79,673.53,179486720,106217472,63678136,60.73,4181364
1770206859563,2308.04,675.37,179486720,106217472,63894712,60.93,4190894
1770206859664,2308.26,675.47,179486720,106217472,63896704,60.94,4190894
1770206859764,2310.45,677.50,178962432,106217472,64108312,61.14,4192232
1770206859865,2373.68,683.67,129024000,55099392,41544280,39.62,4127024
1770206859966,2373.89,683.74,129024000,55099392,41550752,39.63,4127024
1770206860067,2377.76,685.53,129024000,55099392,41834608,39.90,4136554
1770206860168,2378.08,685.69,129024000,55099392,41836616,39.90,4136554
1770206860269,2380.98,687.28,129024000,55099392,42067712,40.12,4137892
1770206860370,2381.22,687.38,129024000,55099392,42069720,40.12,4137892
1770206860470,2461.71,695.12,117719040,45400064,41307936,39.39,4127024
1770206860572,2463.94,696.30,117981184,45400064,41776416,39.84,4136554
1770206860673,2464.24,696.43,117981184,45400064,41778424,39.84,4136554
1770206860774,2471.78,698.46,118194176,45400064,42016784,40.07,4137892
1770206860875,2472.08,698.62,118210560,45400064,42018792,40.07,4137892
1770206860975,2472.37,698.76,118210560,45400064,42020776,40.07,4137892
1770206861076,2537.21,702.78,118718464,44875776,41224168,39.31,4127024
1770206861177,2551.15,704.20,117751808,44875776,41595816,39.67,4127024
1770206861278,2555.41,706.10,118013952,44875776,41852352,39.91,4128362
1770206861379,2555.66,706.24,118030336,44875776,41854360,39.92,4128362
1770206861482,2557.61,707.52,118145024,44875776,41969080,40.02,4129033
1770206861583,2558.67,708.24,118243328,44875776,42083304,40.13,4137892
1770206861684,2558.84,708.33,118243328,44875776,42085312,40.14,4137892
1770206861785,2561.78,710.32,118456320,44875776,42311896,40.35,4139230
1770206861886,2561.95,710.42,118456320,44875776,42313904,40.35,4139230
1770206861985,2564.22,711.35,118571008,44875776,42428624,40.46,4139901
1770206862087,2567.40,712.64,119046144,48021504,41690624,39.76,4148760
1770206862187,2567.63,712.74,119046144,48021504,41692632,39.76,4148760
1770206862289,2572.78,714.55,119308288,48021504,41919088,39.98,4146751
1770206862390,2573.00,714.65,119308288,48021504,41921096,39.98,4146751
1770206862491,2574.79,715.99,119521280,48021504,42147656,40.20,4156281
1770206862592,2574.97,716.07,119521280,48021504,42149664,40.20,4156281
1770206862693,2575.16,716.19,119521280,48021504,42151648,40.20,4156281
1770206862794,2577.37,717.77,119734272,48021504,42378048,40.41,4157619
1770206862895,2577.59,717.87,119734272,48021504,42380056,40.42,4157619
1770206862995,2580.15,719.35,119947264,48021504,42606568,40.63,4167149
1770206863097,2580.26,719.40,119947264,48021504,42608576,40.63,4167149
1770206863198,2580.46,719.51,119963648,48021504,42610560,40.64,4167149
1770206863299,2583.61,721.25,120176640,48021504,42837008,40.85,4168487
1770206863400,2583.86,721.36,120176640,48021504,42839016,40.85,4168487
1770206863500,2587.08,723.38,120406016,48021504,43065256,41.07,4178017
1770206863601,2587.21,723.45,120406016,48021504,43067264,41.07,4178017
1770206863702,2587.33,723.52,120406016,48021504,43069248,41.07,4178017
1770206863802,2590.11,725.09,120619008,48021504,43295288,41.29,4179355
1770206863904,2590.35,725.21,120619008,48021504,43297296,41.29,4179355
1770206864004,2592.64,726.85,120848384,48021504,43523488,41.51,4188885
1770206864105,2592.73,726.90,120848384,48021504,43525496,41.51,4188885
1770206864206,2592.86,726.95,120848384,48021504,43527480,41.51,4188885
1770206864307,2596.93,728.60,120848384,48021504,42170920,40.22,4137892
1770206864408,2597.21,728.77,120848384,48021504,42172904,40.22,4137892
1770206864509,2604.83,730.45,120946688,48021504,42407832,40.44,4147422
1770206864610,2605.07,730.57,120946688,48021504,42409840,40.45,4147422
1770206864711,2605.30,730.71,120946688,48021504,42411824,40.45,4147422
1770206864812,2607.52,732.05,120946688,48021504,42637728,40.66,4148760
1770206864913,2607.69,732.14,120946688,48021504,42639712,40.66,4148760
1770206865014,2611.17,734.02,121159680,48021504,42866400,40.88,4158290
1770206865115,2611.29,734.09,121159680,48021504,42868408,40.88,4158290
1770206865216,2611.48,734.15,121159680,48021504,42870392,40.88,4158290
1770206865316,2614.12,735.92,121372672,48021504,43095944,41.10,4159628
1770206865417,2614.42,736.07,121372672,48021504,43097952,41.10,4159628
1770206865519,2618.15,738.04,121585664,48021504,43323712,41.32,4169158
1770206865620,2618.42,738.15,121585664,48021504,43325720,41.32,4169158
1770206865721,2618.73,738.32,121602048,48021504,43327704,41.32,4169158
1770206865822,2621.79,740.17,121831424,48021504,43553288,41.54,4170496
1770206865923,2622.05,740.31,121831424,48021504,43555296,41.54,4170496
1770206866025,2627.62,742.47,122044416,48283648,42309288,40.35,4145413
1770206866126,2627.88,742.57,122044416,48283648,42311296,40.35,4145413
1770206866226,2628.16,742.69,122044416,48283648,42313280,40.35,4145413
1770206866327,2631.22,744.42,122044416,48283648,42538848,40.57,4146751
1770206866428,2631.51,744.55,122044416,48283648,42540832,40.57,4146751
1770206866529,2636.44,746.47,122044416,48283648,42766600,40.79,4156281
1770206866630,2636.70,746.58,122044416,48283648,42768584,40.79,4156281
1770206866731,2636.99,746.70,122044416,48283648,42770568,40.79,4156281
1770206866831,2640.33,748.67,122044416,48283648,42995832,41.00,4157619
1770206866932,2640.57,748.80,122044416,48283648,42997816,41.01,4157619
1770206867033,2643.27,750.45,122044416,48283648,43223400,41.22,4167149
1770206867134,2643.47,750.52,122044416,48283648,43225384,41.22,4167149
1770206867234,2643.73,750.59,122044416,48283648,43227368,41.22,4167149
1770206867336,2646.44,752.32,122044416,48283648,43452560,41.44,4168487
1770206867437,2646.75,752.45,122044416,48283648,43454544,41.44,4168487
1770206867538,2649.88,754.24,122060800,48283648,43680000,41.66,4178017
1770206867639,2650.13,754.35,122060800,48283648,43681984,41.66,4178017
1770206867740,2650.42,754.50,122060800,48283648,43683968,41.66,4178017
1770206867841,2659.43,757.28,119144448,45400064,42460968,40.49,4179355
1770206867942,2659.71,757.41,119144448,45400064,42462952,40.50,4179355
1770206868043,2663.87,759.36,119144448,45400064,42688416,40.71,4146084
1770206868144,2664.17,759.50,119144448,45400064,42690424,40.71,4146084
1770206868245,2664.46,759.65,119144448,45400064,42692408,40.71,4146084
1770206868345,2667.91,761.70,119144448,45400064,42917640,40.93,4147422
1770206868446,2668.20,761.84,119144448,45400064,42919624,40.93,4147422
1770206868546,2671.32,763.67,119144448,45400064,43145080,41.15,4156952
1770206868648,2671.60,763.79,119144448,45400064,43147088,41.15,4156952
1770206868749,2671.84,763.90,119144448,45400064,43149072,41.15,4156952
1770206868850,2675.03,765.40,119816192,46710784,42730352,40.75,4137892
1770206868951,2675.17,765.47,119816192,46710784,42732336,40.75,4137892
1770206869052,2677.61,766.97,120029184,46710784,42957816,40.97,4147422
1770206869153,2677.75,767.05,120029184,46710784,42959800,40.97,4147422
1770206869255,2677.97,767.15,120029184,46710784,42961784,40.97,4147422
1770206869355,2680.70,768.96,120258560,46710784,43187032,41.19,4148760
1770206869455,2680.93,769.10,120258560,46710784,43189016,41.19,4148760
1770206869556,2684.07,770.72,120569856,46710784,42661448,40.69,4158290
1770206869657,2684.32,770.82,120569856,46710784,42663432,40.69,4158290
1770206869758,2684.59,770.93,120569856,46710784,42665416,40.69,4158290
1770206869859,2687.84,772.71,120569856,46710784,42890952,40.90,4137892
1770206869960,2688.14,772.87,120569856,46710784,42892936,40.91,4137892
1770206870061,2693.30,776.07,120569856,46710784,43156032,41.16,4147422
1770206870162,2693.60,776.18,120569856,46710784,43158016,41.16,4147422
1770206870262,2693.85,776.32,120569856,46710784,43160000,41.16,4147422
1770206870364,2706.39,778.04,120586240,46710784,43394416,41.38,4148760
1770206870466,2706.54,778.12,120586240,46710784,43396400,41.39,4148760
1770206870567,2709.49,779.69,120733696,46972928,42898304,40.91,4158290
1770206870668,2709.63,779.76,120733696,46972928,42900288,40.91,4158290
1770206870769,2709.80,779.84,120733696,46972928,42902272,40.91,4158290
1770206870869,2712.91,781.60,120733696,46972928,43126344,41.13,4138559
1770206870971,2713.05,781.67,120733696,46972928,43128352,41.13,4138559
1770206871072,2719.12,783.10,120750080,46972928,43358792,41.35,4148089
1770206871173,2719.34,783.20,120750080,46972928,43360800,41.35,4148089
1770206871274,2719.60,783.36,120750080,46972928,43362784,41.35,4148089
1770206871375,2723.44,784.87,120750080,46972928,43581592,41.56,4149427
1770206871476,2723.66,784.95,120750080,46972928,43583600,41.56,4149427
1770206871578,2726.61,786.68,120881152,47235072,43050752,41.06,4145413
1770206871679,2726.85,786.84,120881152,47235072,43052736,41.06,4145413
1770206871780,2727.13,787.01,120881152,47235072,43054720,41.06,4145413
1770206871881,2733.67,789.07,120881152,47235072,43358776,41.35,4146751
1770206871982,2733.94,789.19,120881152,47235072,43360760,41.35,4146751
1770206872083,2739.13,791.43,120881152,47235072,43579784,41.56,4156281
1770206872184,2739.41,791.57,120881152,47235072,43581768,41.56,4156281
1770206872284,2739.69,791.70,120881152,47235072,43583752,41.56,4156281
1770206872386,2743.15,793.74,120881152,47235072,43801720,41.77,4157619
1770206872488,2743.42,793.88,120881152,47235072,43803704,41.77,4157619
1770206872589,2747.45,796.20,121143296,49594368,43289976,41.28,4145413
1770206872690,2747.77,796.35,121143296,49594368,43291960,41.29,4145413
1770206872791,2748.07,796.48,121143296,49594368,43293944,41.29,4145413
1770206872892,2755.71,798.56,121159680,49594368,43516744,41.50,4146751
1770206872993,2755.96,798.68,121159680,49594368,43518728,41.50,4146751
1770206873095,2759.12,800.49,121208832,49594368,43736960,41.71,4156281
1770206873195,2759.41,800.62,121208832,49594368,43738944,41.71,4156281
1770206873296,2759.70,800.75,121208832,49594368,43740928,41.71,4156281
1770206873396,2765.23,802.50,121208832,49594368,43959016,41.92,4157619
1770206873498,2765.43,802.57,121208832,49594368,43961000,41.92,4157619
1770206873599,2775.84,804.76,121339904,49594368,44191544,42.14,4167149
1770206873700,2776.14,804.89,121339904,49594368,44193528,42.15,4167149
1770206873801,2776.41,805.01,121339904,49594368,44195512,42.15,4167149
1770206873902,2779.41,806.97,121536512,49594368,44668480,42.60,4168487
1770206874003,2779.70,807.11,121552896,49594368,44670464,42.60,4168487
1770206874103,2781.60,808.46,121749504,49594368,44888656,42.81,4178017
1770206874203,2781.88,808.57,121749504,49594368,44890640,42.81,4178017
1770206874305,2782.19,808.71,121749504,49594368,44892624,42.81,4178017
1770206874406,2785.02,810.68,121978880,49594368,45110632,43.02,4179355
1770206874507,2785.31,810.81,121978880,49594368,45112616,43.02,4179355
1770206874608,2788.42,812.50,122208256,49594368,45330744,43.23,4188885
1770206874709,2788.73,812.66,122208256,49594368,45332728,43.23,4188885
1770206874810,2788.93,812.76,122208256,49594368,45334712,43.23,4188885
1770206874910,2792.49,814.66,122355712,49856512,43977128,41.94,4137892
1770206875012,2792.75,814.82,122355712,49856512,43979112,41.94,4137892
1770206875112,2794.81,816.73,122355712,49856512,44197384,42.15,4147422
1770206875214,2794.94,816.79,122355712,49856512,44199368,42.15,4147422
1770206875315,2796.50,817.77,122355712,49856512,44309800,42.26,4148093
1770206875416,2797.26,818.31,122355712,49856512,44419208,42.36,4148760
1770206875517,2797.38,818.37,122355712,49856512,44421192,42.36,4148760
1770206875618,2816.69,820.10,122568704,49856512,44715432,42.64,4158290
1770206875719,2816.83,820.17,122568704,49856512,44717416,42.65,4158290
1770206875819,2818.89,822.08,122781696,49856512,44933416,42.85,4159628
1770206875919,2819.00,822.13,122781696,49856512,44935400,42.85,4159628
1770206876020,2819.17,822.24,122781696,49856512,44937384,42.86,4159628
1770206876121,2840.83,824.14,123076608,49856512,45153776,43.06,4169158
1770206876222,2840.95,824.20,123076608,49856512,45155760,43.06,4169158
1770206876321,2843.70,825.92,123551744,50380800,44096368,42.05,4170496
1770206876422,2843.81,825.96,123551744,50380800,44098376,42.06,4170496
1770206876523,2844.01,826.06,123551744,50380800,44100360,42.06,4170496
1770206876624,2846.83,827.94,123568128,50380800,44313608,42.26,4146084
1770206876724,2847.06,828.07,123568128,50380800,44315592,42.26,4146084
1770206876824,2849.87,829.84,123568128,50380800,44528512,42.47,4147422
1770206876926,2849.97,829.88,123568128,50380800,44530496,42.47,4147422
1770206877027,2850.19,829.97,123568128,50380800,44532480,42.47,4147422
1770206877128,2852.89,831.86,123568128,50380800,44745728,42.67,4156952
1770206877229,2853.14,831.97,123568128,50380800,44747712,42.67,4156952
1770206877329,2857.74,833.55,123568128,50380800,44960928,42.88,4158290
1770206877429,2857.85,833.60,123568128,50380800,44962912,42.88,4158290
1770206877530,2858.07,833.74,123568128,50380800,44964896,42.88,4158290
1770206877631,2869.36,835.81,123584512,50380800,45179496,43.09,4167820
1770206877732,2869.65,835.96,123584512,50380800,45181504,43.09,4167820
1770206877832,2872.40,837.67,123584512,50380800,45392000,43.29,4169158
1770206877933,2872.58,837.73,123584512,50380800,45393984,43.29,4169158
1770206878034,2872.85,837.84,123584512,50380800,45395968,43.29,4169158
1770206878135,2874.89,839.33,123584512,50380800,45606728,43.49,4178688
1770206878235,2875.01,839.39,123584512,50380800,45608736,43.50,4178688
1770206878336,2878.91,841.13,123813888,50380800,44541584,42.48,4137892
1770206878437,2879.01,841.17,123813888,50380800,44543568,42.48,4137892
1770206878538,2879.18,841.27,123813888,50380800,44545552,42.48,4137892
1770206878639,2881.39,842.88,123830272,50380800,44756272,42.68,4147422
1770206878740,2881.69,843.04,123830272,50380800,44758256,42.68,4147422
1770206878841,2884.27,844.81,123830272,50380800,44968712,42.89,4148760
1770206878942,2884.46,844.89,123830272,50380800,44970696,42.89,4148760
1770206879043,2884.76,845.03,123830272,50380800,44972680,42.89,4148760
1770206879144,2891.57,846.64,123830272,50380800,45184000,43.09,4158290
1770206879245,2891.83,846.75,123830272,50380800,45185984,43.09,4158290
1770206879345,2895.57,848.43,123830272,50380800,45396720,43.29,4159628
1770206879446,2895.77,848.49,123830272,50380800,45398704,43.30,4159628
1770206879547,2896.03,848.58,123830272,50380800,45400688,43.30,4159628
1770206879647,2898.78,850.38,123830272,50380800,45611104,43.50,4169158
1770206879748,2899.00,850.48,123830272,50380800,45613088,43.50,4169158
1770206879849,2901.76,852.37,123846656,50380800,45823232,43.70,4170496
1770206879949,2901.99,852.47,123846656,50380800,45826168,43.70,4170496
1770206880050,2902.16,852.56,123846656,50380800,45828152,43.71,4170496
1770206880150,2904.83,854.25,123994112,50380800,46038568,43.91,4180026
1770206880250,2905.04,854.35,123994112,50380800,46040576,43.91,4180026
1770206880350,2909.35,857.24,121143296,47497216,44759960,42.69,4137892
1770206880451,2909.47,857.29,121143296,47497216,44761944,42.69,4137892
1770206880552,2909.59,857.34,121143296,47497216,44763928,42.69,4137892
1770206880653,2911.11,858.61,121143296,47497216,44974408,42.89,4147422
1770206880753,2911.27,858.70,121143296,47497216,44976392,42.89,4147422
1770206880854,2913.34,860.23,121143296,47497216,45186600,43.09,4148760
1770206880955,2913.45,860.30,121143296,47497216,45188584,43.10,4148760
1770206881056,2913.59,860.36,121143296,47497216,45190568,43.10,4148760
1770206881157,2917.48,862.45,121864192,51167232,44811272,42.74,4146084
1770206881258,2917.67,862.54,121864192,51167232,44813256,42.74,4146084
1770206881358,2919.57,864.27,122093568,51167232,45023400,42.94,4147422
1770206881459,2919.77,864.39,122093568,51167232,45025384,42.94,4147422
1770206881559,2919.94,864.49,122093568,51167232,45027368,42.94,4147422
1770206881659,3067.77,877.30,159449088,96256000,69965504,66.72,4146084
1770206881761,3202.78,880.71,170885120,97828864,75499480,72.00,4136554
1770206881862,3204.15,882.04,170885120,97828864,75709528,72.20,4137892
1770206881962,3204.31,882.08,170885120,97828864,75711568,72.20,4137892
1770206882064,3204.56,882.19,170885120,97828864,75713552,72.21,4137892
1770206882165,3209.97,884.05,170901504,97828864,75924160,72.41,4147422
1770206882266,3210.23,884.19,170901504,97828864,75926168,72.41,4147422
1770206882367,3214.00,885.89,170901504,97828864,76136312,72.61,4148760
1770206882468,3214.23,885.99,170835968,97828864,76138320,72.61,4148760
1770206882569,3214.49,886.16,170835968,97828864,76140304,72.61,4148760
1770206882671,3223.20,888.54,171917312,98615296,63761088,60.81,4158290
1770206882773,3223.51,888.69,171917312,98615296,63763096,60.81,4158290
1770206882874,3226.21,890.36,171917312,98615296,63973096,61.01,4147422
1770206882974,3226.43,890.42,171884544,98615296,63975080,61.01,4147422
1770206883076,3226.73,890.58,171884544,98615296,63977064,61.01,4147422
1770206883177,3229.56,892.26,171900928,98615296,64187320,61.21,4156952
1770206883277,3229.94,892.41,171900928,98615296,64189328,61.22,4156952
1770206883378,3232.97,894.27,171900928,98615296,64399400,61.42,4158290
1770206883479,3233.18,894.36,171900928,98615296,64401384,61.42,4158290
1770206883580,3233.49,894.50,171900928,98615296,64403368,61.42,4158290
1770206883682,3235.39,895.70,171900928,98615296,64613640,61.62,4167820
1770206883783,3235.65,895.82,171900928,98615296,64615648,61.62,4167820
1770206883884,3241.89,897.98,171900928,98615296,64826200,61.82,4169158
1770206883984,3242.17,898.07,171900928,98615296,64828208,61.82,4169158
1770206884086,3242.48,898.20,171900928,98615296,64830192,61.83,4169158
1770206884186,3245.52,900.09,171900928,98615296,65103184,62.09,4178688
1770206884288,3245.80,900.22,171900928,98615296,65105192,62.09,4178688
1770206884389,3247.67,901.89,171900928,98615296,65315192,62.29,4180026
1770206884490,3247.82,901.97,171900928,98615296,65317200,62.29,4180026
1770206884591,3247.99,902.07,171900928,98615296,65319184,62.29,4180026
1770206884692,3249.97,903.50,171900928,98615296,65529456,62.49,4189556
1770206884794,3250.28,903.67,171900928,98615296,65531464,62.50,4189556
1770206884895,3253.10,905.37,171900928,98615296,65741520,62.70,4190894
1770206884996,3253.39,905.51,171900928,98615296,65743528,62.70,4190894
1770206885097,3253.69,905.64,171900928,98615296,65745512,62.70,4190894
1770206885197,3256.34,907.43,171917312,98615296,65955800,62.90,4200424
1770206885298,3256.48,907.51,171819008,98615296,65957808,62.90,4200424
1770206885398,3257.97,908.74,171819008,98615296,66167840,63.10,4201762
1770206885498,3258.15,908.81,171819008,98615296,66169848,63.10,4201762
1770206885600,3258.38,908.94,171819008,98615296,66171832,63.11,4201762
1770206885701,3260.99,910.47,171819008,98615296,66382128,63.31,4211292
1770206885801,3261.19,910.61,171819008,98615296,66384136,63.31,4211292
1770206885902,3262.94,912.36,171819008,98615296,66594280,63.51,4212630
1770206886004,3263.13,912.46,171819008,98615296,66596288,63.51,4212630
1770206886105,3263.38,912.65,171819008,98615296,66598272,63.51,4212630
1770206886206,3265.77,914.32,171819008,98615296,66808552,63.71,4222160
1770206886307,3266.06,914.50,171819008,98615296,66810560,63.72,4222160
1770206886409,3269.06,916.33,171819008,98615296,67020632,63.92,4223498
1770206886510,3269.30,916.48,171819008,98615296,67022640,63.92,4223498
1770206886610,3269.48,916.58,171819008,98615296,67024624,63.92,4223498
1770206886711,3272.03,918.25,171819008,98615296,67234920,64.12,4233028
1770206886813,3272.24,918.34,171819008,98615296,67236928,64.12,4233028
1770206886914,3278.42,920.09,171835392,98615296,67448864,64.32,4234366
1770206887015,3278.71,920.26,171835392,98615296,67450872,64.33,4234366
1770206887116,3278.98,920.43,171835392,98615296,67452856,64.33,4234366
1770206887217,3281.26,922.25,171851776,98615296,67663064,64.53,4243896
1770206887318,3281.56,922.43,171851776,98615296,67665072,64.53,4243896
1770206887419,3284.22,924.40,171851776,98615296,67875016,64.73,4245234
1770206887519,3284.53,924.56,171851776,98615296,67877024,64.73,4245234
1770206887621,3284.84,924.75,171851776,98615296,67879008,64.73,4245234
1770206887721,3287.68,926.75,171884544,98615296,68089184,64.93,4254764
1770206887823,3289.12,926.91,171884544,98615296,68091248,64.94,4254764
1770206887924,3290.26,927.69,171884544,98615296,68301264,65.14,4256102
1770206888025,3290.39,927.75,171884544,98615296,68303272,65.14,4256102
1770206888126,3290.52,927.83,171884544,98615296,68305256,65.14,4256102
1770206888227,3292.40,929.15,171884544,98615296,68515608,65.34,4265632
1770206888328,3292.71,929.32,171884544,98615296,68517616,65.34,4265632
1770206888429,3295.59,931.19,171884544,98615296,68727632,65.54,4266970
1770206888530,3295.87,931.34,171884544,98615296,68729640,65.55,4266970
1770206888631,3296.16,931.50,171884544,98615296,68731624,65.55,4266970
1770206888733,3299.14,933.40,171900928,98615296,68941832,65.75,4276500
1770206888834,3299.43,933.54,171900928,98615296,68943840,65.75,4276500
1770206888935,3302.09,935.45,171900928,98615296,69351872,66.14,4277838
1770206889036,3302.33,935.59,171900928,98615296,69353880,66.14,4277838
1770206889137,3302.51,935.68,171900928,98615296,69355864,66.14,4277838
1770206889238,3304.51,937.87,171900928,98615296,69566696,66.34,4287368
1770206889338,3304.71,938.00,171900928,98615296,69568704,66.35,4287368
1770206889439,3306.54,939.32,171900928,98615296,69778744,66.55,4288706
1770206889540,3306.81,939.46,171900928,98615296,69780752,66.55,4288706
1770206889640,3307.10,939.60,171900928,98615296,69782736,66.55,4288706
1770206889741,3317.98,941.74,171900928,98615296,69993976,66.75,4298236
1770206889842,3394.63,952.43,128581632,55099392,41814488,39.88,4127024
1770206889943,3398.60,954.03,128614400,55099392,42313792,40.35,4128362
1770206890043,3398.81,954.11,128614400,55099392,42315800,40.36,4128362
1770206890145,3399.07,954.20,128614400,55099392,42317784,40.36,4128362
1770206890246,3402.04,956.01,128614400,55099392,42543296,40.57,4137892
1770206890346,3402.30,956.14,128614400,55099392,42545304,40.57,4137892
1770206890448,3478.48,965.22,118751232,45400064,41978056,40.03,4128362
1770206890549,3478.73,965.32,118751232,45400064,41980112,40.04,4128362
1770206890650,3478.97,965.44,118751232,45400064,41982096,40.04,4128362
1770206890750,3481.36,967.35,118980608,45400064,42207632,40.25,4137892
1770206890850,3481.47,967.39,118980608,45400064,42209640,40.25,4137892
1770206890952,3484.03,969.07,119209984,45400064,42434976,40.47,4139230
1770206891052,3555.63,972.36,118554624,44875776,41549296,39.62,4127024
1770206891152,3555.94,972.50,118554624,44875776,41553648,39.63,4127024
1770206891254,3564.09,974.28,118816768,44875776,41882336,39.94,4136554
1770206891355,3564.28,974.38,118816768,44875776,41884344,39.94,4136554
1770206891458,3567.73,976.33,119029760,44875776,42109608,40.16,4137892
1770206891559,3568.05,976.43,119046144,44875776,42111616,40.16,4137892
1770206891660,3571.58,977.69,119160832,44875776,42225600,40.27,4138563
1770206891762,3573.29,978.40,119259136,44875776,42339232,40.38,4147422
1770206891864,3573.60,978.57,119259136,44875776,42341240,40.38,4147422
1770206891964,3577.13,980.83,119848960,48021504,41717768,39.79,4148760
1770206892066,3577.29,980.92,119848960,48021504,41719776,39.79,4148760
1770206892166,3579.09,982.18,120094720,48021504,41945048,40.00,4146751
1770206892267,3579.20,982.24,120094720,48021504,41947056,40.00,4146751
1770206892368,3579.39,982.34,120094720,48021504,41949040,40.01,4146751
1770206892469,3581.78,984.13,120307712,48021504,42174152,40.22,4148089
1770206892570,3582.02,984.26,120324096,48021504,42176160,40.22,4148089
1770206892671,3585.09,986.21,120537088,48021504,42401568,40.44,4157619
1770206892772,3585.22,986.27,120537088,48021504,42403576,40.44,4157619
1770206892872,3585.39,986.36,120537088,48021504,42405560,40.44,4157619
1770206892974,3588.36,988.06,120750080,48021504,42630688,40.66,4158957
1770206893074,3588.48,988.13,120750080,48021504,42632696,40.66,4158957
1770206893176,3591.04,989.91,120963072,48021504,42857952,40.87,4168487
1770206893277,3591.27,990.01,120963072,48021504,42859960,40.87,4168487
1770206893378,3591.53,990.12,120963072,48021504,42861944,40.88,4168487
1770206893479,3595.13,992.03,121192448,48021504,43114824,41.12,4169825
1770206893580,3595.40,992.16,121192448,48021504,43116832,41.12,4169825
1770206893680,3599.85,994.28,121503744,48021504,41956424,40.01,4179355
1770206893780,3600.04,994.37,121503744,48021504,41958432,40.01,4179355
1770206893882,3600.35,994.52,121503744,48021504,41960416,40.02,4179355
1770206893983,3603.51,996.45,121503744,48021504,42188608,40.23,4137892
1770206894084,3603.67,996.55,121503744,48021504,42190592,40.24,4137892
1770206894184,3606.74,998.28,121503744,48021504,42419752,40.45,4147422
1770206894284,3606.90,998.34,121503744,48021504,42421736,40.46,4147422
1770206894384,3607.09,998.41,121503744,48021504,42423720,40.46,4147422
1770206894486,3615.48,1000.15,121602048,48283648,42905160,40.92,4148760
1770206894586,3615.65,1000.24,121602048,48283648,42907144,40.92,4148760
1770206894687,3618.63,1001.96,121798656,48283648,43132352,41.13,4158290
1770206894787,3618.80,1002.03,121798656,48283648,43134360,41.14,4158290
1770206894888,3619.09,1002.15,121798656,48283648,43136344,41.14,4158290
1770206894988,3623.66,1004.12,122028032,48283648,43361680,41.35,4159628
1770206895090,3623.96,1004.26,122028032,48283648,43363688,41.35,4159628
1770206895191,3626.86,1006.15,122241024,48283648,43588560,41.57,4169158
1770206895291,3626.99,1006.23,122257408,48283648,43590568,41.57,4169158
1770206895393,3627.21,1006.32,122257408,48283648,43592552,41.57,4169158
1770206895494,3630.12,1008.32,122486784,48283648,43817152,41.79,4170496
1770206895595,3630.31,1008.39,122486784,48283648,43819160,41.79,4170496
1770206895696,3635.37,1010.40,122601472,48283648,42548608,40.58,4145413
1770206895796,3635.48,1010.45,122601472,48283648,42550616,40.58,4145413
1770206895897,3635.60,1010.53,122601472,48283648,42552600,40.58,4145413
1770206895998,3637.99,1012.15,122601472,48283648,42777240,40.80,4146751
1770206896098,3638.12,1012.23,122601472,48283648,42779224,40.80,4146751
1770206896198,3641.00,1014.12,122601472,48283648,43004072,41.01,4156281
1770206896298,3641.09,1014.17,122601472,48283648,43006080,41.01,4156281
1770206896400,3641.27,1014.25,122601472,48283648,43008064,41.02,4156281
1770206896500,3644.28,1015.51,122601472,48283648,43232752,41.23,4157619
1770206896602,3644.47,1015.57,122601472,48283648,43234736,41.23,4157619
1770206896702,3647.46,1017.33,122617856,48283648,43459592,41.45,4167149
1770206896803,3647.58,1017.41,122617856,48283648,43461600,41.45,4167149
1770206896904,3647.73,1017.49,122617856,48283648,43463584,41.45,4167149
1770206897005,3650.62,1019.12,122617856,48283648,43688192,41.66,4168487
1770206897106,3650.78,1019.20,122617856,48283648,43690192,41.67,4168487
1770206897207,3654.99,1021.21,122896384,49070080,42698936,40.72,4178017
1770206897308,3655.08,1021.26,122896384,49070080,42700944,40.72,4178017
1770206897409,3655.20,1021.34,122896384,49070080,42702928,40.72,4178017
1770206897510,3661.35,1022.91,122896384,49070080,42928720,40.94,4137892
1770206897611,3661.47,1023.00,122896384,49070080,42930704,40.94,4137892
1770206897712,3664.17,1024.56,122896384,49070080,43155488,41.16,4147422
1770206897811,3664.26,1024.61,122896384,49070080,43157472,41.16,4147422
1770206897913,3664.42,1024.69,122896384,49070080,43159456,41.16,4147422
1770206898014,3667.42,1026.47,122912768,49070080,43384072,41.37,4148760
1770206898115,3667.70,1026.58,122912768,49070080,43386056,41.38,4148760
1770206898216,3670.67,1028.26,122912768,49070080,43610912,41.59,4158290
1770206898317,3670.88,1028.37,122912768,49070080,43612896,41.59,4158290
1770206898417,3671.09,1028.48,122912768,49070080,43614880,41.59,4158290
1770206898518,3673.82,1030.06,122912768,49070080,43839512,41.81,4159628
1770206898619,3674.04,1030.15,122912768,49070080,43841496,41.81,4159628
1770206898719,3678.11,1031.86,122912768,49070080,44066760,42.03,4169158
1770206898820,3678.22,1031.91,122912768,49070080,44068744,42.03,4169158
1770206898920,3678.36,1032.01,122912768,49070080,44070728,42.03,4169158
1770206899022,3682.38,1033.71,123109376,49070080,42934720,40.95,4170496
1770206899123,3682.53,1033.79,123109376,49070080,42936704,40.95,4170496
1770206899225,3685.34,1035.51,123125760,49070080,43161992,41.16,4146084
1770206899326,3685.54,1035.59,123125760,49070080,43164000,41.16,4146084
1770206899427,3685.78,1035.71,123125760,49070080,43165984,41.17,4146084
1770206899528,3688.80,1037.57,123125760,49070080,43390672,41.38,4147422
1770206899628,3689.04,1037.65,123125760,49070080,43392656,41.38,4147422
1770206899729,3692.23,1039.68,123125760,49070080,43617440,41.60,4156952
1770206899830,3692.53,1039.82,123125760,49070080,43619448,41.60,4156952
1770206899931,3692.80,1039.92,123125760,49070080,43621432,41.60,4156952
1770206900032,3703.44,1041.86,123142144,49070080,43847456,41.82,4158290
1770206900133,3703.70,1041.98,123142144,49070080,43849440,41.82,4158290
1770206900234,3712.17,1043.94,123158528,49070080,44074256,42.03,4167820
1770206900335,3712.33,1044.03,123158528,49070080,44076264,42.03,4167820
1770206900435,3712.47,1044.11,123158528,49070080,44078248,42.04,4167820
1770206900537,3715.26,1045.81,123158528,49070080,44302496,42.25,4169158
1770206900637,3715.56,1045.95,123158528,49070080,44304480,42.25,4169158
1770206900739,3717.82,1047.35,123240448,49070080,44528952,42.47,4178688
1770206900840,3718.07,1047.44,123240448,49070080,44530960,42.47,4178688
1770206900941,3718.34,1047.58,123240448,49070080,44532944,42.47,4178688
1770206901043,3722.49,1049.60,123568128,49070080,43256240,41.25,4180026
1770206901143,3722.64,1049.68,123568128,49070080,43258248,41.25,4180026
1770206901245,3729.39,1051.91,123584512,49070080,43482704,41.47,4146751
1770206901346,3729.52,1051.99,123584512,49070080,43484688,41.47,4146751
1770206901447,3729.65,1052.07,123584512,49070080,43486672,41.47,4146751
1770206901548,3741.19,1053.84,123584512,49070080,43711160,41.69,4148089
1770206901648,3741.43,1053.95,123584512,49070080,43713144,41.69,4148089
1770206901749,3753.06,1055.97,123600896,49070080,44039520,42.00,4157619
1770206901850,3753.20,1056.06,123600896,49070080,44041504,42.00,4157619
1770206901951,3753.37,1056.14,123600896,49070080,44043488,42.00,4157619
1770206902052,3758.89,1058.02,123600896,49070080,44260096,42.21,4158957
1770206902152,3759.28,1058.27,123600896,49070080,44262080,42.21,4158957
1770206902254,3762.36,1060.19,123600896,49070080,44478144,42.42,4168487
1770206902354,3762.65,1060.33,123600896,49070080,44480128,42.42,4168487
1770206902456,3762.91,1060.44,123600896,49070080,44482112,42.42,4168487
1770206902557,3765.93,1062.24,123600896,49070080,44697912,42.63,4169825
1770206902658,3766.11,1062.34,123600896,49070080,44699896,42.63,4169825
1770206902759,3771.78,1063.96,123617280,49070080,44917616,42.84,4179355
1770206902861,3772.04,1064.10,123617280,49070080,44919600,42.84,4179355
1770206902962,3772.24,1064.17,123617280,49070080,44921584,42.84,4179355
1770206903063,3777.24,1066.64,124174336,53788672,43726264,41.70,4137892
1770206903163,3777.54,1066.76,124174336,53788672,43728248,41.70,4137892
1770206903265,3787.56,1068.74,124207104,53788672,43978792,41.94,4147422
1770206903366,3787.71,1068.83,124207104,53788672,43980776,41.94,4147422
1770206903468,3787.85,1068.91,124207104,53788672,43982760,41.95,4147422
1770206903569,3790.43,1070.68,124207104,53788672,44198728,42.15,4148760
1770206903669,3790.55,1070.76,124207104,53788672,44200712,42.15,4148760
1770206903769,3792.82,1072.27,124207104,53788672,44416736,42.36,4158290
1770206903871,3792.92,1072.33,124207104,53788672,44418720,42.36,4158290
1770206903971,3793.04,1072.41,124207104,53788672,44420704,42.36,4158290
1770206904073,3795.62,1074.03,124223488,53788672,44636552,42.57,4159628
1770206904174,3795.93,1074.17,124223488,53788672,44638536,42.57,4159628
1770206904274,3799.47,1076.59,124223488,53788672,44854576,42.78,4169158
1770206904376,3799.73,1076.72,124223488,53788672,44856560,42.78,4169158
1770206904477,3799.95,1076.85,124223488,53788672,44858544,42.78,4169158
1770206904577,3802.67,1078.50,124223488,53788672,45074880,42.99,4170496
1770206904679,3802.85,1078.60,124223488,53788672,45076864,42.99,4170496
1770206904780,3805.34,1080.15,124223488,53788672,45292928,43.19,4180026
1770206904880,3805.47,1080.23,124223488,53788672,45294912,43.20,4180026
1770206904981,3805.64,1080.31,124223488,53788672,45296896,43.20,4180026
1770206905083,3807.87,1081.99,124436480,53788672,45512712,43.40,4181364
1770206905184,3808.04,1082.09,124436480,53788672,45514720,43.41,4181364
1770206905285,3830.82,1083.85,124665856,53788672,45987760,43.86,4190894
1770206905386,3830.97,1083.91,124665856,53788672,45989768,43.86,4190894
1770206905487,3831.21,1084.01,124682240,53788672,45991752,43.86,4190894
1770206905588,3833.57,1085.55,124878848,53788672,46205608,44.07,4192232
1770206905688,3833.74,1085.64,124878848,53788672,46207616,44.07,4192232
1770206905789,3839.94,1087.92,125075456,53788672,46422144,44.27,4201762
1770206905891,3840.06,1088.00,125075456,53788672,46424152,44.27,4201762
1770206905992,3840.17,1088.10,125091840,53788672,46426136,44.28,4201762
1770206906093,3873.86,1089.97,125353984,53788672,46640464,44.48,4203100
1770206906193,3874.00,1090.04,125353984,53788672,46642472,44.48,4203100
1770206906293,3876.62,1091.68,125550592,53788672,46853536,44.68,4212630
1770206906394,3876.73,1091.75,125550592,53788672,46855544,44.68,4212630
1770206906496,3876.84,1091.84,125550592,53788672,46857528,44.69,4212630
1770206906597,3879.23,1093.39,125763584,53788672,47068192,44.89,4213968
1770206906698,3879.45,1093.53,125763584,53788672,47070200,44.89,4213968
1770206906799,3881.92,1095.34,125976576,53788672,47281232,45.09,4223498
1770206906900,3882.16,1095.45,125976576,53788672,47283240,45.09,4223498
1770206907002,3886.29,1096.66,126074880,53788672,47390312,45.19,4224169
1770206907103,3890.07,1097.41,126173184,53788672,47496272,45.30,4224836
1770206907204,3890.34,1097.51,126173184,53788672,47498280,45.30,4224836
1770206907304,3901.55,1099.80,126631936,54837248,44540584,42.48,4145413
1770206907406,3901.72,1099.90,126631936,54837248,44542064,42.48,4145413
1770206907506,3903.61,1101.07,126631936,54837248,44648480,42.58,4146084
1770206907607,3904.49,1101.75,126631936,54837248,44753896,42.68,4146751
1770206907708,3904.71,1101.90,126631936,54837248,44755376,42.68,4146751
1770206907809,3907.80,1102.61,126631936,54837248,44967544,42.88,4156281
1770206907910,3907.88,1102.66,126631936,54837248,44969024,42.89,4156281
1770206908010,3908.76,1103.31,126648320,54837248,45179112,43.09,4157619
1770206908111,3908.90,1103.37,126648320,54837248,45180592,43.09,4157619
1770206908212,3909.05,1103.43,126648320,54837248,45182072,43.09,4157619
1770206908313,3913.14,1105.23,126664704,54837248,45392424,43.29,4167149
1770206908414,3913.31,1105.32,126664704,54837248,45393904,43.29,4167149
1770206908514,3915.97,1107.13,126664704,54837248,45603960,43.49,4168487
1770206908615,3916.06,1107.17,126664704,54837248,45605440,43.49,4168487
1770206908715,3916.18,1107.26,126664704,54837248,45606920,43.49,4168487
1770206908816,3918.90,1109.26,126664704,54837248,45817184,43.69,4178017
1770206908917,3933.11,1109.38,126681088,54837248,45820032,43.70,4178017
1770206909017,3935.76,1111.12,126877696,54837248,46030128,43.90,4179355
1770206909118,3935.87,1111.18,126877696,54837248,46031576,43.90,4179355
1770206909218,3936.04,1111.29,126877696,54837248,46033024,43.90,4179355
1770206909320,3941.16,1113.04,127090688,54837248,46243832,44.10,4188885
1770206909421,3941.42,1113.18,127090688,54837248,46245304,44.10,4188885
1770206909522,3944.42,1115.26,127287296,54837248,46455376,44.30,4190223
1770206909623,3944.58,1115.32,127287296,54837248,46456848,44.30,4190223
1770206909723,3944.85,1115.46,127287296,54837248,46458296,44.31,4190223
1770206909824,3947.40,1117.10,127500288,54837248,46668624,44.51,4199753
1770206909925,3947.54,1117.19,127500288,54837248,46670096,44.51,4199753
1770206910025,3952.22,1119.28,127729664,54837248,46910160,44.74,4201099
1770206910127,3952.29,1119.32,127729664,54837248,46911632,44.74,4201099
1770206910228,3952.41,1119.40,127729664,54837248,46913080,44.74,4201099
1770206910328,3955.21,1121.40,127926272,54837248,47123400,44.94,4210629
1770206910429,3955.32,1121.48,127926272,54837248,47124872,44.94,4210629
1770206910530,3957.67,1123.17,128155648,54837248,47334880,45.14,4211967
1770206910632,3957.80,1123.23,128155648,54837248,47336352,45.14,4211967
1770206910733,3958.05,1123.36,128155648,54837248,47337800,45.14,4211967
1770206910834,3960.87,1125.18,128368640,54837248,47548088,45.35,4221497
1770206910934,3961.08,1125.30,128368640,54837248,47549560,45.35,4221497
1770206911034,3963.68,1126.89,128581632,54837248,47759976,45.55,4222835
1770206911135,3963.74,1126.94,128581632,54837248,47761448,45.55,4222835
1770206911236,3963.87,1127.02,128581632,54837248,47762896,45.55,4222835
1770206911336,3981.66,1131.18,122470400,48545792,45110160,43.02,4145413
1770206911437,3981.83,1131.25,122470400,48545792,45111624,43.02,4145413
1770206911537,3984.55,1133.03,122470400,48545792,45321376,43.22,4146751
1770206911638,3984.71,1133.09,122470400,48545792,45322824,43.22,4146751
1770206911738,3984.97,1133.21,122470400,48545792,45324272,43.22,4146751
1770206911838,4147.21,1147.29,161267712,98123776,63492280,60.55,4146084
1770206911940,4320.29,1150.14,174456832,101269504,65685144,62.64,4136554
1770206912041,4322.60,1151.53,174456832,101269504,65895232,62.84,4137892
1770206912142,4322.71,1151.58,174456832,101269504,65896720,62.84,4137892
1770206912243,4322.95,1151.72,174456832,101269504,65898184,62.85,4137892
1770206912343,4325.67,1153.68,174456832,101269504,66107936,63.05,4147418
1770206912444,4325.94,1153.82,174456832,101269504,66109424,63.05,4147418
1770206912546,4328.31,1155.47,174473216,101269504,66319224,63.25,4148752
1770206912647,4328.42,1155.54,174473216,101269504,66320712,63.25,4148752
1770206912748,4328.62,1155.65,174473216,101269504,66322176,63.25,4148752
1770206912849,4331.19,1157.43,174473216,101269504,66532152,63.45,4158278
1770206912949,4331.45,1157.57,174473216,101269504,66533640,63.45,4158278
1770206913050,4332.57,1158.37,174473216,101269504,66743216,63.65,4159612
1770206913151,4332.65,1158.41,174473216,101269504,66744704,63.65,4159612
1770206913251,4332.78,1158.46,174473216,101269504,66746168,63.65,4159612
1770206913352,4333.58,1159.22,174473216,101269504,66956168,63.85,4169138
1770206913454,4333.67,1159.27,174473216,101269504,66957656,63.86,4169138
1770206913554,4336.19,1161.17,174473216,101269504,67167184,64.06,4170472
1770206913655,4336.40,1161.27,174473216,101269504,67168672,64.06,4170472
1770206913757,4336.65,1161.41,174473216,101269504,67170136,64.06,4170472
1770206913858,4339.25,1163.10,174473216,101269504,67379968,64.26,4179998
1770206913959,4339.53,1163.24,174473216,101269504,67381456,64.26,4179998
1770206914060,4341.54,1165.07,174489600,101269504,67591088,64.46,4181332
1770206914160,4341.71,1165.17,174489600,101269504,67592576,64.46,4181332
1770206914262,4341.93,1165.26,174489600,101269504,67594040,64.46,4181332
1770206914363,4344.58,1167.00,174489600,101269504,67803976,64.66,4190858
1770206914464,4344.75,1167.09,174489600,101269504,67805464,64.66,4190858
1770206914565,4347.36,1168.78,174489600,101269504,68015136,64.86,4192192
1770206914666,4347.47,1168.85,174489600,101269504,68016624,64.87,4192192
1770206914766,4347.59,1168.92,174489600,101269504,68018088,64.87,4192192
1770206914867,4350.58,1170.99,174489600,101269504,68227952,65.07,4201720
1770206914968,4350.68,1171.06,174489600,101269504,68229440,65.07,4201720
1770206915069,4353.15,1172.73,174505984,101269504,68438944,65.27,4203056
1770206915169,4353.31,1172.81,174505984,101269504,68440432,65.27,4203056
1770206915270,4353.56,1172.91,174505984,101269504,68441896,65.27,4203056
1770206915371,4356.36,1174.76,174505984,101269504,68651712,65.47,4212584
1770206915473,4356.62,1174.86,174505984,101269504,68653200,65.47,4212584
1770206915574,4359.04,1176.45,174505984,101269504,68862792,65.67,4213920
1770206915676,4359.27,1176.55,174505984,101269504,68864280,65.67,4213920
1770206915777,4359.51,1176.68,174505984,101269504,68865744,65.68,4213920
1770206915877,4361.73,1178.36,174505984,101269504,69075600,65.88,4223448
1770206915978,4361.96,1178.50,174505984,101269504,69077088,65.88,4223448
1770206916079,4364.73,1180.23,174505984,101269504,69286808,66.08,4224784
1770206916179,4367.11,1180.41,174505984,101269504,69288368,66.08,4224784
1770206916280,4367.34,1180.58,174505984,101269504,69289832,66.08,4224784
1770206916381,4373.15,1182.30,174505984,101269504,69555328,66.33,4234312
1770206916482,4373.31,1182.40,174505984,101269504,69556816,66.33,4234312
1770206916583,4376.07,1184.32,174522368,101269504,69766416,66.53,4235648
1770206916683,4376.27,1184.45,174522368,101269504,69767904,66.54,4235648
1770206916785,4376.49,1184.57,174522368,101269504,69769368,66.54,4235648
1770206916885,4378.19,1186.00,174522368,101269504,69979264,66.74,4245176
1770206916987,4378.31,1186.06,174522368,101269504,69980752,66.74,4245176
1770206917088,4381.80,1188.30,174522368,101269504,70190304,66.94,4246512
1770206917189,4381.94,1188.37,174522368,101269504,70191792,66.94,4246512
1770206917289,4382.10,1188.46,174522368,101269504,70193256,66.94,4246512
1770206917390,4383.92,1189.85,174538752,101269504,70403056,67.14,4256040
1770206917491,4384.08,1189.95,174538752,101269504,70404544,67.14,4256040
1770206917592,4386.11,1191.52,174538752,101269504,70614232,67.34,4257376
1770206917692,4386.29,1191.63,174538752,101269504,70615720,67.34,4257376
1770206917791,4386.52,1191.77,174538752,101269504,70617184,67.35,4257376
1770206917892,4389.33,1193.88,174538752,101269504,70826984,67.55,4266904
1770206917994,4389.57,1194.00,174538752,101269504,70828472,67.55,4266904
1770206918094,4392.37,1196.04,174538752,101269504,71038048,67.75,4268240
1770206918196,4392.63,1196.20,174538752,101269504,71039536,67.75,4268240
1770206918296,4392.92,1196.37,174538752,101269504,71041000,67.75,4268240
1770206918398,4393.88,1197.27,174538752,101269504,71250776,67.95,4277768
1770206918499,4393.96,1197.32,174538752,101269504,71252264,67.95,4277768
1770206918600,4394.81,1198.22,174538752,101269504,71461864,68.15,4279104
1770206918701,4394.97,1198.29,174538752,101269504,71463352,68.15,4279104
1770206918802,4395.23,1198.42,174538752,101269504,71464816,68.15,4279104
1770206918903,4398.09,1200.37,174555136,101269504,71674624,68.35,4288632
1770206919003,4398.36,1200.53,174555136,101269504,71676112,68.36,4288632
1770206919103,4400.81,1202.40,174555136,101269504,71885776,68.56,4289968
1770206919203,4401.03,1202.53,174555136,101269504,71887264,68.56,4289968
1770206919303,4401.15,1202.60,174555136,101269504,71888728,68.56,4289968
1770206919405,4402.71,1203.93,174555136,101269504,72098504,68.76,4299496
1770206919505,4402.99,1204.09,174555136,101269504,72099992,68.76,4299496
1770206919606,4412.61,1206.14,174555136,101269504,72310576,68.96,4300832
1770206919707,4412.84,1206.26,174555136,101269504,72312064,68.96,4300832
1770206919808,4413.12,1206.44,174555136,101269504,72313528,68.96,4300832
1770206919908,4416.19,1208.53,174555136,101269504,72684240,69.32,4310360
1770206920008,4494.72,1221.63,132513792,58245120,42215488,40.26,4127024
1770206920109,4498.61,1223.48,132513792,58245120,42701016,40.72,4128360
1770206920209,4498.89,1223.64,132513792,58245120,42702488,40.72,4128360
1770206920311,4499.15,1223.79,132513792,58245120,42703936,40.73,4128360
1770206920412,4506.93,1225.67,132513792,58245120,42932784,40.94,4137888
1770206920512,4507.19,1225.82,132513792,58245120,42934256,40.95,4137888
1770206920611,4591.68,1235.43,119242752,46186496,42223304,40.27,4128360
1770206920712,4591.82,1235.50,119242752,46186496,42224824,40.27,4128360
1770206920814,4592.04,1235.63,119242752,46186496,42226272,40.27,4128360
1770206920915,4595.13,1237.43,119455744,46186496,42450600,40.48,4137888
1770206921016,4595.40,1237.59,119455744,46186496,42452072,40.49,4137888
1770206921117,4598.92,1239.77,120012800,49332224,41979016,40.03,4139224
1770206921218,4675.47,1244.24,119996416,45400064,41915840,39.97,4127024
1770206921318,4675.79,1244.38,119996416,45400064,41920184,39.98,4127024
1770206921419,4681.33,1246.37,120029184,45400064,42223360,40.27,4136552
1770206921521,4681.60,1246.53,120029184,45400064,42224832,40.27,4136552
1770206921621,4685.01,1248.42,120029184,45400064,42448968,40.48,4137888
1770206921723,4685.26,1248.58,120029184,45400064,42450440,40.48,4137888
1770206921824,4685.53,1248.73,120029184,45400064,42451888,40.49,4137888
1770206921925,4688.64,1250.73,120029184,45400064,42676280,40.70,4147416
1770206922025,4688.92,1250.88,120029184,45400064,42677752,40.70,4147416
1770206922126,4692.82,1253.12,120455168,46448640,42025560,40.08,4148752
1770206922227,4693.07,1253.29,120455168,46448640,42027032,40.08,4148752
1770206922327,4693.39,1253.52,120455168,46448640,42028480,40.08,4148752
1770206922428,4697.18,1255.52,120700928,46448640,42484448,40.52,4146746
1770206922529,4697.45,1255.70,120717312,46448640,42485920,40.52,4146746
1770206922629,4700.06,1257.03,120913920,46448640,42710040,40.73,4148082
1770206922730,4700.34,1257.20,120930304,46448640,42711512,40.73,4148082
1770206922830,4700.62,1257.32,120930304,46448640,42712960,40.73,4148082
1770206922931,4703.41,1259.18,121159680,46448640,42937392,40.95,4157610
1770206923033,4703.65,1259.29,121159680,46448640,42938864,40.95,4157610
1770206923134,4708.22,1261.28,121274368,46448640,42426264,40.46,4158946
1770206923234,4708.49,1261.41,121274368,46448640,42427736,40.46,4158946
1770206923336,4708.77,1261.58,121274368,46448640,42429184,40.46,4158946
1770206923437,4712.09,1263.43,121274368,46448640,42653624,40.68,4146746
1770206923537,4712.35,1263.58,121274368,46448640,42655072,40.68,4146746
1770206923637,4713.40,1264.37,121274368,46448640,42879208,40.89,4148082
1770206923739,4713.51,1264.43,121274368,46448640,42880656,40.89,4148082
1770206923839,4713.72,1264.57,121274368,46448640,42882104,40.90,4148082
1770206923941,4717.43,1266.24,121290752,46448640,42459256,40.49,4157610
1770206924041,4717.72,1266.42,121290752,46448640,42460704,40.49,4157610
1770206924142,4721.13,1268.34,121290752,46448640,42684848,40.71,4137888
1770206924244,4721.28,1268.43,121290752,46448640,42686296,40.71,4137888
1770206924345,4721.55,1268.59,121290752,46448640,42687744,40.71,4137888
1770206924446,4725.30,1270.68,121372672,46448640,42912128,40.92,4147416
1770206924546,4725.57,1270.85,121372672,46448640,42913576,40.93,4147416
1770206924648,4735.17,1272.98,121372672,46448640,43177840,41.18,4148752
1770206924748,4735.40,1273.12,121372672,46448640,43179288,41.18,4148752
1770206924849,4735.65,1273.27,121372672,46448640,43180736,41.18,4148752
1770206924950,4739.27,1275.32,121487360,46972928,42643808,40.67,4158280
1770206925050,4739.53,1275.44,121487360,46972928,42645280,40.67,4158280
1770206925151,4742.62,1276.76,121503744,46972928,42869280,40.88,4138554
1770206925252,4742.78,1276.88,121503744,46972928,42870752,40.88,4138554
1770206925352,4742.94,1276.98,121503744,46972928,42872200,40.89,4138554
1770206925452,4745.41,1278.51,121503744,46972928,43096120,41.10,4148082
1770206925554,4745.58,1278.59,121503744,46972928,43097568,41.10,4148082
1770206925654,4751.56,1280.21,121503744,46972928,43321312,41.31,4149418
1770206925756,4751.73,1280.28,121503744,46972928,43322784,41.32,4149418
1770206925857,4751.99,1280.39,121503744,46972928,43324232,41.32,4149418
1770206925958,4759.03,1282.36,121634816,46972928,42799824,40.82,4158946
1770206926059,4759.31,1282.51,121634816,46972928,42801272,40.82,4158946
1770206926159,4762.32,1284.45,121651200,46972928,43024424,41.03,4138554
1770206926261,4762.57,1284.58,121651200,46972928,43025872,41.03,4138554
1770206926362,4762.81,1284.67,121651200,46972928,43027320,41.03,4138554
1770206926463,4766.23,1286.68,121651200,46972928,43250496,41.25,4148082
1770206926563,4766.49,1286.81,121651200,46972928,43251944,41.25,4148082
1770206926664,4770.31,1288.56,121651200,46972928,43475032,41.46,4149418
1770206926765,4770.54,1288.71,121651200,46972928,43476480,41.46,4149418
1770206926865,4770.78,1288.83,121651200,46972928,43477928,41.46,4149418
1770206926967,4774.63,1290.99,121896960,49070080,42987328,41.00,4158946
1770206927067,4775.00,1291.24,121896960,49070080,42988776,41.00,4158946
1770206927169,4777.96,1293.00,121896960,49070080,43211784,41.21,4138554
1770206927269,4778.25,1293.18,121896960,49070080,43213232,41.21,4138554
1770206927370,4778.53,1293.34,121896960,49070080,43214680,41.21,4138554
1770206927470,4781.68,1295.22,121913344,49070080,43437952,41.43,4148082
1770206927571,4781.97,1295.38,121913344,49070080,43439400,41.43,4148082
1770206927672,4788.75,1297.29,121929728,49070080,43662832,41.64,4149418
1770206927772,4788.99,1297.39,121929728,49070080,43664280,41.64,4149418
1770206927874,4789.27,1297.56,121929728,49070080,43665728,41.64,4149418
1770206927974,4792.00,1299.33,122044416,49070080,43888928,41.86,4158946
1770206928076,4792.27,1299.50,122044416,49070080,43890376,41.86,4158946
1770206928177,4795.45,1301.43,122257408,49070080,44113376,42.07,4160282
1770206928278,4795.72,1301.59,122257408,49070080,44114848,42.07,4160282
1770206928378,4795.98,1301.72,122257408,49070080,44116296,42.07,4160282
1770206928478,4798.72,1303.41,122486784,49070080,44339552,42.29,4169810
1770206928580,4799.00,1303.55,122486784,49070080,44341024,42.29,4169810
1770206928681,4803.44,1305.65,122814464,49332224,43183096,41.18,4171146
1770206928782,4803.72,1305.80,122814464,49332224,43184568,41.18,4171146
1770206928884,4805.65,1306.99,122830848,49332224,43297256,41.29,4137222
1770206928986,4806.71,1307.65,122830848,49332224,43409200,41.40,4146080
1770206929087,4806.98,1307.81,122830848,49332224,43410672,41.40,4146080
1770206929189,4809.86,1309.79,122830848,49332224,43633624,41.61,4147416
1770206929289,4810.13,1309.95,122830848,49332224,43635072,41.61,4147416
1770206929390,4812.72,1311.76,122830848,49332224,43858296,41.83,4156944
1770206929490,4812.86,1311.84,122830848,49332224,43859768,41.83,4156944
1770206929590,4813.13,1312.00,122830848,49332224,43861216,41.83,4156944
1770206929692,4816.02,1313.84,123011072,49332224,44084240,42.04,4158280
1770206929791,4816.28,1313.99,123011072,49332224,44085688,42.04,4158280
1770206929893,4819.20,1315.90,123224064,49332224,44308904,42.26,4167808
1770206929994,4819.35,1315.98,123224064,49332224,44310376,42.26,4167808
1770206930094,4819.63,1316.15,123240448,49332224,44311824,42.26,4167808
1770206930196,4827.34,1318.12,123469824,49332224,44535744,42.47,4169144
1770206930297,4827.60,1318.28,123469824,49332224,44537216,42.47,4169144
1770206930396,4833.82,1320.38,123666432,49332224,44760176,42.69,4178672
1770206930498,4835.52,1321.23,121159680,46448640,43425256,41.41,4178672
1770206930599,4835.83,1321.39,121159680,46448640,43426704,41.41,4178672
1770206930700,4838.74,1323.45,121159680,46448640,43649296,41.63,4137888
1770206930800,4838.99,1323.59,121159680,46448640,43650768,41.63,4137888
1770206930900,4845.94,1325.67,121159680,46448640,43873608,41.84,4147416
1770206931001,4846.09,1325.75,121159680,46448640,43875056,41.84,4147416
1770206931101,4846.36,1325.91,121159680,46448640,43876504,41.84,4147416
1770206931203,4854.75,1328.04,121176064,46448640,44099216,42.06,4148752
1770206931303,4855.01,1328.20,121176064,46448640,44100664,42.06,4148752
1770206931404,4860.83,1330.38,121765888,47497216,43654608,41.63,4146080
1770206931505,4861.52,1330.47,121765888,47497216,43656272,41.63,4146080
1770206931605,4861.79,1330.63,121765888,47497216,43657720,41.64,4146080
1770206931707,4873.72,1332.71,122011648,47497216,43875800,41.84,4147416
1770206931809,4873.98,1332.88,122011648,47497216,43877248,41.84,4147416
1770206931910,4880.86,1334.85,122224640,47497216,44092704,42.05,4156944
1770206932010,4881.01,1334.92,122224640,47497216,44094152,42.05,4156944
1770206932111,4881.28,1335.09,122224640,47497216,44095600,42.05,4156944
1770206932212,4883.87,1336.85,122437632,47497216,44310184,42.26,4158280
1770206932312,4884.15,1337.01,122437632,47497216,44311632,42.26,4158280
1770206932413,4890.10,1339.00,122585088,47759360,44015096,41.98,4146080
1770206932514,4890.25,1339.08,122585088,47759360,44016544,41.98,4146080
1770206932616,4890.53,1339.24,122585088,47759360,44017992,41.98,4146080
1770206932717,4892.81,1340.69,122585088,47759360,44231840,42.18,4147416
1770206932817,4893.03,1340.80,122585088,47759360,44233288,42.18,4147416
1770206932918,4899.98,1342.88,122601472,47759360,44447376,42.39,4156944
1770206933020,4900.12,1342.96,122601472,47759360,44448824,42.39,4156944
1770206933121,4900.40,1343.12,122601472,47759360,44450272,42.39,4156944
1770206933222,4904.14,1344.97,122634240,47759360,44664264,42.60,4158280
1770206933323,4904.39,1345.08,122634240,47759360,44665712,42.60,4158280
1770206933423,4914.13,1346.99,122814464,48283648,44154480,42.11,4146080
1770206933523,4914.31,1347.08,122814464,48283648,44155928,42.11,4146080
1770206933624,4914.58,1347.24,122814464,48283648,44157376,42.11,4146080
1770206933724,4917.50,1349.22,122814464,48283648,44371176,42.32,4147416
1770206933826,4917.76,1349.36,122814464,48283648,44372624,42.32,4147416
1770206933926,4920.73,1351.22,122814464,48283648,44586664,42.52,4156944
1770206934027,4920.91,1351.34,122814464,48283648,44588112,42.52,4156944
1770206934127,4921.22,1351.58,122830848,48283648,44589560,42.52,4156944
1770206934228,4924.55,1353.33,122961920,48283648,44121232,42.08,4158280
1770206934329,4924.83,1353.49,122961920,48283648,44122680,42.08,4158280
1770206934428,4932.49,1355.38,122961920,48283648,44337152,42.28,4146080
1770206934529,4935.80,1355.50,122961920,48283648,44490256,42.43,4146080
1770206934631,4936.06,1355.66,122961920,48283648,44491704,42.43,4146080
1770206934731,4939.08,1357.59,122961920,48283648,44705256,42.63,4147416
1770206934833,4939.35,1357.74,122961920,48283648,44706704,42.64,4147416
1770206934933,4942.68,1360.37,122978304,48283648,44920416,42.84,4156944
1770206935034,4942.85,1360.46,122978304,48283648,44921864,42.84,4156944
1770206935134,4943.12,1360.61,122978304,48283648,44923312,42.84,4156944
1770206935235,4946.98,1362.67,123240448,50642944,44441384,42.38,4158280
1770206935336,4947.29,1362.85,123240448,50642944,44442832,42.38,4158280
1770206935436,4950.11,1364.68,123240448,50642944,44656536,42.59,4146080
1770206935536,4950.27,1364.78,123240448,50642944,44657984,42.59,4146080
1770206935638,4950.55,1364.94,123240448,50642944,44659432,42.59,4146080
1770206935739,4973.91,1366.92,123256832,50642944,44874288,42.80,4147416
1770206935840,4974.15,1367.04,123256832,50642944,44875736,42.80,4147416
1770206935941,4976.97,1368.88,123256832,50642944,45087848,43.00,4156944
1770206936041,4977.12,1368.96,123256832,50642944,45089296,43.00,4156944
1770206936141,4977.35,1369.10,123256832,50642944,45090744,43.00,4156944
1770206936242,5004.59,1370.79,123305984,50642944,45307032,43.21,4158280
1770206936344,5004.82,1370.89,123305984,50642944,45308480,43.21,4158280
1770206936444,5007.92,1373.04,123518976,50642944,45517704,43.41,4167808
1770206936545,5008.13,1373.15,123518976,50642944,45519152,43.41,4167808
1770206936645,5008.37,1373.27,123518976,50642944,45520600,43.41,4167808
1770206936747,5010.91,1374.97,123731968,50642944,45729664,43.61,4169144
1770206936848,5011.15,1375.10,123731968,50642944,45731112,43.61,4169144
1770206936948,5016.46,1376.63,123928576,50642944,45940576,43.81,4178672
1770206937050,5016.58,1376.70,123928576,50642944,45942024,43.81,4178672
1770206937150,5016.78,1376.81,123928576,50642944,45943472,43.82,4178672
1770206937250,5019.76,1378.76,124125184,50642944,46152520,44.01,4180008
1770206937351,5020.03,1378.91,124125184,50642944,46153992,44.02,4180008
1770206937452,5024.66,1381.19,124420096,50642944,44800080,42.72,4189538
1770206937554,5024.90,1381.32,124420096,50642944,44801552,42.73,4189538
1770206937655,5025.12,1381.45,124420096,50642944,44803000,42.73,4189538
1770206937756,5027.53,1383.30,124420096,50642944,45012008,42.93,4138557
1770206937855,5027.66,1383.39,124420096,50642944,45013480,42.93,4138557
1770206937957,5029.62,1384.80,124436480,50642944,45222920,43.13,4148087
1770206938058,5029.79,1384.92,124436480,50642944,45224392,43.13,4148087
1770206938159,5030.01,1385.04,124436480,50642944,45225840,43.13,4148087
1770206938259,5032.77,1386.99,124452864,50642944,45434928,43.33,4149425
1770206938361,5033.06,1387.14,124452864,50642944,45436400,43.33,4149425
1770206938462,5037.48,1389.28,124665856,50642944,45645624,43.53,4158955
1770206938563,5037.66,1389.38,124665856,50642944,45647096,43.53,4158955
1770206938664,5037.94,1389.51,124665856,50642944,45648544,43.53,4158955
1770206938765,5040.54,1391.30,124862464,50642944,45857600,43.73,4160293
1770206938866,5040.69,1391.35,124862464,50642944,45859072,43.73,4160293
1770206938966,5043.68,1393.41,125059072,50642944,46068360,43.93,4169823
1770206939068,5043.85,1393.51,125059072,50642944,46069832,43.94,4169823
1770206939169,5044.06,1393.59,125059072,50642944,46071280,43.94,4169823
1770206939270,5048.07,1395.33,125272064,50642944,46280384,44.14,4171161
1770206939370,5048.31,1395.49,125288448,50642944,46281856,44.14,4171161
1770206939471,5053.85,1398.23,122585088,48021504,45100192,43.01,4180691
1770206939572,5054.09,1398.35,122585088,48021504,45101664,43.01,4180691
1770206939672,5054.32,1398.46,122585088,48021504,45103112,43.01,4180691
1770206939773,5056.89,1400.17,122585088,48021504,45312128,43.21,4138557
1770206939873,5057.15,1400.31,122585088,48021504,45313576,43.21,4138557
1770206939975,5060.27,1402.12,122585088,48021504,45523408,43.41,4148087
1770206940076,5060.47,1402.23,122585088,48021504,45524856,43.42,4148087
1770206940178,5060.73,1402.37,122585088,48021504,45526304,43.42,4148087
1770206940279,5063.34,1403.95,123060224,49070080,45096192,43.01,4149425
1770206940379,5063.53,1404.07,123076608,49070080,45097640,43.01,4149425
1770206940481,5066.21,1406.18,123273216,49070080,45306888,43.21,4146749
1770206940581,5066.43,1406.32,123273216,49070080,45308360,43.21,4146749
1770206940683,5066.69,1406.46,123273216,49070080,45309808,43.21,4146749
1770206940783,5069.25,1408.23,123486208,49070080,45518896,43.41,4148087
1770206940885,5069.51,1408.35,123486208,49070080,45520344,43.41,4148087
1770206940986,5072.16,1410.09,123699200,49070080,45729720,43.61,4157617
1770206941087,5072.32,1410.20,123699200,49070080,45731192,43.61,4157617
1770206941187,5072.51,1410.30,123699200,49070080,45732640,43.61,4157617
1770206941288,5074.64,1412.01,122978304,48021504,45214792,43.12,4158955
1770206941390,5074.86,1412.16,122978304,48021504,45216240,43.12,4158955
1770206941490,5077.13,1413.87,122978304,48021504,45425512,43.32,4146082
1770206941592,5077.40,1414.04,122978304,48021504,45426984,43.32,4146082
1770206941693,5077.65,1414.20,122978304,48021504,45428432,43.32,4146082
1770206941792,5310.74,1428.20,164888576,98369536,63350048,60.42,4128362
1770206941894,5405.45,1430.69,173998080,99418112,77091080,73.52,4128362
1770206941995,5406.80,1431.80,174014464,99418112,77300200,73.72,4137892
1770206942096,5406.90,1431.86,174014464,99418112,77301672,73.72,4137892
1770206942198,5407.10,1431.96,173981696,99418112,77303120,73.72,4137892
1770206942298,5410.92,1433.82,173981696,99418112,77512208,73.92,4139230
1770206942399,5411.16,1433.98,173981696,99418112,77513680,73.92,4139230
1770206942500,5413.79,1435.66,173981696,99418112,77722656,74.12,4148760
1770206942600,5413.99,1435.76,173981696,99418112,77724128,74.12,4148760
1770206942700,5414.21,1435.90,173981696,99418112,77725576,74.12,4148760
1770206942802,5416.83,1437.63,173981696,99418112,77934432,74.32,4150098
1770206942902,5417.09,1437.79,173981696,99418112,77935904,74.33,4150098
1770206943003,5420.09,1439.71,173981696,99418112,78167840,74.55,4159628
1770206943104,5420.25,1439.79,173981696,99418112,78169312,74.55,4159628
1770206943206,5420.54,1439.97,173981696,99418112,78170760,74.55,4159628
1770206943307,5422.37,1441.44,173981696,99418112,78379768,74.75,4160966
1770206943408,5422.54,1441.51,173981696,99418112,78381240,74.75,4160966
1770206943509,5424.78,1443.24,173998080,99418112,78590320,74.95,4170496
1770206943610,5424.91,1443.32,173998080,99418112,78591792,74.95,4170496
1770206943710,5425.06,1443.41,173998080,99418112,78593240,74.95,4170496
1770206943812,5427.48,1445.02,173998080,99418112,78802112,75.15,4171834
1770206943913,5427.65,1445.13,173998080,99418112,78803584,75.15,4171834
1770206944012,5435.32,1447.68,175177728,101253120,66051272,62.99,4181364
1770206944114,5435.54,1447.77,175177728,101253120,66052760,62.99,4181364
1770206944214,5435.82,1447.95,175177728,101253120,66054224,62.99,4181364
1770206944316,5438.78,1449.83,175177728,101253120,66263048,63.19,4139230
1770206944416,5439.07,1450.01,175177728,101253120,66264512,63.19,4139230
1770206944518,5440.92,1451.44,175177728,101253120,66715504,63.62,4148760
1770206944618,5441.07,1451.54,175177728,101253120,66716992,63.63,4148760
1770206944719,5441.22,1451.63,175177728,101253120,66718456,63.63,4148760
1770206944819,5443.52,1453.13,175177728,101253120,66927344,63.83,4150098
1770206944921,5443.77,1453.27,175177728,101253120,66928808,63.83,4150098
1770206945021,5446.16,1454.99,175177728,101253120,67137824,64.03,4159628
1770206945121,5446.31,1455.08,175177728,101253120,67139288,64.03,4159628
1770206945221,5446.46,1455.19,175177728,101253120,67140752,64.03,4159628
1770206945323,5447.99,1456.55,175177728,101253120,67349784,64.23,4160966
1770206945423,5448.14,1456.64,175177728,101253120,67351248,64.23,4160966
1770206945525,5449.46,1457.80,175177728,101253120,67560240,64.43,4170496
1770206945625,5449.57,1457.85,174964736,101253120,67561704,64.43,4170496
1770206945725,5449.73,1457.92,174964736,101253120,67563168,64.43,4170496
1770206945825,5450.98,1458.92,174833664,101253120,67771920,64.63,4171834
1770206945926,5451.14,1458.99,174735360,101253120,67773384,64.63,4171834
1770206946028,5454.07,1460.88,174735360,101253120,67982344,64.83,4181364
1770206946129,5454.34,1461.07,174735360,101253120,67983808,64.83,4181364
1770206946229,5454.62,1461.23,174735360,101253120,67985272,64.84,4181364
1770206946330,5457.11,1462.86,174735360,101253120,68194088,65.03,4182702
1770206946430,5457.38,1463.01,174735360,101253120,68195576,65.04,4182702
1770206946531,5460.36,1465.00,174735360,101253120,68404592,65.24,4192232
1770206946633,5460.63,1465.13,174735360,101253120,68406080,65.24,4192232
1770206946734,5460.90,1465.29,174735360,101253120,68407544,65.24,4192232
1770206946835,5465.87,1467.08,174735360,101253120,68616392,65.44,4193570
1770206946935,5466.14,1467.23,174735360,101253120,68617880,65.44,4193570
1770206947036,5469.15,1469.22,174751744,101253120,68826968,65.64,4203100
1770206947138,5469.44,1469.35,174751744,101253120,68828456,65.64,4203100
1770206947238,5469.69,1469.48,174751744,101253120,68829920,65.64,4203100
1770206947338,5472.95,1471.65,174751744,101253120,69038720,65.84,4204438
1770206947439,5473.23,1471.81,174751744,101253120,69040208,65.84,4204438
1770206947541,5479.91,1474.07,174768128,101253120,69249352,66.04,4213968
1770206947643,5480.17,1474.24,174768128,101253120,69250840,66.04,4213968
1770206947745,5481.60,1475.25,174768128,101253120,69356432,66.14,4214639
1770206947847,5482.30,1476.01,174768128,101253120,69461048,66.24,4215306
1770206947948,5482.55,1476.15,174768128,101253120,69462536,66.24,4215306
1770206948049,5485.06,1477.86,174768128,101253120,69671544,66.44,4224836
1770206948151,5485.30,1478.01,174768128,101253120,69673032,66.45,4224836
1770206948250,5487.84,1479.91,174768128,101253120,69882008,66.64,4226174
1770206948352,5488.00,1479.99,174768128,101253120,69883496,66.65,4226174
1770206948453,5488.29,1480.12,174768128,101253120,69884960,66.65,4226174
1770206948554,5492.85,1481.90,174768128,101253120,70094200,66.85,4235704
1770206948656,5493.09,1482.05,174768128,101253120,70095688,66.85,4235704
1770206948756,5501.78,1483.91,174784512,101253120,70305024,67.05,4237042
1770206948857,5501.95,1484.00,174784512,101253120,70306512,67.05,4237042
1770206948958,5502.24,1484.16,174555136,101253120,70307976,67.05,4237042
1770206949060,5506.86,1485.95,174555136,101253120,70516728,67.25,4246572
1770206949160,5507.08,1486.06,174538752,101253120,70518216,67.25,4246572
1770206949260,5509.78,1487.88,174538752,101253120,70726680,67.45,4247910
1770206949361,5510.00,1487.99,174538752,101253120,70728168,67.45,4247910
1770206949461,5510.25,1488.11,174538752,101253120,70729632,67.45,4247910
1770206949562,5512.93,1489.94,174538752,101253120,70938368,67.65,4257440
1770206949662,5513.21,1490.09,174505984,101253120,70939856,67.65,4257440
1770206949763,5515.60,1491.88,174505984,101253120,71148344,67.85,4258778
1770206949864,5515.71,1491.96,174505984,101253120,71149832,67.85,4258778
1770206949964,5577.52,1500.96,134103040,60342272,42285960,40.33,4127024
1770206950065,5587.65,1502.64,134103040,60342272,42697016,40.72,4136554
1770206950167,5587.82,1502.73,134103040,60342272,42698488,40.72,4136554
1770206950267,5590.48,1504.46,134103040,60342272,42921664,40.93,4137892
1770206950367,5590.66,1504.56,134103040,60342272,42923136,40.93,4137892
1770206950469,5590.94,1504.75,134103040,60342272,42924584,40.94,4137892
1770206950569,5672.57,1516.45,119046144,45924352,42497568,40.53,4136554
1770206950671,5672.82,1516.58,119062528,45924352,42499088,40.53,4136554
1770206950771,5675.20,1518.21,119291904,45924352,42722728,40.74,4137892
1770206950872,5675.40,1518.31,119291904,45924352,42724200,40.74,4137892
1770206950973,5675.68,1518.48,119291904,45924352,42725648,40.75,4137892
1770206951073,5682.72,1520.41,119521280,45924352,42956216,40.97,4147422
1770206951174,5761.47,1524.62,119242752,45400064,42130616,40.18,4127024
1770206951274,5769.61,1526.79,119504896,45400064,42465728,40.50,4128362
1770206951375,5769.76,1526.87,119504896,45400064,42467200,40.50,4128362
1770206951477,5770.00,1526.99,119521280,45400064,42468648,40.50,4128362
1770206951578,5771.93,1528.49,119717888,45400064,42692256,40.71,4137892
1770206951679,5772.19,1528.65,119734272,45400064,42693728,40.72,4137892
1770206951779,5775.51,1530.85,119930880,45400064,42917136,40.93,4139230
1770206951880,5775.69,1530.95,119947264,45400064,42918608,40.93,4139230
1770206951982,5775.97,1531.10,119947264,45400064,42920056,40.93,4139230
1770206952083,5792.49,1533.49,120553472,48545792,42300544,40.34,4148760
1770206952184,5792.60,1533.55,120553472,48545792,42302016,40.34,4148760
1770206952286,5796.70,1535.65,120782848,48545792,42639208,40.66,4138559
1770206952387,5796.87,1535.77,120782848,48545792,42640680,40.67,4138559
1770206952488,5797.03,1535.86,120782848,48545792,42642128,40.67,4138559
1770206952588,5799.86,1537.75,121012224,48545792,42865784,40.88,4148089
1770206952688,5800.10,1537.86,121012224,48545792,42867256,40.88,4148089
1770206952789,5802.77,1539.14,121225216,48545792,43090952,41.09,4149427
1770206952891,5802.91,1539.22,121225216,48545792,43092424,41.10,4149427
1770206952992,5803.13,1539.34,121225216,48545792,43093872,41.10,4149427
1770206953092,5805.81,1541.12,121438208,48545792,43317432,41.31,4158957
1770206953194,5806.09,1541.25,121438208,48545792,43318904,41.31,4158957
1770206953295,5808.64,1543.15,121651200,48545792,43542176,41.53,4160295
1770206953395,5808.87,1543.26,121651200,48545792,43543648,41.53,4160295
1770206953497,5809.14,1543.41,121651200,48545792,43545096,41.53,4160295
1770206953597,5811.59,1544.98,121864192,48545792,43768600,41.74,4169825
1770206953698,5811.82,1545.09,121864192,48545792,43770072,41.74,4169825
1770206953798,5814.69,1546.89,122093568,48545792,43993272,41.96,4171163
1770206953900,5814.88,1547.03,122093568,48545792,43994744,41.96,4171163
1770206954001,5815.05,1547.13,122109952,48545792,43996192,41.96,4171163
1770206954101,5819.52,1549.52,122322944,48545792,42635360,40.66,4180693
1770206954202,5819.77,1549.63,122322944,48545792,42636832,40.66,4180693
1770206954304,5823.16,1551.40,122322944,48545792,42860096,40.87,4137892
1770206954404,5823.39,1551.54,122322944,48545792,42861544,40.88,4137892
1770206954506,5823.69,1551.75,122322944,48545792,42862992,40.88,4137892
1770206954607,5832.61,1553.77,122421248,48807936,43309136,41.30,4147422
1770206954708,5832.72,1553.84,122322944,48807936,43310608,41.30,4147422
1770206954809,5833.74,1554.71,122322944,48807936,43533736,41.52,4148760
1770206954910,5833.85,1554.78,122322944,48807936,43535184,41.52,4148760
1770206955010,5834.03,1554.91,122322944,48807936,43536632,41.52,4148760
1770206955111,5838.33,1556.80,122519552,48807936,43760136,41.73,4158290
1770206955212,5838.51,1556.91,122519552,48807936,43761608,41.73,4158290
1770206955313,5841.55,1558.68,122732544,48807936,43984416,41.95,4159628
1770206955414,5841.74,1558.77,122732544,48807936,43985888,41.95,4159628
1770206955515,5841.99,1558.97,122748928,48807936,43987336,41.95,4159628
1770206955617,5844.62,1560.75,122945536,48807936,44210496,42.16,4169158
1770206955717,5844.87,1560.88,122945536,48807936,44211968,42.16,4169158
1770206955819,5848.64,1562.62,123158528,48807936,44434848,42.38,4170496
1770206955920,5848.80,1562.72,123158528,48807936,44436320,42.38,4170496
1770206956020,5849.04,1562.87,123174912,48807936,44437768,42.38,4170496
1770206956120,5854.24,1564.96,123437056,49070080,43211792,41.21,4145413
1770206956220,5854.41,1565.03,123437056,49070080,43213264,41.21,4145413
1770206956322,5857.37,1566.70,123437056,49070080,43436128,41.42,4146751
1770206956422,5857.56,1566.80,123437056,49070080,43437600,41.43,4146751
1770206956524,5857.81,1566.92,123437056,49070080,43439048,41.43,4146751
1770206956625,5861.62,1568.90,123453440,49070080,43662120,41.64,4156281
1770206956726,5861.84,1569.00,123453440,49070080,43663592,41.64,4156281
1770206956826,5864.68,1570.77,123453440,49070080,43886368,41.85,4157619
1770206956926,5864.99,1570.94,123453440,49070080,43887840,41.85,4157619
1770206957028,5865.25,1571.09,123453440,49070080,43889288,41.86,4157619
1770206957129,5868.21,1572.85,123453440,49070080,44112304,42.07,4167149
1770206957229,5868.48,1572.96,123453440,49070080,44113776,42.07,4167149
1770206957331,5871.07,1574.63,123469824,49070080,44336568,42.28,4168487
1770206957431,5871.28,1574.76,123469824,49070080,44338040,42.28,4168487
1770206957533,5871.52,1574.92,123469824,49070080,44339488,42.29,4168487
1770206957634,5875.20,1577.02,123731968,49332224,43355376,41.35,4178017
1770206957735,5875.46,1577.17,123731968,49332224,43356848,41.35,4178017
1770206957837,5882.14,1578.89,123731968,49332224,43579976,41.56,4137892
1770206957938,5882.29,1579.00,123731968,49332224,43581424,41.56,4137892
1770206958040,5882.45,1579.10,123731968,49332224,43582872,41.56,4137892
1770206958140,5885.20,1580.86,123731968,49332224,43805888,41.78,4147422
1770206958240,5885.41,1580.98,123731968,49332224,43807336,41.78,4147422
1770206958342,5888.14,1582.47,123731968,49332224,44030080,41.99,4148760
1770206958441,5888.35,1582.55,123731968,49332224,44031528,41.99,4148760
1770206958543,5888.61,1582.68,123731968,49332224,44032976,41.99,4148760
1770206958644,5891.17,1584.27,123748352,49332224,44256128,42.21,4158290
1770206958744,5891.45,1584.44,123748352,49332224,44257576,42.21,4158290
1770206958846,5894.34,1586.11,123748352,49332224,44480384,42.42,4159628
1770206958947,5894.57,1586.24,123748352,49332224,44481832,42.42,4159628
1770206959047,5894.85,1586.35,123748352,49332224,44483280,42.42,4159628
1770206959149,5897.59,1588.33,123748352,49332224,44706424,42.64,4169158
1770206959249,5897.78,1588.45,123748352,49332224,44707872,42.64,4169158
1770206959351,5901.18,1590.36,123961344,49594368,43589176,41.57,4170496
1770206959452,5901.36,1590.46,123961344,49594368,43590624,41.57,4170496
1770206959553,5901.56,1590.56,123961344,49594368,43592072,41.57,4170496
1770206959652,5903.15,1591.80,123961344,49594368,43815088,41.79,4146084
1770206959754,5903.31,1591.88,123961344,49594368,43816560,41.79,4146084
1770206959854,5905.02,1593.06,123961344,49594368,44039304,42.00,4147422
1770206959956,5905.24,1593.19,123961344,49594368,44040752,42.00,4147422
1770206960057,5905.43,1593.29,123961344,49594368,44042200,42.00,4147422
1770206960157,5910.01,1595.33,123977728,49594368,44265752,42.22,4156952
1770206960259,5910.23,1595.44,123977728,49594368,44267224,42.22,4156952
1770206960359,5916.40,1597.37,123977728,49594368,44490824,42.43,4158290
1770206960459,5916.64,1597.46,123977728,49594368,44492272,42.43,4158290
1770206960560,5916.91,1597.64,123977728,49594368,44493720,42.43,4158290
1770206960660,5921.10,1599.80,123977728,49594368,44716624,42.65,4167820
1770206960762,5921.38,1599.94,123977728,49594368,44718096,42.65,4167820
1770206960863,5924.94,1601.52,124026880,49594368,44940696,42.86,4169158
1770206960963,5925.18,1601.66,124026880,49594368,44942144,42.86,4169158
1770206961064,5925.35,1601.76,124026880,49594368,44943592,42.86,4169158
1770206961164,5927.37,1603.22,124043264,49594368,45166424,43.07,4178688
1770206961265,5927.54,1603.40,124043264,49594368,45167896,43.08,4178688
1770206961366,5933.18,1605.31,124256256,49594368,43898472,41.86,4180026
1770206961466,5933.44,1605.43,124256256,49594368,43899944,41.87,4180026
1770206961568,5933.67,1605.61,124256256,49594368,43901392,41.87,4180026
1770206961668,5943.70,1608.00,124190720,49594368,44124704,42.08,4146751
1770206961769,5943.92,1608.14,123912192,49594368,44126136,42.08,4146751
1770206961870,5952.97,1610.15,123928576,49594368,44406080,42.35,4148089
1770206961971,5953.23,1610.30,123928576,49594368,44407528,42.35,4148089
1770206962073,5953.50,1610.48,123928576,49594368,44408976,42.35,4148089
1770206962174,5958.09,1612.21,123928576,49594368,44624512,42.56,4157619
1770206962275,5958.30,1612.31,123928576,49594368,44625960,42.56,4157619
1770206962375,5961.77,1614.07,123944960,49594368,44840320,42.76,4158957
1770206962475,5961.97,1614.18,123944960,49594368,44841768,42.76,4158957
1770206962576,5962.22,1614.30,123944960,49594368,44843216,42.77,4158957
1770206962678,5979.46,1617.57,123994112,49594368,45058584,42.97,4168487
1770206962779,5979.71,1617.71,123994112,49594368,45060032,42.97,4168487
1770206962879,5986.70,1619.80,123994112,49594368,45274360,43.18,4169825
1770206962981,5986.96,1619.93,123994112,49594368,45275808,43.18,4169825
1770206963082,5987.23,1620.07,123994112,49594368,45277256,43.18,4169825
1770206963183,5990.61,1622.97,124043264,49594368,45491760,43.38,4179355
1770206963285,5990.74,1623.07,123977728,49594368,45493232,43.39,4179355
1770206963385,5993.93,1625.32,124567552,54575104,44293608,42.24,4180693
1770206963486,5994.04,1625.38,124567552,54575104,44295056,42.24,4180693
1770206963587,5994.17,1625.45,124567552,54575104,44296504,42.24,4180693
1770206963689,6001.86,1627.16,124092416,54575104,44511216,42.45,4146751
1770206963790,6002.01,1627.23,124092416,54575104,44512664,42.45,4146751
1770206963890,6004.64,1629.10,124092416,54575104,44726848,42.65,4148089
1770206963991,6004.92,1629.24,124092416,54575104,44728296,42.66,4148089
1770206964093,6005.21,1629.37,121520128,54575104,44729744,42.66,4148089
1770206964194,6006.65,1630.46,121520128,54575104,44944144,42.86,4157619
1770206964294,6006.88,1630.59,110133248,54575104,44945592,42.86,4157619
1770206964396,6011.62,1632.02,100122624,54575104,45159920,43.07,4158957
1770206964497,6011.75,1632.08,100122624,54575104,45161368,43.07,4158957
1770206964600,6013.54,1633.09,95502336,54575104,45269664,43.17,4159628
1770206964702,6014.97,1634.08,95518720,54575104,45377184,43.28,4168487
1770206964801,6015.26,1634.24,95518720,54575104,45378624,43.28,4168487
1770206964902,6018.23,1636.10,95567872,54575104,45692056,43.58,4169825
1770206965004,6018.49,1636.21,95567872,54575104,45693496,43.58,4169825
1770206965103,6020.42,1637.38,95584256,54575104,45801648,43.68,4170496
1770206965205,6021.41,1638.06,95584256,54575104,45909008,43.78,4179355
1770206965305,6021.67,1638.21,95584256,54575104,45910448,43.78,4179355
1770206965407,6024.52,1640.15,95748096,54575104,46124376,43.99,4180693
1770206965508,6024.85,1640.28,95748096,54575104,46125816,43.99,4180693
1770206965608,6032.06,1642.13,95928320,54575104,46233952,44.09,4181364
1770206965709,6056.65,1643.83,96305152,54575104,46344224,44.20,4190223
1770206965809,6056.90,1643.98,96305152,54575104,46345688,44.20,4190223
1770206965910,6059.58,1645.98,96534528,54575104,46557312,44.40,4191561
1770206966010,6059.83,1646.10,96534528,54575104,46558776,44.40,4191561
1770206966112,6063.75,1647.54,96665600,54575104,46665792,44.50,4192232
1770206966213,6095.24,1649.18,96780288,54575104,46831992,44.66,4201091
1770206966314,6095.48,1649.32,96780288,54575104,46833456,44.66,4201091
1770206966416,6097.46,1651.08,96976896,54575104,47042304,44.86,4202429
1770206966517,6097.69,1651.21,96976896,54575104,47043768,44.86,4202429
1770206966618,6100.33,1652.92,97189888,54575104,47252960,45.06,4211959
1770206966719,6100.47,1653.01,97206272,54575104,47254424,45.07,4211959
1770206966820,6100.70,1653.15,92454912,54575104,47255864,45.07,4211959
1770206966921,6103.35,1654.99,92684288,54575104,47464744,45.27,4213297
1770206967023,6103.62,1655.15,92684288,54575104,47466208,45.27,4213297
1770206967123,6106.38,1656.99,92930048,54575104,47675240,45.47,4222827
1770206967224,6106.52,1657.07,92930048,54575104,47676704,45.47,4222827
1770206967326,6106.80,1657.23,92930048,54575104,47678144,45.47,4222827
1770206967426,6109.35,1659.07,93175808,54575104,47887016,45.67,4224165
1770206967528,6109.61,1659.20,93175808,54575104,47888480,45.67,4224165
1770206967628,6111.87,1660.81,89112576,54575104,48097504,45.87,4233695
1770206967728,6111.99,1660.86,88752128,54575104,48098968,45.87,4233695
1770206967828,6112.25,1661.02,88752128,54575104,48100408,45.87,4233695
1770206967930,6117.53,1664.97,84361216,48545792,45152776,43.06,4137892
1770206968030,6117.74,1665.10,84361216,48545792,45154216,43.06,4137892
1770206968130,6120.38,1666.98,84377600,48545792,45363368,43.26,4147422
1770206968230,6120.53,1667.07,84377600,48545792,45364808,43.26,4147422
1770206968331,6120.71,1667.16,84377600,48545792,45366248,43.26,4147422
1770206968433,6124.88,1669.01,84393984,48545792,45575064,43.46,4148760
1770206968534,6125.13,1669.17,84393984,48545792,45576504,43.47,4148760
1770206968635,6128.35,1671.13,82903040,48545792,45785576,43.66,4158290
1770206968735,6128.51,1671.21,82903040,48545792,45787016,43.67,4158290
1770206968836,6128.69,1671.27,82903040,48545792,45788456,43.67,4158290
1770206968938,6129.86,1672.10,82493440,48021504,45197112,43.10,4137892
1770206969039,6129.97,1672.16,82493440,48021504,45198552,43.10,4137892
1770206969140,6130.90,1672.83,82722816,48021504,45407600,43.30,4147422
1770206969240,6130.99,1672.87,82722816,48021504,45409040,43.31,4147422
1770206969340,6131.11,1672.93,82722816,48021504,45410480,43.31,4147422
1770206969440,6134.27,1674.96,82837504,48021504,45619496,43.51,4148760
1770206969541,6134.44,1675.04,81821696,48021504,45620936,43.51,4148760
1770206969642,6136.81,1676.81,82018304,48021504,45830008,43.71,4158290
1770206969743,6137.01,1676.93,82018304,48021504,45831448,43.71,4158290
1770206969845,6137.24,1677.09,82034688,48021504,45832888,43.71,4158290
1770206969945,6140.96,1678.99,82722816,51167232,45334536,43.23,4137892
1770206970046,6142.52,1679.53,83034112,51167232,45405896,43.30,4137900
1770206970148,6144.51,1681.60,81379328,51167232,45615008,43.50,4147430
1770206970248,6144.77,1681.75,76316672,51167232,45616472,43.50,4147430
1770206970349,6145.01,1681.89,76316672,51167232,45617912,43.50,4147430
1770206970450,6147.52,1683.96,76546048,51167232,45826776,43.70,4148768
1770206970551,6147.77,1684.11,76562432,51167232,45828240,43.71,4148768
1770206970651,6152.34,1686.23,76775424,51167232,46135576,44.00,4158298
1770206970752,6152.61,1686.35,76775424,51167232,46137040,44.00,4158298
1770206970854,6152.91,1686.52,76775424,51167232,46138624,44.00,4158298
1770206970954,6155.99,1688.66,77004800,51167232,46347328,44.20,4159636
1770206971056,6156.24,1688.80,77004800,51167232,46348792,44.20,4159636
1770206971157,6159.06,1690.83,77201408,51167232,46557848,44.40,4169166
1770206971257,6159.38,1690.95,77201408,51167232,46559312,44.40,4169166
1770206971359,6159.64,1691.08,77201408,51167232,46560752,44.40,4169166
1770206971459,6162.60,1692.99,77414400,51167232,46769512,44.60,4170504
1770206971560,6162.85,1693.13,77414400,51167232,46770976,44.60,4170504
1770206971673,6253.40,1708.35,112295936,70303744,56419416,53.81,4137225
1770206971774,6493.20,1718.85,146112512,98091008,75333768,71.84,4135883
1770206971876,6493.28,1718.90,146112512,98091008,75335240,71.85,4135883
1770206971976,6494.62,1719.89,145932288,98091008,75543736,72.04,4137221
1770206972077,6494.89,1720.06,145932288,98091008,75545208,72.05,4137221
1770206972177,6497.44,1721.69,145965056,98091008,75753944,72.24,4146751
1770206972278,6497.69,1721.83,145965056,98091008,75755416,72.25,4146751
1770206972378,6497.97,1722.00,145965056,98091008,75756864,72.25,4146751
1770206972478,6500.86,1723.88,145965056,98091008,75965392,72.45,4148089
1770206972579,6501.15,1724.05,145965056,98091008,75966864,72.45,4148089
1770206972679,6503.91,1725.87,145965056,98091008,76175616,72.65,4157619
1770206972781,6504.16,1726.00,145965056,98091008,76177088,72.65,4157619
1770206972882,6504.44,1726.15,145965056,98091008,76178536,72.65,4157619
1770206972981,6507.49,1728.16,145915904,98091008,76387016,72.85,4158957
1770206973083,6507.79,1728.44,145735680,98091008,76388488,72.85,4158957
1770206973183,6510.96,1730.54,145735680,98091008,76597232,73.05,4168487
1770206973285,6511.12,1730.60,145735680,98091008,76598704,73.05,4168487
1770206973386,6511.40,1730.74,145735680,98091008,76600152,73.05,4168487
1770206973486,6514.39,1732.61,145752064,98091008,76808640,73.25,4169825
1770206973587,6514.66,1732.75,145752064,98091008,76810112,73.25,4169825
1770206973687,6521.53,1735.57,146325504,99139584,62991936,60.07,4179355
1770206973789,6521.83,1735.69,146325504,99139584,62993408,60.08,4179355
1770206973890,6522.11,1735.83,146325504,99139584,62994856,60.08,4179355
1770206973991,6524.95,1737.67,146325504,99139584,63203424,60.28,4146751
1770206974092,6525.16,1737.79,146325504,99139584,63204872,60.28,4146751
1770206974192,6525.86,1738.39,146325504,99139584,63413616,60.48,4156281
1770206974293,6525.98,1738.45,146325504,99139584,63415088,60.48,4156281
1770206974395,6526.09,1738.49,146325504,99139584,63416536,60.48,4156281
1770206974495,6527.45,1739.70,146341888,99139584,63624968,60.68,4157619
1770206974596,6527.70,1739.83,146341888,99139584,63626416,60.68,4157619
1770206974697,6530.29,1741.73,146341888,99139584,63835120,60.88,4167149
1770206974799,6530.53,1741.86,146341888,99139584,63836592,60.88,4167149
1770206974899,6530.78,1742.01,146341888,99139584,63838040,60.88,4167149
1770206975000,6533.74,1743.94,146341888,99139584,64046472,61.08,4168487
1770206975101,6533.98,1744.05,146341888,99139584,64047920,61.08,4168487
1770206975202,6536.89,1745.98,146341888,99139584,64256672,61.28,4178017
1770206975304,6537.14,1746.11,146341888,99139584,64258144,61.28,4178017
1770206975404,6537.38,1746.25,146341888,99139584,64259592,61.28,4178017
1770206975505,6539.00,1747.73,146341888,99139584,64468128,61.48,4179355
1770206975607,6539.22,1747.86,146341888,99139584,64469576,61.48,4179355
1770206975707,6541.47,1749.82,146341888,99139584,64678304,61.68,4188885
1770206975808,6541.73,1749.94,146341888,99139584,64679776,61.68,4188885
1770206975909,6541.97,1750.07,146341888,99139584,64681224,61.68,4188885
1770206976009,6544.30,1751.95,146358272,99139584,64889888,61.88,4190223
1770206976109,6544.57,1752.15,146358272,99139584,64891360,61.89,4190223
1770206976211,6547.75,1754.17,146358272,99139584,65100088,62.08,4199753
1770206976312,6548.03,1754.32,146358272,99139584,65101560,62.09,4199753
1770206976412,6548.31,1754.48,146358272,99139584,65103064,62.09,4199753
1770206976514,6557.51,1756.72,146374656,99139584,65311816,62.29,4201091
1770206976614,6557.78,1756.88,146374656,99139584,65313288,62.29,4201091
1770206976714,6560.73,1758.70,146374656,99139584,65522040,62.49,4210621
1770206976815,6561.00,1758.84,146374656,99139584,65523512,62.49,4210621
1770206976917,6561.27,1759.00,146374656,99139584,65524960,62.49,4210621
1770206977018,6564.62,1761.12,146391040,99139584,65733584,62.69,4211959
1770206977118,6564.89,1761.28,146391040,99139584,65735056,62.69,4211959
1770206977219,6566.51,1762.68,146391040,99139584,65943776,62.89,4221489
1770206977318,6566.65,1762.77,146391040,99139584,65945248,62.89,4221489
1770206977419,6566.81,1762.84,146391040,99139584,65946696,62.89,4221489
1770206977521,6569.81,1764.62,146391040,99139584,66155192,63.09,4222827
1770206977621,6569.92,1764.67,146391040,99139584,66156664,63.09,4222827
1770206977723,6572.44,1766.36,146407424,99139584,66365320,63.29,4232357
1770206977822,6572.59,1766.46,146259968,99139584,66366792,63.29,4232357
1770206977923,6572.74,1766.54,146259968,99139584,66368240,63.29,4232357
1770206978024,6574.45,1767.82,146259968,99139584,66576752,63.49,4233695
1770206978125,6574.57,1767.89,146259968,99139584,66578224,63.49,4233695
1770206978226,6576.18,1769.20,146259968,99139584,66786968,63.69,4243225
1770206978327,6576.46,1769.36,146259968,99139584,66788440,63.69,4243225
1770206978427,6576.73,1769.57,146259968,99139584,66789888,63.70,4243225
1770206978528,6578.59,1771.02,146259968,99139584,66998392,63.89,4244563
1770206978630,6578.88,1771.18,146259968,99139584,66999864,63.90,4244563
1770206978730,6582.47,1773.45,146276352,99139584,67208480,64.10,4254093
1770206978831,6582.72,1773.61,146276352,99139584,67209952,64.10,4254093
1770206978934,6584.60,1774.80,146276352,99139584,67315320,64.20,4254764
1770206979035,6585.67,1775.61,146276352,99139584,67419688,64.30,4255431
1770206979137,6585.94,1775.77,146276352,99139584,67421160,64.30,4255431
1770206979237,6588.38,1777.79,146292736,99139584,67629760,64.50,4264961
1770206979339,6588.66,1777.99,146292736,99139584,67631232,64.50,4264961
1770206979438,6589.36,1778.71,146292736,99139584,67839544,64.70,4266299
1770206979539,6589.46,1778.76,146292736,99139584,67841016,64.70,4266299
1770206979641,6589.59,1778.81,146292736,99139584,67842464,64.70,4266299
1770206979741,6590.94,1780.13,146309120,99139584,68051144,64.90,4275829
1770206979842,6671.50,1791.72,107544576,59555840,42534512,40.56,4127024
1770206979941,6674.57,1792.83,107544576,59555840,42909240,40.92,4127695
1770206980041,6675.70,1793.57,107544576,59555840,43021208,41.03,4128362
1770206980143,6675.97,1793.71,107544576,59555840,43022680,41.03,4128362
1770206980244,6685.40,1795.56,107544576,59555840,43257312,41.25,4137892
1770206980344,6685.64,1795.72,107544576,59555840,43258784,41.25,4137892
1770206980444,6764.78,1804.29,93519872,46186496,42493352,40.52,4128362
1770206980545,6764.89,1804.35,93519872,46186496,42494864,40.53,4128362
1770206980647,6765.12,1804.48,93519872,46186496,42496304,40.53,4128362
1770206980748,6768.42,1806.33,93732864,46186496,42724320,40.75,4137892
1770206980849,6768.71,1806.49,93732864,46186496,42725784,40.75,4137892
1770206980950,6773.08,1808.47,93962240,46186496,42949296,40.96,4139230
1770206981050,6838.04,1810.79,94437376,45924352,42084104,40.13,4127024
1770206981152,6853.73,1812.41,93274112,45924352,42353040,40.39,4127024
1770206981253,6857.96,1814.28,93536256,45924352,42598928,40.63,4136554
1770206981353,6858.24,1814.42,93536256,45924352,42600392,40.63,4136554
1770206981453,6861.23,1816.53,93749248,45924352,42823928,40.84,4137892
1770206981554,6861.40,1816.62,93749248,45924352,42825392,40.84,4137892
1770206981656,6861.69,1816.79,93765632,45924352,42826832,40.84,4137892
1770206981756,6864.03,1818.31,94289920,49070080,42346624,40.38,4147422
1770206981857,6864.26,1818.41,94289920,49070080,42348088,40.39,4147422
1770206981958,6867.13,1820.47,94502912,49070080,42571616,40.60,4137892
1770206982059,6867.33,1820.57,94502912,49070080,42573056,40.60,4137892
1770206982161,6867.58,1820.70,94502912,49070080,42574496,40.60,4137892
1770206982262,6872.28,1822.54,94748672,49070080,42961536,40.97,4147422
1770206982363,6872.49,1822.65,94748672,49070080,42962976,40.97,4147422
1770206982464,6874.94,1824.45,94961664,49070080,43186448,41.19,4148760
1770206982564,6875.08,1824.55,94961664,49070080,43187912,41.19,4148760
1770206982665,6875.30,1824.68,94961664,49070080,43189352,41.19,4148760
1770206982766,6878.27,1826.77,95174656,49070080,43413704,41.40,4158290
1770206982867,6878.50,1826.89,95174656,49070080,43415168,41.40,4158290
1770206982969,6880.98,1828.64,95387648,49070080,43638704,41.62,4159628
1770206983069,6881.15,1828.72,95387648,49070080,43640168,41.62,4159628
1770206983171,6881.37,1828.83,95387648,49070080,43641608,41.62,4159628
1770206983271,6887.77,1830.48,95633408,49070080,43865392,41.83,4169158
1770206983373,6887.99,1830.59,95633408,49070080,43866856,41.83,4169158
1770206983473,6890.93,1832.53,95846400,49070080,44090296,42.05,4170496
1770206983575,6891.16,1832.62,95846400,49070080,44091760,42.05,4170496
1770206983675,6891.43,1832.76,95846400,49070080,44093200,42.05,4170496
1770206983775,6905.55,1834.72,96092160,49070080,44319080,42.27,4180026
1770206983876,6905.78,1834.81,96092160,49070080,44320544,42.27,4180026
1770206983977,6919.07,1836.86,96157696,49070080,42930584,40.94,4137892
1770206984078,6919.23,1836.93,96157696,49070080,42932024,40.94,4137892
1770206984179,6919.48,1837.04,96157696,49070080,42933464,40.94,4137892
1770206984281,6922.55,1839.08,96157696,49070080,43156192,41.16,4147422
1770206984382,6922.81,1839.18,96157696,49070080,43157632,41.16,4147422
1770206984482,6926.92,1841.28,96305152,49070080,43550064,41.53,4148760
1770206984583,6927.07,1841.35,96305152,49070080,43551504,41.53,4148760
1770206984685,6927.26,1841.44,96305152,49070080,43552944,41.54,4148760
1770206984786,6929.88,1843.13,96518144,49070080,43775680,41.75,4158290
1770206984886,6930.16,1843.26,96518144,49070080,43777120,41.75,4158290
1770206984988,6935.10,1845.19,96731136,49070080,43999960,41.96,4159628
1770206985089,6935.29,1845.29,96731136,49070080,44001400,41.96,4159628
1770206985189,6935.53,1845.40,96731136,49070080,44002840,41.96,4159628
1770206985297,6938.50,1847.28,96976896,49070080,44225224,42.18,4169158
1770206985399,6938.78,1847.41,96976896,49070080,44226664,42.18,4169158
1770206985499,6943.78,1849.57,97320960,49070080,43194368,41.19,4170496
1770206985601,6943.98,1849.67,97320960,49070080,43195808,41.19,4170496
1770206985702,6944.26,1849.81,97320960,49070080,43197248,41.20,4170496
1770206985802,6946.99,1851.60,97320960,49070080,43419632,41.41,4146084
1770206985903,6947.23,1851.71,97320960,49070080,43421096,41.41,4146084
1770206986004,6949.19,1853.18,97320960,49070080,43643208,41.62,4147422
1770206986106,6949.41,1853.30,97320960,49070080,43644648,41.62,4147422
1770206986206,6949.68,1853.42,97320960,49070080,43646088,41.62,4147422
1770206986308,6962.61,1855.42,97337344,49070080,43868656,41.84,4156952
1770206986409,6962.85,1855.54,97337344,49070080,43870120,41.84,4156952
1770206986509,6976.03,1857.27,97337344,49070080,44092416,42.05,4158290
1770206986610,6976.27,1857.38,97337344,49070080,44093856,42.05,4158290
1770206986710,6976.53,1857.52,97337344,49070080,44095296,42.05,4158290
1770206986812,6980.10,1859.68,97337344,49070080,44316768,42.26,4167820
1770206986912,6980.32,1859.81,97337344,49070080,44318232,42.27,4167820
1770206987013,6987.43,1861.74,97337344,49070080,44539480,42.48,4169158
1770206987113,6987.61,1861.82,97337344,49070080,44540920,42.48,4169158
1770206987215,6987.85,1861.92,97337344,49070080,44542360,42.48,4169158
1770206987315,6990.73,1863.64,97353728,49070080,44763056,42.69,4178688
1770206987416,6991.00,1863.79,97353728,49070080,44764520,42.69,4178688
1770206987518,6999.52,1865.96,97583104,49594368,43474336,41.46,4180026
1770206987620,6999.80,1866.10,97583104,49594368,43475776,41.46,4180026
1770206987721,7000.09,1866.24,97583104,49594368,43477216,41.46,4180026
1770206987821,7002.68,1867.96,97583104,49594368,43697960,41.67,4146751
1770206987923,7002.94,1868.09,97583104,49594368,43699424,41.68,4146751
1770206988023,7005.55,1870.02,97583104,49594368,43919944,41.89,4148089
1770206988124,7005.76,1870.13,97583104,49594368,43921408,41.89,4148089
1770206988226,7006.01,1870.23,97583104,49594368,43922848,41.89,4148089
1770206988331,7008.96,1872.15,97583104,49594368,44143584,42.10,4157619
1770206988432,7009.24,1872.32,97583104,49594368,44145048,42.10,4157619
1770206988534,7012.24,1874.15,97599488,49594368,44365624,42.31,4158957
1770206988634,7012.50,1874.27,97599488,49594368,44367088,42.31,4158957
1770206988736,7012.78,1874.40,97599488,49594368,44368528,42.31,4158957
1770206988837,7015.99,1876.19,97599488,49594368,44589216,42.52,4168487
1770206988936,7016.15,1876.29,97599488,49594368,44590680,42.52,4168487
1770206989038,7019.78,1878.04,97845248,49594368,43684544,41.66,4169825
1770206989137,7020.06,1878.19,97845248,49594368,43686008,41.66,4169825
1770206989239,7020.35,1878.34,97845248,49594368,43687448,41.66,4169825
1770206989339,7023.46,1880.25,97845248,49594368,43908184,41.87,4146084
1770206989440,7023.72,1880.37,97845248,49594368,43909624,41.88,4146084
1770206989540,7026.69,1882.33,97845248,49594368,44130136,42.09,4147422
1770206989640,7027.02,1882.49,97845248,49594368,44131576,42.09,4147422
1770206989741,7027.30,1882.64,97845248,49594368,44133016,42.09,4147422
1770206989842,7030.17,1884.52,97845248,49594368,44353768,42.30,4156952
1770206989944,7030.43,1884.64,97845248,49594368,44355208,42.30,4156952
1770206990044,7035.25,1886.73,97861632,49594368,44576248,42.51,4158290
1770206990146,7035.52,1886.87,97861632,49594368,44577688,42.51,4158290
1770206990246,7038.12,1887.87,97861632,49594368,44689200,42.62,4158961
1770206990348,7050.19,1888.65,97861632,49594368,44821688,42.75,4167820
1770206990447,7050.40,1888.77,97861632,49594368,44823128,42.75,4167820
1770206990548,7053.71,1890.94,97878016,49594368,45043416,42.96,4169158
1770206990650,7053.99,1891.10,97878016,49594368,45044856,42.96,4169158
1770206990752,7058.17,1892.50,97878016,49594368,45156104,43.06,4169829
1770206990853,7060.30,1893.24,97878016,49594368,45266680,43.17,4178688
1770206990954,7060.57,1893.37,97878016,49594368,45268120,43.17,4178688
1770206991054,7065.34,1895.59,98074624,49856512,43952672,41.92,4180026
1770206991154,7065.62,1895.74,98074624,49856512,43954112,41.92,4180026
1770206991254,7069.76,1897.51,98074624,49856512,44174416,42.13,4146751
1770206991356,7070.44,1897.60,98074624,49856512,44175856,42.13,4146751
1770206991457,7070.72,1897.76,98074624,49856512,44177296,42.13,4146751
1770206991557,7088.56,1900.08,98091008,49856512,44506640,42.44,4148089
1770206991659,7088.84,1900.23,98091008,49856512,44508080,42.45,4148089
1770206991759,7095.20,1902.45,98091008,49856512,44720920,42.65,4157619
1770206991860,7095.36,1902.52,98091008,49856512,44722360,42.65,4157619
1770206991961,7095.54,1902.61,98091008,49856512,44723800,42.65,4157619
1770206992062,7100.18,1904.83,98091008,49856512,44936232,42.85,4158957
1770206992163,7100.34,1904.89,98091008,49856512,44937672,42.86,4158957
1770206992263,7102.94,1906.72,98091008,49856512,45149592,43.06,4168487
1770206992364,7103.06,1906.79,98091008,49856512,45151032,43.06,4168487
1770206992466,7103.27,1906.87,98091008,49856512,45152472,43.06,4168487
1770206992567,7106.24,1908.35,98107392,49856512,45364248,43.26,4169825
1770206992667,7106.52,1908.48,98107392,49856512,45365688,43.26,4169825
1770206992768,7112.56,1910.36,98123776,49856512,45577704,43.47,4179355
1770206992870,7112.76,1910.48,98140160,49856512,45579168,43.47,4179355
1770206992970,7113.02,1910.64,98140160,49856512,45580608,43.47,4179355
1770206993070,7119.28,1913.24,98975744,55099392,44351696,42.30,4180693
1770206993172,7119.47,1913.34,98975744,55099392,44353160,42.30,4180693
1770206993272,7129.11,1915.69,98975744,55099392,44565464,42.50,4146751
1770206993372,7130.26,1915.79,98992128,55099392,44567192,42.50,4146751
1770206993474,7130.49,1915.91,98992128,55099392,44568632,42.50,4146751
1770206993574,7133.43,1917.87,98992128,55099392,44780200,42.71,4148089
1770206993676,7133.65,1917.99,98992128,55099392,44781640,42.71,4148089
1770206993776,7136.36,1919.80,98992128,55099392,44993432,42.91,4157619
1770206993876,7136.55,1919.88,98992128,55099392,44994872,42.91,4157619
1770206993978,7136.84,1920.05,98992128,55099392,44996312,42.91,4157619
1770206994079,7139.59,1921.77,98992128,55099392,45207888,43.11,4158957
1770206994179,7139.86,1921.91,98992128,55099392,45209328,43.11,4158957
1770206994281,7142.67,1923.72,98992128,55099392,45421528,43.32,4168487
1770206994381,7142.84,1923.82,98992128,55099392,45422968,43.32,4168487
1770206994481,7143.00,1923.92,98992128,55099392,45424408,43.32,4168487
1770206994582,7145.44,1925.70,98992128,55099392,45636056,43.52,4169825
1770206994684,7145.69,1925.82,98992128,55099392,45637496,43.52,4169825
1770206994784,7148.43,1927.80,98992128,55099392,45937352,43.81,4179355
1770206994884,7148.63,1927.92,98992128,55099392,45938792,43.81,4179355
1770206994985,7148.92,1928.07,98992128,55099392,45940232,43.81,4179355
1770206995086,7151.65,1929.85,98992128,55099392,46151808,44.01,4180693
1770206995186,7151.92,1930.02,98992128,55099392,46153248,44.02,4180693
1770206995287,7171.18,1931.74,99221504,55099392,46365304,44.22,4190223
1770206995388,7182.09,1931.91,99237888,55099392,46368024,44.22,4190223
1770206995490,7182.36,1932.07,99237888,55099392,46369464,44.22,4190223
1770206995590,7185.25,1933.97,99450880,55099392,46579584,44.42,4191561
1770206995690,7185.51,1934.08,99450880,55099392,46581048,44.42,4191561
1770206995792,7188.50,1936.02,99647488,55099392,46791432,44.62,4201091
1770206995893,7188.72,1936.13,99663872,55099392,46792896,44.63,4201091
1770206995993,7188.96,1936.24,99663872,55099392,46794336,44.63,4201091
1770206996095,7222.97,1938.32,100302848,55099392,47012552,44.83,4202429
1770206996195,7223.19,1938.44,100302848,55099392,47014024,44.84,4202429
1770206996296,7225.98,1940.48,100499456,55099392,47221648,45.03,4211959
1770206996397,7226.24,1940.63,100499456,55099392,47223120,45.04,4211959
1770206996497,7226.49,1940.76,100499456,55099392,47224568,45.04,4211959
1770206996599,7229.26,1942.85,100728832,55099392,47431888,45.23,4213297
1770206996700,7229.50,1942.93,100728832,55099392,47433360,45.24,4213297
1770206996800,7232.26,1944.82,100925440,55099392,47640856,45.43,4222827
1770206996900,7232.50,1944.93,100925440,55099392,47642328,45.44,4222827
1770206997002,7232.77,1945.09,100925440,55099392,47643776,45.44,4222827
1770206997102,7235.78,1947.22,101122048,55099392,47851104,45.63,4224165
1770206997203,7236.03,1947.36,101122048,55099392,47852576,45.64,4224165
1770206997305,7241.28,1950.80,96911360,48545792,45076096,42.99,4233695
1770206997405,7241.53,1950.94,96911360,48545792,45077560,42.99,4233695
1770206997507,7241.82,1951.11,96911360,48545792,45079000,42.99,4233695
1770206997607,7244.59,1953.00,96911360,48545792,45286320,43.19,4137892
1770206997708,7244.91,1953.17,96911360,48545792,45287760,43.19,4137892
1770206997810,7247.53,1955.11,96911360,48545792,45495320,43.39,4147422
1770206997911,7247.78,1955.25,96911360,48545792,45496760,43.39,4147422
1770206998012,7248.05,1955.41,96911360,48545792,45498200,43.39,4147422
1770206998113,7250.90,1957.36,96927744,48545792,45705576,43.59,4148760
1770206998215,7251.16,1957.52,96927744,48545792,45707016,43.59,4148760
1770206998316,7256.84,1960.01,96124928,48021504,45098784,43.01,4158290
1770206998416,7258.98,1960.24,96124928,48021504,45100536,43.01,4158290
1770206998518,7259.25,1960.40,96124928,48021504,45101976,43.01,4158290
1770206998618,7264.63,1962.53,96321536,48021504,45309264,43.21,4138559
1770206998720,7264.91,1962.69,96321536,48021504,45310728,43.21,4138559
1770206998820,7266.35,1963.74,96518144,48021504,45518040,43.41,4148089
1770206998922,7266.58,1963.86,96518144,48021504,45519480,43.41,4148089
1770206999022,7266.83,1964.00,96518144,48021504,45520920,43.41,4148089
1770206999124,7269.34,1965.81,96714752,48021504,45727928,43.61,4149427
1770206999224,7269.61,1965.98,96714752,48021504,45729392,43.61,4149427
1770206999325,7274.18,1968.33,96944128,48021504,45987232,43.86,4158957
1770206999426,7274.45,1968.47,96944128,48021504,45988672,43.86,4158957
1770206999527,7274.69,1968.63,96944128,48021504,45990112,43.86,4158957
1770206999627,7277.60,1970.83,97681408,51953664,45490768,43.38,4137892
1770206999728,7277.82,1970.95,97681408,51953664,45492208,43.38,4137892
1770206999829,7280.98,1973.09,97878016,51953664,45699504,43.58,4147422
1770206999931,7281.23,1973.22,97878016,51953664,45700944,43.58,4147422
1770207000031,7281.65,1973.38,97878016,51953664,45702896,43.59,4147422
1770207000132,7284.55,1975.38,98074624,51953664,45909952,43.78,4148760
1770207000232,7284.85,1975.53,98074624,51953664,45911392,43.78,4148760
1770207000334,7287.36,1977.48,98287616,51953664,46118608,43.98,4158290
1770207000434,7287.64,1977.64,98287616,51953664,46120048,43.98,4158290
1770207000536,7287.89,1977.78,98287616,51953664,46121488,43.98,4158290
1770207000636,7290.45,1979.49,98484224,51953664,46328880,44.18,4159628
1770207000738,7290.73,1979.65,98484224,51953664,46330320,44.18,4159628
1770207000838,7293.42,1981.39,98697216,51953664,46538088,44.38,4169158
1770207000939,7293.62,1981.48,98697216,51953664,46539528,44.38,4169158
1770207001039,7293.93,1981.66,98697216,51953664,46540968,44.38,4169158
1770207001141,7297.09,1984.07,98910208,51953664,46748016,44.58,4170496
1770207001242,7297.24,1984.18,98910208,51953664,46749456,44.58,4170496
1770207001343,7300.79,1986.02,99237888,51953664,45577672,43.47,4180026
1770207001445,7300.95,1986.11,99237888,51953664,45579112,43.47,4180026
1770207001545,7301.14,1986.23,99237888,51953664,45580552,43.47,4180026
1770207001646,7303.70,1987.94,99237888,51953664,45787608,43.67,4137892
1770207001748,7303.89,1988.06,99237888,51953664,45789048,43.67,4137892
1770207001860,7419.74,1998.67,137953280,97566720,58152176,55.46,4146084
1770207001961,7617.84,2001.32,147079168,97566720,74159008,70.72,4127691
1770207002062,7617.88,2001.36,147079168,97566720,74160480,70.72,4127691
1770207002162,7619.23,2002.62,147079168,97566720,74376096,70.93,4129029
1770207002262,7619.45,2002.76,147079168,97566720,74377568,70.93,4129029
1770207002363,7621.79,2004.44,147079168,97566720,74588352,71.13,4138559
1770207002464,7622.00,2004.57,147079168,97566720,74589824,71.13,4138559
1770207002566,7622.19,2004.69,147079168,97566720,74591272,71.14,4138559
1770207002667,7624.74,2006.41,147095552,97566720,74801800,71.34,4139897
1770207002766,7624.94,2006.52,147095552,97566720,74803272,71.34,4139897
1770207002867,7629.76,2008.10,147095552,97566720,75014136,71.54,4149427
1770207002968,7629.95,2008.22,147095552,97566720,75015608,71.54,4149427
1770207003070,7630.17,2008.34,147095552,97566720,75017056,71.54,4149427
1770207003170,7632.49,2010.07,147062784,97566720,75227656,71.74,4150765
1770207003270,7632.76,2010.23,147062784,97566720,75229128,71.74,4150765
1770207003371,7635.42,2011.97,147046400,97566720,75440144,71.95,4160295
1770207003473,7635.68,2012.24,147046400,97566720,75441616,71.95,4160295
1770207003573,7635.93,2012.38,147046400,97566720,75443064,71.95,4160295
1770207003675,7649.03,2014.23,147062784,97566720,75654616,72.15,4161633
1770207003775,7649.25,2014.35,147062784,97566720,75656088,72.15,4161633
1770207003876,7652.05,2016.17,147062784,97566720,75864192,72.35,4171163
1770207003977,7652.28,2016.30,147062784,97566720,75865664,72.35,4171163
1770207004077,7654.18,2017.38,147062784,97566720,75970808,72.45,4171834
1770207004179,7660.10,2018.11,147079168,97566720,76075944,72.55,4172501
1770207004279,7660.30,2018.23,147079168,97566720,76077416,72.55,4172501
1770207004380,7664.03,2020.35,147079168,97566720,76285504,72.75,4182031
1770207004480,7664.23,2020.48,147079168,97566720,76286976,72.75,4182031
1770207004580,7666.11,2021.57,147079168,97566720,76391976,72.85,4182702
1770207004681,7666.83,2022.18,147079168,97566720,76495992,72.95,4183369
1770207004783,7667.01,2022.27,147079168,97566720,76497464,72.95,4183369
1770207004884,7676.11,2025.74,148242432,99139584,64285536,61.31,4192899
1770207004984,7676.34,2025.87,148242432,99139584,64287008,61.31,4192899
1770207005085,7678.80,2027.41,148242432,99139584,64494512,61.51,4138559
1770207005186,7678.95,2027.48,148242432,99139584,64495960,61.51,4138559
1770207005286,7681.77,2027.59,148242432,99139584,64502168,61.51,4138559
1770207005387,7684.57,2029.22,148242432,99139584,64710464,61.71,4148089
1770207005489,7684.84,2029.37,148242432,99139584,64711936,61.71,4148089
1770207005589,7687.87,2031.67,148242432,99139584,64919440,61.91,4149427
1770207005690,7687.99,2031.75,148242432,99139584,64920888,61.91,4149427
1770207005791,7688.17,2031.87,148242432,99139584,64922336,61.91,4149427
1770207005893,7690.87,2033.64,148242432,99139584,65130208,62.11,4158957
1770207005993,7691.13,2033.78,148242432,99139584,65131680,62.11,4158957
1770207006093,7693.83,2035.50,148258816,99139584,65339432,62.31,4160295
1770207006194,7693.97,2035.57,148258816,99139584,65340880,62.31,4160295
1770207006296,7694.21,2035.71,148258816,99139584,65342328,62.32,4160295
1770207006397,7696.72,2037.39,148258816,99139584,65550112,62.51,4169825
1770207006497,7696.90,2037.51,148258816,99139584,65551584,62.51,4169825
1770207006596,7699.26,2039.20,148258816,99139584,65759216,62.71,4171163
1770207006698,7699.37,2039.27,148258816,99139584,65760664,62.71,4171163
1770207006799,7699.59,2039.39,148258816,99139584,65762112,62.72,4171163
1770207006900,7702.28,2041.10,148258816,99139584,65969904,62.91,4180693
1770207007000,7702.52,2041.19,148258816,99139584,65971376,62.92,4180693
1770207007101,7705.01,2042.68,148275200,99139584,66178984,63.11,4182031
1770207007201,7705.15,2042.76,148275200,99139584,66180432,63.11,4182031
1770207007302,7705.39,2042.89,148275200,99139584,66181880,63.12,4182031
1770207007404,7712.12,2044.83,148275200,99139584,66389848,63.31,4191561
1770207007505,7712.31,2044.92,148275200,99139584,66391320,63.32,4191561
1770207007606,7714.74,2046.51,148275200,99139584,66598888,63.51,4192899
1770207007707,7714.85,2046.56,148275200,99139584,66600336,63.52,4192899
1770207007809,7715.06,2046.66,148275200,99139584,66601784,63.52,4192899
1770207007909,7717.57,2048.33,148291584,99139584,66809696,63.71,4202429
1770207008010,7717.74,2048.43,148291584,99139584,66811168,63.72,4202429
1770207008112,7720.46,2050.16,148291584,99139584,67018792,63.91,4203767
1770207008213,7720.60,2050.24,148291584,99139584,67020264,63.92,4203767
1770207008312,7720.85,2050.39,148291584,99139584,67021712,63.92,4203767
1770207008414,7723.82,2052.29,148291584,99139584,67229520,64.12,4213297
1770207008515,7724.06,2052.43,148291584,99139584,67230992,64.12,4213297
1770207008615,7731.56,2054.17,148291584,99139584,67448352,64.32,4214635
1770207008717,7731.65,2054.25,148291584,99139584,67449824,64.33,4214635
1770207008817,7731.81,2054.35,148291584,99139584,67451272,64.33,4214635
1770207008918,7734.45,2056.16,148291584,99139584,67659056,64.52,4224165
1770207009020,7734.60,2056.28,148291584,99139584,67660528,64.53,4224165
1770207009120,7736.95,2057.88,148291584,99139584,67900824,64.76,4225503
1770207009221,7737.05,2057.97,148291584,99139584,67902296,64.76,4225503
1770207009323,7737.20,2058.06,148291584,99139584,67903744,64.76,4225503
1770207009423,7739.91,2059.79,148291584,99139584,68111552,64.96,4235033
1770207009525,7740.16,2059.91,148291584,99139584,68113024,64.96,4235033
1770207009625,7742.95,2061.49,148291584,99139584,68320632,65.16,4236371
1770207009726,7743.14,2061.59,148291584,99139584,68322104,65.16,4236371
1770207009827,7743.40,2061.71,148291584,99139584,68323552,65.16,4236371
1770207009928,7746.16,2063.35,148291584,99139584,68531360,65.36,4245901
1770207010030,7829.74,2074.17,107036672,57458688,42706528,40.73,4127024
1770207010131,7840.19,2075.88,107036672,57458688,43016680,41.02,4128362
1770207010232,7840.32,2075.96,107036672,57458688,43018152,41.03,4128362
1770207010332,7840.51,2076.06,107036672,57458688,43019600,41.03,4128362
1770207010434,7843.26,2077.65,107036672,57458688,43241376,41.24,4137892
1770207010535,7843.49,2077.76,107036672,57458688,43242848,41.24,4137892
1770207010636,7926.66,2087.34,94633984,46186496,42641400,40.67,4128362
1770207010737,7926.86,2087.42,94633984,46186496,42642912,40.67,4128362
1770207010837,7927.13,2087.55,94650368,46186496,42644352,40.67,4128362
1770207010939,7931.27,2089.20,94863360,46186496,42872896,40.89,4137892
1770207011040,7931.53,2089.35,94863360,46186496,42874360,40.89,4137892
1770207011141,7939.23,2091.41,95076352,46186496,43096304,41.10,4139230
1770207011243,8017.05,2094.97,94388224,45924352,42360200,40.40,4127024
1770207011343,8017.36,2095.06,94388224,45924352,42587480,40.61,4127024
1770207011445,8025.31,2096.97,94650368,45924352,42845864,40.86,4136554
1770207011545,8025.58,2097.13,94650368,45924352,42847328,40.86,4136554
1770207011647,8028.44,2098.84,94863360,45924352,43069272,41.07,4137892
1770207011748,8028.65,2098.98,94879744,45924352,43070736,41.08,4137892
1770207011849,8028.89,2099.11,94879744,45924352,43072176,41.08,4137892
1770207011951,8032.08,2101.07,95092736,45924352,43294288,41.29,4147422
1770207012051,8032.31,2101.21,95109120,45924352,43295752,41.29,4147422
1770207012152,8037.55,2103.48,95666176,49070080,42665392,40.69,4148760
1770207012254,8037.72,2103.58,95666176,49070080,42666856,40.69,4148760
1770207012355,8037.93,2103.69,95666176,49070080,42668296,40.69,4148760
1770207012456,8043.01,2105.56,95895552,49070080,42890488,40.90,4146751
1770207012557,8043.22,2105.68,95895552,49070080,42891952,40.90,4146751
1770207012656,8046.39,2107.51,96124928,49070080,43113720,41.12,4148089
1770207012757,8046.55,2107.62,96124928,49070080,43115184,41.12,4148089
1770207012859,8046.79,2107.75,96124928,49070080,43116624,41.12,4148089
1770207012959,8049.79,2109.36,96337920,49070080,43338544,41.33,4157619
1770207013060,8050.01,2109.48,96337920,49070080,43340008,41.33,4157619
1770207013161,8053.11,2111.31,96550912,49070080,43561752,41.54,4158957
1770207013261,8053.30,2111.43,96550912,49070080,43563216,41.55,4158957
1770207013363,8053.52,2111.55,96550912,49070080,43564656,41.55,4158957
1770207013464,8056.65,2113.49,96763904,49070080,43786592,41.76,4168487
1770207013564,8056.89,2113.63,96763904,49070080,43788056,41.76,4168487
1770207013665,8059.73,2115.38,96993280,49070080,44009752,41.97,4169825
1770207013766,8059.93,2115.50,96993280,49070080,44011216,41.97,4169825
1770207013868,8060.20,2115.64,96993280,49070080,44012656,41.97,4169825
1770207013968,8064.64,2117.53,97206272,49070080,42886864,40.90,4179355
1770207014070,8064.86,2117.64,97206272,49070080,42888328,40.90,4179355
1770207014171,8070.71,2119.45,97222656,49070080,43110216,41.11,4137892
1770207014272,8070.84,2119.55,97222656,49070080,43111656,41.11,4137892
1770207014373,8071.03,2119.65,97222656,49070080,43113096,41.12,4137892
1770207014475,8075.00,2121.56,97304576,49070080,43334344,41.33,4147422
1770207014575,8075.18,2121.67,97304576,49070080,43335784,41.33,4147422
1770207014677,8079.01,2123.38,97304576,49070080,43557088,41.54,4148760
1770207014777,8079.15,2123.48,97304576,49070080,43558528,41.54,4148760
1770207014878,8079.34,2123.58,97304576,49070080,43559968,41.54,4148760
1770207014980,8082.48,2125.45,97468416,49070080,43781216,41.75,4158290
1770207015080,8082.76,2125.60,97468416,49070080,43782680,41.75,4158290
1770207015181,8087.72,2127.41,97697792,49070080,44003880,41.97,4159628
1770207015282,8087.89,2127.52,97697792,49070080,44005344,41.97,4159628
1770207015384,8088.10,2127.63,97697792,49070080,44006784,41.97,4159628
1770207015485,8091.30,2129.49,97894400,49070080,44227720,42.18,4169158
1770207015585,8091.50,2129.62,97910784,49070080,44229184,42.18,4169158
1770207015687,8095.84,2131.74,98107392,49070080,44449992,42.39,4170496
1770207015788,8095.99,2131.85,98107392,49070080,44451456,42.39,4170496
1770207015889,8096.21,2131.99,98123776,49070080,44452896,42.39,4170496
1770207015989,8101.00,2134.04,98369536,49070080,43179416,41.18,4180026
1770207016089,8101.24,2134.18,98369536,49070080,43180880,41.18,4180026
1770207016191,8104.31,2136.03,98369536,49070080,43401600,41.39,4138559
1770207016291,8104.50,2136.15,98369536,49070080,43403064,41.39,4138559
1770207016392,8104.73,2136.28,98369536,49070080,43404504,41.39,4138559
1770207016494,8125.66,2138.09,98385920,49070080,43636424,41.61,4148089
1770207016595,8125.90,2138.22,98385920,49070080,43637864,41.62,4148089
1770207016696,8128.95,2139.99,98385920,49070080,43857784,41.83,4149427
1770207016797,8129.17,2140.10,98385920,49070080,43859248,41.83,4149427
1770207016898,8129.44,2140.23,98385920,49070080,43860696,41.83,4149427
1770207016998,8132.10,2141.98,98385920,49070080,44080840,42.04,4158957
1770207017099,8132.36,2142.13,98385920,49070080,44082280,42.04,4158957
1770207017200,8134.98,2143.88,98402304,49070080,44302256,42.25,4160295
1770207017301,8135.13,2143.98,98402304,49070080,44303720,42.25,4160295
1770207017401,8135.36,2144.12,98402304,49070080,44305160,42.25,4160295
1770207017502,8138.16,2145.86,98402304,49070080,44525304,42.46,4169825
1770207017603,8138.32,2145.96,98402304,49070080,44526744,42.46,4169825
1770207017705,8145.94,2148.61,95780864,46448640,43253840,41.25,4171163
1770207017805,8146.07,2148.70,95780864,46448640,43255304,41.25,4171163
1770207017906,8146.23,2148.79,95780864,46448640,43256744,41.25,4171163
1770207018008,8148.83,2150.43,95780864,46448640,43476960,41.46,4146084
1770207018107,8149.05,2150.53,95780864,46448640,43478424,41.46,4146084
1770207018208,8152.12,2152.36,95780864,46448640,43698456,41.67,4147422
1770207018309,8152.35,2152.49,95780864,46448640,43699896,41.68,4147422
1770207018410,8152.62,2152.62,95780864,46448640,43701336,41.68,4147422
1770207018511,8155.69,2154.39,95780864,46448640,43921568,41.89,4156952
1770207018613,8155.92,2154.51,95780864,46448640,43923032,41.89,4156952
1770207018714,8159.44,2156.47,96124928,49856512,43389000,41.38,4158290
1770207018815,8159.61,2156.58,96124928,49856512,43390440,41.38,4158290
1770207018916,8159.83,2156.69,96124928,49856512,43391880,41.38,4158290
1770207019017,8162.63,2158.48,96337920,49856512,43612088,41.59,4146751
1770207019118,8162.86,2158.61,96337920,49856512,43613528,41.59,4146751
1770207019219,8165.95,2160.38,96550912,49856512,43833592,41.80,4148089
1770207019321,8166.12,2160.48,96550912,49856512,43835032,41.80,4148089
1770207019421,8166.36,2160.61,96550912,49856512,43836472,41.81,4148089
1770207019522,8169.07,2162.32,96763904,49856512,44056616,42.02,4157619
1770207019623,8169.33,2162.45,96763904,49856512,44058056,42.02,4157619
1770207019724,8172.20,2164.11,96976896,49856512,44278056,42.23,4158957
1770207019825,8172.39,2164.23,96976896,49856512,44279496,42.23,4158957
1770207019925,8172.61,2164.35,96976896,49856512,44280936,42.23,4158957
1770207020026,8175.29,2166.04,97206272,49856512,44501176,42.44,4168487
1770207020127,8175.52,2166.18,97206272,49856512,44502616,42.44,4168487
1770207020229,8179.85,2167.96,97419264,49856512,44723000,42.65,4169825
1770207020329,8180.05,2168.08,97419264,49856512,44724440,42.65,4169825
1770207020432,8184.95,2169.24,97517568,49856512,44835608,42.76,4170496
1770207020534,8190.56,2169.96,97632256,49856512,44946880,42.86,4179355
1770207020634,8190.77,2170.08,97632256,49856512,44948320,42.87,4179355
1770207020735,8193.59,2171.99,97861632,49856512,45167840,43.08,4180693
1770207020836,8193.75,2172.09,97861632,49856512,45169304,43.08,4180693
1770207020937,8197.22,2173.92,98041856,49856512,43425208,41.41,4190223
1770207021038,8197.31,2173.99,98041856,49856512,43426672,41.41,4190223
1770207021140,8197.44,2174.08,98041856,49856512,43428112,41.42,4190223
1770207021241,8204.13,2175.78,98041856,49856512,43650744,41.63,4138559
1770207021341,8204.35,2175.92,98041856,49856512,43652184,41.63,4138559
1770207021442,8210.29,2177.91,98041856,49856512,43866784,41.83,4148089
1770207021543,8210.42,2177.98,98041856,49856512,43868224,41.84,4148089
1770207021645,8210.63,2178.11,98041856,49856512,43869664,41.84,4148089
1770207021745,8223.21,2179.90,98058240,49856512,44111216,42.07,4149427
1770207021846,8223.42,2180.03,98058240,49856512,44112656,42.07,4149427
1770207021945,8231.00,2181.87,98074624,49856512,44324616,42.27,4158957
1770207022047,8231.12,2181.96,98074624,49856512,44326056,42.27,4158957
1770207022147,8231.33,2182.06,98074624,49856512,44327496,42.27,4158957
1770207022247,8234.02,2183.90,98222080,49856512,44538896,42.48,4160295
1770207022349,8234.26,2184.02,98238464,49856512,44540336,42.48,4160295
1770207022449,8235.88,2185.27,98435072,49856512,44751880,42.68,4169825
1770207022550,8236.04,2185.44,98435072,49856512,44753320,42.68,4169825
1770207022651,8236.18,2185.54,98435072,49856512,44754760,42.68,4169825
1770207022752,8238.17,2187.05,98631680,49856512,44966152,42.88,4171163
1770207022851,8238.31,2187.15,98631680,49856512,44967592,42.88,4171163
1770207022952,8244.21,2189.10,98811904,49856512,45179264,43.09,4180693
1770207023054,8244.37,2189.20,98811904,49856512,45180704,43.09,4180693
1770207023154,8244.58,2189.34,98828288,49856512,45182144,43.09,4180693
1770207023256,8248.07,2191.24,99090432,49856512,45561072,43.45,4182031
1770207023356,8248.30,2191.39,99106816,49856512,45562536,43.45,4182031
1770207023457,8258.95,2194.38,95993856,46710784,43820672,41.79,4146084
1770207023558,8259.10,2194.46,95993856,46710784,43822112,41.79,4146084
1770207023658,8259.28,2194.55,95993856,46710784,43823552,41.79,4146084
1770207023758,8271.36,2196.59,95993856,46710784,44035576,42.00,4147422
1770207023859,8271.59,2196.69,95993856,46710784,44037016,42.00,4147422
1770207023959,8274.68,2198.94,95993856,46710784,44248616,42.20,4156952
1770207024061,8274.80,2199.03,95993856,46710784,44250056,42.20,4156952
1770207024161,8274.97,2199.14,95993856,46710784,44251496,42.20,4156952
1770207024263,8286.41,2200.99,96010240,46710784,44463312,42.40,4158290
1770207024364,8286.57,2201.10,96010240,46710784,44464752,42.40,4158290
1770207024466,8301.17,2203.21,95207424,46972928,43762552,41.74,4145413
1770207024566,8301.35,2203.28,95207424,46972928,43764016,41.74,4145413
1770207024667,8301.61,2203.44,95223808,46972928,43765456,41.74,4145413
1770207024769,8304.48,2205.26,95420416,46972928,43976416,41.94,4146751
1770207024869,8304.76,2205.42,95420416,46972928,43977856,41.94,4146751
1770207024970,8307.47,2207.19,95633408,46972928,44189056,42.14,4156281
1770207025071,8307.63,2207.30,95633408,46972928,44190520,42.14,4156281
1770207025172,8307.84,2207.42,95633408,46972928,44191960,42.14,4156281
1770207025274,8310.60,2209.28,95846400,46972928,44403000,42.35,4157619
1770207025374,8310.81,2209.39,95846400,46972928,44404440,42.35,4157619
1770207025476,8313.86,2211.02,95141888,46972928,43674824,41.65,4167149
1770207025577,8314.06,2211.10,95141888,46972928,43676288,41.65,4167149
1770207025677,8314.34,2211.24,95141888,46972928,43677728,41.65,4167149
1770207025779,8338.99,2213.22,95371264,46972928,43889776,41.86,4137892
1770207025880,8339.18,2213.33,95371264,46972928,43891216,41.86,4137892
1770207025980,8345.87,2215.12,95567872,46972928,44101232,42.06,4147422
1770207026081,8346.01,2215.20,95567872,46972928,44102672,42.06,4147422
1770207026183,8346.21,2215.32,95584256,46972928,44104112,42.06,4147422
1770207026284,8376.16,2217.25,95797248,46972928,44314480,42.26,4148760
1770207026383,8376.35,2217.40,95797248,46972928,44315920,42.26,4148760
1770207026485,8379.03,2219.12,95977472,46972928,44522976,42.46,4158290
1770207026585,8379.17,2219.26,95977472,46972928,44524416,42.46,4158290
1770207026687,8379.42,2219.38,95977472,46972928,44525856,42.46,4158290
1770207026787,8382.61,2221.53,95256576,46972928,43768656,41.74,4159628
1770207026888,8382.83,2221.64,95256576,46972928,43770096,41.74,4159628
1770207026989,8385.56,2223.58,95453184,46972928,43977208,41.94,4146751
1770207027090,8385.71,2223.69,95453184,46972928,43978648,41.94,4146751
1770207027191,8385.87,2223.80,95453184,46972928,43980088,41.94,4146751
1770207027293,8399.09,2225.46,95649792,46972928,44191808,42.14,4148089
1770207027394,8399.29,2225.58,95649792,46972928,44193248,42.15,4148089
1770207027495,8401.98,2227.61,95862784,46972928,44400336,42.34,4157619
1770207027597,8402.25,2227.76,95862784,46972928,44401776,42.34,4157619
1770207027697,8402.50,2227.91,95862784,46972928,44403216,42.35,4157619
1770207027799,8405.41,2229.92,95223808,46972928,43713360,41.69,4158957
1770207027899,8405.68,2230.09,95223808,46972928,43714800,41.69,4158957
1770207027999,8408.73,2232.06,95436800,46972928,43921888,41.89,4146084
1770207028101,8408.99,2232.20,95436800,46972928,43923328,41.89,4146084
1770207028201,8409.25,2232.35,95436800,46972928,43924768,41.89,4146084
1770207028302,8412.37,2234.56,95633408,46972928,44131640,42.09,4147422
1770207028404,8412.64,2234.73,95633408,46972928,44133080,42.09,4147422
1770207028504,8417.70,2237.07,95830016,46972928,44340376,42.29,4156952
1770207028605,8417.89,2237.19,95830016,46972928,44341816,42.29,4156952
1770207028707,8418.15,2237.30,95830016,46972928,44343256,42.29,4156952
1770207028808,8425.86,2239.17,96026624,46972928,44559880,42.50,4158290
1770207028907,8426.08,2239.31,96026624,46972928,44561320,42.50,4158290
1770207029008,8429.36,2241.38,95322112,46972928,43806016,41.78,4167820
1770207029110,8429.56,2241.51,95338496,46972928,43807480,41.78,4167820
1770207029210,8429.78,2241.64,95338496,46972928,43808920,41.78,4167820
1770207029311,8432.51,2243.55,95518720,46972928,44015736,41.98,4138559
1770207029413,8432.75,2243.68,95535104,46972928,44017176,41.98,4138559
