timestamp,cpu_user,cpu_system,rss,heapTotal,heapUsed,heapUsedMB,external
1770208006298,232.55,72.94,107298816,63340544,41584008,39.66,3092718
1770208006399,232.75,72.98,107298816,63340544,41588768,39.66,3092774
1770208006501,233.15,73.13,107315200,63340544,41591128,39.66,3092774
1770208006602,233.58,73.31,107315200,63340544,41593432,39.67,3092774
1770208006704,234.10,73.49,107315200,63340544,41596144,39.67,3092774
1770208006806,234.84,73.70,107347968,63340544,41598448,39.67,3092774
1770208006906,235.36,73.86,107347968,63340544,41600944,39.67,3092774
1770208007008,235.76,74.02,107347968,63340544,41603280,39.68,3092774
1770208007110,236.05,74.12,107347968,63340544,41605616,39.68,3092774
1770208007210,236.22,74.17,107364352,63340544,41607920,39.68,3092774
1770208007311,236.36,74.24,107380736,63340544,41610288,39.68,3092774
1770208007412,236.49,74.30,107380736,63340544,41612416,39.68,3092774
1770208007514,236.95,74.39,107397120,63340544,41614600,39.69,3092774
1770208007615,237.34,74.55,107413504,63340544,41616776,39.69,3092774
1770208007716,237.99,74.69,107413504,63340544,41618856,39.69,3092774
1770208007817,238.38,74.83,107413504,63340544,41620904,39.69,3092774
1770208007919,238.59,74.91,107413504,63340544,41622952,39.69,3092774
1770208008019,244.78,76.61,108134400,63864832,42544416,40.57,3102305
1770208008121,244.97,76.67,108134400,63864832,42546488,40.58,3102305
1770208008221,251.90,78.67,108675072,63864832,42854880,40.87,3111835
1770208008322,252.09,78.74,108675072,63864832,42856952,40.87,3111835
1770208008423,252.42,78.87,108675072,63864832,42859000,40.87,3111835
1770208008523,273.14,87.27,114081792,68993024,41028032,39.13,3109808
1770208008625,273.42,87.41,114081792,68993024,41030104,39.13,3109808
1770208008725,279.06,90.03,114147328,69255168,41547960,39.62,3119338
1770208008826,279.27,90.11,114147328,69255168,41550032,39.63,3119338
1770208008928,279.62,90.25,114147328,69255168,41552080,39.63,3119338
1770208009028,285.91,91.99,114229248,69255168,41854408,39.92,3128868
1770208009130,286.17,92.10,114229248,69255168,41856480,39.92,3128868
1770208009230,291.11,94.11,114278400,69255168,42163480,40.21,3138398
1770208009329,291.32,94.18,114278400,69255168,42165552,40.21,3138398
1770208009431,291.62,94.30,114278400,69255168,42167600,40.21,3138398
1770208009531,296.02,96.16,114311168,69255168,42469488,40.50,3147928
1770208009633,296.22,96.25,114311168,69255168,42471560,40.50,3147928
1770208009733,300.63,98.30,114360320,69255168,42805920,40.82,3157458
1770208009833,300.97,98.39,114376704,69255168,42807992,40.82,3157458
1770208009935,301.22,98.49,114376704,69255168,42810008,40.83,3157458
1770208010036,304.76,100.31,114376704,69255168,43111616,41.11,3166988
1770208010135,304.92,100.40,114376704,69255168,43113704,41.12,3166988
1770208010236,308.06,101.93,114409472,69255168,43415888,41.40,3176518
1770208010337,308.33,102.08,114409472,69255168,43417976,41.41,3176518
1770208010438,308.52,102.16,114409472,69255168,43420040,41.41,3176518
1770208010539,312.75,104.41,114425856,69255168,43732408,41.71,3186050
1770208010641,312.91,104.50,114425856,69255168,43734496,41.71,3186050
1770208010741,317.02,106.12,114442240,69255168,44036488,42.00,3195582
1770208010842,317.27,106.22,114442240,69255168,44038576,42.00,3195582
1770208010943,317.59,106.38,114442240,69255168,44040640,42.00,3195582
1770208011044,324.61,108.89,114475008,69255168,44343168,42.29,3205114
1770208011146,324.93,109.08,114475008,69255168,44345256,42.29,3205114
1770208011247,329.47,111.37,114491392,69255168,44647296,42.58,3214646
1770208011347,329.75,111.48,114491392,69255168,44649384,42.58,3214646
1770208011448,330.06,111.62,114491392,69255168,44651448,42.58,3214646
1770208011549,334.29,113.55,114524160,69255168,44953360,42.87,3224178
1770208011651,334.56,113.67,114524160,69255168,44955448,42.87,3224178
1770208011751,337.81,115.54,114524160,69255168,45257368,43.16,3233710
1770208011852,337.97,115.62,114524160,69255168,45259456,43.16,3233710
1770208011953,338.16,115.72,114524160,69255168,45261520,43.16,3233710
1770208012052,343.54,117.84,114540544,69255168,45563656,43.45,3243242
1770208012153,343.75,117.95,114540544,69255168,45565744,43.45,3243242
1770208012254,346.32,119.43,114540544,69255168,45867616,43.74,3252774
1770208012355,346.43,119.49,114540544,69255168,45869704,43.74,3252774
1770208012456,346.54,119.53,114540544,69255168,45871768,43.75,3252774
1770208012557,347.91,120.39,114540544,69255168,46173624,44.03,3262306
1770208012659,348.09,120.45,114540544,69255168,46175712,44.04,3262306
1770208012759,353.40,122.28,114622464,69255168,46477800,44.32,3271838
1770208012861,353.69,122.38,114622464,69255168,46479888,44.33,3271838
1770208012961,354.00,122.52,114622464,69255168,46481952,44.33,3271838
1770208013062,360.60,124.62,114704384,69255168,46784112,44.62,3281370
1770208013163,360.87,124.73,114704384,69255168,46786200,44.62,3281370
1770208013265,364.09,126.32,114720768,69255168,47108728,44.93,3290902
1770208013365,364.26,126.42,114720768,69255168,47110816,44.93,3290902
1770208013466,364.40,126.48,114720768,69255168,47112880,44.93,3290902
1770208013567,369.09,128.35,114720768,69255168,47437632,45.24,3300434
1770208013668,369.33,128.45,114720768,69255168,47439720,45.24,3300434
1770208013770,375.64,130.13,114819072,69255168,47740976,45.53,3309966
1770208013870,375.83,130.19,114819072,69255168,47743064,45.53,3309966
1770208013971,376.11,130.31,114819072,69255168,47745128,45.53,3309966
1770208014072,379.68,132.16,114819072,69255168,48046288,45.82,3319498
1770208014173,379.93,132.26,114819072,69255168,48048376,45.82,3319498
1770208014274,383.49,134.09,114819072,69255168,48349640,46.11,3329030
1770208014376,456.74,145.55,87425024,38846464,35209592,33.58,3098702
1770208014477,457.02,145.66,87425024,38846464,35228344,33.60,3098702
1770208014577,461.52,147.43,87441408,38846464,35745248,34.09,3108234
1770208014678,461.81,147.55,87441408,38846464,35747328,34.09,3108234
1770208014779,469.62,149.51,87474176,38846464,36053384,34.38,3117766
1770208014879,469.77,149.59,87474176,38846464,36055432,34.39,3117766
1770208014981,538.07,154.33,86638592,38322176,35340296,33.70,3098702
1770208015082,543.20,156.71,86982656,38322176,35699440,34.05,3108234
1770208015182,543.38,156.77,86982656,38322176,35701488,34.05,3108234
1770208015282,547.78,158.49,87277568,38322176,36041120,34.37,3117766
1770208015383,548.03,158.59,87293952,38322176,36043192,34.37,3117766
1770208015484,548.45,158.76,87293952,38322176,36045216,34.38,3117766
1770208015585,554.00,160.86,87900160,41467904,35463488,33.82,3127298
1770208015687,554.32,161.01,87900160,41467904,35465488,33.82,3127298
1770208015788,561.65,163.05,88178688,41467904,35795952,34.14,3118434
1770208015888,561.89,163.18,88178688,41467904,35797952,34.14,3118434
1770208015989,562.02,163.24,88178688,41467904,35799928,34.14,3118434
1770208016090,565.36,165.29,88440832,41467904,36079552,34.41,3127966
1770208016191,565.61,165.42,88440832,41467904,36081592,34.41,3127966
1770208016292,569.45,167.42,88702976,41467904,36361208,34.68,3137498
1770208016393,569.78,167.56,88702976,41467904,36363208,34.68,3137498
1770208016495,570.10,167.73,88702976,41467904,36365184,34.68,3137498
1770208016597,573.66,169.86,88981504,41467904,36644824,34.95,3147030
1770208016696,573.84,169.93,88981504,41467904,36646824,34.95,3147030
1770208016798,580.35,171.93,89243648,41467904,37141496,35.42,3156562
1770208016898,580.64,172.04,89243648,41467904,37143496,35.42,3156562
1770208016999,580.96,172.20,89243648,41467904,37145472,35.42,3156562
1770208017101,590.03,174.08,89620480,41467904,37426416,35.69,3166094
1770208017201,590.31,174.22,89620480,41467904,37428416,35.69,3166094
1770208017302,606.50,176.75,89899008,41730048,36060416,34.39,3117094
1770208017403,608.06,176.88,89899008,41730048,36062416,34.39,3117094
1770208017504,608.20,176.98,89899008,41730048,36064392,34.39,3117094
1770208017605,609.29,177.61,89899008,41730048,36343024,34.66,3126626
1770208017707,609.51,177.71,89899008,41730048,36345024,34.66,3126626
1770208017807,613.28,179.52,89899008,41730048,36623688,34.93,3136158
1770208017909,613.54,179.61,89899008,41730048,36625688,34.93,3136158
1770208018009,613.81,179.74,89899008,41730048,36627664,34.93,3136158
1770208018110,615.88,180.83,90161152,41730048,36906320,35.20,3145690
1770208018211,616.08,181.03,90161152,41730048,36908320,35.20,3145690
1770208018312,624.99,182.96,90488832,41730048,37188216,35.47,3155222
1770208018413,625.28,183.13,90488832,41730048,37190216,35.47,3155222
1770208018517,628.00,184.38,90669056,41730048,37330752,35.60,3155894
1770208018618,629.26,185.13,90816512,41730048,37469520,35.73,3164754
1770208018719,629.57,185.28,90816512,41730048,37471520,35.74,3164754
1770208018821,634.56,187.67,91291648,42254336,36199696,34.52,3174286
1770208018921,634.86,187.79,91291648,42254336,36201696,34.52,3174286
1770208019021,639.02,189.15,91291648,42254336,36341168,34.66,3109574
1770208019122,643.64,190.10,91324416,42516480,36693080,34.99,3118434
1770208019223,643.91,190.28,91324416,42516480,36695056,35.00,3118434
1770208019325,649.05,192.08,91340800,42516480,36967888,35.26,3127966
1770208019425,649.34,192.21,91340800,42516480,36969864,35.26,3127966
1770208019525,651.91,193.58,91340800,42516480,37107632,35.39,3128638
1770208019627,653.21,194.48,91340800,42516480,37244576,35.52,3137498
1770208019727,653.48,194.59,91340800,42516480,37246552,35.52,3137498
1770208019828,660.87,196.84,91340800,42516480,37519872,35.78,3147030
1770208019930,661.16,196.98,91340800,42516480,37521848,35.78,3147030
1770208020031,664.41,198.98,91340800,42516480,37794560,36.04,3156562
1770208020132,664.58,199.04,91340800,42516480,37796536,36.05,3156562
1770208020233,664.80,199.15,91340800,42516480,37798512,36.05,3156562
1770208020333,671.49,201.13,91357184,42516480,38071512,36.31,3166094
1770208020435,671.74,201.25,91357184,42516480,38073488,36.31,3166094
1770208020535,679.18,203.80,91570176,42516480,36793896,35.09,3117766
1770208020637,683.99,203.90,91570176,42516480,36796464,35.09,3117766
1770208020736,684.30,204.06,91570176,42516480,36798440,35.09,3117766
1770208020838,689.89,206.19,91586560,42516480,37066176,35.35,3127298
1770208020938,690.16,206.30,91586560,42516480,37068152,35.35,3127298
1770208021038,695.08,208.28,91586560,42516480,37335824,35.61,3136830
1770208021139,695.25,208.35,91586560,42516480,37337824,35.61,3136830
1770208021241,695.48,208.44,91586560,42516480,37339800,35.61,3136830
1770208021341,698.61,210.27,91586560,42516480,37607496,35.87,3146362
1770208021442,698.90,210.41,91586560,42516480,37609496,35.87,3146362
1770208021543,703.92,212.37,91586560,42516480,37877536,36.12,3155894
1770208021643,704.11,212.46,91586560,42516480,37879512,36.12,3155894
1770208021744,704.39,212.61,91586560,42516480,37881488,36.13,3155894
1770208021846,707.69,214.52,91586560,42516480,38148616,36.38,3165426
1770208021946,707.93,214.66,91586560,42516480,38150616,36.38,3165426
1770208022047,715.76,217.06,91799552,42516480,36871648,35.16,3174958
1770208022148,715.94,217.12,91799552,42516480,36873648,35.17,3174958
1770208022250,716.25,217.25,91799552,42516480,36875624,35.17,3174958
1770208022350,718.36,218.80,91799552,42516480,37142688,35.42,3118434
1770208022450,718.54,218.89,91799552,42516480,37144664,35.42,3118434
1770208022550,722.44,221.28,91799552,42516480,37411808,35.68,3127966
1770208022651,722.68,221.38,91799552,42516480,37413784,35.68,3127966
1770208022751,722.90,221.50,91799552,42516480,37415760,35.68,3127966
1770208022853,726.40,223.08,91799552,42516480,37683168,35.94,3137498
1770208022956,726.53,223.16,91799552,42516480,37685144,35.94,3137498
1770208023055,729.19,224.93,91815936,42516480,37952168,36.19,3147030
1770208023157,729.39,225.04,91815936,42516480,37954144,36.20,3147030
1770208023258,729.66,225.19,91815936,42516480,37956120,36.20,3147030
1770208023359,762.88,227.97,93995008,42516480,38225600,36.45,3156562
1770208023459,763.07,228.05,93995008,42516480,38227576,36.46,3156562
1770208023561,766.34,230.05,93995008,42516480,38493104,36.71,3166094
1770208023662,766.53,230.15,93995008,42516480,38495080,36.71,3166094
1770208023763,766.66,230.21,93995008,42516480,38497056,36.71,3166094
1770208023864,790.63,232.28,94257152,42778624,37227240,35.50,3117766
1770208023965,790.86,232.40,94257152,42778624,37229216,35.50,3117766
1770208024067,794.00,234.25,94273536,42778624,37491816,35.75,3127298
1770208024168,794.18,234.37,94273536,42778624,37493792,35.76,3127298
1770208024269,794.47,234.48,94273536,42778624,37495800,35.76,3127298
1770208024370,799.20,236.47,94289920,42778624,37792760,36.04,3136830
1770208024471,799.46,236.58,94289920,42778624,37794736,36.04,3136830
1770208024572,807.03,238.39,94289920,42778624,38058816,36.30,3146362
1770208024673,807.27,238.50,94289920,42778624,38060792,36.30,3146362
1770208024775,807.54,238.64,94289920,42778624,38062768,36.30,3146362
1770208024876,814.69,240.51,94289920,42778624,38324424,36.55,3155894
1770208024978,814.95,240.65,94289920,42778624,38326400,36.55,3155894
1770208025078,820.34,242.45,94306304,42778624,38587696,36.80,3165426
1770208025180,820.62,242.58,94306304,42778624,38589672,36.80,3165426
1770208025279,820.90,242.72,94306304,42778624,38591648,36.80,3165426
1770208025380,825.09,245.07,94846976,47759360,37381856,35.65,3174958
1770208025481,825.36,245.20,94846976,47759360,37383832,35.65,3174958
1770208025582,829.76,247.09,94863360,47759360,37696032,35.95,3118434
1770208025684,830.03,247.19,94863360,47759360,37698008,35.95,3118434
1770208025784,830.31,247.33,94863360,47759360,37699984,35.95,3118434
1770208025886,833.30,249.08,94879744,47759360,37961096,36.20,3127966
1770208025985,833.60,249.23,94879744,47759360,37963072,36.20,3127966
1770208026087,837.31,251.49,94879744,47759360,38224224,36.45,3137498
1770208026186,837.58,251.62,94879744,47759360,38226200,36.46,3137498
1770208026287,837.89,251.76,94879744,47759360,38228176,36.46,3137498
1770208026389,843.20,253.60,94879744,47759360,38489480,36.71,3147030
1770208026490,843.43,253.73,94879744,47759360,38491456,36.71,3147030
1770208026591,845.77,255.27,94879744,47759360,38752728,36.96,3156562
1770208026692,846.04,255.42,94879744,47759360,38754704,36.96,3156562
1770208026794,846.31,255.58,94879744,47759360,38756680,36.96,3156562
1770208026895,850.10,257.31,94879744,47759360,39017768,37.21,3166094
1770208026997,850.30,257.40,94879744,47759360,39019744,37.21,3166094
1770208027097,853.16,259.15,95092736,47759360,39280880,37.46,3175626
1770208027198,853.35,259.23,95092736,47759360,39282880,37.46,3175626
1770208027299,853.62,259.35,95092736,47759360,39284856,37.46,3175626
1770208027400,856.49,261.20,95338496,47759360,39546088,37.71,3185158
1770208027501,856.75,261.35,95338496,47759360,39548088,37.72,3185158
1770208027602,858.70,262.75,95584256,47759360,39809200,37.97,3194690
1770208027703,858.90,262.88,95584256,47759360,39811200,37.97,3194690
1770208027804,859.08,262.95,95600640,47759360,39813176,37.97,3194690
1770208027905,862.80,265.00,95846400,47759360,40074328,38.22,3204222
1770208028007,863.09,265.18,95846400,47759360,40076328,38.22,3204222
1770208028108,866.80,267.43,96092160,47759360,40337568,38.47,3213754
1770208028208,867.06,267.56,96092160,47759360,40339568,38.47,3213754
1770208028309,867.35,267.71,96092160,47759360,40341544,38.47,3213754
1770208028411,873.20,269.89,96387072,47759360,40603032,38.72,3223286
1770208028512,873.48,270.05,96387072,47759360,40605032,38.72,3223286
1770208028613,886.91,272.32,96632832,47759360,40868496,38.98,3232818
1770208028712,887.18,272.49,96632832,47759360,40870496,38.98,3232818
1770208028813,887.45,272.74,96632832,47759360,40872472,38.98,3232818
1770208028915,892.92,275.02,97124352,48021504,37870456,36.12,3242350
1770208029016,893.25,275.16,97124352,48021504,37872456,36.12,3242350
1770208029117,896.20,277.06,97124352,48021504,38381104,36.60,3117766
1770208029218,896.40,277.17,97124352,48021504,38383080,36.60,3117766
1770208029319,896.53,277.24,97124352,48021504,38385056,36.61,3117766
1770208029419,900.23,279.18,97222656,48021504,38642936,36.85,3127298
1770208029521,900.48,279.31,97222656,48021504,38644912,36.85,3127298
1770208029622,903.73,281.19,97222656,48021504,38902712,37.10,3136830
1770208029722,903.97,281.33,97222656,48021504,38904688,37.10,3136830
1770208029822,904.18,281.45,97222656,48021504,38906664,37.10,3136830
1770208029924,916.69,283.80,97255424,48021504,39199184,37.38,3146362
1770208030026,916.93,283.95,97255424,48021504,39201160,37.39,3146362
1770208030126,920.36,285.98,97271808,48021504,39453048,37.63,3155894
1770208030227,920.64,286.11,97271808,48021504,39455024,37.63,3155894
1770208030328,920.89,286.23,97271808,48021504,39457000,37.63,3155894
1770208030429,923.92,288.06,97370112,48021504,39708928,37.87,3165426
1770208030530,924.17,288.16,97370112,48021504,39710904,37.87,3165426
1770208030632,928.54,290.38,97615872,48021504,39963272,38.11,3174958
1770208030733,928.84,290.53,97615872,48021504,39965248,38.11,3174958
1770208030834,929.07,290.63,97615872,48021504,39967224,38.12,3174958
1770208030934,931.75,292.47,97861632,48021504,40219232,38.36,3184490
1770208031035,931.88,292.53,97861632,48021504,40221232,38.36,3184490
1770208031137,935.03,294.54,98107392,48021504,40473144,38.60,3194022
1770208031237,935.17,294.59,98107392,48021504,40475144,38.60,3194022
1770208031337,935.38,294.67,98107392,48021504,40477120,38.60,3194022
1770208031438,938.67,296.65,98369536,48021504,40729056,38.84,3203554
1770208031538,938.96,296.76,98369536,48021504,40731056,38.84,3203554
1770208031639,942.28,298.87,98598912,48021504,40982936,39.08,3213086
1770208031740,942.58,299.02,98615296,48021504,40984936,39.09,3213086
1770208031841,942.87,299.16,98615296,48021504,40986912,39.09,3213086
1770208031943,945.74,300.84,98861056,48021504,41238952,39.33,3222618
1770208032044,946.00,300.97,98861056,48021504,41240952,39.33,3222618
1770208032144,953.53,303.71,99516416,48545792,38588832,36.80,3232150
1770208032246,953.80,303.84,99516416,48545792,38590832,36.80,3232150
1770208032345,954.07,303.96,99516416,48545792,38592808,36.80,3232150
1770208032446,956.76,305.72,99516416,48545792,38844192,37.04,3117766
1770208032548,956.99,305.82,99516416,48545792,38846168,37.05,3117766
1770208032649,959.83,307.45,99532800,48545792,39097744,37.29,3127298
1770208032750,960.13,307.57,99532800,48545792,39099720,37.29,3127298
1770208032852,960.42,307.75,99532800,48545792,39101696,37.29,3127298
1770208032951,964.84,309.57,99532800,48545792,39353080,37.53,3136830
1770208033052,965.05,309.67,99532800,48545792,39355056,37.53,3136830
1770208033154,970.76,311.71,99532800,48545792,39606536,37.77,3146364
1770208033254,971.07,311.84,99532800,48545792,39608536,37.77,3146364
1770208033355,971.36,311.98,99532800,48545792,39610512,37.78,3146364
1770208033457,976.87,314.06,99532800,48545792,39861992,38.02,3155898
1770208033558,977.17,314.20,99532800,48545792,39863992,38.02,3155898
1770208033660,980.58,316.19,99549184,48545792,40115288,38.26,3165432
1770208033761,980.87,316.33,99549184,48545792,40117288,38.26,3165432
1770208033864,983.01,317.53,99549184,48545792,40244184,38.38,3166105
1770208033966,984.16,318.23,99549184,48545792,40370816,38.50,3174966
1770208034065,984.46,318.37,99549184,48545792,40372816,38.50,3174966
1770208034166,990.34,320.40,99549184,48545792,40623920,38.74,3184500
1770208034267,990.64,320.55,99549184,48545792,40625920,38.74,3184500
1770208034367,993.68,322.46,99549184,48545792,40877032,38.98,3194034
1770208034468,993.87,322.52,99549184,48545792,40879032,38.99,3194034
1770208034569,994.15,322.67,99549184,48545792,40881008,38.99,3194034
1770208034670,997.48,324.59,99549184,48545792,41132112,39.23,3203568
1770208034772,997.75,324.74,99549184,48545792,41134112,39.23,3203568
1770208034872,1000.60,326.62,99549184,48545792,41385336,39.47,3213102
1770208034973,1000.77,326.68,99549184,48545792,41387336,39.47,3213102
1770208035074,1000.99,326.78,99549184,48545792,41389312,39.47,3213102
1770208035176,1003.66,328.60,99565568,48545792,41640416,39.71,3222636
1770208035277,1003.94,328.84,99565568,48545792,41642416,39.71,3222636
1770208035377,1018.14,331.42,100057088,49070080,38998728,37.19,3232170
1770208035478,1022.96,331.57,100089856,49070080,39001672,37.19,3232170
1770208035578,1023.22,331.68,100089856,49070080,39003656,37.20,3232170
1770208035679,1025.75,333.96,100089856,49070080,39254552,37.44,3117768
1770208035781,1026.01,334.06,100089856,49070080,39256560,37.44,3117768
1770208035882,1030.95,335.85,100089856,49070080,39507712,37.68,3127302
1770208035984,1031.15,335.96,100089856,49070080,39509720,37.68,3127302
1770208036083,1031.31,336.08,100089856,49070080,39511704,37.68,3127302
1770208036184,1033.36,337.63,100089856,49070080,39762480,37.92,3136836
1770208036285,1033.98,337.80,100089856,49070080,39764864,37.92,3136836
1770208036387,1040.86,339.69,100106240,49070080,40016896,38.16,3146370
1770208036487,1041.09,339.81,100106240,49070080,40018904,38.17,3146370
1770208036588,1041.40,339.98,100106240,49070080,40020888,38.17,3146370
1770208036689,1044.48,341.84,100106240,49070080,40271496,38.41,3155904
1770208036790,1044.72,341.96,100106240,49070080,40273504,38.41,3155904
1770208036891,1051.05,343.88,100106240,49070080,40524680,38.65,3165438
1770208036993,1051.26,343.98,100106240,49070080,40526688,38.65,3165438
1770208037093,1051.49,344.10,100106240,49070080,40528672,38.65,3165438
1770208037195,1055.75,345.73,100106240,49070080,40779728,38.89,3174972
1770208037295,1056.05,345.88,100106240,49070080,40781736,38.89,3174972
1770208037395,1059.77,348.00,100122624,49070080,41032208,39.13,3184506
1770208037496,1060.01,348.09,100122624,49070080,41034216,39.13,3184506
1770208037598,1060.28,348.21,100122624,49070080,41036200,39.14,3184506
1770208037698,1063.78,350.14,100122624,49070080,41286704,39.37,3194040
1770208037799,1064.10,350.31,100122624,49070080,41288712,39.38,3194040
1770208037900,1067.12,352.16,100122624,49070080,41539176,39.61,3203574
1770208038002,1067.33,352.24,100122624,49070080,41541184,39.62,3203574
1770208038102,1067.63,352.39,100122624,49070080,41543184,39.62,3203574
1770208038203,1070.66,354.34,100122624,49070080,41793648,39.86,3213108
1770208038304,1070.94,354.48,100122624,49070080,41795656,39.86,3213108
1770208038406,1073.88,356.23,100122624,49070080,42046144,40.10,3222642
1770208038507,1074.11,356.33,100122624,49070080,42048152,40.10,3222642
1770208038608,1074.39,356.47,100122624,49070080,42050136,40.10,3222642
1770208038709,1078.14,358.38,100139008,49070080,42303208,40.34,3232176
1770208038811,1078.40,358.51,100139008,49070080,42305216,40.35,3232176
1770208038911,1081.26,360.47,100286464,49070080,42555680,40.58,3241710
1770208039013,1081.53,360.58,100302848,49070080,42557688,40.59,3241710
1770208039114,1081.83,360.72,100302848,49070080,42559672,40.59,3241710
1770208039215,1088.69,363.05,100712448,49332224,39736264,37.90,3117768
1770208039317,1088.82,363.12,100712448,49332224,39738248,37.90,3117768
1770208039417,1093.80,365.08,100712448,49332224,39990112,38.14,3127302
1770208039518,1094.03,365.19,100712448,49332224,39992096,38.14,3127302
1770208039620,1094.32,365.35,100712448,49332224,39994080,38.14,3127302
1770208039721,1147.80,368.20,103219200,49332224,40493616,38.62,3136836
1770208039822,1148.04,368.32,103219200,49332224,40495600,38.62,3136836
1770208039923,1153.80,370.29,103235584,49332224,40745632,38.86,3146370
1770208040025,1154.08,370.42,103235584,49332224,40747616,38.86,3146370
1770208040125,1154.36,370.56,103235584,49332224,40749600,38.86,3146370
1770208040226,1157.70,372.48,103235584,49332224,41000072,39.10,3155904
1770208040327,1157.98,372.63,103235584,49332224,41002056,39.10,3155904
1770208040427,1162.55,374.44,103235584,49332224,41252712,39.34,3165438
1770208040529,1162.83,374.57,103235584,49332224,41254696,39.34,3165438
1770208040629,1163.12,374.71,103235584,49332224,41256680,39.35,3165438
1770208040730,1166.22,376.64,103235584,49332224,41507144,39.58,3174972
1770208040832,1166.52,376.79,103235584,49332224,41509128,39.59,3174972
1770208040932,1169.30,378.65,103235584,49332224,41759592,39.83,3184506
1770208041033,1169.58,378.78,103235584,49332224,41761576,39.83,3184506
1770208041134,1169.87,378.90,103235584,49332224,41763560,39.83,3184506
1770208041235,1173.86,380.82,103268352,49332224,42014656,40.07,3194040
1770208041336,1174.14,380.97,103268352,49332224,42016640,40.07,3194040
1770208041438,1177.60,382.91,103268352,49332224,42267136,40.31,3203574
1770208041538,1177.87,383.04,103268352,49332224,42269120,40.31,3203574
1770208041639,1178.12,383.15,103268352,49332224,42271104,40.31,3203574
1770208041740,1183.29,384.99,103268352,49332224,42521864,40.55,3213108
1770208041842,1183.57,385.16,103268352,49332224,42523848,40.55,3213108
1770208041942,1187.05,387.00,103268352,49332224,42774424,40.79,3222642
1770208042043,1187.34,387.13,103268352,49332224,42776408,40.79,3222642
1770208042144,1187.73,387.39,103268352,49332224,42778392,40.80,3222642
1770208042246,1193.42,389.54,103284736,49332224,43029656,41.04,3232176
1770208042347,1193.71,389.69,103284736,49332224,43031640,41.04,3232176
1770208042449,1207.53,392.38,103825408,50642944,40222616,38.36,3241710
1770208042549,1207.81,392.53,103825408,50642944,40224600,38.36,3241710
1770208042650,1208.12,392.67,103825408,50642944,40226584,38.36,3241710
1770208042752,1211.25,394.40,103825408,50642944,40475072,38.60,3118437
1770208042853,1211.54,394.55,103825408,50642944,40477080,38.60,3118437
1770208042955,1216.48,396.51,103841792,50642944,40725560,38.84,3127971
1770208043054,1216.75,396.64,103841792,50642944,40727568,38.84,3127971
1770208043155,1217.04,396.78,103841792,50642944,40729552,38.84,3127971
1770208043255,1220.29,398.75,103841792,50642944,40977952,39.08,3137505
1770208043357,1220.58,398.90,103841792,50642944,40979960,39.08,3137505
1770208043457,1223.60,400.71,103841792,50642944,41228416,39.32,3147039
1770208043558,1223.88,400.84,103841792,50642944,41230424,39.32,3147039
1770208043660,1224.17,400.98,103841792,50642944,41232408,39.32,3147039
1770208043760,1226.91,402.78,103841792,50642944,41480864,39.56,3156573
1770208043861,1227.18,402.94,103841792,50642944,41482872,39.56,3156573
1770208043963,1230.07,404.75,103841792,50642944,41731320,39.80,3166107
1770208044064,1230.35,404.89,103841792,50642944,41733328,39.80,3166107
1770208044164,1230.64,405.03,103841792,50642944,41735312,39.80,3166107
1770208044265,1243.90,406.99,103858176,50642944,41984896,40.04,3175641
1770208044366,1244.15,407.13,103858176,50642944,41986904,40.04,3175641
1770208044467,1246.92,408.87,103858176,50642944,42234088,40.28,3185175
1770208044568,1247.21,409.00,103858176,50642944,42236096,40.28,3185175
1770208044669,1247.48,409.14,103858176,50642944,42238080,40.28,3185175
1770208044770,1251.96,410.89,103858176,50642944,42486344,40.52,3194709
1770208044871,1252.27,411.06,103858176,50642944,42488352,40.52,3194709
1770208044972,1255.21,412.95,103874560,50642944,42735568,40.76,3204243
1770208045072,1255.51,413.12,103874560,50642944,42737576,40.76,3204243
1770208045173,1255.76,413.23,103874560,50642944,42739560,40.76,3204243
1770208045275,1263.86,415.28,103874560,50642944,42987320,41.00,3213777
1770208045376,1264.13,415.42,103874560,50642944,42989328,41.00,3213777
1770208045477,1266.97,417.25,103874560,50642944,43236592,41.23,3223311
1770208045578,1267.24,417.37,103874560,50642944,43238600,41.24,3223311
1770208045678,1267.50,417.48,103874560,50642944,43240584,41.24,3223311
1770208045779,1333.21,423.32,104841216,58769408,35971624,34.31,3108234
1770208045880,1333.42,423.39,104841216,58769408,36172624,34.50,3108234
1770208045981,1338.81,425.23,104841216,58769408,36464184,34.77,3108236
1770208046082,1339.05,425.34,104841216,58769408,36466192,34.78,3108236
1770208046183,1339.34,425.46,104841216,58769408,36468176,34.78,3108236
1770208046283,1345.05,427.19,104841216,58769408,36721584,35.02,3117770
1770208046384,1345.33,427.33,104841216,58769408,36723592,35.02,3117770
1770208046486,1348.44,429.20,104841216,58769408,36976240,35.26,3127304
1770208046585,1348.73,429.35,104841216,58769408,36978248,35.27,3127304
1770208046687,1349.03,429.46,104841216,58769408,36980232,35.27,3127304
1770208046786,1354.87,431.39,104841216,58769408,37233464,35.51,3136838
1770208046887,1355.15,431.53,104841216,58769408,37235472,35.51,3136838
1770208046988,1358.85,433.72,104841216,58769408,37486160,35.75,3146372
1770208047088,1359.10,433.84,104841216,58769408,37488168,35.75,3146372
1770208047189,1359.39,433.99,104841216,58769408,37490152,35.75,3146372
1770208047291,1362.62,435.86,104841216,58769408,37740904,35.99,3155906
1770208047391,1362.89,435.99,104841216,58769408,37742912,35.99,3155906
1770208047493,1369.36,437.94,104841216,58769408,37993600,36.23,3165440
1770208047593,1369.61,438.05,104841216,58769408,37995608,36.24,3165440
1770208047694,1369.84,438.18,104841216,58769408,37997592,36.24,3165440
1770208047795,1372.16,439.55,104841216,58769408,38248048,36.48,3174974
1770208047896,1372.43,439.69,104841216,58769408,38250056,36.48,3174974
1770208047997,1376.45,441.62,104841216,58769408,38500272,36.72,3184508
1770208048097,1376.74,441.77,104841216,58769408,38502280,36.72,3184508
1770208048198,1377.05,441.90,104841216,58769408,38504264,36.72,3184508
1770208048299,1379.93,443.73,104841216,58769408,38754096,36.96,3194042
1770208048400,1380.17,443.85,104841216,58769408,38756104,36.96,3194042
1770208048501,1383.15,445.71,104841216,58769408,39005936,37.20,3203576
1770208048602,1383.42,445.83,104841216,58769408,39007944,37.20,3203576
1770208048704,1385.40,446.97,104841216,58769408,39134208,37.32,3204249
1770208048805,1386.51,447.64,104841216,58769408,39259656,37.44,3213110
1770208048906,1386.79,447.76,104841216,58769408,39261664,37.44,3213110
1770208049008,1389.80,449.53,104841216,58769408,39511480,37.68,3222644
1770208049109,1390.07,449.67,104841216,58769408,39513488,37.68,3222644
1770208049209,1394.09,451.59,104841216,58769408,39763256,37.92,3232178
1770208049311,1399.08,451.68,104841216,58769408,39765888,37.92,3232178
1770208049412,1399.36,451.81,104841216,58769408,39767872,37.93,3232178
1770208049514,1402.60,453.63,104841216,58769408,40017656,38.16,3241712
1770208049614,1402.91,453.79,104841216,58769408,40019664,38.17,3241712
1770208049714,1406.94,455.70,104939520,58769408,40269824,38.40,3251246
1770208049815,1407.12,455.76,104939520,58769408,40271832,38.41,3251246
1770208049916,1407.40,455.92,104939520,58769408,40273816,38.41,3251246
1770208050018,1411.97,457.78,105168896,58769408,40523616,38.65,3260780
1770208050119,1412.15,457.87,105168896,58769408,40525624,38.65,3260780
1770208050220,1415.64,460.02,105414656,58769408,40775432,38.89,3270314
1770208050321,1415.81,460.08,105414656,58769408,40777440,38.89,3270314
1770208050423,1416.05,460.20,105414656,58769408,40779424,38.89,3270314
1770208050524,1419.13,462.19,105660416,58769408,41029192,39.13,3279848
1770208050625,1419.41,462.34,105660416,58769408,41031200,39.13,3279848
1770208050726,1422.90,464.20,105922560,58769408,41508544,39.59,3289382
1770208050826,1423.09,464.27,105922560,58769408,41510552,39.59,3289382
1770208050928,1423.35,464.40,105938944,58769408,41512536,39.59,3289382
1770208051028,1431.72,466.27,106168320,58769408,41779496,39.84,3298916
1770208051130,1431.94,466.38,106168320,58769408,41781504,39.85,3298916
1770208051229,1436.43,468.62,106414080,58769408,42030960,40.08,3308450
1770208051330,1436.66,468.71,106414080,58769408,42032968,40.09,3308450
1770208051431,1436.91,468.82,106414080,58769408,42034952,40.09,3308450
1770208051532,1439.92,470.69,106659840,58769408,42284496,40.33,3317984
1770208051633,1440.17,470.80,106659840,58769408,42286504,40.33,3317984
1770208051734,1442.97,472.69,106889216,58769408,42536056,40.57,3327518
1770208051835,1443.18,472.78,106889216,58769408,42538064,40.57,3327518
1770208051936,1443.44,472.90,106889216,58769408,42540048,40.57,3327518
1770208052037,1446.55,474.92,107134976,58769408,42789496,40.81,3337052
1770208052139,1446.80,475.03,107134976,58769408,42791504,40.81,3337052
1770208052239,1450.99,477.02,107364352,58769408,43041024,41.05,3346586
1770208052341,1451.20,477.09,107380736,58769408,43043032,41.05,3346586
1770208052441,1451.47,477.22,107380736,58769408,43045016,41.05,3346586
1770208052543,1454.53,479.00,107610112,58769408,43294408,41.29,3356120
1770208052643,1454.79,479.13,107610112,58769408,43296416,41.29,3356120
1770208052745,1463.85,481.22,107872256,58769408,43546168,41.53,3365654
1770208052845,1464.09,481.32,107872256,58769408,43548176,41.53,3365654
1770208052946,1464.38,481.46,107872256,58769408,43550160,41.53,3365654
1770208053048,1470.54,483.54,108118016,58769408,43799064,41.77,3375188
1770208053148,1470.81,483.68,108118016,58769408,43801072,41.77,3375188
1770208053249,1473.77,485.64,108347392,58769408,44049032,42.01,3384722
1770208053351,1474.03,485.74,108347392,58769408,44051040,42.01,3384722
1770208053452,1474.30,485.87,108347392,58769408,44053024,42.01,3384722
1770208053553,1477.74,488.12,108609536,58769408,44300944,42.25,3394256
1770208053655,1478.09,488.34,108609536,58769408,44302952,42.25,3394256
1770208053755,1484.80,490.38,108871680,58769408,37543248,35.80,3403790
1770208053856,1485.06,490.50,108871680,58769408,37545256,35.81,3403790
1770208053958,1485.33,490.61,108871680,58769408,37547240,35.81,3403790
1770208054058,1488.93,492.63,108871680,58769408,37794968,36.04,3118439
1770208054158,1489.19,492.75,108871680,58769408,37796976,36.05,3118439
1770208054260,1492.61,494.54,108871680,58769408,38044816,36.28,3127973
1770208054360,1492.86,494.67,108871680,58769408,38046824,36.28,3127973
1770208054461,1493.09,494.77,108871680,58769408,38048808,36.29,3127973
1770208054562,1495.77,496.35,108871680,58769408,38296560,36.52,3137507
1770208054664,1496.05,496.49,108871680,58769408,38298568,36.52,3137507
1770208054765,1501.83,498.67,108888064,58769408,38547120,36.76,3147041
1770208054866,1502.06,498.81,108888064,58769408,38549128,36.76,3147041
1770208054968,1502.35,498.95,108888064,58769408,38551112,36.77,3147041
1770208055069,1505.43,500.77,108888064,58769408,38798872,37.00,3156575
1770208055169,1505.68,500.89,108888064,58769408,38800880,37.00,3156575
1770208055270,1530.04,502.89,108937216,58769408,39092056,37.28,3166109
1770208055371,1530.22,502.98,108937216,58769408,39094064,37.28,3166109
1770208055472,1530.49,503.10,108937216,58769408,39096048,37.28,3166109
1770208055574,1536.19,505.13,108937216,58769408,39341824,37.52,3175643
1770208055674,1536.45,505.25,108937216,58769408,39343832,37.52,3175643
1770208055775,1539.43,507.04,108937216,58769408,39590064,37.76,3185177
1770208055877,1539.70,507.16,108937216,58769408,39592072,37.76,3185177
1770208055977,1539.99,507.31,108937216,58769408,39594056,37.76,3185177
1770208056079,1573.10,509.78,109019136,58769408,39841552,38.00,3194711
1770208056179,1573.35,509.91,109019136,58769408,39843560,38.00,3194711
1770208056281,1582.63,511.84,109035520,58769408,40086920,38.23,3204245
1770208056382,1582.91,511.99,109035520,58769408,40088928,38.23,3204245
1770208056483,1583.17,512.10,109035520,58769408,40090912,38.23,3204245
1770208056584,1589.37,514.04,109051904,58769408,40334744,38.47,3213779
1770208056685,1589.66,514.20,109051904,58769408,40336752,38.47,3213779
1770208056786,1593.24,516.32,109182976,58769408,40579136,38.70,3223313
1770208056888,1593.52,516.46,109182976,58769408,40581144,38.70,3223313
1770208056988,1593.78,516.58,109182976,58769408,40583128,38.70,3223313
1770208057089,1596.61,518.48,109412352,58769408,40825664,38.93,3232847
1770208057190,1596.89,518.64,109412352,58769408,40827672,38.94,3232847
1770208057290,1600.09,520.54,109641728,58769408,41070032,39.17,3242381
1770208057391,1600.30,520.64,109658112,58769408,41072040,39.17,3242381
1770208057492,1600.55,520.76,109658112,58769408,41074024,39.17,3242381
1770208057593,1610.59,522.76,109903872,58769408,41319232,39.41,3251915
1770208057695,1610.86,522.92,109903872,58769408,41321240,39.41,3251915
1770208057796,1614.31,525.08,110133248,58769408,41563648,39.64,3261449
1770208057897,1614.67,525.23,110133248,58769408,41565656,39.64,3261449
1770208057998,1615.60,525.39,110133248,58769408,41567640,39.64,3261449
1770208058099,1621.01,527.46,110362624,58769408,41809992,39.87,3270983
1770208058200,1621.27,527.63,110379008,58769408,41812000,39.88,3270983
1770208058301,1624.12,529.54,110608384,58769408,42053736,40.11,3280517
1770208058402,1624.37,529.66,110608384,58769408,42055744,40.11,3280517
1770208058503,1624.66,529.74,110608384,58769408,42057728,40.11,3280517
1770208058604,1627.59,531.44,110854144,58769408,42299368,40.34,3290051
1770208058705,1627.87,531.60,110854144,58769408,42301376,40.34,3290051
1770208058806,1630.96,533.54,111083520,58769408,42543088,40.57,3299585
1770208058908,1631.22,533.66,111083520,58769408,42545096,40.57,3299585
1770208059008,1631.47,533.78,111083520,58769408,42547080,40.58,3299585
1770208059109,1635.50,535.79,111312896,58769408,42788728,40.81,3309119
1770208059210,1635.76,535.92,111312896,58769408,42790736,40.81,3309119
1770208059312,1638.95,538.01,111558656,58769408,43032416,41.04,3318653
1770208059412,1639.25,538.24,111558656,58769408,43034424,41.04,3318653
1770208059513,1639.53,538.41,111558656,58769408,43036408,41.04,3318653
1770208059614,1643.21,540.34,111788032,58769408,43278112,41.27,3328187
1770208059715,1643.50,540.49,111788032,58769408,43280120,41.28,3328187
1770208059816,1645.98,542.35,112033792,58769408,43525080,41.51,3337721
1770208059917,1646.19,542.45,112033792,58769408,43527088,41.51,3337721
1770208060018,1646.41,542.55,112033792,58769408,43529072,41.51,3337721
1770208060118,1649.30,544.41,112263168,58769408,43770760,41.74,3347255
1770208060219,1649.57,544.53,112263168,58769408,43772768,41.74,3347255
1770208060320,1652.81,546.44,112492544,58769408,44017536,41.98,3356789
1770208060421,1653.08,546.57,112492544,58769408,44019544,41.98,3356789
1770208060522,1653.38,546.70,112492544,58769408,44021528,41.98,3356789
1770208060623,1656.46,548.76,112721920,58769408,44267136,42.22,3366323
1770208060724,1656.76,548.90,112721920,58769408,44269144,42.22,3366323
1770208060824,1659.71,550.87,112951296,58769408,44514520,42.45,3375857
1770208060925,1660.00,551.00,112951296,58769408,44516528,42.45,3375857
1770208061027,1660.25,551.16,112967680,58769408,44518512,42.46,3375857
1770208061127,1666.89,554.73,98631680,44351488,38755816,36.96,3117770
1770208061228,1667.02,554.80,98631680,44351488,38757792,36.96,3117770
1770208061330,1668.85,556.07,98631680,44351488,39002376,37.20,3127304
1770208061430,1669.05,556.19,98631680,44351488,39004352,37.20,3127304
1770208061531,1669.37,556.31,98631680,44351488,39009232,37.20,3127304
1770208061633,1671.79,557.81,98631680,44351488,39254040,37.44,3136838
1770208061733,1672.04,557.93,98631680,44351488,39256016,37.44,3136838
1770208061834,1674.42,559.45,98631680,44351488,39500456,37.67,3146372
1770208061935,1674.68,559.57,98631680,44351488,39502432,37.67,3146372
1770208062037,1674.92,559.70,98631680,44351488,39504408,37.67,3146372
1770208062137,1677.20,561.54,98631680,44351488,39749320,37.91,3155906
1770208062239,1677.48,561.69,98631680,44351488,39751296,37.91,3155906
1770208062339,1683.35,564.21,99532800,51429376,38933024,37.13,3117770
1770208062440,1683.59,564.35,99532800,51429376,38935000,37.13,3117770
1770208062543,1685.96,565.69,99647488,51429376,39057192,37.25,3118443
1770208062645,1687.62,566.57,99762176,51429376,39181488,37.37,3127304
1770208062745,1687.80,566.66,99762176,51429376,39183464,37.37,3127304
1770208062846,1688.71,567.45,99991552,51429376,39425128,37.60,3136838
1770208062947,1688.85,567.51,99991552,51429376,39427104,37.60,3136838
1770208063047,1693.26,569.69,100220928,51429376,39678736,37.84,3146372
1770208063149,1693.44,569.77,100237312,51429376,39680720,37.84,3146372
1770208063250,1693.72,569.93,100237312,51429376,39682704,37.84,3146372
1770208063352,1699.83,571.87,100466688,51429376,39925600,38.08,3155906
1770208063453,1700.10,572.03,100466688,51429376,39927584,38.08,3155906
1770208063553,1708.11,574.17,100696064,51429376,40176744,38.32,3165440
1770208063654,1710.75,574.34,100696064,51429376,40241160,38.38,3165440
1770208063755,1710.99,574.46,100696064,51429376,40243144,38.38,3165440
1770208063857,1714.13,576.41,100925440,51429376,40482256,38.61,3174974
1770208063957,1714.42,576.56,100925440,51429376,40484240,38.61,3174974
1770208064058,1717.96,578.41,101154816,51429376,40723696,38.84,3184508
1770208064159,1718.19,578.54,101154816,51429376,40725680,38.84,3184508
1770208064260,1718.47,578.71,101154816,51429376,40727664,38.84,3184508
1770208064361,1721.72,580.49,101384192,51429376,40966960,39.07,3194042
1770208064463,1722.01,580.65,101384192,51429376,40968944,39.07,3194042
1770208064564,1725.05,582.68,101613568,51429376,41207944,39.30,3203576
1770208064666,1725.27,582.78,101613568,51429376,41209928,39.30,3203576
1770208064766,1725.56,582.91,101629952,51429376,41211912,39.30,3203576
1770208064867,1728.19,584.61,101842944,51429376,41450904,39.53,3213110
1770208064968,1728.33,584.70,101842944,51429376,41452888,39.53,3213110
1770208065069,1751.71,586.77,102088704,51429376,41730312,39.80,3222644
1770208065170,1751.91,586.85,102088704,51429376,41732296,39.80,3222644
1770208065269,1752.20,587.06,102088704,51429376,41734280,39.80,3222644
1770208065370,1757.93,589.04,102318080,51429376,41972800,40.03,3232178
1770208065472,1758.17,589.17,102318080,51429376,41974784,40.03,3232178
1770208065573,1761.04,590.99,102547456,51429376,42213184,40.26,3241712
1770208065673,1761.25,591.08,102547456,51429376,42215168,40.26,3241712
1770208065774,1761.51,591.19,102547456,51429376,42217152,40.26,3241712
1770208065875,1764.47,593.01,102776832,51429376,42455600,40.49,3251246
1770208065975,1764.76,593.15,102776832,51429376,42457584,40.49,3251246
1770208066076,1767.81,595.16,103006208,51429376,42696032,40.72,3260780
1770208066177,1768.01,595.26,103006208,51429376,42698040,40.72,3260780
1770208066278,1769.70,595.54,103022592,51429376,42747664,40.77,3260784
1770208066380,1774.40,597.47,103251968,51429376,43004880,41.01,3270318
1770208066481,1774.67,597.61,103251968,51429376,43006888,41.01,3270318
1770208066582,1780.28,599.75,103514112,51429376,39498648,37.67,3279852
1770208066683,1780.45,599.83,103514112,51429376,39500656,37.67,3279852
1770208066784,1780.71,599.95,103514112,51429376,39502640,37.67,3279852
1770208066885,1784.91,601.60,103514112,51429376,39742048,37.90,3118439
1770208066986,1785.15,601.72,103514112,51429376,39744032,37.90,3118439
1770208067088,1786.96,602.87,103514112,51429376,39982544,38.13,3127973
1770208067188,1787.11,602.95,103514112,51429376,39984528,38.13,3127973
1770208067289,1787.34,603.06,103514112,51429376,39986512,38.13,3127973
1770208067390,1789.97,604.82,103514112,51429376,40225032,38.36,3137507
1770208067491,1790.22,604.95,103514112,51429376,40227016,38.36,3137507
1770208067592,1793.24,606.78,103514112,51429376,40516128,38.64,3147041
1770208067694,1793.50,606.90,103514112,51429376,40518136,38.64,3147041
1770208067795,1793.80,607.04,103514112,51429376,40520120,38.64,3147041
1770208067896,1796.67,608.82,103514112,51429376,40758632,38.87,3156575
1770208067997,1796.96,608.97,103514112,51429376,40760616,38.87,3156575
1770208068142,1930.39,621.12,151437312,96583680,68861944,65.67,3108909
1770208068242,2171.89,627.54,173621248,119619584,97307536,92.80,3108236
1770208068343,2293.55,630.25,175964160,121454592,85466088,81.51,3119832
1770208068444,2293.61,630.31,175964160,121454592,85468104,81.51,3119832
1770208068545,2293.75,630.36,175964160,121454592,85470096,81.51,3119832
1770208068646,2299.91,632.31,175980544,121454592,85777992,81.80,3129366
1770208068748,2300.20,632.44,175980544,121454592,85780008,81.81,3129366
1770208068849,2303.72,634.51,175996928,121454592,86031464,82.05,3138900
1770208068951,2303.90,634.60,175996928,121454592,86033480,82.05,3138900
1770208069051,2304.05,634.69,175996928,121454592,86035472,82.05,3138900
1770208069152,2307.23,636.48,175996928,121454592,86286928,82.29,3148434
1770208069253,2307.39,636.56,175996928,121454592,86288944,82.29,3148434
1770208069354,2312.00,638.36,175996928,121454592,86540800,82.53,3157968
1770208069455,2312.12,638.42,175996928,121454592,86542816,82.53,3157968
1770208069556,2312.37,638.54,175996928,121454592,86544808,82.54,3157968
1770208069657,2326.75,640.48,176013312,121454592,86798136,82.78,3167502
1770208069758,2327.04,640.62,176013312,121454592,86800152,82.78,3167502
1770208069859,2329.76,642.50,176013312,121454592,87051536,83.02,3177036
1770208069960,2330.02,642.63,176013312,121454592,87053552,83.02,3177036
1770208070061,2330.31,642.78,176013312,121454592,87055544,83.02,3177036
1770208070162,2333.37,644.57,176013312,121454592,87306944,83.26,3186570
1770208070263,2333.65,644.70,176013312,121454592,87308960,83.26,3186570
1770208070364,2336.95,646.65,176029696,121454592,87560400,83.50,3196104
1770208070465,2337.24,646.80,176029696,121454592,87562416,83.51,3196104
1770208070566,2337.55,646.93,176029696,121454592,87564408,83.51,3196104
1770208070667,2340.94,648.88,176029696,121454592,87815800,83.75,3205638
1770208070769,2341.25,649.04,176029696,121454592,87817816,83.75,3205638
1770208070869,2345.31,650.66,176029696,121454592,88069776,83.99,3215172
1770208070969,2345.46,650.74,176029696,121454592,88071792,83.99,3215172
1770208071070,2345.74,650.99,176029696,121454592,88073784,83.99,3215172
1770208071171,2348.53,652.47,176029696,121454592,88325224,84.23,3224706
1770208071272,2348.73,652.55,176029696,121454592,88327240,84.24,3224706
1770208071372,2351.44,654.25,176029696,121454592,88652440,84.55,3234240
1770208071473,2351.63,654.36,176029696,121454592,88654456,84.55,3234240
1770208071574,2351.95,654.56,176029696,121454592,88656448,84.55,3234240
1770208071676,2355.31,656.45,176029696,121454592,88907880,84.79,3243774
1770208071775,2355.59,656.59,176029696,121454592,88909896,84.79,3243774
1770208071876,2358.51,658.32,176046080,121454592,89161344,85.03,3253308
1770208071978,2358.84,658.47,176046080,121454592,89163360,85.03,3253308
1770208072078,2359.11,658.60,176046080,121454592,89165352,85.03,3253308
1770208072178,2362.24,660.30,176046080,121454592,89416944,85.27,3262842
1770208072278,2362.40,660.40,176046080,121454592,89418960,85.28,3262842
1770208072379,2365.59,662.24,176046080,121454592,89670424,85.52,3272376
1770208072480,2365.74,662.33,176046080,121454592,89672440,85.52,3272376
1770208072581,2365.89,662.41,176046080,121454592,89674432,85.52,3272376
1770208072683,2372.55,664.01,176046080,121454592,89925920,85.76,3281910
1770208072783,2372.76,664.11,176046080,121454592,89927936,85.76,3281910
1770208072884,2376.98,665.77,176046080,121454592,90179400,86.00,3291444
1770208072985,2377.20,665.90,176062464,121454592,90181416,86.00,3291444
1770208073084,2377.40,666.00,176062464,121454592,90183408,86.01,3291444
1770208073185,2380.21,667.85,176062464,121454592,90434752,86.25,3300978
1770208073285,2380.51,668.00,176062464,121454592,90436768,86.25,3300978
1770208073386,2388.20,669.92,176095232,121454592,90689528,86.49,3310512
1770208073487,2388.40,669.98,176095232,121454592,90691544,86.49,3310512
1770208073588,2388.59,670.04,175144960,121454592,90693536,86.49,3310512
1770208073689,2391.78,672.02,175144960,121454592,90944944,86.73,3320046
1770208073790,2391.98,672.13,175144960,121454592,90946960,86.73,3320046
1770208073892,2394.66,673.81,175144960,121454592,91198368,86.97,3329580
1770208073992,2394.86,673.91,175144960,121454592,91200384,86.98,3329580
1770208074092,2395.10,674.02,171278336,121454592,91202376,86.98,3329580
1770208074194,2397.44,675.62,171278336,121454592,91453768,87.22,3339114
1770208074295,2397.64,675.72,171278336,121454592,91455784,87.22,3339114
1770208074397,2400.13,677.53,171278336,121454592,91707176,87.46,3348648
1770208074497,2400.32,677.62,171278336,121454592,91709192,87.46,3348648
1770208074598,2400.57,677.74,171278336,121454592,91711184,87.46,3348648
1770208074699,2404.31,680.00,171294720,121454592,91962576,87.70,3358182
1770208074800,2404.47,680.09,171294720,121454592,91964592,87.70,3358182
1770208074901,2407.15,681.75,170082304,121454592,92215928,87.94,3367716
1770208075010,2407.32,681.85,170082304,121454592,92217944,87.95,3367716
1770208075112,2407.48,681.94,170082304,121454592,92219936,87.95,3367716
1770208075217,2410.15,683.94,169934848,121454592,92471320,88.19,3377250
1770208075316,2410.39,684.12,169934848,121454592,92473336,88.19,3377250
1770208075416,2412.91,685.66,169934848,121454592,92724736,88.43,3386784
1770208075517,2413.05,685.74,169852928,121454592,92726752,88.43,3386784
1770208075617,2414.35,686.83,169721856,121454592,92854048,88.55,3395649
1770208075717,2415.28,687.55,169721856,121454592,92980136,88.67,3396318
1770208075822,2415.47,687.62,169721856,121454592,92982152,88.67,3396318
1770208075923,2418.10,689.15,169721856,121454592,93233600,88.91,3405852
1770208076024,2418.39,689.28,169721856,121454592,93235616,88.92,3405852
1770208076125,2421.14,691.04,169721856,121454592,93744176,89.40,3415386
1770208076225,2421.35,691.14,169721856,121454592,93746192,89.40,3415386
1770208076325,2503.69,708.05,115310592,66371584,38589664,36.80,3108944
1770208076426,2508.03,710.10,115310592,66371584,39109264,37.30,3118478
1770208076527,2508.19,710.18,115310592,66371584,39111272,37.30,3118478
1770208076627,2511.95,712.06,115310592,66371584,39381736,37.56,3128012
1770208076728,2512.09,712.12,115310592,66371584,39383744,37.56,3128012
1770208076829,2512.31,712.24,115310592,66371584,39385728,37.56,3128012
1770208076930,2583.90,721.95,90324992,42516480,38328824,36.55,3118478
1770208077031,2584.09,722.02,90324992,42516480,38330872,36.56,3118478
1770208077131,2586.78,723.74,90570752,42516480,38594768,36.81,3128012
1770208077232,2586.88,723.78,90587136,42516480,38596768,36.81,3128012
1770208077332,2587.04,723.85,90587136,42516480,38598744,36.81,3128012
1770208077433,2589.78,725.62,90849280,42516480,38862392,37.06,3137546
1770208077534,2647.87,729.05,90374144,41730048,37948824,36.19,3108944
1770208077634,2652.20,730.51,90669056,41730048,38486896,36.70,3118478
1770208077735,2652.34,730.56,90669056,41730048,38488896,36.71,3118478
1770208077836,2652.49,730.63,90669056,41730048,38490872,36.71,3118478
1770208077937,2657.26,732.42,90931200,41730048,38754552,36.96,3128012
1770208078037,2657.48,732.54,90931200,41730048,38756552,36.96,3128012
1770208078137,2661.20,734.63,91193344,41730048,39020168,37.21,3137546
1770208078238,2661.39,734.71,91193344,41730048,39022168,37.21,3137546
1770208078339,2661.70,734.86,91193344,41730048,39024144,37.22,3137546
1770208078441,2666.30,737.74,91799552,44875776,38418600,36.64,3119820
1770208078541,2666.57,737.87,91799552,44875776,38420600,36.64,3119820
1770208078641,2671.08,740.05,92061696,44875776,38684392,36.89,3129354
1770208078742,2671.29,740.14,92061696,44875776,38686392,36.89,3129354
1770208078844,2671.61,740.30,92061696,44875776,38688368,36.90,3129354
1770208078945,2674.85,742.33,92323840,44875776,38952008,37.15,3138888
1770208079046,2675.15,742.48,92323840,44875776,38954008,37.15,3138888
1770208079147,2679.79,744.24,92585984,44875776,39217648,37.40,3148422
1770208079248,2680.12,744.37,92585984,44875776,39219648,37.40,3148422
1770208079349,2680.39,744.47,92585984,44875776,39221624,37.40,3148422
1770208079451,2684.28,746.11,92848128,44875776,39485288,37.66,3157956
1770208079551,2684.53,746.18,92848128,44875776,39487288,37.66,3157956
1770208079652,2687.00,747.48,93093888,44875776,39750952,37.91,3167490
1770208079752,2687.14,747.53,93093888,44875776,39752952,37.91,3167490
1770208079852,2687.25,747.57,93093888,44875776,39754928,37.91,3167490
1770208079953,2690.42,748.99,93372416,44875776,40018912,38.17,3177024
1770208080054,2690.56,749.06,93372416,44875776,40020912,38.17,3177024
1770208080155,2694.23,750.75,93487104,44875776,38651520,36.86,3119820
1770208080256,2694.43,750.81,93487104,44875776,38653496,36.86,3119820
1770208080357,2694.68,750.87,93487104,44875776,38655472,36.86,3119820
1770208080458,2697.58,752.28,93487104,44875776,38919136,37.12,3129354
1770208080559,2697.79,752.36,93487104,44875776,38921112,37.12,3129354
1770208080659,2699.83,753.28,93487104,44875776,39054504,37.25,3138219
1770208080761,2701.60,754.17,93487104,44875776,39186632,37.37,3138888
1770208080862,2701.85,754.27,93487104,44875776,39188608,37.37,3138888
1770208080963,2709.07,755.69,93716480,44875776,39452496,37.62,3148422
1770208081064,2709.32,755.80,93716480,44875776,39454472,37.63,3148422
1770208081165,2712.22,757.31,93978624,44875776,39718088,37.88,3157956
1770208081266,2712.48,757.39,93978624,44875776,39720064,37.88,3157956
1770208081367,2712.73,757.45,93978624,44875776,39722040,37.88,3157956
1770208081468,2721.54,759.17,94240768,44875776,39986440,38.13,3167490
1770208081569,2721.78,759.23,94240768,44875776,39988416,38.14,3167490
1770208081670,2726.04,760.57,94486528,44875776,40251920,38.39,3177024
1770208081771,2726.30,760.63,94486528,44875776,40253896,38.39,3177024
1770208081874,2728.83,760.78,94486528,44875776,38734248,36.94,3177024
1770208081975,2738.92,762.32,94486528,44875776,39186656,37.37,3128012
1770208082077,2739.09,762.38,94486528,44875776,39188632,37.37,3128012
1770208082178,2742.94,764.13,94502912,44875776,39451712,37.62,3137546
1770208082279,2743.19,764.19,94502912,44875776,39453688,37.63,3137546
1770208082380,2743.44,764.25,94502912,44875776,39455664,37.63,3137546
1770208082481,2746.25,765.49,94502912,44875776,39718824,37.88,3147080
1770208082583,2746.50,765.57,94502912,44875776,39720824,37.88,3147080
1770208082683,2748.95,766.76,94502912,44875776,39983872,38.13,3156614
1770208082784,2749.12,766.83,94502912,44875776,39985872,38.13,3156614
1770208082885,2749.36,766.89,94502912,44875776,39987848,38.14,3156614
1770208082986,2753.86,768.42,94502912,44875776,40251000,38.39,3166148
1770208083087,2754.10,768.48,94502912,44875776,40253000,38.39,3166148
1770208083188,2756.89,769.82,94502912,44875776,40515752,38.64,3175682
1770208083289,2757.13,769.88,94502912,44875776,40517752,38.64,3175682
1770208083390,2757.37,769.95,94502912,44875776,40519728,38.64,3175682
1770208083492,2762.19,771.70,94715904,45137920,39227512,37.41,3185216
1770208083592,2762.38,771.77,94715904,45137920,39229512,37.41,3185216
1770208083694,2764.97,772.97,94715904,45137920,39492192,37.66,3128681
1770208083794,2765.17,773.03,94715904,45137920,39494192,37.66,3128681
1770208083895,2765.41,773.09,94715904,45137920,39496168,37.67,3128681
1770208083996,2775.43,774.64,94732288,45137920,39759968,37.92,3138215
1770208084097,2775.64,774.72,94732288,45137920,39761968,37.92,3138215
1770208084198,2778.34,775.99,94732288,45137920,40022168,38.17,3147749
1770208084300,2778.50,776.03,94732288,45137920,40024168,38.17,3147749
1770208084401,2778.73,776.10,94732288,45137920,40026144,38.17,3147749
1770208084502,2782.59,777.57,94748672,45137920,40286456,38.42,3157283
1770208084603,2782.83,777.63,94748672,45137920,40288456,38.42,3157283
1770208084704,2785.61,778.93,94748672,45137920,40548736,38.67,3166817
1770208084805,2785.81,778.98,94748672,45137920,40550736,38.67,3166817
1770208084906,2786.00,779.04,94748672,45137920,40552712,38.67,3166817
1770208085007,2788.84,780.65,94748672,45137920,40812944,38.92,3176351
1770208085108,2788.99,780.70,94748672,45137920,40814944,38.92,3176351
1770208085210,2794.28,782.81,94945280,45662208,39535176,37.70,3119820
1770208085311,2794.55,782.95,94945280,45662208,39537152,37.71,3119820
1770208085412,2794.80,783.04,94945280,45662208,39539128,37.71,3119820
1770208085513,2797.51,784.30,94945280,45662208,39799312,37.96,3129354
1770208085613,2797.72,784.40,94945280,45662208,39801288,37.96,3129354
1770208085714,2801.11,786.13,94961664,45662208,40061536,38.21,3138888
1770208085815,2801.46,786.32,94961664,45662208,40063512,38.21,3138888
1770208085916,2801.71,786.40,94961664,45662208,40065488,38.21,3138888
1770208086017,2804.63,787.82,94961664,45662208,40325744,38.46,3148422
1770208086119,2804.77,787.89,94961664,45662208,40327720,38.46,3148422
1770208086220,2806.69,789.11,94961664,45662208,40587904,38.71,3157956
1770208086321,2806.81,789.18,94961664,45662208,40589880,38.71,3157956
1770208086423,2806.93,789.25,94961664,45662208,40591856,38.71,3157956
1770208086523,2809.96,790.40,94961664,45662208,40852592,38.96,3167490
1770208086624,2810.15,790.46,94961664,45662208,40854568,38.96,3167490
1770208086726,2825.34,792.08,94978048,45662208,41115344,39.21,3177024
1770208086827,2825.58,792.15,94978048,45662208,41117320,39.21,3177024
1770208086929,2825.85,792.22,94978048,45662208,41119296,39.21,3177024
1770208087030,2829.27,793.63,95207424,45662208,39769896,37.93,3128012
1770208087130,2829.46,793.77,95191040,45662208,39771872,37.93,3128012
1770208087231,2829.58,793.84,95191040,45662208,39773848,37.93,3128012
1770208087331,2837.07,795.37,95223808,45662208,40033888,38.18,3137546
1770208087432,2837.16,795.42,95223808,45662208,40035864,38.18,3137546
1770208087533,2839.99,795.98,95059968,45662208,40289808,38.42,3147080
1770208087635,2840.09,796.02,95059968,45662208,40291784,38.43,3147080
1770208087735,2842.83,796.91,95059968,45662208,40545104,38.67,3156614
1770208087836,2843.03,796.98,95059968,45662208,40547080,38.67,3156614
1770208087938,2843.26,797.05,94830592,45662208,40549056,38.67,3156614
1770208088040,2845.44,798.50,93995008,45662208,40802384,38.91,3166148
1770208088141,2845.57,798.57,92651520,45662208,40804360,38.91,3166148
1770208088241,2849.76,799.90,92569600,45662208,41058728,39.16,3175682
1770208088341,2849.89,799.96,92569600,45662208,41060704,39.16,3175682
1770208088442,2850.07,800.04,92569600,45662208,41062680,39.16,3175682
1770208088544,2855.12,802.05,92569600,45662208,41315848,39.40,3185216
1770208088643,2855.35,802.20,92569600,45662208,41317824,39.40,3185216
1770208088744,2864.58,804.30,93028352,50118656,40088512,38.23,3128012
1770208088845,2864.81,804.39,93028352,50118656,40090488,38.23,3128012
1770208088946,2865.06,804.49,93028352,50118656,40092464,38.24,3128012
1770208089046,2867.74,806.22,93028352,50118656,40344936,38.48,3137546
1770208089147,2867.93,806.32,93028352,50118656,40346912,38.48,3137546
1770208089249,2874.57,808.04,93044736,50118656,40600464,38.72,3147080
1770208089348,2874.68,808.09,93044736,50118656,40602440,38.72,3147080
1770208089449,2874.79,808.13,93044736,50118656,40604416,38.72,3147080
1770208089550,2876.77,809.37,93093888,50118656,40856936,38.96,3156614
1770208089651,2876.94,809.42,93093888,50118656,40858912,38.97,3156614
1770208089752,2880.88,810.80,93077504,50118656,41111424,39.21,3166148
1770208089853,2881.03,810.85,93077504,50118656,41113400,39.21,3166148
1770208089954,2882.16,811.45,93077504,50118656,41241224,39.33,3175013
1770208090055,2882.91,811.97,93077504,50118656,41367800,39.45,3175682
1770208090157,2883.07,812.02,93077504,50118656,41369776,39.45,3175682
1770208090257,2887.90,813.31,93143040,50118656,41869040,39.93,3185216
1770208090358,2888.12,813.38,93143040,50118656,41871016,39.93,3185216
1770208090458,2890.39,814.69,93388800,50118656,42123480,40.17,3194750
1770208090559,2890.51,814.75,93388800,50118656,42125480,40.17,3194750
1770208090660,2890.70,814.81,93388800,50118656,42127456,40.18,3194750
1770208090761,2893.37,816.15,93634560,50118656,42379960,40.42,3204284
1770208090862,2893.59,816.21,93634560,50118656,42381960,40.42,3204284
1770208090962,2896.25,817.50,93863936,50118656,42634688,40.66,3213818
1770208091064,2896.42,817.55,93863936,50118656,42636688,40.66,3213818
1770208091165,2896.65,817.63,93880320,50118656,42638664,40.66,3213818
1770208091267,2899.80,819.05,94109696,50118656,42891416,40.90,3223352
1770208091367,2900.02,819.11,94109696,50118656,42893416,40.91,3223352
1770208091467,2902.68,820.49,94371840,50118656,43145888,41.15,3232886
1770208091568,2902.86,820.54,94371840,50118656,43147888,41.15,3232886
1770208091669,2903.04,820.60,94371840,50118656,43149864,41.15,3232886
1770208091770,2906.57,821.95,94617600,50118656,43402344,41.39,3242420
1770208091871,2906.76,822.02,94617600,50118656,43404344,41.39,3242420
1770208091971,2913.64,823.56,94863360,50118656,43656576,41.63,3251954
1770208092071,2925.59,823.84,95289344,50118656,43661200,41.64,3251954
1770208092172,2925.75,823.90,95289344,50118656,43663176,41.64,3251954
1770208092273,2929.53,825.81,95780864,51167232,40679200,38.79,3261488
1770208092374,2929.87,825.96,95780864,51167232,40681200,38.80,3261488
1770208092475,2944.61,827.73,95780864,51167232,40933216,39.04,3128681
1770208092576,2962.18,828.27,96600064,51167232,40935600,39.04,3128681
1770208092678,2962.30,828.32,96600064,51167232,40937576,39.04,3128681
1770208092778,2963.51,829.10,96600064,51167232,41184904,39.28,3138215
1770208092879,2963.64,829.15,96600064,51167232,41186880,39.28,3138215
1770208092980,2965.68,830.58,96600064,51167232,41434216,39.51,3147749
1770208093081,2965.84,830.66,96600064,51167232,41436216,39.52,3147749
1770208093182,2966.01,830.74,96616448,51167232,41438192,39.52,3147749
1770208093283,2973.14,832.09,96616448,51167232,41686368,39.76,3157283
1770208093384,2973.32,832.15,96616448,51167232,41688344,39.76,3157283
1770208093485,2975.27,833.27,96616448,51167232,41935888,39.99,3166817
1770208093586,2975.52,833.37,96616448,51167232,41937864,40.00,3166817
1770208093687,2975.76,833.47,96616448,51167232,41939840,40.00,3166817
1770208093788,2980.80,834.96,96911360,51167232,42187384,40.23,3176351
1770208093888,2981.03,835.02,96911360,51167232,42189360,40.23,3176351
1770208093988,2991.46,836.48,97173504,51167232,42474504,40.51,3185885
1770208094089,2991.69,836.55,97173504,51167232,42476504,40.51,3185885
1770208094190,2991.91,836.62,97173504,51167232,42478480,40.51,3185885
1770208094291,2994.66,838.00,97419264,51167232,42723112,40.74,3195419
1770208094392,2994.88,838.06,97419264,51167232,42725112,40.75,3195419
1770208094491,2997.56,839.44,97648640,51167232,42969816,40.98,3204953
1770208094592,2997.75,839.53,97648640,51167232,42971816,40.98,3204953
1770208094693,2998.00,839.59,97648640,51167232,42973792,40.98,3204953
1770208094794,3001.33,840.78,97878016,51167232,43218944,41.22,3214487
1770208094895,3001.45,840.84,97878016,51167232,43220944,41.22,3214487
1770208094996,3003.72,842.20,98140160,51167232,43465696,41.45,3224021
1770208095097,3003.87,842.26,98140160,51167232,43467696,41.45,3224021
1770208095197,3004.02,842.32,98140160,51167232,43469672,41.46,3224021
1770208095298,3006.11,843.76,98385920,51167232,43714496,41.69,3233555
1770208095399,3006.24,843.82,98385920,51167232,43716496,41.69,3233555
1770208095499,3012.88,845.76,99123200,51691520,41130904,39.23,3243089
1770208095600,3013.13,845.86,99123200,51691520,41132904,39.23,3243089
1770208095708,3013.32,845.93,99123200,51691520,41134880,39.23,3243089
1770208095810,3015.79,847.07,99123200,51691520,41379928,39.46,3128012
1770208095911,3015.94,847.13,99123200,51691520,41381904,39.46,3128012
1770208096012,3017.69,848.39,99123200,51691520,41677096,39.75,3137546
1770208096113,3017.87,848.47,99123200,51691520,41679072,39.75,3137546
1770208096212,3018.06,848.52,99057664,51691520,41681048,39.75,3137546
1770208096313,3020.61,849.83,98680832,51691520,41925968,39.98,3147080
1770208096414,3020.89,849.97,98680832,51691520,41927944,39.99,3147080
1770208096515,3023.15,851.28,98680832,51691520,42172344,40.22,3156614
1770208096616,3023.39,851.35,98680832,51691520,42174320,40.22,3156614
1770208096717,3023.64,851.41,98582528,51691520,42176296,40.22,3156614
1770208096818,3026.44,852.77,98582528,51691520,42420720,40.46,3166148
1770208096918,3026.70,852.85,98582528,51691520,42422696,40.46,3166148
1770208097019,3037.44,854.47,98598912,51691520,42667872,40.69,3175682
1770208097119,3037.69,854.54,98598912,51691520,42669848,40.69,3175682
1770208097220,3037.89,854.62,98598912,51691520,42671824,40.70,3175682
1770208097322,3052.70,856.28,98615296,51691520,42916984,40.93,3185216
1770208097423,3052.92,856.38,98615296,51691520,42918960,40.93,3185216
1770208097524,3055.54,857.68,98631680,51691520,43163016,41.16,3194750
1770208097625,3055.78,857.75,98631680,51691520,43165136,41.17,3194750
1770208097726,3056.05,857.81,98631680,51691520,43167112,41.17,3194750
1770208097827,3059.25,859.49,98107392,51691520,43411168,41.40,3204284
1770208097928,3059.34,859.54,98107392,51691520,43413144,41.40,3204284
1770208098029,3060.30,860.25,98107392,51691520,43657392,41.63,3213818
1770208098131,3060.43,860.31,98107392,51691520,43659368,41.64,3213818
1770208098232,3060.57,860.36,98107392,51691520,43661344,41.64,3213818
1770208098333,3063.10,861.82,98107392,51691520,43905520,41.87,3223352
1770208098434,3063.34,861.89,98107392,51691520,43907496,41.87,3223352
1770208098536,3065.83,863.21,98107392,51691520,44151712,42.11,3232886
1770208098637,3066.02,863.29,98107392,51691520,44153688,42.11,3232886
1770208098738,3066.21,863.36,98107392,51691520,44155664,42.11,3232886
1770208098839,3071.66,865.09,98107392,51691520,44399784,42.34,3242420
1770208098941,3071.91,865.16,98107392,51691520,44401760,42.34,3242420
1770208099041,3087.86,866.51,98189312,51953664,45129264,43.04,3251954
1770208099142,3088.07,866.59,98189312,51953664,45131240,43.04,3251954
1770208099243,3088.32,866.72,98189312,51953664,45133216,43.04,3251954
1770208099344,3093.35,868.59,98664448,52740096,42271816,40.31,3119820
1770208099444,3093.60,868.66,98664448,52740096,42273792,40.32,3119820
1770208099545,3096.06,869.87,98664448,52740096,42509984,40.54,3129354
1770208099646,3096.28,869.93,98664448,52740096,42511960,40.54,3129354
1770208099747,3096.56,870.02,98664448,52740096,42513936,40.54,3129354
1770208099847,3099.41,871.57,98664448,52740096,42749912,40.77,3138888
1770208099949,3099.66,871.68,98664448,52740096,42751888,40.77,3138888
1770208100050,3105.41,873.17,98664448,52740096,42988704,41.00,3148422
1770208100151,3105.65,873.25,98664448,52740096,42990680,41.00,3148422
1770208100252,3105.86,873.32,98664448,52740096,42992656,41.00,3148422
1770208100353,3108.45,874.69,98680832,52740096,43228680,41.23,3157956
1770208100454,3108.65,874.82,98680832,52740096,43230656,41.23,3157956
1770208100555,3111.62,876.22,98680832,52740096,43466672,41.45,3167490
1770208100656,3111.88,876.29,98680832,52740096,43468648,41.45,3167490
1770208100757,3112.13,876.38,98680832,52740096,43470624,41.46,3167490
1770208100858,3114.62,877.73,98680832,52740096,43706696,41.68,3177024
1770208100959,3114.82,877.79,98680832,52740096,43708672,41.68,3177024
1770208101061,3117.46,879.16,98680832,52740096,43944648,41.91,3186558
1770208101163,3117.67,879.27,98680832,52740096,43946648,41.91,3186558
1770208101263,3119.53,880.54,98680832,52740096,44182512,42.14,3196092
1770208101364,3119.62,880.58,98680832,52740096,44184512,42.14,3196092
1770208101465,3119.79,880.64,98680832,52740096,44186488,42.14,3196092
1770208101566,3121.59,881.88,98697216,52740096,44422480,42.36,3205626
1770208101667,3121.82,881.97,98697216,52740096,44424480,42.37,3205626
1770208101768,3124.39,883.48,98697216,52740096,44660480,42.59,3215160
1770208101868,3124.56,883.53,98697216,52740096,44662480,42.59,3215160
1770208101968,3124.80,883.60,98697216,52740096,44664456,42.60,3215160
1770208102069,3127.70,885.03,98697216,52740096,44900416,42.82,3224694
1770208102170,3127.94,885.10,98697216,52740096,44902416,42.82,3224694
1770208102270,3133.00,886.68,99155968,52740096,42548184,40.58,3234228
1770208102371,3133.20,886.73,99155968,52740096,42550184,40.58,3234228
1770208102472,3133.39,886.79,99155968,52740096,42552160,40.58,3234228
1770208102573,3134.83,887.79,99155968,52740096,42788120,40.81,3128012
1770208102674,3135.06,887.85,99155968,52740096,42790096,40.81,3128012
1770208102774,3137.16,889.25,99155968,52740096,43026056,41.03,3137546
1770208102875,3137.32,889.33,99155968,52740096,43028072,41.03,3137546
1770208102976,3137.50,889.41,98746368,52740096,43030048,41.04,3137546
1770208103076,3139.37,890.62,98304000,52740096,43266008,41.26,3147080
1770208103176,3139.46,890.66,98304000,52740096,43267984,41.26,3147080
1770208103277,3141.45,892.12,98025472,52740096,43504016,41.49,3156614
1770208103377,3141.56,892.18,98025472,52740096,43505992,41.49,3156614
1770208103479,3142.30,892.25,98025472,52740096,43508064,41.49,3156614
1770208103579,3143.78,893.31,98025472,52740096,43744048,41.72,3166148
1770208103680,3143.95,893.37,98025472,52740096,43746024,41.72,3166148
1770208103781,3146.14,894.67,98025472,52740096,43982080,41.94,3175682
1770208103882,3146.26,894.73,98025472,52740096,43984056,41.95,3175682
1770208103982,3146.36,894.76,98025472,52740096,43986032,41.95,3175682
1770208104083,3147.72,895.88,98025472,52740096,44222104,42.17,3185216
1770208104185,3147.83,895.93,98025472,52740096,44224080,42.18,3185216
1770208104286,3149.28,897.04,98025472,52740096,44460056,42.40,3194750
1770208104387,3149.38,897.08,98025472,52740096,44462032,42.40,3194750
1770208104488,3149.48,897.12,98025472,52740096,44464008,42.40,3194750
1770208104588,3151.20,898.34,98058240,52740096,44700008,42.63,3204284
1770208104689,3151.33,898.40,98058240,52740096,44701984,42.63,3204284
1770208104790,3153.48,899.67,98058240,52740096,44937968,42.86,3213818
1770208104891,3153.67,899.73,98058240,52740096,44939944,42.86,3213818
1770208104992,3153.90,899.82,98058240,52740096,44941920,42.86,3213818
1770208105092,3157.33,901.57,98058240,52740096,45177880,43.08,3223352
1770208105193,3157.57,901.64,98058240,52740096,45179856,43.09,3223352
1770208105294,3159.34,902.81,98058240,52740096,45416216,43.31,3232886
1770208105395,3159.44,902.86,98058240,52740096,45418192,43.31,3232886
1770208105496,3159.54,902.90,98058240,52740096,45420168,43.32,3232886
1770208105608,3162.22,904.23,98451456,53264384,42973056,40.98,3242420
1770208105709,3162.34,904.32,98451456,53264384,42975032,40.98,3242420
1770208105810,3163.99,905.48,98451456,53264384,43211088,41.21,3128012
1770208105911,3164.21,905.55,98451456,53264384,43213064,41.21,3128012
1770208106013,3164.46,905.63,98451456,53264384,43215040,41.21,3128012
1770208106113,3166.78,906.94,98451456,53264384,43451008,41.44,3137546
1770208106214,3167.02,907.01,98451456,53264384,43452984,41.44,3137546
1770208106315,3174.61,908.53,98484224,53264384,43689848,41.67,3147080
1770208106416,3174.84,908.66,98484224,53264384,43691824,41.67,3147080
1770208106517,3175.07,908.73,98484224,53264384,43693800,41.67,3147080
1770208106619,3179.71,910.19,98484224,53264384,43929904,41.89,3156614
1770208106720,3179.87,910.27,98484224,53264384,43931880,41.90,3156614
1770208106821,3182.06,911.64,98500608,53264384,44167896,42.12,3166148
1770208106922,3182.28,911.71,98500608,53264384,44169872,42.12,3166148
1770208107023,3182.51,911.78,98500608,53264384,44171848,42.13,3166148
1770208107125,3195.53,913.11,98516992,53264384,44408640,42.35,3175682
1770208107226,3195.72,913.19,98516992,53264384,44410616,42.35,3175682
1770208107327,3197.20,914.28,98516992,53264384,44645456,42.58,3185216
1770208107428,3197.31,914.31,98516992,53264384,44647432,42.58,3185216
1770208107529,3197.42,914.36,98516992,53264384,44649408,42.58,3185216
1770208107630,3199.54,915.67,98516992,53264384,44884256,42.80,3194750
1770208107731,3199.72,915.73,98516992,53264384,44886232,42.81,3194750
1770208107832,3204.95,917.37,98516992,53264384,45121184,43.03,3204284
1770208107933,3205.14,917.43,98516992,53264384,45123160,43.03,3204284
1770208108034,3205.45,917.60,98516992,53264384,45125136,43.03,3204284
1770208108135,3208.06,919.40,98533376,53264384,45359856,43.26,3213818
1770208108237,3208.33,919.50,98533376,53264384,45361832,43.26,3213818
1770208108337,3211.27,921.24,98533376,53264384,45596648,43.48,3223352
1770208108438,3211.52,921.34,98533376,53264384,45598624,43.49,3223352
1770208108539,3211.80,921.46,98533376,53264384,45600600,43.49,3223352
1770208108640,3214.38,923.18,98533376,53264384,45835480,43.71,3232886
1770208108741,3214.64,923.27,98533376,53264384,45837456,43.71,3232886
1770208108842,3218.21,925.40,98566144,53264384,46072232,43.94,3242420
1770208108943,3218.50,925.56,98582528,53264384,46074208,43.94,3242420
1770208109043,3218.79,925.68,98582528,53264384,46076184,43.94,3242420
1770208109144,3223.51,927.80,98795520,53264384,46311288,44.17,3251954
1770208109244,3223.78,927.91,98795520,53264384,46313264,44.17,3251954
1770208109345,3303.13,934.01,100220928,61390848,38976120,37.17,3119147
1770208109446,3303.32,934.09,100220928,61390848,38978128,37.17,3119147
1770208109547,3303.58,934.22,100220928,61390848,38980112,37.17,3119147
1770208109648,3307.04,936.08,100220928,61390848,39216472,37.40,3118478
1770208109749,3307.30,936.19,100220928,61390848,39218480,37.40,3118478
1770208109850,3309.98,937.82,100220928,61390848,39453464,37.63,3128012
1770208109950,3310.21,937.94,100220928,61390848,39455472,37.63,3128012
1770208110051,3310.50,938.08,100220928,61390848,39457456,37.63,3128012
1770208110152,3313.12,939.73,100220928,61390848,39692456,37.85,3137546
1770208110254,3313.41,939.85,100220928,61390848,39694464,37.86,3137546
1770208110355,3320.90,941.55,100220928,61390848,39929400,38.08,3147080
1770208110455,3321.11,941.65,100220928,61390848,39931408,38.08,3147080
1770208110556,3321.37,941.76,100220928,61390848,39933392,38.08,3147080
1770208110656,3324.58,943.77,100220928,61390848,40168432,38.31,3156614
1770208110757,3324.89,943.89,100220928,61390848,40170440,38.31,3156614
1770208110857,3328.12,945.87,100220928,61390848,40405432,38.53,3166148
1770208110958,3328.40,945.99,100220928,61390848,40407440,38.54,3166148
1770208111060,3328.69,946.11,100220928,61390848,40409424,38.54,3166148
1770208111161,3331.80,948.16,100220928,61390848,40644504,38.76,3175682
1770208111261,3332.08,948.31,100220928,61390848,40646512,38.76,3175682
1770208111362,3334.70,950.02,100220928,61390848,40881424,38.99,3185216
1770208111463,3334.90,950.13,100220928,61390848,40883432,38.99,3185216
1770208111564,3335.11,950.23,100220928,61390848,40885416,38.99,3185216
1770208111665,3337.86,951.97,100220928,61390848,41120432,39.22,3194750
1770208111766,3338.12,952.11,100220928,61390848,41122440,39.22,3194750
1770208111867,3341.51,954.30,100220928,61390848,41357408,39.44,3204284
1770208111967,3341.78,954.41,100220928,61390848,41359416,39.44,3204284
1770208112068,3341.99,954.49,100220928,61390848,41361400,39.45,3204284
1770208112170,3344.75,956.57,100220928,61390848,41596352,39.67,3213818
1770208112271,3345.04,956.70,100220928,61390848,41598360,39.67,3213818
1770208112373,3349.41,958.60,100220928,61390848,41833856,39.90,3223352
1770208112474,3349.68,958.77,100220928,61390848,41835864,39.90,3223352
1770208112575,3351.60,960.01,100220928,61390848,41955072,40.01,3232217
1770208112676,3352.64,960.78,100220928,61390848,42072864,40.12,3232886
1770208112777,3352.92,960.92,100220928,61390848,42074872,40.13,3232886
1770208112878,3360.30,962.77,100220928,61390848,42318624,40.36,3242420
1770208112978,3360.51,962.88,100220928,61390848,42320632,40.36,3242420
1770208113078,3364.03,964.02,100220928,61390848,42439688,40.47,3251285
1770208113179,3371.92,964.73,100220928,61390848,42558968,40.59,3251954
1770208113280,3372.19,964.87,100220928,61390848,42560976,40.59,3251954
1770208113381,3375.03,966.69,100220928,61390848,42795936,40.81,3261488
1770208113482,3375.31,966.84,100220928,61390848,42797944,40.82,3261488
1770208113582,3377.33,968.10,100220928,61390848,42917000,40.93,3270353
1770208113683,3378.35,968.85,100286464,61390848,43034856,41.04,3271022
1770208113784,3378.59,968.97,100286464,61390848,43036864,41.04,3271022
1770208113885,3381.15,970.79,100515840,61390848,43271816,41.27,3280556
1770208113987,3381.34,970.87,100515840,61390848,43273824,41.27,3280556
1770208114087,3384.20,972.79,100745216,61390848,43508760,41.49,3290090
1770208114188,3384.39,972.86,100745216,61390848,43510768,41.50,3290090
1770208114289,3384.68,973.00,100745216,61390848,43512752,41.50,3290090
1770208114390,3387.43,974.89,100974592,61390848,43747736,41.72,3299624
1770208114491,3387.66,975.00,100974592,61390848,43749744,41.72,3299624
1770208114591,3390.51,977.02,101203968,61390848,43984656,41.95,3309158
1770208114692,3390.70,977.08,101203968,61390848,43986664,41.95,3309158
1770208114793,3390.98,977.23,101203968,61390848,43988648,41.95,3309158
1770208114894,3393.83,979.15,101433344,61390848,44223696,42.18,3318692
1770208114994,3394.11,979.28,101433344,61390848,44225704,42.18,3318692
1770208115094,3399.08,981.61,101662720,61390848,44461048,42.40,3328226
1770208115195,3399.26,981.68,101662720,61390848,44463056,42.40,3328226
1770208115296,3399.51,981.82,101662720,61390848,44465040,42.41,3328226
1770208115397,3402.40,983.96,101892096,61390848,44700040,42.63,3337760
1770208115498,3402.60,984.05,101892096,61390848,44702048,42.63,3337760
1770208115599,3405.11,985.79,102105088,61390848,44937120,42.86,3347294
1770208115699,3405.22,985.85,102105088,61390848,44939128,42.86,3347294
1770208115800,3405.39,985.95,102121472,61390848,44941112,42.86,3347294
1770208115902,3413.08,987.91,102334464,61390848,45186264,43.09,3356828
1770208116003,3413.29,988.04,102334464,61390848,45188272,43.09,3356828
1770208116104,3420.20,989.88,102563840,61390848,45423160,43.32,3366362
1770208116205,3423.93,990.00,102563840,61390848,45425864,43.32,3366362
1770208116306,3424.16,990.16,102563840,61390848,45427848,43.32,3366362
1770208116407,3427.05,992.13,102793216,61390848,45662424,43.55,3375896
1770208116509,3427.31,992.27,102793216,61390848,45664432,43.55,3375896
1770208116610,3435.47,994.30,103022592,61390848,45915608,43.79,3385430
1770208116711,3435.69,994.39,103022592,61390848,45917616,43.79,3385430
1770208116812,3435.93,994.52,103022592,61390848,45919600,43.79,3385430
1770208116913,3438.37,996.42,103235584,61390848,46156664,44.02,3394964
1770208117014,3438.59,996.55,103251968,61390848,46158672,44.02,3394964
1770208117115,3445.21,998.49,103464960,61390848,46405704,44.26,3404498
1770208117216,3445.38,998.61,103464960,61390848,46407712,44.26,3404498
1770208117317,3445.53,998.71,103464960,61390848,46409696,44.26,3404498
1770208117418,3447.99,1000.43,103694336,61390848,46644232,44.48,3414032
1770208117519,3448.22,1000.55,103694336,61390848,46646240,44.49,3414032
1770208117620,3454.58,1002.60,103923712,61390848,40205424,38.34,3423566
1770208117721,3454.86,1002.73,103923712,61390848,40207432,38.34,3423566
1770208117822,3455.15,1002.90,103923712,61390848,40209416,38.35,3423566
1770208117923,3457.33,1004.71,103923712,61390848,40447368,38.57,3128012
1770208118024,3457.51,1004.84,103923712,61390848,40449352,38.58,3128012
1770208118125,3459.71,1006.41,103923712,61390848,40687304,38.80,3137546
1770208118226,3459.83,1006.47,103923712,61390848,40689296,38.80,3137546
1770208118327,3459.97,1006.56,103923712,61390848,40691280,38.81,3137546
1770208118428,3462.07,1008.43,103923712,61390848,40925728,39.03,3147080
1770208118529,3462.31,1008.56,103923712,61390848,40927712,39.03,3147080
1770208118630,3465.54,1010.64,103923712,61390848,41168232,39.26,3156614
1770208118731,3465.70,1010.72,103923712,61390848,41170216,39.26,3156614
1770208118832,3465.86,1010.82,103923712,61390848,41172200,39.26,3156614
1770208118933,3467.83,1012.36,103694336,61390848,41406696,39.49,3166148
1770208119034,3467.95,1012.44,103694336,61390848,41408680,39.49,3166148
1770208119134,3471.45,1014.17,103694336,61390848,41647296,39.72,3175682
1770208119235,3471.59,1014.25,103694336,61390848,41649280,39.72,3175682
1770208119336,3471.71,1014.31,103694336,61390848,41651264,39.72,3175682
1770208119437,3473.36,1015.76,103694336,61390848,41888864,39.95,3185216
1770208119538,3473.47,1015.82,103694336,61390848,41890848,39.95,3185216
1770208119639,3475.07,1017.16,103694336,61390848,42127552,40.18,3194750
1770208119740,3475.21,1017.24,103677952,61390848,42129536,40.18,3194750
1770208119840,3475.33,1017.29,103677952,61390848,42131520,40.18,3194750
1770208119941,3480.18,1019.16,103677952,61390848,42373824,40.41,3204284
1770208120042,3480.32,1019.23,103677952,61390848,42375808,40.41,3204284
1770208120143,3482.05,1020.90,103677952,61390848,42610080,40.64,3213818
1770208120244,3482.35,1021.04,103677952,61390848,42612088,40.64,3213818
1770208120345,3482.56,1021.14,103677952,61390848,42614072,40.64,3213818
1770208120445,3491.11,1023.29,103677952,61390848,42862312,40.88,3223352
1770208120546,3491.39,1023.43,103677952,61390848,42864296,40.88,3223352
1770208120647,3494.16,1025.46,103727104,61390848,43106736,41.11,3232886
1770208120748,3494.36,1025.55,103727104,61390848,43108720,41.11,3232886
1770208120849,3494.64,1025.70,103727104,61390848,43110704,41.11,3232886
1770208120950,3497.75,1027.76,103956480,61390848,43347872,41.34,3242420
1770208121051,3498.03,1027.92,103956480,61390848,43349856,41.34,3242420
1770208121152,3504.35,1029.83,104185856,61390848,43591904,41.57,3251954
1770208121253,3504.61,1029.97,104185856,61390848,43593888,41.57,3251954
1770208121353,3504.89,1030.10,104185856,61390848,43595872,41.58,3251954
1770208121454,3510.02,1032.08,104415232,61390848,43833584,41.80,3261488
1770208121555,3510.25,1032.20,104415232,61390848,43835568,41.80,3261488
1770208121655,3513.59,1033.74,104644608,61390848,44079560,42.04,3271022
1770208121756,3513.75,1033.83,104644608,61390848,44081544,42.04,3271022
1770208121856,3513.97,1033.96,104644608,61390848,44083528,42.04,3271022
1770208121957,3516.99,1035.95,104873984,61390848,44320280,42.27,3280556
1770208122058,3517.27,1036.08,104873984,61390848,44322264,42.27,3280556
1770208122159,3519.25,1037.58,105103360,61390848,44558792,42.49,3290090
1770208122260,3519.51,1037.74,105103360,61390848,44560776,42.50,3290090
1770208122360,3519.76,1037.88,105103360,61390848,44562760,42.50,3290090
1770208122461,3522.51,1039.68,105332736,61390848,44800952,42.73,3299624
1770208122563,3522.80,1039.83,105332736,61390848,44802936,42.73,3299624
1770208122664,3525.78,1041.82,105316352,61390848,45037488,42.95,3309158
1770208122765,3526.06,1041.98,105316352,61390848,45042536,42.96,3309158
1770208122866,3526.26,1042.12,105332736,61390848,45044520,42.96,3309158
1770208122967,3527.01,1042.72,105545728,61390848,45278864,43.18,3318692
1770208123068,3527.11,1042.77,105545728,61390848,45280848,43.18,3318692
1770208123169,3528.22,1043.64,105775104,61390848,45517840,43.41,3328226
1770208123270,3528.37,1043.71,105775104,61390848,45519824,43.41,3328226
1770208123371,3528.62,1043.86,105775104,61390848,45521808,43.41,3328226
1770208123472,3531.73,1046.00,106004480,61390848,45758792,43.64,3337760
1770208123573,3532.06,1046.14,106004480,61390848,45760776,43.64,3337760
1770208123674,3539.84,1048.23,106217472,61390848,46184704,44.05,3347294
1770208123774,3540.11,1048.41,106217472,61390848,46186184,44.05,3347294
1770208123875,3540.40,1048.59,106233856,61390848,46191192,44.05,3347294
1770208123976,3543.45,1050.64,106446848,61390848,46424992,44.27,3356828
1770208124077,3543.69,1050.78,106446848,61390848,46426472,44.28,3356828
1770208124179,3546.48,1052.83,106692608,61390848,46663560,44.50,3366362
1770208124280,3546.76,1052.97,106692608,61390848,46665040,44.50,3366362
1770208124381,3547.01,1053.13,106692608,61390848,46666520,44.50,3366362
1770208124481,3554.79,1059.30,93585408,46972928,41349336,39.43,3375896
1770208124582,3555.05,1059.46,93585408,46972928,41350808,39.44,3375896
1770208124682,3557.65,1061.25,93585408,46972928,41587232,39.66,3128012
1770208124783,3557.93,1061.39,93585408,46972928,41591824,39.67,3128012
1770208124884,3558.18,1061.52,93585408,46972928,41593296,39.67,3128012
1770208124985,3560.95,1063.43,93585408,46972928,41827040,39.89,3137546
1770208125085,3561.24,1063.59,93585408,46972928,41828576,39.89,3137546
1770208125186,3563.85,1065.33,93585408,46972928,42065432,40.12,3147080
1770208125286,3564.03,1065.43,93585408,46972928,42066904,40.12,3147080
1770208125387,3564.27,1065.58,93585408,46972928,42068376,40.12,3147080
1770208125487,3566.68,1067.18,93585408,46972928,42304504,40.34,3156614
1770208125588,3566.95,1067.34,93585408,46972928,42305976,40.35,3156614
1770208125689,3569.48,1069.16,93585408,46972928,42545176,40.57,3166148
1770208125790,3569.74,1069.31,93585408,46972928,42546648,40.58,3166148
1770208125891,3569.97,1069.44,93585408,46972928,42548120,40.58,3166148
1770208125992,3578.02,1071.95,94699520,54050816,41678720,39.75,3119820
1770208126092,3578.29,1072.10,94699520,54050816,41680216,39.75,3119820
1770208126193,3581.08,1073.82,94912512,54050816,41914056,39.97,3129354
1770208126294,3582.14,1074.10,94945280,54050816,41996552,40.05,3129358
1770208126395,3582.47,1074.27,94945280,54050816,41998048,40.05,3129358
1770208126496,3586.13,1076.36,95158272,54050816,42232008,40.28,3138892
1770208126596,3586.41,1076.50,95158272,54050816,42233504,40.28,3138892
1770208126698,3589.01,1078.18,95387648,54050816,42467304,40.50,3148426
1770208126799,3589.20,1078.28,95387648,54050816,42468800,40.50,3148426
1770208126900,3589.47,1078.43,95387648,54050816,42470272,40.50,3148426
1770208127001,3591.91,1080.17,95617024,54050816,42704080,40.73,3157960
1770208127101,3592.17,1080.33,95617024,54050816,42705576,40.73,3157960
1770208127202,3595.05,1082.20,95846400,54050816,42939448,40.95,3167494
1770208127303,3595.29,1082.32,95846400,54050816,42940944,40.95,3167494
1770208127403,3595.51,1082.44,95846400,54050816,42942416,40.95,3167494
1770208127504,3599.57,1084.41,96092160,54050816,43176288,41.18,3177028
1770208127605,3599.78,1084.54,96092160,54050816,43177784,41.18,3177028
1770208127706,3602.86,1086.48,96321536,54050816,43411408,41.40,3186562
1770208127807,3603.10,1086.59,96321536,54050816,43412904,41.40,3186562
1770208127908,3603.37,1086.74,96321536,54050816,43414376,41.40,3186562
1770208128009,3606.59,1088.79,96534528,54050816,43647856,41.63,3196096
1770208128111,3606.80,1088.95,96534528,54050816,43649352,41.63,3196096
1770208128227,3757.80,1103.90,165462016,124715008,93709200,89.37,3119820
1770208128326,4005.55,1112.99,177618944,128647168,100864200,96.19,3110286
1770208128428,4193.96,1118.04,180207616,132317184,103855640,99.04,3128024
1770208128529,4194.05,1118.09,180207616,132317184,103857176,99.05,3128024
1770208128630,4194.19,1118.15,180207616,132317184,103858688,99.05,3128024
1770208128731,4196.96,1119.95,180207616,132317184,104091680,99.27,3129362
1770208128832,4197.22,1120.10,180207616,132317184,104093216,99.27,3129362
1770208128933,4199.32,1121.66,180207616,132317184,104326416,99.49,3138892
1770208129034,4199.51,1121.78,180207616,132317184,104327952,99.49,3138892
1770208129135,4199.77,1121.91,180207616,132317184,104329464,99.50,3138892
1770208129236,4204.25,1123.82,180224000,132317184,104563512,99.72,3148422
1770208129337,4204.43,1123.92,180224000,132317184,104565048,99.72,3148422
1770208129438,4207.17,1125.80,180224000,132317184,104798248,99.94,3157952
1770208129538,4207.40,1125.93,180224000,132317184,104799784,99.94,3157952
1770208129639,4207.66,1126.09,180224000,132317184,104801296,99.95,3157952
1770208129740,4210.44,1127.81,180224000,132317184,105034520,100.17,3167482
1770208129841,4210.69,1127.95,180224000,132317184,105036056,100.17,3167482
1770208129942,4213.57,1129.73,180224000,132317184,105269360,100.39,3177012
1770208130043,4213.78,1129.86,180224000,132317184,105270896,100.39,3177012
1770208130145,4214.04,1130.13,180224000,132317184,105272408,100.40,3177012
1770208130246,4225.12,1132.10,180240384,132317184,105507312,100.62,3186542
1770208130348,4225.38,1132.26,180240384,132317184,105508848,100.62,3186542
1770208130449,4228.12,1134.01,180240384,132317184,105741704,100.84,3196072
1770208130550,4228.39,1134.15,180240384,132317184,105743240,100.84,3196072
1770208130651,4228.66,1134.26,180240384,132317184,105744752,100.85,3196072
1770208130751,4231.06,1135.95,180256768,132317184,105977576,101.07,3205602
1770208130852,4231.19,1136.02,180256768,132317184,105979112,101.07,3205602
1770208130953,4233.35,1137.40,180256768,132317184,106211904,101.29,3215132
1770208131054,4233.52,1137.47,180256768,132317184,106213440,101.29,3215132
1770208131154,4233.74,1137.62,180256768,132317184,106214952,101.29,3215132
1770208131254,4235.54,1138.81,180256768,132317184,106447880,101.52,3224664
1770208131354,4235.65,1138.88,180256768,132317184,106449416,101.52,3224664
1770208131455,4237.60,1140.21,180256768,132317184,106682216,101.74,3234196
1770208131556,4237.73,1140.30,180256768,132317184,106683752,101.74,3234196
1770208131657,4237.84,1140.37,180256768,132317184,106685264,101.74,3234196
1770208131758,4239.77,1142.03,180256768,132317184,106918680,101.97,3243728
1770208131859,4240.01,1142.21,180256768,132317184,106920216,101.97,3243728
1770208131959,4243.64,1143.98,180256768,132317184,107153112,102.19,3253260
1770208132059,4243.92,1144.16,180256768,132317184,107154648,102.19,3253260
1770208132160,4244.19,1144.34,180256768,132317184,107156160,102.19,3253260
1770208132261,4247.00,1146.53,180256768,132317184,107625224,102.64,3262792
1770208132361,4247.27,1146.69,180256768,132317184,107626760,102.64,3262792
1770208132461,4254.81,1148.98,180256768,132317184,107861448,102.86,3272324
1770208132562,4255.08,1149.14,180256768,132317184,107862984,102.87,3272324
1770208132663,4255.35,1149.33,180256768,132317184,107864496,102.87,3272324
1770208132764,4258.54,1151.30,180273152,132317184,108097248,103.09,3281856
1770208132865,4258.80,1151.44,180273152,132317184,108098784,103.09,3281856
1770208132966,4270.04,1153.33,180289536,132317184,108332400,103.31,3291388
1770208133066,4270.30,1153.44,180289536,132317184,108333936,103.32,3291388
1770208133167,4270.56,1153.58,180289536,132317184,108335448,103.32,3291388
1770208133269,4273.44,1155.48,180305920,132317184,108568088,103.54,3300920
1770208133369,4273.69,1155.63,180305920,132317184,108569624,103.54,3300920
1770208133470,4275.59,1156.50,180322304,132317184,108802408,103.76,3310452
1770208133571,4275.66,1156.54,180322304,132317184,108803944,103.76,3310452
1770208133672,4275.75,1156.58,180322304,132317184,108805456,103.76,3310452
1770208133773,4277.66,1157.45,180322304,132317184,109038832,103.99,3319984
1770208133874,4277.87,1157.58,180322304,132317184,109040368,103.99,3319984
1770208133976,4280.83,1159.63,180322304,132317184,109272936,104.21,3329516
1770208134077,4281.06,1159.75,180322304,132317184,109274472,104.21,3329516
1770208134178,4281.32,1159.91,180322304,132317184,109275984,104.21,3329516
1770208134279,4287.14,1162.02,180338688,132317184,109508968,104.44,3339048
1770208134380,4287.35,1162.11,180338688,132317184,109510504,104.44,3339048
1770208134481,4290.10,1163.98,180338688,132317184,109743048,104.66,3348580
1770208134582,4290.33,1164.10,180338688,132317184,109744584,104.66,3348580
1770208134683,4290.58,1164.23,180338688,132317184,109746096,104.66,3348580
1770208134784,4295.27,1166.26,180338688,132317184,109978912,104.88,3358112
1770208134884,4295.54,1166.44,180338688,132317184,109980448,104.89,3358112
1770208134985,4298.67,1168.44,180338688,132317184,110213264,105.11,3367644
1770208135086,4298.90,1168.56,180338688,132317184,110214800,105.11,3367644
1770208135187,4299.15,1168.68,180338688,132317184,110216312,105.11,3367644
1770208135289,4301.76,1170.36,180338688,132317184,110448864,105.33,3377176
1770208135390,4302.02,1170.52,180338688,132317184,110450400,105.33,3377176
1770208135491,4309.95,1173.39,180453376,132317184,96174224,91.72,3386708
1770208135592,4310.20,1173.53,180453376,132317184,96175744,91.72,3386708
1770208135693,4310.44,1173.62,180453376,132317184,96177240,91.72,3386708
1770208135794,4313.35,1175.52,180453376,132317184,96409848,91.94,3137544
1770208135895,4313.63,1175.68,180453376,132317184,96411368,91.95,3137544
1770208135996,4316.34,1177.48,180453376,132317184,96644040,92.17,3147076
1770208136097,4316.59,1177.62,180453376,132317184,96645560,92.17,3147076
1770208136199,4317.58,1178.37,180453376,132317184,96763224,92.28,3155940
1770208136310,4371.40,1181.06,180535296,65060864,38860144,37.06,3117136
1770208136411,4387.19,1192.98,114032640,65060864,39065712,37.26,3117136
1770208136511,4391.85,1194.86,114032640,65060864,39593968,37.76,3126668
1770208136612,4392.12,1194.98,114032640,65060864,39595472,37.76,3126668
1770208136712,4395.55,1196.96,114032640,65060864,39845976,38.00,3136200
1770208136814,4395.75,1197.05,114032640,65060864,39847480,38.00,3136200
1770208136914,4399.88,1197.35,114032640,65060864,39844704,38.00,3136200
1770208137015,4477.18,1208.24,92323840,43040768,39020088,37.21,3126668
1770208137116,4477.45,1208.39,92323840,43040768,39021584,37.21,3126668
1770208137217,4480.58,1210.20,92569600,43040768,39272088,37.45,3136200
1770208137318,4480.78,1210.29,92569600,43040768,39273584,37.45,3136200
1770208137419,4481.06,1210.42,92569600,43040768,39275056,37.46,3136200
1770208137520,4489.17,1212.87,92831744,43040768,39532480,37.70,3145732
1770208137621,4562.57,1216.61,92094464,43040768,38745376,36.95,3117136
1770208137721,4566.76,1218.73,92389376,43040768,39242808,37.42,3126668
1770208137823,4567.09,1218.86,92389376,43040768,39244304,37.43,3126668
1770208137924,4569.04,1219.00,92389376,43040768,39250512,37.43,3126668
1770208138025,4574.52,1221.06,92635136,43040768,39501432,37.67,3136200
1770208138125,4574.78,1221.21,92635136,43040768,39502928,37.67,3136200
1770208138226,4577.76,1223.13,92897280,43040768,39753344,37.91,3145732
1770208138327,4577.99,1223.20,92897280,43040768,39754840,37.91,3145732
1770208138428,4578.23,1223.30,92897280,43040768,39756312,37.91,3145732
1770208138529,4584.05,1225.72,93454336,46186496,39142680,37.33,3128008
1770208138630,4584.29,1225.86,93454336,46186496,39144176,37.33,3128008
1770208138731,4586.18,1226.96,93716480,46186496,39394688,37.57,3137540
1770208138832,4586.30,1227.02,93732864,46186496,39396184,37.57,3137540
1770208138932,4586.49,1227.13,93732864,46186496,39397656,37.57,3137540
1770208139033,4589.82,1229.14,93962240,46186496,39648112,37.81,3147072
1770208139134,4590.15,1229.35,93962240,46186496,39649608,37.81,3147072
1770208139235,4592.89,1231.11,94208000,46186496,39900016,38.05,3156604
1770208139336,4593.16,1231.26,94208000,46186496,39901512,38.05,3156604
1770208139437,4593.41,1231.37,94208000,46186496,39902984,38.05,3156604
1770208139539,4596.51,1233.10,94453760,46186496,40153392,38.29,3166136
1770208139640,4596.76,1233.19,94453760,46186496,40154888,38.29,3166136
1770208139741,4600.51,1235.12,94699520,46186496,40405312,38.53,3175668
1770208139842,4600.72,1235.18,94699520,46186496,40406808,38.53,3175668
1770208139943,4600.97,1235.27,94699520,46186496,40408280,38.54,3175668
1770208140044,4605.29,1236.82,94945280,46186496,39243056,37.43,3185200
1770208140145,4605.53,1236.90,94945280,46186496,39244552,37.43,3185200
1770208140246,4608.42,1238.50,94945280,46186496,39494968,37.67,3136200
1770208140347,4608.69,1238.58,94945280,46186496,39496440,37.67,3136200
1770208140447,4608.95,1238.66,94945280,46186496,39497912,37.67,3136200
1770208140548,4611.83,1240.14,94945280,46186496,39748392,37.91,3145732
1770208140649,4612.08,1240.24,94945280,46186496,39749864,37.91,3145732
1770208140750,4618.96,1242.17,94961664,46186496,40004168,38.15,3155264
1770208140850,4619.19,1242.27,94961664,46186496,40005664,38.15,3155264
1770208140950,4619.43,1242.39,94961664,46186496,40007136,38.15,3155264
1770208141052,4626.64,1243.81,95223808,46186496,40320528,38.45,3164796
1770208141153,4626.88,1243.87,95223808,46186496,40322024,38.45,3164796
1770208141254,4629.70,1245.21,95469568,46186496,40572368,38.69,3174328
1770208141355,4629.93,1245.29,95469568,46186496,40573864,38.69,3174328
1770208141456,4630.16,1245.36,95469568,46186496,40575336,38.70,3174328
1770208141557,4634.59,1246.74,95698944,46186496,40825848,38.93,3183860
1770208141658,4634.83,1246.82,95715328,46186496,40827344,38.94,3183860
1770208141759,4639.76,1248.47,95961088,46186496,39537968,37.71,3193392
1770208141859,4640.00,1248.54,95961088,46186496,39539464,37.71,3193392
1770208141960,4640.24,1248.61,95961088,46186496,39540936,37.71,3193392
1770208142060,4643.23,1250.56,95977472,46186496,39790912,37.95,3136868
1770208142161,4643.51,1250.72,95977472,46186496,39792408,37.95,3136868
1770208142262,4649.07,1252.12,95977472,46186496,40042440,38.19,3146400
1770208142363,4649.36,1252.21,95977472,46186496,40043936,38.19,3146400
1770208142464,4649.60,1252.28,95977472,46186496,40045408,38.19,3146400
1770208142566,4652.31,1253.54,95977472,46186496,40294688,38.43,3155932
1770208142668,4652.43,1253.59,95977472,46186496,40296184,38.43,3155932
1770208142769,4655.18,1254.91,95977472,46186496,40545504,38.67,3165464
1770208142870,4655.47,1255.00,95977472,46186496,40547000,38.67,3165464
1770208142971,4655.71,1255.07,95977472,46186496,40548472,38.67,3165464
1770208143073,4659.32,1256.44,95977472,46186496,40797816,38.91,3174996
1770208143174,4659.56,1256.52,95977472,46186496,40799312,38.91,3174996
1770208143275,4662.41,1257.81,95993856,46186496,41048632,39.15,3184528
1770208143376,4662.64,1257.88,95993856,46186496,41050128,39.15,3184528
1770208143477,4662.90,1257.96,95993856,46186496,41051600,39.15,3184528
1770208143578,4667.67,1259.61,96419840,46186496,39783464,37.94,3194060
1770208143678,4667.91,1259.69,96419840,46186496,39784960,37.94,3194060
1770208143779,4669.87,1260.79,96419840,46186496,40034232,38.18,3136868
1770208143881,4670.08,1260.86,96419840,46186496,40035704,38.18,3136868
1770208143982,4670.32,1260.93,96419840,46186496,40037176,38.18,3136868
1770208144083,4676.65,1262.48,96419840,46186496,40287152,38.42,3146400
1770208144184,4676.88,1262.54,96419840,46186496,40288624,38.42,3146400
1770208144285,4679.67,1263.87,96419840,46186496,40537968,38.66,3155932
1770208144386,4679.91,1263.94,96419840,46186496,40539440,38.66,3155932
1770208144487,4680.19,1264.02,96419840,46186496,40540912,38.66,3155932
1770208144588,4682.94,1265.48,96436224,46186496,40790240,38.90,3165464
1770208144689,4683.17,1265.57,96436224,46186496,40791712,38.90,3165464
1770208144789,4686.06,1266.83,96436224,46186496,41041008,39.14,3174996
1770208144890,4686.32,1266.92,96436224,46186496,41042480,39.14,3174996
1770208144990,4686.57,1267.01,96436224,46186496,41043952,39.14,3174996
1770208145090,4689.57,1268.40,96436224,46186496,41293312,39.38,3184528
1770208145190,4689.81,1268.48,96436224,46186496,41294784,39.38,3184528
1770208145290,4694.12,1270.24,96632832,46186496,40019496,38.17,3194060
1770208145390,4694.36,1270.31,96632832,46186496,40020968,38.17,3194060
1770208145492,4694.60,1270.38,96632832,46186496,40022440,38.17,3194060
1770208145593,4697.55,1271.75,96632832,46186496,40271808,38.41,3136868
1770208145694,4697.79,1271.82,96632832,46186496,40273280,38.41,3136868
1770208145795,4700.70,1273.21,96632832,46186496,40522568,38.65,3146400
1770208145896,4700.90,1273.28,96632832,46186496,40524040,38.65,3146400
1770208145997,4701.06,1273.34,96632832,46186496,40525512,38.65,3146400
1770208146098,4703.94,1274.80,96649216,46186496,40775080,38.89,3155932
1770208146200,4704.19,1274.88,96649216,46186496,40776552,38.89,3155932
1770208146301,4706.94,1276.24,96649216,46186496,41025832,39.13,3165464
1770208146402,4707.18,1276.34,96649216,46186496,41027304,39.13,3165464
1770208146503,4708.81,1277.08,96649216,46186496,41153288,39.25,3174328
1770208146604,4711.31,1277.79,96649216,46186496,41278488,39.37,3174996
1770208146705,4711.55,1277.86,96649216,46186496,41279960,39.37,3174996
1770208146806,4719.69,1279.58,96649216,46186496,41529208,39.61,3184528
1770208146906,4719.93,1279.67,96649216,46186496,41530680,39.61,3184528
1770208147006,4721.75,1280.40,96665600,46186496,41656472,39.73,3193392
1770208147107,4727.94,1281.75,96894976,46710784,40264920,38.40,3194060
1770208147208,4728.16,1281.99,96894976,46710784,40266392,38.40,3194060
1770208147309,4730.31,1283.29,96894976,46710784,40509840,38.63,3136868
1770208147410,4730.47,1283.37,96894976,46710784,40511312,38.63,3136868
1770208147511,4731.39,1283.96,96894976,46710784,40754936,38.87,3146400
1770208147612,4731.43,1283.99,96894976,46710784,40756408,38.87,3146400
1770208147713,4731.57,1284.03,96894976,46710784,40757880,38.87,3146400
1770208147814,4733.78,1284.67,96894976,46710784,41001328,39.10,3155932
1770208147915,4733.90,1284.72,96894976,46710784,41002800,39.10,3155932
1770208148016,4741.29,1285.81,96911360,46710784,41246248,39.34,3165464
1770208148117,4743.20,1285.86,96911360,46710784,41254048,39.34,3165464
1770208148218,4743.42,1285.98,96911360,46710784,41255520,39.34,3165464
1770208148318,4747.56,1287.36,96927744,46710784,41497360,39.57,3174996
1770208148419,4747.69,1287.42,96927744,46710784,41498832,39.58,3174996
1770208148520,4750.05,1289.12,96927744,46710784,41739440,39.81,3184528
1770208148621,4750.22,1289.20,96927744,46710784,41740976,39.81,3184528
1770208148721,4750.48,1289.32,96927744,46710784,41742448,39.81,3184528
1770208148822,4754.63,1290.87,96927744,46710784,41982672,40.04,3194060
1770208148922,4754.82,1290.97,96927744,46710784,41984144,40.04,3194060
1770208149022,4758.94,1292.86,97402880,50905088,40775688,38.89,3136200
1770208149123,4759.08,1292.92,97402880,50905088,40777160,38.89,3136200
1770208149224,4759.24,1293.01,97402880,50905088,40778632,38.89,3136200
1770208149325,4765.20,1294.56,97402880,50905088,41159992,39.25,3145732
1770208149427,4765.43,1294.63,97402880,50905088,41161464,39.25,3145732
1770208149528,4773.59,1296.10,97452032,50905088,41401528,39.48,3155264
1770208149629,4773.78,1296.18,97452032,50905088,41403000,39.48,3155264
1770208149730,4774.03,1296.24,97452032,50905088,41404472,39.49,3155264
1770208149831,4777.36,1297.57,97452032,50905088,41644360,39.72,3164796
1770208149932,4777.59,1297.65,97452032,50905088,41645832,39.72,3164796
1770208150033,4786.67,1298.92,97468416,50905088,41885784,39.95,3174328
1770208150135,4786.90,1299.01,97468416,50905088,41887256,39.95,3174328
1770208150236,4787.07,1299.08,97468416,50905088,41888728,39.95,3174328
1770208150337,4792.46,1300.61,97468416,50905088,42128512,40.18,3183860
1770208150438,4792.70,1300.68,97468416,50905088,42129984,40.18,3183860
1770208150539,4800.18,1302.61,97468416,50905088,42369888,40.41,3193392
1770208150640,4800.40,1302.69,97468416,50905088,42371360,40.41,3193392
1770208150740,4800.62,1302.79,97468416,50905088,42372832,40.41,3193392
1770208150842,4803.14,1304.23,97697792,50905088,42612808,40.64,3202924
1770208150943,4803.36,1304.30,97697792,50905088,42614304,40.64,3202924
1770208151044,4806.36,1305.82,97943552,50905088,42854128,40.87,3212456
1770208151144,4806.57,1305.89,97943552,50905088,42855624,40.87,3212456
1770208151245,4806.80,1305.97,97959936,50905088,42857096,40.87,3212456
1770208151346,4809.30,1307.27,98172928,50905088,43096928,41.10,3221988
1770208151447,4809.54,1307.36,98189312,50905088,43098424,41.10,3221988
1770208151548,4812.16,1308.77,98402304,50905088,43338264,41.33,3231520
1770208151649,4812.37,1308.84,98418688,50905088,43339760,41.33,3231520
1770208151750,4812.59,1308.91,98418688,50905088,43341232,41.33,3231520
1770208151850,4815.18,1310.17,98648064,50905088,43581072,41.56,3241052
1770208151950,4815.41,1310.24,98648064,50905088,43582568,41.56,3241052
1770208152050,4835.42,1311.73,98877440,50905088,43822360,41.79,3250584
1770208152151,4838.86,1311.84,98893824,50905088,43828976,41.80,3250584
1770208152251,4838.98,1311.91,98893824,50905088,43830448,41.80,3250584
1770208152352,4841.72,1313.43,99139584,50905088,44068376,42.03,3260116
1770208152453,4841.93,1313.49,99139584,50905088,44069872,42.03,3260116
1770208152554,4867.69,1315.35,99434496,50905088,44307720,42.26,3269648
1770208152655,4877.97,1315.46,99450880,50905088,44384696,42.33,3269648
1770208152755,4878.08,1315.54,99450880,50905088,44386168,42.33,3269648
1770208152856,4879.46,1316.42,99844096,51953664,41391088,39.47,3279180
1770208152957,4879.58,1316.47,99844096,51953664,41392584,39.48,3279180
1770208153058,4881.07,1317.53,99844096,51953664,41627472,39.70,3136868
1770208153159,4881.25,1317.60,99844096,51953664,41628944,39.70,3136868
1770208153261,4881.48,1317.67,99844096,51953664,41630416,39.70,3136868
1770208153362,4883.97,1318.98,99844096,51953664,41865312,39.93,3146400
1770208153463,4884.20,1319.05,99844096,51953664,41866784,39.93,3146400
1770208153564,4886.81,1320.31,99844096,51953664,42101720,40.15,3155932
1770208153665,4887.04,1320.40,99844096,51953664,42103192,40.15,3155932
1770208153766,4887.26,1320.47,99844096,51953664,42104664,40.15,3155932
1770208153867,4891.07,1322.25,100007936,51953664,42593840,40.62,3165466
1770208153968,4891.31,1322.33,100007936,51953664,42595344,40.62,3165466
1770208154069,4894.12,1323.67,100007936,51953664,42830296,40.85,3175000
1770208154170,4894.34,1323.74,100007936,51953664,42831800,40.85,3175000
1770208154271,4894.58,1323.81,100007936,51953664,42833280,40.85,3175000
1770208154372,4897.48,1325.26,100122624,51953664,43068264,41.07,3184534
1770208154473,4897.71,1325.34,100122624,51953664,43069768,41.07,3184534
1770208154574,4900.53,1326.94,100352000,51953664,43304776,41.30,3194068
1770208154675,4900.74,1327.01,100352000,51953664,43306280,41.30,3194068
1770208154776,4900.97,1327.08,100352000,51953664,43307760,41.30,3194068
1770208154877,4905.68,1328.77,100597760,51953664,43542896,41.53,3203602
1770208154978,4905.90,1328.84,100597760,51953664,43544400,41.53,3203602
1770208155079,4908.51,1330.21,100810752,51953664,43779272,41.75,3213136
1770208155180,4908.73,1330.29,100827136,51953664,43780776,41.75,3213136
1770208155281,4908.96,1330.36,100827136,51953664,43782256,41.75,3213136
1770208155381,4911.52,1331.72,101040128,51953664,44017128,41.98,3222670
1770208155482,4911.75,1331.79,101040128,51953664,44018632,41.98,3222670
1770208155582,4915.37,1333.13,101285888,51953664,44253568,42.20,3232204
1770208155683,4915.60,1333.20,101285888,51953664,44255072,42.20,3232204
1770208155784,4915.83,1333.27,101285888,51953664,44256552,42.21,3232204
1770208155884,4922.95,1335.40,102006784,52477952,41960768,40.02,3241738
1770208155985,4923.17,1335.48,102006784,52477952,41962272,40.02,3241738
1770208156086,4926.07,1336.95,102023168,52477952,42197152,40.24,3136202
1770208156187,4926.32,1337.03,102023168,52477952,42198656,40.24,3136202
1770208156287,4926.71,1337.11,102023168,52477952,42200680,40.25,3136202
1770208156388,4929.32,1338.39,102023168,52477952,42435584,40.47,3145736
1770208156488,4929.54,1338.47,102023168,52477952,42437088,40.47,3145736
1770208156589,4932.18,1339.79,102023168,52477952,42672016,40.70,3155270
1770208156689,4932.40,1339.87,102023168,52477952,42673520,40.70,3155270
1770208156790,4932.63,1339.93,102023168,52477952,42675000,40.70,3155270
1770208156890,4935.19,1341.18,102023168,52477952,42909872,40.92,3164804
1770208156991,4935.42,1341.25,102023168,52477952,42911376,40.92,3164804
1770208157092,4937.99,1342.53,102023168,52477952,43146336,41.15,3174338
1770208157193,4938.26,1342.62,102023168,52477952,43147840,41.15,3174338
1770208157293,4938.47,1342.69,102023168,52477952,43149320,41.15,3174338
1770208157395,4949.64,1344.09,102039552,52477952,43385840,41.38,3183872
1770208157496,4949.88,1344.17,102039552,52477952,43387344,41.38,3183872
1770208157597,4952.83,1345.59,102039552,52477952,43622264,41.60,3193406
1770208157697,4953.07,1345.67,102039552,52477952,43623768,41.60,3193406
1770208157798,4953.30,1345.74,102039552,52477952,43625248,41.60,3193406
1770208157899,4956.08,1347.03,102039552,52477952,43860112,41.83,3202940
1770208158000,4956.26,1347.11,102039552,52477952,43861616,41.83,3202940
1770208158100,4957.00,1347.65,102039552,52477952,44096576,42.05,3212474
1770208158202,4957.12,1347.70,102039552,52477952,44098080,42.06,3212474
1770208158303,4957.26,1347.76,102039552,52477952,44099560,42.06,3212474
1770208158404,4960.15,1349.22,102055936,52477952,44334464,42.28,3222008
1770208158506,4960.36,1349.29,102055936,52477952,44335968,42.28,3222008
1770208158606,4964.67,1350.69,102055936,52477952,44571072,42.51,3231542
1770208158708,4964.90,1350.78,102055936,52477952,44572576,42.51,3231542
1770208158809,4965.13,1350.85,102055936,52477952,44574056,42.51,3231542
1770208158909,4967.77,1352.12,102055936,52477952,44808824,42.73,3241076
1770208159010,4967.98,1352.20,102055936,52477952,44810328,42.73,3241076
1770208159112,4970.44,1353.55,102055936,52477952,45045168,42.96,3250610
1770208159213,4970.65,1353.63,102055936,52477952,45046672,42.96,3250610
1770208159314,4970.88,1353.70,102055936,52477952,45048152,42.96,3250610
1770208159415,4974.38,1355.09,102055936,52477952,45282936,43.19,3260144
1770208159515,4974.60,1355.16,102055936,52477952,45284440,43.19,3260144
1770208159617,4979.48,1356.91,102449152,52477952,42468008,40.50,3269678
1770208159718,4979.71,1357.00,102449152,52477952,42469512,40.50,3269678
1770208159820,4979.94,1357.08,102449152,52477952,42470992,40.50,3269678
1770208159921,4982.95,1358.59,102449152,52477952,42705872,40.73,3136202
1770208160022,4983.19,1358.66,102449152,52477952,42707352,40.73,3136202
1770208160123,4989.93,1360.32,102449152,52477952,42943608,40.95,3145736
1770208160224,4990.14,1360.39,102449152,52477952,42945088,40.96,3145736
1770208160325,4990.37,1360.46,102449152,52477952,42946568,40.96,3145736
1770208160426,4992.90,1361.74,102449152,52477952,43181320,41.18,3155270
1770208160526,4993.12,1361.81,102449152,52477952,43182800,41.18,3155270
1770208160627,4996.02,1363.33,102449152,52477952,43417552,41.41,3164804
1770208160728,4996.24,1363.40,102449152,52477952,43419032,41.41,3164804
1770208160828,4996.48,1363.48,102449152,52477952,43420512,41.41,3164804
1770208160929,4999.20,1364.75,102465536,52477952,43803936,41.77,3174338
1770208161030,4999.43,1364.83,102465536,52477952,43805416,41.78,3174338
1770208161132,5001.53,1366.02,102465536,52477952,44040184,42.00,3183872
1770208161233,5001.76,1366.09,102465536,52477952,44041664,42.00,3183872
1770208161334,5001.99,1366.16,102465536,52477952,44043144,42.00,3183872
1770208161435,5004.50,1367.58,102465536,52477952,44277840,42.23,3193406
1770208161536,5004.71,1367.65,102465536,52477952,44279320,42.23,3193406
1770208161636,5007.35,1368.97,102465536,52477952,44514224,42.45,3202940
1770208161737,5007.58,1369.04,102465536,52477952,44515704,42.45,3202940
1770208161840,5009.34,1369.77,102465536,52477952,44634440,42.57,3211805
1770208161940,5010.29,1370.32,102465536,52477952,44751872,42.68,3212474
1770208162041,5010.50,1370.39,102465536,52477952,44753376,42.68,3212474
1770208162142,5013.07,1371.66,102481920,52477952,44988216,42.90,3222008
1770208162242,5013.30,1371.73,102481920,52477952,44989696,42.91,3222008
1770208162343,5015.01,1372.49,102481920,52477952,45108848,43.02,3230873
1770208162443,5016.04,1373.09,102481920,52477952,45226328,43.13,3231542
1770208162545,5016.26,1373.16,102481920,52477952,45227808,43.13,3231542
1770208162646,5021.42,1375.04,103006208,53526528,42951696,40.96,3241076
1770208162747,5021.66,1375.11,103006208,53526528,42953176,40.96,3241076
1770208162847,5023.26,1375.82,103006208,53526528,43071992,41.08,3135533
1770208162947,5024.26,1376.45,103006208,53526528,43189472,41.19,3136202
1770208163048,5024.51,1376.53,103006208,53526528,43190952,41.19,3136202
1770208163149,5030.01,1378.13,103006208,53526528,43425744,41.41,3145736
1770208163250,5030.25,1378.22,103006208,53526528,43427224,41.42,3145736
1770208163351,5032.74,1379.48,103022592,53526528,43661944,41.64,3155270
1770208163452,5032.89,1379.55,103022592,53526528,43663424,41.64,3155270
1770208163553,5033.12,1379.64,103022592,53526528,43664904,41.64,3155270
1770208163654,5035.88,1380.99,103022592,53526528,43899672,41.87,3164804
1770208163755,5036.10,1381.05,103022592,53526528,43901152,41.87,3164804
1770208163856,5039.27,1382.60,103022592,53526528,44135808,42.09,3174338
1770208163957,5039.44,1382.68,103022592,53526528,44137288,42.09,3174338
1770208164058,5039.69,1382.77,103022592,53526528,44138768,42.09,3174338
1770208164159,5041.52,1383.97,103022592,53526528,44373624,42.32,3183872
1770208164260,5041.76,1384.06,103022592,53526528,44375104,42.32,3183872
1770208164360,5044.40,1385.50,103022592,53526528,44609832,42.54,3193406
1770208164461,5044.56,1385.57,103022592,53526528,44611312,42.54,3193406
1770208164562,5044.80,1385.64,103022592,53526528,44612792,42.55,3193406
1770208164663,5047.27,1386.91,103022592,53526528,44847632,42.77,3202940
1770208164763,5047.48,1386.98,103022592,53526528,44849112,42.77,3202940
1770208164863,5050.72,1388.63,103038976,53526528,45083896,43.00,3212474
1770208164963,5050.91,1388.70,103038976,53526528,45085376,43.00,3212474
1770208165064,5051.14,1388.78,103038976,53526528,45086856,43.00,3212474
1770208165164,5060.94,1390.42,103038976,53526528,45323664,43.22,3222008
1770208165265,5061.17,1390.49,103038976,53526528,45325144,43.23,3222008
1770208165366,5065.44,1391.93,103038976,53526528,45559600,43.45,3231542
1770208165466,5065.61,1391.99,103038976,53526528,45561080,43.45,3231542
1770208165567,5065.85,1392.07,103038976,53526528,45562560,43.45,3231542
1770208165668,5068.38,1393.42,103055360,53526528,45796968,43.68,3241076
1770208165769,5068.62,1393.50,103055360,53526528,45798448,43.68,3241076
1770208165870,5071.13,1394.78,103055360,53526528,46032984,43.90,3250610
1770208165971,5071.36,1394.88,103055360,53526528,46034464,43.90,3250610
1770208166072,5071.59,1394.96,103055360,53526528,46035944,43.90,3250610
1770208166173,5076.41,1396.78,103464960,53788672,43472608,41.46,3260144
1770208166273,5076.53,1396.89,103464960,53788672,43474088,41.46,3260144
1770208166374,5078.00,1398.01,103464960,53788672,43708528,41.68,3136202
1770208166476,5078.09,1398.06,103464960,53788672,43710008,41.69,3136202
1770208166577,5078.20,1398.12,103464960,53788672,43711488,41.69,3136202
1770208166678,5080.19,1399.90,103464960,53788672,43945984,41.91,3145736
1770208166778,5080.32,1400.00,103464960,53788672,43947464,41.91,3145736
1770208166879,5085.55,1401.46,103481344,53788672,44182952,42.14,3155270
1770208166980,5085.71,1401.54,103235584,53788672,44184432,42.14,3155270
1770208167080,5085.85,1401.65,103235584,53788672,44185912,42.14,3155270
1770208167181,5088.09,1403.38,103235584,53788672,44420320,42.36,3164804
1770208167282,5088.26,1403.45,103235584,53788672,44421800,42.36,3164804
1770208167383,5090.83,1405.12,103235584,53788672,44656216,42.59,3174338
1770208167484,5091.05,1405.25,103235584,53788672,44657696,42.59,3174338
1770208167585,5091.29,1405.38,103235584,53788672,44659176,42.59,3174338
1770208167686,5097.87,1407.37,103235584,53788672,44893784,42.81,3183872
1770208167787,5098.07,1407.49,103235584,53788672,44895264,42.82,3183872
1770208167888,5100.74,1409.38,103235584,53788672,45129736,43.04,3193406
1770208167989,5100.94,1409.48,103235584,53788672,45131216,43.04,3193406
1770208168090,5101.21,1409.64,103235584,53788672,45132696,43.04,3193406
1770208168191,5104.06,1411.40,103251968,53788672,45367128,43.27,3202940
1770208168292,5104.34,1411.57,103251968,53788672,45368608,43.27,3202940
1770208168393,5106.97,1413.19,103251968,53788672,45603040,43.49,3212474
1770208168494,5107.17,1413.30,103251968,53788672,45604520,43.49,3212474
1770208168595,5107.44,1413.47,103251968,53788672,45606000,43.49,3212474
1770208168696,5110.06,1415.05,103251968,53788672,45840472,43.72,3222008
1770208168797,5110.31,1415.16,103251968,53788672,45841952,43.72,3222008
1770208168898,5116.48,1417.17,103251968,53788672,46076488,43.94,3231542
1770208168999,5116.66,1417.26,103251968,53788672,46077968,43.94,3231542
1770208169100,5116.89,1417.36,103251968,53788672,46079448,43.94,3231542
1770208169202,5125.17,1419.34,103268352,53788672,46316576,44.17,3241076
1770208169303,5125.41,1419.44,103268352,53788672,46318056,44.17,3241076
1770208169404,5128.19,1421.34,103350272,53788672,46552568,44.40,3250610
1770208169505,5128.39,1421.43,103350272,53788672,46554048,44.40,3250610
1770208169606,5128.63,1421.58,103350272,53788672,46555528,44.40,3250610
1770208169708,5200.63,1427.99,104431616,62177280,39398464,37.57,3126668
1770208169809,5200.90,1428.12,104431616,62177280,39618496,37.78,3126668
1770208169910,5218.68,1430.09,104431616,62177280,39899696,38.05,3126670
1770208170011,5218.87,1430.19,104431616,62177280,39901200,38.05,3126670
1770208170112,5219.13,1430.33,104431616,62177280,39902680,38.05,3126670
1770208170213,5222.33,1432.05,104431616,62177280,40143136,38.28,3136204
1770208170314,5222.60,1432.19,104431616,62177280,40144640,38.28,3136204
1770208170415,5225.37,1434.05,104431616,62177280,40385440,38.51,3145738
1770208170516,5225.63,1434.17,104431616,62177280,40386944,38.52,3145738
1770208170617,5225.86,1434.30,104431616,62177280,40388424,38.52,3145738
1770208170717,5228.70,1436.09,104431616,62177280,40629272,38.75,3155272
1770208170818,5228.92,1436.17,104431616,62177280,40630776,38.75,3155272
1770208170919,5232.12,1438.03,104431616,62177280,40871576,38.98,3164806
1770208171020,5232.34,1438.15,104431616,62177280,40873080,38.98,3164806
1770208171122,5232.59,1438.31,104431616,62177280,40874560,38.98,3164806
1770208171223,5234.42,1439.78,104431616,62177280,41115400,39.21,3174340
1770208171324,5234.68,1439.92,104431616,62177280,41116904,39.21,3174340
1770208171425,5241.24,1442.09,104431616,62177280,41357896,39.44,3183874
1770208171526,5241.41,1442.16,104431616,62177280,41359400,39.44,3183874
1770208171627,5241.65,1442.30,104431616,62177280,41360880,39.44,3183874
1770208171728,5245.92,1444.33,104431616,62177280,41601840,39.67,3193408
1770208171828,5246.16,1444.46,104431616,62177280,41603344,39.68,3193408
1770208171930,5250.10,1446.22,104431616,62177280,41844440,39.91,3202942
1770208172031,5250.25,1446.32,104431616,62177280,41845944,39.91,3202942
1770208172132,5250.51,1446.49,104431616,62177280,41847424,39.91,3202942
1770208172233,5256.72,1448.55,104431616,62177280,42088208,40.14,3212476
1770208172333,5256.96,1448.68,104431616,62177280,42089712,40.14,3212476
1770208172434,5259.98,1450.58,104431616,62177280,42330520,40.37,3222010
1770208172535,5260.22,1450.71,104431616,62177280,42332024,40.37,3222010
1770208172636,5260.45,1450.83,104431616,62177280,42333504,40.37,3222010
1770208172736,5263.38,1452.87,104431616,62177280,42574320,40.60,3231544
1770208172837,5263.62,1453.00,104431616,62177280,42575824,40.60,3231544
1770208172938,5271.74,1455.19,104431616,62177280,42819976,40.84,3241078
1770208173038,5271.97,1455.32,104431616,62177280,42821480,40.84,3241078
1770208173140,5272.21,1455.45,104431616,62177280,42822960,40.84,3241078
1770208173241,5275.67,1457.79,104349696,62177280,43063792,41.07,3250612
1770208173342,5275.87,1458.12,104349696,62177280,43065296,41.07,3250612
1770208173443,5278.76,1460.76,104349696,62177280,43306208,41.30,3260146
1770208173544,5278.98,1460.91,104349696,62177280,43307712,41.30,3260146
1770208173645,5279.22,1461.05,104349696,62177280,43309192,41.30,3260146
1770208173746,5281.61,1462.79,104497152,62177280,43550024,41.53,3269680
1770208173847,5281.81,1462.95,104497152,62177280,43551528,41.53,3269680
1770208173948,5284.75,1465.01,104726528,62177280,43792320,41.76,3279214
1770208174049,5284.98,1465.20,104726528,62177280,43793824,41.77,3279214
1770208174150,5285.17,1465.30,104726528,62177280,43795304,41.77,3279214
1770208174251,5287.98,1467.03,104300544,62177280,44036136,42.00,3288748
1770208174353,5288.09,1467.10,104300544,62177280,44037640,42.00,3288748
1770208174454,5290.39,1468.90,104529920,62177280,44278400,42.23,3298282
1770208174554,5290.64,1469.06,104529920,62177280,44279904,42.23,3298282
1770208174655,5290.90,1469.24,104529920,62177280,44281384,42.23,3298282
1770208174756,5293.73,1471.12,104759296,62177280,44522240,42.46,3307816
1770208174857,5293.87,1471.21,104759296,62177280,44523744,42.46,3307816
1770208174958,5297.14,1473.08,104988672,62177280,44764536,42.69,3317350
1770208175059,5297.36,1473.22,104988672,62177280,44766040,42.69,3317350
1770208175160,5297.58,1473.37,105005056,62177280,44767520,42.69,3317350
1770208175262,5300.74,1475.40,105218048,62177280,45007944,42.92,3326884
1770208175364,5301.00,1475.59,105234432,62177280,45009448,42.92,3326884
1770208175465,5303.87,1477.62,105447424,62177280,45249840,43.15,3336418
1770208175566,5304.08,1477.77,105463808,62177280,45251344,43.16,3336418
1770208175666,5304.26,1477.90,105447424,62177280,45252824,43.16,3336418
1770208175768,5314.09,1479.99,105676800,62177280,45493464,43.39,3345952
1770208175870,5314.34,1480.15,105676800,62177280,45494968,43.39,3345952
1770208175971,5317.24,1482.25,105889792,62177280,45732688,43.61,3355486
1770208176072,5317.48,1482.39,105906176,62177280,45734192,43.62,3355486
1770208176173,5317.67,1482.51,105906176,62177280,45735672,43.62,3355486
1770208176274,5320.19,1484.26,106119168,62177280,45973448,43.84,3365020
1770208176376,5320.43,1484.43,106135552,62177280,45974952,43.85,3365020
1770208176477,5322.72,1486.17,106348544,62177280,46212648,44.07,3374554
1770208176578,5322.94,1486.30,106348544,62177280,46214152,44.07,3374554
1770208176681,5324.81,1487.45,106479616,62177280,46334344,44.19,3383419
1770208176782,5325.52,1488.10,106594304,62177280,46453320,44.30,3384088
1770208176882,5325.77,1488.26,106594304,62177280,46454824,44.30,3384088
1770208176984,5328.61,1490.16,106823680,62177280,46692568,44.53,3393622
1770208177084,5328.95,1490.34,106823680,62177280,46694072,44.53,3393622
1770208177185,5348.07,1492.06,106938368,62177280,46953888,44.78,3402487
1770208177286,5350.52,1492.79,107053056,62177280,47078544,44.90,3403156
1770208177387,5350.73,1492.91,107053056,62177280,47080016,44.90,3403156
1770208177488,5353.64,1494.86,107282432,62177280,47317744,45.13,3412690
1770208177589,5353.86,1495.01,107282432,62177280,47319216,45.13,3412690
1770208177688,5356.53,1497.10,107511808,62177280,47559400,45.36,3422224
1770208177789,5356.66,1497.18,107511808,62177280,47560872,45.36,3422224
1770208177890,5356.86,1497.31,107511808,62177280,47562320,45.36,3422224
1770208177991,5363.58,1500.16,107741184,62177280,40981936,39.08,3431758
1770208178093,5363.75,1500.29,107741184,62177280,40983408,39.08,3431758
1770208178193,5366.50,1502.03,107741184,62177280,41224800,39.32,3136204
1770208178293,5366.64,1502.10,107741184,62177280,41226248,39.32,3136204
1770208178393,5366.84,1502.29,107741184,62177280,41227696,39.32,3136204
1770208178495,5369.47,1504.12,107741184,62177280,41465408,39.54,3145738
1770208178596,5369.67,1504.25,107741184,62177280,41466856,39.55,3145738
1770208178698,5375.45,1506.25,107741184,62177280,41713096,39.78,3155272
1770208178798,5375.58,1506.33,107741184,62177280,41714544,39.78,3155272
1770208178899,5375.77,1506.46,107741184,62177280,41715992,39.78,3155272
1770208179000,5384.57,1508.44,107741184,62177280,41972056,40.03,3164806
1770208179102,5384.76,1508.57,107741184,62177280,41973504,40.03,3164806
1770208179202,5387.68,1510.51,107741184,62177280,42211224,40.26,3174340
1770208179304,5387.81,1510.59,107741184,62177280,42212672,40.26,3174340
1770208179404,5388.02,1510.72,107741184,62177280,42214120,40.26,3174340
1770208179506,5391.00,1512.53,107741184,62177280,42451944,40.49,3183874
1770208179607,5391.21,1512.66,107741184,62177280,42453392,40.49,3183874
1770208179707,5400.13,1514.64,107741184,62177280,42704080,40.73,3193408
1770208179808,5400.27,1514.72,107741184,62177280,42705528,40.73,3193408
1770208179908,5400.51,1514.88,107741184,62177280,42706976,40.73,3193408
1770208180010,5402.54,1516.40,107741184,62177280,42945032,40.96,3202942
1770208180111,5402.72,1516.53,107741184,62177280,42946480,40.96,3202942
1770208180212,5415.32,1518.16,107741184,62177280,43203568,41.20,3212476
1770208180313,5415.49,1518.27,107741184,62177280,43205016,41.20,3212476
1770208180413,5415.78,1518.48,107741184,62177280,43206464,41.20,3212476
1770208180514,5424.62,1520.28,107741184,62177280,43449176,41.44,3222010
1770208180614,5424.75,1520.37,107741184,62177280,43450624,41.44,3222010
1770208180715,5427.29,1522.43,107741184,62177280,43687904,41.66,3231544
1770208180816,5427.46,1522.54,107741184,62177280,43689352,41.67,3231544
1770208180917,5427.69,1522.70,107741184,62177280,43690800,41.67,3231544
1770208181017,5430.45,1524.65,107823104,62177280,43937840,41.90,3241078
1770208181117,5430.67,1524.80,107823104,62177280,43939288,41.90,3241078
1770208181218,5433.13,1526.70,108052480,62177280,44176592,42.13,3250612
1770208181318,5433.28,1526.79,108052480,62177280,44178040,42.13,3250612
1770208181420,5433.52,1526.96,108052480,62177280,44179488,42.13,3250612
1770208181521,5441.27,1529.00,108281856,62177280,44427272,42.37,3260146
1770208181622,5441.43,1529.10,108281856,62177280,44428720,42.37,3260146
1770208181723,5443.75,1530.62,108511232,62177280,44669936,42.60,3269680
1770208181824,5443.88,1530.72,108511232,62177280,44671384,42.60,3269680
1770208181925,5444.11,1530.93,108511232,62177280,44672832,42.60,3269680
1770208182025,5448.47,1532.75,108740608,62177280,44918368,42.84,3279214
1770208182126,5448.59,1532.84,108740608,62177280,44919816,42.84,3279214
1770208182227,5451.58,1534.53,108969984,62177280,45156752,43.06,3288748
1770208182328,5451.69,1534.61,108969984,62177280,45158200,43.07,3288748
1770208182428,5451.84,1534.70,108969984,62177280,45159648,43.07,3288748
1770208182529,5453.22,1535.69,109199360,62177280,45399032,43.30,3298282
1770208182630,5453.43,1535.83,109215744,62177280,45400480,43.30,3298282
1770208182732,5457.13,1537.82,109428736,62177280,45639984,43.53,3307816
1770208182832,5457.32,1537.94,109428736,62177280,45641432,43.53,3307816
1770208182933,5457.56,1538.06,109428736,62177280,45642880,43.53,3307816
1770208183034,5458.64,1538.84,109658112,62177280,45881560,43.76,3317350
1770208183135,5458.71,1538.88,109658112,62177280,45883008,43.76,3317350
1770208183236,5460.53,1540.52,109887488,62177280,46121904,43.99,3326884
1770208183336,5460.64,1540.58,109887488,62177280,46125520,43.99,3326884
1770208183437,5460.71,1540.62,107839488,62177280,46126968,43.99,3326884
1770208183538,5466.03,1541.50,104316928,62177280,46376352,44.23,3336418
1770208183645,5466.11,1541.58,81444864,62177280,46377800,44.23,3336418
1770208183746,5467.31,1542.26,81690624,62177280,46613200,44.45,3345952
1770208183848,5467.40,1542.32,80297984,62177280,46614640,44.46,3345952
1770208183949,5467.47,1542.36,80183296,62177280,46616080,44.46,3345952
1770208184050,5468.69,1543.44,80396288,62177280,46854176,44.68,3355486
1770208184151,5468.86,1543.53,80396288,62177280,46855616,44.68,3355486
1770208184252,5472.05,1544.86,80723968,62177280,47094288,44.91,3365020
1770208184352,5472.20,1544.95,80723968,62177280,47095728,44.91,3365020
1770208184453,5472.47,1545.16,80723968,62177280,47097168,44.92,3365020
1770208184554,5475.51,1547.24,81002496,62177280,47335096,45.14,3374554
1770208184655,5475.75,1547.41,81002496,62177280,47336536,45.14,3374554
1770208184756,5479.04,1549.47,81264640,62177280,47574720,45.37,3384088
1770208184856,5479.20,1549.58,81264640,62177280,47576160,45.37,3384088
1770208184957,5479.36,1549.67,81264640,62177280,47577600,45.37,3384088
1770208185058,5482.45,1551.76,81461248,62177280,47815736,45.60,3393622
1770208185160,5482.68,1551.95,81412096,62177280,47817176,45.60,3393622
1770208185260,5490.17,1559.24,68780032,47759360,42078912,40.13,3403156
1770208185362,5490.33,1559.32,68780032,47759360,42080352,40.13,3403156
1770208185463,5490.55,1559.45,68780032,47759360,42081792,40.13,3403156
1770208185563,5513.51,1562.05,69713920,47759360,42352712,40.39,3136873
1770208185665,5513.79,1562.18,69713920,47759360,42354176,40.39,3136873
1770208185766,5516.04,1564.09,69746688,47759360,42587696,40.61,3146407
1770208185866,5516.21,1564.19,69746688,47759360,42589160,40.62,3146407
1770208185968,5516.45,1564.32,69746688,47759360,42590600,40.62,3146407
1770208186069,5519.32,1566.18,69746688,47759360,42824152,40.84,3155941
1770208186170,5519.55,1566.33,69746688,47759360,42825616,40.84,3155941
1770208186271,5523.27,1568.50,69844992,47759360,43076784,41.08,3165479
1770208186371,5523.48,1568.65,69844992,47759360,43078248,41.08,3165479
1770208186473,5523.64,1568.74,69844992,47759360,43079688,41.08,3165479
1770208186574,5532.61,1573.46,73269248,54837248,42243952,40.29,3175013
1770208186674,5532.87,1573.63,73269248,54837248,42245416,40.29,3175013
1770208186775,5535.50,1575.60,73515008,54837248,42484104,40.52,3136873
1770208186876,5535.68,1575.75,73515008,54837248,42485544,40.52,3136873
1770208186976,5535.81,1575.83,73515008,54837248,42486984,40.52,3136873
1770208187078,5538.49,1577.61,73728000,54837248,42722560,40.74,3146407
1770208187179,5538.72,1577.76,73744384,54837248,42724000,40.74,3146407
1770208187279,5541.38,1579.56,73973760,54837248,42959784,40.97,3155941
1770208187379,5541.60,1579.70,73973760,54837248,42961224,40.97,3155941
1770208187480,5541.79,1579.84,73973760,54837248,42962664,40.97,3155941
1770208187581,5543.31,1581.05,74235904,54837248,43198688,41.20,3165475
1770208187682,5543.54,1581.17,74235904,54837248,43200152,41.20,3165475
1770208187783,5546.24,1583.02,74448896,54837248,43436400,41.42,3175009
1770208187884,5546.47,1583.19,74448896,54837248,43437864,41.43,3175009
1770208187984,5546.69,1583.33,74448896,54837248,43439304,41.43,3175009
1770208188102,5727.77,1618.40,158679040,123355136,83903592,80.02,3118478
1770208188201,5975.47,1624.91,172474368,127549440,98131152,93.59,3118478
1770208188303,6102.49,1628.33,174178304,128860160,93827456,89.48,3136204
1770208188404,6102.55,1628.37,174178304,128860160,93828944,89.48,3136204
1770208188505,6104.27,1629.59,174178304,128860160,93946712,89.59,3136877
1770208188606,6105.02,1630.13,174178304,128860160,94063520,89.71,3137546
1770208188706,6105.19,1630.24,174178304,128860160,94065008,89.71,3137546
1770208188807,6107.96,1632.18,174178304,128860160,94298344,89.93,3147080
1770208188908,6108.20,1632.35,174178304,128860160,94299832,89.93,3147080
1770208189008,6110.14,1633.59,174178304,128860160,94417752,90.04,3155945
1770208189109,6111.16,1634.28,174178304,128860160,94534408,90.16,3156614
1770208189212,6111.29,1634.38,174178304,128860160,94535896,90.16,3156614
1770208189314,6113.10,1635.78,174194688,128860160,94769112,90.38,3166148
1770208189415,6113.20,1635.84,174194688,128860160,94770600,90.38,3166148
1770208189516,6120.09,1637.71,174194688,128860160,95005368,90.60,3175682
1770208189616,6120.21,1637.78,174161920,128860160,95006856,90.61,3175682
1770208189716,6120.35,1637.86,174161920,128860160,95008320,90.61,3175682
1770208189817,6122.29,1639.43,174161920,128860160,95241424,90.83,3185216
1770208189917,6122.45,1639.56,174161920,128860160,95242912,90.83,3185216
1770208190017,6127.64,1641.48,174161920,128860160,95476040,91.05,3194750
1770208190118,6136.42,1641.61,174194688,128860160,95478144,91.06,3194750
1770208190218,6136.64,1641.76,174194688,128860160,95479608,91.06,3194750
1770208190320,6139.53,1643.66,174194688,128860160,95712472,91.28,3204284
1770208190420,6139.71,1643.80,174194688,128860160,95713960,91.28,3204284
1770208190521,6144.72,1645.61,174194688,128860160,96203472,91.75,3213818
1770208190622,6144.82,1645.68,174194688,128860160,96204960,91.75,3213818
1770208190722,6144.93,1645.73,174194688,128860160,96206424,91.75,3213818
1770208190823,6147.15,1647.56,174194688,128860160,96439232,91.97,3223352
1770208190924,6147.27,1647.66,174194688,128860160,96440720,91.97,3223352
1770208191024,6154.70,1649.23,174260224,128860160,96674312,92.20,3232886
1770208191125,6154.79,1649.29,174260224,128860160,96675800,92.20,3232886
1770208191225,6154.97,1649.43,174260224,128860160,96677264,92.20,3232886
1770208191326,6157.38,1651.20,174260224,128860160,96908824,92.42,3242420
1770208191427,6157.50,1651.27,174260224,128860160,96910312,92.42,3242420
1770208191529,6160.23,1653.14,174260224,128860160,97141616,92.64,3251954
1770208191629,6160.39,1653.23,174260224,128860160,97143104,92.64,3251954
1770208191731,6160.58,1653.37,174260224,128860160,97144568,92.64,3251954
1770208191831,6163.17,1655.17,174260224,128860160,97375832,92.86,3261488
1770208191933,6163.39,1655.29,174260224,128860160,97377320,92.87,3261488
1770208192033,6166.49,1657.49,174260224,128860160,97608640,93.09,3271022
1770208192135,6166.73,1657.68,174276608,128860160,97610128,93.09,3271022
1770208192236,6166.95,1657.83,174276608,128860160,97611592,93.09,3271022
1770208192336,6169.89,1659.70,174276608,128860160,97842864,93.31,3280556
1770208192437,6170.06,1659.82,174276608,128860160,97844376,93.31,3280556
1770208192538,6172.37,1661.70,174276608,128860160,98075600,93.53,3290090
1770208192638,6172.56,1661.79,174276608,128860160,98077088,93.53,3290090
1770208192739,6172.77,1661.95,174276608,128860160,98078552,93.53,3290090
1770208192841,6175.17,1663.70,174276608,128860160,98309848,93.76,3299624
1770208192942,6175.40,1663.86,174276608,128860160,98311336,93.76,3299624
1770208193044,6178.25,1665.81,174276608,128860160,98542624,93.98,3309158
1770208193145,6178.42,1665.93,174276608,128860160,98544112,93.98,3309158
1770208193246,6178.63,1666.03,174276608,128860160,98545576,93.98,3309158
1770208193347,6181.28,1667.80,174292992,128860160,98776872,94.20,3318692
1770208193447,6181.44,1667.93,174292992,128860160,98778360,94.20,3318692
1770208193549,6187.93,1670.11,174292992,128860160,99010616,94.42,3328226
1770208193651,6188.17,1670.27,174292992,128860160,99012104,94.43,3328226
1770208193752,6188.36,1670.42,174292992,128860160,99013568,94.43,3328226
1770208193853,6191.10,1672.40,174292992,128860160,99244816,94.65,3337760
1770208193954,6191.28,1672.54,174292992,128860160,99246304,94.65,3337760
1770208194054,6194.04,1674.44,174309376,128860160,99477568,94.87,3347294
1770208194155,6194.20,1674.56,174309376,128860160,99479056,94.87,3347294
1770208194257,6194.39,1674.71,174309376,128860160,99480520,94.87,3347294
1770208194358,6196.99,1676.44,174309376,128860160,99711816,95.09,3356828
1770208194459,6197.19,1676.57,174309376,128860160,99713304,95.09,3356828
1770208194560,6199.94,1678.43,174309376,128860160,99944616,95.31,3366362
1770208194661,6200.12,1678.55,174309376,128860160,99946104,95.32,3366362
1770208194762,6200.23,1678.61,174309376,128860160,99947568,95.32,3366362
1770208194863,6203.10,1680.57,174309376,128860160,100178808,95.54,3375896
1770208194964,6203.30,1680.68,174309376,128860160,100180312,95.54,3375896
1770208195065,6206.09,1682.57,174309376,128860160,100411624,95.76,3385430
1770208195165,6206.28,1682.69,174309376,128860160,100413128,95.76,3385430
1770208195265,6206.51,1682.84,174309376,128860160,100414608,95.76,3385430
1770208195366,6209.05,1684.72,174325760,128860160,100645912,95.98,3394964
1770208195468,6209.21,1684.84,174325760,128860160,100647416,95.98,3394964
1770208195569,6212.13,1686.94,174325760,128860160,100879024,96.21,3404498
1770208195670,6212.29,1687.04,174325760,128860160,100880528,96.21,3404498
1770208195771,6212.47,1687.17,174325760,128860160,100882008,96.21,3404498
1770208195872,6214.76,1689.01,174325760,128860160,101113408,96.43,3414032
1770208195972,6214.97,1689.14,174325760,128860160,101114912,96.43,3414032
1770208196073,6220.53,1691.18,174325760,128860160,101346456,96.65,3423566
1770208196175,6220.69,1691.29,174325760,128860160,101347960,96.65,3423566
1770208196275,6303.88,1706.95,113131520,66895872,39663880,37.83,3117136
1770208196377,6306.92,1708.12,113131520,66895872,40149328,38.29,3126670
1770208196477,6307.12,1708.27,113131520,66895872,40150800,38.29,3126670
1770208196578,6309.66,1709.88,113131520,66895872,40401008,38.53,3136204
1770208196680,6309.82,1709.99,113131520,66895872,40402480,38.53,3136204
1770208196781,6310.01,1710.12,113131520,66895872,40403928,38.53,3136204
1770208196882,6386.68,1722.16,89391104,43565056,39315824,37.49,3126670
1770208196983,6386.94,1722.28,89391104,43565056,39317336,37.50,3126670
1770208197083,6389.39,1723.81,89636864,43565056,39567624,37.73,3136204
1770208197185,6389.51,1723.89,89636864,43565056,39569088,37.74,3136204
1770208197286,6389.69,1724.01,89636864,43565056,39570528,37.74,3136204
1770208197386,6393.22,1726.15,90193920,46710784,39076296,37.27,3145738
1770208197486,6463.82,1729.34,89849856,42778624,39009736,37.20,3117136
1770208197587,6468.27,1731.09,89882624,42778624,39390056,37.57,3126670
1770208197687,6468.44,1731.18,89882624,42778624,39391520,37.57,3126670
1770208197789,6468.57,1731.27,89882624,42778624,39392960,37.57,3126670
1770208197890,6473.21,1733.17,89882624,42778624,39648608,37.81,3136204
1770208197990,6473.43,1733.32,89882624,42778624,39650072,37.81,3136204
1770208198090,6476.24,1735.10,89899008,42778624,39900408,38.05,3145738
1770208198191,6476.36,1735.19,89899008,42778624,39901872,38.05,3145738
1770208198291,6476.57,1735.29,89899008,42778624,39903312,38.05,3145738
1770208198393,6479.91,1737.26,90341376,43827200,39266992,37.45,3128012
1770208198494,6480.13,1737.38,90341376,43827200,39268456,37.45,3128012
1770208198595,6494.06,1739.47,90619904,43827200,39568248,37.74,3137546
1770208198696,6494.19,1739.55,90619904,43827200,39569712,37.74,3137546
1770208198797,6494.38,1739.64,90619904,43827200,39571152,37.74,3137546
1770208198898,6497.24,1741.51,90865664,43827200,39820976,37.98,3147080
1770208198999,6497.49,1741.65,90865664,43827200,39822440,37.98,3147080
1770208199100,6501.48,1743.60,91095040,43827200,39309592,37.49,3156614
1770208199201,6501.69,1743.70,91095040,43827200,39311056,37.49,3156614
1770208199301,6501.95,1743.84,91095040,43827200,39312496,37.49,3156614
1770208199402,6506.89,1745.75,91095040,43827200,39562648,37.73,3136873
1770208199503,6507.10,1745.87,91095040,43827200,39564112,37.73,3136873
1770208199605,6510.36,1747.99,91095040,43827200,39813760,37.97,3146407
1770208199706,6510.52,1748.09,90324992,43827200,39815224,37.97,3146407
1770208199806,6510.68,1748.24,90292224,43827200,39816664,37.97,3146407
1770208199908,6512.58,1749.29,90292224,43827200,39402712,37.58,3155941
1770208200008,6512.76,1749.39,90292224,43827200,39404176,37.58,3155941
1770208200111,6515.84,1751.38,90292224,43827200,39653760,37.82,3136204
1770208200213,6516.11,1751.55,90292224,43827200,39655200,37.82,3136204
1770208200314,6516.35,1751.71,90292224,43827200,39656640,37.82,3136204
1770208200414,6523.23,1753.65,90308608,43827200,39906328,38.06,3145738
1770208200516,6523.43,1753.76,90308608,43827200,39907768,38.06,3145738
1770208200617,6527.48,1755.53,90308608,43827200,39499032,37.67,3155272
1770208200718,6527.60,1755.60,90308608,43827200,39500496,37.67,3155272
1770208200819,6527.77,1755.71,90308608,43827200,39501936,37.67,3155272
1770208200921,6536.34,1757.55,90308608,43827200,39751312,37.91,3136204
1770208201021,6536.52,1757.66,90308608,43827200,39752752,37.91,3136204
1770208201122,6539.66,1759.71,90308608,43827200,40002192,38.15,3145738
1770208201224,6539.80,1759.81,90308608,43827200,40003632,38.15,3145738
1770208201325,6539.99,1759.92,90308608,43827200,40005072,38.15,3145738
1770208201426,6544.72,1761.63,90308608,43827200,40258968,38.39,3155272
1770208201527,6544.97,1761.77,90308608,43827200,40260408,38.40,3155272
1770208201628,6548.87,1763.63,90374144,43827200,39883320,38.04,3164806
1770208201729,6549.10,1763.77,90374144,43827200,39884784,38.04,3164806
1770208201829,6549.31,1763.89,90374144,43827200,39886224,38.04,3164806
1770208201930,6552.48,1765.75,90374144,43827200,40135152,38.28,3136873
1770208202030,6552.73,1765.88,90374144,43827200,40136592,38.28,3136873
1770208202131,6556.24,1767.89,90374144,43827200,40385624,38.51,3146407
1770208202231,6556.43,1768.01,90374144,43827200,40387064,38.52,3146407
1770208202332,6556.63,1768.13,90374144,43827200,40388504,38.52,3146407
1770208202434,6560.25,1770.20,90652672,46448640,39917424,38.07,3155941
1770208202535,6560.41,1770.30,90652672,46448640,39918864,38.07,3155941
1770208202636,6573.76,1772.18,90669056,46448640,40167968,38.31,3136204
1770208202736,6573.97,1772.28,90669056,46448640,40169408,38.31,3136204
1770208202837,6574.23,1772.43,90669056,46448640,40170848,38.31,3136204
1770208202938,6579.92,1774.35,90669056,46448640,40419904,38.55,3145738
1770208203039,6580.19,1774.51,90669056,46448640,40421344,38.55,3145738
1770208203140,6583.56,1776.40,90669056,46448640,40670368,38.79,3155272
1770208203241,6583.81,1776.54,90669056,46448640,40671808,38.79,3155272
1770208203342,6584.07,1776.68,90669056,46448640,40673248,38.79,3155272
1770208203443,6587.24,1778.64,90800128,46448640,40922192,39.03,3164806
1770208203544,6587.48,1778.76,90800128,46448640,40923632,39.03,3164806
1770208203644,6590.52,1780.84,91062272,46448640,41172584,39.27,3174340
1770208203745,6590.77,1780.99,91062272,46448640,41174048,39.27,3174340
1770208203846,6591.04,1781.15,91062272,46448640,41175488,39.27,3174340
1770208203947,6594.59,1783.28,91291648,46448640,41424552,39.51,3183874
1770208204047,6594.85,1783.43,91291648,46448640,41426016,39.51,3183874
1770208204149,6603.11,1785.79,91537408,46448640,41677960,39.75,3193408
1770208204250,6603.36,1785.94,91537408,46448640,41679424,39.75,3193408
1770208204351,6603.62,1786.07,91537408,46448640,41680888,39.75,3193408
1770208204452,6607.74,1787.95,91783168,46448640,40314976,38.45,3202942
1770208204552,6607.98,1788.11,91783168,46448640,40316440,38.45,3202942
1770208204652,6611.30,1790.04,91783168,46448640,40565416,38.69,3136873
1770208204754,6611.55,1790.18,91783168,46448640,40566856,38.69,3136873
1770208204855,6611.77,1790.31,91783168,46448640,40568296,38.69,3136873
1770208204956,6615.04,1792.29,91799552,46448640,40817272,38.93,3146407
1770208205057,6615.28,1792.42,91799552,46448640,40818712,38.93,3146407
1770208205158,6618.34,1794.35,91963392,46448640,41067696,39.17,3155941
1770208205258,6618.57,1794.49,91963392,46448640,41069136,39.17,3155941
1770208205358,6618.78,1794.61,91963392,46448640,41070576,39.17,3155941
1770208205459,6622.35,1796.94,92209152,46448640,41319552,39.41,3165475
1770208205560,6622.57,1797.07,92209152,46448640,41321016,39.41,3165475
1770208205661,6626.87,1799.22,92651520,46448640,40388304,38.52,3175009
1770208205762,6627.08,1799.34,92651520,46448640,40389768,38.52,3175009
1770208205862,6627.40,1799.48,92651520,46448640,40391208,38.52,3175009
1770208205963,6630.91,1801.52,92651520,46448640,40640224,38.76,3136204
1770208206064,6631.17,1801.70,92651520,46448640,40641664,38.76,3136204
1770208206165,6634.40,1803.55,92667904,46448640,40890640,39.00,3145738
1770208206265,6634.66,1803.69,92667904,46448640,40892080,39.00,3145738
1770208206365,6634.91,1803.83,92667904,46448640,40893520,39.00,3145738
1770208206467,6639.20,1805.39,92667904,46448640,41142960,39.24,3155272
1770208206569,6639.43,1805.53,92667904,46448640,41144400,39.24,3155272
1770208206670,6655.62,1807.61,92684288,46448640,41394448,39.48,3164806
1770208206770,6655.79,1807.75,92684288,46448640,41395888,39.48,3164806
1770208206872,6655.93,1807.85,92684288,46448640,41397328,39.48,3164806
1770208206973,6658.63,1809.47,92684288,46448640,41645920,39.72,3174340
1770208207074,6658.85,1809.59,92684288,46448640,41647360,39.72,3174340
1770208207175,6661.95,1811.22,92684288,46448640,41895936,39.96,3183874
1770208207276,6662.19,1811.35,92684288,46448640,41897376,39.96,3183874
1770208207376,6662.48,1811.52,92684288,46448640,41898816,39.96,3183874
1770208207477,6670.80,1813.65,92684288,46448640,42147408,40.19,3193408
1770208207578,6671.07,1813.82,92684288,46448640,42148848,40.20,3193408
1770208207679,6678.23,1815.92,92880896,46710784,40813720,38.92,3136204
1770208207780,6678.39,1815.99,92880896,46710784,40815160,38.92,3136204
1770208207880,6678.53,1816.09,92880896,46710784,40816600,38.93,3136204
1770208207982,6690.49,1818.02,92880896,46710784,41060200,39.16,3145738
1770208208083,6690.70,1818.16,92880896,46710784,41061640,39.16,3145738
1770208208184,6696.52,1820.01,92897280,46710784,41302816,39.39,3155272
1770208208285,6696.70,1820.11,92897280,46710784,41304256,39.39,3155272
1770208208387,6696.92,1820.23,92897280,46710784,41305696,39.39,3155272
1770208208488,6701.83,1822.01,92897280,46710784,41546512,39.62,3164806
1770208208589,6702.09,1822.16,92897280,46710784,41547952,39.62,3164806
1770208208689,6706.47,1824.30,92913664,46710784,41787912,39.85,3174340
1770208208791,6706.69,1824.43,92913664,46710784,41789352,39.85,3174340
1770208208894,6709.94,1825.84,92913664,46710784,41910936,39.97,3183205
1770208208995,6711.28,1826.66,92946432,46710784,42030976,40.08,3183874
1770208209096,6711.57,1826.83,92946432,46710784,42032416,40.09,3183874
1770208209196,6722.78,1828.77,93175808,46710784,42281288,40.32,3193408
1770208209297,6722.91,1828.88,93175808,46710784,42282728,40.32,3193408
1770208209396,6726.30,1830.19,93536256,47235072,41002888,39.10,3202273
1770208209498,6728.00,1830.89,93552640,47235072,41122976,39.22,3128012
1770208209598,6728.27,1831.05,93552640,47235072,41124400,39.22,3128012
1770208209699,6731.11,1832.75,93552640,47235072,41364520,39.45,3137546
1770208209801,6731.33,1832.88,93552640,47235072,41365960,39.45,3137546
1770208209901,6734.35,1834.80,93552640,47235072,41605880,39.68,3147080
1770208210002,6734.48,1834.86,93552640,47235072,41607320,39.68,3147080
1770208210103,6734.75,1835.03,93552640,47235072,41608760,39.68,3147080
1770208210203,6737.93,1836.86,93552640,47235072,41848848,39.91,3156614
1770208210305,6738.16,1837.00,93552640,47235072,41850288,39.91,3156614
1770208210405,6741.95,1838.72,93569024,47235072,42090296,40.14,3166148
1770208210506,6748.18,1838.81,93569024,47235072,42092032,40.14,3166148
1770208210606,6748.41,1838.97,93569024,47235072,42093472,40.14,3166148
1770208210707,6751.80,1840.84,93569024,47235072,42333320,40.37,3175682
1770208210807,6752.03,1841.01,93569024,47235072,42334784,40.37,3175682
1770208210908,6754.71,1842.78,93569024,47235072,42574688,40.60,3185216
1770208211009,6754.82,1842.84,93569024,47235072,42576152,40.60,3185216
1770208211110,6755.04,1842.98,93569024,47235072,42577592,40.61,3185216
1770208211210,6759.22,1844.98,93831168,47497216,41291328,39.38,3194750
1770208211312,6759.47,1845.13,93831168,47497216,41292792,39.38,3194750
1770208211412,6762.23,1846.93,93831168,47497216,41532672,39.61,3136873
1770208211513,6762.37,1847.01,93831168,47497216,41534112,39.61,3136873
1770208211612,6762.59,1847.17,93831168,47497216,41535552,39.61,3136873
1770208211714,6765.48,1848.97,93831168,47497216,41775408,39.84,3146407
1770208211815,6765.69,1849.13,93831168,47497216,41776848,39.84,3146407
1770208211915,6769.97,1851.03,93831168,47497216,42016696,40.07,3155941
1770208212016,6789.82,1851.22,93880320,47759360,42233728,40.28,3155941
1770208212116,6790.02,1851.36,93880320,47759360,42235168,40.28,3155941
1770208212218,6792.81,1853.17,93880320,47759360,42473136,40.51,3165475
1770208212317,6792.99,1853.32,93880320,47759360,42474576,40.51,3165475
1770208212418,6804.40,1855.27,93896704,47759360,42720744,40.74,3175009
1770208212520,6827.51,1855.54,94420992,47759360,42964320,40.97,3175009
1770208212621,6827.67,1855.63,94420992,47759360,42965760,40.98,3175009
1770208212722,6830.65,1857.58,94420992,47759360,43200672,41.20,3184543
1770208212823,6830.80,1857.70,94420992,47759360,43202136,41.20,3184543
1770208212923,6838.41,1860.13,94912512,52215808,41947904,40.00,3194077
1770208213024,6845.12,1860.20,94928896,52215808,41949720,40.01,3194077
1770208213125,6845.30,1860.33,94928896,52215808,41951160,40.01,3194077
1770208213225,6848.19,1862.13,94945280,52215808,42185968,40.23,3136873
1770208213326,6848.43,1862.23,94945280,52215808,42187408,40.23,3136873
1770208213426,6851.05,1863.95,94945280,52215808,42422280,40.46,3146407
1770208213526,6851.18,1864.03,94945280,52215808,42423720,40.46,3146407
1770208213628,6851.42,1864.18,94945280,52215808,42425160,40.46,3146407
1770208213728,6856.66,1866.35,94945280,52215808,42660056,40.68,3155941
1770208213830,6856.86,1866.47,94945280,52215808,42661496,40.69,3155941
1770208213930,6860.28,1868.36,95109120,52215808,42896256,40.91,3165475
1770208214032,6860.44,1868.45,95109120,52215808,42897696,40.91,3165475
1770208214133,6860.67,1868.61,95109120,52215808,42899136,40.91,3165475
1770208214233,6863.05,1870.20,95125504,52215808,43134104,41.14,3175009
1770208214334,6863.25,1870.33,95125504,52215808,43135544,41.14,3175009
1770208214434,6866.39,1872.38,95125504,52215808,43370280,41.36,3184543
1770208214536,6866.54,1872.47,95125504,52215808,43371720,41.36,3184543
1770208214637,6866.78,1872.63,95125504,52215808,43373160,41.36,3184543
1770208214737,6871.13,1874.62,95125504,52215808,43608536,41.59,3194077
1770208214839,6871.32,1874.75,95125504,52215808,43609976,41.59,3194077
1770208214939,6874.35,1876.83,95322112,52215808,43844768,41.81,3203611
1770208215040,6874.50,1876.91,95322112,52215808,43846232,41.82,3203611
1770208215141,6874.73,1877.06,95322112,52215808,43847672,41.82,3203611
1770208215241,6877.58,1878.91,95535104,52215808,44082456,42.04,3213145
1770208215343,6877.78,1879.08,95551488,52215808,44083920,42.04,3213145
1770208215444,6880.99,1881.43,95780864,52215808,44318872,42.27,3222679
1770208215545,6881.14,1881.51,95780864,52215808,44320336,42.27,3222679
1770208215646,6881.37,1881.64,95780864,52215808,44321776,42.27,3222679
1770208215748,6885.91,1883.57,96010240,52215808,44557056,42.49,3232213
1770208215849,6886.09,1883.69,96010240,52215808,44558520,42.49,3232213
1770208215950,6889.15,1885.86,96239616,52215808,44793336,42.72,3241747
1770208216051,6889.31,1885.96,96239616,52215808,44794800,42.72,3241747
1770208216152,6889.53,1886.09,96239616,52215808,44796240,42.72,3241747
1770208216253,6892.35,1887.77,96452608,52215808,45031224,42.95,3251281
1770208216353,6892.54,1887.88,96468992,52215808,45032688,42.95,3251281
1770208216453,6895.63,1890.12,96681984,52215808,45267560,43.17,3260815
1770208216555,6898.55,1890.74,96976896,53002240,42416528,40.45,3260815
1770208216656,6898.76,1890.89,96976896,53002240,42417968,40.45,3260815
1770208216757,6901.81,1893.05,96993280,53002240,42652976,40.68,3136204
1770208216858,6902.02,1893.18,96993280,53002240,42654416,40.68,3136204
1770208216959,6912.90,1894.69,97009664,53002240,42889224,40.90,3145738
1770208217060,6913.01,1894.77,97009664,53002240,42890664,40.90,3145738
1770208217161,6913.17,1894.88,97009664,53002240,42892104,40.91,3145738
1770208217261,6916.01,1896.80,97009664,53002240,43126568,41.13,3155272
1770208217362,6916.11,1896.87,97009664,53002240,43128008,41.13,3155272
1770208217463,6917.90,1898.33,97009664,53002240,43618568,41.60,3164806
1770208217564,6918.00,1898.40,97009664,53002240,43620008,41.60,3164806
1770208217665,6918.13,1898.52,97009664,53002240,43621448,41.60,3164806
1770208217765,6920.54,1900.23,97009664,53002240,43856032,41.82,3174340
1770208217867,6920.67,1900.34,97009664,53002240,43857472,41.83,3174340
1770208217968,6923.38,1901.81,97009664,53002240,44092216,42.05,3183874
1770208218068,6923.55,1901.94,97009664,53002240,44093656,42.05,3183874
1770208218170,6923.69,1902.00,96993280,53002240,44095096,42.05,3183874
1770208218271,6926.46,1904.00,97157120,53002240,44329720,42.28,3193408
1770208218371,6926.68,1904.15,97157120,53002240,44331184,42.28,3193408
1770208218473,6929.70,1906.17,97402880,53002240,44565696,42.50,3202942
1770208218574,6929.86,1906.28,97402880,53002240,44567136,42.50,3202942
1770208218676,6930.06,1906.42,97402880,53002240,44568576,42.50,3202942
1770208218776,6933.01,1908.34,97632256,53002240,44803056,42.73,3212476
1770208218878,6933.21,1908.50,97632256,53002240,44804520,42.73,3212476
1770208218979,6935.92,1910.26,97845248,53002240,45039040,42.95,3222010
1770208219080,6936.14,1910.40,97845248,53002240,45040504,42.95,3222010
1770208219180,6936.38,1910.51,97845248,53002240,45041944,42.96,3222010
1770208219280,6939.22,1912.49,98074624,53002240,45276424,43.18,3231544
1770208219382,6939.46,1912.61,98074624,53002240,45277888,43.18,3231544
1770208219483,6942.63,1914.67,98320384,53002240,45512400,43.40,3241078
1770208219583,6942.79,1914.79,98320384,53002240,45513864,43.41,3241078
1770208219685,6942.96,1914.91,98320384,53002240,45515304,43.41,3241078
1770208219786,6948.18,1917.10,98975744,53526528,43122792,41.13,3250612
1770208219887,6948.42,1917.26,98975744,53526528,43124256,41.13,3250612
1770208219987,6951.41,1919.18,98975744,53526528,43358728,41.35,3136204
1770208220088,6951.54,1919.28,98975744,53526528,43360168,41.35,3136204
1770208220190,6951.68,1919.36,98975744,53526528,43361608,41.35,3136204
1770208220291,6954.04,1921.00,98975744,53526528,43596120,41.58,3145738
1770208220391,6954.27,1921.15,98975744,53526528,43597560,41.58,3145738
1770208220492,6956.84,1922.78,98975744,53526528,43832080,41.80,3155272
1770208220594,6959.51,1922.87,98975744,53526528,43833840,41.80,3155272
1770208220695,6959.67,1922.98,98975744,53526528,43835280,41.80,3155272
1770208220796,6968.58,1925.03,98992128,53526528,44070728,42.03,3164806
1770208220897,6968.81,1925.18,98992128,53526528,44072168,42.03,3164806
1770208220998,6971.93,1927.05,98992128,53526528,44306504,42.25,3174340
1770208221100,6972.16,1927.15,98992128,53526528,44307944,42.26,3174340
1770208221201,6972.36,1927.28,98992128,53526528,44309384,42.26,3174340
1770208221301,6975.00,1928.97,98992128,53526528,44543592,42.48,3183874
1770208221403,6975.21,1929.09,98992128,53526528,44545032,42.48,3183874
1770208221504,6978.15,1930.85,98992128,53526528,44779216,42.70,3193408
1770208221604,6978.28,1930.94,98992128,53526528,44780656,42.71,3193408
1770208221705,6978.44,1931.04,98992128,53526528,44782096,42.71,3193408
1770208221807,6981.25,1932.90,99008512,53526528,45016312,42.93,3202942
1770208221908,6981.48,1933.08,99008512,53526528,45017752,42.93,3202942
1770208222010,6984.69,1935.01,99008512,53526528,45252048,43.16,3212476
1770208222111,6984.91,1935.15,99008512,53526528,45253488,43.16,3212476
1770208222213,6985.12,1935.31,99008512,53526528,45254928,43.16,3212476
1770208222314,6987.98,1937.29,99008512,53526528,45489192,43.38,3222010
1770208222415,6988.20,1937.45,99008512,53526528,45490632,43.38,3222010
1770208222515,6991.26,1939.42,99008512,53526528,45724928,43.61,3231544
1770208222615,6991.41,1939.52,99008512,53526528,45726368,43.61,3231544
1770208222716,6991.60,1939.59,98992128,53526528,45727808,43.61,3231544
1770208222816,6994.41,1941.58,99008512,53526528,45961976,43.83,3241078
1770208222917,6994.51,1941.65,98697216,53526528,45963416,43.83,3241078
1770208223017,6996.98,1943.31,98631680,53526528,46197632,44.06,3250612
1770208223119,6997.15,1943.50,98631680,53526528,46199072,44.06,3250612
1770208223220,6997.30,1943.60,98631680,53526528,46200512,44.06,3250612
1770208223320,7000.71,1945.55,99123200,53526528,43569096,41.55,3260146
1770208223421,7000.82,1945.63,99057664,53526528,43570560,41.55,3260146
1770208223521,7002.58,1947.15,99057664,53526528,43804768,41.78,3136204
1770208223622,7002.70,1947.23,99041280,53526528,43806208,41.78,3136204
1770208223723,7002.82,1947.32,99041280,53526528,43807648,41.78,3136204
1770208223824,7004.47,1948.71,99041280,53526528,44041880,42.00,3145738
1770208223925,7004.57,1948.79,99041280,53526528,44043320,42.00,3145738
1770208224026,7007.17,1950.74,99041280,53526528,44277480,42.23,3155272
1770208224126,7007.30,1950.83,99041280,53526528,44278920,42.23,3155272
1770208224227,7007.45,1950.93,99041280,53526528,44280360,42.23,3155272
1770208224329,7009.83,1952.82,98975744,53526528,44514544,42.45,3164806
1770208224430,7010.01,1952.94,98975744,53526528,44515984,42.45,3164806
1770208224530,7013.29,1955.03,98861056,53526528,44750224,42.68,3174340
1770208224631,7013.55,1955.19,98861056,53526528,44751664,42.68,3174340
1770208224732,7013.78,1955.35,98861056,53526528,44753104,42.68,3174340
1770208224832,7015.65,1956.56,98713600,53526528,44987344,42.90,3183874
1770208224934,7015.80,1956.71,98713600,53526528,44988784,42.90,3183874
1770208225035,7018.37,1958.43,98713600,53526528,45222944,43.13,3193408
1770208225136,7018.54,1958.57,98713600,53526528,45224384,43.13,3193408
1770208225236,7018.69,1958.68,98713600,53526528,45225824,43.13,3193408
1770208225336,7020.60,1960.19,98713600,53526528,45459952,43.35,3202942
1770208225438,7020.81,1960.33,98713600,53526528,45461392,43.36,3202942
1770208225539,7025.30,1962.43,98713600,53526528,45695792,43.58,3212476
1770208225639,7025.52,1962.58,98713600,53526528,45697232,43.58,3212476
1770208225742,7027.63,1963.81,98729984,53526528,45815608,43.69,3221341
1770208225844,7028.55,1964.53,98729984,53526528,45932768,43.80,3222010
1770208225944,7028.75,1964.65,98729984,53526528,45934208,43.81,3222010
1770208226045,7031.43,1966.46,98729984,53526528,46168344,44.03,3231544
1770208226146,7031.58,1966.56,98729984,53526528,46169784,44.03,3231544
1770208226245,7033.52,1967.75,98729984,53526528,46288160,44.14,3240409
1770208226347,7036.76,1968.80,99172352,54312960,44027536,41.99,3241078
1770208226449,7037.02,1968.95,99172352,54312960,44028976,41.99,3241078
1770208226550,7040.82,1971.26,99172352,54312960,44263104,42.21,3136204
1770208226650,7041.03,1971.41,99172352,54312960,44264544,42.21,3136204
1770208226750,7043.81,1973.26,99172352,54312960,44498632,42.44,3145738
1770208226850,7043.95,1973.34,99172352,54312960,44500072,42.44,3145738
1770208226950,7044.19,1973.49,99172352,54312960,44501512,42.44,3145738
1770208227051,7047.74,1975.88,99188736,54312960,44735664,42.66,3155272
1770208227152,7047.96,1976.04,99188736,54312960,44737104,42.66,3155272
1770208227253,7050.77,1977.59,99188736,54312960,44971248,42.89,3164806
1770208227354,7050.91,1977.66,99188736,54312960,44972688,42.89,3164806
1770208227456,7051.14,1977.82,99188736,54312960,44974128,42.89,3164806
1770208227556,7060.71,1979.65,99188736,54312960,45209944,43.12,3174340
1770208227656,7060.88,1979.78,99188736,54312960,45211384,43.12,3174340
1770208227757,7063.32,1981.59,99188736,54312960,45445552,43.34,3183874
1770208227857,7063.47,1981.69,99188736,54312960,45446992,43.34,3183874
1770208227959,7063.69,1981.84,99188736,54312960,45448432,43.34,3183874
1770208228059,7066.93,1983.88,99205120,54312960,45682576,43.57,3193408
1770208228161,7067.16,1984.01,99205120,54312960,45684016,43.57,3193408
1770208228261,7070.20,1985.94,99205120,54312960,45918176,43.79,3202942
1770208228362,7070.35,1986.02,99205120,54312960,45919616,43.79,3202942
1770208228464,7070.57,1986.17,99205120,54312960,45921056,43.79,3202942
1770208228565,7073.19,1987.88,99205120,54312960,46155312,44.02,3212476
1770208228665,7073.42,1988.03,99205120,54312960,46156752,44.02,3212476
1770208228765,7078.28,1989.96,99205120,54312960,46391032,44.24,3222010
1770208228866,7079.86,1990.04,99205120,54312960,46392584,44.24,3222010
1770208228967,7080.02,1990.16,98467840,54312960,46394024,44.24,3222010
1770208229069,7085.05,1991.17,98500608,54312960,46628912,44.47,3231544
1770208229169,7085.22,1991.29,98500608,54312960,46630352,44.47,3231544
1770208229270,7087.86,1993.16,98500608,54312960,46864512,44.69,3241078
1770208229370,7087.95,1993.22,98500608,54312960,46865952,44.69,3241078
1770208229470,7088.09,1993.29,98500608,54312960,46867392,44.70,3241078
1770208229572,7090.58,1995.33,98500608,54312960,47101488,44.92,3250612
1770208229672,7090.81,1995.49,98500608,54312960,47102928,44.92,3250612
1770208229773,7093.21,1996.92,98500608,54312960,47337072,45.14,3260146
1770208229873,7093.35,1996.99,98500608,54312960,47338512,45.15,3260146
1770208229975,7093.59,1997.17,98516992,54312960,47340016,45.15,3260146
1770208230075,7098.85,1999.10,99106816,54575104,44485584,42.42,3269680
1770208230176,7099.07,1999.22,99106816,54575104,44487048,42.43,3269680
1770208230275,7103.06,2001.06,99123200,54575104,44721616,42.65,3136204
1770208230377,7103.20,2001.14,99123200,54575104,44723056,42.65,3136204
1770208230478,7103.44,2001.30,99123200,54575104,44724496,42.65,3136204
1770208230579,7106.11,2003.10,99123200,54575104,44958696,42.88,3145738
1770208230680,7106.33,2003.22,99123200,54575104,44960136,42.88,3145738
1770208230781,7108.99,2004.98,99205120,54575104,45395592,43.29,3155272
1770208230882,7109.14,2005.07,99205120,54575104,45397032,43.29,3155272
1770208230982,7109.29,2005.18,99205120,54575104,45398472,43.30,3155272
1770208231083,7111.79,2007.08,99205120,54575104,45632640,43.52,3164806
1770208231184,7112.02,2007.23,99205120,54575104,45634080,43.52,3164806
1770208231285,7114.93,2009.18,99205120,54575104,45868224,43.74,3174340
1770208231386,7115.07,2009.26,99205120,54575104,45869664,43.74,3174340
1770208231487,7115.27,2009.38,99205120,54575104,45871104,43.75,3174340
1770208231588,7119.75,2011.19,99205120,54575104,46105576,43.97,3183874
1770208231688,7119.95,2011.33,99205120,54575104,46107016,43.97,3183874
1770208231789,7122.49,2013.15,99205120,54575104,46341144,44.19,3193408
1770208231889,7122.67,2013.29,99205120,54575104,46342584,44.20,3193408
1770208231990,7122.88,2013.42,99205120,54575104,46344024,44.20,3193408
1770208232090,7126.34,2015.20,99221504,54575104,46578168,44.42,3202942
1770208232192,7126.58,2015.35,99221504,54575104,46579608,44.42,3202942
1770208232292,7129.37,2017.38,99221504,54575104,46813720,44.65,3212476
1770208232394,7129.54,2017.50,99221504,54575104,46815160,44.65,3212476
1770208232495,7129.73,2017.65,98861056,54575104,46816600,44.65,3212476
1770208232595,7132.45,2019.34,98861056,54575104,47050760,44.87,3222010
1770208232696,7132.57,2019.44,98861056,54575104,47052200,44.87,3222010
1770208232797,7157.10,2021.33,98877440,54575104,47289008,45.10,3231544
1770208232898,7157.23,2021.41,98877440,54575104,47290448,45.10,3231544
1770208232999,7157.44,2021.55,98877440,54575104,47291888,45.10,3231544
1770208233101,7168.43,2023.41,98910208,54575104,47525632,45.32,3241078
1770208233201,7168.60,2023.48,98910208,54575104,47527072,45.33,3241078
1770208233301,7170.28,2024.80,98942976,54575104,47759720,45.55,3250612
1770208233402,7170.38,2024.87,98942976,54575104,47761160,45.55,3250612
1770208233503,7170.54,2025.03,98959360,54575104,47762600,45.55,3250612
1770208233603,7172.90,2026.99,99188736,54575104,47995336,45.77,3260146
1770208233705,7173.13,2027.16,99188736,54575104,47996776,45.77,3260146
1770208233807,7230.86,2032.51,101072896,62963712,39616624,37.78,3127339
1770208233908,7244.09,2033.86,100515840,62963712,39964392,38.11,3127339
1770208234008,7244.28,2033.99,100515840,62963712,39965840,38.11,3127339
1770208234110,7248.43,2035.94,100515840,62963712,40235000,38.37,3126670
1770208234210,7248.62,2036.05,100515840,62963712,40236472,38.37,3126670
1770208234310,7251.04,2037.84,100515840,62963712,40480816,38.61,3136204
1770208234411,7251.18,2037.89,100515840,62963712,40482288,38.61,3136204
1770208234513,7251.43,2038.06,100515840,62963712,40483736,38.61,3136204
1770208234613,7253.66,2040.04,100515840,62963712,40728080,38.84,3145738
1770208234713,7253.85,2040.14,100515840,62963712,40729552,38.84,3145738
1770208234815,7256.72,2042.00,100515840,62963712,40973888,39.08,3155272
1770208234915,7256.86,2042.09,100515840,62963712,40975360,39.08,3155272
1770208235015,7257.05,2042.22,100515840,62963712,40976808,39.08,3155272
1770208235117,7260.03,2043.99,100515840,62963712,41221112,39.31,3164806
1770208235217,7260.20,2044.10,100515840,62963712,41222584,39.31,3164806
1770208235318,7263.35,2045.94,100515840,62963712,41466936,39.55,3174340
1770208235419,7263.52,2046.06,100515840,62963712,41468408,39.55,3174340
1770208235519,7263.70,2046.15,100515840,62963712,41469856,39.55,3174340
1770208235621,7267.91,2047.90,100515840,62963712,41718760,39.79,3183874
1770208235722,7268.05,2047.97,100515840,62963712,41720232,39.79,3183874
1770208235823,7270.96,2049.73,100515840,62963712,41964584,40.02,3193408
1770208235924,7271.15,2049.83,100515840,62963712,41966056,40.02,3193408
1770208236024,7271.40,2049.97,100515840,62963712,41967504,40.02,3193408
1770208236126,7277.74,2051.97,100515840,62963712,42211960,40.26,3202942
1770208236226,7278.00,2052.10,100515840,62963712,42213432,40.26,3202942
1770208236327,7280.93,2053.93,100515840,62963712,42457728,40.49,3212476
1770208236429,7281.07,2054.03,100515840,62963712,42459200,40.49,3212476
1770208236530,7281.20,2054.12,100515840,62963712,42460648,40.49,3212476
1770208236631,7285.03,2055.91,100515840,62963712,42705200,40.73,3222010
1770208236732,7285.26,2056.02,100515840,62963712,42706672,40.73,3222010
1770208236833,7292.20,2057.95,100515840,62963712,42957304,40.97,3231544
1770208236935,7292.42,2058.07,100515840,62963712,42958776,40.97,3231544
1770208237036,7292.69,2058.23,100515840,62963712,42960224,40.97,3231544
1770208237136,7295.73,2060.30,100515840,62963712,43204216,41.20,3241078
1770208237238,7295.96,2060.44,100515840,62963712,43205688,41.20,3241078
1770208237339,7304.84,2062.38,100515840,62963712,43449832,41.44,3250612
1770208237439,7305.10,2062.53,100515840,62963712,43451304,41.44,3250612
1770208237540,7305.36,2062.66,100515840,62963712,43452752,41.44,3250612
1770208237640,7313.24,2063.94,100515840,62963712,43710064,41.69,3260146
1770208237742,7313.41,2064.03,100515840,62963712,43711536,41.69,3260146
1770208237843,7317.38,2065.94,100515840,62963712,43955656,41.92,3269680
1770208237943,7317.64,2066.10,100515840,62963712,43957128,41.92,3269680
1770208238044,7317.90,2066.26,100515840,62963712,43958576,41.92,3269680
1770208238145,7322.39,2068.34,100728832,62963712,44202360,42.15,3279214
1770208238245,7322.63,2068.48,100728832,62963712,44203832,42.16,3279214
1770208238345,7325.30,2070.24,100958208,62963712,44447712,42.39,3288748
1770208238447,7325.53,2070.34,100958208,62963712,44449184,42.39,3288748
1770208238547,7325.78,2070.49,100974592,62963712,44450632,42.39,3288748
1770208238649,7329.00,2072.56,101203968,62963712,44694568,42.62,3298282
1770208238750,7329.23,2072.70,101203968,62963712,44696024,42.63,3298282
1770208238851,7332.29,2074.57,101433344,62963712,44939888,42.86,3307816
1770208238952,7332.43,2074.67,101433344,62963712,44941360,42.86,3307816
1770208239052,7332.55,2074.77,101433344,62963712,44942808,42.86,3307816
1770208239153,7336.31,2076.67,101662720,62963712,45186872,43.09,3317350
1770208239254,7336.45,2076.78,101662720,62963712,45188344,43.09,3317350
1770208239354,7340.70,2078.90,101908480,62963712,45431856,43.33,3326884
1770208239455,7340.83,2079.00,101908480,62963712,45433328,43.33,3326884
1770208239556,7340.94,2079.09,101908480,62963712,45434776,43.33,3326884
1770208239657,7354.39,2080.89,102137856,62963712,45678944,43.56,3336418
1770208239757,7354.62,2081.00,102137856,62963712,45680416,43.56,3336418
1770208239859,7357.83,2083.00,102367232,62963712,45923416,43.80,3345952
1770208239959,7358.02,2083.10,102367232,62963712,45924888,43.80,3345952
1770208240061,7358.28,2083.24,102367232,62963712,45926336,43.80,3345952
1770208240161,7361.14,2085.11,102596608,62963712,46169376,44.03,3355486
1770208240262,7361.37,2085.24,102596608,62963712,46170848,44.03,3355486
1770208240363,7364.29,2086.95,102842368,62963712,46413832,44.26,3365020
1770208240465,7364.39,2087.01,102842368,62963712,46415304,44.27,3365020
1770208240566,7364.52,2087.10,102842368,62963712,46416752,44.27,3365020
1770208240667,7367.41,2088.94,103071744,62963712,46659792,44.50,3374554
1770208240768,7367.55,2089.04,103071744,62963712,46661264,44.50,3374554
1770208240869,7380.34,2090.92,103301120,62963712,47032504,44.85,3384088
1770208240970,7380.45,2090.99,103301120,62963712,47033976,44.86,3384088
1770208241070,7380.57,2091.08,103301120,62963712,47035424,44.86,3384088
1770208241172,7383.47,2092.91,103530496,62963712,47278312,45.09,3393622
1770208241273,7383.65,2093.01,103530496,62963712,47279784,45.09,3393622
1770208241374,7385.60,2094.45,103792640,62963712,47522600,45.32,3403156
1770208241475,7385.79,2094.56,103792640,62963712,47524072,45.32,3403156
1770208241575,7386.00,2094.70,103792640,62963712,47525520,45.32,3403156
1770208241677,7393.13,2096.51,104005632,62963712,40908344,39.01,3412690
1770208241777,7393.33,2096.67,104005632,62963712,40909816,39.01,3412690
1770208241878,7395.48,2098.03,104005632,62963712,41152712,39.25,3136204
1770208241980,7395.70,2098.16,104005632,62963712,41154160,39.25,3136204
1770208242080,7395.96,2098.36,104005632,62963712,41155608,39.25,3136204
1770208242180,7398.76,2100.29,104005632,62963712,41398416,39.48,3145738
1770208242280,7398.98,2100.42,104005632,62963712,41399864,39.48,3145738
1770208242381,7402.18,2102.31,104005632,62963712,41642680,39.71,3155272
1770208242483,7402.43,2102.47,104005632,62963712,41644128,39.71,3155272
1770208242584,7402.69,2102.62,104005632,62963712,41645576,39.72,3155272
1770208242684,7409.11,2104.61,104005632,62963712,41888448,39.95,3164806
1770208242786,7409.34,2104.75,104005632,62963712,41889896,39.95,3164806
1770208242887,7414.36,2106.76,104005632,62963712,42132384,40.18,3174340
1770208242987,7414.63,2106.89,104005632,62963712,42133832,40.18,3174340
1770208243087,7414.88,2107.06,104005632,62963712,42135280,40.18,3174340
1770208243188,7418.04,2108.97,104005632,62963712,42377864,40.41,3183874
1770208243288,7418.29,2109.11,104005632,62963712,42379312,40.42,3183874
1770208243389,7421.62,2111.11,104005632,62963712,42621544,40.65,3193408
1770208243489,7421.86,2111.24,104005632,62963712,42622992,40.65,3193408
1770208243591,7422.09,2111.34,104005632,62963712,42624440,40.65,3193408
1770208243692,7425.52,2113.51,104005632,62963712,42866632,40.88,3202942
1770208243793,7425.72,2113.66,104005632,62963712,42868080,40.88,3202942
1770208243893,7426.52,2114.32,103776256,62963712,43110272,41.11,3212476
1770208243994,7426.59,2114.36,103776256,62963712,43111720,41.11,3212476
1770208244096,7426.71,2114.54,102383616,62963712,43113168,41.12,3212476
1770208244196,7427.89,2115.80,102383616,62963712,43355336,41.35,3222010
1770208244297,7427.97,2115.87,102383616,62963712,43356784,41.35,3222010
1770208244399,7447.25,2118.70,102400000,62963712,43607424,41.59,3231544
1770208244499,7447.51,2118.86,102400000,62963712,43608872,41.59,3231544
1770208244602,7450.70,2120.11,102400000,62963712,43729960,41.70,3240409
1770208244703,7452.97,2120.90,102400000,62963712,43849520,41.82,3241078
1770208244803,7453.22,2121.11,102400000,62963712,43851000,41.82,3241078
1770208244905,7456.16,2123.35,102400000,62963712,44089920,42.05,3250612
1770208245005,7456.42,2123.49,102400000,62963712,44091368,42.05,3250612
1770208245106,7460.53,2124.95,102514688,62963712,44212160,42.16,3259477
1770208245208,7465.69,2125.85,102629376,62963712,44332472,42.28,3260146
1770208245308,7465.96,2126.03,102645760,62963712,44333920,42.28,3260146
1770208245409,7470.74,2128.20,102875136,62963712,44572832,42.51,3269680
1770208245511,7470.97,2128.35,102891520,62963712,44574280,42.51,3269680
1770208245611,7474.56,2130.25,103104512,62963712,44813176,42.74,3279214
1770208245711,7477.03,2130.39,103104512,62963712,44814720,42.74,3279214
