timestamp,cpu_user,cpu_system,rss,heapTotal,heapUsed,heapUsedMB,external
1770225870734,279.47,75.65,155549696,70828032,46487496,44.33,4119229
1770225870835,279.59,75.69,155549696,70828032,46492304,44.34,4119285
1770225870936,279.75,75.77,155549696,70828032,46494632,44.34,4119285
1770225871037,280.42,75.89,155598848,70828032,46524248,44.37,4119285
1770225871138,280.54,75.94,155598848,70828032,46526552,44.37,4119285
1770225871239,280.83,76.00,155598848,70828032,46529320,44.37,4119285
1770225871341,281.02,76.05,155598848,70828032,46531624,44.38,4119285
1770225871442,281.37,76.19,155598848,70828032,46533928,44.38,4119285
1770225871542,281.68,76.31,155598848,70828032,46536232,44.38,4119285
1770225871643,282.50,76.43,155615232,70828032,46538632,44.38,4119285
1770225871745,282.74,76.54,155631616,70828032,46541032,44.38,4119285
1770225871845,282.94,76.63,155631616,70828032,46543160,44.39,4119285
1770225871946,283.19,76.74,155631616,70828032,46545208,44.39,4119285
1770225872048,283.37,76.82,155631616,70828032,46547256,44.39,4119285
1770225872149,283.54,76.91,155631616,70828032,46549304,44.39,4119285
1770225872249,283.79,77.01,155631616,70828032,46551352,44.39,4119285
1770225872351,284.05,77.07,155631616,70828032,46553432,44.40,4119285
1770225872451,288.16,78.02,155926528,71090176,47128584,44.95,4128811
1770225872553,288.29,78.06,155926528,71090176,47130656,44.95,4128811
1770225872653,294.71,80.14,156155904,71352320,47629240,45.42,4130145
1770225872753,294.93,80.21,156155904,71352320,47631312,45.42,4130145
1770225872855,295.30,80.36,156155904,71352320,47633360,45.43,4130145
1770225872955,300.39,82.48,156205056,71352320,47915952,45.70,4139671
1770225873057,300.62,82.57,156205056,71352320,47918024,45.70,4139671
1770225873157,305.75,84.82,156286976,71614464,48229080,45.99,4141005
1770225873258,305.96,84.90,156286976,71614464,48231152,46.00,4141005
1770225873358,306.32,85.05,156286976,71614464,48233200,46.00,4141005
1770225873460,311.62,86.66,156368896,71614464,48511368,46.26,4150531
1770225873562,311.99,86.81,156368896,71614464,48513440,46.27,4150531
1770225873663,317.38,89.38,156401664,71614464,48795952,46.54,4151865
1770225873764,321.95,90.19,156647424,71614464,49047904,46.78,4151865
1770225873864,322.32,90.35,156647424,71614464,49049952,46.78,4151865
1770225873965,326.29,92.42,156712960,71876608,49539528,47.24,4161391
1770225874067,326.98,92.61,156712960,71876608,49545464,47.25,4161391
1770225874168,331.45,94.56,156729344,71876608,49822800,47.51,4162725
1770225874269,331.68,94.68,156729344,71876608,49824872,47.52,4162725
1770225874370,332.08,94.88,156729344,71876608,49826888,47.52,4162725
1770225874471,336.06,97.17,156745728,71876608,50104536,47.78,4172251
1770225874573,336.40,97.34,156745728,71876608,50106624,47.79,4172251
1770225874673,339.93,99.41,156745728,71876608,50383896,48.05,4173585
1770225874775,340.18,99.52,156745728,71876608,50385984,48.05,4173585
1770225874875,340.48,99.66,156745728,71876608,50388048,48.05,4173585
1770225874977,353.26,104.08,164364288,79740928,46059456,43.93,4183113
1770225875078,353.43,104.19,164364288,79740928,46061544,43.93,4183113
1770225875179,357.06,105.94,164364288,79740928,46339040,44.19,4125237
1770225875280,357.21,106.02,164364288,79740928,46341128,44.19,4125237
1770225875380,357.40,106.12,164364288,79740928,46343192,44.20,4125237
1770225875481,361.91,108.01,164364288,79740928,46620912,44.46,4134765
1770225875583,362.09,108.11,164364288,79740928,46623000,44.46,4134765
1770225875684,365.21,109.75,164380672,79740928,46900328,44.73,4136101
1770225875784,365.30,109.80,164380672,79740928,46902416,44.73,4136101
1770225875885,365.44,109.89,164380672,79740928,46904480,44.73,4136101
1770225875987,368.53,111.52,164380672,79740928,47182056,45.00,4145629
1770225876088,368.73,111.61,164380672,79740928,47184144,45.00,4145629
1770225876188,370.22,112.50,164397056,79740928,47461520,45.26,4146965
1770225876290,370.34,112.55,164397056,79740928,47463608,45.26,4146965
1770225876391,370.53,112.63,164397056,79740928,47465672,45.27,4146965
1770225876491,374.34,114.56,164397056,79740928,47743344,45.53,4156493
1770225876592,374.51,114.66,164397056,79740928,47745432,45.53,4156493
1770225876691,377.81,116.46,164397056,79740928,48022896,45.80,4157829
1770225876793,377.97,116.53,164397056,79740928,48024984,45.80,4157829
1770225876894,378.18,116.63,164397056,79740928,48027048,45.80,4157829
1770225876994,381.85,118.46,164413440,79740928,48304792,46.07,4167357
1770225877095,381.98,118.56,164413440,79740928,48306880,46.07,4167357
1770225877197,388.86,120.41,164462592,79740928,48584776,46.33,4168693
1770225877298,389.04,120.48,164462592,79740928,48586864,46.34,4168693
1770225877399,389.29,120.61,164462592,79740928,48588928,46.34,4168693
1770225877501,392.47,122.50,164462592,79740928,48866512,46.60,4178221
1770225877601,392.63,122.59,164462592,79740928,48868600,46.60,4178221
1770225877702,396.65,124.46,164495360,79740928,49166960,46.89,4179557
1770225877804,396.83,124.54,164495360,79740928,49169048,46.89,4179557
1770225877904,397.01,124.64,164495360,79740928,49171112,46.89,4179557
1770225878006,399.96,126.41,164511744,79740928,49448792,47.16,4189085
1770225878106,400.13,126.50,164511744,79740928,49450880,47.16,4189085
1770225878206,405.36,128.34,164528128,79740928,49728344,47.42,4190421
1770225878307,405.47,128.41,164528128,79740928,49730432,47.43,4190421
1770225878409,405.61,128.49,164528128,79740928,49732496,47.43,4190421
1770225878509,408.94,130.43,164544512,79740928,50010048,47.69,4199949
1770225878611,409.12,130.53,164544512,79740928,50012136,47.70,4199949
1770225878712,413.18,132.16,164544512,79740928,50289488,47.96,4201285
1770225878812,487.52,141.97,132628480,46972928,39695912,37.86,4118831
1770225878914,487.75,142.07,132628480,46972928,39698048,37.86,4118831
1770225879015,495.19,143.94,132628480,46972928,40046800,38.19,4128359
1770225879115,495.38,144.04,132628480,46972928,40048856,38.19,4128359
1770225879217,499.25,145.88,132628480,46972928,40324552,38.46,4129695
1770225879317,499.38,145.96,132628480,46972928,40326608,38.46,4129695
1770225879418,556.44,150.55,127893504,43040768,39539472,37.71,4118831
1770225879519,558.61,151.79,128188416,43040768,39914496,38.07,4128359
1770225879621,558.82,151.90,128188416,43040768,39916552,38.07,4128359
1770225879721,565.72,154.04,128483328,43040768,40236040,38.37,4129695
1770225879822,565.97,154.15,128483328,43040768,40238048,38.37,4129695
1770225879924,566.17,154.28,128483328,43040768,40240032,38.38,4129695
1770225880024,628.98,159.11,127959040,42778624,39617928,37.78,4118831
1770225880125,629.16,159.17,127959040,42778624,39622464,37.79,4118831
1770225880227,638.01,161.32,128253952,42778624,40029168,38.17,4120167
1770225880328,638.16,161.41,128253952,42778624,40031176,38.18,4120167
1770225880428,638.36,161.52,128253952,42778624,40033160,38.18,4120167
1770225880530,641.23,163.29,128516096,42778624,40289520,38.42,4129695
1770225880630,641.45,163.41,128532480,42778624,40291528,38.42,4129695
1770225880731,645.32,165.28,128761856,42778624,40547648,38.67,4131031
1770225880833,645.48,165.38,128778240,42778624,40549656,38.67,4131031
1770225880933,645.66,165.47,128778240,42778624,40551640,38.67,4131031
1770225881035,652.66,167.74,129351680,45924352,39950168,38.10,4129695
1770225881135,652.88,167.86,129368064,45924352,39952152,38.10,4129695
1770225881237,658.00,169.79,129597440,45924352,40206552,38.34,4131031
1770225881337,658.30,169.93,129597440,45924352,40208536,38.35,4131031
1770225881439,658.60,170.11,129613824,45924352,40210520,38.35,4131031
1770225881539,666.28,171.86,129925120,45924352,40602656,38.72,4140559
1770225881641,666.54,172.01,129925120,45924352,40604664,38.72,4140559
1770225881742,669.36,174.03,130170880,45924352,40857056,38.96,4141895
1770225881843,669.55,174.13,130170880,45924352,40859064,38.97,4141895
1770225881945,669.77,174.26,130170880,45924352,40861048,38.97,4141895
1770225882046,672.68,176.03,130416640,45924352,41113656,39.21,4151423
1770225882145,672.83,176.13,130416640,45924352,41115664,39.21,4151423
1770225882247,676.01,178.11,130662400,45924352,41368040,39.45,4152759
1770225882348,676.16,178.20,130662400,45924352,41370048,39.45,4152759
1770225882448,676.31,178.30,130662400,45924352,41372032,39.46,4152759
1770225882550,680.99,180.20,130908160,45924352,40184704,38.32,4162287
1770225882651,681.25,180.31,130908160,45924352,40186712,38.33,4162287
1770225882753,685.61,182.33,130924544,45924352,40439088,38.57,4129695
1770225882853,685.77,182.42,130924544,45924352,40441072,38.57,4129695
1770225882954,685.95,182.50,130924544,45924352,40443056,38.57,4129695
1770225883055,688.80,184.35,130957312,45924352,40695648,38.81,4139223
1770225883155,688.95,184.44,130957312,45924352,40697656,38.81,4139223
1770225883256,691.93,186.27,130990080,45924352,40953224,39.06,4140559
1770225883358,692.07,186.34,130990080,45924352,40955208,39.06,4140559
1770225883459,692.24,186.44,130990080,45924352,40957192,39.06,4140559
1770225883560,706.07,188.76,131366912,45924352,41224280,39.31,4150087
1770225883662,706.34,188.84,131366912,45924352,41226288,39.32,4150087
1770225883762,709.29,190.72,131596288,45924352,41475152,39.55,4151423
1770225883864,709.45,190.81,131596288,45924352,41477136,39.56,4151423
1770225883964,709.59,190.89,131596288,45924352,41479120,39.56,4151423
1770225884066,713.91,192.66,131842048,45924352,41737568,39.80,4160951
1770225884166,714.08,192.75,131842048,45924352,41739576,39.81,4160951
1770225884266,718.84,194.70,132087808,45924352,40444104,38.57,4162287
1770225884368,718.99,194.78,132087808,45924352,40446088,38.57,4162287
1770225884472,720.86,195.89,132087808,45924352,40572192,38.69,4137887
1770225884572,721.91,196.59,132087808,45924352,40699480,38.81,4138553
1770225884674,722.07,196.68,132087808,45924352,40701488,38.82,4138553
1770225884775,728.31,198.43,132104192,45924352,40954328,39.06,4139889
1770225884875,728.47,198.52,132104192,45924352,40956336,39.06,4139889
1770225884975,729.95,199.47,132104192,45924352,41083016,39.18,4148751
1770225885077,731.69,200.21,132104192,45924352,41210512,39.30,4149417
1770225885178,731.82,200.29,132104192,45924352,41212520,39.30,4149417
1770225885279,736.37,202.01,132104192,45924352,41456376,39.54,4150753
1770225885380,736.51,202.09,132104192,45924352,41458384,39.54,4150753
1770225885479,739.08,203.07,132104192,45924352,41585032,39.66,4159615
1770225885580,742.95,203.85,132104192,45924352,41714376,39.78,4160281
1770225885682,743.10,203.94,132104192,45924352,41716384,39.78,4160281
1770225885782,744.88,205.37,132104192,45924352,41962968,40.02,4161617
1770225885884,745.08,205.45,132104192,45924352,41964976,40.02,4161617
1770225885983,746.61,206.53,132153344,45924352,42088568,40.14,4170479
1770225886085,749.72,207.36,132284416,45924352,42214424,40.26,4171145
1770225886185,749.86,207.45,132284416,45924352,42216432,40.26,4171145
1770225886287,757.44,209.72,132366336,46448640,41154792,39.25,4129695
1770225886388,757.58,209.80,132366336,46448640,41156776,39.25,4129695
1770225886488,762.15,211.77,132366336,46448640,41400096,39.48,4139223
1770225886590,762.23,211.82,132366336,46448640,41402080,39.48,4139223
1770225886691,762.36,211.90,132366336,46448640,41404064,39.49,4139223
1770225886791,765.18,213.65,132382720,46448640,41647232,39.72,4140559
1770225886892,765.37,213.75,132382720,46448640,41649216,39.72,4140559
1770225886993,768.46,215.71,132382720,46448640,41892624,39.95,4150087
1770225887093,768.54,215.75,132382720,46448640,41894608,39.95,4150087
1770225887194,768.69,215.84,132382720,46448640,41896592,39.96,4150087
1770225887295,772.00,217.67,132382720,46448640,42139840,40.19,4151423
1770225887397,772.18,217.75,132382720,46448640,42141824,40.19,4151423
1770225887497,774.87,219.48,132382720,46448640,42385216,40.42,4160951
1770225887598,774.96,219.53,132382720,46448640,42387200,40.42,4160951
1770225887699,775.08,219.61,132382720,46448640,42389184,40.43,4160951
1770225887801,785.35,221.41,132415488,46448640,42633416,40.66,4162287
1770225887903,785.58,221.52,132415488,46448640,42635400,40.66,4162287
1770225888003,790.03,223.56,132644864,46710784,41385816,39.47,4129695
1770225888104,790.12,223.61,132644864,46710784,41387800,39.47,4129695
1770225888205,790.32,223.70,132644864,46710784,41389856,39.47,4129695
1770225888305,797.46,225.55,132644864,46710784,41632392,39.70,4131031
1770225888406,797.62,225.63,132644864,46710784,41634376,39.71,4131031
1770225888507,806.31,227.45,132677632,46710784,41875080,39.94,4140559
1770225888608,806.44,227.50,132677632,46710784,41877064,39.94,4140559
1770225888709,806.62,227.60,132677632,46710784,41879048,39.94,4140559
1770225888810,833.34,229.87,133070848,46710784,42120136,40.17,4141895
1770225888911,833.46,229.94,133070848,46710784,42122120,40.17,4141895
1770225889012,843.09,231.82,133087232,46710784,42364768,40.40,4151423
1770225889114,843.21,231.88,133087232,46710784,42366752,40.40,4151423
1770225889215,843.34,231.97,133087232,46710784,42368736,40.41,4151423
1770225889316,848.30,233.73,133103616,46710784,42606144,40.63,4152759
1770225889416,848.46,233.82,133103616,46710784,42608128,40.63,4152759
1770225889517,853.23,235.59,133103616,46710784,42845808,40.86,4162287
1770225889618,853.33,235.65,133103616,46710784,42847792,40.86,4162287
1770225889719,853.46,235.72,133103616,46710784,42849776,40.86,4162287
1770225889821,877.35,237.79,133382144,46972928,41585648,39.66,4129695
1770225889922,877.47,237.85,133382144,46972928,41587632,39.66,4129695
1770225890022,879.26,239.19,133414912,46972928,41826088,39.89,4139223
1770225890124,879.41,239.25,133414912,46972928,41828072,39.89,4139223
1770225890225,879.61,239.33,133414912,46972928,41830056,39.89,4139223
1770225890327,882.53,241.37,133414912,46972928,42067384,40.12,4140559
1770225890427,882.68,241.45,133414912,46972928,42069368,40.12,4140559
1770225890529,885.59,243.24,133431296,46972928,42306896,40.35,4150087
1770225890630,885.70,243.30,133431296,46972928,42308880,40.35,4150087
1770225890730,885.85,243.40,133431296,46972928,42310864,40.35,4150087
1770225890831,889.66,245.07,133431296,46972928,42548152,40.58,4151423
1770225890933,889.79,245.15,133431296,46972928,42550136,40.58,4151423
1770225891033,898.97,246.84,133431296,46972928,42789248,40.81,4160951
1770225891134,899.05,246.89,133431296,46972928,42791232,40.81,4160951
1770225891236,899.21,246.97,133431296,46972928,42793216,40.81,4160951
1770225891336,902.84,248.59,133431296,46972928,43031000,41.04,4162287
1770225891437,903.00,248.69,133431296,46972928,43032984,41.04,4162287
1770225891539,908.06,251.20,133971968,51691520,41790120,39.85,4171815
1770225891639,908.18,251.27,133971968,51691520,41792128,39.86,4171815
1770225891740,908.30,251.34,133971968,51691520,41794112,39.86,4171815
1770225891841,917.98,253.66,133971968,51691520,42032600,40.09,4130361
1770225891943,918.15,253.77,133971968,51691520,42034608,40.09,4130361
1770225892043,920.90,255.44,133988352,51691520,42272112,40.31,4139889
1770225892144,920.99,255.49,133988352,51691520,42274096,40.32,4139889
1770225892245,921.16,255.56,133988352,51691520,42276080,40.32,4139889
1770225892346,924.12,257.40,133988352,51691520,42513400,40.54,4141225
1770225892447,924.30,257.50,133988352,51691520,42515408,40.55,4141225
1770225892549,928.48,259.31,133988352,51691520,42752944,40.77,4150753
1770225892650,928.61,259.39,133988352,51691520,42754928,40.77,4150753
1770225892751,928.77,259.47,133988352,51691520,42756912,40.78,4150753
1770225892853,933.56,261.23,133988352,51691520,42994656,41.00,4152089
1770225892954,933.72,261.33,133988352,51691520,42996664,41.00,4152089
1770225893055,947.51,263.04,134037504,51691520,43236496,41.23,4161617
1770225893155,947.70,263.15,134037504,51691520,43238480,41.24,4161617
1770225893256,947.86,263.25,134037504,51691520,43240464,41.24,4161617
1770225893357,950.32,265.02,134086656,51691520,43474464,41.46,4162953
1770225893458,950.45,265.10,134086656,51691520,43476472,41.46,4162953
1770225893560,953.45,267.11,134299648,51691520,43710640,41.69,4172481
1770225893660,953.60,267.20,134299648,51691520,43712648,41.69,4172481
1770225893761,953.74,267.30,134299648,51691520,43714632,41.69,4172481
1770225893862,956.40,269.15,134610944,51691520,43994032,41.96,4173817
1770225893964,956.54,269.23,134610944,51691520,43996040,41.96,4173817
1770225894064,959.01,270.97,134840320,51691520,44230200,42.18,4183345
1770225894165,959.13,271.06,134856704,51691520,44232208,42.18,4183345
1770225894266,959.29,271.14,134856704,51691520,44234192,42.19,4183345
1770225894367,969.89,272.61,135118848,51691520,44502904,42.44,4184681
1770225894469,970.06,272.70,135118848,51691520,44504912,42.44,4184681
1770225894570,972.88,274.75,135348224,51691520,44732352,42.66,4194209
1770225894671,973.00,274.82,135348224,51691520,44734360,42.66,4194209
1770225894771,973.16,274.90,135348224,51691520,44736344,42.66,4194209
1770225894872,975.97,276.72,135561216,51691520,44963536,42.88,4195545
1770225894974,976.13,276.81,135561216,51691520,44965544,42.88,4195545
1770225895075,979.63,279.38,135774208,51691520,45193000,43.10,4205073
1770225895176,979.74,279.45,135774208,51691520,45195008,43.10,4205073
1770225895275,979.85,279.53,135790592,51691520,45196992,43.10,4205073
1770225895376,982.19,281.33,136003584,51691520,45424352,43.32,4206409
1770225895477,982.37,281.41,136003584,51691520,45426360,43.32,4206409
1770225895579,987.52,283.64,136413184,52215808,42490152,40.52,4215937
1770225895679,987.66,283.72,136413184,52215808,42492160,40.52,4215937
1770225895780,987.79,283.80,136413184,52215808,42494144,40.53,4215937
1770225895881,990.33,285.47,136413184,52215808,42721328,40.74,4130361
1770225895982,990.45,285.55,136413184,52215808,42723312,40.74,4130361
1770225896083,993.30,287.42,136429568,52215808,42950760,40.96,4139889
1770225896184,993.41,287.50,136429568,52215808,42952744,40.96,4139889
1770225896286,993.60,287.58,136429568,52215808,42954728,40.96,4139889
1770225896386,996.65,289.49,136429568,52215808,43181928,41.18,4141225
1770225896487,996.93,289.62,136429568,52215808,43183912,41.18,4141225
1770225896588,1001.51,291.69,136429568,52215808,43411824,41.40,4150753
1770225896690,1001.65,291.78,136429568,52215808,43413808,41.40,4150753
1770225896791,1001.82,291.87,136429568,52215808,43415792,41.40,4150753
1770225896891,1004.27,293.60,136429568,52215808,43642400,41.62,4152089
1770225896992,1004.55,293.74,136429568,52215808,43644384,41.62,4152089
1770225897093,1007.12,295.63,136511488,52215808,43871160,41.84,4161617
1770225897194,1007.27,295.72,136511488,52215808,43873144,41.84,4161617
1770225897295,1007.42,295.82,136511488,52215808,43875128,41.84,4161617
1770225897395,1011.59,297.71,136740864,52215808,44101688,42.06,4162953
1770225897496,1011.78,297.80,136740864,52215808,44103672,42.06,4162953
1770225897598,1015.91,299.58,136953856,52215808,44330616,42.28,4172483
1770225897698,1016.04,299.67,136970240,52215808,44332624,42.28,4172483
1770225897799,1016.19,299.75,136970240,52215808,44334608,42.28,4172483
1770225897900,1020.39,301.65,137183232,52215808,44561336,42.50,4173821
1770225898001,1020.53,301.73,137183232,52215808,44563344,42.50,4173821
1770225898102,1023.97,303.60,137412608,52215808,44790016,42.72,4183351
1770225898203,1024.08,303.67,137412608,52215808,44792024,42.72,4183351
1770225898305,1024.20,303.75,137412608,52215808,44794008,42.72,4183351
1770225898406,1026.70,305.48,137625600,52215808,45020464,42.93,4184689
1770225898506,1026.88,305.56,137625600,52215808,45022472,42.94,4184689
1770225898607,1028.70,307.06,137838592,52215808,45374424,43.27,4194219
1770225898709,1028.87,307.13,137838592,52215808,45376432,43.27,4194219
1770225898810,1029.05,307.25,137854976,52215808,45378416,43.28,4194219
1770225898910,1031.37,309.13,138084352,52215808,45604800,43.49,4195557
1770225899011,1031.55,309.22,138084352,52215808,45606808,43.49,4195557
1770225899113,1036.57,311.55,138870784,53264384,42989464,41.00,4205087
1770225899214,1036.70,311.63,138870784,53264384,42991472,41.00,4205087
1770225899314,1036.82,311.70,138870784,53264384,42993456,41.00,4205087
1770225899415,1039.00,313.41,138870784,53264384,43219760,41.22,4129697
1770225899517,1039.14,313.50,138870784,53264384,43221768,41.22,4129697
1770225899618,1042.44,315.21,138887168,53264384,43449432,41.44,4139227
1770225899717,1042.56,315.28,138887168,53264384,43451440,41.44,4139227
1770225899821,1047.08,316.47,138903552,53264384,43566072,41.55,4139898
1770225899922,1060.22,317.28,138903552,53264384,43681544,41.66,4140565
1770225900022,1060.43,317.38,138903552,53264384,43683552,41.66,4140565
1770225900123,1063.26,319.41,138919936,53264384,43909872,41.88,4150095
1770225900224,1063.42,319.53,138919936,53264384,43911880,41.88,4150095
1770225900325,1070.10,321.42,138936320,53264384,44138440,42.09,4151433
1770225900427,1070.20,321.47,138936320,53264384,44140448,42.10,4151433
1770225900528,1070.38,321.56,138936320,53264384,44142432,42.10,4151433
1770225900628,1072.91,324.19,138936320,53264384,44368672,42.31,4160963
1770225900729,1073.37,324.33,138936320,53264384,44371424,42.32,4160963
1770225900830,1080.46,326.23,138952704,53264384,44598480,42.53,4162301
1770225900931,1080.57,326.28,138952704,53264384,44600488,42.53,4162301
1770225901032,1080.71,326.37,138952704,53264384,44602472,42.54,4162301
1770225901133,1082.97,328.05,138952704,53264384,44828424,42.75,4171831
1770225901234,1083.09,328.13,138952704,53264384,44830432,42.75,4171831
1770225901335,1085.60,330.21,138952704,53264384,45056176,42.97,4173169
1770225901435,1085.71,330.27,138952704,53264384,45058184,42.97,4173169
1770225901536,1085.85,330.36,138952704,53264384,45060168,42.97,4173169
1770225901637,1090.17,332.21,138952704,53264384,45289528,43.19,4182699
1770225901739,1090.31,332.30,138952704,53264384,45291536,43.19,4182699
1770225901839,1092.67,334.16,138952704,53264384,45517232,43.41,4184037
1770225901940,1092.82,334.22,138952704,53264384,45519240,43.41,4184037
1770225902040,1093.05,334.34,138952704,53264384,45521224,43.41,4184037
1770225902141,1095.46,336.02,138969088,53264384,45747160,43.63,4193567
1770225902243,1095.62,336.11,138969088,53264384,45749168,43.63,4193567
1770225902343,1098.41,337.96,138969088,53264384,45974832,43.85,4194905
1770225902444,1098.52,338.02,138969088,53264384,45976840,43.85,4194905
1770225902544,1098.70,338.12,138969088,53264384,45978824,43.85,4194905
1770225902644,1197.66,344.97,147701760,66109440,50192640,47.87,4129697
1770225902746,1322.87,348.70,155992064,85245952,49756048,47.45,4118832
1770225902846,1324.14,349.75,155992064,85245952,49998720,47.68,4120170
1770225902948,1324.26,349.80,155992064,85245952,50003448,47.69,4120170
1770225903049,1324.45,349.91,155992064,85245952,50005432,47.69,4120170
1770225903150,1327.80,351.65,155992064,85245952,50246440,47.92,4129700
1770225903251,1327.95,351.74,155992064,85245952,50248448,47.92,4129700
1770225903352,1330.33,353.54,155992064,85245952,50489256,48.15,4131038
1770225903453,1330.41,353.58,155992064,85245952,50491264,48.15,4131038
1770225903553,1330.57,353.67,155992064,85245952,50493248,48.15,4131038
1770225903655,1334.49,355.63,155992064,85245952,50743600,48.39,4140568
1770225903755,1334.64,355.72,155992064,85245952,50745608,48.39,4140568
1770225903856,1339.94,357.57,155992064,85245952,50984152,48.62,4141906
1770225903957,1340.09,357.61,155992064,85245952,50986160,48.62,4141906
1770225904059,1340.38,357.75,155992064,85245952,50988144,48.63,4141906
1770225904160,1344.24,359.71,155992064,85245952,51229744,48.86,4151436
1770225904260,1344.50,359.84,155992064,85245952,51231752,48.86,4151436
1770225904362,1348.69,361.76,156008448,85245952,51472000,49.09,4152774
1770225904463,1348.88,361.83,156008448,85245952,51474008,49.09,4152774
1770225904564,1349.15,361.97,156008448,85245952,51475992,49.09,4152774
1770225904665,1351.92,363.89,156008448,85245952,51715584,49.32,4162304
1770225904766,1352.18,364.01,156008448,85245952,51717592,49.32,4162304
1770225904867,1356.34,366.66,156008448,85245952,51956672,49.55,4163642
1770225904969,1356.56,366.76,156008448,85245952,51958680,49.55,4163642
1770225905069,1356.83,366.88,156008448,85245952,51960664,49.55,4163642
1770225905171,1388.35,369.23,156024832,85245952,52243496,49.82,4173172
1770225905271,1388.51,369.29,156024832,85245952,52245504,49.83,4173172
1770225905372,1404.86,371.47,156024832,85245952,52483632,50.05,4174510
1770225905474,1413.19,371.63,156041216,85245952,52487632,50.06,4174510
1770225905576,1413.48,371.78,156041216,85245952,52489616,50.06,4174510
1770225905676,1416.54,373.73,156041216,85245952,52729432,50.29,4184040
1770225905778,1416.82,373.86,156041216,85245952,52731440,50.29,4184040
1770225905878,1419.61,375.73,156041216,85245952,52970728,50.52,4185378
1770225905979,1419.85,375.82,156041216,85245952,52972736,50.52,4185378
1770225906081,1420.14,376.00,156041216,85245952,52974720,50.52,4185378
1770225906182,1430.28,377.91,156041216,85245952,53225696,50.76,4194908
1770225906283,1430.57,378.04,156041216,85245952,53227704,50.76,4194908
1770225906385,1434.61,380.48,156041216,85245952,53464640,50.99,4196246
1770225906485,1434.84,380.58,156041216,85245952,53466648,50.99,4196246
1770225906586,1435.12,380.71,156041216,85245952,53468632,50.99,4196246
1770225906686,1440.47,382.82,156041216,85245952,53737272,51.25,4205776
1770225906788,1440.76,382.96,156041216,85245952,53739280,51.25,4205776
1770225906888,1446.77,385.02,156041216,85245952,53976704,51.48,4207114
1770225906990,1446.99,385.12,156041216,85245952,53978712,51.48,4207114
1770225907091,1447.24,385.25,156041216,85245952,53980696,51.48,4207114
1770225907192,1451.01,387.21,156041216,85245952,54217736,51.71,4216644
1770225907294,1451.18,387.31,156041216,85245952,54219744,51.71,4216644
1770225907394,1454.73,389.01,156041216,85245952,54456600,51.93,4217982
1770225907496,1454.85,389.09,156041216,85245952,54458608,51.94,4217982
1770225907597,1454.97,389.17,156041216,85245952,54460592,51.94,4217982
1770225907697,1457.24,390.87,156041216,85245952,54697944,52.16,4227512
1770225907799,1457.37,390.95,156041216,85245952,54699952,52.17,4227512
1770225907899,1460.66,392.69,156041216,85245952,54961952,52.42,4228850
1770225908000,1460.77,392.77,156041216,85245952,54963960,52.42,4228850
1770225908102,1460.91,392.85,156041216,85245952,54965944,52.42,4228850
1770225908202,1463.29,394.61,156073984,85245952,55202560,52.65,4238380
1770225908303,1463.42,394.69,156073984,85245952,55204568,52.65,4238380
1770225908404,1465.89,396.53,156073984,85245952,55441024,52.87,4239718
1770225908505,1466.01,396.61,156073984,85245952,55443032,52.87,4239718
1770225908607,1466.16,396.69,156073984,85245952,55445016,52.88,4239718
1770225908708,1468.48,398.40,156073984,85245952,55681696,53.10,4249248
1770225908808,1468.64,398.49,156073984,85245952,55683704,53.10,4249248
1770225908909,1471.24,400.34,156073984,85245952,55920136,53.33,4250586
1770225909010,1471.34,400.39,156073984,85245952,55922144,53.33,4250586
1770225909111,1471.48,400.48,156073984,85245952,55924128,53.33,4250586
1770225909213,1477.27,402.27,156106752,85245952,56161376,53.56,4260116
1770225909314,1477.46,402.35,156106752,85245952,56163384,53.56,4260116
1770225909416,1484.28,404.17,156106752,85245952,56400696,53.79,4261454
1770225909516,1484.38,404.23,156106752,85245952,56402704,53.79,4261454
1770225909617,1484.51,404.31,156106752,85245952,56404688,53.79,4261454
1770225909717,1486.93,406.03,156106752,85245952,56644808,54.02,4270984
1770225909818,1487.07,406.11,156106752,85245952,56646816,54.02,4270984
1770225909920,1489.45,407.96,156270592,85245952,56883384,54.25,4272322
1770225910021,1489.60,408.04,156270592,85245952,56885392,54.25,4272322
1770225910121,1489.78,408.13,156270592,85245952,56887376,54.25,4272322
1770225910223,1492.42,409.91,156516352,85245952,57130608,54.48,4281852
1770225910324,1492.56,409.99,156516352,85245952,57132616,54.49,4281852
1770225910426,1496.33,411.95,156745728,85245952,57374312,54.72,4283190
1770225910526,1496.47,412.05,156745728,85245952,57376320,54.72,4283190
1770225910627,1496.63,412.14,156745728,85245952,57378304,54.72,4283190
1770225910729,1501.53,415.53,156991488,85245952,57622336,54.95,4292720
1770225910829,1571.22,424.42,137543680,50380800,40901000,39.01,4127024
1770225910931,1575.53,426.24,137543680,50380800,41226256,39.32,4128362
1770225911032,1575.67,426.32,137543680,50380800,41228264,39.32,4128362
1770225911133,1575.81,426.40,137543680,50380800,41230248,39.32,4128362
1770225911235,1583.58,428.36,137543680,50380800,41485040,39.56,4137892
1770225911336,1583.88,428.55,137543680,50380800,41487048,39.57,4137892
1770225911437,1661.91,435.23,130236416,44613632,41158696,39.25,4128362
1770225911539,1662.11,435.32,130236416,44613632,41160752,39.25,4128362
1770225911639,1662.29,435.42,130236416,44613632,41162736,39.26,4128362
1770225911740,1667.96,437.43,130465792,44613632,41404824,39.49,4137892
1770225911842,1668.23,437.54,130465792,44613632,41406832,39.49,4137892
1770225911942,1674.77,439.54,130711552,44613632,41648504,39.72,4139230
1770225912044,1732.49,441.89,130007040,43827200,40720768,38.83,4127024
1770225912145,1732.77,442.00,130007040,43827200,40722824,38.84,4127024
1770225912246,1737.58,444.12,130285568,43827200,41039472,39.14,4136554
1770225912348,1737.75,444.21,130285568,43827200,41041480,39.14,4136554
1770225912448,1740.45,446.06,130514944,43827200,41283040,39.37,4137892
1770225912550,1740.59,446.15,130514944,43827200,41285048,39.37,4137892
1770225912651,1740.74,446.25,130531328,43827200,41287032,39.37,4137892
1770225912752,1743.60,447.96,130760704,43827200,41528880,39.61,4147422
1770225912854,1743.89,448.10,130760704,43827200,41530888,39.61,4147422
1770225912955,1748.27,451.11,131350528,46972928,40920296,39.02,4148760
1770225913056,1748.45,451.18,131350528,46972928,40922304,39.03,4148760
1770225913157,1748.64,451.28,131350528,46972928,40924288,39.03,4148760
1770225913259,1751.32,453.20,131596288,46972928,41286728,39.37,4146751
1770225913360,1751.46,453.28,131596288,46972928,41288736,39.38,4146751
1770225913460,1754.08,455.31,131842048,46972928,41530288,39.61,4148089
1770225913562,1754.26,455.37,131842048,46972928,41532296,39.61,4148089
1770225913662,1754.43,455.45,131842048,46972928,41534280,39.61,4148089
1770225913764,1760.34,457.46,132087808,46972928,41776312,39.84,4157619
1770225913864,1760.51,457.55,132087808,46972928,41778320,39.84,4157619
1770225913966,1763.88,459.42,132333568,46972928,42020168,40.07,4158957
1770225914066,1764.02,459.50,132333568,46972928,42022176,40.08,4158957
1770225914169,1766.05,460.58,132448256,46972928,42144656,40.19,4167820
1770225914271,1767.00,461.36,132579328,46972928,42265888,40.31,4168487
1770225914372,1767.25,461.45,132579328,46972928,42267896,40.31,4168487
1770225914474,1770.28,463.56,132808704,46972928,42509600,40.54,4169825
1770225914575,1770.43,463.64,132808704,46972928,42511608,40.54,4169825
1770225914675,1774.87,465.75,133054464,46972928,41205176,39.30,4179355
1770225914777,1775.72,465.81,133054464,46972928,41207184,39.30,4179355
1770225914878,1775.89,465.90,133054464,46972928,41209168,39.30,4179355
1770225914979,1778.63,467.64,133054464,46972928,41450792,39.53,4137892
1770225915079,1778.78,467.72,133054464,46972928,41452776,39.53,4137892
1770225915178,1782.78,469.56,133136384,46972928,41694560,39.76,4147422
1770225915279,1782.88,469.61,133136384,46972928,41696544,39.76,4147422
1770225915380,1783.01,469.69,133136384,46972928,41698528,39.77,4147422
1770225915481,1791.85,471.54,133152768,46972928,41954056,40.01,4148760
1770225915583,1792.01,471.63,133152768,46972928,41956040,40.01,4148760
1770225915682,1794.57,473.43,133382144,46972928,42197784,40.24,4158290
1770225915784,1794.74,473.48,133382144,46972928,42199792,40.24,4158290
1770225915884,1794.99,473.59,133382144,46972928,42201776,40.25,4158290
1770225915985,1799.25,475.32,133627904,46972928,42444016,40.48,4159628
1770225916086,1799.40,475.41,133627904,46972928,42446024,40.48,4159628
1770225916186,1806.19,477.44,133857280,46972928,42693008,40.72,4169158
1770225916288,1806.28,477.48,133857280,46972928,42695016,40.72,4169158
1770225916389,1806.40,477.56,133857280,46972928,42697000,40.72,4169158
1770225916489,1809.29,479.31,134086656,46972928,42940632,40.95,4170496
1770225916591,1809.42,479.40,134103040,46972928,42942640,40.95,4170496
1770225916691,1815.58,481.41,134316032,47235072,41776984,39.84,4146084
1770225916791,1815.66,481.45,134316032,47235072,41778992,39.84,4146084
1770225916893,1815.81,481.53,134316032,47235072,41780976,39.85,4146084
1770225916993,1818.59,483.34,134316032,47235072,42022136,40.08,4147422
1770225917094,1818.73,483.42,134316032,47235072,42024120,40.08,4147422
1770225917195,1824.24,485.41,134332416,47235072,42275736,40.32,4156952
1770225917295,1824.33,485.46,134332416,47235072,42277744,40.32,4156952
1770225917396,1824.45,485.54,134332416,47235072,42279728,40.32,4156952
1770225917498,1830.95,487.41,134332416,47235072,42520936,40.55,4158290
1770225917599,1831.08,487.50,134332416,47235072,42522920,40.55,4158290
1770225917700,1834.25,489.25,134332416,47235072,42762824,40.78,4167820
1770225917802,1834.40,489.31,134332416,47235072,42764808,40.78,4167820
1770225917902,1834.62,489.43,134332416,47235072,42766792,40.79,4167820
1770225918003,1837.70,491.51,134332416,47235072,43006512,41.01,4169158
1770225918105,1837.85,491.59,134332416,47235072,43008496,41.02,4169158
1770225918205,1843.13,493.62,134348800,47235072,43248576,41.25,4178688
1770225918306,1843.23,493.67,134348800,47235072,43250584,41.25,4178688
1770225918406,1843.37,493.75,134348800,47235072,43252568,41.25,4178688
1770225918507,1852.25,495.79,134692864,48021504,42003592,40.06,4137892
1770225918609,1852.47,495.88,134692864,48021504,42005576,40.06,4137892
1770225918709,1855.39,497.56,134692864,48021504,42242736,40.29,4147422
1770225918810,1855.49,497.60,134692864,48021504,42244720,40.29,4147422
1770225918912,1855.66,497.69,134692864,48021504,42246704,40.29,4147422
1770225919013,1858.57,499.59,134692864,48021504,42483720,40.52,4148760
1770225919113,1858.70,499.67,134692864,48021504,42485704,40.52,4148760
1770225919214,1861.30,501.33,134692864,48021504,42722960,40.74,4158290
1770225919314,1861.39,501.37,134692864,48021504,42724944,40.75,4158290
1770225919415,1861.52,501.45,134692864,48021504,42726928,40.75,4158290
1770225919516,1876.42,503.23,134709248,48021504,42982304,40.99,4159628
1770225919617,1876.56,503.30,134709248,48021504,42984288,40.99,4159628
1770225919718,1878.97,504.95,134709248,48021504,43221504,41.22,4169158
1770225919820,1879.11,505.00,134709248,48021504,43223488,41.22,4169158
1770225919920,1879.36,505.06,134709248,48021504,43225472,41.22,4169158
1770225920022,1883.74,506.81,134725632,48021504,43462480,41.45,4170496
1770225920122,1883.90,506.90,134725632,48021504,43464464,41.45,4170496
1770225920222,1888.92,509.31,134955008,48021504,42195392,40.24,4137892
1770225920324,1889.01,509.37,134955008,48021504,42197376,40.24,4137892
1770225920425,1889.14,509.45,134955008,48021504,42199360,40.24,4137892
1770225920525,1891.80,511.09,134955008,48021504,42436296,40.47,4139230
1770225920625,1891.96,511.18,134955008,48021504,42438304,40.47,4139230
1770225920726,1895.52,513.10,134955008,48021504,42676080,40.70,4148760
1770225920827,1895.62,513.15,134955008,48021504,42678064,40.70,4148760
1770225920927,1895.78,513.25,134955008,48021504,42680048,40.70,4148760
1770225921029,1906.24,515.15,134955008,48021504,42924680,40.94,4150098
1770225921130,1906.38,515.23,134955008,48021504,42926688,40.94,4150098
1770225921231,1922.61,516.90,134955008,48021504,43161464,41.16,4159628
1770225921333,1928.14,517.01,134987776,48021504,43333224,41.33,4159628
1770225921433,1928.40,517.10,134987776,48021504,43335208,41.33,4159628
1770225921534,1958.00,519.06,135036928,48021504,43567984,41.55,4160966
1770225921635,1958.14,519.12,135036928,48021504,43569992,41.55,4160966
1770225921737,1961.08,521.16,135036928,48021504,43799584,41.77,4170496
1770225921838,1961.21,521.23,135036928,48021504,43801568,41.77,4170496
1770225921938,1961.39,521.32,135036928,48021504,43803552,41.77,4170496
1770225922039,1967.64,522.84,135266304,48283648,42522608,40.55,4171834
1770225922140,1967.77,522.90,135266304,48283648,42524616,40.55,4171834
1770225922242,1969.01,524.19,135266304,48283648,42748960,40.77,4146751
1770225922342,1969.13,524.24,135266304,48283648,42750944,40.77,4146751
1770225922443,1969.32,524.35,135266304,48283648,42752928,40.77,4146751
1770225922544,1971.68,526.23,135266304,48283648,42977080,40.99,4148089
1770225922645,1971.85,526.32,135266304,48283648,42979064,40.99,4148089
1770225922746,1977.89,528.20,135282688,48283648,43204672,41.20,4157619
1770225922847,1978.02,528.28,135282688,48283648,43206656,41.21,4157619
1770225922949,1978.17,528.37,135282688,48283648,43208640,41.21,4157619
1770225923049,1982.57,530.17,135282688,48283648,43432560,41.42,4158957
1770225923151,1982.69,530.25,135282688,48283648,43434544,41.42,4158957
1770225923251,1985.15,532.00,135282688,48283648,43657976,41.64,4168487
1770225923352,1985.25,532.06,135282688,48283648,43659960,41.64,4168487
1770225923453,1985.36,532.14,135282688,48283648,43661944,41.64,4168487
1770225923555,1992.37,533.87,135299072,48283648,43885408,41.85,4169825
1770225923655,1992.67,534.00,135299072,48283648,43887392,41.85,4169825
1770225923756,1999.34,536.05,135315456,48283648,44112864,42.07,4179355
1770225923858,1999.56,536.15,135315456,48283648,44114848,42.07,4179355
1770225923958,1999.84,536.29,135315456,48283648,44116832,42.07,4179355
1770225924060,2005.38,539.17,135938048,53264384,42982280,40.99,4137892
1770225924160,2005.67,539.30,135938048,53264384,42984264,40.99,4137892
1770225924262,2011.08,541.28,135954432,53264384,43208000,41.21,4147422
1770225924362,2011.34,541.39,135954432,53264384,43209984,41.21,4147422
1770225924464,2011.64,541.53,135954432,53264384,43211968,41.21,4147422
1770225924565,2021.21,543.46,135954432,53264384,43436352,41.42,4148760
1770225924666,2021.51,543.61,135954432,53264384,43438336,41.43,4148760
1770225924767,2024.43,545.64,135954432,53264384,43661848,41.64,4158290
1770225924868,2024.67,545.73,135954432,53264384,43663832,41.64,4158290
1770225924970,2024.97,545.86,135954432,53264384,43665816,41.64,4158290
1770225925071,2027.90,547.73,135954432,53264384,43889072,41.86,4159628
1770225925172,2028.18,547.86,135954432,53264384,43891056,41.86,4159628
1770225925272,2030.11,548.92,135970816,53264384,44114640,42.07,4169158
1770225925374,2030.22,548.97,135970816,53264384,44116624,42.07,4169158
1770225925474,2030.37,549.04,135970816,53264384,44118608,42.07,4169158
1770225925575,2040.70,550.75,135970816,53264384,44342008,42.29,4170496
1770225925676,2040.94,550.88,135970816,53264384,44343992,42.29,4170496
1770225925778,2042.30,551.88,136003584,53264384,44564848,42.50,4180026
1770225925880,2042.44,551.93,136003584,53264384,44566856,42.50,4180026
1770225925983,2042.63,552.04,136003584,53264384,44568840,42.50,4180026
1770225926084,2045.29,553.97,136216576,53264384,44801792,42.73,4181364
1770225926186,2045.43,554.05,136216576,53264384,44803800,42.73,4181364
1770225926289,2046.93,555.59,136462336,53264384,45024648,42.94,4190894
1770225926390,2047.14,555.68,136462336,53264384,45026656,42.94,4190894
1770225926492,2047.32,555.77,136462336,53264384,45028640,42.94,4190894
1770225926595,2049.95,557.68,136675328,53264384,45249352,43.15,4192232
1770225926696,2050.09,557.77,136675328,53264384,45251360,43.16,4192232
1770225926798,2052.61,559.57,136888320,53264384,45472392,43.37,4201762
1770225926901,2052.79,559.65,136888320,53264384,45474400,43.37,4201762
1770225927002,2052.96,559.74,136888320,53264384,45476384,43.37,4201762
1770225927105,2055.66,561.73,137101312,53264384,45697104,43.58,4203100
1770225927206,2055.84,561.83,137101312,53264384,45699112,43.58,4203100
1770225927308,2058.50,563.64,137314304,53264384,45951232,43.82,4212630
1770225927408,2058.68,563.72,137330688,53264384,45953240,43.82,4212630
1770225927511,2058.97,563.84,137330688,53264384,45955224,43.83,4212630
1770225927611,2066.33,565.95,137543680,53264384,46185784,44.05,4213968
1770225927714,2066.63,566.02,137543680,53264384,46187792,44.05,4213968
1770225927816,2069.20,567.55,137756672,53264384,46408824,44.26,4223498
1770225927917,2069.49,567.64,137773056,53264384,46410832,44.26,4223498
1770225928019,2069.78,567.73,137773056,53264384,46412816,44.26,4223498
1770225928122,2075.48,571.10,133398528,46972928,43456968,41.44,4224836
1770225928222,2075.80,571.19,133398528,46972928,43458976,41.45,4224836
1770225928325,2084.89,572.72,133414912,46972928,43683032,41.66,4146084
1770225928428,2085.18,572.98,133414912,46972928,43685016,41.66,4146084
1770225928529,2089.47,575.14,133414912,46972928,43906128,41.87,4147422
1770225928631,2096.70,575.34,133414912,46972928,43973168,41.94,4147422
1770225928733,2096.99,575.43,133414912,46972928,43975152,41.94,4147422
1770225928835,2099.82,576.89,133414912,46972928,44193680,42.15,4156952
1770225928936,2100.09,576.98,133414912,46972928,44195664,42.15,4156952
1770225929036,2103.80,578.95,134217728,48545792,43590976,41.57,4158290
1770225929138,2103.99,579.02,134217728,48545792,43592960,41.57,4158290
1770225929240,2104.18,579.09,134217728,48545792,43594944,41.58,4158290
1770225929343,2108.47,581.01,134447104,48545792,43813448,41.78,4146751
1770225929444,2108.75,581.16,134447104,48545792,43815432,41.79,4146751
1770225929546,2111.61,582.88,134643712,48545792,44033552,41.99,4148089
1770225929646,2111.79,582.93,134660096,48545792,44035536,42.00,4148089
1770225929748,2112.03,583.02,134660096,48545792,44037520,42.00,4148089
1770225929850,2114.66,584.75,134856704,48545792,44255976,42.21,4157619
1770225929952,2114.81,584.84,134856704,48545792,44257960,42.21,4157619
1770225930054,2120.18,587.35,135069696,48545792,44476232,42.42,4158957
1770225930156,2120.28,587.40,135069696,48545792,44478216,42.42,4158957
1770225930259,2120.45,587.51,135069696,48545792,44480200,42.42,4158957
1770225930361,2122.41,588.60,135282688,48545792,44698752,42.63,4168487
1770225930463,2122.57,588.70,135282688,48545792,44700736,42.63,4168487
1770225930566,2124.16,590.39,135495680,48545792,44918800,42.84,4169825
1770225930668,2124.42,590.48,135495680,48545792,44920784,42.84,4169825
1770225930768,2128.01,591.72,135921664,52477952,43935536,41.90,4136562
1770225930871,2130.53,593.55,135921664,52477952,44154088,42.11,4146092
1770225930973,2130.70,593.62,135921664,52477952,44156096,42.11,4146092
1770225931076,2133.48,595.46,135921664,52477952,44374352,42.32,4147430
1770225931178,2133.60,595.52,135921664,52477952,44376360,42.32,4147430
1770225931278,2133.75,595.61,135921664,52477952,44378352,42.32,4147430
1770225931380,2136.14,597.48,135938048,52477952,44596832,42.53,4156960
1770225931482,2136.29,597.57,135938048,52477952,44598840,42.53,4156960
1770225931584,2138.73,599.46,135938048,52477952,44817256,42.74,4158298
1770225931687,2138.86,599.53,135938048,52477952,44819264,42.74,4158298
1770225931789,2139.01,599.63,135938048,52477952,44821248,42.74,4158298
1770225931890,2141.57,601.46,135938048,52477952,45039752,42.95,4167828
1770225931992,2141.75,601.54,135938048,52477952,45041760,42.96,4167828
1770225932094,2144.49,603.52,136036352,52477952,45260072,43.16,4169166
1770225932196,2144.65,603.62,136052736,52477952,45262080,43.17,4169166
1770225932298,2144.79,603.72,136052736,52477952,45264064,43.17,4169166
1770225932400,2148.14,605.54,136249344,52477952,45482704,43.38,4178696
1770225932503,2148.28,605.63,136249344,52477952,45484712,43.38,4178696
1770225932615,2279.27,619.33,173670400,97583104,58896336,56.17,4137892
1770225932718,2484.75,622.12,184139776,98369536,76992840,73.43,4128362
1770225932818,2485.51,622.68,184139776,98369536,77104056,73.53,4137225
1770225932920,2485.97,623.15,184139776,98369536,77214016,73.64,4137892
1770225933023,2486.16,623.25,184139776,98369536,77216000,73.64,4137892
1770225933124,2493.64,625.20,184139776,98369536,77439592,73.85,4139230
1770225933225,2493.87,625.29,184139776,98369536,77441600,73.85,4139230
1770225933325,2496.41,626.33,184139776,98369536,77552376,73.96,4148093
1770225933425,2497.27,627.31,184205312,98369536,77662056,74.06,4148760
1770225933527,2497.44,627.42,184221696,98369536,77664064,74.07,4148760
1770225933629,2511.64,629.41,184483840,98369536,77916824,74.31,4150098
1770225933730,2511.77,629.47,184483840,98369536,77918832,74.31,4150098
1770225933832,2513.90,630.87,184582144,98369536,78026248,74.41,4158961
1770225933934,2522.82,631.61,184696832,98369536,78132952,74.51,4159628
1770225934037,2523.06,631.75,184713216,98369536,78134960,74.52,4159628
1770225934137,2525.68,633.71,184926208,98369536,78346504,74.72,4160966
1770225934239,2525.84,633.79,184926208,98369536,78348512,74.72,4160966
1770225934340,2531.93,637.04,185892864,99418112,63762064,60.81,4170496
1770225934442,2532.10,637.10,185892864,99418112,63764072,60.81,4170496
1770225934545,2532.39,637.24,185892864,99418112,63766056,60.81,4170496
1770225934647,2535.27,639.41,185892864,99418112,63977608,61.01,4139230
1770225934750,2535.44,639.50,185892864,99418112,63979592,61.02,4139230
1770225934851,2540.41,641.11,185909248,99418112,64191992,61.22,4148760
1770225934953,2540.61,641.18,185909248,99418112,64193976,61.22,4148760
1770225935056,2540.84,641.31,185909248,99418112,64195960,61.22,4148760
1770225935157,2543.50,642.99,185909248,99418112,64407456,61.42,4150098
1770225935260,2543.65,643.11,185909248,99418112,64409440,61.43,4150098
1770225935361,2546.20,644.81,185909248,99418112,64621160,61.63,4159628
1770225935464,2546.31,644.86,185909248,99418112,64623144,61.63,4159628
1770225935566,2546.45,644.94,185909248,99418112,64625128,61.63,4159628
1770225935667,2548.63,646.57,185925632,99418112,64836552,61.83,4160966
1770225935769,2548.80,646.66,185925632,99418112,64838536,61.83,4160966
1770225935871,2551.02,648.43,185925632,99418112,65050264,62.04,4170496
1770225935974,2551.15,648.51,185925632,99418112,65052248,62.04,4170496
1770225936073,2551.33,648.58,185925632,99418112,65054232,62.04,4170496
1770225936175,2553.89,650.19,185925632,99418112,65265744,62.24,4171834
1770225936277,2554.05,650.28,185925632,99418112,65267752,62.24,4171834
1770225936378,2556.60,652.11,185925632,99418112,65479464,62.45,4181364
1770225936479,2556.70,652.16,185925632,99418112,65481472,62.45,4181364
1770225936581,2556.83,652.25,185925632,99418112,65483456,62.45,4181364
1770225936684,2559.29,654.01,185925632,99418112,65695144,62.65,4182702
1770225936786,2559.48,654.11,185925632,99418112,65697152,62.65,4182702
1770225936888,2562.14,656.04,185925632,99418112,65908968,62.86,4192232
1770225936990,2562.32,656.11,185925632,99418112,65910976,62.86,4192232
1770225937093,2562.55,656.20,185925632,99418112,65912960,62.86,4192232
1770225937195,2564.85,658.06,185942016,99418112,66124640,63.06,4193570
1770225937297,2565.01,658.15,185942016,99418112,66126648,63.06,4193570
1770225937398,2567.47,659.87,185942016,99418112,66338528,63.27,4203100
1770225937501,2567.60,659.94,185942016,99418112,66340536,63.27,4203100
1770225937603,2567.74,660.03,185942016,99418112,66342520,63.27,4203100
1770225937704,2570.01,661.80,185942016,99418112,66554144,63.47,4204438
1770225937805,2570.13,661.88,185942016,99418112,66556152,63.47,4204438
1770225937907,2573.26,664.12,185958400,99418112,66800672,63.71,4213968
1770225938007,2573.41,664.21,185958400,99418112,66802680,63.71,4213968
1770225938108,2573.54,664.29,185958400,99418112,66804664,63.71,4213968
1770225938210,2575.96,665.95,185958400,99418112,67016256,63.91,4215306
1770225938312,2576.11,666.04,185958400,99418112,67018264,63.91,4215306
1770225938414,2578.80,667.78,185958400,99418112,67230160,64.12,4224836
1770225938517,2578.95,667.84,185958400,99418112,67232168,64.12,4224836
1770225938617,2579.16,667.95,185958400,99418112,67234152,64.12,4224836
1770225938717,2581.43,669.80,185958400,99418112,67445712,64.32,4226174
1770225938819,2581.60,669.90,185958400,99418112,67447720,64.32,4226174
1770225938922,2584.13,671.83,185974784,99418112,67659600,64.53,4235704
1770225939024,2584.29,671.91,185974784,99418112,67661608,64.53,4235704
1770225939126,2584.50,671.99,185974784,99418112,67663592,64.53,4235704
1770225939229,2587.12,673.77,185974784,99418112,67875264,64.73,4237042
1770225939329,2587.29,673.87,185974784,99418112,67877272,64.73,4237042
1770225939430,2589.82,675.64,185991168,99418112,68089104,64.93,4246572
1770225939533,2589.95,675.73,185991168,99418112,68091112,64.94,4246572
1770225939634,2590.07,675.81,185991168,99418112,68093096,64.94,4246572
1770225939736,2592.39,677.47,185991168,99418112,68304784,65.14,4247910
1770225939839,2592.51,677.54,185991168,99418112,68306792,65.14,4247910
1770225939940,2595.60,679.35,186023936,99418112,68518656,65.34,4257440
1770225940042,2595.72,679.43,186023936,99418112,68520664,65.35,4257440
1770225940144,2597.42,680.62,186023936,99418112,68627936,65.45,4258111
1770225940245,2598.23,681.40,186023936,99418112,68734200,65.55,4258778
1770225940347,2598.34,681.47,186023936,99418112,68736208,65.55,4258778
1770225940449,2600.36,683.13,186023936,99418112,68948064,65.75,4268308
1770225940551,2600.48,683.21,186023936,99418112,68950072,65.76,4268308
1770225940651,2604.22,685.04,186023936,99418112,69161608,65.96,4269646
1770225940754,2680.36,692.65,147062784,59817984,41723360,39.79,4135216
1770225940855,2680.52,692.71,147062784,59817984,41725416,39.79,4135216
1770225940957,2684.88,694.67,147062784,59817984,41969496,40.03,4144746
1770225941059,2685.05,694.77,147062784,59817984,41971504,40.03,4144746
1770225941160,2687.64,696.58,147062784,59817984,42193224,40.24,4146084
1770225941262,2687.83,696.66,147062784,59817984,42195232,40.24,4146084
1770225941364,2761.15,703.45,131219456,45137920,41236096,39.33,4135216
1770225941466,2765.04,705.14,131465216,45137920,41545840,39.62,4144746
1770225941567,2765.21,705.25,131465216,45137920,41547848,39.62,4144746
1770225941667,2772.62,707.04,131710976,45137920,41785240,39.85,4146084
1770225941769,2772.72,707.09,131710976,45137920,41787248,39.85,4146084
1770225941872,2772.88,707.20,131710976,45137920,41789232,39.85,4146084
1770225941973,2841.19,712.74,131219456,44875776,41234168,39.32,4135216
1770225942075,2841.36,712.80,131219456,44875776,41236224,39.33,4135216
1770225942177,2844.89,714.63,131465216,44875776,41581688,39.66,4136554
1770225942280,2845.00,714.71,131465216,44875776,41583696,39.66,4136554
1770225942381,2845.14,714.80,131465216,44875776,41585680,39.66,4136554
1770225942482,2847.77,716.66,131678208,44875776,41812256,39.88,4146084
1770225942584,2847.94,716.77,131694592,44875776,41814264,39.88,4146084
1770225942687,2853.68,718.87,131923968,44875776,42041056,40.09,4147422
1770225942788,2853.85,718.95,131923968,44875776,42043064,40.10,4147422
1770225942889,2854.11,719.07,131923968,44875776,42045048,40.10,4147422
1770225942991,2858.98,721.26,132497408,48021504,41424016,39.51,4156952
1770225943093,2859.14,721.37,132497408,48021504,41426024,39.51,4156952
1770225943196,2861.53,723.11,132726784,48021504,41652400,39.72,4146751
1770225943297,2861.65,723.21,132743168,48021504,41654408,39.72,4146751
1770225943399,2861.81,723.31,132743168,48021504,41656392,39.73,4146751
1770225943501,2864.54,725.39,132956160,48021504,41882968,39.94,4156281
1770225943603,2864.70,725.50,132956160,48021504,41884976,39.94,4156281
1770225943706,2867.31,727.38,133169152,48021504,42111368,40.16,4157619
1770225943807,2867.45,727.48,133169152,48021504,42113376,40.16,4157619
1770225943909,2867.59,727.57,133169152,48021504,42115360,40.16,4157619
1770225944012,2870.45,729.60,133398528,48021504,42341904,40.38,4167149
1770225944113,2870.58,729.69,133398528,48021504,42343912,40.38,4167149
1770225944215,2874.72,731.48,133611520,48021504,42575448,40.60,4168487
1770225944317,2874.90,731.55,133627904,48021504,42577456,40.61,4168487
1770225944420,2875.21,731.68,133627904,48021504,42579440,40.61,4168487
1770225944521,2878.10,733.67,133840896,48021504,42805696,40.82,4178017
1770225944623,2878.26,733.76,133840896,48021504,42807704,40.82,4178017
1770225944726,2880.88,735.56,134070272,48021504,43033720,41.04,4179355
1770225944827,2880.98,735.62,134070272,48021504,43035728,41.04,4179355
1770225944929,2881.11,735.70,134070272,48021504,43037712,41.04,4179355
1770225945031,2885.47,737.55,134283264,48021504,41683080,39.75,4188885
1770225945134,2885.61,737.64,134283264,48021504,41685088,39.75,4188885
1770225945235,2888.47,739.63,134299648,48021504,41911232,39.97,4146084
1770225945337,2888.60,739.71,134299648,48021504,41913216,39.97,4146084
1770225945439,2888.76,739.79,134299648,48021504,41915200,39.97,4146084
1770225945542,2897.25,741.61,134381568,48021504,42316408,40.36,4155614
1770225945643,2897.51,741.76,134381568,48021504,42318416,40.36,4155614
1770225945745,2900.65,743.89,134397952,48021504,42544320,40.57,4156952
1770225945847,2900.79,743.98,134397952,48021504,42546304,40.58,4156952
1770225945947,2900.91,744.06,134397952,48021504,42548288,40.58,4156952
1770225946050,2905.18,746.06,134610944,48021504,42775136,40.79,4166482
1770225946152,2905.31,746.16,134610944,48021504,42777144,40.80,4166482
1770225946253,2907.82,747.84,134823936,48021504,43002712,41.01,4167820
1770225946355,2907.93,747.92,134823936,48021504,43004720,41.01,4167820
1770225946458,2909.98,749.55,134938624,48021504,43119256,41.12,4176683
1770225946559,2911.38,750.36,135036928,48021504,43232472,41.23,4177350
1770225946660,2911.50,750.45,135053312,48021504,43234480,41.23,4177350
1770225946761,2914.32,752.14,135282688,48021504,43460072,41.45,4178688
1770225946862,2914.49,752.23,135282688,48021504,43462080,41.45,4178688
1770225946964,2916.59,753.46,135380992,48021504,43576544,41.56,4187551
1770225947066,2919.47,754.39,135462912,48283648,42223888,40.27,4188218
1770225947168,2919.67,754.50,135462912,48283648,42225896,40.27,4188218
1770225947269,2922.47,756.38,135479296,48283648,42451936,40.49,4146751
1770225947371,2922.59,756.46,135479296,48283648,42453920,40.49,4146751
1770225947471,2927.31,758.45,135479296,48283648,42686512,40.71,4156281
1770225947573,2927.39,758.50,135479296,48283648,42688496,40.71,4156281
1770225947676,2927.56,758.59,135479296,48283648,42690480,40.71,4156281
1770225947777,2930.42,760.49,135479296,48283648,42915704,40.93,4157619
1770225947879,2930.57,760.58,135479296,48283648,42917688,40.93,4157619
1770225947980,2933.16,762.34,135479296,48283648,43143184,41.14,4167149
1770225948081,2933.24,762.39,135479296,48283648,43145168,41.15,4167149
1770225948184,2933.37,762.47,135479296,48283648,43147152,41.15,4167149
1770225948286,2935.92,764.34,135479296,48283648,43372400,41.36,4168487
1770225948388,2936.07,764.42,135479296,48283648,43374384,41.37,4168487
1770225948490,2942.73,766.43,135495680,48283648,43600240,41.58,4178017
1770225948592,2942.83,766.48,135495680,48283648,43602224,41.58,4178017
1770225948693,2942.95,766.55,135495680,48283648,43604208,41.58,4178017
1770225948795,2945.62,768.31,135495680,48283648,43829424,41.80,4179355
1770225948897,2945.81,768.41,135495680,48283648,43831408,41.80,4179355
1770225948999,2950.93,771.45,132595712,45400064,42569160,40.60,4154276
1770225949101,2951.08,771.53,132595712,45400064,42571168,40.60,4154276
1770225949204,2951.21,771.61,132595712,45400064,42573216,40.60,4154276
1770225949305,2953.72,773.40,132595712,45400064,42798448,40.82,4155614
1770225949407,2953.86,773.48,132595712,45400064,42800432,40.82,4155614
1770225949510,2956.55,775.21,132595712,45400064,43026008,41.03,4165144
1770225949612,2956.65,775.26,132595712,45400064,43028016,41.03,4165144
1770225949713,2956.78,775.34,132595712,45400064,43030000,41.04,4165144
1770225949815,2960.36,777.25,133365760,48807936,42614320,40.64,4146084
1770225949917,2960.58,777.36,133365760,48807936,42616304,40.64,4146084
1770225950020,2963.24,779.36,133578752,48807936,42841728,40.86,4155614
1770225950121,2963.38,779.43,133578752,48807936,42843712,40.86,4155614
1770225950223,2963.51,779.52,133578752,48807936,42845696,40.86,4155614
1770225950325,2966.71,782.05,133808128,48807936,43070880,41.08,4156952
1770225950427,2966.84,782.13,133808128,48807936,43072864,41.08,4156952
1770225950529,2969.52,783.74,134021120,48807936,43298336,41.29,4166482
1770225950632,2969.62,783.80,134021120,48807936,43300320,41.29,4166482
1770225950734,2969.81,783.88,134021120,48807936,43302304,41.30,4166482
1770225950837,2972.71,785.72,134234112,48807936,43527592,41.51,4167820
1770225950938,2972.87,785.81,134234112,48807936,43529576,41.51,4167820
1770225951039,2976.97,789.02,134447104,48807936,43755512,41.73,4177350
1770225951142,2977.09,789.10,134447104,48807936,43757496,41.73,4177350
1770225951243,2977.22,789.18,134463488,48807936,43759480,41.73,4177350
1770225951344,2991.82,791.49,134692864,48807936,43997760,41.96,4178688
1770225951446,2992.03,791.57,134692864,48807936,43999744,41.96,4178688
1770225951548,2994.58,793.35,134922240,48807936,44224160,42.18,4188218
1770225951649,2994.70,793.42,134922240,48807936,44226144,42.18,4188218
1770225951752,2994.83,793.50,134922240,48807936,44228128,42.18,4188218
1770225951854,2998.80,795.31,135135232,48807936,42858888,40.87,4189556
1770225951956,2998.95,795.39,135135232,48807936,42860896,40.88,4189556
1770225952056,3003.12,797.52,135151616,48807936,43085664,41.09,4154943
1770225952157,3003.27,797.60,135151616,48807936,43087672,41.09,4154943
1770225952259,3003.43,797.70,135151616,48807936,43089656,41.09,4154943
1770225952362,3008.36,799.75,135151616,48807936,43313776,41.31,4156281
1770225952463,3008.50,799.83,135151616,48807936,43315760,41.31,4156281
1770225952565,3015.54,801.79,135233536,48807936,43540112,41.52,4165811
1770225952667,3015.68,801.86,135233536,48807936,43542120,41.53,4165811
1770225952767,3015.83,801.95,135233536,48807936,43544104,41.53,4165811
1770225952870,3021.77,803.80,135462912,48807936,43814472,41.78,4167149
1770225952969,3022.01,803.92,135462912,48807936,43816456,41.79,4167149
1770225953072,3026.74,805.80,135659520,48807936,44039480,42.00,4176679
1770225953173,3026.90,805.89,135659520,48807936,44041488,42.00,4176679
1770225953277,3028.80,807.01,135774208,48807936,44151920,42.11,4177350
1770225953379,3029.58,807.68,135888896,48807936,44261304,42.21,4178017
1770225953482,3029.74,807.76,135888896,48807936,44263288,42.21,4178017
1770225953584,3033.87,809.68,136101888,48807936,44481648,42.42,4187547
1770225953687,3034.01,809.76,136101888,48807936,44483656,42.42,4187547
1770225953786,3039.63,812.08,136462336,49594368,43251432,41.25,4146084
1770225953888,3042.56,812.15,136462336,49594368,43254688,41.25,4146084
1770225953991,3042.70,812.23,136462336,49594368,43256672,41.25,4146084
1770225954092,3044.48,813.78,136511488,49594368,43722752,41.70,4155614
1770225954193,3044.64,813.85,136511488,49594368,43724736,41.70,4155614
1770225954294,3055.95,815.89,136527872,49594368,43957368,41.92,4156952
1770225954396,3056.04,815.94,136527872,49594368,43959352,41.92,4156952
1770225954497,3056.17,816.03,136527872,49594368,43961336,41.92,4156952
1770225954598,3058.82,817.82,136527872,49594368,44179464,42.13,4166482
1770225954698,3059.13,817.99,136527872,49594368,44181448,42.13,4166482
1770225954799,3061.99,820.07,136527872,49594368,44399448,42.34,4167820
1770225954902,3062.09,820.12,136527872,49594368,44401432,42.34,4167820
1770225955004,3062.22,820.20,136527872,49594368,44403416,42.35,4167820
1770225955106,3064.68,822.07,136527872,49594368,44621592,42.55,4177350
1770225955209,3064.82,822.15,136527872,49594368,44623576,42.56,4177350
1770225955310,3067.45,824.10,136544256,49594368,44841520,42.76,4178688
1770225955413,3067.53,824.15,136544256,49594368,44843504,42.77,4178688
1770225955515,3067.65,824.22,136544256,49594368,44845488,42.77,4178688
1770225955616,3071.44,826.05,136822784,49856512,43603888,41.58,4188218
1770225955719,3071.59,826.13,136822784,49856512,43605872,41.59,4188218
1770225955821,3074.19,827.91,136822784,49856512,43823848,41.79,4146084
1770225955922,3074.32,827.99,136822784,49856512,43825832,41.80,4146084
1770225956024,3074.44,828.07,136822784,49856512,43827816,41.80,4146084
1770225956125,3076.83,829.74,136822784,49856512,44045992,42.01,4155614
1770225956227,3077.00,829.81,136822784,49856512,44047976,42.01,4155614
1770225956330,3079.97,831.71,136822784,49856512,44265880,42.22,4156952
1770225956430,3080.14,831.81,136822784,49856512,44267864,42.22,4156952
1770225956531,3080.27,831.89,136822784,49856512,44269848,42.22,4156952
1770225956633,3102.30,834.01,136839168,49856512,44528784,42.47,4166482
1770225956736,3102.42,834.07,136839168,49856512,44530768,42.47,4166482
1770225956837,3104.97,835.74,136839168,49856512,44746728,42.67,4167820
1770225956939,3105.05,835.78,136839168,49856512,44748712,42.68,4167820
1770225957041,3105.18,835.86,136839168,49856512,44750696,42.68,4167820
1770225957143,3136.14,838.60,136904704,49856512,44967664,42.88,4177350
1770225957245,3136.31,838.69,136904704,49856512,44969648,42.89,4177350
1770225957347,3140.04,840.63,137134080,50118656,43901784,41.87,4178688
1770225957448,3140.14,840.67,137134080,50118656,43903768,41.87,4178688
1770225957549,3140.28,840.75,137134080,50118656,43905752,41.87,4178688
1770225957651,3146.59,842.43,137134080,50118656,44119112,42.08,4154276
1770225957754,3146.76,842.52,137134080,50118656,44121096,42.08,4154276
1770225957855,3149.24,844.22,137134080,50118656,44334280,42.28,4155614
1770225957956,3149.37,844.30,137134080,50118656,44336264,42.28,4155614
1770225958058,3149.50,844.38,137134080,50118656,44338248,42.28,4155614
1770225958161,3152.39,846.83,137134080,50118656,44551656,42.49,4165144
1770225958263,3152.56,846.91,137134080,50118656,44553640,42.49,4165144
1770225958365,3154.80,848.69,137150464,50118656,44766848,42.69,4166482
1770225958468,3154.97,848.78,137150464,50118656,44768832,42.69,4166482
1770225958568,3155.15,848.88,137150464,50118656,44770816,42.70,4166482
1770225958670,3165.98,850.77,137150464,50118656,44984864,42.90,4176012
1770225958773,3166.14,850.89,137150464,50118656,44986872,42.90,4176012
1770225958874,3168.63,852.62,137150464,50118656,45197376,43.10,4177350
1770225958977,3168.78,852.69,137150464,50118656,45199360,43.11,4177350
1770225959078,3168.96,852.76,137150464,50118656,45201344,43.11,4177350
1770225959180,3171.58,854.70,137150464,50118656,45412048,43.31,4186880
1770225959283,3171.72,854.77,137150464,50118656,45414056,43.31,4186880
1770225959384,3176.95,856.98,137658368,54575104,44203168,42.16,4188218
1770225959486,3177.11,857.06,137658368,54575104,44205152,42.16,4188218
1770225959590,3179.10,858.23,137658368,54575104,44312080,42.26,4153609
1770225959692,3180.13,859.00,137658368,54575104,44417824,42.36,4154276
1770225959794,3180.26,859.08,137658368,54575104,44419808,42.36,4154276
1770225959896,3182.87,861.06,137658368,54575104,44630352,42.56,4155614
1770225959996,3183.00,861.13,137658368,54575104,44632336,42.56,4155614
1770225960096,3187.38,862.27,137658368,54575104,44739264,42.67,4164477
1770225960198,3189.60,862.95,137658368,54575104,44845592,42.77,4165144
1770225960300,3189.73,863.02,137658368,54575104,44847576,42.77,4165144
1770225960402,3193.41,864.72,137674752,54575104,45058152,42.97,4166482
1770225960504,3193.62,864.81,137674752,54575104,45060136,42.97,4166482
1770225960605,3196.13,866.69,137674752,54575104,45270640,43.17,4176012
1770225960707,3196.36,866.76,137674752,54575104,45273296,43.18,4176012
1770225960809,3196.57,866.87,137674752,54575104,45275280,43.18,4176012
1770225960911,3199.01,868.22,137674752,54575104,45485448,43.38,4177350
1770225961014,3199.28,868.34,137674752,54575104,45487432,43.38,4177350
1770225961115,3202.02,870.13,137674752,54575104,45697896,43.58,4186880
1770225961217,3202.22,870.20,137674752,54575104,45699880,43.58,4186880
1770225961320,3202.52,870.33,137674752,54575104,45701864,43.58,4186880
1770225961421,3204.56,872.11,137707520,54575104,45912040,43.79,4188218
1770225961524,3204.73,872.21,137707520,54575104,45914024,43.79,4188218
1770225961625,3207.92,874.84,137936896,54575104,46124440,43.99,4197748
1770225961727,3208.01,874.89,137936896,54575104,46126448,43.99,4197748
1770225961830,3208.13,874.97,137936896,54575104,46128432,43.99,4197748
1770225961932,3220.15,877.04,138133504,54575104,46346264,44.20,4199086
1770225962033,3220.30,877.13,138133504,54575104,46348272,44.20,4199086
1770225962135,3222.57,878.96,138330112,54575104,46558744,44.40,4208616
1770225962238,3222.72,879.05,138330112,54575104,46560752,44.40,4208616
1770225962337,3222.85,879.13,138346496,54575104,46562736,44.41,4208616
1770225962439,3236.80,881.13,138559488,54575104,46798800,44.63,4209954
1770225962541,3236.98,881.19,138559488,54575104,46800808,44.63,4209954
1770225962642,3288.28,887.19,158695424,71614464,52670432,50.23,4145417
1770225962743,3546.69,895.12,183762944,97304576,75773048,72.26,4135883
1770225962845,3546.75,895.16,183762944,97304576,75775056,72.26,4135883
1770225962947,3549.27,896.68,183779328,97304576,75984816,72.46,4137221
1770225963050,3549.50,896.81,183779328,97304576,75986824,72.47,4137221
1770225963153,3553.28,898.78,183779328,97304576,76196792,72.67,4146751
1770225963255,3553.39,898.84,183779328,97304576,76198800,72.67,4146751
1770225963356,3553.53,898.92,183779328,97304576,76200784,72.67,4146751
1770225963458,3557.08,900.70,183779328,97304576,76410512,72.87,4148089
1770225963558,3557.24,900.79,183779328,97304576,76412520,72.87,4148089
1770225963661,3559.66,902.55,183795712,97304576,76622536,73.07,4157619
1770225963763,3559.76,902.60,183795712,97304576,76624544,73.07,4157619
1770225963863,3559.90,902.69,183795712,97304576,76626528,73.08,4157619
1770225963965,3562.93,905.16,183795712,97304576,76836344,73.28,4158957
1770225964066,3563.23,905.32,183795712,97304576,76838352,73.28,4158957
1770225964168,3572.05,909.30,185024512,98877440,63861768,60.90,4168487
1770225964270,3572.24,909.39,185024512,98877440,63863776,60.91,4168487
1770225964373,3572.48,909.51,185024512,98877440,63865760,60.91,4168487
1770225964474,3575.27,911.59,185024512,98877440,64075552,61.11,4146751
1770225964577,3575.55,911.71,185024512,98877440,64077536,61.11,4146751
1770225964678,3578.23,913.61,185024512,98877440,64287552,61.31,4156281
1770225964781,3578.45,913.71,185024512,98877440,64289560,61.31,4156281
1770225964882,3578.74,913.84,185024512,98877440,64291544,61.31,4156281
1770225964985,3581.37,915.86,185040896,98877440,64501352,61.51,4157619
1770225965086,3581.66,916.00,185040896,98877440,64503336,61.52,4157619
1770225965189,3584.53,918.01,185040896,98877440,64713304,61.72,4167149
1770225965290,3584.80,918.12,185040896,98877440,64715312,61.72,4167149
1770225965392,3585.08,918.27,185040896,98877440,64717296,61.72,4167149
1770225965495,3588.04,920.30,185040896,98877440,64927056,61.92,4168487
1770225965596,3588.32,920.44,185040896,98877440,64929040,61.92,4168487
1770225965697,3591.11,922.30,185040896,98877440,65139088,62.12,4178017
1770225965800,3591.41,922.41,185040896,98877440,65141096,62.12,4178017
1770225965903,3593.56,924.20,185040896,98877440,65247448,62.22,4178688
1770225966005,3594.81,924.97,185040896,98877440,65352888,62.33,4179355
1770225966108,3595.11,925.11,185040896,98877440,65354896,62.33,4179355
1770225966210,3598.01,927.20,185057280,98877440,65564912,62.53,4188885
1770225966312,3598.30,927.32,185057280,98877440,65566920,62.53,4188885
1770225966413,3601.00,929.20,185057280,98877440,65776936,62.73,4190223
1770225966515,3601.18,929.26,185057280,98877440,65778944,62.73,4190223
1770225966618,3601.48,929.41,185057280,98877440,65780928,62.73,4190223
1770225966720,3604.20,931.24,185057280,98877440,65990896,62.93,4199753
1770225966822,3604.42,931.34,185057280,98877440,65992904,62.94,4199753
1770225966924,3606.97,933.12,185057280,98877440,66202728,63.14,4201091
1770225967026,3607.11,933.17,185057280,98877440,66204736,63.14,4201091
1770225967128,3607.37,933.28,185057280,98877440,66206720,63.14,4201091
1770225967230,3610.10,935.28,185057280,98877440,66416752,63.34,4210621
1770225967332,3610.25,935.38,185057280,98877440,66418760,63.34,4210621
1770225967433,3617.58,937.40,185090048,98877440,66629240,63.54,4211959
1770225967535,3617.68,937.45,185090048,98877440,66631248,63.54,4211959
1770225967637,3617.85,937.55,185090048,98877440,66633232,63.55,4211959
1770225967740,3620.25,939.31,185090048,98877440,66843248,63.75,4221489
1770225967841,3620.42,939.40,185090048,98877440,66845256,63.75,4221489
1770225967943,3627.10,941.35,185106432,98877440,67055880,63.95,4222827
1770225968046,3627.23,941.43,185106432,98877440,67057888,63.95,4222827
1770225968147,3627.34,941.51,185106432,98877440,67059872,63.95,4222827
1770225968249,3629.74,943.51,185106432,98877440,67269784,64.15,4232357
1770225968350,3629.88,943.59,185106432,98877440,67271792,64.16,4232357
1770225968452,3632.29,945.50,185106432,98877440,67481576,64.36,4233695
1770225968553,3632.43,945.58,185106432,98877440,67483584,64.36,4233695
1770225968655,3632.55,945.66,185106432,98877440,67485568,64.36,4233695
1770225968757,3634.77,947.40,185106432,98877440,67695568,64.56,4243225
1770225968859,3634.91,947.48,185106432,98877440,67697576,64.56,4243225
1770225968961,3638.36,949.12,185122816,98877440,67907528,64.76,4244563
1770225969063,3638.49,949.17,185122816,98877440,67909536,64.76,4244563
1770225969165,3638.66,949.25,185122816,98877440,67911520,64.77,4244563
1770225969267,3641.16,951.04,185122816,98877440,68121440,64.97,4254093
1770225969369,3641.29,951.12,185122816,98877440,68123448,64.97,4254093
1770225969471,3643.66,952.84,185122816,98877440,68333320,65.17,4255431
1770225969573,3643.78,952.92,185122816,98877440,68335328,65.17,4255431
1770225969676,3643.89,952.99,185122816,98877440,68337312,65.17,4255431
1770225969778,3646.13,954.79,185122816,98877440,68547224,65.37,4264961
1770225969878,3646.25,954.88,185122816,98877440,68549232,65.37,4264961
1770225969980,3648.52,956.55,185122816,98877440,68759272,65.57,4266299
1770225970081,3648.63,956.63,185122816,98877440,68761280,65.58,4266299
1770225970183,3648.75,956.71,185122816,98877440,68763264,65.58,4266299
1770225970286,3652.31,958.60,185139200,98877440,68973400,65.78,4275829
1770225970387,3652.43,958.68,185139200,98877440,68975408,65.78,4275829
1770225970489,3656.43,960.63,185155584,98877440,69185328,65.98,4277167
1770225970592,3656.56,960.71,185155584,98877440,69187336,65.98,4277167
1770225970694,3656.68,960.79,185155584,98877440,69189320,65.98,4277167
1770225970794,3723.41,971.11,142442496,55099392,41728280,39.80,4135216
1770225970897,3723.58,971.17,142442496,55099392,41732568,39.80,4135216
1770225970999,3727.86,972.99,142442496,55099392,42229816,40.27,4136554
1770225971100,3727.97,973.05,142442496,55099392,42231824,40.28,4136554
1770225971201,3728.12,973.11,142442496,55099392,42233808,40.28,4136554
1770225971303,3737.96,975.03,142442496,55099392,42475800,40.51,4146084
1770225971405,3818.26,982.26,132333568,45400064,41558952,39.63,4135216
1770225971507,3822.43,984.08,132595712,45400064,41844840,39.91,4136554
1770225971609,3822.66,984.18,132595712,45400064,41846848,39.91,4136554
1770225971711,3824.73,985.38,132694016,45400064,41961200,40.02,4145417
1770225971814,3825.50,985.98,132808704,45400064,42074336,40.13,4146084
1770225971915,3825.65,986.07,132808704,45400064,42076344,40.13,4146084
1770225972015,3894.01,990.54,133873664,45137920,41451712,39.53,4135216
1770225972118,3904.44,991.87,133038080,45137920,41545624,39.62,4135216
1770225972219,3907.55,993.43,133038080,45137920,41721232,39.79,4144079
1770225972320,3908.51,994.28,133038080,45137920,41834368,39.90,4144746
1770225972422,3908.79,994.39,133038080,45137920,41836376,39.90,4144746
1770225972524,3913.30,996.26,133054464,45137920,42122112,40.17,4146084
1770225972626,3913.60,996.35,133054464,45137920,42124120,40.17,4146084
1770225972726,3922.90,998.87,133054464,45137920,42349752,40.39,4155614
1770225972827,3923.05,998.93,133054464,45137920,42351760,40.39,4155614
1770225972928,3923.30,999.07,133054464,45137920,42353744,40.39,4155614
1770225973030,3927.13,1001.28,133496832,46186496,41716536,39.78,4156952
1770225973132,3927.31,1001.38,133496832,46186496,41718544,39.79,4156952
1770225973233,3929.22,1002.79,133742592,46186496,42009304,40.06,4154943
1770225973336,3929.34,1002.85,133742592,46186496,42011312,40.07,4154943
1770225973437,3929.56,1002.98,133742592,46186496,42013296,40.07,4154943
1770225973538,3932.30,1005.12,133955584,46186496,42238376,40.28,4156281
1770225973640,3932.44,1005.21,133955584,46186496,42240384,40.28,4156281
1770225973742,3936.83,1007.77,134168576,46186496,41841600,39.90,4165811
1770225973844,3936.98,1007.84,134168576,46186496,41843608,39.91,4165811
1770225973945,3937.17,1007.93,134168576,46186496,41845592,39.91,4165811
1770225974048,3939.95,1009.62,134168576,46186496,42070840,40.12,4146084
1770225974149,3940.08,1009.72,134168576,46186496,42072824,40.12,4146084
1770225974251,3942.74,1011.10,134168576,46186496,42298232,40.34,4155614
1770225974353,3942.99,1011.19,134168576,46186496,42300216,40.34,4155614
1770225974456,3943.26,1011.26,134168576,46186496,42302200,40.34,4155614
1770225974558,3945.51,1012.87,134168576,46186496,42527208,40.56,4156952
1770225974660,3945.78,1013.01,134168576,46186496,42529192,40.56,4156952
1770225974763,3949.96,1015.13,134184960,46186496,41978392,40.03,4166482
1770225974862,3950.09,1015.21,134184960,46186496,41980400,40.04,4166482
1770225974964,3950.21,1015.28,134184960,46186496,41982384,40.04,4166482
1770225975065,3953.12,1017.16,134184960,46186496,42207472,40.25,4146751
1770225975166,3953.27,1017.26,134184960,46186496,42209480,40.25,4146751
1770225975268,3956.14,1019.13,134184960,46186496,42435288,40.47,4156281
1770225975371,3956.27,1019.21,134184960,46186496,42437272,40.47,4156281
1770225975472,3956.41,1019.27,134184960,46186496,42439256,40.47,4156281
1770225975574,3964.90,1021.16,134266880,46186496,42850328,40.87,4157619
1770225975676,3966.82,1021.33,134266880,46186496,42245104,40.29,4157619
1770225975778,3969.43,1023.16,134266880,46186496,42470304,40.50,4154276
1770225975880,3969.57,1023.25,134266880,46186496,42472312,40.50,4154276
1770225975982,3969.71,1023.34,134266880,46186496,42474296,40.51,4154276
1770225976085,3973.68,1025.07,134266880,46186496,42699432,40.72,4155614
1770225976186,3973.80,1025.16,134266880,46186496,42701416,40.72,4155614
1770225976288,3976.57,1027.03,134283264,46186496,42926208,40.94,4165144
1770225976390,3976.68,1027.11,134283264,46186496,42928216,40.94,4165144
1770225976493,3976.81,1027.20,134283264,46186496,42930200,40.94,4165144
1770225976594,3979.59,1029.07,134283264,46186496,43154808,41.16,4166482
1770225976696,3979.72,1029.17,134283264,46186496,43156792,41.16,4166482
1770225976798,3983.75,1030.93,134397952,46710784,42614200,40.64,4154276
1770225976900,3983.90,1031.02,134397952,46710784,42616184,40.64,4154276
1770225977003,3984.03,1031.11,134397952,46710784,42618168,40.64,4154276
1770225977104,3986.81,1032.87,134397952,46710784,42842816,40.86,4155614
1770225977206,3987.04,1032.98,134397952,46710784,42844800,40.86,4155614
1770225977308,3989.78,1034.92,134397952,46710784,43069704,41.07,4165144
1770225977410,3990.00,1035.02,134397952,46710784,43071688,41.08,4165144
1770225977512,3990.29,1035.10,134397952,46710784,43073672,41.08,4165144
1770225977614,3994.19,1036.78,134660096,48807936,42754672,40.77,4146084
1770225977716,3994.45,1036.89,134660096,48807936,42756656,40.78,4146084
1770225977819,3996.76,1038.23,134676480,48807936,42981512,40.99,4155614
1770225977920,3997.02,1038.34,134676480,48807936,42983496,40.99,4155614
1770225978023,3998.63,1039.18,134676480,48807936,43097256,41.10,4156285
1770225978124,3999.50,1039.83,134676480,48807936,43210032,41.21,4156952
1770225978227,3999.76,1039.92,134676480,48807936,43212016,41.21,4156952
1770225978328,4001.76,1041.23,134709248,48807936,43436832,41.42,4166482
1770225978430,4002.01,1041.32,134709248,48807936,43438816,41.43,4166482
1770225978530,4004.58,1042.96,134922240,48807936,43663408,41.64,4167820
1770225978632,4004.75,1043.04,134922240,48807936,43665416,41.64,4167820
1770225978734,4005.01,1043.13,134922240,48807936,43667400,41.64,4167820
1770225978836,4010.42,1044.56,135151616,48807936,43892872,41.86,4177350
1770225978939,4010.67,1044.66,135151616,48807936,43894880,41.86,4177350
1770225979040,4013.01,1046.24,135380992,48807936,44119544,42.08,4178688
1770225979143,4013.27,1046.36,135380992,48807936,44121552,42.08,4178688
1770225979242,4013.51,1046.45,135380992,48807936,44123536,42.08,4178688
1770225979344,4018.04,1049.04,135675904,48807936,42790152,40.81,4188218
1770225979446,4018.18,1049.12,135675904,48807936,42792160,40.81,4188218
1770225979548,4021.09,1051.23,135675904,48807936,43016768,41.02,4146084
1770225979650,4021.29,1051.33,135675904,48807936,43018752,41.03,4146084
1770225979752,4021.55,1051.43,135675904,48807936,43020736,41.03,4146084
1770225979854,4026.40,1053.53,135675904,48807936,43245968,41.24,4155614
1770225979956,4026.55,1053.66,135675904,48807936,43247952,41.24,4155614
1770225980058,4029.14,1056.49,135790592,48807936,43472512,41.46,4156952
1770225980160,4029.33,1056.57,135790592,48807936,43474496,41.46,4156952
1770225980263,4029.57,1056.67,135790592,48807936,43476480,41.46,4156952
1770225980365,4032.47,1058.60,136003584,48807936,43701352,41.68,4166482
1770225980467,4032.70,1058.76,136003584,48807936,43703336,41.68,4166482
1770225980569,4034.78,1060.89,136232960,48807936,43928064,41.89,4167820
1770225980671,4034.92,1060.99,136232960,48807936,43930048,41.89,4167820
1770225980774,4035.14,1061.09,136232960,48807936,43932032,41.90,4167820
1770225980875,4037.59,1063.14,136445952,48807936,44156896,42.11,4177350
1770225980977,4037.79,1063.26,136462336,48807936,44158880,42.11,4177350
1770225981079,4047.63,1065.36,136691712,48807936,44384408,42.33,4178688
1770225981181,4047.80,1065.47,136691712,48807936,44386392,42.33,4178688
1770225981283,4047.93,1065.55,136691712,48807936,44388376,42.33,4178688
1770225981385,4058.66,1068.26,134021120,45924352,43143160,41.14,4188218
1770225981487,4058.82,1068.36,134021120,45924352,43145144,41.15,4188218
1770225981590,4061.62,1070.33,134021120,45924352,43369384,41.36,4146751
1770225981691,4061.73,1070.41,134021120,45924352,43371368,41.36,4146751
1770225981793,4061.86,1070.50,134021120,45924352,43373352,41.36,4146751
1770225981896,4063.68,1071.97,134021120,45924352,43597832,41.58,4156281
1770225981997,4063.95,1072.11,134021120,45924352,43599816,41.58,4156281
1770225982099,4065.11,1073.03,134660096,49332224,43204136,41.20,4157619
1770225982201,4065.27,1073.14,134660096,49332224,43206120,41.20,4157619
1770225982304,4065.42,1073.19,134660096,49332224,43208104,41.21,4157619
1770225982405,4070.14,1075.01,134873088,49332224,43432552,41.42,4154943
1770225982507,4070.33,1075.13,134873088,49332224,43434536,41.42,4154943
1770225982609,4081.42,1077.21,135102464,49332224,43659528,41.64,4156281
1770225982711,4081.60,1077.32,135102464,49332224,43661512,41.64,4156281
1770225982812,4089.63,1078.69,135200768,49332224,43774240,41.75,4165144
1770225982914,4093.77,1079.54,135331840,49332224,43885376,41.85,4165811
1770225983017,4093.92,1079.63,135331840,49332224,43887360,41.85,4165811
1770225983118,4096.78,1081.44,135544832,49332224,44103920,42.06,4167149
1770225983220,4096.93,1081.55,135544832,49332224,44105928,42.06,4167149
1770225983321,4102.20,1083.47,135741440,49332224,44322328,42.27,4176679
1770225983423,4102.36,1083.53,135741440,49332224,44324336,42.27,4176679
1770225983526,4102.68,1083.68,135741440,49332224,44326320,42.27,4176679
1770225983627,4105.65,1085.56,135954432,49332224,44542152,42.48,4178017
1770225983729,4105.96,1085.72,135954432,49332224,44544160,42.48,4178017
1770225983830,4112.62,1087.76,136167424,49332224,44906512,42.83,4187547
1770225983929,4112.81,1087.85,136167424,49332224,44908520,42.83,4187547
1770225984031,4113.08,1088.00,136183808,49332224,44910504,42.83,4187547
1770225984133,4116.47,1090.86,136413184,49332224,45126408,43.04,4188885
1770225984236,4116.76,1091.00,136413184,49332224,45128416,43.04,4188885
1770225984338,4127.00,1093.07,136642560,49856512,43763048,41.74,4146084
1770225984440,4127.19,1093.15,136642560,49856512,43765032,41.74,4146084
1770225984543,4127.47,1093.31,136642560,49856512,43767016,41.74,4146084
1770225984644,4130.35,1095.24,136642560,49856512,43982808,41.95,4147422
1770225984745,4130.52,1095.35,136642560,49856512,43984816,41.95,4147422
1770225984847,4133.64,1097.80,136658944,49856512,44200904,42.15,4156952
1770225984949,4133.77,1097.89,136658944,49856512,44202888,42.16,4156952
1770225985051,4133.88,1097.97,136658944,49856512,44204872,42.16,4156952
1770225985153,4136.27,1099.76,136790016,49856512,44420704,42.36,4158290
1770225985255,4136.41,1099.85,136806400,49856512,44422712,42.36,4158290
1770225985357,4138.80,1101.44,137003008,49856512,44638800,42.57,4167820
1770225985459,4138.98,1101.53,137003008,49856512,44640784,42.57,4167820
1770225985561,4139.19,1101.61,137003008,49856512,44642768,42.57,4167820
1770225985663,4141.81,1103.42,137232384,49856512,44858752,42.78,4169158
1770225985765,4141.94,1103.51,137232384,49856512,44860760,42.78,4169158
1770225985867,4144.09,1104.75,137691136,50118656,43834256,41.80,4178688
1770225985969,4144.14,1104.78,137691136,50118656,43836240,41.81,4178688
1770225986072,4144.25,1104.82,137691136,50118656,43838224,41.81,4178688
1770225986173,4145.20,1105.60,137691136,50118656,44054016,42.01,4146084
1770225986275,4145.37,1105.68,137691136,50118656,44056008,42.02,4146084
1770225986377,4170.49,1108.37,137707520,50118656,44273592,42.22,4155614
1770225986480,4170.62,1108.43,137707520,50118656,44275576,42.22,4155614
1770225986582,4170.81,1108.56,137707520,50118656,44277560,42.23,4155614
1770225986684,4173.32,1110.32,137723904,50118656,44491488,42.43,4156952
1770225986787,4173.51,1110.43,137723904,50118656,44493472,42.43,4156952
1770225986887,4178.58,1112.21,137723904,50118656,44707864,42.64,4166482
1770225986987,4178.86,1112.29,137723904,50118656,44709848,42.64,4166482
1770225987090,4179.18,1112.43,137723904,50118656,44711832,42.64,4166482
1770225987189,4213.28,1114.67,137740288,50118656,45009472,42.92,4167820
1770225987292,4213.46,1114.77,137740288,50118656,45011456,42.93,4167820
1770225987394,4215.82,1116.49,137740288,50118656,45222520,43.13,4177350
1770225987496,4215.95,1116.58,137740288,50118656,45224504,43.13,4177350
1770225987598,4216.09,1116.67,137740288,50118656,45226488,43.13,4177350
1770225987700,4218.48,1118.56,137756672,50118656,45437256,43.33,4178688
1770225987803,4218.69,1118.65,137756672,50118656,45439240,43.33,4178688
1770225987905,4221.35,1120.35,137756672,50118656,45650232,43.54,4188218
1770225988007,4221.55,1120.45,137756672,50118656,45652216,43.54,4188218
1770225988112,4226.74,1122.32,135086080,47235072,44269304,42.22,4188889
1770225988214,4230.16,1123.08,135086080,47235072,44375312,42.32,4146084
1770225988317,4230.42,1123.19,135086080,47235072,44377296,42.32,4146084
1770225988417,4233.26,1125.39,135086080,47235072,44588448,42.52,4155614
1770225988519,4233.65,1125.51,135086080,47235072,44590432,42.52,4155614
1770225988620,4243.60,1127.34,135086080,47235072,44914128,42.83,4156952
1770225988722,4243.70,1127.39,135086080,47235072,44915608,42.83,4156952
1770225988824,4243.83,1127.48,135086080,47235072,44917088,42.84,4156952
1770225988927,4253.17,1129.66,135839744,50642944,44522864,42.46,4146084
1770225989026,4253.31,1129.76,135839744,50642944,44524344,42.46,4146084
1770225989127,4255.87,1131.64,136052736,50642944,44734384,42.66,4147422
1770225989227,4255.95,1131.70,136052736,50642944,44735864,42.66,4147422
1770225989329,4256.08,1131.79,136052736,50642944,44737344,42.66,4147422
1770225989432,4259.72,1133.55,136265728,50642944,44947656,42.87,4156952
1770225989534,4259.94,1133.68,136265728,50642944,44949136,42.87,4156952
1770225989635,4262.59,1135.68,136462336,50642944,45159240,43.07,4158290
1770225989737,4262.68,1135.73,136478720,50642944,45160720,43.07,4158290
1770225989839,4262.81,1135.83,136478720,50642944,45162200,43.07,4158290
1770225989941,4265.31,1137.64,136675328,50642944,45372472,43.27,4167820
1770225990043,4265.44,1137.72,136675328,50642944,45373952,43.27,4167820
1770225990145,4267.93,1139.61,136871936,50642944,45584064,43.47,4169158
1770225990247,4268.07,1139.70,136871936,50642944,45585544,43.47,4169158
1770225990349,4268.20,1139.77,136871936,50642944,45587024,43.48,4169158
1770225990451,4273.23,1141.49,137068544,50642944,45797864,43.68,4178688
1770225990553,4273.45,1141.57,137068544,50642944,45799344,43.68,4178688
1770225990655,4275.84,1143.51,137297920,50642944,46009432,43.88,4180026
1770225990757,4277.38,1143.77,137314304,50642944,46041056,43.91,4180034
1770225990859,4277.50,1143.87,137314304,50642944,46042560,43.91,4180034
1770225990961,4278.33,1144.87,137527296,50642944,46252824,44.11,4189564
1770225991063,4278.45,1144.95,137527296,50642944,46254328,44.11,4189564
1770225991163,4282.98,1147.02,137691136,50642944,44876688,42.80,4146084
1770225991265,4283.12,1147.11,137691136,50642944,44878192,42.80,4146084
1770225991367,4283.26,1147.21,137691136,50642944,44879672,42.80,4146084
1770225991469,4285.56,1149.29,137691136,50642944,45089936,43.00,4155614
1770225991571,4285.70,1149.39,137691136,50642944,45091416,43.00,4155614
1770225991673,4297.38,1151.29,137691136,50642944,45301640,43.20,4156952
1770225991776,4297.61,1151.38,137691136,50642944,45303120,43.20,4156952
1770225991877,4297.88,1151.50,137691136,50642944,45304600,43.21,4156952
1770225991977,4300.46,1153.52,137838592,50642944,45515184,43.41,4166482
1770225992079,4300.62,1153.62,137838592,50642944,45516664,43.41,4166482
1770225992179,4302.79,1155.49,138051584,50642944,45726712,43.61,4167820
1770225992280,4302.96,1155.60,138051584,50642944,45728192,43.61,4167820
1770225992381,4303.13,1155.70,138051584,50642944,45729672,43.61,4167820
1770225992481,4534.77,1167.80,180813824,97845248,70481568,67.22,4135883
1770225992583,4618.98,1169.05,186499072,98631680,76243056,72.71,4135883
1770225992686,4620.34,1170.47,186499072,98631680,76462248,72.92,4137221
1770225992787,4620.47,1170.56,186499072,98631680,76463752,72.92,4137221
1770225992889,4620.63,1170.67,186499072,98631680,76465232,72.92,4137221
1770225992989,4622.66,1172.51,186499072,98631680,76679320,73.13,4146751
1770225993091,4622.81,1172.61,186499072,98631680,76680824,73.13,4146751
1770225993193,4625.45,1174.08,186499072,98631680,76895072,73.33,4148089
1770225993294,4625.60,1174.18,186499072,98631680,76896576,73.33,4148089
1770225993396,4625.72,1174.25,186499072,98631680,76898056,73.34,4148089
1770225993498,4627.72,1176.02,186515456,98631680,77112064,73.54,4157615
1770225993600,4627.96,1176.17,186515456,98631680,77113568,73.54,4157615
1770225993702,4630.27,1177.96,186515456,98631680,77327520,73.75,4158949
1770225993804,4630.52,1178.10,186515456,98631680,77329024,73.75,4158949
1770225993907,4630.81,1178.28,186515456,98631680,77330504,73.75,4158949
1770225994008,4636.30,1180.48,186515456,98631680,77544664,73.95,4168475
1770225994110,4636.57,1180.63,186515456,98631680,77546168,73.95,4168475
1770225994212,4639.92,1183.16,186515456,98631680,77759936,74.16,4169809
1770225994313,4640.20,1183.29,186515456,98631680,77761440,74.16,4169809
1770225994414,4640.48,1183.42,186515456,98631680,77762920,74.16,4169809
1770225994515,4648.66,1187.11,187809792,100728832,65124696,62.11,4179335
1770225994617,4648.79,1187.18,177569792,100728832,65126216,62.11,4179335
1770225994718,4650.33,1188.55,177569792,100728832,65339992,62.31,4146747
1770225994819,4650.51,1188.62,177455104,100728832,65341512,62.31,4146747
1770225994921,4650.83,1188.77,160071680,100728832,65343008,62.32,4146747
1770225995023,4653.66,1190.43,157057024,100728832,65557008,62.52,4156273
1770225995125,4653.94,1190.52,156991488,100728832,65558528,62.52,4156273
1770225995226,4656.05,1191.94,156991488,100728832,65772368,62.73,4157607
1770225995329,4656.33,1192.04,156991488,100728832,65773888,62.73,4157607
1770225995430,4656.59,1192.15,156991488,100728832,65775384,62.73,4157607
1770225995531,4659.34,1193.68,156991488,100728832,65989360,62.93,4167133
1770225995633,4659.61,1193.79,156991488,100728832,65990880,62.93,4167133
1770225995735,4662.41,1195.31,157007872,100728832,66204760,63.14,4168467
1770225995835,4662.69,1195.44,157007872,100728832,66206280,63.14,4168467
1770225995939,4664.51,1196.29,157007872,100728832,66314632,63.24,4177329
1770225996041,4665.69,1197.00,157007872,100728832,66421720,63.34,4177995
1770225996144,4665.97,1197.11,157007872,100728832,66423240,63.35,4177995
1770225996246,4669.19,1198.75,157007872,100728832,66637176,63.55,4179331
1770225996347,4669.47,1198.86,157007872,100728832,66638696,63.55,4179331
1770225996447,4672.51,1200.47,157007872,100728832,66852720,63.76,4188859
1770225996549,4672.69,1200.55,157007872,100728832,66854240,63.76,4188859
1770225996650,4672.97,1200.63,157007872,100728832,66855736,63.76,4188859
1770225996752,4674.90,1202.19,157007872,100728832,67069536,63.96,4190195
1770225996852,4675.12,1202.29,157007872,100728832,67071056,63.96,4190195
1770225996952,4677.93,1204.28,157007872,100728832,67285056,64.17,4199723
1770225997054,4678.13,1204.37,157007872,100728832,67286576,64.17,4199723
1770225997156,4678.43,1204.51,157007872,100728832,67288072,64.17,4199723
1770225997258,4681.36,1206.40,157007872,100728832,67671848,64.54,4201059
1770225997361,4681.66,1206.53,157007872,100728832,67673368,64.54,4201059
1770225997463,4684.59,1208.35,157007872,100728832,67887400,64.74,4210587
1770225997566,4684.84,1208.45,157007872,100728832,67888920,64.74,4210587
1770225997667,4685.14,1208.60,157007872,100728832,67890416,64.75,4210587
1770225997767,4689.53,1210.65,157024256,100728832,68104024,64.95,4211923
1770225997869,4689.90,1210.81,157024256,100728832,68105544,64.95,4211923
1770225997971,4696.09,1212.87,157024256,100728832,68319416,65.15,4221451
1770225998073,4696.35,1213.01,157024256,100728832,68320936,65.16,4221451
1770225998175,4696.63,1213.15,157024256,100728832,68322432,65.16,4221451
1770225998277,4699.62,1215.56,157040640,100728832,68535872,65.36,4222787
1770225998379,4699.88,1215.70,157040640,100728832,68537392,65.36,4222787
1770225998480,4714.08,1217.84,157040640,100728832,68755176,65.57,4232315
1770225998581,4714.27,1217.92,157040640,100728832,68756696,65.57,4232315
1770225998681,4714.53,1218.06,157040640,100728832,68758200,65.57,4232315
1770225998783,4717.02,1220.08,157057024,100728832,68968880,65.77,4233651
1770225998884,4717.26,1220.20,157057024,100728832,68970400,65.78,4233651
1770225998986,4720.03,1222.31,157057024,100728832,69181376,65.98,4243179
1770225999088,4720.25,1222.43,157057024,100728832,69182896,65.98,4243179
1770225999191,4720.53,1222.58,157057024,100728832,69184392,65.98,4243179
1770225999292,4723.21,1224.54,157057024,100728832,69395176,66.18,4244515
1770225999394,4723.47,1224.66,157057024,100728832,69396696,66.18,4244515
1770225999496,4726.45,1226.73,157057024,100728832,69607688,66.38,4254043
1770225999598,4726.78,1226.89,157057024,100728832,69609208,66.38,4254043
1770225999700,4728.66,1227.05,157057024,100728832,69610928,66.39,4254043
1770225999802,4731.44,1229.00,157057024,100728832,69821664,66.59,4255379
1770225999904,4731.68,1229.13,157057024,100728832,69823168,66.59,4255379
1770226000006,4734.48,1231.07,157057024,100728832,70034048,66.79,4264907
1770226000108,4734.69,1231.19,157057024,100728832,70035568,66.79,4264907
1770226000210,4734.95,1231.33,157057024,100728832,70037064,66.79,4264907
1770226000312,4737.23,1233.05,157073408,100728832,70247840,66.99,4266243
1770226000414,4737.51,1233.20,157073408,100728832,70249360,67.00,4266243
1770226000516,4740.32,1235.32,157073408,100728832,70460288,67.20,4275771
1770226000619,4820.45,1246.76,116293632,59031552,41981744,40.04,4135216
1770226000720,4820.76,1246.89,116293632,59031552,42123016,40.17,4135216
1770226000822,4824.63,1248.74,116293632,59031552,42369400,40.41,4136552
1770226000924,4824.88,1248.85,116293632,59031552,42370904,40.41,4136552
1770226001026,4827.44,1250.63,116293632,59031552,42595392,40.62,4146080
1770226001128,4827.65,1250.74,116293632,59031552,42596896,40.62,4146080
1770226001230,4905.98,1258.86,101793792,45400064,41698704,39.77,4135216
1770226001333,4909.55,1260.65,102039552,45400064,42005224,40.06,4136552
1770226001434,4918.51,1260.94,102055936,45400064,42028608,40.08,4136552
1770226001536,4926.28,1262.94,102268928,45400064,42252696,40.30,4146080
1770226001638,4926.41,1263.05,102268928,45400064,42254200,40.30,4146080
1770226001740,4926.52,1263.14,102268928,45400064,42255680,40.30,4146080
1770226001842,4992.38,1267.94,101728256,45137920,41668464,39.74,4135216
1770226001944,4992.56,1268.04,101744640,45137920,41754664,39.82,4135216
1770226002046,4997.58,1270.07,102006784,45137920,42005816,40.06,4144744
1770226002148,4997.73,1270.18,102006784,45137920,42007320,40.06,4144744
1770226002252,4999.82,1271.47,102121472,45137920,42120608,40.17,4145414
1770226002354,5000.75,1272.28,102219776,45137920,42232896,40.28,4146080
1770226002456,5000.89,1272.37,102219776,45137920,42234400,40.28,4146080
1770226002558,5003.39,1274.13,102449152,45137920,42458776,40.49,4155608
1770226002660,5003.51,1274.24,102449152,45137920,42460280,40.49,4155608
1770226002761,5006.77,1276.29,103006208,48283648,41836856,39.90,4156944
1770226002863,5006.91,1276.35,103006208,48283648,41838360,39.90,4156944
1770226002965,5007.16,1276.48,103006208,48283648,41839840,39.90,4156944
1770226003067,5012.43,1278.46,103251968,48283648,42064088,40.12,4154938
1770226003170,5012.63,1278.57,103251968,48283648,42065592,40.12,4154938
1770226003271,5015.38,1280.41,103464960,48283648,42289600,40.33,4156274
1770226003373,5015.49,1280.47,103481344,48283648,42291104,40.33,4156274
1770226003475,5015.66,1280.59,103481344,48283648,42292584,40.33,4156274
1770226003577,5018.58,1282.04,103694336,48283648,42516800,40.55,4165802
1770226003679,5018.74,1282.11,103694336,48283648,42518304,40.55,4165802
1770226003781,5021.65,1283.96,103907328,48283648,42742328,40.76,4167138
1770226003881,5021.74,1284.03,103907328,48283648,42743832,40.76,4167138
1770226003982,5021.89,1284.11,103907328,48283648,42745312,40.77,4167138
1770226004084,5022.81,1284.84,104136704,48283648,42969464,40.98,4176666
1770226004186,5022.94,1284.90,104136704,48283648,42970968,40.98,4176666
1770226004288,5026.22,1287.58,104349696,48283648,43194896,41.19,4178002
1770226004390,5026.37,1287.66,104366080,48283648,43196488,41.20,4178002
1770226004492,5026.55,1287.76,104366080,48283648,43197968,41.20,4178002
1770226004594,5030.87,1289.83,104579072,48283648,42079184,40.13,4187530
1770226004696,5031.00,1289.92,104579072,48283648,42080688,40.13,4187530
1770226004798,5035.48,1291.67,104579072,48283648,42304672,40.34,4146080
1770226004900,5035.57,1291.72,104579072,48283648,42306152,40.35,4146080
1770226005000,5035.68,1291.80,104579072,48283648,42307632,40.35,4146080
1770226005100,5038.44,1293.53,104579072,48283648,42531240,40.56,4155608
1770226005202,5038.58,1293.62,104579072,48283648,42532720,40.56,4155608
1770226005305,5046.24,1295.49,104579072,48283648,42779560,40.80,4156944
1770226005406,5046.38,1295.57,104579072,48283648,42781040,40.80,4156944
1770226005508,5046.54,1295.67,104579072,48283648,42782520,40.80,4156944
1770226005611,5049.44,1297.39,104824832,48283648,43113520,41.12,4166472
1770226005710,5049.58,1297.49,104824832,48283648,43115024,41.12,4166472
1770226005812,5053.49,1299.26,105037824,48283648,43338520,41.33,4167808
1770226005914,5053.58,1299.32,105037824,48283648,43340024,41.33,4167808
1770226006017,5053.70,1299.39,105037824,48283648,43341504,41.33,4167808
1770226006117,5056.22,1301.24,105250816,48283648,43564640,41.55,4177336
1770226006219,5056.34,1301.34,105250816,48283648,43566144,41.55,4177336
1770226006320,5059.08,1303.32,105496576,48283648,43788960,41.76,4178672
1770226006422,5059.19,1303.40,105496576,48283648,43790464,41.76,4178672
1770226006524,5059.31,1303.49,105496576,48283648,43791944,41.76,4178672
1770226006626,5065.13,1305.56,105676800,48283648,42534208,40.56,4188200
1770226006728,5065.27,1305.66,105676800,48283648,42535712,40.57,4188200
1770226006831,5072.72,1307.65,105676800,48283648,42758856,40.78,4146746
1770226006933,5072.83,1307.74,105676800,48283648,42760360,40.78,4146746
1770226007035,5072.93,1307.83,105676800,48283648,42761840,40.78,4146746
1770226007137,5078.55,1309.72,105676800,48283648,42984920,40.99,4156274
1770226007238,5078.79,1309.83,105676800,48283648,42986400,41.00,4156274
1770226007340,5095.45,1311.75,105709568,48545792,43564448,41.55,4157610
1770226007442,5095.63,1311.85,105709568,48545792,43565920,41.55,4157610
1770226007543,5095.84,1312.00,105709568,48545792,43567368,41.55,4157610
1770226007644,5098.46,1313.76,105709568,48545792,43789680,41.76,4167138
1770226007746,5098.57,1313.85,105709568,48545792,43791128,41.76,4167138
1770226007848,5101.16,1315.32,105709568,48545792,44013280,41.97,4168474
1770226007950,5101.27,1315.41,105709568,48545792,44014752,41.98,4168474
1770226008052,5101.38,1315.50,105709568,48545792,44016200,41.98,4168474
1770226008154,5104.03,1317.45,105709568,48545792,44238512,42.19,4178002
1770226008254,5104.13,1317.54,105709568,48545792,44239960,42.19,4178002
1770226008356,5111.07,1319.60,105873408,48545792,44462208,42.40,4179338
1770226008458,5111.18,1319.69,105873408,48545792,44463680,42.40,4179338
1770226008560,5111.30,1319.78,105873408,48545792,44465128,42.41,4179338
1770226008662,5115.48,1321.89,106250240,49070080,43218656,41.22,4146080
1770226008764,5115.59,1321.97,106250240,49070080,43220104,41.22,4146080
1770226008866,5118.08,1323.58,106250240,49070080,43442240,41.43,4147416
1770226008968,5118.18,1323.67,106250240,49070080,43443712,41.43,4147416
1770226009068,5118.36,1323.77,106250240,49070080,43445160,41.43,4147416
1770226009170,5121.14,1325.74,106250240,49070080,43667528,41.64,4156944
1770226009272,5121.30,1325.85,106250240,49070080,43668976,41.65,4156944
1770226009374,5123.73,1327.65,106250240,49070080,43891248,41.86,4158280
1770226009476,5123.84,1327.74,106250240,49070080,43892720,41.86,4158280
1770226009580,5125.89,1328.90,106250240,49070080,44005200,41.97,4167142
1770226009682,5126.66,1329.50,106250240,49070080,44116448,42.07,4167808
1770226009784,5126.81,1329.61,106250240,49070080,44117896,42.07,4167808
1770226009886,5129.90,1331.97,106250240,49070080,44340040,42.29,4169144
1770226009988,5130.01,1332.06,106250240,49070080,44341512,42.29,4169144
1770226010088,5133.75,1334.02,106496000,49070080,43331328,41.32,4178672
1770226010190,5133.81,1334.07,106496000,49070080,43332776,41.33,4178672
1770226010290,5133.92,1334.15,106496000,49070080,43334224,41.33,4178672
1770226010392,5136.31,1335.88,106496000,49070080,43556384,41.54,4146080
1770226010494,5136.42,1335.98,106496000,49070080,43557832,41.54,4146080
1770226010594,5138.73,1337.73,106496000,49070080,43780144,41.75,4155608
1770226010696,5138.80,1337.79,106496000,49070080,43781592,41.75,4155608
1770226010798,5138.90,1337.87,106496000,49070080,43783040,41.75,4155608
1770226010900,5143.90,1340.35,106496000,49070080,44005728,41.97,4156944
1770226011002,5144.02,1340.46,106496000,49070080,44007176,41.97,4156944
1770226011103,5149.75,1342.06,106496000,49070080,44229600,42.18,4166472
1770226011204,5149.84,1342.13,106496000,49070080,44231072,42.18,4166472
1770226011307,5150.01,1342.23,106496000,49070080,44232520,42.18,4166472
1770226011408,5153.01,1344.31,106512384,49070080,44454432,42.40,4167808
1770226011508,5153.15,1344.42,106512384,49070080,44455880,42.40,4167808
1770226011609,5155.75,1346.12,106512384,49070080,44678096,42.61,4177336
1770226011711,5155.87,1346.17,106512384,49070080,44679544,42.61,4177336
1770226011814,5156.05,1346.26,106512384,49070080,44680992,42.61,4177336
1770226011915,5163.64,1348.30,106512384,49070080,44903016,42.82,4178672
1770226012017,5163.76,1348.40,106512384,49070080,44904464,42.82,4178672
1770226012118,5170.57,1350.67,106708992,49332224,43609848,41.59,4188200
1770226012220,5170.68,1350.74,106708992,49332224,43611296,41.59,4188200
1770226012322,5170.86,1350.85,106708992,49332224,43612744,41.59,4188200
1770226012424,5182.55,1353.22,106725376,49332224,43829824,41.80,4146746
1770226012525,5182.69,1353.32,106725376,49332224,43831272,41.80,4146746
1770226012625,5191.38,1355.80,106725376,49332224,44045928,42.01,4156274
1770226012726,5191.48,1355.89,106725376,49332224,44047376,42.01,4156274
1770226012828,5191.62,1355.99,106725376,49332224,44048824,42.01,4156274
1770226012928,5194.43,1357.99,106741760,49332224,44262592,42.21,4157610
1770226013028,5194.57,1358.09,106741760,49332224,44264040,42.21,4157610
1770226013130,5196.55,1359.32,106741760,49332224,44478280,42.42,4167138
1770226013232,5196.70,1359.38,106741760,49332224,44479728,42.42,4167138
1770226013335,5196.94,1359.49,106741760,49332224,44481176,42.42,4167138
1770226013436,5199.23,1360.99,106741760,49332224,44695000,42.62,4168474
1770226013539,5199.46,1361.09,106741760,49332224,44696448,42.63,4168474
1770226013641,5204.68,1362.46,106741760,49332224,44910752,42.83,4178002
1770226013743,5204.83,1362.54,106741760,49332224,44912200,42.83,4178002
1770226013845,5205.07,1362.64,106741760,49332224,44913648,42.83,4178002
1770226013946,5207.90,1364.29,106790912,49332224,45127480,43.04,4179338
1770226014048,5208.13,1364.37,106790912,49332224,45128928,43.04,4179338
1770226014149,5211.55,1366.58,107347968,54312960,43934176,41.90,4188866
1770226014251,5211.71,1366.66,107347968,54312960,43935648,41.90,4188866
1770226014354,5211.93,1366.74,107347968,54312960,43937096,41.90,4188866
1770226014455,5220.09,1368.51,107364352,54312960,44151088,42.11,4146746
1770226014557,5220.34,1368.63,107364352,54312960,44152536,42.11,4146746
1770226014657,5223.63,1371.01,107364352,54312960,44366616,42.31,4156274
1770226014759,5223.76,1371.10,107364352,54312960,44368064,42.31,4156274
1770226014859,5223.93,1371.19,107364352,54312960,44369512,42.31,4156274
1770226014959,5227.33,1373.03,107364352,54312960,44583576,42.52,4157610
1770226015062,5227.48,1373.15,107364352,54312960,44585024,42.52,4157610
1770226015164,5237.37,1375.11,107380736,54312960,44799112,42.72,4167138
1770226015266,5237.49,1375.18,107380736,54312960,44800560,42.73,4167138
1770226015368,5237.66,1375.31,107380736,54312960,44802008,42.73,4167138
1770226015470,5240.20,1377.20,107380736,54312960,45015568,42.93,4168474
1770226015572,5240.33,1377.31,107380736,54312960,45017016,42.93,4168474
1770226015674,5243.32,1379.73,107380736,54312960,45230848,43.14,4178002
1770226015777,5243.42,1379.82,107380736,54312960,45232296,43.14,4178002
1770226015877,5243.59,1379.91,107380736,54312960,45233744,43.14,4178002
1770226015979,5246.13,1381.57,107380736,54312960,45447288,43.34,4179338
1770226016079,5246.33,1381.70,107380736,54312960,45448736,43.34,4179338
1770226016182,5248.92,1383.62,107462656,54312960,45662488,43.55,4188866
1770226016284,5249.01,1383.68,107462656,54312960,45663936,43.55,4188866
1770226016386,5249.11,1383.76,107462656,54312960,45665384,43.55,4188866
1770226016488,5271.95,1385.76,107675648,54312960,45880648,43.76,4190202
1770226016589,5272.09,1385.87,107675648,54312960,45882120,43.76,4190202
1770226016691,5274.56,1387.82,107905024,54312960,46094160,43.96,4199730
1770226016793,5274.65,1387.89,107905024,54312960,46095632,43.96,4199730
1770226016895,5274.78,1387.98,107905024,54312960,46097080,43.96,4199730
1770226016997,5309.52,1390.32,108576768,54312960,46309520,44.16,4201066
1770226017099,5309.63,1390.40,108576768,54312960,46310992,44.17,4201066
1770226017199,5312.19,1392.18,108773376,54312960,46520240,44.37,4210594
1770226017300,5312.32,1392.28,108773376,54312960,46521712,44.37,4210594
1770226017402,5312.45,1392.38,108773376,54312960,46523160,44.37,4210594
1770226017504,5315.14,1394.46,108969984,54312960,46732248,44.57,4211930
1770226017606,5315.26,1394.55,108969984,54312960,46733720,44.57,4211930
1770226017707,5317.83,1396.79,109166592,54312960,46943016,44.77,4221458
1770226017809,5317.94,1396.87,109166592,54312960,46944488,44.77,4221458
1770226017913,5322.40,1398.02,109281280,54312960,47050200,44.87,4222128
1770226018015,5325.17,1398.74,109395968,54312960,47155376,44.97,4222794
1770226018117,5325.34,1398.84,109395968,54312960,47156848,44.97,4222794
1770226018219,5327.47,1400.53,109592576,54312960,47366072,45.17,4232322
1770226018321,5327.60,1400.63,109592576,54312960,47367544,45.17,4232322
1770226018421,5331.96,1402.91,109527040,47759360,44465392,42.41,4233658
1770226018523,5332.10,1404.44,105267200,47759360,44466864,42.41,4233658
1770226018625,5332.22,1404.54,105267200,47759360,44468312,42.41,4233658
1770226018727,5335.19,1407.00,105267200,47759360,44677616,42.61,4154274
1770226018828,5335.31,1407.09,105267200,47759360,44679088,42.61,4154274
1770226018928,5338.32,1409.53,105267200,47759360,44888248,42.81,4155612
1770226019030,5338.42,1409.60,105267200,47759360,44889720,42.81,4155612
1770226019132,5338.59,1409.71,105267200,47759360,44891168,42.81,4155612
1770226019234,5342.30,1411.69,105267200,47759360,45110856,43.02,4165142
1770226019336,5342.43,1411.80,105267200,47759360,45112328,43.02,4165142
1770226019436,5344.94,1413.66,105267200,47759360,45321376,43.22,4166480
1770226019537,5345.03,1413.72,105267200,47759360,45322848,43.22,4166480
1770226019637,5345.16,1413.82,105267200,47759360,45324296,43.22,4166480
1770226019739,5348.85,1416.07,104660992,47235072,44712976,42.64,4154274
1770226019841,5348.99,1416.16,104660992,47235072,44714424,42.64,4154274
1770226019943,5351.44,1417.89,104857600,47235072,44923432,42.84,4155612
1770226020044,5351.53,1417.95,104857600,47235072,44924880,42.84,4155612
1770226020146,5351.68,1418.05,104857600,47235072,44926328,42.85,4155612
1770226020249,5354.48,1419.65,105070592,47235072,45140736,43.05,4165142
1770226020351,5354.66,1419.77,105070592,47235072,45142184,43.05,4165142
1770226020453,5358.11,1421.52,105267200,47235072,45380288,43.28,4166480
1770226020554,5358.21,1421.58,105267200,47235072,45381736,43.28,4166480
1770226020656,5358.33,1421.67,105267200,47235072,45383184,43.28,4166480
1770226020758,5361.89,1423.85,105988096,50905088,44872112,42.79,4146082
1770226020860,5362.04,1423.95,105988096,50905088,44873584,42.79,4146082
1770226020962,5364.76,1425.83,106201088,50905088,45083120,42.99,4147420
1770226021064,5364.88,1425.90,106201088,50905088,45084592,43.00,4147420
1770226021166,5365.02,1426.01,106201088,50905088,45086040,43.00,4147420
1770226021268,5368.14,1428.51,106397696,50905088,45295312,43.20,4156950
1770226021370,5368.27,1428.62,106414080,50905088,45296784,43.20,4156950
1770226021472,5379.11,1430.67,106627072,50905088,45507520,43.40,4158288
1770226021573,5379.22,1430.75,106627072,50905088,45508992,43.40,4158288
1770226021676,5379.34,1430.86,106627072,50905088,45510440,43.40,4158288
1770226021776,5381.65,1432.75,106823680,50905088,45719744,43.60,4167818
1770226021877,5381.80,1432.85,106823680,50905088,45721216,43.60,4167818
1770226021977,5384.48,1435.02,107020288,50905088,45930216,43.80,4169156
1770226022080,5384.69,1435.15,107020288,50905088,45931688,43.80,4169156
1770226022182,5384.96,1435.31,107020288,50905088,45933136,43.81,4169156
1770226022284,5387.81,1437.97,107216896,50905088,46142464,44.00,4178686
1770226022386,5387.99,1438.07,107216896,50905088,46143936,44.01,4178686
1770226022500,5498.21,1448.07,143507456,96518144,57565128,54.90,4146082
1770226022602,5679.58,1450.77,154648576,97042432,73470488,70.07,4135883
1770226022704,5679.63,1450.81,154648576,97042432,73471960,70.07,4135883
1770226022807,5691.16,1452.10,154664960,97042432,73681880,70.27,4145413
1770226022909,5691.38,1452.23,154664960,97042432,73683352,70.27,4145413
1770226023010,5695.16,1454.13,154664960,97042432,73892160,70.47,4146751
1770226023113,5695.32,1454.22,154664960,97042432,73893632,70.47,4146751
1770226023215,5697.25,1455.52,154681344,97042432,73999304,70.57,4155614
1770226023317,5698.02,1456.20,154681344,97042432,74103728,70.67,4156281
1770226023419,5698.15,1456.30,154681344,97042432,74105200,70.67,4156281
1770226023521,5700.47,1458.27,154681344,97042432,74313696,70.87,4157619
1770226023622,5700.62,1458.38,154681344,97042432,74315168,70.87,4157619
1770226023722,5703.57,1460.86,154681344,97042432,74523936,71.07,4167149
1770226023824,5703.69,1460.94,154681344,97042432,74525408,71.07,4167149
1770226023926,5703.97,1461.13,154681344,97042432,74526856,71.07,4167149
1770226024028,5706.49,1463.05,154681344,97042432,74735400,71.27,4168487
1770226024131,5706.74,1463.20,154681344,97042432,74736872,71.27,4168487
1770226024231,5709.55,1465.33,154681344,97042432,74945608,71.47,4178017
1770226024333,5709.69,1465.41,154681344,97042432,74947080,71.48,4178017
1770226024435,5709.94,1465.57,154681344,97042432,74948528,71.48,4178017
1770226024538,5711.57,1467.07,154697728,97042432,75157048,71.68,4179355
1770226024639,5711.79,1467.22,154697728,97042432,75158520,71.68,4179355
1770226024740,5714.51,1469.38,154697728,97042432,75367216,71.88,4188885
1770226024843,5714.68,1469.48,154697728,97042432,75368688,71.88,4188885
1770226024944,5714.96,1469.64,154697728,97042432,75370136,71.88,4188885
1770226025046,5717.90,1471.76,154697728,97042432,75578696,72.08,4190223
1770226025148,5718.17,1471.92,154697728,97042432,75580168,72.08,4190223
1770226025250,5720.73,1473.72,154697728,97042432,75788952,72.28,4199753
1770226025352,5720.95,1473.84,154697728,97042432,75790424,72.28,4199753
1770226025454,5721.23,1473.96,154697728,97042432,75791872,72.28,4199753
1770226025556,5724.01,1475.89,154714112,97042432,76000512,72.48,4201091
1770226025657,5724.28,1476.05,154714112,97042432,76001984,72.48,4201091
1770226025760,5727.02,1478.13,154714112,97042432,76210656,72.68,4210621
1770226025860,5727.19,1478.22,154714112,97042432,76212128,72.68,4210621
1770226025963,5727.44,1478.30,154714112,97042432,76213576,72.68,4210621
1770226026064,5730.25,1480.37,154714112,97042432,76422048,72.88,4211959
1770226026166,5730.52,1480.53,154714112,97042432,76423544,72.88,4211959
1770226026267,5739.61,1484.53,155926528,99139584,63947776,60.99,4221489
1770226026368,5739.80,1484.63,155926528,99139584,63949248,60.99,4221489
1770226026470,5740.03,1484.78,155926528,99139584,63950696,60.99,4221489
1770226026572,5742.38,1486.60,155926528,99139584,64159240,61.19,4146751
1770226026674,5742.66,1486.76,155926528,99139584,64160688,61.19,4146751
1770226026776,5745.50,1488.83,155926528,99139584,64369424,61.39,4156281
1770226026878,5745.76,1488.96,155926528,99139584,64370872,61.39,4156281
1770226026978,5746.03,1489.10,155926528,99139584,64372320,61.39,4156281
1770226027080,5748.81,1491.17,155926528,99139584,64580840,61.59,4157619
1770226027182,5749.06,1491.32,155926528,99139584,64582288,61.59,4157619
1770226027284,5751.85,1493.35,155942912,99139584,64956712,61.95,4167149
1770226027386,5752.05,1493.47,155942912,99139584,64958160,61.95,4167149
1770226027489,5752.34,1493.64,155942912,99139584,64959608,61.95,4167149
1770226027592,5760.41,1495.69,155942912,99139584,65170048,62.15,4168487
1770226027692,5760.63,1495.84,155942912,99139584,65171496,62.15,4168487
1770226027793,5763.13,1497.66,155959296,99139584,65380192,62.35,4178017
1770226027895,5763.31,1497.76,155959296,99139584,65381640,62.35,4178017
1770226027997,5763.57,1497.92,155959296,99139584,65383088,62.35,4178017
1770226028099,5768.63,1499.97,155959296,99139584,65591688,62.55,4179355
1770226028201,5768.91,1500.12,155959296,99139584,65593136,62.55,4179355
1770226028303,5771.47,1502.08,155959296,99139584,65802040,62.75,4188885
1770226028405,5771.60,1502.18,155959296,99139584,65803488,62.76,4188885
1770226028507,5771.74,1502.27,155959296,99139584,65804936,62.76,4188885
1770226028609,5775.35,1504.12,155959296,99139584,66013456,62.96,4190223
1770226028711,5775.47,1504.21,155959296,99139584,66014904,62.96,4190223
1770226028813,5777.50,1505.84,155975680,99139584,66223752,63.16,4199753
1770226028916,5777.63,1505.92,155975680,99139584,66225200,63.16,4199753
1770226029018,5777.78,1506.02,155975680,99139584,66226648,63.16,4199753
1770226029120,5780.06,1507.81,155975680,99139584,66435168,63.36,4201091
1770226029222,5780.20,1507.92,155975680,99139584,66436616,63.36,4201091
1770226029324,5782.56,1509.63,155975680,99139584,66645384,63.56,4210621
1770226029426,5782.68,1509.72,155975680,99139584,66646832,63.56,4210621
1770226029528,5782.81,1509.85,155975680,99139584,66648280,63.56,4210621
1770226029631,5785.36,1511.89,155975680,99139584,66856832,63.76,4211959
1770226029733,5785.60,1511.99,155975680,99139584,66858280,63.76,4211959
1770226029835,5789.96,1513.90,155975680,99139584,67067320,63.96,4221489
1770226029936,5790.18,1514.01,155975680,99139584,67068768,63.96,4221489
1770226030039,5794.90,1515.18,155992064,99139584,67174216,64.06,4222160
1770226030141,5799.13,1515.96,155992064,99139584,67279984,64.16,4222827
1770226030243,5799.26,1516.06,155992064,99139584,67281456,64.16,4222827
1770226030345,5803.27,1517.98,155992064,99139584,67489952,64.36,4232357
1770226030447,5803.49,1518.09,155992064,99139584,67491424,64.36,4232357
1770226030548,5805.95,1520.00,155992064,99139584,67699680,64.56,4233695
1770226030650,5873.22,1528.69,113459200,55885824,42198504,40.24,4135216
1770226030752,5873.39,1528.77,113459200,55885824,42448832,40.48,4135216
1770226030854,5877.63,1530.52,113459200,55885824,42694840,40.72,4144746
1770226030956,5877.89,1530.68,113459200,55885824,42696312,40.72,4144746
1770226031056,5880.72,1532.68,113459200,55885824,42919984,40.93,4146084
1770226031158,5880.81,1532.74,113459200,55885824,42921456,40.93,4146084
1770226031260,5960.34,1539.99,102481920,45924352,41916784,39.97,4135216
1770226031362,5964.61,1541.97,102727680,45924352,42193912,40.24,4144746
1770226031464,5964.86,1542.13,102727680,45924352,42195384,40.24,4144746
1770226031566,5967.75,1543.91,102940672,45924352,42419088,40.45,4146084
1770226031667,5967.87,1543.99,102940672,45924352,42420560,40.46,4146084
1770226031769,5968.01,1544.08,102940672,45924352,42422008,40.46,4146084
1770226031871,6054.44,1548.99,102481920,45662208,42165544,40.21,4135216
1770226031973,6054.65,1549.07,102481920,45662208,42167064,40.21,4135216
1770226032076,6070.97,1551.43,102744064,45662208,42472848,40.51,4136554
1770226032178,6071.06,1551.49,102744064,45662208,42474320,40.51,4136554
1770226032280,6071.18,1551.59,102744064,45662208,42475768,40.51,4136554
1770226032382,6073.70,1553.34,102957056,45662208,42698952,40.72,4146084
1770226032484,6073.83,1553.45,102957056,45662208,42700424,40.72,4146084
1770226032586,6076.49,1555.21,103170048,45662208,42923296,40.93,4147422
1770226032688,6076.57,1555.26,103170048,45662208,42924768,40.94,4147422
1770226032790,6076.66,1555.36,103170048,45662208,42926216,40.94,4147422
1770226032892,6080.45,1557.59,103759872,48807936,42308448,40.35,4156952
1770226032993,6080.67,1557.72,103759872,48807936,42309920,40.35,4156952
1770226033095,6083.02,1559.50,104005632,48807936,42532880,40.56,4146751
1770226033197,6083.15,1559.62,104005632,48807936,42534352,40.56,4146751
1770226033299,6083.28,1559.72,104005632,48807936,42535800,40.57,4146751
1770226033402,6100.12,1561.79,104218624,48807936,42761640,40.78,4156281
1770226033504,6100.27,1561.89,104218624,48807936,42763112,40.78,4156281
1770226033606,6103.09,1563.71,104448000,48807936,42986128,40.99,4157619
1770226033708,6103.20,1563.77,104448000,48807936,42987600,41.00,4157619
1770226033810,6103.34,1563.85,104448000,48807936,42989048,41.00,4157619
1770226033913,6106.91,1566.46,104660992,48807936,43212264,41.21,4167149
1770226034014,6107.13,1566.57,104660992,48807936,43213736,41.21,4167149
1770226034116,6111.37,1568.43,104873984,48807936,43436896,41.42,4168487
1770226034216,6111.50,1568.55,104873984,48807936,43438368,41.43,4168487
1770226034318,6111.61,1568.63,104873984,48807936,43439816,41.43,4168487
1770226034420,6113.98,1570.35,105086976,48807936,43662832,41.64,4178017
1770226034522,6114.10,1570.43,105086976,48807936,43664304,41.64,4178017
1770226034624,6117.21,1572.21,105316352,48807936,43887048,41.85,4179355
1770226034724,6117.30,1572.28,105316352,48807936,43888520,41.86,4179355
1770226034826,6117.40,1572.36,105316352,48807936,43889968,41.86,4179355
1770226034926,6119.90,1574.10,105529344,48807936,44113048,42.07,4188885
1770226035028,6120.01,1574.19,105529344,48807936,44114520,42.07,4188885
1770226035130,6125.11,1576.21,105578496,48807936,42747192,40.77,4146084
1770226035232,6125.25,1576.30,105578496,48807936,42748640,40.77,4146084
1770226035334,6125.46,1576.44,105578496,48807936,42750088,40.77,4146084
1770226035436,6141.20,1578.54,105660416,48807936,42975096,40.98,4155614
1770226035539,6141.46,1578.69,105660416,48807936,42976568,40.99,4155614
1770226035641,6144.26,1580.45,105676800,48807936,43199328,41.20,4156952
1770226035743,6144.41,1580.57,105676800,48807936,43200776,41.20,4156952
1770226035848,6146.36,1582.03,105725952,48807936,43313808,41.31,4165815
1770226035950,6148.99,1582.99,105824256,48807936,43425392,41.41,4166482
1770226036050,6149.12,1583.07,105840640,48807936,43426864,41.42,4166482
1770226036152,6151.57,1585.47,106037248,48807936,43649248,41.63,4167820
1770226036254,6151.72,1585.58,106053632,48807936,43650720,41.63,4167820
1770226036354,6153.60,1587.26,106250240,48807936,43873424,41.84,4177350
1770226036456,6153.72,1587.32,106250240,48807936,43874896,41.84,4177350
1770226036556,6153.94,1587.48,106266624,48807936,43876344,41.84,4177350
1770226036658,6156.77,1589.48,106479616,48807936,44098768,42.06,4178688
1770226036760,6156.88,1589.57,106479616,48807936,44100240,42.06,4178688
1770226036861,6161.23,1591.95,106807296,48807936,42872272,40.89,4188218
1770226036963,6161.34,1592.02,106807296,48807936,42873744,40.89,4188218
1770226037064,6161.50,1592.13,106807296,48807936,42875192,40.89,4188218
1770226037166,6164.30,1594.34,106823680,48807936,43097496,41.10,4146751
1770226037268,6164.46,1594.44,106823680,48807936,43098944,41.10,4146751
1770226037369,6168.51,1596.59,106823680,48807936,43321656,41.31,4156281
1770226037471,6168.62,1596.66,106823680,48807936,43323104,41.32,4156281
1770226037573,6168.77,1596.79,106758144,48807936,43324552,41.32,4156281
1770226037675,6170.41,1598.18,106741760,48807936,43546904,41.53,4157619
1770226037777,6170.62,1598.29,106741760,48807936,43548352,41.53,4157619
1770226037879,6173.42,1600.49,106741760,48807936,43770920,41.74,4167149
1770226037981,6173.54,1600.58,106741760,48807936,43772368,41.74,4167149
1770226038083,6173.68,1600.68,106741760,48807936,43773816,41.75,4167149
1770226038184,6176.36,1602.63,106741760,48807936,43996184,41.96,4168487
1770226038286,6176.49,1602.76,106741760,48807936,43997632,41.96,4168487
1770226038389,6182.38,1604.54,106758144,48807936,44221856,42.17,4178017
1770226038491,6182.47,1604.60,106758144,48807936,44223304,42.17,4178017
1770226038592,6182.60,1604.69,106758144,48807936,44224752,42.18,4178017
1770226038694,6185.29,1606.44,106758144,48807936,44447192,42.39,4179355
1770226038796,6185.44,1606.53,106758144,48807936,44448640,42.39,4179355
1770226038898,6190.02,1609.31,103874560,46186496,43189664,41.19,4188885
1770226039000,6190.16,1609.41,103874560,46186496,43191112,41.19,4188885
1770226039102,6190.29,1609.50,103874560,46186496,43192560,41.19,4188885
1770226039204,6192.94,1611.27,103874560,46186496,43414864,41.40,4146751
1770226039306,6193.07,1611.35,103874560,46186496,43416312,41.41,4146751
1770226039408,6195.84,1613.08,103874560,46186496,43638960,41.62,4156281
1770226039510,6196.00,1613.15,103874560,46186496,43640408,41.62,4156281
1770226039612,6196.20,1613.26,103874560,46186496,43641856,41.62,4156281
1770226039714,6199.97,1615.47,104382464,47497216,43222376,41.22,4157619
1770226039816,6200.11,1615.59,104382464,47497216,43223824,41.22,4157619
1770226039918,6202.98,1617.73,104579072,47497216,43668464,41.65,4154943
1770226040020,6203.13,1617.83,104595456,47497216,43669936,41.65,4154943
1770226040122,6203.28,1617.94,104595456,47497216,43671384,41.65,4154943
1770226040224,6205.94,1619.86,104792064,47497216,43893792,41.86,4156281
1770226040326,6206.06,1619.96,104808448,47497216,43895240,41.86,4156281
1770226040428,6209.20,1621.95,105136128,47759360,43501944,41.49,4165811
1770226040529,6209.30,1622.04,105136128,47759360,43503416,41.49,4165811
1770226040631,6209.41,1622.12,105136128,47759360,43504864,41.49,4165811
1770226040733,6212.12,1624.11,105136128,47759360,43727208,41.70,4146084
1770226040835,6212.24,1624.20,105136128,47759360,43728656,41.70,4146084
1770226040937,6216.26,1625.93,105152512,47759360,43951704,41.92,4155614
1770226041038,6216.37,1626.02,105152512,47759360,43953152,41.92,4155614
1770226041140,6216.50,1626.11,105152512,47759360,43954600,41.92,4155614
1770226041240,6222.77,1627.92,105152512,47759360,44177152,42.13,4156952
1770226041342,6222.90,1628.01,105152512,47759360,44178600,42.13,4156952
1770226041444,6226.87,1629.87,105250816,47759360,43623648,41.60,4166482
1770226041545,6227.00,1629.95,105250816,47759360,43625096,41.60,4166482
1770226041646,6227.15,1630.04,105250816,47759360,43626544,41.61,4166482
1770226041749,6232.22,1632.00,105267200,47759360,43848680,41.82,4146751
1770226041851,6232.34,1632.11,105267200,47759360,43850128,41.82,4146751
1770226041953,6234.83,1633.81,105267200,47759360,44072512,42.03,4156281
1770226042054,6234.92,1633.89,105267200,47759360,44073960,42.03,4156281
1770226042156,6235.06,1633.94,105267200,47759360,44075408,42.03,4156281
1770226042258,6236.81,1634.64,105267200,47759360,44297744,42.25,4157619
1770226042360,6236.90,1634.70,105267200,47759360,44299192,42.25,4157619
1770226042462,6248.57,1636.82,105562112,47759360,43772800,41.74,4167149
1770226042564,6248.68,1636.91,105562112,47759360,43774248,41.75,4167149
1770226042667,6252.13,1637.99,105562112,47759360,43885216,41.85,4146084
1770226042769,6253.68,1638.76,105562112,47759360,43995624,41.96,4146751
1770226042871,6253.79,1638.85,105562112,47759360,43997072,41.96,4146751
1770226042973,6258.48,1641.04,105562112,47759360,44216840,42.17,4156281
1770226043075,6258.60,1641.13,105562112,47759360,44218288,42.17,4156281
1770226043177,6261.70,1642.92,105578496,47759360,44437248,42.38,4157619
1770226043279,6261.78,1642.99,105578496,47759360,44438696,42.38,4157619
1770226043381,6261.89,1643.08,105578496,47759360,44440144,42.38,4157619
1770226043483,6265.45,1645.08,105857024,50380800,43940384,41.90,4167149
1770226043585,6265.68,1645.21,105857024,50380800,43941832,41.91,4167149
1770226043686,6276.86,1647.38,105857024,50380800,44160848,42.12,4146751
1770226043788,6277.02,1647.48,105857024,50380800,44162296,42.12,4146751
1770226043890,6277.28,1647.64,105857024,50380800,44163744,42.12,4146751
1770226043993,6293.49,1649.87,105922560,50380800,44378696,42.32,4156281
1770226044094,6293.74,1650.04,105922560,50380800,44380144,42.32,4156281
1770226044194,6302.06,1651.87,105938944,50380800,44594416,42.53,4157619
1770226044296,6302.22,1651.96,105938944,50380800,44595864,42.53,4157619
1770226044398,6302.49,1652.13,105938944,50380800,44597312,42.53,4157619
1770226044500,6305.02,1654.11,105971712,50380800,44811680,42.74,4167149
1770226044602,6305.27,1654.26,105988096,50380800,44813128,42.74,4167149
1770226044703,6308.60,1656.91,106184704,50380800,45027304,42.94,4168487
1770226044804,6308.76,1657.01,106184704,50380800,45028752,42.94,4168487
1770226044906,6308.98,1657.17,106184704,50380800,45030200,42.94,4168487
1770226045008,6311.47,1659.06,106397696,50380800,45244576,43.15,4178017
1770226045110,6311.60,1659.16,106397696,50380800,45246024,43.15,4178017
1770226045212,6313.94,1660.96,106610688,50380800,45460208,43.35,4179355
1770226045312,6314.02,1661.01,106610688,50380800,45461656,43.36,4179355
1770226045414,6314.16,1661.11,106610688,50380800,45463104,43.36,4179355
1770226045515,6316.97,1663.44,106807296,50380800,45677456,43.56,4188885
1770226045617,6317.09,1663.53,106807296,50380800,45678904,43.56,4188885
1770226045719,6324.88,1666.15,104906752,47235072,44503496,42.44,4190223
1770226045821,6324.98,1666.23,104906752,47235072,44504968,42.44,4190223
1770226045923,6325.09,1666.30,104906752,47235072,44506416,42.44,4190223
1770226046025,6327.19,1667.88,104906752,47235072,44720744,42.65,4154943
1770226046127,6327.39,1668.01,104906752,47235072,44722192,42.65,4154943
1770226046229,6330.02,1669.64,104906752,47235072,44936064,42.85,4156281
1770226046331,6330.13,1669.71,104906752,47235072,44937512,42.86,4156281
1770226046433,6330.27,1669.80,104906752,47235072,44938960,42.86,4156281
1770226046535,6354.58,1672.19,104448000,47497216,44537264,42.47,4165811
1770226046636,6354.69,1672.28,104448000,47497216,44538712,42.48,4165811
1770226046738,6357.10,1674.14,104644608,47497216,44750616,42.68,4146751
1770226046840,6357.19,1674.20,104644608,47497216,44752064,42.68,4146751
1770226046942,6357.30,1674.29,104644608,47497216,44753512,42.68,4146751
1770226047045,6394.73,1676.26,105005056,47497216,44967280,42.88,4156281
1770226047146,6394.85,1676.35,105005056,47497216,44968728,42.89,4156281
1770226047248,6397.38,1678.22,105218048,47497216,45177496,43.08,4157619
1770226047350,6397.48,1678.28,105218048,47497216,45178944,43.09,4157619
1770226047452,6397.62,1678.38,105218048,47497216,45180392,43.09,4157619
1770226047554,6401.23,1680.77,105889792,50905088,44659504,42.59,4167149
1770226047656,6401.37,1680.88,105889792,50905088,44660952,42.59,4167149
1770226047758,6403.85,1682.93,106086400,50905088,44869728,42.79,4146751
1770226047860,6403.94,1683.00,106086400,50905088,44871176,42.79,4146751
1770226047962,6404.06,1683.08,106086400,50905088,44872624,42.79,4146751
1770226048064,6405.74,1684.36,106283008,50905088,45328264,43.23,4156281
1770226048166,6405.91,1684.48,106283008,50905088,45329712,43.23,4156281
1770226048268,6408.33,1686.48,106496000,50905088,45538608,43.43,4157619
1770226048370,6408.44,1686.56,106496000,50905088,45540056,43.43,4157619
1770226048472,6408.55,1686.66,106512384,50905088,45541504,43.43,4157619
1770226048574,6410.68,1688.48,106708992,50905088,45750496,43.63,4167149
1770226048676,6410.79,1688.58,106708992,50905088,45751944,43.63,4167149
1770226048778,6413.19,1690.61,106905600,50905088,45960736,43.83,4168487
1770226048880,6413.28,1690.69,106905600,50905088,45962184,43.83,4168487
1770226048981,6414.69,1691.83,107003904,50905088,46068016,43.93,4177350
1770226049083,6415.44,1692.64,107118592,50905088,46172552,44.03,4178017
1770226049184,6415.56,1692.72,107118592,50905088,46174000,44.03,4178017
1770226049286,6419.90,1694.90,107331584,50905088,46383064,44.23,4179355
1770226049388,6420.01,1694.98,107331584,50905088,46384512,44.24,4179355
1770226049489,6423.55,1696.94,107708416,51167232,45176376,43.08,4188885
1770226049591,6423.63,1696.99,107708416,51167232,45177824,43.08,4188885
1770226049693,6423.76,1697.08,107708416,51167232,45179272,43.09,4188885
1770226049795,6426.17,1698.92,107708416,51167232,45388024,43.29,4146084
1770226049897,6426.27,1699.01,107708416,51167232,45389472,43.29,4146084
1770226049998,6428.43,1700.74,107708416,51167232,45598488,43.49,4155614
1770226050099,6428.52,1700.79,107708416,51167232,45599936,43.49,4155614
1770226050199,6428.69,1700.87,107708416,51167232,45601392,43.49,4155614
1770226050301,6430.14,1701.94,107708416,51167232,45810232,43.69,4156952
1770226050403,6430.25,1702.00,107708416,51167232,45811680,43.69,4156952
1770226050505,6432.56,1703.86,107872256,51167232,46020848,43.89,4166482
1770226050607,6432.65,1703.92,107872256,51167232,46022296,43.89,4166482
1770226050709,6434.33,1704.24,107921408,51167232,46052360,43.92,4166490
1770226050811,6435.22,1705.31,108118016,51167232,46261128,44.12,4167828
1770226050913,6435.34,1705.37,108118016,51167232,46262600,44.12,4167828
1770226051015,6438.57,1707.18,108314624,51167232,46472072,44.32,4177358
1770226051117,6438.70,1707.27,108314624,51167232,46473544,44.32,4177358
1770226051217,6438.83,1707.38,108314624,51167232,46474992,44.32,4177358
1770226051319,6441.21,1709.00,108527616,51167232,46683696,44.52,4178696
1770226051421,6441.32,1709.08,108527616,51167232,46685168,44.52,4178696
1770226051523,6453.46,1711.43,109019136,51691520,45430808,43.33,4188226
1770226051625,6453.56,1711.50,109019136,51691520,45432280,43.33,4188226
1770226051727,6453.68,1711.60,109019136,51691520,45433728,43.33,4188226
1770226051829,6456.19,1713.92,109019136,51691520,45642456,43.53,4146751
1770226051931,6456.31,1714.03,109019136,51691520,45643904,43.53,4146751
1770226052033,6458.46,1715.72,109019136,51691520,45852776,43.73,4156281
1770226052134,6458.53,1715.77,109019136,51691520,45854224,43.73,4156281
1770226052236,6458.65,1715.86,109019136,51691520,45855672,43.73,4156281
1770226052338,6460.83,1717.65,109019136,51691520,46064392,43.93,4157619
1770226052440,6461.02,1717.77,109019136,51691520,46065840,43.93,4157619
1770226052545,6524.39,1723.79,126615552,70107136,57776424,55.10,4145417
1770226052647,6801.77,1731.78,155484160,97828864,74657888,71.20,4135883
1770226052749,6801.85,1731.83,155484160,97828864,74659360,71.20,4135883
1770226052851,6803.14,1733.05,155500544,97828864,74877312,71.41,4137221
1770226052953,6803.37,1733.16,155500544,97828864,74878784,71.41,4137221
1770226053054,6805.95,1735.14,155500544,97828864,75091616,71.61,4146751
1770226053156,6806.06,1735.23,155500544,97828864,75093088,71.61,4146751
1770226053258,6806.17,1735.33,155500544,97828864,75094536,71.62,4146751
1770226053360,6808.51,1737.19,155500544,97828864,75307168,71.82,4148089
1770226053462,6808.70,1737.30,155500544,97828864,75308640,71.82,4148089
1770226053564,6811.27,1739.18,155500544,97828864,75521568,72.02,4157619
1770226053666,6811.36,1739.25,155500544,97828864,75523040,72.02,4157619
1770226053768,6811.47,1739.34,155500544,97828864,75524488,72.03,4157619
1770226053870,6822.91,1741.20,155516928,97828864,75742904,72.23,4158957
1770226053972,6823.17,1741.36,155516928,97828864,75744376,72.24,4158957
1770226054075,6825.99,1743.29,155516928,97828864,75954560,72.44,4168487
1770226054177,6826.20,1743.41,155516928,97828864,75956032,72.44,4168487
1770226054279,6826.47,1743.57,155516928,97828864,75957480,72.44,4168487
1770226054381,6829.03,1745.36,155533312,97828864,76167568,72.64,4169825
1770226054483,6829.20,1745.44,155533312,97828864,76169040,72.64,4169825
1770226054585,6831.99,1747.38,155533312,97828864,76379232,72.84,4179355
1770226054686,6832.20,1747.52,155533312,97828864,76380704,72.84,4179355
1770226054790,6834.00,1748.81,155533312,97828864,76486864,72.94,4180026
1770226054892,6834.97,1749.59,155533312,97828864,76591976,73.04,4180693
1770226054994,6835.22,1749.75,155533312,97828864,76593448,73.05,4180693
1770226055094,6839.16,1751.59,155533312,97828864,76803648,73.25,4190223
1770226055197,6839.42,1751.73,155533312,97828864,76805120,73.25,4190223
1770226055297,6842.10,1753.71,155549696,97828864,77015160,73.45,4191561
1770226055399,6842.24,1753.79,155549696,97828864,77016632,73.45,4191561
1770226055501,6842.50,1753.95,155549696,97828864,77018080,73.45,4191561
1770226055603,6845.41,1756.09,155549696,97828864,77228256,73.65,4201091
1770226055705,6845.65,1756.25,155549696,97828864,77229728,73.65,4201091
1770226055806,6848.15,1758.12,155549696,97828864,77439664,73.85,4202429
1770226055908,6848.31,1758.21,155549696,97828864,77441136,73.85,4202429
1770226056010,6848.57,1758.39,155549696,97828864,77442584,73.86,4202429
1770226056112,6853.55,1761.27,156172288,99401728,63267088,60.34,4211959
1770226056214,6853.79,1761.41,156172288,99401728,63268560,60.34,4211959
1770226056316,6856.46,1763.87,156172288,99401728,63478504,60.54,4146751
1770226056417,6856.70,1763.99,156172288,99401728,63479952,60.54,4146751
1770226056519,6856.95,1764.16,156172288,99401728,63481400,60.54,4146751
1770226056621,6858.70,1765.53,156172288,99401728,63691560,60.74,4156281
1770226056723,6858.91,1765.68,156172288,99401728,63693032,60.74,4156281
1770226056824,6862.00,1768.29,156188672,99401728,63902960,60.94,4157619
1770226056927,6862.16,1768.40,156188672,99401728,63904408,60.94,4157619
1770226057029,6862.34,1768.53,156188672,99401728,63905856,60.95,4157619
1770226057131,6864.97,1770.59,156188672,99401728,64116024,61.15,4167149
1770226057233,6865.10,1770.69,156188672,99401728,64117496,61.15,4167149
1770226057336,6867.43,1772.43,156188672,99401728,64327464,61.35,4168487
1770226057438,6867.54,1772.50,156188672,99401728,64328912,61.35,4168487
1770226057540,6867.69,1772.62,156188672,99401728,64330360,61.35,4168487
1770226057642,6870.33,1774.44,156188672,99401728,64540488,61.55,4178017
1770226057744,6870.45,1774.55,156188672,99401728,64541960,61.55,4178017
1770226057845,6873.75,1776.41,156205056,99401728,64751864,61.75,4179355
1770226057947,6873.86,1776.52,156205056,99401728,64753312,61.75,4179355
1770226058049,6873.96,1776.60,156205056,99401728,64754760,61.75,4179355
1770226058151,6880.60,1778.62,156205056,99401728,64965072,61.96,4188885
1770226058253,6880.71,1778.72,156205056,99401728,64966544,61.96,4188885
1770226058355,6883.31,1780.80,156205056,99401728,65176192,62.16,4190223
1770226058457,6883.48,1780.90,156205056,99401728,65177640,62.16,4190223
1770226058559,6883.64,1781.00,156205056,99401728,65179088,62.16,4190223
1770226058660,6886.14,1782.85,156221440,99401728,65388824,62.36,4199753
1770226058762,6886.35,1782.97,156221440,99401728,65390296,62.36,4199753
1770226058864,6888.92,1784.93,156221440,99401728,65599904,62.56,4201091
1770226058965,6889.04,1785.03,156221440,99401728,65601352,62.56,4201091
1770226059067,6889.16,1785.12,156221440,99401728,65602800,62.56,4201091
1770226059169,6891.70,1786.89,156221440,99401728,65812520,62.76,4210621
1770226059271,6891.86,1787.01,156221440,99401728,65813992,62.77,4210621
1770226059371,6894.28,1788.67,156221440,99401728,66023912,62.97,4211959
1770226059472,6894.42,1788.77,156221440,99401728,66025360,62.97,4211959
1770226059575,6894.58,1788.87,156221440,99401728,66026808,62.97,4211959
1770226059677,6896.85,1790.57,156221440,99401728,66236504,63.17,4221489
1770226059779,6896.98,1790.67,156221440,99401728,66237976,63.17,4221489
1770226059881,6899.42,1792.64,156221440,99401728,66447392,63.37,4222827
1770226059983,6899.51,1792.72,156221440,99401728,66448864,63.37,4222827
1770226060085,6899.61,1792.80,156221440,99401728,66450312,63.37,4222827
1770226060187,6901.97,1794.59,156237824,99401728,66659904,63.57,4232357
1770226060289,6902.08,1794.68,156237824,99401728,66661376,63.57,4232357
1770226060391,6904.39,1796.42,156237824,99401728,66870848,63.77,4233695
1770226060494,6904.48,1796.50,156237824,99401728,66872320,63.77,4233695
1770226060598,6906.29,1798.10,156237824,99401728,66978480,63.88,4242558
1770226060700,6969.60,1807.31,112803840,55099392,42392480,40.43,4135216
1770226060802,6969.73,1807.39,112803840,55099392,42648648,40.67,4135216
1770226060904,6972.81,1809.14,112803840,55099392,42894152,40.91,4136554
1770226061006,6972.98,1809.22,112803840,55099392,42895624,40.91,4136554
1770226061106,6975.66,1811.28,112803840,55099392,43119144,41.12,4146084
1770226061208,6975.81,1811.35,112803840,55099392,43120616,41.12,4146084
1770226061309,7056.40,1817.15,102875136,46186496,42216680,40.26,4135216
1770226061411,7059.98,1818.96,103120896,46186496,42695352,40.72,4136554
1770226061513,7060.24,1819.13,103120896,46186496,42696824,40.72,4136554
1770226061613,7062.80,1821.04,103333888,46186496,42920240,40.93,4146084
1770226061713,7062.92,1821.11,103333888,46186496,42921712,40.93,4146084
1770226061814,7063.08,1821.22,103333888,46186496,42923160,40.93,4146084
1770226061915,7118.09,1826.17,103825408,45924352,42062504,40.11,4135216
1770226062016,7128.95,1827.16,102842368,45924352,42192456,40.24,4135216
1770226062116,7133.23,1828.93,103088128,45924352,42575480,40.60,4144746
1770226062218,7133.31,1828.98,103088128,45924352,42576952,40.60,4144746
1770226062319,7133.47,1829.11,103088128,45924352,42578400,40.61,4144746
1770226062422,7136.15,1831.16,103317504,45924352,42801608,40.82,4146084
1770226062524,7136.30,1831.25,103317504,45924352,42803080,40.82,4146084
1770226062624,7139.35,1833.77,103546880,45924352,43026448,41.03,4155614
1770226062726,7139.44,1833.84,103546880,45924352,43027920,41.03,4155614
1770226062826,7139.57,1833.93,103546880,45924352,43029368,41.04,4155614
1770226062929,7143.82,1836.78,104120320,49070080,42403680,40.44,4156952
1770226063031,7143.94,1836.86,104120320,49070080,42405152,40.44,4156952
1770226063132,7150.79,1839.17,104366080,49070080,42632744,40.66,4154943
1770226063234,7150.88,1839.25,104366080,49070080,42634216,40.66,4154943
1770226063335,7151.01,1839.36,104366080,49070080,42635664,40.66,4154943
1770226063436,7153.81,1841.08,104579072,49070080,42858632,40.87,4156281
1770226063539,7153.95,1841.17,104579072,49070080,42860104,40.87,4156281
1770226063641,7156.48,1843.03,104792064,49070080,43083360,41.09,4165811
1770226063743,7156.55,1843.08,104792064,49070080,43084832,41.09,4165811
1770226063845,7156.66,1843.16,104792064,49070080,43086280,41.09,4165811
1770226063947,7158.98,1844.87,105005056,49070080,43309248,41.30,4167149
1770226064049,7159.09,1844.94,105005056,49070080,43310720,41.30,4167149
1770226064151,7161.74,1846.73,105218048,49070080,43533960,41.52,4176679
1770226064253,7161.84,1846.81,105218048,49070080,43535432,41.52,4176679
1770226064355,7161.96,1846.90,105218048,49070080,43536880,41.52,4176679
1770226064457,7164.68,1848.63,105447424,49070080,43759848,41.73,4178017
1770226064559,7164.80,1848.71,105447424,49070080,43761320,41.73,4178017
1770226064661,7177.43,1850.56,105676800,49070080,44016472,41.98,4187547
1770226064763,7177.51,1850.61,105676800,49070080,44017944,41.98,4187547
1770226064864,7177.61,1850.68,105676800,49070080,44019392,41.98,4187547
1770226064967,7188.43,1853.23,105906176,49070080,42714648,40.74,4188885
1770226065067,7188.56,1853.33,105906176,49070080,42716120,40.74,4188885
1770226065168,7191.05,1855.20,105906176,49070080,42938008,40.95,4154276
1770226065269,7191.20,1855.29,105906176,49070080,42939480,40.95,4154276
1770226065371,7191.36,1855.39,105906176,49070080,42940928,40.95,4154276
1770226065471,7196.26,1857.40,105988096,49070080,43293752,41.29,4155614
1770226065573,7196.39,1857.48,105988096,49070080,43295200,41.29,4155614
1770226065675,7198.84,1859.15,105988096,49070080,43517112,41.50,4165144
1770226065775,7198.92,1859.20,105988096,49070080,43518584,41.50,4165144
1770226065875,7199.04,1859.28,105988096,49070080,43520032,41.50,4165144
1770226065977,7204.34,1861.32,106184704,49070080,43741872,41.72,4166482
1770226066079,7204.52,1861.41,106184704,49070080,43743344,41.72,4166482
1770226066181,7207.30,1863.34,106414080,49070080,43965000,41.93,4176012
1770226066282,7207.39,1863.39,106414080,49070080,43966472,41.93,4176012
1770226066384,7207.50,1863.48,106414080,49070080,43967920,41.93,4176012
1770226066486,7210.18,1865.72,106627072,49070080,44189248,42.14,4177350
1770226066588,7210.32,1865.81,106627072,49070080,44190720,42.14,4177350
1770226066690,7214.76,1868.26,106840064,49070080,44412272,42.35,4186880
1770226066792,7214.97,1868.37,106840064,49070080,44413744,42.36,4186880
1770226066894,7215.15,1868.47,106840064,49070080,44415192,42.36,4186880
1770226066996,7219.79,1870.62,107036672,49332224,43184936,41.18,4188218
1770226067098,7219.94,1870.72,107036672,49332224,43186408,41.19,4188218
1770226067200,7222.66,1872.54,107036672,49332224,43408000,41.40,4154943
1770226067302,7222.82,1872.60,107036672,49332224,43409448,41.40,4154943
1770226067404,7223.01,1872.70,107036672,49332224,43410896,41.40,4154943
1770226067505,7225.78,1874.51,107036672,49332224,43632224,41.61,4156281
1770226067605,7225.98,1874.63,107036672,49332224,43633672,41.61,4156281
1770226067707,7238.52,1876.63,107053056,49332224,43855968,41.82,4165811
1770226067807,7238.62,1876.70,107053056,49332224,43857416,41.83,4165811
1770226067909,7238.76,1876.77,107053056,49332224,43858864,41.83,4165811
1770226068012,7252.96,1878.68,107053056,49332224,44080368,42.04,4167149
1770226068114,7253.11,1878.78,107053056,49332224,44081816,42.04,4167149
1770226068216,7255.76,1880.53,107069440,49332224,44301648,42.25,4176679
1770226068317,7255.87,1880.61,107069440,49332224,44303096,42.25,4176679
1770226068417,7255.97,1880.69,107069440,49332224,44304544,42.25,4176679
1770226068519,7258.55,1882.50,107069440,49332224,44524208,42.46,4178017
1770226068621,7258.67,1882.59,107069440,49332224,44525656,42.46,4178017
1770226068723,7265.49,1884.30,107069440,49332224,44745720,42.67,4187547
1770226068825,7265.60,1884.38,107069440,49332224,44747168,42.67,4187547
1770226068927,7265.75,1884.47,107069440,49332224,44748616,42.68,4187547
1770226069029,7269.97,1887.27,104235008,46448640,43499648,41.48,4146084
1770226069131,7270.14,1887.37,104235008,46448640,43501096,41.49,4146084
1770226069233,7272.73,1889.21,104235008,46448640,43720952,41.70,4155614
1770226069335,7272.98,1889.33,104235008,46448640,43722400,41.70,4155614
1770226069438,7274.80,1890.42,104251392,46448640,43833472,41.80,4156285
1770226069540,7275.74,1891.16,104251392,46448640,43943512,41.91,4156952
1770226069642,7275.89,1891.27,104251392,46448640,43944960,41.91,4156952
1770226069742,7279.67,1893.40,104759296,47759360,43527136,41.51,4166482
1770226069842,7279.77,1893.48,104759296,47759360,43528584,41.51,4166482
1770226069944,7281.50,1894.55,104857600,47759360,43639840,41.62,4146084
1770226070046,7282.19,1895.22,104955904,47759360,43749808,41.72,4146751
1770226070148,7282.30,1895.31,104972288,47759360,43751280,41.72,4146751
1770226070250,7285.44,1897.73,105168896,47759360,43971168,41.93,4156281
1770226070352,7285.53,1897.80,105168896,47759360,43972616,41.94,4156281
1770226070452,7289.07,1900.30,105480192,47759360,43546912,41.53,4157619
1770226070554,7289.14,1900.35,105480192,47759360,43548384,41.53,4157619
1770226070656,7289.25,1900.44,105480192,47759360,43549832,41.53,4157619
1770226070758,7291.66,1902.21,105480192,47759360,43769736,41.74,4154276
1770226070860,7291.77,1902.29,105480192,47759360,43771184,41.74,4154276
1770226070962,7298.13,1904.01,105496576,47759360,43994704,41.96,4155614
1770226071064,7298.23,1904.06,105496576,47759360,43996152,41.96,4155614
1770226071166,7298.39,1904.16,105496576,47759360,43997600,41.96,4155614
1770226071268,7302.76,1906.04,105496576,47759360,44221400,42.17,4165144
1770226071370,7302.87,1906.13,105496576,47759360,44222848,42.17,4165144
1770226071471,7306.22,1907.97,105644032,48021504,43680712,41.66,4166482
1770226071573,7306.34,1908.06,105644032,48021504,43682160,41.66,4166482
1770226071675,7306.47,1908.15,105644032,48021504,43683608,41.66,4166482
1770226071777,7315.96,1910.07,105660416,48021504,43986080,41.95,4154943
1770226071878,7316.10,1910.17,105660416,48021504,43987528,41.95,4154943
1770226071980,7318.54,1911.89,105660416,48021504,44206968,42.16,4156281
1770226072082,7318.62,1911.94,105660416,48021504,44208416,42.16,4156281
1770226072184,7318.73,1912.01,105660416,48021504,44209864,42.16,4156281
1770226072286,7327.08,1913.87,105660416,48021504,44429640,42.37,4165811
1770226072388,7327.19,1913.96,105660416,48021504,44431088,42.37,4165811
1770226072490,7340.29,1915.87,105938944,48283648,44099616,42.06,4167149
1770226072592,7340.42,1915.94,105938944,48283648,44101064,42.06,4167149
1770226072694,7340.55,1916.03,105938944,48283648,44102512,42.06,4167149
1770226072795,7346.09,1918.01,105938944,48283648,44314552,42.26,4154943
1770226072898,7346.21,1918.10,105938944,48283648,44316000,42.26,4154943
1770226073000,7348.46,1919.98,105938944,48283648,44527736,42.46,4156281
1770226073102,7348.56,1920.05,105938944,48283648,44529184,42.47,4156281
1770226073204,7348.67,1920.13,105938944,48283648,44530632,42.47,4156281
1770226073306,7351.01,1922.11,105955328,48283648,44743128,42.67,4165811
1770226073408,7351.14,1922.19,105955328,48283648,44744576,42.67,4165811
1770226073510,7354.56,1924.24,106250240,50642944,44261512,42.21,4167149
1770226073612,7354.70,1924.32,106250240,50642944,44262960,42.21,4167149
1770226073714,7354.85,1924.39,106250240,50642944,44264408,42.21,4167149
1770226073816,7360.83,1926.11,106250240,50642944,44476432,42.42,4154276
1770226073916,7360.98,1926.22,106250240,50642944,44477880,42.42,4154276
1770226074017,7364.08,1928.02,106283008,50642944,44943416,42.86,4155614
1770226074119,7364.18,1928.10,106283008,50642944,44944864,42.86,4155614
1770226074221,7364.31,1928.18,106283008,50642944,44946312,42.86,4155614
1770226074323,7374.75,1930.05,106299392,50642944,45158728,43.07,4165144
1770226074424,7374.87,1930.14,106299392,50642944,45160176,43.07,4165144
1770226074525,7378.91,1932.10,106332160,50642944,45371768,43.27,4166482
1770226074628,7379.00,1932.15,106332160,50642944,45373216,43.27,4166482
1770226074730,7379.11,1932.22,106332160,50642944,45374664,43.27,4166482
1770226074832,7381.43,1933.94,106545152,50642944,45586416,43.47,4176012
1770226074934,7381.54,1934.02,106545152,50642944,45587864,43.48,4176012
1770226075036,7383.91,1935.86,106741760,50642944,45799504,43.68,4177350
1770226075138,7384.01,1935.94,106741760,50642944,45800952,43.68,4177350
1770226075241,7384.11,1936.01,106741760,50642944,45802400,43.68,4177350
1770226075343,7386.58,1938.04,106954752,50642944,46014224,43.88,4186880
1770226075445,7386.73,1938.12,106954752,50642944,46015672,43.88,4186880
1770226075547,7389.37,1940.15,107167744,50642944,46227272,44.09,4188218
1770226075649,7389.49,1940.22,107167744,50642944,46228720,44.09,4188218
1770226075751,7390.57,1941.06,107266048,50642944,46335920,44.19,4197081
1770226075853,7391.91,1941.70,107429888,50905088,44898280,42.82,4197748
1770226075953,7392.10,1941.79,107429888,50905088,44899752,42.82,4197748
1770226076055,7394.28,1943.52,107446272,50905088,45111280,43.02,4146751
1770226076157,7394.41,1943.59,107446272,50905088,45112752,43.02,4146751
1770226076257,7397.60,1945.35,107446272,50905088,45324464,43.22,4156281
1770226076359,7416.63,1945.46,107462656,50905088,45327960,43.23,4156281
1770226076461,7416.72,1945.52,107462656,50905088,45329408,43.23,4156281
1770226076562,7419.09,1947.44,107511808,50905088,45539712,43.43,4157619
1770226076665,7419.19,1947.52,107511808,50905088,45541160,43.43,4157619
1770226076765,7432.82,1950.05,107708416,50905088,45751640,43.63,4167149
1770226076868,7437.78,1950.14,107708416,50905088,45753352,43.63,4167149
1770226076970,7437.99,1950.25,107708416,50905088,45754800,43.64,4167149
1770226077072,7468.43,1952.92,107937792,50905088,45965192,43.84,4168487
1770226077174,7468.52,1952.97,107937792,50905088,45966664,43.84,4168487
1770226077275,7470.89,1954.81,108150784,50905088,46174240,44.04,4178017
1770226077377,7470.97,1954.87,108150784,50905088,46175688,44.04,4178017
1770226077477,7471.10,1954.96,108150784,50905088,46177136,44.04,4178017
1770226077579,7473.12,1956.73,108347392,50905088,46384432,44.24,4179355
1770226077681,7473.25,1956.81,108347392,50905088,46385904,44.24,4179355
1770226077782,7477.01,1959.60,105644032,48021504,45164392,43.07,4188885
1770226077885,7477.07,1959.65,105644032,48021504,45165840,43.07,4188885
1770226077987,7477.19,1959.70,105644032,48021504,45167288,43.07,4188885
1770226078089,7479.89,1961.66,105644032,48021504,45374608,43.27,4146751
1770226078190,7480.11,1961.73,105644032,48021504,45376056,43.27,4146751
1770226078292,7482.72,1963.28,105644032,48021504,45583712,43.47,4156281
1770226078394,7482.82,1963.34,105644032,48021504,45585160,43.47,4156281
1770226078496,7482.95,1963.42,105644032,48021504,45586608,43.47,4156281
1770226078597,7486.32,1965.50,106266624,51429376,45193560,43.10,4157619
1770226078699,7486.44,1965.58,106266624,51429376,45195008,43.10,4157619
1770226078801,7488.88,1967.34,106479616,51429376,45402560,43.30,4154943
1770226078903,7488.96,1967.39,106479616,51429376,45404008,43.30,4154943
1770226079005,7489.06,1967.46,106479616,51429376,45405456,43.30,4154943
1770226079107,7491.32,1969.31,106676224,51429376,45612832,43.50,4156281
1770226079207,7491.43,1969.39,106676224,51429376,45614280,43.50,4156281
1770226079309,7496.10,1971.91,106872832,51429376,45821952,43.70,4165811
1770226079411,7496.21,1971.99,106872832,51429376,45823400,43.70,4165811
1770226079512,7496.33,1972.07,106872832,51429376,45824848,43.70,4165811
1770226079615,7498.77,1973.89,107085824,51429376,46032120,43.90,4167149
1770226079717,7498.90,1973.97,107085824,51429376,46033568,43.90,4167149
1770226079817,7501.26,1975.81,107282432,51429376,46241152,44.10,4176679
1770226079919,7501.36,1975.88,107282432,51429376,46242600,44.10,4176679
1770226080021,7501.45,1975.96,107282432,51429376,46244048,44.10,4176679
1770226080123,7505.12,1977.66,107495424,51429376,46451376,44.30,4178017
1770226080225,7505.35,1977.78,107495424,51429376,46452824,44.30,4178017
1770226080327,7508.91,1979.76,107692032,51429376,46660864,44.50,4187547
1770226080429,7509.03,1979.84,107692032,51429376,46662312,44.50,4187547
1770226080531,7510.81,1979.95,107692032,51429376,46664072,44.50,4187547
1770226080633,7513.01,1981.71,107888640,51429376,46871176,44.70,4188885
1770226080735,7513.20,1981.82,107888640,51429376,46873136,44.70,4188885
1770226080835,7516.85,1984.27,106053632,48283648,45495592,43.39,4198415
1770226080938,7516.95,1984.34,106053632,48283648,45497064,43.39,4198415
1770226081040,7517.05,1984.41,106053632,48283648,45498512,43.39,4198415
1770226081142,7519.51,1986.48,106053632,48283648,45705528,43.59,4146751
1770226081244,7519.72,1986.60,106053632,48283648,45706976,43.59,4146751
1770226081346,7522.78,1989.05,106070016,48283648,45914248,43.79,4156281
1770226081448,7523.04,1989.16,106070016,48283648,45915696,43.79,4156281
1770226081550,7523.30,1989.29,106070016,48283648,45917144,43.79,4156281
1770226081653,7525.74,1991.12,106070016,48283648,46124192,43.99,4157619
1770226081755,7525.99,1991.26,106070016,48283648,46125640,43.99,4157619
1770226081857,7540.35,1994.08,105676800,48545792,45736592,43.62,4154276
1770226081959,7540.59,1994.20,105676800,48545792,45738040,43.62,4154276
1770226082061,7542.58,1995.41,105775104,48545792,45842752,43.72,4154947
1770226082163,7543.49,1996.16,105873408,48545792,45946440,43.82,4155614
1770226082265,7543.65,1996.21,105873408,48545792,45947888,43.82,4155614
1770226082367,7558.32,1998.36,106086400,48545792,46155936,44.02,4165144
1770226082467,7558.57,1998.52,106102784,48545792,46157384,44.02,4165144
1770226082602,7641.06,2008.81,124895232,70565888,56072400,53.47,4145417
1770226082704,7889.72,2020.14,155697152,98091008,74365160,70.92,4135883
1770226082806,7889.75,2020.16,155697152,98091008,74366632,70.92,4135883
1770226082908,7890.41,2020.72,155697152,98091008,74574192,71.12,4145413
1770226083010,7890.64,2020.85,155697152,98091008,74575664,71.12,4145413
1770226083112,7892.85,2022.98,155697152,98091008,74782432,71.32,4146751
1770226083214,7893.03,2023.08,155697152,98091008,74783904,71.32,4146751
1770226083316,7893.24,2023.17,155697152,98091008,74785352,71.32,4146751
1770226083418,7895.84,2025.26,155697152,98091008,74992368,71.52,4156281
1770226083520,7896.02,2025.35,155697152,98091008,74993840,71.52,4156281
1770226083621,7898.64,2027.15,155697152,98091008,75200648,71.72,4157619
1770226083724,7898.76,2027.23,155697152,98091008,75202120,71.72,4157619
1770226083826,7898.93,2027.32,155697152,98091008,75203568,71.72,4157619
1770226083927,7901.51,2029.03,155713536,98091008,75410512,71.92,4167149
1770226084030,7901.76,2029.18,155713536,98091008,75411984,71.92,4167149
1770226084132,7904.61,2031.61,155713536,98091008,75618760,72.12,4168487
1770226084234,7904.74,2031.70,155713536,98091008,75620232,72.12,4168487
1770226084334,7907.49,2032.66,155713536,98091008,75725040,72.22,4177350
1770226084437,7908.22,2033.30,155713536,98091008,75828648,72.32,4178017
1770226084539,7908.49,2033.45,155713536,98091008,75830120,72.32,4178017
1770226084641,7911.65,2036.02,155713536,98091008,76036912,72.51,4179355
1770226084743,7911.78,2036.11,155713536,98091008,76038384,72.52,4179355
1770226084842,7914.43,2038.01,155713536,98091008,76245296,72.71,4188885
1770226084945,7921.08,2039.45,156745728,99401728,64410024,61.43,4188885
1770226085046,7921.33,2039.59,156745728,99401728,64411472,61.43,4188885
1770226085149,7923.91,2041.38,156762112,99401728,64618264,61.62,4146751
1770226085251,7924.04,2041.47,156762112,99401728,64619712,61.63,4146751
1770226085353,7926.57,2043.20,156762112,99401728,64826744,61.82,4156281
1770226085455,7926.70,2043.26,156762112,99401728,64828192,61.82,4156281
1770226085557,7926.96,2043.37,156762112,99401728,64829640,61.83,4156281
1770226085659,7934.83,2045.36,156778496,99401728,65038040,62.03,4157619
1770226085759,7934.95,2045.45,156778496,99401728,65039488,62.03,4157619
1770226085860,7938.20,2047.36,156778496,99401728,65246176,62.22,4167149
1770226085963,7938.37,2047.44,156778496,99401728,65247624,62.22,4167149
1770226086065,7938.62,2047.59,156778496,99401728,65249072,62.23,4167149
1770226086167,7941.17,2049.55,156778496,99401728,65455520,62.42,4168487
1770226086269,7941.48,2049.73,156778496,99401728,65456968,62.42,4168487
1770226086371,7943.92,2051.46,156778496,99401728,65663664,62.62,4178017
1770226086473,7944.07,2051.52,156778496,99401728,65665112,62.62,4178017
1770226086575,7944.26,2051.61,156778496,99401728,65666560,62.62,4178017
1770226086677,7946.68,2053.51,156778496,99401728,65873048,62.82,4179355
1770226086779,7946.86,2053.62,156778496,99401728,65874496,62.82,4179355
1770226086881,7949.85,2056.12,156778496,99401728,66081160,63.02,4188885
1770226086983,7950.05,2056.23,156778496,99401728,66082608,63.02,4188885
1770226087085,7950.26,2056.34,156778496,99401728,66084056,63.02,4188885
1770226087187,7953.29,2058.94,156794880,99401728,66290680,63.22,4190223
1770226087289,7953.42,2059.04,156794880,99401728,66292152,63.22,4190223
1770226087391,7955.68,2060.81,156794880,99401728,66498928,63.42,4199753
1770226087493,7958.89,2060.88,156794880,99401728,66500648,63.42,4199753
1770226087595,7959.03,2060.97,156794880,99401728,66502096,63.42,4199753
1770226087698,7961.12,2062.75,156794880,99401728,66708616,63.62,4201091
1770226087800,7961.24,2062.84,156794880,99401728,66710088,63.62,4201091
1770226087903,7964.05,2064.80,156811264,99401728,66916728,63.82,4210621
1770226088005,7964.32,2064.99,156811264,99401728,66918200,63.82,4210621
1770226088107,7964.59,2065.14,156811264,99401728,66919648,63.82,4210621
1770226088209,7967.51,2067.28,156811264,99401728,67126320,64.02,4211959
1770226088311,7967.78,2067.44,156811264,99401728,67127792,64.02,4211959
1770226088413,7970.86,2069.64,156811264,99401728,67334568,64.22,4221489
1770226088514,7971.09,2069.77,156811264,99401728,67336040,64.22,4221489
1770226088614,7971.28,2069.88,156811264,99401728,67337488,64.22,4221489
1770226088716,7972.88,2071.39,156811264,99401728,67543968,64.41,4222827
1770226088816,7973.06,2071.50,156811264,99401728,67545440,64.42,4222827
1770226088918,7975.36,2073.57,156827648,99401728,67752160,64.61,4232357
1770226089020,7975.47,2073.65,156827648,99401728,67753632,64.61,4232357
1770226089120,7975.57,2073.74,156827648,99401728,67755080,64.62,4232357
1770226089222,7977.67,2075.52,156827648,99401728,67961568,64.81,4233695
1770226089325,7977.81,2075.61,156827648,99401728,67963040,64.81,4233695
1770226089427,7980.22,2077.48,156827648,99401728,68169912,65.01,4243225
1770226089529,7980.34,2077.57,156827648,99401728,68171384,65.01,4243225
1770226089632,7980.48,2077.66,156827648,99401728,68172832,65.01,4243225
1770226089734,7984.39,2079.51,156827648,99401728,68379520,65.21,4244563
1770226089834,7984.50,2079.60,156827648,99401728,68380992,65.21,4244563
1770226089937,7987.37,2082.11,156827648,99401728,68587640,65.41,4254093
1770226090039,7987.47,2082.19,156827648,99401728,68589112,65.41,4254093
1770226090143,7989.17,2083.26,156827648,99401728,68693544,65.51,4254764
1770226090242,7989.95,2083.97,156827648,99401728,68797048,65.61,4255431
1770226090345,7990.06,2084.05,156827648,99401728,68798520,65.61,4255431
1770226090446,7992.29,2086.02,156827648,99401728,69150640,65.95,4264961
1770226090549,7992.40,2086.10,156827648,99401728,69152112,65.95,4264961
1770226090648,7994.09,2087.72,156827648,99401728,69256560,66.05,4265632
1770226090751,8050.79,2095.95,114851840,57196544,42792432,40.81,4135216
1770226090853,8053.75,2096.02,114851840,57196544,42794064,40.81,4135216
1770226090954,8057.87,2097.85,114851840,57196544,43033360,41.04,4144746
1770226091057,8057.99,2097.95,114851840,57196544,43034832,41.04,4144746
1770226091158,8060.46,2099.83,114851840,57196544,43251688,41.25,4146084
1770226091260,8060.55,2099.89,114851840,57196544,43253160,41.25,4146084
1770226091361,8147.76,2108.46,103055360,46448640,42260840,40.30,4135216
1770226091463,8151.55,2110.52,103301120,46448640,42733408,40.75,4144746
1770226091564,8151.79,2110.66,103301120,46448640,42734880,40.76,4144746
1770226091664,8155.86,2112.54,103514112,46448640,42961856,40.97,4146084
1770226091765,8155.95,2112.59,103514112,46448640,42963328,40.97,4146084
1770226091867,8156.09,2112.68,103514112,46448640,42964776,40.97,4146084
1770226091968,8211.64,2116.98,104005632,45662208,42101408,40.15,4135216
1770226092070,8222.15,2117.98,102989824,45662208,42228448,40.27,4135216
1770226092171,8230.94,2120.31,103268352,45662208,42778976,40.80,4136554
1770226092273,8231.13,2120.43,103268352,45662208,42780448,40.80,4136554
1770226092376,8231.40,2120.61,103268352,45662208,42781896,40.80,4136554
1770226092478,8234.60,2122.84,103481344,45662208,43003808,41.01,4146084
1770226092580,8234.85,2123.00,103481344,45662208,43005280,41.01,4146084
1770226092682,8237.74,2124.81,103694336,45662208,43226960,41.22,4147422
1770226092783,8237.83,2124.88,103710720,45662208,43228432,41.23,4147422
1770226092886,8237.97,2124.99,103710720,45662208,43229880,41.23,4147422
1770226092988,8242.70,2127.24,104267776,48807936,42606912,40.63,4156952
1770226093091,8242.92,2127.38,104267776,48807936,42608384,40.63,4156952
1770226093193,8245.63,2129.17,104513536,48807936,42830112,40.85,4146751
1770226093294,8245.71,2129.22,104513536,48807936,42831584,40.85,4146751
1770226093395,8245.84,2129.32,104513536,48807936,42833032,40.85,4146751
1770226093496,8248.51,2131.19,104726528,48807936,43054976,41.06,4156281
1770226093596,8248.66,2131.30,104726528,48807936,43056448,41.06,4156281
1770226093698,8251.42,2133.40,104939520,48807936,43278160,41.27,4157619
1770226093799,8251.52,2133.49,104939520,48807936,43279632,41.27,4157619
1770226093902,8251.63,2133.58,104939520,48807936,43281080,41.28,4157619
1770226094004,8254.26,2135.45,105152512,48807936,43502976,41.49,4167149
1770226094105,8254.36,2135.56,105152512,48807936,43504448,41.49,4167149
1770226094208,8256.89,2137.37,105349120,48807936,43726152,41.70,4168487
1770226094310,8257.04,2137.45,105365504,48807936,43727624,41.70,4168487
1770226094412,8257.27,2137.53,105365504,48807936,43729072,41.70,4168487
1770226094514,8260.33,2139.61,105578496,48807936,43950984,41.91,4178017
1770226094616,8260.50,2139.74,105578496,48807936,43952456,41.92,4178017
1770226094718,8264.50,2141.58,105807872,48807936,42846744,40.86,4179355
1770226094820,8264.60,2141.64,105807872,48807936,42848216,40.86,4179355
1770226094921,8264.72,2141.73,105807872,48807936,42849664,40.86,4179355
1770226095024,8268.73,2143.71,105807872,48807936,43071600,41.08,4154276
1770226095126,8268.89,2143.80,105807872,48807936,43073072,41.08,4154276
1770226095228,8271.54,2145.62,105807872,48807936,43294712,41.29,4155614
1770226095329,8271.65,2145.71,105807872,48807936,43296184,41.29,4155614
1770226095432,8271.76,2145.81,105807872,48807936,43297632,41.29,4155614
1770226095534,8275.57,2147.71,105889792,48807936,43519752,41.50,4165144
1770226095634,8275.71,2147.81,105889792,48807936,43521224,41.51,4165144
1770226095735,8278.07,2149.60,106037248,48807936,43742920,41.72,4166482
1770226095837,8278.19,2149.70,106053632,48807936,43744392,41.72,4166482
1770226095939,8278.29,2149.79,106053632,48807936,43745840,41.72,4166482
1770226096041,8282.58,2151.65,106266624,48807936,43967864,41.93,4176012
1770226096143,8282.71,2151.76,106283008,48807936,43969336,41.93,4176012
1770226096244,8285.49,2153.77,106479616,48807936,44190672,42.14,4177350
1770226096346,8285.59,2153.86,106479616,48807936,44192144,42.14,4177350
1770226096449,8285.70,2153.96,106496000,48807936,44193592,42.15,4177350
1770226096550,8289.06,2156.55,106708992,48807936,44415104,42.36,4186880
1770226096653,8289.17,2156.64,106708992,48807936,44416576,42.36,4186880
1770226096755,8302.34,2158.68,106954752,48807936,43143888,41.15,4188218
1770226096857,8302.44,2158.77,106954752,48807936,43145360,41.15,4188218
1770226096960,8304.36,2159.93,106971136,48807936,43257360,41.25,4154276
1770226097063,8305.19,2160.64,106971136,48807936,43368208,41.36,4154943
1770226097165,8305.34,2160.74,106971136,48807936,43369680,41.36,4154943
1770226097267,8308.09,2162.57,106971136,48807936,43590840,41.57,4156281
1770226097368,8308.22,2162.69,106971136,48807936,43592288,41.57,4156281
1770226097468,8311.71,2164.47,106971136,48807936,43813632,41.78,4165811
1770226097570,8311.91,2164.53,106971136,48807936,43815160,41.79,4165811
1770226097672,8312.08,2164.66,106971136,48807936,43816608,41.79,4165811
1770226097775,8314.63,2166.47,106971136,48807936,44037776,42.00,4167149
1770226097877,8314.74,2166.57,106971136,48807936,44039224,42.00,4167149
1770226097978,8326.49,2168.81,106971136,48807936,44260656,42.21,4176679
1770226098080,8328.90,2168.89,106987520,48807936,44264088,42.21,4176679
1770226098183,8329.02,2169.00,106987520,48807936,44265536,42.21,4176679
1770226098285,8331.57,2170.71,106987520,48807936,44486088,42.43,4178017
1770226098387,8331.67,2170.80,106987520,48807936,44487536,42.43,4178017
1770226098489,8338.96,2172.97,107134976,48807936,44708456,42.64,4187547
1770226098591,8339.05,2173.04,107134976,48807936,44709928,42.64,4187547
1770226098692,8339.15,2173.13,107134976,48807936,44711376,42.64,4187547
1770226098795,8342.89,2175.96,104398848,46186496,43407648,41.40,4188885
1770226098897,8343.04,2176.08,104398848,46186496,43409120,41.40,4188885
1770226098999,8346.12,2178.48,104398848,46186496,43629912,41.61,4154943
1770226099099,8346.20,2178.54,104398848,46186496,43631360,41.61,4154943
1770226099200,8346.31,2178.63,104398848,46186496,43632808,41.61,4154943
1770226099303,8349.43,2180.97,104398848,46186496,43972024,41.93,4156281
1770226099405,8349.62,2181.08,104398848,46186496,43973472,41.94,4156281
1770226099507,8352.41,2182.99,104415232,46186496,44194280,42.15,4165811
1770226099609,8352.51,2183.06,104415232,46186496,44195728,42.15,4165811
1770226099710,8352.63,2183.16,104415232,46186496,44197176,42.15,4165811
1770226099813,8355.91,2185.05,104873984,47497216,43602144,41.58,4146084
1770226099915,8356.03,2185.14,104873984,47497216,43603592,41.58,4146084
1770226100017,8358.46,2186.95,105086976,47497216,43824408,41.79,4155614
1770226100119,8358.56,2187.04,105086976,47497216,43825856,41.80,4155614
1770226100221,8358.65,2187.11,105086976,47497216,43827304,41.80,4155614
1770226100323,8361.39,2189.45,105299968,47497216,44047920,42.01,4156952
1770226100424,8361.51,2189.55,105299968,47497216,44049368,42.01,4156952
1770226100526,8364.58,2191.41,105529344,47759360,43402048,41.39,4166482
1770226100628,8364.66,2191.47,105529344,47759360,43403496,41.39,4166482
1770226100730,8364.75,2191.55,105529344,47759360,43404944,41.39,4166482
1770226100832,8367.42,2193.37,105529344,47759360,43625504,41.60,4146084
1770226100934,8367.52,2193.46,105529344,47759360,43626952,41.61,4146084
1770226101036,8371.97,2195.47,105545728,47759360,43848048,41.82,4155614
1770226101137,8372.07,2195.56,105545728,47759360,43849496,41.82,4155614
1770226101238,8372.19,2195.64,105545728,47759360,43850944,41.82,4155614
1770226101341,8381.32,2197.50,105545728,47759360,44072048,42.03,4156952
1770226101443,8381.45,2197.61,105545728,47759360,44073496,42.03,4156952
1770226101545,8384.08,2199.25,105545728,47759360,44293920,42.24,4166482
1770226101645,8384.20,2199.38,105545728,47759360,44295368,42.24,4166482
1770226101746,8384.32,2199.47,105545728,47759360,44296816,42.24,4166482
1770226101849,8389.90,2201.32,105562112,47759360,43549488,41.53,4146084
1770226101952,8390.01,2201.41,105562112,47759360,43550936,41.53,4146084
1770226102054,8394.92,2202.84,105578496,47759360,43771472,41.74,4155614
1770226102156,8395.02,2202.90,105578496,47759360,43772920,41.75,4155614
1770226102258,8395.10,2202.96,105578496,47759360,43774368,41.75,4155614
1770226102360,8398.40,2204.58,105578496,47759360,43994352,41.96,4156952
1770226102462,8398.56,2204.71,105578496,47759360,43995800,41.96,4156952
1770226102565,8410.74,2206.73,105594880,47759360,44216616,42.17,4166482
1770226102667,8410.86,2206.81,105594880,47759360,44218064,42.17,4166482
1770226102768,8414.76,2208.07,105627648,47759360,44328176,42.27,4167153
1770226102870,8418.51,2208.72,105709568,47759360,43472792,41.46,4167820
1770226102972,8418.64,2208.81,105709568,47759360,43474264,41.46,4167820
1770226103074,8422.94,2210.57,105709568,47759360,43691480,41.67,4154943
1770226103176,8423.06,2210.67,105709568,47759360,43692928,41.67,4154943
1770226103277,8426.08,2212.36,105725952,47759360,43909376,41.88,4156281
1770226103379,8426.17,2212.41,105725952,47759360,43910824,41.88,4156281
1770226103480,8426.29,2212.50,105725952,47759360,43912272,41.88,4156281
1770226103583,8431.87,2214.08,105725952,47759360,44128792,42.08,4165811
1770226103685,8432.09,2214.21,105725952,47759360,44130240,42.09,4165811
1770226103786,8438.99,2216.35,105725952,47759360,44341968,42.29,4167149
1770226103889,8439.24,2216.51,105725952,47759360,44343416,42.29,4167149
1770226103991,8439.51,2216.68,105725952,47759360,44344864,42.29,4167149
1770226104092,8443.58,2218.76,104742912,46710784,43820680,41.79,4146084
1770226104195,8443.81,2218.92,104742912,46710784,43822128,41.79,4146084
1770226104297,8446.73,2221.13,104742912,46710784,44033712,41.99,4147422
1770226104398,8446.91,2221.25,104742912,46710784,44035160,42.00,4147422
1770226104498,8447.16,2221.41,104742912,46710784,44036608,42.00,4147422
1770226104600,8459.50,2223.78,104759296,46710784,44248800,42.20,4156952
1770226104702,8459.66,2223.89,104759296,46710784,44250248,42.20,4156952
1770226104802,8462.10,2225.64,104759296,46710784,44461720,42.40,4158290
1770226104905,8462.24,2225.73,104759296,46710784,44463192,42.40,4158290
1770226105006,8462.39,2225.83,104759296,46710784,44464640,42.40,4158290
1770226105108,8471.84,2227.93,103841792,46710784,43705992,41.68,4167820
1770226105209,8471.96,2228.03,103841792,46710784,43707440,41.68,4167820
1770226105312,8474.59,2229.89,104038400,46710784,43918592,41.88,4146751
1770226105414,8474.73,2229.98,104038400,46710784,43920040,41.89,4146751
1770226105516,8474.93,2230.10,104054784,46710784,43921488,41.89,4146751
1770226105618,8477.58,2231.88,104251392,46710784,44132840,42.09,4156281
1770226105718,8477.75,2231.99,104251392,46710784,44134288,42.09,4156281
1770226105820,8479.98,2233.78,104464384,46710784,44345648,42.29,4157619
1770226105922,8480.10,2233.87,104464384,46710784,44347096,42.29,4157619
1770226106024,8480.17,2233.91,104464384,46710784,44348544,42.29,4157619
1770226106126,8486.56,2234.66,103825408,46710784,43708256,41.68,4167149
1770226106228,8486.61,2234.71,103825408,46710784,43709704,41.68,4167149
1770226106330,8489.03,2236.65,104038400,46710784,43920784,41.89,4146084
1770226106432,8489.16,2236.74,104038400,46710784,43922232,41.89,4146084
1770226106533,8489.32,2236.85,104038400,46710784,43923680,41.89,4146084
1770226106636,8510.17,2238.66,104267776,46710784,44136128,42.09,4155614
1770226106738,8510.33,2238.76,104267776,46710784,44137576,42.09,4155614
1770226106838,8512.89,2240.71,104464384,46710784,44347448,42.29,4156952
1770226106940,8512.99,2240.79,104464384,46710784,44348896,42.29,4156952
1770226107041,8513.10,2240.88,104464384,46710784,44350344,42.30,4156952
1770226107142,8538.78,2242.99,104693760,46972928,44760824,42.69,4166482
1770226107243,8538.89,2243.05,104693760,46972928,44762272,42.69,4166482
1770226107346,8541.90,2245.21,103989248,47235072,43998320,41.96,4167820
1770226107448,8541.99,2245.28,103989248,47235072,43999768,41.96,4167820
1770226107550,8542.11,2245.38,103989248,47235072,44001216,41.96,4167820
1770226107652,8548.15,2247.19,104202240,47235072,44208344,42.16,4154943
1770226107754,8548.31,2247.31,104202240,47235072,44209792,42.16,4154943
1770226107856,8549.75,2248.76,104398848,47235072,44416824,42.36,4156281
1770226107958,8549.93,2248.84,104398848,47235072,44418272,42.36,4156281
1770226108059,8550.08,2248.95,104398848,47235072,44419720,42.36,4156281
1770226108162,8552.46,2250.94,104611840,47235072,44626928,42.56,4165811
1770226108264,8552.56,2251.02,104611840,47235072,44628376,42.56,4165811
1770226108366,8555.26,2253.33,103907328,47235072,43938840,41.90,4167149
1770226108466,8555.36,2253.41,103907328,47235072,43940312,41.90,4167149
1770226108570,8556.89,2254.54,104022016,47235072,44045240,42.00,4153609
1770226108671,8557.62,2255.24,104120320,47235072,44148968,42.10,4154276
1770226108774,8557.73,2255.32,104120320,47235072,44150416,42.11,4154276
1770226108876,8571.86,2257.43,104333312,47235072,44358480,42.30,4155614
1770226108977,8571.96,2257.52,104333312,47235072,44359928,42.30,4155614
1770226109078,8574.17,2259.24,104529920,47235072,44567296,42.50,4165144
1770226109180,8574.24,2259.28,104529920,47235072,44568744,42.50,4165144
1770226109281,8574.33,2259.36,104529920,47235072,44570192,42.51,4165144
1770226109384,8578.35,2261.49,104742912,47235072,44777320,42.70,4166482
1770226109486,8578.48,2261.60,104742912,47235072,44778768,42.70,4166482
1770226109586,8581.49,2263.70,104038400,47235072,44019176,41.98,4176012
1770226109688,8581.58,2263.75,104038400,47235072,44020624,41.98,4176012
1770226109791,8581.75,2263.88,104054784,47235072,44022072,41.98,4176012
1770226109892,8584.08,2265.71,104235008,47235072,44229112,42.18,4146751
1770226109995,8584.23,2265.80,104251392,47235072,44230560,42.18,4146751
1770226110095,8586.58,2267.72,104431616,47235072,44437840,42.38,4156281
1770226110197,8586.68,2267.80,104448000,47235072,44439288,42.38,4156281
