timestamp,cpu_user,cpu_system,rss,heapTotal,heapUsed,heapUsedMB,external
1770194107795,292.56,81.30,155746304,70828032,46371768,44.22,4109943
1770194107897,292.67,81.38,155746304,70828032,46376576,44.23,4109999
1770194107997,292.82,81.45,155762688,70828032,46378904,44.23,4109999
1770194108098,293.43,81.64,155779072,70828032,46409088,44.26,4109999
1770194108199,293.62,81.67,155779072,70828032,46411392,44.26,4109999
1770194108300,294.11,81.78,155795456,70828032,46414160,44.26,4109999
1770194108401,294.42,81.93,155795456,70828032,46416464,44.27,4109999
1770194108502,294.73,82.02,155795456,70828032,46418768,44.27,4109999
1770194108604,295.19,82.19,155795456,70828032,46421072,44.27,4109999
1770194108705,296.17,82.33,155795456,70828032,46423472,44.27,4109999
1770194108806,296.52,82.48,155811840,70828032,46425872,44.28,4109999
1770194108907,296.74,82.58,155811840,70828032,46428000,44.28,4109999
1770194109008,297.15,82.69,155811840,70828032,46430448,44.28,4109999
1770194109108,297.47,82.87,155811840,70828032,46432496,44.28,4109999
1770194109208,297.88,83.01,155811840,70828032,46434544,44.28,4109999
1770194109310,298.12,83.13,155811840,70828032,46436592,44.29,4109999
1770194109410,298.27,83.18,108920832,70828032,46438672,44.29,4109999
1770194109511,302.81,85.28,97730560,71090176,47014968,44.84,4111331
1770194109612,302.94,85.32,97370112,71090176,47017032,44.84,4111331
1770194109714,311.22,88.23,97763328,71352320,47519288,45.32,4120855
1770194109815,311.57,88.36,97763328,71352320,47521352,45.32,4120855
1770194109916,311.87,88.48,97763328,71352320,47523392,45.32,4120855
1770194110018,316.94,90.42,97943552,71352320,47807168,45.59,4122187
1770194110118,317.16,90.50,97943552,71352320,47809232,45.59,4122187
1770194110219,322.52,92.82,97976320,71352320,48088952,45.86,4123519
1770194110321,322.82,92.93,97976320,71352320,48091016,45.86,4123519
1770194110421,323.18,93.09,97976320,71352320,48093056,45.87,4123519
1770194110523,329.41,95.71,98271232,71352320,48372440,46.13,4124851
1770194110623,329.74,95.87,98271232,71352320,48374504,46.13,4124851
1770194110723,335.52,98.85,98467840,71876608,48903304,46.64,4134375
1770194110824,339.24,99.74,99352576,71876608,49124744,46.85,4134375
1770194110926,339.64,99.92,99352576,71876608,49126784,46.85,4134375
1770194111027,344.37,102.44,99532800,71876608,49405432,47.12,4135707
1770194111128,345.17,102.69,99565568,71876608,49411360,47.12,4135707
1770194111229,350.46,105.06,99860480,71876608,49690080,47.39,4137039
1770194111330,350.82,105.20,99860480,71876608,49692144,47.39,4137039
1770194111435,353.38,106.81,100073472,71876608,49833040,47.52,4137707
1770194111536,355.10,107.86,100204544,71876608,49972992,47.66,4138371
1770194111637,355.43,107.99,100204544,71876608,49975112,47.66,4138371
1770194111738,359.61,110.40,100499456,71876608,50254040,47.93,4147895
1770194111839,359.94,110.53,100499456,71876608,50256128,47.93,4147895
1770194111940,362.09,111.65,100663296,71876608,50402272,48.07,4148564
1770194112039,363.83,112.70,100810752,71876608,50547520,48.21,4149229
1770194112140,364.16,112.87,100810752,71876608,50549608,48.21,4149229
1770194112241,380.02,124.32,117604352,80003072,45989712,43.86,4150563
1770194112342,380.32,124.47,117620736,80003072,45991800,43.86,4150563
1770194112443,382.70,126.00,117768192,80003072,46132704,44.00,4115284
1770194112543,387.26,127.71,117981184,80003072,46272752,44.13,4115949
1770194112644,387.61,127.88,117981184,80003072,46274840,44.13,4115949
1770194112745,394.05,130.79,118407168,80003072,46554152,44.40,4125475
1770194112846,394.39,130.98,118423552,80003072,46556240,44.40,4125475
1770194112947,397.20,132.50,118554624,80003072,46697216,44.53,4126144
1770194113048,399.21,133.62,118702080,80003072,46837144,44.67,4126809
1770194113149,399.68,133.81,118702080,80003072,46839232,44.67,4126809
1770194113250,404.60,136.50,118865920,80003072,47118088,44.94,4128143
1770194113351,404.88,136.67,118865920,80003072,47120176,44.94,4128143
1770194113451,407.36,138.07,118980608,80003072,47261144,45.07,4128812
1770194113552,410.96,139.55,119144448,80003072,47401128,45.21,4129477
1770194113653,411.30,139.73,119144448,80003072,47403216,45.21,4129477
1770194113754,413.68,141.18,119390208,80003072,47682488,45.47,4139003
1770194113855,413.85,141.27,119406592,80003072,47684576,45.48,4139003
1770194113955,416.05,142.49,119554048,80003072,47825560,45.61,4139672
1770194114057,418.04,143.73,119701504,80003072,47965592,45.74,4140337
1770194114158,418.31,143.82,119701504,80003072,47967680,45.75,4140337
1770194114259,427.11,147.08,120094720,80003072,48246672,46.01,4141671
1770194114360,427.48,147.22,120094720,80003072,48248760,46.01,4141671
1770194114461,429.86,148.54,120225792,80003072,48389720,46.15,4142340
1770194114562,431.51,149.72,120324096,80003072,48529688,46.28,4143005
1770194114663,431.65,149.78,120324096,80003072,48531776,46.28,4143005
1770194114764,437.26,151.81,120586240,80003072,48831808,46.57,4152531
1770194114865,437.51,151.90,120586240,80003072,48833896,46.57,4152531
1770194114968,440.75,153.93,120700928,80003072,49112712,46.84,4153865
1770194115069,440.86,153.99,120700928,80003072,49114800,46.84,4153865
1770194115170,441.08,154.15,120700928,80003072,49116864,46.84,4153865
1770194115271,446.51,156.66,120946688,80003072,49395704,47.11,4155199
1770194115372,446.82,156.83,120946688,80003072,49397792,47.11,4155199
1770194115472,450.46,159.45,121126912,80003072,49676600,47.38,4156533
1770194115573,450.66,159.52,121126912,80003072,49678688,47.38,4156533
1770194115674,450.99,159.69,121143296,80003072,49680752,47.38,4156533
1770194115775,457.59,162.89,121143296,80003072,49959784,47.65,4166059
1770194115876,527.52,179.43,109133824,46710784,39664480,37.83,4109545
1770194115976,534.85,181.75,109133824,46710784,39996584,38.14,4110879
1770194116077,535.02,181.83,109133824,46710784,39998640,38.15,4110879
1770194116178,535.35,182.00,109133824,46710784,40000672,38.15,4110879
1770194116279,537.60,183.21,109133824,46710784,40282424,38.42,4112213
1770194116381,537.82,183.27,109133824,46710784,40284480,38.42,4112213
1770194116482,603.62,191.55,105299968,43040768,39745328,37.90,4110879
1770194116583,603.81,191.62,105299968,43040768,39747432,37.91,4110879
1770194116684,604.23,191.76,105299968,43040768,39749464,37.91,4110879
1770194116785,612.63,194.79,105578496,43040768,40084008,38.23,4120405
1770194116886,612.95,194.95,105578496,43040768,40086016,38.23,4120405
1770194116987,617.15,197.62,105824256,43040768,40352144,38.48,4121739
1770194117087,671.57,199.13,105906176,43040768,39497656,37.67,4109545
1770194117188,685.84,200.58,105267200,43040768,39769032,37.93,4109545
1770194117288,696.59,203.07,105562112,43040768,40065264,38.21,4110879
1770194117388,696.89,203.20,105562112,43040768,40067272,38.21,4110879
1770194117489,700.87,205.76,105824256,43040768,40324824,38.46,4112213
1770194117591,701.11,205.85,105824256,43040768,40326832,38.46,4112213
1770194117691,701.44,206.02,105840640,43040768,40328816,38.46,4112213
1770194117792,706.81,208.84,106086400,43040768,40586584,38.71,4121739
1770194117893,707.15,209.01,106086400,43040768,40588592,38.71,4121739
1770194117994,715.14,212.05,106676224,46186496,39985072,38.13,4120405
1770194118095,715.46,212.17,106676224,46186496,39987080,38.13,4120405
1770194118196,715.65,212.30,106692608,46186496,39989064,38.14,4120405
1770194118297,720.13,214.10,106921984,46186496,40244984,38.38,4121739
1770194118398,720.30,214.17,106938368,46186496,40246968,38.38,4121739
1770194118499,729.55,217.06,107298816,46186496,40501984,38.63,4123073
1770194118600,729.79,217.17,107315200,46186496,40503992,38.63,4123073
1770194118701,730.07,217.28,107315200,46186496,40505976,38.63,4123073
1770194118801,734.20,219.81,107544576,46186496,40760024,38.87,4132599
1770194118902,734.48,219.97,107560960,46186496,40762032,38.87,4132599
1770194119003,738.53,222.36,107790336,46186496,41015960,39.12,4133933
1770194119105,738.69,222.45,107790336,46186496,41017968,39.12,4133933
1770194119206,738.88,222.53,107806720,46186496,41019952,39.12,4133933
1770194119307,742.59,224.88,108036096,46186496,41273744,39.36,4135267
1770194119408,742.94,225.06,108036096,46186496,41275752,39.36,4135267
1770194119509,748.48,227.72,108314624,46186496,40224992,38.36,4136601
1770194119610,748.78,227.88,108314624,46186496,40227000,38.36,4136601
1770194119711,749.15,227.98,108314624,46186496,40228984,38.37,4136601
1770194119812,754.35,230.50,108314624,46186496,40483008,38.61,4128597
1770194119913,754.64,230.62,108314624,46186496,40485016,38.61,4128597
1770194120015,759.11,233.39,108347392,46186496,40739048,38.85,4129931
1770194120116,759.43,233.53,108347392,46186496,40741056,38.85,4129931
1770194120218,759.77,233.69,108347392,46186496,40743040,38.86,4129931
1770194120318,763.20,236.01,108396544,46186496,40996848,39.10,4131265
1770194120418,763.55,236.14,108396544,46186496,40998856,39.10,4131265
1770194120519,776.18,238.59,109297664,46186496,41253936,39.34,4132599
1770194120620,776.46,238.71,109297664,46186496,41255920,39.34,4132599
1770194120721,776.79,238.87,109297664,46186496,41257904,39.35,4132599
1770194120822,780.23,241.11,109559808,46186496,41508464,39.59,4142125
1770194120923,780.52,241.23,109559808,46186496,41510472,39.59,4142125
1770194121024,785.75,243.48,109805568,46186496,41760952,39.83,4143459
1770194121125,785.99,243.59,109805568,46186496,41762960,39.83,4143459
1770194121227,786.29,243.74,109805568,46186496,41764944,39.83,4143459
1770194121328,790.73,246.01,110034944,46186496,40464616,38.59,4144793
1770194121429,791.05,246.13,110034944,46186496,40466624,38.59,4144793
1770194121530,794.53,248.24,110034944,46186496,40716904,38.83,4121070
1770194121631,794.76,248.34,110034944,46186496,40718912,38.83,4121070
1770194121732,795.06,248.49,110034944,46186496,40720896,38.83,4121070
1770194121833,801.55,250.53,110051328,46186496,40971984,39.07,4130596
1770194121934,801.84,250.66,110051328,46186496,40973992,39.08,4130596
1770194122035,805.75,252.65,110051328,46186496,41223232,39.31,4131930
1770194122136,806.10,252.79,110051328,46186496,41225240,39.32,4131930
1770194122238,806.43,252.94,110051328,46186496,41227224,39.32,4131930
1770194122339,812.71,255.28,110051328,46186496,41478184,39.56,4133264
1770194122440,813.04,255.45,110051328,46186496,41480192,39.56,4133264
1770194122541,820.06,257.75,110067712,46186496,41734072,39.80,4134598
1770194122642,820.35,257.86,110067712,46186496,41736080,39.80,4134598
1770194122743,820.69,258.01,110067712,46186496,41738064,39.80,4134598
1770194122844,823.80,259.92,110067712,46186496,41983584,40.04,4144124
1770194122945,824.07,260.05,110067712,46186496,41985592,40.04,4144124
1770194123046,830.35,262.21,110247936,46186496,40741472,38.85,4145458
1770194123147,830.66,262.33,110247936,46186496,40743480,38.86,4145458
1770194123248,830.98,262.46,110247936,46186496,40745464,38.86,4145458
1770194123349,838.68,264.68,110247936,46186496,40998808,39.10,4121070
1770194123450,839.00,264.83,110247936,46186496,41000792,39.10,4121070
1770194123551,841.94,266.88,110247936,46186496,41302880,39.39,4122404
1770194123651,842.21,267.00,110247936,46186496,41304888,39.39,4122404
1770194123752,842.52,267.14,110247936,46186496,41306872,39.39,4122404
1770194123853,845.93,269.29,110247936,46186496,41551656,39.63,4131930
1770194123954,846.27,269.44,110247936,46186496,41553640,39.63,4131930
1770194124054,849.54,271.48,110247936,46186496,41798248,39.86,4133264
1770194124155,849.85,271.62,110247936,46186496,41800232,39.86,4133264
1770194124256,850.21,271.81,110247936,46186496,41802216,39.87,4133264
1770194124357,854.20,274.06,110264320,46186496,42046784,40.10,4134598
1770194124458,854.53,274.25,110264320,46186496,42048768,40.10,4134598
1770194124559,857.80,276.23,110264320,46186496,42293296,40.33,4135932
1770194124660,858.04,276.34,110264320,46186496,42295304,40.34,4135932
1770194124761,858.33,276.45,110264320,46186496,42297288,40.34,4135932
1770194124862,864.40,278.54,110444544,46710784,41007112,39.11,4145458
1770194124963,864.71,278.68,110444544,46710784,41009096,39.11,4145458
1770194125064,867.64,280.68,110444544,46710784,41252024,39.34,4121070
1770194125164,867.94,280.82,110444544,46710784,41254008,39.34,4121070
1770194125265,868.29,280.98,110444544,46710784,41255992,39.34,4121070
1770194125366,876.03,283.22,110460928,46710784,41499968,39.58,4122404
1770194125467,876.33,283.32,110460928,46710784,41501952,39.58,4122404
1770194125568,889.29,285.43,110575616,46710784,41744320,39.81,4123738
1770194125670,889.53,285.51,110575616,46710784,41746328,39.81,4123738
1770194125771,889.81,285.65,110575616,46710784,41748312,39.81,4123738
1770194125872,918.89,288.82,113541120,46710784,41992320,40.05,4133264
1770194125973,919.15,288.92,113541120,46710784,41994392,40.05,4133264
1770194126074,929.17,291.06,113573888,46710784,42405840,40.44,4134598
1770194126175,929.48,291.19,113573888,46710784,42407824,40.44,4134598
1770194126275,929.77,291.32,113573888,46710784,42409808,40.45,4134598
1770194126376,935.95,293.25,113573888,46710784,42648560,40.67,4135932
1770194126477,936.24,293.37,113573888,46710784,42650544,40.67,4135932
1770194126578,942.31,295.94,113573888,46710784,42889488,40.90,4137266
1770194126679,942.61,296.06,113573888,46710784,42891496,40.90,4137266
1770194126780,942.94,296.20,113573888,46710784,42893480,40.91,4137266
1770194126882,968.29,298.77,113901568,47235072,41645592,39.72,4128597
1770194126983,968.55,298.89,113901568,47235072,41647576,39.72,4128597
1770194127084,972.05,300.94,113934336,47235072,41886608,39.95,4129931
1770194127185,972.36,301.08,113934336,47235072,41888592,39.95,4129931
1770194127288,974.53,302.51,113934336,47235072,42009424,40.06,4130600
1770194127389,975.75,303.35,113950720,47235072,42129280,40.18,4131265
1770194127490,976.06,303.49,113950720,47235072,42131264,40.18,4131265
1770194127591,979.29,306.06,113950720,47235072,42370056,40.41,4132599
1770194127692,979.57,306.17,113950720,47235072,42372040,40.41,4132599
1770194127792,982.90,307.66,113950720,47235072,42492872,40.52,4133268
1770194127893,984.09,308.51,113950720,47235072,42612952,40.64,4142125
1770194127994,984.40,308.65,113950720,47235072,42614936,40.64,4142125
1770194128095,994.72,310.94,113950720,47235072,42855240,40.87,4143459
1770194128196,995.06,311.13,113950720,47235072,42857224,40.87,4143459
1770194128296,998.81,312.75,113950720,47235072,42978056,40.99,4144128
1770194128398,1001.50,314.13,114491392,51691520,41729896,39.80,4144793
1770194128498,1001.82,314.29,114491392,51691520,41731880,39.80,4144793
1770194128599,1005.68,316.36,114491392,51691520,41970616,40.03,4120405
1770194128701,1005.91,316.46,114491392,51691520,41972600,40.03,4120405
1770194128801,1010.46,318.39,114491392,51691520,42211552,40.26,4129931
1770194128901,1015.24,318.50,114507776,51691520,42214960,40.26,4129931
1770194129001,1015.48,318.61,114507776,51691520,42216944,40.26,4129931
1770194129102,1018.57,320.61,114524160,51691520,42455600,40.49,4131265
1770194129203,1018.80,320.71,114524160,51691520,42457584,40.49,4131265
1770194129304,1022.18,322.77,114524160,51691520,42696168,40.72,4132599
1770194129405,1022.37,322.84,114524160,51691520,42698152,40.72,4132599
1770194129506,1022.69,322.98,114524160,51691520,42700136,40.72,4132599
1770194129607,1027.69,325.19,114524160,51691520,42939048,40.95,4133933
1770194129708,1028.00,325.34,114524160,51691520,42941032,40.95,4133933
1770194129809,1035.70,327.47,114556928,51691520,43181064,41.18,4143459
1770194129910,1035.95,327.55,114556928,51691520,43183048,41.18,4143459
1770194130010,1036.22,327.69,114556928,51691520,43185032,41.18,4143459
1770194130111,1052.18,330.49,114573312,51691520,43425928,41.41,4144793
1770194130213,1052.57,330.64,114573312,51691520,43427912,41.42,4144793
1770194130313,1055.53,332.83,114819072,51691520,43663272,41.64,4146127
1770194130414,1055.72,332.90,114819072,51691520,43665280,41.64,4146127
1770194130515,1056.11,333.03,114819072,51691520,43667264,41.64,4146127
1770194130616,1059.69,335.60,115048448,51691520,43902672,41.87,4147461
1770194130717,1059.91,335.69,115064832,51691520,43904680,41.87,4147461
1770194130817,1062.83,337.54,115359744,51691520,44276080,42.22,4156987
1770194130919,1063.04,337.62,115359744,51691520,44278088,42.23,4156987
1770194131020,1063.36,337.75,115359744,51691520,44280072,42.23,4156987
1770194131121,1066.96,340.47,115589120,51691520,44515456,42.45,4158321
1770194131223,1067.21,340.60,115589120,51691520,44517464,42.46,4158321
1770194131324,1077.27,342.82,115818496,51691520,44773032,42.70,4159655
1770194131425,1080.79,343.00,115834880,51691520,44777008,42.70,4159655
1770194131526,1081.13,343.13,115834880,51691520,44778992,42.70,4159655
1770194131627,1084.99,345.48,116064256,51691520,45007672,42.92,4160989
1770194131728,1085.31,345.65,116080640,51691520,45009680,42.92,4160989
1770194131829,1088.24,347.80,116310016,51691520,45238616,43.14,4170515
1770194131930,1088.51,347.90,116310016,51691520,45240624,43.14,4170515
1770194132031,1088.82,348.05,116310016,51691520,45242608,43.15,4170515
1770194132131,1092.13,350.42,116523008,51691520,45471296,43.36,4171849
1770194132232,1092.53,350.66,116523008,51691520,45473304,43.37,4171849
1770194132333,1098.04,353.18,116899840,51953664,42457944,40.49,4173183
1770194132434,1098.23,353.26,116899840,51953664,42459952,40.49,4173183
1770194132535,1098.38,353.32,116899840,51953664,42461936,40.49,4173183
1770194132636,1101.40,355.34,116899840,51953664,42690608,40.71,4121070
1770194132737,1101.69,355.46,116899840,51953664,42692592,40.71,4121070
1770194132838,1104.78,357.60,116899840,51953664,42922072,40.93,4130596
1770194132938,1105.02,357.68,116899840,51953664,42924056,40.94,4130596
1770194133039,1105.33,357.80,116899840,51953664,42926040,40.94,4130596
1770194133140,1108.65,359.89,116916224,51953664,43154624,41.16,4131930
1770194133241,1108.95,360.04,116916224,51953664,43156608,41.16,4131930
1770194133342,1111.50,361.95,116916224,51953664,43385168,41.38,4133264
1770194133443,1111.79,362.06,116916224,51953664,43387152,41.38,4133264
1770194133543,1112.09,362.19,116916224,51953664,43389136,41.38,4133264
1770194133644,1116.52,364.11,116916224,51953664,43618104,41.60,4134598
1770194133745,1116.77,364.24,116916224,51953664,43620088,41.60,4134598
1770194133846,1119.43,366.12,116948992,51953664,43848264,41.82,4144124
1770194133947,1119.65,366.19,116948992,51953664,43850248,41.82,4144124
1770194134048,1119.95,366.33,116948992,51953664,43852232,41.82,4144124
1770194134148,1122.86,368.57,117178368,51953664,44080176,42.04,4145458
1770194134249,1123.15,368.69,117178368,51953664,44082160,42.04,4145458
1770194134350,1128.23,371.09,117407744,51953664,44310096,42.26,4146792
1770194134451,1128.45,371.17,117407744,51953664,44312104,42.26,4146792
1770194134552,1128.75,371.29,117407744,51953664,44314088,42.26,4146792
1770194134653,1133.18,373.53,117637120,51953664,44542248,42.48,4148128
1770194134754,1133.42,373.64,117637120,51953664,44544256,42.48,4148128
1770194134855,1137.70,375.62,117850112,51953664,44772912,42.70,4157656
1770194134956,1137.98,375.73,117866496,51953664,44774920,42.70,4157656
1770194135056,1138.27,375.86,117866496,51953664,44776904,42.70,4157656
1770194135157,1141.97,378.02,118079488,51953664,45005312,42.92,4158992
1770194135258,1142.27,378.16,118079488,51953664,45007320,42.92,4158992
1770194135359,1145.13,380.22,118292480,51953664,45235112,43.14,4160328
1770194135459,1145.32,380.30,118292480,51953664,45237120,43.14,4160328
1770194135560,1145.55,380.42,118292480,51953664,45239104,43.14,4160328
1770194135662,1148.40,382.58,118521856,51953664,45466904,43.36,4161664
1770194135763,1148.71,382.72,118521856,51953664,45468912,43.36,4161664
1770194135864,1155.01,385.35,119128064,52740096,43128184,41.13,4128599
1770194135965,1155.23,385.44,119128064,52740096,43130192,41.13,4128599
1770194136066,1155.46,385.54,119128064,52740096,43132176,41.13,4128599
1770194136167,1158.20,387.52,119128064,52740096,43359952,41.35,4129935
1770194136268,1158.48,387.63,119128064,52740096,43361960,41.35,4129935
1770194136369,1161.42,389.62,119128064,52740096,43589768,41.57,4131271
1770194136470,1161.66,389.71,119128064,52740096,43591776,41.57,4131271
1770194136570,1161.92,389.80,119128064,52740096,43593760,41.57,4131271
1770194136671,1165.64,391.94,119128064,52740096,43822592,41.79,4132607
1770194136772,1165.97,392.10,119128064,52740096,43824600,41.79,4132607
1770194136873,1184.65,394.89,119193600,52740096,44056912,42.02,4142135
1770194136974,1184.92,394.99,119193600,52740096,44058920,42.02,4142135
1770194137075,1185.23,395.11,119193600,52740096,44060904,42.02,4142135
1770194137176,1188.52,397.23,119193600,52740096,44288440,42.24,4143471
1770194137277,1188.83,397.41,119193600,52740096,44290448,42.24,4143471
1770194137377,1195.90,399.53,119209984,52740096,44518104,42.46,4144807
1770194137478,1196.15,399.63,119209984,52740096,44520112,42.46,4144807
1770194137578,1196.44,399.76,119209984,52740096,44522096,42.46,4144807
1770194137678,1199.31,403.40,119209984,52740096,44749632,42.68,4146143
1770194137778,1200.17,403.57,119209984,52740096,44752624,42.68,4146143
1770194137879,1207.76,405.65,119209984,52740096,44981232,42.90,4155671
1770194137980,1207.98,405.76,119209984,52740096,44983240,42.90,4155671
1770194138081,1208.12,405.82,119209984,52740096,44985224,42.90,4155671
1770194138181,1210.13,408.07,119209984,52740096,45212368,43.12,4157007
1770194138282,1210.38,408.17,119209984,52740096,45214376,43.12,4157007
1770194138383,1212.31,409.87,119209984,52740096,45488576,43.38,4158343
1770194138484,1212.57,410.00,119209984,52740096,45490584,43.38,4158343
1770194138585,1212.80,410.08,119209984,52740096,45492568,43.39,4158343
1770194138686,1217.82,412.26,119209984,52740096,45720520,43.60,4159679
1770194138787,1218.13,412.40,119209984,52740096,45722528,43.60,4159679
1770194138888,1221.07,414.39,119209984,52740096,45949896,43.82,4169207
1770194138989,1221.38,414.53,119209984,52740096,45951904,43.82,4169207
1770194139090,1221.69,414.67,119209984,52740096,45953888,43.83,4169207
1770194139191,1224.65,416.82,119209984,52740096,46181024,44.04,4170543
1770194139293,1224.97,416.96,119209984,52740096,46183032,44.04,4170543
1770194139394,1229.92,419.37,119652352,53264384,43431800,41.42,4171879
1770194139495,1230.24,419.49,119652352,53264384,43433808,41.42,4171879
1770194139595,1230.54,419.59,119652352,53264384,43435792,41.42,4171879
1770194139695,1392.92,427.60,137625600,85508096,49749784,47.45,4109545
1770194139795,1437.36,428.79,138952704,84721664,57542456,54.88,4109546
1770194139896,1440.21,431.07,139182080,84721664,57783760,55.11,4119074
1770194139997,1440.45,431.18,139182080,84721664,57785768,55.11,4119074
1770194140098,1440.74,431.27,139182080,84721664,57787752,55.11,4119074
1770194140199,1444.79,433.49,139411456,84721664,58026944,55.34,4120410
1770194140300,1445.12,433.65,139411456,84721664,58028952,55.34,4120410
1770194140401,1448.08,435.66,139657216,84721664,58268040,55.57,4121746
1770194140502,1448.37,435.77,139657216,84721664,58270048,55.57,4121746
1770194140603,1448.67,435.91,139657216,84721664,58272032,55.57,4121746
1770194140704,1453.12,438.16,139886592,84721664,58511168,55.80,4123082
1770194140805,1453.40,438.29,139886592,84721664,58513176,55.80,4123082
1770194140906,1459.33,440.51,140115968,84721664,58756768,56.03,4132610
1770194141007,1459.64,440.63,140115968,84721664,58758776,56.04,4132610
1770194141108,1459.95,440.78,140132352,84721664,58760760,56.04,4132610
1770194141209,1464.18,442.96,140345344,84721664,58999480,56.27,4133946
1770194141310,1464.39,443.11,140361728,84721664,59001488,56.27,4133946
1770194141411,1467.43,445.25,140574720,84721664,59239728,56.50,4135282
1770194141512,1467.74,445.39,140574720,84721664,59241736,56.50,4135282
1770194141613,1468.07,445.56,140591104,84721664,59243720,56.50,4135282
1770194141714,1471.31,447.79,140804096,84721664,59481952,56.73,4136618
1770194141815,1471.65,447.97,140820480,84721664,59483960,56.73,4136618
1770194141916,1475.20,450.03,141033472,84721664,59722424,56.96,4146146
1770194142017,1475.51,450.18,141033472,84721664,59724432,56.96,4146146
1770194142118,1475.76,450.32,141049856,84721664,59726416,56.96,4146146
1770194142219,1507.83,452.94,141869056,84721664,59979208,57.20,4147482
1770194142320,1508.09,453.07,141885440,84721664,59981216,57.20,4147482
1770194142421,1532.93,455.15,142131200,84721664,60239216,57.45,4148818
1770194142522,1533.16,455.24,142131200,84721664,60241224,57.45,4148818
1770194142624,1533.47,455.40,142131200,84721664,60243208,57.45,4148818
1770194142725,1537.16,457.78,142360576,84721664,60480528,57.68,4150154
1770194142825,1537.48,457.92,142360576,84721664,60482536,57.68,4150154
1770194142926,1540.84,460.24,142573568,84721664,60721016,57.91,4159682
1770194143027,1541.07,460.37,142589952,84721664,60723024,57.91,4159682
1770194143128,1541.36,460.49,142589952,84721664,60725008,57.91,4159682
1770194143230,1551.83,462.73,142819328,84721664,60971432,58.15,4161018
1770194143331,1552.13,462.83,142819328,84721664,60973440,58.15,4161018
1770194143431,1556.16,465.15,143048704,84721664,61211760,58.38,4162354
1770194143533,1556.42,465.26,143048704,84721664,61213768,58.38,4162354
1770194143634,1556.70,465.38,143048704,84721664,61215752,58.38,4162354
1770194143735,1562.49,467.59,143278080,84721664,61461768,58.61,4163690
1770194143836,1562.82,467.73,143278080,84721664,61463776,58.62,4163690
1770194143938,1567.97,469.46,143507456,84721664,61712768,58.85,4173218
1770194144038,1568.20,469.54,143507456,84721664,61714776,58.86,4173218
1770194144139,1568.52,469.68,143507456,84721664,61716760,58.86,4173218
1770194144240,1572.53,472.02,143736832,84721664,61954976,59.08,4174554
1770194144341,1572.85,472.17,143736832,84721664,61956984,59.09,4174554
1770194144442,1577.20,474.24,143966208,84721664,62197560,59.32,4175890
1770194144542,1577.50,474.33,143966208,84721664,62199584,59.32,4175890
1770194144643,1577.83,474.47,143966208,84721664,62201568,59.32,4175890
1770194144744,1580.60,476.41,144195584,84721664,62442168,59.55,4177226
1770194144846,1580.91,476.54,144211968,84721664,62444176,59.55,4177226
1770194144947,1584.69,478.69,144424960,84721664,62700384,59.80,4186754
1770194145048,1585.01,478.85,144441344,84721664,62702392,59.80,4186754
1770194145150,1585.30,478.99,144441344,84721664,62704376,59.80,4186754
1770194145251,1590.44,481.19,144670720,84721664,62942416,60.03,4188090
1770194145352,1590.68,481.32,144687104,84721664,62944424,60.03,4188090
1770194145453,1593.30,483.25,144900096,84721664,63185480,60.26,4189426
1770194145554,1593.58,483.36,144900096,84721664,63187488,60.26,4189426
1770194145658,1595.59,484.76,145014784,84721664,63311144,60.38,4190096
1770194145759,1596.67,485.62,145129472,84721664,63430552,60.49,4190762
1770194145860,1597.00,485.77,145145856,84721664,63432560,60.49,4190762
1770194145961,1599.58,487.78,145375232,84721664,63673096,60.72,4200290
1770194146062,1599.88,487.92,145375232,84721664,63675104,60.73,4200290
1770194146162,1604.78,490.34,145604608,84721664,63916800,60.96,4201626
1770194146263,1607.03,490.45,145506304,84721664,63927192,60.97,4201626
1770194146364,1607.36,490.64,145522688,84721664,63929176,60.97,4201626
1770194146465,1619.44,494.90,145637376,84721664,49843168,47.53,4120410
1770194146566,1619.77,495.05,145637376,84721664,49845152,47.54,4120410
1770194146666,1621.72,496.82,145637376,84721664,50086664,47.77,4121746
1770194146767,1621.82,496.86,145637376,84721664,50088648,47.77,4121746
1770194146868,1621.96,496.92,145620992,84721664,50090632,47.77,4121746
1770194146969,1624.25,498.68,145620992,84721664,50331696,48.00,4131274
1770194147070,1624.50,498.83,145620992,84721664,50333704,48.00,4131274
1770194147170,1627.18,500.96,145620992,84721664,50574312,48.23,4132610
1770194147271,1627.38,501.02,145620992,84721664,50576296,48.23,4132610
1770194147372,1627.70,501.17,145620992,84721664,50578280,48.24,4132610
1770194147474,1631.88,503.56,145620992,84721664,50819008,48.46,4133946
1770194147576,1632.17,503.68,145620992,84721664,50820992,48.47,4133946
1770194147675,1638.50,508.00,145620992,84721664,51064960,48.70,4135282
1770194147777,1638.70,508.06,145620992,84721664,51066944,48.70,4135282
1770194147878,1639.02,508.18,145620992,84721664,51068928,48.70,4135282
1770194147979,1644.72,510.42,145620992,84721664,51308600,48.93,4144810
1770194148080,1645.00,510.53,145620992,84721664,51310608,48.93,4144810
1770194148182,1647.62,512.16,145620992,84721664,51548760,49.16,4146146
1770194148283,1647.75,512.21,145620992,84721664,51550744,49.16,4146146
1770194148384,1647.99,512.32,145620992,84721664,51552728,49.16,4146146
1770194148485,1652.25,514.62,145620992,84721664,51791752,49.39,4147482
1770194148586,1652.52,514.73,145620992,84721664,51793736,49.39,4147482
1770194148687,1655.50,516.98,145620992,84721664,52031328,49.62,4148818
1770194148788,1655.73,517.05,145620992,84721664,52033312,49.62,4148818
1770194148889,1656.04,517.22,145620992,84721664,52035296,49.62,4148818
1770194148990,1662.68,519.49,145620992,84721664,52281040,49.86,4158346
1770194149091,1665.37,519.66,145620992,84721664,52283048,49.86,4158346
1770194149193,1668.23,521.74,145620992,84721664,52518792,50.09,4159682
1770194149294,1668.44,521.81,145620992,84721664,52520776,50.09,4159682
1770194149395,1668.74,521.91,145620992,84721664,52522760,50.09,4159682
1770194149496,1671.37,523.88,145620992,84721664,52761088,50.32,4161018
1770194149597,1671.65,524.00,145620992,84721664,52763072,50.32,4161018
1770194149698,1674.65,525.94,145620992,84721664,53000840,50.55,4162354
1770194149799,1674.92,526.05,145620992,84721664,53002848,50.55,4162354
1770194149901,1675.23,526.19,145620992,84721664,53004864,50.55,4162354
1770194150002,1678.72,528.50,145620992,84721664,53243112,50.78,4171882
1770194150103,1679.02,528.65,145620992,84721664,53245120,50.78,4171882
1770194150204,1681.88,530.92,145620992,84721664,53520304,51.04,4173218
1770194150305,1682.14,531.05,145620992,84721664,53522288,51.04,4173218
1770194150406,1682.32,531.13,145620992,84721664,53524272,51.04,4173218
1770194150507,1685.39,533.46,145620992,84721664,53759576,51.27,4174554
1770194150608,1685.72,533.65,145620992,84721664,53761560,51.27,4174554
1770194150709,1690.77,536.21,145620992,84721664,53996808,51.50,4175890
1770194150810,1691.05,536.34,145620992,84721664,53998792,51.50,4175890
1770194150911,1691.33,536.49,145620992,84721664,54000776,51.50,4175890
1770194151012,1698.90,538.62,145620992,84721664,54237512,51.72,4185418
1770194151114,1699.21,538.80,145620992,84721664,54239520,51.73,4185418
1770194151215,1702.41,541.29,145620992,84721664,54474528,51.95,4186754
1770194151316,1702.71,541.41,145620992,84721664,54476512,51.95,4186754
1770194151417,1703.03,541.57,145620992,84721664,54478496,51.95,4186754
1770194151518,1710.54,543.89,145620992,84721664,54718528,52.18,4188090
1770194151619,1710.83,544.03,145620992,84721664,54720512,52.19,4188090
1770194151720,1714.80,546.57,145620992,84721664,54957976,52.41,4189426
1770194151820,1715.07,546.68,145620992,84721664,54959960,52.41,4189426
1770194151922,1715.32,546.82,145620992,84721664,54961944,52.42,4189426
1770194152023,1718.19,549.09,145620992,84721664,55199232,52.64,4198954
1770194152125,1718.49,549.19,145620992,84721664,55201240,52.64,4198954
1770194152226,1722.64,551.66,145620992,84721664,55549544,52.98,4200290
1770194152328,1722.92,551.78,145620992,84721664,55551528,52.98,4200290
1770194152429,1723.22,551.90,145620992,84721664,55553512,52.98,4200290
1770194152530,1724.96,553.35,145620992,84721664,55788496,53.20,4201626
1770194152631,1725.23,553.50,145620992,84721664,55790480,53.21,4201626
1770194152732,1727.65,555.68,145637376,84721664,56025504,53.43,4202962
1770194152833,1727.91,555.79,145637376,84721664,56027512,53.43,4202962
1770194152934,1728.23,555.95,145637376,84721664,56029496,53.43,4202962
1770194153035,1731.43,558.28,145866752,84721664,56264744,53.66,4212490
1770194153136,1731.73,558.42,145866752,84721664,56266752,53.66,4212490
1770194153237,1734.45,560.55,146096128,84721664,56501776,53.88,4213826
1770194153337,1734.74,560.69,146112512,84721664,56503784,53.89,4213826
1770194153439,1735.03,560.83,146112512,84721664,56505768,53.89,4213826
1770194153539,1738.08,563.00,146325504,84721664,56740768,54.11,4215162
1770194153641,1738.39,563.15,146325504,84721664,56742776,54.11,4215162
1770194153742,1742.93,565.29,146571264,84721664,56978120,54.34,4216498
1770194153843,1743.19,565.41,146571264,84721664,56980128,54.34,4216498
1770194153945,1743.49,565.53,146571264,84721664,56982112,54.34,4216498
1770194154046,1746.22,567.55,146833408,84721664,57217384,54.57,4226026
1770194154147,1746.55,567.71,146833408,84721664,57219392,54.57,4226026
1770194154248,1751.59,569.65,147062784,84721664,57461528,54.80,4227362
1770194154348,1751.82,569.80,147062784,84721664,57463536,54.80,4227362
1770194154450,1752.00,569.88,147062784,84721664,57465520,54.80,4227362
1770194154550,1754.42,570.80,147292160,84721664,57708128,55.03,4228698
1770194154652,1754.55,570.87,147292160,84721664,57710136,55.04,4228698
1770194154753,1757.14,573.10,147505152,84721664,57943712,55.26,4230034
1770194154854,1757.43,573.22,147505152,84721664,57945720,55.26,4230034
1770194154955,1757.73,573.37,147505152,84721664,57947704,55.26,4230034
1770194155056,1760.75,575.72,147734528,84721664,58181504,55.49,4239562
1770194155158,1761.03,575.83,147734528,84721664,58183512,55.49,4239562
1770194155259,1767.59,578.30,147963904,84721664,58425776,55.72,4240898
1770194155360,1767.87,578.42,147963904,84721664,58427784,55.72,4240898
1770194155461,1768.15,578.51,147963904,84721664,58429768,55.72,4240898
1770194155563,1775.60,580.72,148176896,84721664,58669584,55.95,4242234
1770194155664,1775.89,580.88,148193280,84721664,58671592,55.95,4242234
1770194155765,1777.69,582.45,148406272,84721664,58902224,56.17,4243570
1770194155866,1777.90,582.55,148406272,84721664,58904232,56.18,4243570
1770194155968,1778.22,582.72,148406272,84721664,58906216,56.18,4243570
1770194156069,1792.84,585.06,148652032,84721664,59151816,56.41,4253098
1770194156170,1793.14,585.20,148652032,84721664,59153824,56.41,4253098
1770194156271,1796.20,587.38,148881408,84721664,59383264,56.63,4254434
1770194156372,1796.51,587.54,148881408,84721664,59385272,56.63,4254434
1770194156473,1796.82,587.68,148881408,84721664,59387256,56.64,4254434
1770194156574,1812.10,589.90,149110784,84721664,59631824,56.87,4255770
1770194156675,1812.40,590.05,149110784,84721664,59633832,56.87,4255770
1770194156776,1815.25,592.29,149356544,84721664,59863320,57.09,4257106
1770194156876,1815.53,592.40,149356544,84721664,59865328,57.09,4257106
1770194156981,1819.09,593.86,149454848,84721664,59984160,57.21,4257776
1770194157082,1820.16,594.73,149569536,84721664,60104984,57.32,4266634
1770194157182,1820.49,594.86,149569536,84721664,60106992,57.32,4266634
1770194157284,1823.48,596.96,149798912,84721664,60336416,57.54,4267970
1770194157385,1823.71,597.06,149798912,84721664,60338424,57.54,4267970
1770194157485,1826.07,598.96,150011904,84721664,60567896,57.76,4269306
1770194157586,1826.26,599.02,150011904,84721664,60569904,57.76,4269306
1770194157687,1826.55,599.14,150011904,84721664,60571888,57.77,4269306
1770194157788,1829.23,601.86,150241280,84721664,60819224,58.00,4270642
1770194157889,1829.48,601.94,150241280,84721664,60821232,58.00,4270642
1770194157990,1839.54,604.39,150487040,84721664,61051736,58.22,4280170
1770194158092,1843.24,604.48,150487040,84721664,61055992,58.23,4280170
1770194158193,1843.54,604.61,150487040,84721664,61057976,58.23,4280170
1770194158294,1867.33,607.24,150716416,84721664,61318368,58.48,4281506
1770194158395,1867.62,607.35,150716416,84721664,61320376,58.48,4281506
1770194158495,1872.59,609.76,150929408,84721664,61563976,58.71,4282842
1770194158596,1899.40,610.20,151142400,84983808,61779448,58.92,4282842
1770194158698,1899.67,610.31,151142400,84983808,61781432,58.92,4282842
1770194158799,1902.20,612.30,151371776,84983808,62003448,59.13,4284178
1770194158900,1902.45,612.40,151371776,84983808,62005456,59.13,4284178
1770194159000,1905.11,614.52,151584768,84983808,62250144,59.37,4293706
1770194159101,1905.30,614.58,151584768,84983808,62252152,59.37,4293706
1770194159201,1905.60,614.71,151584768,84983808,62254136,59.37,4293706
1770194159303,1908.14,616.69,151814144,84983808,62476136,59.58,4295042
1770194159403,1908.44,616.82,151814144,84983808,62478144,59.58,4295042
1770194159505,1911.12,619.08,152027136,84983808,62700176,59.80,4296378
1770194159606,1911.31,619.14,152027136,84983808,62702184,59.80,4296378
1770194159707,1911.59,619.25,152027136,84983808,62704168,59.80,4296378
1770194159808,1914.36,621.35,152240128,84983808,62926152,60.01,4297714
1770194159908,1914.63,621.47,152240128,84983808,62928160,60.01,4297714
1770194160009,1917.75,623.84,152485888,84983808,63150392,60.22,4307242
1770194160110,1917.97,623.91,152485888,84983808,63152400,60.23,4307242
1770194160211,1918.27,624.05,152485888,84983808,63154384,60.23,4307242
1770194160313,1922.91,626.39,152698880,84983808,63377664,60.44,4308578
1770194160414,1923.22,626.52,152698880,84983808,63379672,60.44,4308578
1770194160514,1930.46,628.77,152911872,84983808,63602440,60.66,4309914
1770194160615,1930.74,628.89,152911872,84983808,63604448,60.66,4309914
1770194160715,1931.03,628.98,152911872,84983808,63606432,60.66,4309914
1770194160816,1933.34,631.39,153141248,84983808,63859768,60.90,4311250
1770194160918,1933.63,631.50,153141248,84983808,63861776,60.90,4311250
1770194161019,1936.87,633.50,153337856,84983808,64116312,61.15,4320778
1770194161119,1937.07,633.56,153354240,84983808,64118320,61.15,4320778
1770194161221,1937.35,633.66,153354240,84983808,64120304,61.15,4320778
1770194161322,1940.20,635.85,153567232,84983808,64342880,61.36,4322114
1770194161422,1940.52,635.99,153567232,84983808,64344888,61.36,4322114
1770194161524,1943.32,638.06,153780224,84983808,64567032,61.58,4323450
1770194161625,1943.51,638.15,153780224,84983808,64569040,61.58,4323450
1770194161726,1943.75,638.26,153780224,84983808,64571024,61.58,4323450
1770194161827,1958.59,647.83,125976576,57720832,52490112,50.06,4120410
1770194161929,1958.85,647.95,125976576,57720832,52492096,50.06,4120410
1770194162030,1961.34,650.00,125976576,57720832,52714248,50.27,4129938
1770194162131,1961.56,650.07,125976576,57720832,52716256,50.27,4129938
1770194162232,1961.86,650.20,125976576,57720832,52718240,50.28,4129938
1770194162333,1967.03,652.49,125976576,57720832,52940912,50.49,4131274
1770194162434,1967.34,652.63,125976576,57720832,52942896,50.49,4131274
1770194162535,1977.59,654.82,125976576,57720832,53308600,50.84,4132610
1770194162636,1977.88,654.93,125976576,57720832,53310584,50.84,4132610
1770194162738,1978.19,655.07,125976576,57720832,53312568,50.84,4132610
1770194162838,1981.28,657.34,125976576,57720832,53531864,51.05,4133946
1770194162939,1981.57,657.47,125976576,57720832,53533848,51.05,4133946
1770194163040,1984.45,659.61,126009344,57720832,53753368,51.26,4143474
1770194163141,1984.68,659.70,126009344,57720832,53755376,51.27,4143474
1770194163242,1984.95,659.80,126009344,57720832,53757360,51.27,4143474
1770194163343,1987.77,661.86,126009344,57720832,53976640,51.48,4144810
1770194163444,1988.04,661.99,126009344,57720832,53978624,51.48,4144810
1770194163545,1990.65,664.02,126009344,57720832,54197896,51.69,4146146
1770194163646,1990.88,664.12,126009344,57720832,54199904,51.69,4146146
1770194163747,1991.14,664.22,126009344,57720832,54201888,51.69,4146146
1770194163849,1994.36,666.51,126009344,57720832,54421336,51.90,4147482
1770194163950,1994.68,666.66,126009344,57720832,54423320,51.90,4147482
1770194164051,1997.22,668.57,126009344,57720832,54642800,52.11,4157010
1770194164153,1997.53,668.70,126009344,57720832,54644808,52.11,4157010
1770194164254,1997.84,668.85,126009344,57720832,54646792,52.12,4157010
1770194164355,2000.86,671.09,126009344,57720832,54866088,52.32,4158346
1770194164456,2001.16,671.22,126009344,57720832,54868072,52.33,4158346
1770194164557,2013.06,674.84,129351680,74760192,52776200,50.33,4159682
1770194164658,2013.29,674.94,129351680,74760192,52778184,50.33,4159682
1770194164758,2013.54,675.07,129351680,74760192,52780168,50.34,4159682
1770194164859,2016.18,677.07,129548288,74760192,52999624,50.54,4121076
1770194164960,2016.49,677.21,129564672,74760192,53001632,50.55,4121076
1770194165061,2019.20,679.05,129777664,74760192,53221312,50.76,4130604
1770194165162,2019.46,679.16,129777664,74760192,53223320,50.76,4130604
1770194165262,2019.76,679.28,129777664,74760192,53225304,50.76,4130604
1770194165363,2026.75,681.62,129990656,74760192,53445088,50.97,4131940
1770194165463,2027.03,681.73,129990656,74760192,53447096,50.97,4131940
1770194165563,2029.96,683.92,130220032,74760192,53666328,51.18,4133276
1770194165665,2030.19,684.02,130220032,74760192,53668336,51.18,4133276
1770194165766,2030.46,684.12,130220032,74760192,53670320,51.18,4133276
1770194165867,2032.94,686.04,130433024,74760192,53889584,51.39,4134612
1770194165968,2033.15,686.15,130433024,74760192,53891592,51.40,4134612
1770194166069,2035.74,688.19,130629632,74760192,54111048,51.60,4144140
1770194166170,2036.00,688.29,130629632,74760192,54113056,51.61,4144140
1770194166271,2036.32,688.44,130646016,74760192,54115040,51.61,4144140
1770194166372,2039.12,690.68,130842624,74760192,54334320,51.82,4145476
1770194166473,2039.40,690.80,130842624,74760192,54336328,51.82,4145476
1770194166573,2042.15,692.95,131055616,74760192,54555688,52.03,4146812
1770194166675,2042.34,693.05,131055616,74760192,54557696,52.03,4146812
1770194166776,2042.59,693.16,131055616,74760192,54559680,52.03,4146812
1770194166877,2045.46,695.23,131284992,74760192,54778944,52.24,4148148
1770194166978,2045.76,695.37,131284992,74760192,54780952,52.24,4148148
1770194167080,2050.45,697.48,131497984,74760192,55000984,52.45,4157676
1770194167180,2050.70,697.60,131514368,74760192,55002992,52.45,4157676
1770194167282,2051.01,697.73,131514368,74760192,55004976,52.46,4157676
1770194167383,2053.57,699.75,131710976,74760192,55224320,52.67,4159012
1770194167484,2053.77,699.85,131727360,74760192,55226328,52.67,4159012
1770194167584,2056.84,701.96,131923968,74760192,55445680,52.88,4160348
1770194167685,2057.12,702.07,131923968,74760192,55447688,52.88,4160348
1770194167787,2059.14,702.50,131956736,74760192,55480696,52.91,4160356
1770194167889,2063.18,704.71,132186112,74760192,55700808,53.12,4161692
1770194167989,2063.50,704.85,132186112,74760192,55702816,53.12,4161692
1770194168091,2066.12,706.89,132415488,74760192,55922520,53.33,4171220
1770194168191,2066.38,707.00,132415488,74760192,55924528,53.33,4171220
1770194168293,2066.65,707.10,132415488,74760192,55926512,53.34,4171220
1770194168394,2069.23,709.18,132628480,74760192,56146024,53.55,4172556
1770194168495,2069.54,709.30,132628480,74760192,56148032,53.55,4172556
1770194168595,2071.97,711.20,132841472,74760192,56367512,53.76,4173892
1770194168695,2072.21,711.31,132841472,74760192,56369520,53.76,4173892
1770194168797,2072.49,711.44,132841472,74760192,56371504,53.76,4173892
1770194168898,2074.97,713.49,133054464,74760192,56590960,53.97,4175228
1770194168998,2075.26,713.61,133054464,74760192,56592968,53.97,4175228
1770194169100,2078.37,715.83,133267456,74760192,56812672,54.18,4184756
1770194169201,2078.66,715.94,133267456,74760192,56814680,54.18,4184756
1770194169301,2078.95,716.09,133267456,74760192,56816664,54.18,4184756
1770194169402,2081.37,718.13,133496832,74760192,57036112,54.39,4186092
1770194169503,2081.63,718.26,133496832,74760192,57038120,54.40,4186092
1770194169605,2202.99,726.95,162463744,105168896,58453784,55.75,4120410
1770194169706,2375.80,728.93,173670400,105431040,71879872,68.55,4117738
1770194169807,2376.65,729.62,173670400,105431040,71998904,68.66,4118408
1770194169908,2377.14,730.07,173670400,105431040,72110464,68.77,4119074
1770194170008,2377.40,730.21,173670400,105431040,72112480,68.77,4119074
1770194170110,2385.37,732.66,173670400,105431040,72347360,69.00,4128602
1770194170210,2385.66,732.80,173670400,105431040,72349376,69.00,4128602
1770194170312,2387.86,734.16,173670400,105431040,72461504,69.10,4129272
1770194170414,2388.93,734.98,173670400,105431040,72572584,69.21,4129938
1770194170515,2389.27,735.14,173670400,105431040,72574600,69.21,4129938
1770194170616,2409.82,737.58,173686784,105431040,72830392,69.46,4131274
1770194170717,2410.09,737.68,173686784,105431040,72832408,69.46,4131274
1770194170817,2413.75,739.73,173686784,105431040,73051440,69.67,4132610
1770194170917,2413.94,739.78,173686784,105431040,73053456,69.67,4132610
1770194171018,2414.25,739.94,173686784,105431040,73055448,69.67,4132610
1770194171118,2417.23,741.93,173686784,105431040,73270240,69.88,4142138
1770194171219,2417.54,742.06,173686784,105431040,73272256,69.88,4142138
1770194171320,2419.65,743.46,173686784,105431040,73383752,69.98,4142808
1770194171421,2420.78,744.35,173686784,105431040,73491544,70.09,4143474
1770194171522,2421.10,744.49,173686784,105431040,73493560,70.09,4143474
1770194171623,2424.22,746.78,173686784,105431040,73712440,70.30,4144810
1770194171724,2424.43,746.87,173686784,105431040,73714456,70.30,4144810
1770194171824,2428.39,748.70,173686784,105431040,73933848,70.51,4146146
1770194171926,2428.59,748.76,173686784,105431040,73935864,70.51,4146146
1770194172027,2428.91,748.90,173686784,105431040,73937856,70.51,4146146
1770194172128,2431.90,751.09,173686784,105431040,74160888,70.73,4155674
1770194172229,2432.20,751.20,173686784,105431040,74162904,70.73,4155674
1770194172330,2435.06,753.28,173686784,105431040,74377416,70.93,4157010
1770194172431,2435.27,753.35,173686784,105431040,74379432,70.93,4157010
1770194172531,2435.59,753.50,173686784,105431040,74381424,70.94,4157010
1770194172632,2438.72,755.61,173686784,105431040,74598768,71.14,4158346
1770194172732,2439.04,755.75,173686784,105431040,74600784,71.14,4158346
1770194172834,2444.41,758.07,173686784,105431040,74823040,71.36,4159682
1770194172935,2444.61,758.13,173686784,105431040,74825056,71.36,4159682
1770194173036,2444.88,758.26,173686784,105431040,74827048,71.36,4159682
1770194173137,2447.37,760.23,173686784,105431040,75041888,71.57,4169210
1770194173237,2447.68,760.36,173686784,105431040,75043904,71.57,4169210
1770194173339,2458.54,762.55,173686784,105431040,75272616,71.79,4170546
1770194173440,2458.71,762.63,173686784,105431040,75274632,71.79,4170546
1770194173541,2458.97,762.77,173686784,105431040,75276624,71.79,4170546
1770194173643,2465.05,765.21,173686784,105431040,61305568,58.47,4171882
1770194173744,2465.31,765.32,173686784,105431040,61307584,58.47,4171882
1770194173845,2467.95,767.33,173686784,105431040,61525768,58.68,4128602
1770194173946,2468.15,767.40,173686784,105431040,61527760,58.68,4128602
1770194174046,2468.44,767.53,173686784,105431040,61529752,58.68,4128602
1770194174148,2471.27,769.57,173686784,105431040,61748592,58.89,4138130
1770194174249,2471.50,769.69,173686784,105431040,61750608,58.89,4138130
1770194174350,2474.07,771.58,173686784,105431040,61965512,59.09,4139466
1770194174451,2474.31,771.67,173686784,105431040,61967528,59.10,4139466
1770194174553,2474.62,771.79,173686784,105431040,61969520,59.10,4139466
1770194174653,2477.62,773.89,173686784,105431040,62186832,59.31,4140802
1770194174755,2477.89,774.00,173686784,105431040,62188848,59.31,4140802
1770194174856,2481.73,776.20,173686784,105431040,62418728,59.53,4142138
1770194174957,2481.97,776.29,173686784,105431040,62420720,59.53,4142138
1770194175057,2482.27,776.43,173686784,105431040,62422712,59.53,4142138
1770194175159,2485.26,778.77,173686784,105431040,62640416,59.74,4151666
1770194175259,2485.54,778.89,173686784,105431040,62642432,59.74,4151666
1770194175361,2487.60,780.43,173686784,105431040,62856800,59.94,4153002
1770194175461,2487.78,780.54,173686784,105431040,62858816,59.95,4153002
1770194175562,2487.96,780.65,173686784,105431040,62860808,59.95,4153002
1770194175663,2491.42,782.86,173686784,105431040,63077296,60.16,4154338
1770194175765,2491.69,782.99,173686784,105431040,63079312,60.16,4154338
1770194175865,2494.60,785.12,173686784,105431040,63298056,60.37,4155674
1770194175967,2494.91,785.26,173686784,105431040,63300048,60.37,4155674
1770194176068,2495.22,785.42,173686784,105431040,63302040,60.37,4155674
1770194176170,2501.43,787.69,173686784,105431040,63525712,60.58,4165202
1770194176271,2501.73,787.85,173686784,105431040,63527728,60.58,4165202
1770194176371,2504.83,790.09,173686784,105431040,63742048,60.79,4166538
1770194176471,2505.13,790.25,173686784,105431040,63744064,60.79,4166538
1770194176572,2505.46,790.40,173686784,105431040,63746056,60.79,4166538
1770194176673,2508.34,792.67,173686784,105431040,63962496,61.00,4167874
1770194176774,2508.66,792.85,173686784,105431040,63964512,61.00,4167874
1770194176874,2512.42,795.16,173686784,105431040,64184456,61.21,4169210
1770194176975,2512.65,795.25,173686784,105431040,64186448,61.21,4169210
1770194177075,2512.95,795.39,173686784,105431040,64188440,61.21,4169210
1770194177175,2515.72,797.50,173686784,105431040,64402928,61.42,4178738
1770194177276,2516.05,797.66,173686784,105431040,64404944,61.42,4178738
1770194177377,2517.93,799.89,173686784,105431040,64621808,61.63,4180074
1770194177477,2518.13,799.98,173686784,105431040,64623824,61.63,4180074
1770194177579,2518.43,800.14,173686784,105431040,64625816,61.63,4180074
1770194177680,2521.14,802.18,173686784,105431040,64844768,61.84,4181410
1770194177781,2605.09,812.68,126238720,56934400,41696048,39.76,4117738
1770194177882,2610.74,814.94,126238720,56934400,42019672,40.07,4119074
1770194177982,2611.04,815.05,126238720,56934400,42021680,40.07,4119074
1770194178084,2611.33,815.17,126238720,56934400,42023664,40.08,4119074
1770194178185,2615.89,817.60,126238720,56934400,42252232,40.29,4128602
1770194178286,2616.22,817.74,126238720,56934400,42254240,40.30,4128602
1770194178387,2695.74,826.49,113868800,45662208,41679024,39.75,4119074
1770194178488,2695.99,826.57,113868800,45662208,41681080,39.75,4119074
1770194178590,2696.32,826.72,113868800,45662208,41683064,39.75,4119074
1770194178691,2703.17,828.86,114098176,45662208,41921760,39.98,4120410
1770194178791,2703.49,829.03,114098176,45662208,41923768,39.98,4120410
1770194178893,2706.56,831.13,114327552,45662208,42151744,40.20,4121746
1770194178994,2782.01,834.16,113623040,45400064,41331536,39.42,4117738
1770194179095,2782.36,834.28,113623040,45400064,41535368,39.61,4117738
1770194179196,2787.63,836.59,113901568,45400064,41792896,39.86,4127266
1770194179297,2787.92,836.71,113901568,45400064,41794904,39.86,4127266
1770194179397,2791.24,838.91,114114560,45400064,42022896,40.08,4128602
1770194179498,2791.55,839.02,114114560,45400064,42024904,40.08,4128602
1770194179598,2791.87,839.15,114114560,45400064,42026888,40.08,4128602
1770194179700,2795.05,841.32,114360320,45400064,42254904,40.30,4129938
1770194179801,2795.37,841.48,114360320,45400064,42256912,40.30,4129938
1770194179901,2801.31,844.09,114917376,48545792,41633736,39.71,4131274
1770194180003,2801.61,844.23,114917376,48545792,41635744,39.71,4131274
1770194180103,2801.92,844.37,114917376,48545792,41637728,39.71,4131274
1770194180203,2808.18,846.58,115163136,48545792,41865816,39.93,4137460
1770194180305,2808.47,846.69,115163136,48545792,41867824,39.93,4137460
1770194180406,2811.11,848.56,115392512,48545792,42095720,40.15,4138796
1770194180507,2811.41,848.73,115392512,48545792,42097728,40.15,4138796
1770194180608,2811.64,848.86,115392512,48545792,42099712,40.15,4138796
1770194180709,2814.49,850.86,115605504,48545792,42327472,40.37,4140132
1770194180810,2814.82,851.03,115605504,48545792,42329480,40.37,4140132
1770194180911,2818.25,853.24,115818496,48545792,42557208,40.59,4141468
1770194181012,2818.55,853.36,115818496,48545792,42559216,40.59,4141468
1770194181112,2818.87,853.53,115834880,48545792,42561200,40.59,4141468
1770194181213,2824.48,855.86,116064256,48545792,42789296,40.81,4150996
1770194181315,2824.80,856.01,116064256,48545792,42791304,40.81,4150996
1770194181416,2828.14,858.08,116277248,48545792,43018768,41.03,4152332
1770194181517,2828.41,858.21,116277248,48545792,43020776,41.03,4152332
1770194181618,2828.71,858.34,116277248,48545792,43022760,41.03,4152332
1770194181719,2831.99,860.59,116506624,48545792,43250152,41.25,4153668
1770194181819,2832.28,860.74,116523008,48545792,43252160,41.25,4153668
1770194181921,2837.16,863.00,116686848,48545792,41882168,39.94,4155004
1770194182021,2837.45,863.12,116686848,48545792,41884176,39.94,4155004
1770194182123,2837.76,863.28,116686848,48545792,41886160,39.95,4155004
1770194182224,2840.71,865.35,116686848,48545792,42113808,40.16,4137460
1770194182325,2841.02,865.48,116686848,48545792,42115792,40.16,4137460
1770194182427,2850.01,867.58,116785152,48545792,42352264,40.39,4138796
1770194182529,2850.30,867.70,116785152,48545792,42354248,40.39,4138796
1770194182630,2850.61,867.85,116785152,48545792,42356232,40.39,4138796
1770194182731,2853.12,869.39,116801536,48545792,42583656,40.61,4140132
1770194182832,2853.36,869.50,116801536,48545792,42585640,40.61,4140132
1770194182932,2858.01,871.73,117030912,48545792,42813440,40.83,4141468
1770194183033,2858.33,871.90,117030912,48545792,42815424,40.83,4141468
1770194183135,2858.66,872.05,117030912,48545792,42817408,40.83,4141468
1770194183235,2861.96,874.18,117260288,48545792,43044624,41.05,4150996
1770194183337,2862.28,874.33,117260288,48545792,43046608,41.05,4150996
1770194183438,2868.82,876.69,117489664,48545792,43274408,41.27,4152332
1770194183539,2869.00,876.77,117489664,48545792,43276392,41.27,4152332
1770194183642,2870.27,877.63,117587968,48545792,43391376,41.38,4153002
1770194183742,2871.19,878.51,117702656,48545792,43505352,41.49,4153668
1770194183844,2871.45,878.62,117702656,48545792,43507336,41.49,4153668
1770194183943,2877.19,881.00,117800960,48545792,42280880,40.32,4128602
1770194184045,2877.51,881.12,117800960,48545792,42282864,40.32,4128602
1770194184148,2879.91,882.59,117800960,48545792,42397840,40.43,4129272
1770194184249,2881.02,883.40,117800960,48545792,42512040,40.54,4138130
1770194184350,2881.16,883.47,117800960,48545792,42514048,40.54,4138130
1770194184451,2885.37,885.48,117800960,48545792,42740992,40.76,4139466
1770194184552,2885.59,885.57,117800960,48545792,42743000,40.76,4139466
1770194184653,2888.71,887.62,117800960,48545792,42969616,40.98,4140802
1770194184754,2888.91,887.69,117800960,48545792,42971624,40.98,4140802
1770194184854,2889.25,887.86,117800960,48545792,42973608,40.98,4140802
1770194184955,2892.16,889.93,117800960,48545792,43203608,41.20,4142138
1770194185056,2892.45,890.06,117800960,48545792,43205616,41.20,4142138
1770194185155,2895.12,891.85,117800960,48545792,43434976,41.42,4151666
1770194185257,2895.29,891.91,117800960,48545792,43436984,41.42,4151666
1770194185358,2895.63,892.10,117800960,48545792,43438968,41.43,4151666
1770194185458,2898.59,894.22,117800960,48545792,43668736,41.65,4153002
1770194185560,2898.86,894.33,117800960,48545792,43670720,41.65,4153002
1770194185661,2907.78,897.03,114655232,45400064,42506632,40.54,4154338
1770194185762,2907.95,897.08,114655232,45400064,42508640,40.54,4154338
1770194185863,2908.25,897.23,114655232,45400064,42510624,40.54,4154338
1770194185963,2911.25,899.09,114671616,45400064,42737280,40.76,4129268
1770194186065,2911.57,899.19,114671616,45400064,42739288,40.76,4129268
1770194186165,2915.77,901.17,114671616,45400064,42966136,40.98,4138796
1770194186266,2915.96,901.24,114671616,45400064,42968120,40.98,4138796
1770194186368,2916.25,901.35,114671616,45400064,42970104,40.98,4138796
1770194186469,2920.72,903.76,115179520,49332224,42573496,40.60,4140132
1770194186571,2921.05,903.91,115179520,49332224,42575480,40.60,4140132
1770194186672,2925.11,905.94,115392512,49332224,42807784,40.82,4129268
1770194186773,2925.33,906.01,115392512,49332224,42809768,40.83,4129268
1770194186873,2925.68,906.15,115392512,49332224,42811752,40.83,4129268
1770194186973,2928.75,908.36,115621888,49332224,43038448,41.04,4130604
1770194187075,2929.10,908.52,115621888,49332224,43040456,41.05,4130604
1770194187175,2932.23,910.60,115834880,49332224,43267400,41.26,4140132
1770194187274,2932.45,910.68,115834880,49332224,43269384,41.26,4140132
1770194187376,2932.78,910.85,115834880,49332224,43271368,41.27,4140132
1770194187477,2936.00,913.03,116064256,49332224,43498088,41.48,4141468
1770194187578,2936.30,913.16,116064256,49332224,43500072,41.48,4141468
1770194187678,2940.38,915.36,116277248,49332224,43726968,41.70,4142804
1770194187780,2940.59,915.45,116293632,49332224,43728976,41.70,4142804
1770194187881,2940.87,915.56,116293632,49332224,43730960,41.71,4142804
1770194187981,2946.01,917.70,116506624,49332224,43958632,41.92,4144140
1770194188083,2946.31,917.84,116506624,49332224,43960640,41.92,4144140
1770194188183,2961.77,920.25,116752384,49332224,44198160,42.15,4153668
1770194188285,2961.99,920.33,116752384,49332224,44200144,42.15,4153668
1770194188386,2962.20,920.42,116736000,49332224,44202128,42.15,4153668
1770194188487,2963.42,921.29,116948992,49332224,44427592,42.37,4155004
1770194188588,2963.54,921.33,116948992,49332224,44429576,42.37,4155004
1770194188688,2968.26,923.69,117112832,49332224,43030920,41.04,4128602
1770194188789,2968.43,923.77,117030912,49332224,43032904,41.04,4128602
1770194188889,2968.72,923.89,117030912,49332224,43034888,41.04,4128602
1770194188991,2977.14,926.11,117030912,49332224,43262128,41.26,4129938
1770194189092,2977.45,926.27,117030912,49332224,43264112,41.26,4129938
1770194189193,2982.75,928.37,117047296,49332224,43484688,41.47,4139466
1770194189293,2982.98,928.46,117047296,49332224,43486672,41.47,4139466
1770194189394,2983.30,928.61,117047296,49332224,43488656,41.47,4139466
1770194189495,2986.63,930.69,117194752,49332224,43708936,41.68,4140802
1770194189597,2986.94,930.87,117194752,49332224,43710920,41.69,4140802
1770194189697,2993.42,932.98,117407744,49332224,43939728,41.90,4142138
1770194189798,2993.63,933.06,117407744,49332224,43941712,41.91,4142138
1770194189900,2993.93,933.19,117407744,49332224,43943696,41.91,4142138
1770194190001,2998.99,935.32,117637120,49332224,44163856,42.12,4143474
1770194190101,2999.30,935.45,117637120,49332224,44165864,42.12,4143474
1770194190203,3002.57,937.39,117850112,49332224,44385416,42.33,4153002
1770194190303,3002.89,937.51,117850112,49332224,44387400,42.33,4153002
1770194190405,3003.22,937.65,117850112,49332224,44389384,42.33,4153002
1770194190506,3007.70,939.76,118358016,49594368,43162216,41.16,4154338
1770194190607,3008.03,939.90,118358016,49594368,43164200,41.16,4154338
1770194190708,3015.14,942.01,118358016,49594368,43384728,41.37,4129268
1770194190808,3015.38,942.09,118358016,49594368,43386712,41.38,4129268
1770194190910,3015.69,942.19,118358016,49594368,43388696,41.38,4129268
1770194191011,3021.89,943.76,118407168,49594368,43675920,41.65,4130604
1770194191112,3022.19,943.90,118407168,49594368,43677904,41.65,4130604
1770194191213,3027.82,946.08,118407168,49594368,43897600,41.86,4140132
1770194191313,3028.07,946.18,118407168,49594368,43899584,41.87,4140132
1770194191413,3028.34,946.29,118407168,49594368,43901568,41.87,4140132
1770194191514,3036.11,948.22,118407168,49594368,44332456,42.28,4141468
1770194191613,3036.37,948.32,118407168,49594368,44334440,42.28,4141468
1770194191715,3039.16,950.36,118407168,49594368,44553784,42.49,4142804
1770194191816,3039.43,950.47,118407168,49594368,44555768,42.49,4142804
1770194191917,3039.75,950.60,118407168,49594368,44557752,42.49,4142804
1770194192018,3042.66,952.63,118407168,49594368,44777112,42.70,4144140
1770194192119,3043.00,952.75,118407168,49594368,44779096,42.70,4144140
1770194192220,3047.09,954.99,118407168,49594368,44998736,42.91,4153668
1770194192321,3047.39,955.09,118407168,49594368,45000720,42.92,4153668
1770194192422,3047.67,955.21,118407168,49594368,45002704,42.92,4153668
1770194192523,3053.50,957.82,118702080,50118656,43756408,41.73,4155004
1770194192625,3053.82,957.93,118702080,50118656,43758392,41.73,4155004
1770194192725,3056.93,960.06,118702080,50118656,43977824,41.94,4129268
1770194192826,3057.25,960.20,118702080,50118656,43979808,41.94,4129268
1770194192928,3057.57,960.29,118702080,50118656,43981792,41.94,4129268
1770194193028,3060.31,962.09,118702080,50118656,44201352,42.15,4130604
1770194193130,3060.63,962.23,118702080,50118656,44203336,42.16,4130604
1770194193231,3063.97,964.72,118702080,50118656,44422928,42.37,4140132
1770194193331,3064.25,964.81,118702080,50118656,44424912,42.37,4140132
1770194193431,3064.55,964.94,118702080,50118656,44426896,42.37,4140132
1770194193533,3089.87,967.36,118734848,50118656,44733032,42.66,4141468
1770194193634,3090.18,967.48,118734848,50118656,44735016,42.66,4141468
1770194193734,3093.95,969.64,118390784,50118656,44952440,42.87,4142804
1770194193835,3094.11,969.77,117866496,50118656,44954424,42.87,4142804
1770194193935,3094.32,969.85,117866496,50118656,44956408,42.87,4142804
1770194194037,3123.44,972.39,117899264,50118656,45174048,43.08,4144140
1770194194139,3123.69,972.50,117899264,50118656,45176032,43.08,4144140
1770194194239,3126.68,974.54,117915648,50118656,45390704,43.29,4153668
1770194194341,3126.96,974.68,117915648,50118656,45392688,43.29,4153668
1770194194442,3127.25,974.85,117915648,50118656,45394672,43.29,4153668
1770194194544,3131.35,977.17,118194176,50118656,44136784,42.09,4128602
1770194194644,3131.61,977.29,118194176,50118656,44138768,42.09,4128602
1770194194745,3134.65,979.57,118194176,50118656,44353248,42.30,4129938
1770194194847,3134.94,979.69,118194176,50118656,44355232,42.30,4129938
1770194194948,3135.28,979.87,118194176,50118656,44357216,42.30,4129938
1770194195050,3138.62,982.22,118194176,50118656,44571752,42.51,4131274
1770194195151,3138.94,982.40,118194176,50118656,44573736,42.51,4131274
1770194195252,3146.49,984.66,118194176,50118656,44788624,42.71,4140802
1770194195353,3146.80,984.82,118194176,50118656,44790608,42.72,4140802
1770194195455,3147.11,984.95,118194176,50118656,44792592,42.72,4140802
1770194195556,3158.23,986.61,118226944,50118656,45008360,42.92,4142138
1770194195657,3158.55,986.75,118226944,50118656,45010344,42.93,4142138
1770194195757,3161.14,989.07,118226944,50118656,45222216,43.13,4143474
1770194195859,3161.48,989.22,118226944,50118656,45224200,43.13,4143474
1770194195959,3161.84,989.36,118226944,50118656,45226184,43.13,4143474
1770194196060,3164.93,991.70,118226944,50118656,45438120,43.33,4144810
1770194196164,3165.19,991.84,118226944,50118656,45440128,43.34,4144810
1770194196263,3170.37,994.57,118751232,54575104,44318096,42.27,4154338
1770194196364,3170.65,994.67,118751232,54575104,44320080,42.27,4154338
1770194196466,3170.96,994.74,118751232,54575104,44322064,42.27,4154338
1770194196566,3174.01,996.88,118751232,54575104,44534040,42.47,4128602
1770194196668,3174.34,997.03,118751232,54575104,44536024,42.47,4128602
1770194196769,3176.94,999.01,118751232,54575104,44748032,42.68,4129938
1770194196870,3177.16,999.08,118751232,54575104,44750016,42.68,4129938
1770194196969,3177.29,999.13,118751232,54575104,44752000,42.68,4129938
1770194197071,3181.81,1000.80,118751232,54575104,44964304,42.88,4131274
1770194197172,3182.09,1000.93,118751232,54575104,44966288,42.88,4131274
1770194197273,3185.34,1003.02,118751232,54575104,45178568,43.09,4140802
1770194197375,3185.61,1003.10,118751232,54575104,45180552,43.09,4140802
1770194197476,3185.88,1003.22,118751232,54575104,45182536,43.09,4140802
1770194197577,3188.61,1005.15,118767616,54575104,45394152,43.29,4142138
1770194197678,3188.94,1005.28,118767616,54575104,45396136,43.29,4142138
1770194197777,3192.01,1007.36,118767616,54575104,45608384,43.50,4143474
1770194197879,3192.29,1007.47,118767616,54575104,45610368,43.50,4143474
1770194197981,3193.75,1008.86,118767616,54575104,45717632,43.60,4144144
1770194198081,3194.52,1009.68,118767616,54575104,45823880,43.70,4144810
1770194198181,3194.82,1009.81,118767616,54575104,45825864,43.70,4144810
1770194198282,3197.51,1011.80,118784000,54575104,46037664,43.90,4154338
1770194198383,3197.82,1011.95,118784000,54575104,46039648,43.91,4154338
1770194198486,3199.71,1013.23,118898688,54575104,46146912,44.01,4155008
1770194198587,3200.74,1014.13,118996992,54575104,46253152,44.11,4155674
1770194198688,3201.08,1014.27,118996992,54575104,46255160,44.11,4155674
1770194198788,3204.35,1016.62,119193600,54575104,46466800,44.31,4157010
1770194198889,3204.63,1016.72,119193600,54575104,46468808,44.32,4157010
1770194198990,3207.74,1018.95,119422976,54575104,46680368,44.52,4158346
1770194199091,3207.93,1019.01,119422976,54575104,46682376,44.52,4158346
1770194199193,3208.26,1019.16,119422976,54575104,46684360,44.52,4158346
1770194199294,3211.07,1021.01,119619584,54575104,46896192,44.72,4167874
1770194199395,3211.42,1021.17,119619584,54575104,46898200,44.73,4167874
1770194199516,3272.84,1028.81,139722752,71876608,52795936,50.35,4127936
1770194199617,3526.30,1039.89,164921344,97042432,75453064,71.96,4118404
1770194199718,3526.39,1039.92,164921344,97042432,75455072,71.96,4118404
1770194199818,3529.46,1041.21,164921344,97042432,75666472,72.16,4119740
1770194199920,3529.74,1041.34,164921344,97042432,75668480,72.16,4119740
1770194200020,3534.10,1043.70,164921344,97042432,75879904,72.36,4121076
1770194200122,3534.40,1043.86,164921344,97042432,75881912,72.37,4121076
1770194200223,3534.71,1044.03,164921344,97042432,75883896,72.37,4121076
1770194200325,3538.41,1045.94,164937728,97042432,76095592,72.57,4130604
1770194200427,3538.70,1046.05,164937728,97042432,76097600,72.57,4130604
1770194200528,3549.57,1049.46,166051840,98615296,63421024,60.48,4131940
1770194200628,3549.89,1049.62,166051840,98615296,63423032,60.48,4131940
1770194200730,3550.22,1049.80,166051840,98615296,63425016,60.49,4131940
1770194200831,3552.95,1051.69,166051840,98615296,63636648,60.69,4129268
1770194200931,3553.26,1051.84,166051840,98615296,63638656,60.69,4129268
1770194201032,3556.92,1054.53,166051840,98615296,63850160,60.89,4130604
1770194201133,3557.22,1054.69,166051840,98615296,63852144,60.89,4130604
1770194201235,3557.53,1054.81,166051840,98615296,63854128,60.90,4130604
1770194201336,3560.93,1057.03,166051840,98615296,64065848,61.10,4140132
1770194201436,3561.10,1057.12,165904384,98615296,64067856,61.10,4140132
1770194201538,3562.78,1058.58,165920768,98615296,64279400,61.30,4141468
1770194201639,3562.97,1058.68,165871616,98615296,64281408,61.30,4141468
1770194201740,3563.30,1058.82,165871616,98615296,64283392,61.31,4141468
1770194201841,3569.31,1061.08,165871616,98615296,64499480,61.51,4142804
1770194201942,3569.61,1061.21,165871616,98615296,64501488,61.51,4142804
1770194202043,3571.78,1063.43,165871616,98615296,64712936,61.72,4144140
1770194202144,3580.31,1063.57,165888000,98615296,64728376,61.73,4144140
1770194202244,3580.51,1063.65,165888000,98615296,64730360,61.73,4144140
1770194202345,3583.94,1065.77,165888000,98615296,64942056,61.93,4153668
1770194202447,3584.25,1065.92,165888000,98615296,64944064,61.94,4153668
1770194202548,3586.71,1067.85,165888000,98615296,65155592,62.14,4155004
1770194202649,3586.88,1067.93,165888000,98615296,65157600,62.14,4155004
1770194202751,3587.09,1068.04,165888000,98615296,65159584,62.14,4155004
1770194202851,3589.89,1070.15,165888000,98615296,65371192,62.34,4156340
1770194202951,3590.22,1070.30,165888000,98615296,65373200,62.34,4156340
1770194203053,3592.97,1072.37,165904384,98615296,65584696,62.55,4157676
1770194203154,3593.32,1072.54,165904384,98615296,65586704,62.55,4157676
1770194203254,3593.66,1072.73,165904384,98615296,65588688,62.55,4157676
1770194203356,3595.30,1074.64,165904384,98615296,65800480,62.75,4167204
1770194203457,3595.47,1074.74,165904384,98615296,65802488,62.75,4167204
1770194203557,3598.68,1076.93,165904384,98615296,66013960,62.96,4168540
1770194203659,3598.88,1077.04,165904384,98615296,66015968,62.96,4168540
1770194203760,3599.05,1077.12,165904384,98615296,66017952,62.96,4168540
1770194203861,3601.49,1079.22,165904384,98615296,66229408,63.16,4169876
1770194203961,3601.80,1079.35,165904384,98615296,66231416,63.16,4169876
1770194204061,3605.04,1081.48,165904384,98615296,66442936,63.36,4171212
1770194204162,3605.35,1081.62,165904384,98615296,66444944,63.37,4171212
1770194204264,3605.64,1081.78,165904384,98615296,66446928,63.37,4171212
1770194204363,3608.17,1083.76,165904384,98615296,66658616,63.57,4180740
1770194204465,3608.44,1083.88,165904384,98615296,66660624,63.57,4180740
1770194204566,3611.29,1085.87,165904384,98615296,66872152,63.77,4182076
1770194204667,3611.61,1086.02,165904384,98615296,66874160,63.78,4182076
1770194204770,3616.89,1087.52,165920768,98615296,66981352,63.88,4182746
1770194204871,3619.45,1088.42,165920768,98615296,67088424,63.98,4183412
1770194204972,3619.72,1088.54,165920768,98615296,67090432,63.98,4183412
1770194205073,3622.51,1090.67,165937152,98615296,67301816,64.18,4184748
1770194205174,3622.82,1090.80,165937152,98615296,67303824,64.19,4184748
1770194205276,3626.00,1093.13,165953536,98615296,67515424,64.39,4194276
1770194205377,3626.20,1093.20,165953536,98615296,67517432,64.39,4194276
1770194205479,3626.50,1093.34,165953536,98615296,67519416,64.39,4194276
1770194205580,3629.21,1095.36,165969920,98615296,67730824,64.59,4195612
1770194205680,3630.02,1095.52,165969920,98615296,67732888,64.60,4195612
1770194205781,3631.80,1097.18,165969920,98615296,67944264,64.80,4196948
1770194205881,3631.97,1097.23,165969920,98615296,67946272,64.80,4196948
1770194205982,3632.26,1097.39,165969920,98615296,67948256,64.80,4196948
1770194206082,3635.13,1099.65,165969920,98615296,68159616,65.00,4198284
1770194206184,3635.37,1099.78,165969920,98615296,68161624,65.00,4198284
1770194206284,3637.75,1101.77,165969920,98615296,68373208,65.21,4207812
1770194206386,3637.93,1101.86,165969920,98615296,68375216,65.21,4207812
1770194206486,3638.23,1102.02,165969920,98615296,68377216,65.21,4207812
1770194206587,3641.03,1104.15,165986304,98615296,68752488,65.57,4209148
1770194206689,3641.32,1104.29,165986304,98615296,68754496,65.57,4209148
1770194206789,3644.12,1106.49,165986304,98615296,68965936,65.77,4210484
1770194206890,3644.38,1106.60,165986304,98615296,68967944,65.77,4210484
1770194206990,3644.63,1106.71,165986304,98615296,68969928,65.77,4210484
1770194207092,3647.35,1108.83,165986304,98615296,69181344,65.98,4211820
1770194207192,3647.64,1108.93,165986304,98615296,69183352,65.98,4211820
1770194207293,3651.59,1111.02,166002688,98615296,69394880,66.18,4221348
1770194207395,3651.89,1111.14,166002688,98615296,69396888,66.18,4221348
1770194207496,3652.12,1111.23,166002688,98615296,69398872,66.18,4221348
1770194207596,3658.40,1112.66,166019072,98615296,69613520,66.39,4222684
1770194207697,3700.04,1119.14,123060224,54575104,41779160,39.84,4117738
1770194207799,3704.30,1121.38,123060224,54575104,42276872,40.32,4119074
1770194207900,3704.55,1121.46,123060224,54575104,42278880,40.32,4119074
1770194208001,3704.84,1121.59,123060224,54575104,42280864,40.32,4119074
1770194208102,3707.72,1123.59,123060224,54575104,42507552,40.54,4120410
1770194208203,3707.97,1123.71,123060224,54575104,42509560,40.54,4120410
1770194208304,3788.86,1131.94,114245632,46186496,41797624,39.86,4127266
1770194208406,3789.06,1132.02,114262016,46186496,41799680,39.86,4127266
1770194208507,3789.37,1132.14,114262016,46186496,41801664,39.87,4127266
1770194208608,3792.81,1134.33,114475008,46186496,42028592,40.08,4128602
1770194208708,3793.11,1134.41,114475008,46186496,42030600,40.08,4128602
1770194208809,3797.20,1137.09,115015680,49332224,41582152,39.66,4129938
1770194208910,3874.18,1140.87,114671616,45662208,41511880,39.59,4117738
1770194209012,3874.44,1140.95,114671616,45662208,41633408,39.70,4117738
1770194209112,3882.88,1143.16,114704384,45662208,41917792,39.98,4119074
1770194209213,3883.21,1143.31,114704384,45662208,41919800,39.98,4119074
1770194209315,3887.88,1145.43,114704384,45662208,42146688,40.19,4128602
1770194209416,3888.11,1145.51,114704384,45662208,42148696,40.20,4128602
1770194209516,3888.44,1145.65,114704384,45662208,42150680,40.20,4128602
1770194209618,3895.56,1148.54,114720768,45662208,42377744,40.41,4129938
1770194209718,3895.95,1148.74,114720768,45662208,42379752,40.42,4129938
1770194209820,3900.01,1151.04,115163136,46710784,41729256,39.80,4131274
1770194209921,3900.38,1151.20,115163136,46710784,41731264,39.80,4131274
1770194210021,3900.62,1151.33,115179520,46710784,41733248,39.80,4131274
1770194210122,3903.97,1153.57,115408896,46710784,41959768,40.02,4129268
1770194210222,3904.27,1153.71,115408896,46710784,41961776,40.02,4129268
1770194210323,3907.35,1155.68,115621888,46710784,42188624,40.23,4138796
1770194210425,3907.57,1155.76,115621888,46710784,42190632,40.24,4138796
1770194210526,3907.90,1155.90,115621888,46710784,42192616,40.24,4138796
1770194210627,3917.50,1158.02,115851264,46710784,41801080,39.86,4140132
1770194210728,3917.64,1158.07,115851264,46710784,41803088,39.87,4140132
1770194210829,3921.12,1160.23,115851264,46710784,42029584,40.08,4128602
1770194210931,3921.44,1160.34,115851264,46710784,42031568,40.08,4128602
1770194211031,3921.82,1160.49,115851264,46710784,42033552,40.09,4128602
1770194211132,3925.75,1163.08,115851264,46710784,42260088,40.30,4129938
1770194211234,3926.09,1163.26,115851264,46710784,42262072,40.30,4129938
1770194211335,3930.42,1165.35,115851264,46710784,42488792,40.52,4139466
1770194211435,3930.69,1165.47,115851264,46710784,42490800,40.52,4139466
1770194211537,3931.01,1165.63,115851264,46710784,42492784,40.52,4139466
1770194211638,3935.17,1167.85,115851264,46710784,41946424,40.00,4140802
1770194211738,3935.45,1167.99,115851264,46710784,41948432,40.01,4140802
1770194211839,3938.67,1169.95,115851264,46710784,42174944,40.22,4129268
1770194211940,3938.94,1170.07,115851264,46710784,42176928,40.22,4129268
1770194212039,3939.23,1170.20,115851264,46710784,42178912,40.22,4129268
1770194212141,3942.30,1172.17,115867648,46710784,42405400,40.44,4130604
1770194212241,3942.53,1172.27,115867648,46710784,42407408,40.44,4130604
1770194212343,3951.79,1174.62,115965952,46710784,42724896,40.75,4140132
1770194212443,3953.22,1174.76,115965952,46710784,42126760,40.18,4140132
1770194212545,3953.43,1174.83,115965952,46710784,42128744,40.18,4140132
1770194212646,3956.06,1176.73,115965952,46710784,42355160,40.39,4128602
1770194212747,3956.35,1176.84,115965952,46710784,42357144,40.39,4128602
1770194212848,3960.84,1179.07,115965952,46710784,42583856,40.61,4129938
1770194212949,3961.12,1179.19,115965952,46710784,42585840,40.61,4129938
1770194213051,3961.41,1179.33,115965952,46710784,42587824,40.61,4129938
1770194213152,3964.64,1181.47,115965952,46710784,42813928,40.83,4131274
1770194213252,3964.93,1181.60,115965952,46710784,42815912,40.83,4131274
1770194213353,3969.08,1183.64,115965952,46710784,42258192,40.30,4140802
1770194213455,3969.42,1183.80,115965952,46710784,42260176,40.30,4140802
1770194213555,3973.89,1183.99,115965952,46710784,42262488,40.30,4140802
1770194213657,3977.09,1186.29,115982336,46710784,42488544,40.52,4129268
1770194213757,3977.40,1186.44,115982336,46710784,42490528,40.52,4129268
1770194213858,3980.61,1188.48,115982336,46710784,42716616,40.74,4130604
1770194213960,3980.85,1188.60,115982336,46710784,42718600,40.74,4130604
1770194214060,3981.14,1188.77,115982336,46710784,42720584,40.74,4130604
1770194214161,3984.52,1191.02,115982336,46710784,42946568,40.96,4131940
1770194214262,3984.84,1191.19,115982336,46710784,42948576,40.96,4131940
1770194214363,3990.09,1193.67,116244480,48807936,42456424,40.49,4141468
1770194214464,3990.38,1193.77,116244480,48807936,42458432,40.49,4141468
1770194214566,3990.67,1193.92,116244480,48807936,42460416,40.49,4141468
1770194214667,3993.82,1196.15,116244480,48807936,42686480,40.71,4129268
1770194214767,3994.12,1196.29,116244480,48807936,42688464,40.71,4129268
1770194214869,3997.32,1198.22,116244480,48807936,42914536,40.93,4130604
1770194214970,3997.61,1198.38,116244480,48807936,42916520,40.93,4130604
1770194215069,3997.92,1198.53,116244480,48807936,42918504,40.93,4130604
1770194215171,4002.48,1201.36,116244480,48807936,43146824,41.15,4131940
1770194215271,4002.80,1201.61,116244480,48807936,43148808,41.15,4131940
1770194215372,4009.40,1203.64,116359168,48807936,43384944,41.38,4141468
1770194215473,4009.60,1203.74,116359168,48807936,43386928,41.38,4141468
1770194215574,4009.75,1203.84,116359168,48807936,43388912,41.38,4141468
1770194215675,4012.09,1205.70,116572160,48807936,43614968,41.59,4142804
1770194215776,4012.32,1205.82,116572160,48807936,43616976,41.60,4142804
1770194215877,4014.42,1207.61,116801536,48807936,43845232,41.81,4144140
1770194215979,4014.69,1207.75,116801536,48807936,43847240,41.82,4144140
1770194216079,4014.99,1207.93,116817920,48807936,43849224,41.82,4144140
1770194216181,4019.52,1210.06,117030912,48807936,42684336,40.71,4145476
1770194216283,4019.80,1210.22,117030912,48807936,42686344,40.71,4145476
1770194216383,4022.64,1212.18,117030912,48807936,42925736,40.94,4136794
1770194216485,4022.97,1212.34,117030912,48807936,42927744,40.94,4136794
1770194216585,4023.28,1212.49,117030912,48807936,42929728,40.94,4136794
1770194216687,4028.26,1214.78,117030912,48807936,43156160,41.16,4138130
1770194216788,4028.59,1214.95,117030912,48807936,43158168,41.16,4138130
1770194216888,4031.73,1217.17,117030912,48807936,43384200,41.37,4139466
1770194216988,4032.02,1217.30,117030912,48807936,43386184,41.38,4139466
1770194217089,4032.34,1217.45,117030912,48807936,43388168,41.38,4139466
1770194217191,4035.36,1219.70,117227520,48807936,43614304,41.59,4140802
1770194217291,4035.68,1219.85,117227520,48807936,43616288,41.60,4140802
1770194217393,4039.01,1222.01,117440512,48807936,43842608,41.81,4150330
1770194217494,4039.34,1222.16,117440512,48807936,43844616,41.81,4150330
1770194217594,4039.66,1222.35,117440512,48807936,43846600,41.82,4150330
1770194217696,4042.98,1224.58,117653504,48807936,44312744,42.26,4151666
1770194217797,4043.32,1224.76,117653504,48807936,44314752,42.26,4151666
1770194217898,4054.30,1227.25,117915648,48807936,44542040,42.48,4153002
1770194217999,4054.60,1227.40,117915648,48807936,44544048,42.48,4153002
1770194218102,4058.08,1229.25,118013952,48807936,44658520,42.59,4153672
1770194218202,4065.06,1230.58,118292480,49594368,43280720,41.28,4154338
1770194218304,4065.38,1230.74,118292480,49594368,43282728,41.28,4154338
1770194218404,4068.38,1232.85,118292480,49594368,43508736,41.49,4137460
1770194218506,4068.67,1232.98,118292480,49594368,43510744,41.50,4137460
1770194218605,4070.69,1234.38,118292480,49594368,43625024,41.60,4138130
1770194218707,4071.76,1235.15,118292480,49594368,43738360,41.71,4138796
1770194218807,4072.08,1235.31,118292480,49594368,43740344,41.71,4138796
1770194218909,4074.93,1237.20,118292480,49594368,43966352,41.93,4140132
1770194219009,4075.24,1237.37,118292480,49594368,43968336,41.93,4140132
1770194219109,4080.00,1238.97,118308864,49594368,44082616,42.04,4140802
1770194219211,4081.14,1239.74,118308864,49594368,44195920,42.15,4141468
1770194219311,4081.47,1239.89,118308864,49594368,44197904,42.15,4141468
1770194219413,4094.35,1242.21,118308864,49594368,44424040,42.37,4150996
1770194219514,4094.68,1242.36,118308864,49594368,44426048,42.37,4150996
1770194219615,4101.13,1244.61,118325248,49594368,44859080,42.78,4152332
1770194219715,4101.34,1244.68,118325248,49594368,44861088,42.78,4152332
1770194219816,4101.67,1244.85,118325248,49594368,44863072,42.78,4152332
1770194219917,4110.16,1247.11,118489088,49594368,45086024,43.00,4153668
1770194220019,4110.47,1247.28,118489088,49594368,45088032,43.00,4153668
1770194220119,4114.39,1249.45,118800384,49856512,43829192,41.80,4128602
1770194220219,4114.59,1249.52,118800384,49856512,43831176,41.80,4128602
1770194220321,4114.91,1249.67,118800384,49856512,43833160,41.80,4128602
1770194220421,4117.66,1251.74,118816768,49856512,44050632,42.01,4138130
1770194220522,4117.98,1251.89,118816768,49856512,44052616,42.01,4138130
1770194220623,4124.11,1254.10,118816768,49856512,44269896,42.22,4139466
1770194220723,4125.01,1254.17,118816768,49856512,44272984,42.22,4139466
1770194220825,4125.27,1254.28,118816768,49856512,44274968,42.22,4139466
1770194220926,4128.45,1256.55,118865920,49856512,44492240,42.43,4140802
1770194221027,4128.74,1256.68,118865920,49856512,44494224,42.43,4140802
1770194221127,4138.60,1259.03,118865920,49856512,44711440,42.64,4142138
1770194221228,4139.97,1259.10,118865920,49856512,44714048,42.64,4142138
1770194221329,4140.27,1259.24,118865920,49856512,44716032,42.64,4142138
1770194221430,4143.44,1261.57,118882304,49856512,44933560,42.85,4151666
1770194221531,4143.68,1261.70,118882304,49856512,44935544,42.85,4151666
1770194221631,4146.46,1263.72,118882304,49856512,45152768,43.06,4153002
1770194221732,4146.65,1263.79,118882304,49856512,45154752,43.06,4153002
1770194221834,4146.96,1263.94,118882304,49856512,45156736,43.06,4153002
1770194221934,4151.08,1266.15,119128064,49856512,43912512,41.88,4154338
1770194222035,4151.37,1266.27,119128064,49856512,43914496,41.88,4154338
1770194222136,4154.43,1268.41,119128064,49856512,44131792,42.09,4128602
1770194222237,4154.64,1268.49,119128064,49856512,44133776,42.09,4128602
1770194222339,4154.96,1268.64,119128064,49856512,44135760,42.09,4128602
1770194222439,4158.06,1270.83,119128064,49856512,44353248,42.30,4138130
1770194222541,4158.36,1270.95,119128064,49856512,44355232,42.30,4138130
1770194222641,4160.11,1272.52,119128064,49856512,44572552,42.51,4139466
1770194222742,4160.31,1272.59,119128064,49856512,44574536,42.51,4139466
1770194222842,4160.63,1272.74,119128064,49856512,44576520,42.51,4139466
1770194222943,4163.48,1274.84,119128064,49856512,44793736,42.72,4140802
1770194223044,4163.65,1274.92,119128064,49856512,44795720,42.72,4140802
1770194223145,4176.41,1277.25,119144448,49856512,45013008,42.93,4142138
1770194223247,4187.63,1277.53,119160832,49856512,45016848,42.93,4142138
1770194223347,4187.94,1277.66,119160832,49856512,45018832,42.93,4142138
1770194223449,4191.09,1279.76,119160832,49856512,45234432,43.14,4151666
1770194223549,4191.40,1279.91,119160832,49856512,45236416,43.14,4151666
1770194223649,4196.78,1281.91,119160832,49856512,45452056,43.35,4153002
1770194223751,4196.98,1281.98,119160832,49856512,45454040,43.35,4153002
1770194223851,4197.29,1282.11,119160832,49856512,45456024,43.35,4153002
1770194223953,4233.23,1285.18,119832576,54312960,44202080,42.15,4154338
1770194224054,4233.46,1285.30,119832576,54312960,44204064,42.16,4154338
1770194224155,4235.86,1287.22,119832576,54312960,44416280,42.36,4129268
1770194224256,4236.05,1287.31,119832576,54312960,44418264,42.36,4129268
1770194224356,4236.31,1287.43,119832576,54312960,44420248,42.36,4129268
1770194224456,4239.03,1289.55,119848960,54312960,44632744,42.57,4138796
1770194224558,4239.25,1289.67,119848960,54312960,44634728,42.57,4138796
1770194224658,4241.74,1291.63,119848960,54312960,44846872,42.77,4140132
1770194224760,4241.93,1291.73,119848960,54312960,44848856,42.77,4140132
1770194224861,4242.16,1291.83,119848960,54312960,44850840,42.77,4140132
1770194224962,4250.18,1294.07,119848960,54312960,45063176,42.98,4141468
1770194225063,4250.53,1294.18,119848960,54312960,45065160,42.98,4141468
1770194225165,4261.11,1296.38,119865344,54312960,45279472,43.18,4142804
1770194225266,4261.34,1296.48,119865344,54312960,45280952,43.18,4142804
1770194225367,4261.61,1296.61,119865344,54312960,45282432,43.18,4142804
1770194225468,4264.55,1298.73,119865344,54312960,45494512,43.39,4152332
1770194225569,4264.79,1298.84,119865344,54312960,45495992,43.39,4152332
1770194225671,4273.08,1300.98,119865344,54312960,45708648,43.59,4153668
1770194225772,4273.26,1301.05,119865344,54312960,45710128,43.59,4153668
1770194225873,4273.56,1301.18,119865344,54312960,45711608,43.59,4153668
1770194225975,4276.38,1303.19,119865344,54312960,45923088,43.80,4155004
1770194226076,4276.61,1303.31,119865344,54312960,45924592,43.80,4155004
1770194226176,4281.14,1305.53,120094720,54312960,46136104,44.00,4156340
1770194226278,4281.35,1305.63,120094720,54312960,46137608,44.00,4156340
1770194226379,4281.60,1305.75,120111104,54312960,46139088,44.00,4156340
1770194226479,4284.30,1307.69,120307712,54312960,46350800,44.20,4165868
1770194226580,4284.53,1307.80,120307712,54312960,46352304,44.21,4165868
1770194226682,4287.44,1309.99,120504320,54312960,46563800,44.41,4167204
1770194226783,4287.72,1310.10,120504320,54312960,46565304,44.41,4167204
1770194226885,4303.82,1310.30,120520704,54312960,46586656,44.43,4167204
1770194226986,4306.67,1312.27,120717312,54312960,46798224,44.63,4168540
1770194227087,4306.91,1312.41,120717312,54312960,46799696,44.63,4168540
1770194227188,4312.72,1314.55,120913920,54312960,47011576,44.83,4169876
1770194227289,4312.98,1314.65,120913920,54312960,47013048,44.84,4169876
1770194227391,4313.27,1314.77,120913920,54312960,47014496,44.84,4169876
1770194227492,4316.07,1316.96,121126912,54312960,47246152,45.06,4179404
1770194227593,4316.29,1317.07,121126912,54312960,47247624,45.06,4179404
1770194227694,4318.92,1319.31,121356288,54312960,47459104,45.26,4180740
1770194227795,4324.49,1319.80,121372672,54312960,47490816,45.29,4180748
1770194227895,4324.79,1319.92,121372672,54312960,47492304,45.29,4180748
1770194227996,4328.55,1322.16,121585664,54312960,47703736,45.49,4182084
1770194228096,4328.85,1322.32,121585664,54312960,47705208,45.50,4182084
1770194228197,4331.52,1324.35,121782272,54312960,47916656,45.70,4183420
1770194228299,4331.77,1324.46,121782272,54312960,47918128,45.70,4183420
1770194228399,4332.06,1324.60,121782272,54312960,47919576,45.70,4183420
1770194228501,4337.92,1328.65,117309440,48283648,45265160,43.17,4136794
1770194228602,4338.19,1328.78,117309440,48283648,45266608,43.17,4136794
1770194228703,4341.17,1330.95,117309440,48283648,45478096,43.37,4138130
1770194228804,4341.35,1331.05,117309440,48283648,45479544,43.37,4138130
1770194228906,4341.56,1331.16,117309440,48283648,45480992,43.37,4138130
1770194229006,4344.08,1333.09,117309440,48283648,45692472,43.58,4139466
1770194229107,4344.28,1333.21,117309440,48283648,45693920,43.58,4139466
1770194229209,4358.81,1335.22,117325824,48283648,45906184,43.78,4140802
1770194229310,4358.98,1335.29,117325824,48283648,45907632,43.78,4140802
1770194229411,4359.25,1335.45,117325824,48283648,45909080,43.78,4140802
1770194229511,4635.03,1347.01,142606336,88653824,54949544,52.40,4117738
1770194229611,4635.08,1347.04,142606336,88653824,54951064,52.41,4117738
1770194229711,4711.83,1353.79,163135488,96256000,66966016,63.86,4119074
1770194229813,4783.26,1354.50,164102144,96518144,74446024,71.00,4119074
1770194229914,4783.36,1354.55,164102144,96518144,74447472,71.00,4119074
1770194230014,4787.74,1356.75,164315136,96518144,74659608,71.20,4120410
1770194230116,4787.98,1356.88,164315136,96518144,74661080,71.20,4120410
1770194230217,4790.66,1358.93,164528128,96518144,74872664,71.40,4121742
1770194230318,4790.90,1359.04,164528128,96518144,74874136,71.41,4121742
1770194230420,4791.16,1359.16,164528128,96518144,74875584,71.41,4121742
1770194230521,4801.03,1362.31,165871616,98091008,62331208,59.44,4131266
1770194230622,4801.32,1362.46,165871616,98091008,62332680,59.45,4131266
1770194230723,4803.93,1364.49,165871616,98091008,62544384,59.65,4129934
1770194230824,4804.21,1364.62,165871616,98091008,62545856,59.65,4129934
1770194230925,4804.47,1364.77,165871616,98091008,62547304,59.65,4129934
1770194231026,4808.97,1366.92,165871616,98091008,62759256,59.85,4131266
1770194231128,4809.26,1367.08,165871616,98091008,62760704,59.85,4131266
1770194231228,4811.91,1368.92,165871616,98091008,62972344,60.06,4132598
1770194231329,4812.10,1369.02,165871616,98091008,62973816,60.06,4132598
1770194231431,4812.29,1369.11,165871616,98091008,62975264,60.06,4132598
1770194231531,4815.07,1371.19,165871616,98091008,63187200,60.26,4142122
1770194231633,4815.37,1371.35,165871616,98091008,63188672,60.26,4142122
1770194231733,4818.05,1373.57,165888000,98091008,63400424,60.46,4143454
1770194231833,4818.34,1373.73,165888000,98091008,63401896,60.46,4143454
1770194231935,4818.65,1373.91,165888000,98091008,63403344,60.47,4143454
1770194232035,4828.97,1376.20,165888000,98091008,63615024,60.67,4144786
1770194232136,4829.24,1376.35,165888000,98091008,63616496,60.67,4144786
1770194232238,4832.15,1378.52,165904384,98091008,63828008,60.87,4146118
1770194232338,4832.45,1378.67,165904384,98091008,63829480,60.87,4146118
1770194232442,4834.38,1379.99,165904384,98091008,63936464,60.97,4146786
1770194232543,4835.54,1380.91,165904384,98091008,64042680,61.08,4155642
1770194232643,4835.81,1381.02,165904384,98091008,64044152,61.08,4155642
1770194232744,4838.76,1383.12,165904384,98091008,64255704,61.28,4156976
1770194232846,4838.91,1383.22,165904384,98091008,64257176,61.28,4156976
1770194232946,4841.40,1385.24,165904384,98091008,64468696,61.48,4158310
1770194233047,4841.55,1385.31,165904384,98091008,64470168,61.48,4158310
1770194233148,4841.81,1385.47,165904384,98091008,64471616,61.48,4158310
1770194233250,4844.92,1387.64,165904384,98091008,64683232,61.69,4159644
1770194233350,4845.19,1387.79,165904384,98091008,64684704,61.69,4159644
1770194233451,4847.65,1389.58,165904384,98091008,64896504,61.89,4169170
1770194233552,4847.85,1389.66,165904384,98091008,64897976,61.89,4169170
1770194233653,4848.14,1389.82,165904384,98091008,64899424,61.89,4169170
1770194233755,4851.04,1392.06,165920768,98091008,65110960,62.09,4170504
1770194233855,4851.32,1392.21,165920768,98091008,65112432,62.10,4170504
1770194233954,4854.08,1394.20,165920768,98091008,65324024,62.30,4171838
1770194234055,4854.34,1394.28,165920768,98091008,65325496,62.30,4171838
1770194234156,4857.18,1394.44,165920768,98091008,65327016,62.30,4171838
1770194234258,4864.91,1396.55,165920768,98091008,65539336,62.50,4173172
1770194234357,4865.17,1396.70,165920768,98091008,65540808,62.50,4173172
1770194234458,4868.23,1398.83,165920768,98091008,65752688,62.71,4182698
1770194234559,4868.39,1398.90,165920768,98091008,65754160,62.71,4182698
1770194234661,4868.67,1399.02,165920768,98091008,65755608,62.71,4182698
1770194234762,4872.09,1401.00,165920768,98091008,65978832,62.92,4184032
1770194234862,4872.30,1401.11,165920768,98091008,65980304,62.92,4184032
1770194234963,4875.28,1403.24,165937152,98091008,66256952,63.19,4185366
1770194235063,4875.42,1403.31,165937152,98091008,66258424,63.19,4185366
1770194235164,4875.66,1403.44,165937152,98091008,66259872,63.19,4185366
1770194235265,4878.36,1405.51,165937152,98091008,66471000,63.39,4186700
1770194235365,4878.64,1405.68,165937152,98091008,66472472,63.39,4186700
1770194235465,4880.22,1407.21,165937152,98091008,66683896,63.59,4196226
1770194235566,4880.35,1407.28,165937152,98091008,66685368,63.60,4196226
1770194235668,4880.60,1407.41,165937152,98091008,66686816,63.60,4196226
1770194235768,4883.47,1409.53,165937152,98091008,66897992,63.80,4197560
1770194235870,4883.72,1409.67,165937152,98091008,66899464,63.80,4197560
1770194235970,4886.35,1411.58,165937152,98091008,67110672,64.00,4198894
1770194236071,4886.57,1411.68,165937152,98091008,67112144,64.00,4198894
1770194236172,4886.85,1411.85,165937152,98091008,67113592,64.00,4198894
1770194236274,4889.87,1414.09,165937152,98091008,67324760,64.21,4200228
1770194236374,4890.18,1414.25,165937152,98091008,67326232,64.21,4200228
1770194236475,4893.15,1416.38,165953536,98091008,67537632,64.41,4209754
1770194236577,4893.40,1416.51,165953536,98091008,67539104,64.41,4209754
1770194236677,4893.67,1416.70,165953536,98091008,67540552,64.41,4209754
1770194236779,4896.71,1418.89,165953536,98091008,67751760,64.61,4211088
1770194236879,4896.97,1419.05,165953536,98091008,67753232,64.61,4211088
1770194236980,4899.81,1421.33,165953536,98091008,67964560,64.82,4212422
1770194237081,4900.06,1421.44,165953536,98091008,67966032,64.82,4212422
1770194237182,4900.35,1421.60,165953536,98091008,67967480,64.82,4212422
1770194237283,4903.35,1423.82,165953536,98091008,68178624,65.02,4213756
1770194237384,4903.60,1423.95,165953536,98091008,68180096,65.02,4213756
1770194237485,4913.67,1426.17,165969920,98091008,68392712,65.22,4223282
1770194237585,4991.74,1437.31,125517824,55885824,42244024,40.29,4125930
1770194237685,4991.95,1437.41,125517824,55885824,42487808,40.52,4125930
1770194237786,4995.72,1439.28,125517824,55885824,42736472,40.76,4127264
1770194237887,4995.96,1439.39,125517824,55885824,42737944,40.76,4127264
1770194237988,4999.15,1441.39,125517824,55885824,42963528,40.97,4128598
1770194238089,4999.31,1441.46,125517824,55885824,42965000,40.97,4128598
1770194238189,5049.04,1442.56,125517824,55885824,42973800,40.98,4128598
1770194238291,5085.65,1449.70,114999296,46448640,42259256,40.30,4127264
1770194238392,5085.94,1449.87,115015680,46448640,42260728,40.30,4127264
1770194238493,5088.87,1451.95,115245056,46448640,42486536,40.52,4136790
1770194238594,5089.11,1452.05,115245056,46448640,42488008,40.52,4136790
1770194238694,5089.37,1452.19,115245056,46448640,42489456,40.52,4136790
1770194238795,5092.25,1454.18,115474432,46448640,42714904,40.74,4138124
1770194238896,5169.81,1457.88,114819072,45924352,41967160,40.02,4125930
1770194238998,5181.50,1460.41,115081216,45924352,42268832,40.31,4127264
1770194239098,5181.75,1460.51,115081216,45924352,42270304,40.31,4127264
1770194239198,5182.03,1460.65,115081216,45924352,42271752,40.31,4127264
1770194239299,5184.96,1462.69,115310592,45924352,42497608,40.53,4128598
1770194239401,5185.21,1462.79,115310592,45924352,42499080,40.53,4128598
1770194239501,5188.82,1465.40,115539968,45924352,42724952,40.75,4138124
1770194239602,5189.07,1465.54,115539968,45924352,42726424,40.75,4138124
1770194239704,5189.36,1465.68,115539968,45924352,42727872,40.75,4138124
1770194239804,5194.10,1468.31,116080640,49070080,42101280,40.15,4139458
1770194239906,5194.37,1468.43,116080640,49070080,42102752,40.15,4139458
1770194240006,5199.64,1470.53,116326400,49070080,42598056,40.62,4137455
1770194240107,5199.92,1470.67,116326400,49070080,42599528,40.63,4137455
1770194240209,5200.21,1470.82,116326400,49070080,42600976,40.63,4137455
1770194240309,5203.87,1473.13,116555776,49070080,42826784,40.84,4138789
1770194240411,5204.17,1473.32,116572160,49070080,42828256,40.84,4138789
1770194240511,5207.68,1475.77,116785152,49070080,43053816,41.06,4148315
1770194240613,5207.94,1475.90,116785152,49070080,43055288,41.06,4148315
1770194240713,5208.22,1476.05,116785152,49070080,43056736,41.06,4148315
1770194240814,5211.44,1478.23,116998144,49070080,43282128,41.28,4149649
1770194240916,5211.69,1478.36,116998144,49070080,43283600,41.28,4149649
1770194241016,5214.84,1480.58,117211136,49070080,43508976,41.49,4150983
1770194241117,5215.02,1480.69,117211136,49070080,43510448,41.49,4150983
1770194241218,5215.22,1480.79,117211136,49070080,43511896,41.50,4150983
1770194241320,5217.84,1482.78,117424128,49070080,43737264,41.71,4152317
1770194241420,5218.14,1482.95,117424128,49070080,43738736,41.71,4152317
1770194241521,5221.25,1485.20,117669888,49070080,43964448,41.93,4161843
1770194241623,5221.46,1485.31,117669888,49070080,43965920,41.93,4161843
1770194241723,5221.75,1485.48,117669888,49070080,43967368,41.93,4161843
1770194241824,5226.33,1487.67,117850112,49070080,42637144,40.66,4163177
1770194241926,5226.60,1487.82,117850112,49070080,42638616,40.66,4163177
1770194242026,5229.11,1489.51,117850112,49070080,42864000,40.88,4137455
1770194242128,5229.31,1489.60,117850112,49070080,42865448,40.88,4137455
1770194242228,5229.57,1489.74,117850112,49070080,42866896,40.88,4137455
1770194242330,5239.09,1492.30,117932032,49070080,43092408,41.10,4138789
1770194242430,5239.29,1492.42,117932032,49070080,43093856,41.10,4138789
1770194242531,5242.56,1494.55,117981184,49070080,43319440,41.31,4148315
1770194242633,5242.75,1494.68,117981184,49070080,43320912,41.31,4148315
1770194242733,5242.92,1494.81,117981184,49070080,43322360,41.32,4148315
1770194242834,5245.55,1496.21,118210560,49070080,43547768,41.53,4149649
1770194242936,5245.76,1496.35,118226944,49070080,43549216,41.53,4149649
1770194243036,5248.54,1498.23,118439936,49070080,43774088,41.75,4150983
1770194243137,5248.79,1498.35,118439936,49070080,43775536,41.75,4150983
1770194243239,5249.07,1498.50,118439936,49070080,43776984,41.75,4150983
1770194243339,5252.60,1500.75,118652928,49070080,44001968,41.96,4152317
1770194243440,5252.86,1500.89,118669312,49070080,44003416,41.96,4152317
1770194243541,5264.30,1503.46,118915072,49070080,42834784,40.85,4161843
1770194243641,5264.53,1503.58,118915072,49070080,42836232,40.85,4161843
1770194243741,5264.82,1503.74,118915072,49070080,42837680,40.85,4161843
1770194243842,5271.16,1505.90,118931456,49070080,43062600,41.07,4136790
1770194243943,5271.42,1506.05,118931456,49070080,43064072,41.07,4136790
1770194244045,5274.58,1508.29,118931456,49070080,43288280,41.28,4138124
1770194244146,5274.77,1508.39,118931456,49070080,43289728,41.28,4138124
1770194244247,5274.97,1508.48,118931456,49070080,43291176,41.29,4138124
1770194244348,5279.18,1510.56,118931456,49070080,43515464,41.50,4139458
1770194244450,5279.48,1510.70,118931456,49070080,43516912,41.50,4139458
1770194244551,5282.92,1512.99,118931456,49070080,43741368,41.72,4148984
1770194244651,5283.20,1513.14,118931456,49070080,43742840,41.72,4148984
1770194244752,5283.49,1513.30,118931456,49070080,43744288,41.72,4148984
1770194244853,5286.52,1515.43,118931456,49070080,43968520,41.93,4150318
1770194244955,5286.81,1515.56,118931456,49070080,43969992,41.93,4150318
1770194245055,5290.50,1517.99,118947840,49070080,44194288,42.15,4151652
1770194245157,5290.80,1518.14,118947840,49070080,44195760,42.15,4151652
1770194245257,5291.10,1518.31,118947840,49070080,44197208,42.15,4151652
1770194245358,5298.55,1520.57,118947840,49070080,44422296,42.36,4152986
1770194245458,5298.80,1520.70,118947840,49070080,44423768,42.37,4152986
1770194245559,5304.02,1523.00,118947840,49070080,43142032,41.14,4144313
1770194245661,5304.31,1523.16,118947840,49070080,43143488,41.14,4144313
1770194245761,5304.59,1523.31,118947840,49070080,43144936,41.15,4144313
1770194245863,5307.24,1525.20,118947840,49070080,43369184,41.36,4145647
1770194245963,5307.54,1525.36,118947840,49070080,43370656,41.36,4145647
1770194246064,5310.36,1527.29,118947840,49070080,43594888,41.58,4146981
1770194246165,5310.57,1527.40,118947840,49070080,43596360,41.58,4146981
1770194246267,5310.73,1527.50,118947840,49070080,43597808,41.58,4146981
1770194246367,5312.42,1528.88,118964224,49070080,43822016,41.79,4148315
1770194246468,5312.58,1528.96,118964224,49070080,43823464,41.79,4148315
1770194246569,5316.29,1531.05,118964224,49070080,44047944,42.01,4157841
1770194246670,5316.57,1531.21,118964224,49070080,44049416,42.01,4157841
1770194246771,5316.87,1531.33,118964224,49070080,44050864,42.01,4157841
1770194246871,5320.05,1533.52,118964224,49070080,44275048,42.22,4159175
1770194246971,5320.31,1533.64,118964224,49070080,44276520,42.23,4159175
1770194247073,5325.40,1536.12,119111680,49332224,43279328,41.27,4160509
1770194247173,5325.69,1536.29,119111680,49332224,43280800,41.28,4160509
1770194247274,5326.02,1536.46,119111680,49332224,43282248,41.28,4160509
1770194247374,5329.07,1538.58,119111680,49332224,43506480,41.49,4136790
1770194247476,5329.34,1538.71,119111680,49332224,43507928,41.49,4136790
1770194247577,5332.16,1540.53,119111680,49332224,43732448,41.71,4146316
1770194247678,5332.46,1540.68,119111680,49332224,43733920,41.71,4146316
1770194247781,5334.32,1542.00,119111680,49332224,43847248,41.82,4146985
1770194247882,5337.17,1542.93,119128064,49332224,43960080,41.92,4147650
1770194247982,5337.46,1543.06,119128064,49332224,43961552,41.93,4147650
1770194248083,5343.75,1545.15,119128064,49332224,44186248,42.14,4148984
1770194248184,5343.97,1545.27,119128064,49332224,44187696,42.14,4148984
1770194248284,5347.10,1547.31,119128064,49332224,44411648,42.35,4150318
1770194248385,5347.26,1547.38,119128064,49332224,44413096,42.36,4150318
1770194248485,5347.52,1547.50,119128064,49332224,44414544,42.36,4150318
1770194248586,5352.20,1549.24,119128064,49332224,44638872,42.57,4159844
1770194248688,5352.45,1549.38,119128064,49332224,44640344,42.57,4159844
1770194248787,5356.76,1550.82,119128064,49332224,44753552,42.68,4160513
1770194248888,5360.37,1551.75,119128064,49332224,44984632,42.90,4161178
1770194248988,5360.68,1551.93,119128064,49332224,44986104,42.90,4161178
1770194249090,5368.33,1554.86,119373824,49856512,43691680,41.67,4162512
1770194249190,5368.74,1555.10,119373824,49856512,43693152,41.67,4162512
1770194249292,5372.85,1557.30,119373824,49856512,43911984,41.88,4137455
1770194249392,5379.50,1557.42,119390208,49856512,43914088,41.88,4137455
1770194249494,5379.77,1557.57,119390208,49856512,43915536,41.88,4137455
1770194249595,5385.50,1559.50,119406592,49856512,44132416,42.09,4146981
1770194249694,5385.75,1559.62,119406592,49856512,44133864,42.09,4146981
1770194249794,5388.06,1561.24,119406592,49856512,44243008,42.19,4147650
1770194249895,5389.47,1562.14,119406592,49856512,44351152,42.30,4148315
1770194249997,5389.73,1562.28,119406592,49856512,44352600,42.30,4148315
1770194250098,5394.66,1564.44,119406592,49856512,44568400,42.50,4149649
1770194250198,5394.93,1564.58,119406592,49856512,44569848,42.51,4149649
1770194250298,5397.88,1566.61,119406592,49856512,44785048,42.71,4150983
1770194250399,5398.07,1566.68,119406592,49856512,44786496,42.71,4150983
1770194250501,5398.35,1566.83,119406592,49856512,44787944,42.71,4150983
1770194250602,5404.26,1568.66,119422976,49856512,45003456,42.92,4160509
1770194250702,5404.49,1568.79,119422976,49856512,45004904,42.92,4160509
1770194250803,5408.43,1571.05,119439360,49856512,45220088,43.13,4161843
1770194250903,5409.62,1571.11,119439360,49856512,45221536,43.13,4161843
1770194251004,5409.90,1571.25,119439360,49856512,45222984,43.13,4161843
1770194251105,5420.56,1574.00,120061952,54312960,44014272,41.98,4163177
1770194251206,5420.83,1574.17,120061952,54312960,44015720,41.98,4163177
1770194251305,5423.45,1576.11,120061952,54312960,44230960,42.18,4137455
1770194251406,5423.60,1576.18,120061952,54312960,44232408,42.18,4137455
1770194251508,5423.88,1576.38,120061952,54312960,44233856,42.18,4137455
1770194251609,5426.73,1578.46,120078336,54312960,44449336,42.39,4146981
1770194251710,5426.96,1578.59,120078336,54312960,44450784,42.39,4146981
1770194251811,5430.84,1580.96,120078336,54312960,44666040,42.60,4148315
1770194251912,5431.05,1581.07,120078336,54312960,44667488,42.60,4148315
1770194252013,5431.32,1581.22,120078336,54312960,44668936,42.60,4148315
1770194252114,5441.97,1583.35,120094720,54312960,44884176,42.80,4149649
1770194252215,5442.27,1583.52,120094720,54312960,44885624,42.81,4149649
1770194252315,5445.18,1585.66,120094720,54312960,45100608,43.01,4150983
1770194252417,5445.40,1585.78,120094720,54312960,45102056,43.01,4150983
1770194252517,5445.63,1585.91,120094720,54312960,45103504,43.01,4150983
1770194252619,5448.20,1588.13,120094720,54312960,45347744,43.25,4160509
1770194252719,5448.49,1588.31,120094720,54312960,45349192,43.25,4160509
1770194252819,5451.44,1590.54,120094720,54312960,45564176,43.45,4161843
1770194252920,5451.60,1590.61,120094720,54312960,45565624,43.45,4161843
1770194253020,5451.78,1590.72,120094720,54312960,45567072,43.46,4161843
1770194253122,5454.24,1592.80,120176640,54312960,45781976,43.66,4163177
1770194253222,5454.53,1592.97,120176640,54312960,45783424,43.66,4163177
1770194253323,5464.68,1594.98,120373248,54312960,45998408,43.87,4164511
1770194253425,5475.80,1595.11,120389632,54312960,46127688,43.99,4164511
1770194253525,5476.00,1595.24,120406016,54312960,46129136,43.99,4164511
1770194253625,5478.45,1597.27,120602624,54312960,46342656,44.20,4174037
1770194253726,5478.72,1597.39,120602624,54312960,46344128,44.20,4174037
1770194253827,5493.53,1600.09,120815616,54312960,46644136,44.48,4175371
1770194253928,5513.96,1600.48,120832000,54312960,46645992,44.49,4175371
1770194254030,5514.20,1600.61,120832000,54312960,46647440,44.49,4175371
1770194254131,5516.99,1602.82,121044992,54312960,46857960,44.69,4176705
1770194254231,5517.25,1602.94,121044992,54312960,46859432,44.69,4176705
1770194254333,5520.31,1605.21,121241600,54312960,47069904,44.89,4178039
1770194254433,5520.46,1605.33,121257984,54312960,47071376,44.89,4178039
1770194254534,5520.70,1605.45,121257984,54312960,47072824,44.89,4178039
1770194254636,5528.99,1607.83,121470976,54312960,47283752,45.09,4187565
1770194254737,5529.25,1607.95,121470976,54312960,47285224,45.09,4187565
1770194254838,5531.05,1609.46,121667584,54312960,47495672,45.30,4188899
1770194254939,5531.17,1609.53,121667584,54312960,47497144,45.30,4188899
1770194255041,5531.40,1609.68,121667584,54312960,47498592,45.30,4188899
1770194255142,5534.11,1611.78,121880576,54312960,47709064,45.50,4190233
1770194255243,5534.29,1611.88,121880576,54312960,47710536,45.50,4190233
1770194255344,5537.33,1614.12,122093568,54312960,47921024,45.70,4191569
1770194255446,5537.58,1614.24,122093568,54312960,47922496,45.70,4191569
1770194255546,5537.87,1614.38,122093568,54312960,47923944,45.70,4191569
1770194255647,5543.66,1618.64,117571584,48021504,44997512,42.91,4144984
1770194255749,5543.95,1618.78,117571584,48021504,44998984,42.91,4144984
1770194255850,5546.82,1620.80,117571584,48021504,45209560,43.12,4146320
1770194255950,5547.00,1620.88,117571584,48021504,45211032,43.12,4146320
1770194256051,5547.23,1621.02,117571584,48021504,45212480,43.12,4146320
1770194256152,5550.91,1622.85,117571584,48021504,45422912,43.32,4147656
1770194256253,5551.11,1622.99,117571584,48021504,45424384,43.32,4147656
1770194256354,5553.48,1624.87,117571584,48021504,45634856,43.52,4148992
1770194256456,5553.68,1624.97,117571584,48021504,45636328,43.52,4148992
1770194256556,5553.93,1625.12,117571584,48021504,45637776,43.52,4148992
1770194256657,5556.71,1627.08,116948992,48021504,45036688,42.95,4144984
1770194256759,5556.93,1627.19,116948992,48021504,45038136,42.95,4144984
1770194256860,5559.76,1629.50,117161984,48021504,45248616,43.15,4146320
1770194256962,5560.14,1629.72,117112832,48021504,45250088,43.15,4146320
1770194257063,5560.39,1629.88,117112832,48021504,45251536,43.16,4146320
1770194257163,5565.25,1631.91,117309440,48021504,45461960,43.36,4147656
1770194257264,5565.47,1632.02,117325824,48021504,45463408,43.36,4147656
1770194257365,5567.65,1634.54,117522432,48021504,45674000,43.56,4148992
1770194257466,5567.83,1634.63,117522432,48021504,45675448,43.56,4148992
1770194257567,5568.10,1634.77,117522432,48021504,45676896,43.56,4148992
1770194257668,5572.02,1637.53,118226944,51429376,45170520,43.08,4144984
1770194257769,5572.49,1637.76,118226944,51429376,45172504,43.08,4144984
1770194257869,5575.15,1639.68,118423552,51429376,45383280,43.28,4146320
1770194257970,5575.44,1639.82,118423552,51429376,45384728,43.28,4146320
1770194258070,5575.72,1639.98,118423552,51429376,45386176,43.28,4146320
1770194258171,5578.26,1641.91,118652928,51429376,45596648,43.48,4147656
1770194258273,5578.54,1642.08,118652928,51429376,45598096,43.49,4147656
1770194258373,5581.53,1644.27,118849536,51429376,45808664,43.69,4148992
1770194258474,5581.77,1644.41,118849536,51429376,45810112,43.69,4148992
1770194258575,5582.11,1644.59,118849536,51429376,45811560,43.69,4148992
1770194258676,5584.72,1646.81,119046144,51429376,46022224,43.89,4158520
1770194258778,5584.99,1646.97,119046144,51429376,46023696,43.89,4158520
1770194258879,5587.86,1648.98,119259136,51429376,46234176,44.09,4159856
1770194258981,5588.15,1649.16,119259136,51429376,46235648,44.09,4159856
1770194259081,5588.41,1649.33,119259136,51429376,46237096,44.10,4159856
1770194259182,5590.77,1651.05,119472128,51429376,46447656,44.30,4161192
1770194259283,5591.07,1651.22,119472128,51429376,46449128,44.30,4161192
1770194259384,5594.80,1653.77,119799808,51429376,45296528,43.20,4162528
1770194259485,5595.04,1653.88,119799808,51429376,45298000,43.20,4162528
1770194259586,5595.34,1653.98,119799808,51429376,45299448,43.20,4162528
1770194259686,5808.40,1669.61,158269440,96780288,73883920,70.46,4144984
1770194259787,5929.61,1672.82,166805504,97828864,75475432,71.98,4126596
1770194259889,5931.46,1673.85,166821888,97828864,75698176,72.19,4127932
1770194259990,5931.59,1673.90,166821888,97828864,75699648,72.19,4127932
1770194260090,5931.89,1674.06,166821888,97828864,75701096,72.19,4127932
1770194260191,5934.86,1676.10,166821888,97828864,75915936,72.40,4129268
1770194260293,5935.14,1676.23,166821888,97828864,75917408,72.40,4129268
1770194260393,5937.30,1678.01,166821888,97828864,76132232,72.61,4130604
1770194260494,5937.42,1678.09,166821888,97828864,76133704,72.61,4130604
1770194260595,5937.57,1678.23,166608896,97828864,76135152,72.61,4130604
1770194260696,5940.26,1680.47,166608896,97828864,76350240,72.81,4140132
1770194260797,5940.54,1680.65,166608896,97828864,76351712,72.81,4140132
1770194260899,5952.65,1683.04,166625280,97828864,76566568,73.02,4141468
1770194261000,5952.89,1683.16,166625280,97828864,76568040,73.02,4141468
1770194261102,5953.28,1683.42,166625280,97828864,76569488,73.02,4141468
1770194261203,5956.47,1685.63,166625280,97828864,76781608,73.22,4142804
1770194261304,5956.64,1685.72,166625280,97828864,76783080,73.23,4142804
1770194261405,5959.10,1687.70,166625280,97828864,77103184,73.53,4144140
1770194261507,5959.29,1687.81,166625280,97828864,77104656,73.53,4144140
1770194261607,5959.58,1687.95,166625280,97828864,77106104,73.53,4144140
1770194261708,5962.20,1690.24,166625280,97828864,77318568,73.74,4153668
1770194261809,5962.57,1690.67,166625280,97828864,77320040,73.74,4153668
1770194261911,5971.45,1695.82,167919616,99663872,64202376,61.23,4155004
1770194262011,5982.45,1696.24,167936000,99663872,64204064,61.23,4155004
1770194262111,5982.71,1696.39,167936000,99663872,64205512,61.23,4155004
1770194262212,5985.49,1698.42,167936000,99663872,64417704,61.43,4137460
1770194262313,5985.76,1698.58,167936000,99663872,64419176,61.43,4137460
1770194262415,5989.00,1700.86,167936000,99663872,64631368,61.64,4138796
1770194262515,5989.30,1701.02,167936000,99663872,64632840,61.64,4138796
1770194262617,5989.57,1701.18,167936000,99663872,64634288,61.64,4138796
1770194262717,5992.67,1703.47,167952384,99663872,64846680,61.84,4148324
1770194262819,5992.97,1703.63,167952384,99663872,64848152,61.84,4148324
1770194262921,5995.84,1705.36,167952384,99663872,65060352,62.05,4149660
1770194263021,5996.13,1705.54,167952384,99663872,65061824,62.05,4149660
1770194263123,5996.41,1705.69,167952384,99663872,65063272,62.05,4149660
1770194263223,5998.90,1707.72,167952384,99663872,65275416,62.25,4150996
1770194263324,5999.15,1707.84,167952384,99663872,65276888,62.25,4150996
1770194263425,6001.42,1709.52,167952384,99663872,65489056,62.46,4152332
1770194263526,6001.63,1709.63,167952384,99663872,65490528,62.46,4152332
1770194263627,6001.92,1709.81,167952384,99663872,65491976,62.46,4152332
1770194263728,6005.06,1712.11,167952384,99663872,65704360,62.66,4161860
1770194263830,6005.34,1712.27,167952384,99663872,65705832,62.66,4161860
1770194263930,6008.32,1714.37,167952384,99663872,65918104,62.86,4163196
1770194264032,6008.58,1714.49,167952384,99663872,65919576,62.87,4163196
1770194264132,6008.85,1714.65,167952384,99663872,65921024,62.87,4163196
1770194264233,6011.82,1716.84,167968768,99663872,66133240,63.07,4164532
1770194264335,6012.10,1716.97,167968768,99663872,66134712,63.07,4164532
1770194264436,6014.76,1718.92,167968768,99663872,66346936,63.27,4165868
1770194264537,6015.01,1719.02,167968768,99663872,66348408,63.27,4165868
1770194264639,6018.63,1720.33,167968768,99663872,66455744,63.38,4166538
1770194264740,6020.40,1721.12,167968768,99663872,66562272,63.48,4175396
1770194264840,6020.68,1721.26,167968768,99663872,66563744,63.48,4175396
1770194264941,6024.02,1723.15,167985152,99663872,66775944,63.68,4176732
1770194265043,6024.25,1723.26,167985152,99663872,66777416,63.68,4176732
1770194265143,6028.82,1725.46,167985152,99663872,66989192,63.89,4178068
1770194265244,6031.47,1725.54,167985152,99663872,66990776,63.89,4178068
1770194265346,6031.71,1725.66,167985152,99663872,66992224,63.89,4178068
1770194265446,6035.50,1728.00,167985152,99663872,67204568,64.09,4179404
1770194265547,6035.77,1728.11,167985152,99663872,67206040,64.09,4179404
1770194265647,6038.63,1730.22,168001536,99663872,67418072,64.29,4188932
1770194265748,6038.76,1730.28,168001536,99663872,67419544,64.30,4188932
1770194265850,6039.01,1730.41,168001536,99663872,67420992,64.30,4188932
1770194265950,6041.69,1732.46,168001536,99663872,67632784,64.50,4190268
1770194266051,6041.97,1732.62,168001536,99663872,67634256,64.50,4190268
1770194266151,6044.79,1734.66,168001536,99663872,67846056,64.70,4191604
1770194266252,6044.95,1734.73,168001536,99663872,67847528,64.70,4191604
1770194266353,6045.23,1734.89,168001536,99663872,67848976,64.71,4191604
1770194266455,6049.82,1736.97,168001536,99663872,68060872,64.91,4192940
1770194266556,6050.04,1737.09,168001536,99663872,68062344,64.91,4192940
1770194266656,6059.79,1739.24,168017920,99663872,68274872,65.11,4202468
1770194266757,6059.94,1739.30,168017920,99663872,68276344,65.11,4202468
1770194266858,6060.13,1739.38,168017920,99663872,68277792,65.11,4202468
1770194266960,6064.14,1741.31,168017920,99663872,68489296,65.32,4203804
1770194267061,6064.32,1741.41,168017920,99663872,68490768,65.32,4203804
1770194267162,6066.92,1743.54,168017920,99663872,68702216,65.52,4205140
1770194267263,6067.03,1743.60,168017920,99663872,68703688,65.52,4205140
1770194267365,6067.23,1743.72,168017920,99663872,68705136,65.52,4205140
1770194267465,6069.81,1745.72,168017920,99663872,68916792,65.72,4206476
1770194267566,6069.98,1745.81,168017920,99663872,68918264,65.73,4206476
1770194267667,6078.23,1747.58,168017920,99663872,69368704,66.16,4216004
1770194267767,6106.19,1748.97,168017920,99663872,69376672,66.16,4216004
1770194267868,6154.01,1759.04,127107072,57982976,42379912,40.42,4125930
1770194267969,6158.66,1760.86,127107072,57982976,42868488,40.88,4127266
1770194268070,6158.88,1760.97,127107072,57982976,42869960,40.88,4127266
1770194268171,6161.60,1762.90,127107072,57982976,43095056,41.10,4128602
1770194268273,6161.81,1763.00,127107072,57982976,43096528,41.10,4128602
1770194268373,6162.10,1763.15,127107072,57982976,43097976,41.10,4128602
1770194268474,6237.63,1772.15,114966528,46710784,42389360,40.43,4127266
1770194268575,6237.95,1772.29,114966528,46710784,42390880,40.43,4127266
1770194268676,6240.65,1774.32,115179520,46710784,42616176,40.64,4136794
1770194268776,6240.84,1774.41,115179520,46710784,42617648,40.64,4136794
1770194268877,6241.11,1774.55,115179520,46710784,42619096,40.64,4136794
1770194268978,6252.28,1777.08,115425280,46710784,42860088,40.87,4138130
1770194269079,6327.92,1780.65,114753536,46186496,42119808,40.17,4125930
1770194269180,6332.46,1783.07,114999296,46186496,42613240,40.64,4127266
1770194269281,6332.66,1783.17,114999296,46186496,42614712,40.64,4127266
1770194269380,6332.90,1783.31,114999296,46186496,42616160,40.64,4127266
1770194269481,6336.27,1785.81,115212288,46186496,42841304,40.86,4128602
1770194269582,6336.51,1785.94,115212288,46186496,42842776,40.86,4128602
1770194269683,6343.38,1788.63,115769344,49332224,42362456,40.40,4138130
1770194269784,6343.69,1788.73,115769344,49332224,42363928,40.40,4138130
1770194269885,6343.92,1788.87,115769344,49332224,42365376,40.40,4138130
1770194269987,6359.75,1791.09,115982336,49332224,42615424,40.64,4136794
1770194270088,6360.02,1791.26,115982336,49332224,42616896,40.64,4136794
1770194270190,6364.62,1792.97,116260864,49332224,42842856,40.86,4138130
1770194270290,6364.74,1793.04,116260864,49332224,42844304,40.86,4138130
1770194270391,6365.03,1793.21,116260864,49332224,42845752,40.86,4138130
1770194270492,6368.18,1795.43,116473856,49332224,43070776,41.08,4139466
1770194270593,6368.46,1795.59,116473856,49332224,43072248,41.08,4139466
1770194270694,6373.09,1797.71,116686848,49332224,43297824,41.29,4148994
1770194270795,6373.28,1797.81,116686848,49332224,43299296,41.29,4148994
1770194270896,6373.65,1797.98,116686848,49332224,43300744,41.29,4148994
1770194270997,6376.79,1800.15,116899840,49332224,43525504,41.51,4150330
1770194271099,6377.03,1800.27,116899840,49332224,43526976,41.51,4150330
1770194271199,6386.03,1802.99,117145600,49332224,43751688,41.72,4151666
1770194271300,6386.27,1803.12,117145600,49332224,43753160,41.73,4151666
1770194271401,6386.65,1803.38,117145600,49332224,43754608,41.73,4151666
1770194271502,6389.43,1805.43,117358592,49332224,43979336,41.94,4153002
1770194271602,6389.71,1805.57,117358592,49332224,43980808,41.94,4153002
1770194271703,6392.87,1807.72,117571584,49332224,44205776,42.16,4162530
1770194271804,6393.14,1807.86,117571584,49332224,44207248,42.16,4162530
1770194271905,6393.42,1808.03,117571584,49332224,44208696,42.16,4162530
1770194272006,6400.42,1810.28,117637120,49332224,42843576,40.86,4136794
1770194272107,6400.72,1810.45,117637120,49332224,42845024,40.86,4136794
1770194272208,6404.39,1812.52,117686272,49332224,43069112,41.07,4138130
1770194272309,6404.59,1812.63,117686272,49332224,43070560,41.08,4138130
1770194272410,6404.85,1812.77,117686272,49332224,43072008,41.08,4138130
1770194272511,6413.50,1814.83,117833728,49332224,43297528,41.29,4139466
1770194272611,6413.75,1814.97,117833728,49332224,43298976,41.29,4139466
1770194272713,6417.15,1817.26,118046720,49332224,43523256,41.51,4148994
1770194272812,6417.45,1817.42,118046720,49332224,43524704,41.51,4148994
1770194272914,6417.74,1817.58,118046720,49332224,43526152,41.51,4148994
1770194273015,6422.35,1819.77,118259712,49332224,43750264,41.72,4150330
1770194273117,6422.60,1819.91,118259712,49332224,43751712,41.72,4150330
1770194273217,6425.64,1822.05,118489088,49332224,43975392,41.94,4151666
1770194273319,6426.04,1822.23,118489088,49332224,43976840,41.94,4151666
1770194273419,6426.45,1822.42,118489088,49332224,43978288,41.94,4151666
1770194273521,6429.63,1824.48,118702080,49332224,44201888,42.15,4153002
1770194273620,6429.87,1824.58,118702080,49332224,44203336,42.16,4153002
1770194273721,6435.00,1826.97,118915072,49332224,42986600,41.00,4162530
1770194273822,6435.15,1827.06,118915072,49332224,42988048,41.00,4162530
1770194273923,6435.30,1827.16,118915072,49332224,42989496,41.00,4162530
1770194274024,6438.56,1829.21,118915072,49332224,43213104,41.21,4137460
1770194274125,6438.74,1829.29,118915072,49332224,43214576,41.21,4137460
1770194274226,6441.69,1831.26,118915072,49332224,43438216,41.43,4138796
1770194274327,6441.86,1831.34,118915072,49332224,43439688,41.43,4138796
1770194274428,6442.08,1831.46,118915072,49332224,43441136,41.43,4138796
1770194274529,6445.06,1833.53,118915072,49332224,43664896,41.64,4140132
1770194274630,6445.25,1833.64,118915072,49332224,43666368,41.64,4140132
1770194274731,6449.16,1835.84,118931456,49332224,43890232,41.86,4149660
1770194274832,6449.35,1835.95,118931456,49332224,43891704,41.86,4149660
1770194274933,6449.54,1836.06,118931456,49332224,43893152,41.86,4149660
1770194275034,6452.46,1837.82,118931456,49332224,44116904,42.07,4150996
1770194275136,6452.70,1837.92,118931456,49332224,44118376,42.07,4150996
1770194275237,6456.17,1840.47,118931456,49332224,44342024,42.29,4152332
1770194275338,6456.42,1840.61,118931456,49332224,44343496,42.29,4152332
1770194275439,6456.75,1840.88,118931456,49332224,44344944,42.29,4152332
1770194275540,6462.53,1844.21,115785728,46186496,43195552,41.19,4153668
1770194275641,6462.76,1844.38,115785728,46186496,43197024,41.20,4153668
1770194275742,6469.84,1846.76,115785728,46186496,43421320,41.41,4144986
1770194275844,6470.12,1846.92,115785728,46186496,43422792,41.41,4144986
1770194275945,6470.41,1847.09,115785728,46186496,43424240,41.41,4144986
1770194276047,6473.63,1849.20,115802112,46186496,43647888,41.63,4146322
1770194276147,6473.89,1849.33,115802112,46186496,43649360,41.63,4146322
1770194276248,6476.70,1851.40,115802112,46186496,43872952,41.84,4147658
1770194276349,6476.96,1851.53,115802112,46186496,43874424,41.84,4147658
1770194276450,6477.20,1851.70,115802112,46186496,43875872,41.84,4147658
1770194276551,6478.56,1852.53,116375552,47497216,43439384,41.43,4136794
1770194276652,6478.67,1852.59,116375552,47497216,43440832,41.43,4136794
1770194276753,6481.40,1854.82,116588544,47497216,43664920,41.64,4146322
1770194276854,6481.68,1854.95,116588544,47497216,43666368,41.64,4146322
1770194276955,6481.97,1855.12,116588544,47497216,43667792,41.64,4146322
1770194277055,6484.66,1857.33,116817920,47497216,43891536,41.86,4147658
1770194277156,6485.00,1857.63,116817920,47497216,43892984,41.86,4147658
1770194277259,6489.14,1860.13,117112832,47759360,43370256,41.36,4148994
1770194277360,6489.31,1860.21,117112832,47759360,43371704,41.36,4148994
1770194277460,6489.77,1860.52,117112832,47759360,43373152,41.36,4148994
1770194277560,6494.79,1862.89,117129216,47759360,43847448,41.82,4136794
1770194277661,6495.00,1863.01,117129216,47759360,43848896,41.82,4136794
1770194277762,6500.99,1864.93,117145600,47759360,44077112,42.04,4146322
1770194277863,6501.25,1865.05,117145600,47759360,44078560,42.04,4146322
1770194277963,6501.53,1865.22,117145600,47759360,44080008,42.04,4146322
1770194278064,6505.58,1867.33,117145600,47759360,44304136,42.25,4147658
1770194278166,6505.82,1867.45,117145600,47759360,44305584,42.25,4147658
1770194278267,6512.69,1870.02,117293056,48283648,43784408,41.76,4148994
1770194278367,6512.88,1870.12,117293056,48283648,43785856,41.76,4148994
1770194278468,6513.10,1870.24,117293056,48283648,43787304,41.76,4148994
1770194278569,6517.51,1872.93,117293056,48283648,44010872,41.97,4137460
1770194278671,6517.82,1873.11,117293056,48283648,44012320,41.97,4137460
1770194278771,6520.83,1875.10,117293056,48283648,44236176,42.19,4146988
1770194278871,6521.07,1875.20,117293056,48283648,44237648,42.19,4146988
1770194278972,6521.35,1875.32,117293056,48283648,44239096,42.19,4146988
1770194279073,6528.96,1877.52,117309440,48283648,44462776,42.40,4148324
1770194279174,6529.12,1877.63,117309440,48283648,44464248,42.40,4148324
1770194279275,6534.75,1879.57,117456896,48283648,43944696,41.91,4149660
1770194279377,6534.88,1879.65,117456896,48283648,43946144,41.91,4149660
1770194279478,6535.06,1879.76,117456896,48283648,43947592,41.91,4149660
1770194279580,6547.18,1881.88,117473280,48283648,44172720,42.13,4137460
1770194279681,6547.37,1881.98,117473280,48283648,44174168,42.13,4137460
1770194279782,6552.86,1884.09,117473280,48283648,44391000,42.33,4146988
1770194279883,6553.03,1884.19,117473280,48283648,44392448,42.34,4146988
1770194279986,6554.90,1885.32,117473280,48283648,44501472,42.44,4147658
1770194280086,6555.80,1886.09,117473280,48283648,44609480,42.54,4148324
1770194280188,6556.09,1886.25,117473280,48283648,44610928,42.54,4148324
1770194280288,6560.17,1888.66,117735424,50380800,44116616,42.07,4149660
1770194280389,6560.61,1888.93,117735424,50380800,44118064,42.07,4149660
1770194280490,6564.68,1890.42,117751808,50380800,44227104,42.18,4136794
1770194280591,6577.56,1891.50,117751808,50380800,44348696,42.29,4137460
1770194280692,6577.77,1891.62,117751808,50380800,44350144,42.30,4137460
1770194280793,6584.37,1893.89,117768192,50380800,44566024,42.50,4146988
1770194280894,6584.66,1894.05,117768192,50380800,44567472,42.50,4146988
1770194280995,6587.58,1896.09,117800960,50380800,44782904,42.71,4148324
1770194281095,6587.68,1896.14,117800960,50380800,44784352,42.71,4148324
1770194281196,6587.83,1896.24,117800960,50380800,44785800,42.71,4148324
1770194281297,6591.11,1898.23,117899264,50380800,45001280,42.92,4149660
1770194281398,6591.39,1898.38,117899264,50380800,45002728,42.92,4149660
1770194281498,6598.78,1900.56,118095872,50380800,45218248,43.12,4150996
1770194281599,6600.63,1900.64,118128640,50380800,45219864,43.13,4150996
1770194281700,6600.82,1900.77,118128640,50380800,45221312,43.13,4150996
1770194281801,6603.39,1902.70,118325248,50380800,45437032,43.33,4160524
1770194281901,6603.61,1902.79,118325248,50380800,45438504,43.33,4160524
1770194282002,6605.53,1904.58,118538240,50380800,45653936,43.54,4161860
1770194282103,6605.66,1904.66,118538240,50380800,45655408,43.54,4161860
1770194282204,6605.93,1904.83,118554624,50380800,45656856,43.54,4161860
1770194282305,6612.52,1906.81,118751232,50380800,45879472,43.75,4163196
1770194282407,6612.76,1906.94,118751232,50380800,45880944,43.76,4163196
1770194282506,6617.56,1909.24,118947840,50642944,44539648,42.48,4136794
1770194282607,6617.71,1909.30,118947840,50642944,44541096,42.48,4136794
1770194282708,6617.99,1909.45,118947840,50642944,44542544,42.48,4136794
1770194282809,6621.40,1911.80,118964224,50642944,44757944,42.68,4146322
1770194282911,6621.70,1911.96,118964224,50642944,44759392,42.69,4146322
1770194283010,6624.41,1913.90,118964224,50642944,44974640,42.89,4147658
1770194283112,6624.56,1913.97,118964224,50642944,44976088,42.89,4147658
1770194283212,6624.85,1914.14,118964224,50642944,44977536,42.89,4147658
1770194283313,6628.10,1916.50,119095296,50642944,45192872,43.10,4148994
1770194283414,6628.37,1916.65,119095296,50642944,45194320,43.10,4148994
1770194283514,6644.56,1918.92,119308288,50642944,45410648,43.31,4150330
1770194283616,6658.06,1919.12,119324672,50642944,45446960,43.34,4150330
1770194283717,6658.24,1919.24,119324672,50642944,45448408,43.34,4150330
1770194283818,6661.02,1921.28,119521280,50642944,45661592,43.55,4159858
1770194283919,6661.30,1921.42,119521280,50642944,45663064,43.55,4159858
1770194284020,6677.03,1923.84,119750656,50642944,45876104,43.75,4161194
1770194284122,6696.96,1924.18,120176640,50642944,45927016,43.80,4161194
1770194284223,6697.18,1924.30,120176640,50642944,45928464,43.80,4161194
1770194284325,6699.81,1926.39,120389632,50642944,46138536,44.00,4162530
1770194284425,6700.06,1926.51,120389632,50642944,46139984,44.00,4162530
1770194284526,6704.84,1929.22,117538816,47759360,44915240,42.83,4136794
1770194284628,6704.98,1929.29,117538816,47759360,44916688,42.84,4136794
1770194284727,6705.19,1929.40,117538816,47759360,44918136,42.84,4136794
1770194284828,6708.33,1931.53,117538816,47759360,45128480,43.04,4146322
1770194284930,6708.60,1931.68,117538816,47759360,45129928,43.04,4146322
1770194285030,6711.52,1933.76,117538816,47759360,45340040,43.24,4147658
1770194285131,6711.67,1933.83,117538816,47759360,45341488,43.24,4147658
1770194285232,6711.91,1933.96,117538816,47759360,45342936,43.24,4147658
1770194285333,6716.39,1936.57,118112256,49070080,44912296,42.83,4136794
1770194285434,6716.68,1936.73,118112256,49070080,44913744,42.83,4136794
1770194285535,6719.82,1939.01,118308864,49070080,45123888,43.03,4138130
1770194285636,6720.03,1939.12,118325248,49070080,45125336,43.03,4138130
1770194285737,6720.32,1939.28,118325248,49070080,45126784,43.04,4138130
1770194285838,6723.16,1941.53,118538240,49070080,45337208,43.24,4147658
1770194285940,6723.45,1941.68,118538240,49070080,45338656,43.24,4147658
1770194286041,6727.00,1943.97,118849536,49332224,44920488,42.84,4148994
1770194286142,6727.27,1944.15,118849536,49332224,44921936,42.84,4148994
1770194286243,6727.56,1944.31,118849536,49332224,44923384,42.84,4148994
1770194286344,6732.68,1946.95,118849536,49332224,45133552,43.04,4136794
1770194286446,6732.97,1947.11,118849536,49332224,45135000,43.04,4136794
1770194286546,6735.84,1949.11,118849536,49332224,45345160,43.24,4138130
1770194286647,6736.03,1949.21,118849536,49332224,45346608,43.25,4138130
1770194286748,6736.28,1949.35,118849536,49332224,45348056,43.25,4138130
1770194286850,6738.99,1951.23,118849536,49332224,45558416,43.45,4147658
1770194286949,6739.22,1951.34,118849536,49332224,45559864,43.45,4147658
1770194287050,6741.90,1953.50,118980608,49332224,45054048,42.97,4148994
1770194287151,6742.08,1953.59,118980608,49332224,45055496,42.97,4148994
1770194663065,280.63,80.38,155697152,71254016,46935096,44.76,4109943
1770194663166,280.83,80.45,155697152,71254016,46939904,44.77,4109999
1770194663267,280.94,80.50,155697152,71254016,46942616,44.77,4109999
1770194663369,281.58,80.60,155729920,71254016,46971792,44.80,4109999
1770194663470,281.70,80.64,155729920,71254016,46974128,44.80,4109999
1770194663572,282.40,80.72,155729920,71254016,46976768,44.80,4109999
1770194663672,282.85,80.89,155729920,71254016,46979072,44.80,4109999
1770194663773,283.31,81.07,155729920,71254016,46981504,44.81,4109999
1770194663874,283.72,81.20,155729920,71254016,46983808,44.81,4109999
1770194663975,284.71,81.38,155746304,71254016,46986176,44.81,4109999
1770194664076,285.42,81.57,155762688,71254016,46988976,44.81,4109999
1770194664177,285.84,81.75,155762688,71254016,46991136,44.81,4109999
1770194664278,286.23,81.95,155762688,71254016,46993184,44.82,4109999
1770194664378,286.63,82.21,155762688,71254016,46995232,44.82,4109999
1770194664479,287.08,82.52,155762688,71254016,46997280,44.82,4109999
1770194664580,287.36,82.66,155762688,71254016,46999328,44.82,4109999
1770194664681,287.46,82.70,155762688,71254016,47001376,44.82,4109999
1770194664782,292.06,83.89,156073984,71516160,47531736,45.33,4111331
1770194664883,292.23,83.96,156073984,71516160,47533808,45.33,4111331
1770194664985,299.75,86.51,156286976,71778304,48079272,45.85,4120855
1770194665086,300.56,86.72,156286976,71778304,48081344,45.85,4120855
1770194665187,304.24,88.12,156319744,71778304,48224920,45.99,4121523
1770194665289,307.25,89.27,156336128,71778304,48367216,46.13,4122187
1770194665389,307.66,89.43,156336128,71778304,48369288,46.13,4122187
1770194665491,313.60,91.84,156401664,72040448,48681840,46.43,4123519
1770194665591,314.02,92.01,156401664,72040448,48683912,46.43,4123519
1770194665692,317.96,93.23,156450816,72040448,48825128,46.56,4124187
1770194665792,320.01,93.98,156483584,72040448,48965368,46.70,4124851
1770194665893,320.40,94.14,156483584,72040448,48967440,46.70,4124851
1770194665994,326.96,96.78,156565504,72302592,49462552,47.17,4134375
1770194666095,331.77,97.47,156827648,72302592,49489504,47.20,4134375
1770194666196,333.81,98.46,156827648,72302592,49630440,47.33,4135043
1770194666297,335.88,99.42,156860416,72302592,49770256,47.46,4135707
1770194666398,336.53,99.61,156860416,72302592,49776192,47.47,4135707
1770194666499,339.49,100.92,156860416,72302592,50054936,47.74,4137039
1770194666600,339.80,101.04,156860416,72302592,50057008,47.74,4137039
1770194666701,344.60,103.52,156876800,72302592,50335736,48.00,4138371
1770194666803,344.75,103.59,156876800,72302592,50337856,48.01,4138371
1770194666903,344.98,103.70,156876800,72302592,50339920,48.01,4138371
1770194667004,349.25,106.00,156876800,72302592,50843784,48.49,4147895
1770194667106,349.48,106.09,156876800,72302592,50845872,48.49,4147895
1770194667209,366.06,112.41,163250176,79380480,46886632,44.71,4149229
1770194667309,366.23,112.48,163250176,79380480,46888720,44.72,4149229
1770194667411,366.49,112.62,163250176,79380480,46890784,44.72,4149229
1770194667513,370.88,114.83,163266560,79380480,47169848,44.98,4115949
1770194667613,371.23,114.99,163266560,79380480,47171936,44.99,4115949
1770194667714,376.66,117.06,163282944,79380480,47450864,45.25,4117283
1770194667815,376.89,117.14,163282944,79380480,47452952,45.25,4117283
1770194667916,377.23,117.28,163282944,79380480,47455016,45.26,4117283
1770194668017,382.13,119.80,163282944,79380480,47734152,45.52,4126809
1770194668119,382.33,119.86,163282944,79380480,47736240,45.52,4126809
1770194668220,386.32,122.01,163282944,79380480,48015056,45.79,4128143
1770194668321,386.62,122.13,163282944,79380480,48017144,45.79,4128143
1770194668422,386.95,122.27,163282944,79380480,48019208,45.79,4128143
1770194668523,392.28,124.64,163282944,79380480,48298048,46.06,4129477
1770194668624,392.55,124.77,163282944,79380480,48300136,46.06,4129477
1770194668725,396.75,126.40,163282944,79380480,48579016,46.33,4130811
1770194668826,396.93,126.49,163282944,79380480,48581104,46.33,4130811
1770194668927,397.16,126.60,163282944,79380480,48583168,46.33,4130811
1770194669028,400.67,128.49,163299328,79380480,48862256,46.60,4140337
1770194669129,400.88,128.61,163299328,79380480,48864344,46.60,4140337
1770194669230,404.69,130.41,163315712,79380480,49143344,46.87,4141671
1770194669332,404.97,130.50,163315712,79380480,49145432,46.87,4141671
1770194669432,405.25,130.66,163315712,79380480,49147496,46.87,4141671
1770194669533,413.61,132.85,163364864,79380480,49426760,47.14,4143005
1770194669634,413.94,133.00,163364864,79380480,49428848,47.14,4143005
1770194669735,417.39,134.74,163364864,79380480,49707680,47.40,4144339
1770194669836,417.60,134.83,163364864,79380480,49709768,47.41,4144339
1770194669937,417.81,134.93,163364864,79380480,49711832,47.41,4144339
1770194670038,423.57,137.28,163414016,79380480,50011880,47.70,4153865
1770194670139,423.91,137.44,163414016,79380480,50013968,47.70,4153865
1770194670240,428.08,139.57,163414016,79380480,50292792,47.96,4155199
1770194670341,428.39,139.70,163414016,79380480,50294880,47.96,4155199
1770194670442,428.70,139.84,163414016,79380480,50296944,47.97,4155199
1770194670543,434.86,142.07,163430400,79380480,50575744,48.23,4156533
1770194670645,435.20,142.23,163430400,79380480,50577832,48.23,4156533
1770194670746,437.71,143.56,163430400,79380480,50856792,48.50,4157867
1770194670846,437.95,143.66,163430400,79380480,50858880,48.50,4157867
1770194670948,438.27,143.77,163430400,79380480,50860944,48.50,4157867
1770194671050,443.45,146.16,163430400,79380480,51140008,48.77,4167393
1770194671151,520.15,157.82,131055616,45400064,39663040,37.83,4109545
1770194671252,529.21,159.83,131055616,45400064,39999432,38.15,4110879
1770194671354,529.53,159.95,131055616,45400064,40001488,38.15,4110879
1770194671455,529.81,160.11,131055616,45400064,40003520,38.15,4110879
1770194671557,533.46,161.70,131055616,45400064,40286680,38.42,4112213
1770194671656,533.84,161.95,131055616,45400064,40288736,38.42,4112213
1770194671757,617.70,170.50,128745472,43827200,39674584,37.84,4110210
1770194671859,617.90,170.58,128745472,43827200,39679104,37.84,4110210
1770194671959,618.14,170.68,128745472,43827200,39681136,37.84,4110210
1770194672060,627.14,173.19,129024000,43827200,40032496,38.18,4119736
1770194672162,627.27,173.24,129024000,43827200,40034504,38.18,4119736
1770194672262,631.55,175.55,129286144,43827200,40300696,38.43,4121070
1770194672362,700.85,178.59,129515520,43827200,39647216,37.81,4109545
1770194672463,701.54,178.71,128827392,43827200,39668280,37.83,4109545
1770194672565,710.24,180.55,129105920,43827200,39993168,38.14,4110879
1770194672665,710.54,180.66,129105920,43827200,39995176,38.14,4110879
1770194672765,714.11,182.70,129351680,43827200,40252744,38.39,4112213
1770194672866,714.40,182.80,129351680,43827200,40254752,38.39,4112213
1770194672969,716.35,183.88,129482752,43827200,40385032,38.51,4112882
1770194673070,718.97,184.91,129630208,43827200,40514504,38.64,4121739
1770194673171,719.31,185.06,129630208,43827200,40516512,38.64,4121739
1770194673273,727.20,187.66,130220032,46972928,39910152,38.06,4120405
1770194673372,727.45,187.77,130220032,46972928,39912160,38.06,4120405
1770194673473,729.46,188.94,130351104,46972928,40040928,38.19,4121074
1770194673574,733.39,189.91,130465792,46972928,40169936,38.31,4121739
1770194673675,733.65,190.04,130465792,46972928,40171920,38.31,4121739
1770194673776,743.72,192.74,130760704,46972928,40442048,38.57,4123073
1770194673876,743.87,192.82,130760704,46972928,40444056,38.57,4123073
1770194673976,745.84,193.94,130891776,46972928,40572464,38.69,4123742
1770194674077,747.48,194.74,131006464,46972928,40700104,38.81,4132599
1770194674178,747.78,194.87,131006464,46972928,40702112,38.82,4132599
1770194674279,751.68,197.03,131252224,46972928,40958256,39.06,4133933
1770194674381,752.02,197.20,131252224,46972928,40960264,39.06,4133933
1770194674481,754.37,198.48,131383296,46972928,41088672,39.19,4134602
1770194674582,755.95,199.40,131497984,46972928,41218152,39.31,4135267
1770194674683,756.21,199.51,131497984,46972928,41220160,39.31,4135267
1770194674785,760.08,201.97,131760128,46972928,41486400,39.56,4136601
1770194674885,760.31,202.08,131760128,46972928,41488408,39.57,4136601
1770194674985,763.27,203.14,131874816,46972928,40023840,38.17,4137270
1770194675086,764.11,203.65,131874816,46972928,40154080,38.29,4127928
1770194675187,764.36,203.76,131874816,46972928,40156088,38.30,4127928
1770194675288,767.73,205.61,131874816,46972928,40462208,38.59,4129262
1770194675389,767.98,205.72,131874816,46972928,40464216,38.59,4129262
1770194675490,770.39,206.92,131874816,46972928,40592624,38.71,4129931
1770194675591,771.62,207.70,131874816,46972928,40720000,38.83,4130596
1770194675692,771.89,207.81,131874816,46972928,40722008,38.84,4130596
1770194675793,785.84,209.96,132186112,46972928,41099872,39.20,4131930
1770194675895,786.11,210.07,132186112,46972928,41101880,39.20,4131930
1770194675995,788.80,211.43,132300800,46972928,41231656,39.32,4132599
1770194676096,791.14,212.51,132431872,46972928,41357472,39.44,4141456
1770194676197,791.48,212.65,132431872,46972928,41359480,39.44,4141456
1770194676298,797.23,214.85,132677632,46972928,41612552,39.68,4142790
1770194676400,797.68,215.11,132677632,46972928,41614560,39.69,4142790
1770194676501,800.28,216.56,132808704,46972928,41744440,39.81,4143459
1770194676601,803.94,217.66,132923392,46972928,40403608,38.53,4144124
1770194676702,804.30,217.81,132923392,46972928,40405616,38.53,4144124
1770194676803,808.09,219.82,132923392,46972928,40659888,38.78,4120405
1770194676904,808.36,219.94,132923392,46972928,40661872,38.78,4120405
1770194677005,812.14,221.07,132939776,46972928,40793240,38.90,4121074
1770194677106,815.49,221.84,132939776,46972928,40919160,39.02,4129931
1770194677207,815.68,221.90,132939776,46972928,40921144,39.03,4129931
1770194677308,820.48,223.94,132939776,46972928,41172048,39.26,4131265
1770194677410,820.80,224.06,132939776,46972928,41174056,39.27,4131265
1770194677512,827.22,226.38,132939776,46972928,41424632,39.51,4132599
1770194677613,827.44,226.45,132939776,46972928,41426616,39.51,4132599
1770194677713,827.78,226.59,132939776,46972928,41428600,39.51,4132599
1770194677815,835.12,228.79,132939776,46972928,41680016,39.75,4133933
1770194677915,835.41,228.91,132939776,46972928,41682000,39.75,4133933
1770194678015,839.58,231.49,132939776,46972928,41930088,39.99,4143459
1770194678117,839.81,231.56,132939776,46972928,41932072,39.99,4143459
1770194678217,840.15,231.70,132939776,46972928,41934056,39.99,4143459
1770194678318,845.94,233.69,132939776,46972928,42182536,40.23,4144793
1770194678419,846.23,233.83,132939776,46972928,42184544,40.23,4144793
1770194678518,855.74,235.73,132956160,46972928,40914736,39.02,4120405
1770194678619,855.90,235.78,132956160,46972928,40916720,39.02,4120405
1770194678720,856.14,235.89,132956160,46972928,40918704,39.02,4120405
1770194678821,859.71,237.90,132956160,46972928,41166000,39.26,4121739
1770194678922,859.97,238.00,132956160,46972928,41167984,39.26,4121739
1770194679023,863.46,239.94,132956160,46972928,41415144,39.50,4131265
1770194679124,863.62,239.99,132956160,46972928,41417128,39.50,4131265
1770194679225,863.88,240.10,132956160,46972928,41419112,39.50,4131265
1770194679327,866.12,241.54,132956160,46972928,41665792,39.74,4132599
1770194679428,866.43,241.66,132956160,46972928,41667776,39.74,4132599
1770194679529,871.10,243.90,132956160,46972928,41915552,39.97,4133933
1770194679630,871.28,244.00,132956160,46972928,41917536,39.98,4133933
1770194679731,871.53,244.09,132956160,46972928,41919520,39.98,4133933
1770194679832,875.31,246.15,132956160,46972928,42167304,40.21,4135267
1770194679933,875.63,246.27,132956160,46972928,42169288,40.22,4135267
1770194680034,882.27,248.49,132988928,46972928,42423208,40.46,4144793
1770194680135,882.54,248.60,133005312,46972928,42425192,40.46,4144793
1770194680236,882.84,248.75,133005312,46972928,42427176,40.46,4144793
1770194680337,888.05,250.84,133038080,46972928,41174328,39.27,4120405
1770194680438,888.27,250.94,133038080,46972928,41176312,39.27,4120405
1770194680540,895.41,252.67,133054464,46972928,41427712,39.51,4121739
1770194680641,895.60,252.74,133054464,46972928,41429696,39.51,4121739
1770194680742,895.90,252.85,133054464,46972928,41431680,39.51,4121739
1770194680843,908.99,254.89,133103616,46972928,41680800,39.75,4123073
1770194680944,909.26,255.01,133103616,46972928,41682784,39.75,4123073
1770194681045,930.48,257.39,133414912,46972928,41926224,39.98,4132599
1770194681147,941.13,257.81,133447680,46972928,41954416,40.01,4132599
1770194681248,941.40,257.94,133447680,46972928,41956400,40.01,4132599
1770194681349,952.68,260.30,133447680,46972928,42199248,40.24,4133933
1770194681450,952.88,260.38,133447680,46972928,42203776,40.25,4133933
1770194681551,958.72,262.29,133464064,46972928,42446248,40.48,4135267
1770194681652,958.97,262.41,133464064,46972928,42448232,40.48,4135267
1770194681754,959.29,262.54,133464064,46972928,42450216,40.48,4135267
1770194681855,964.66,264.42,133464064,46972928,42696624,40.72,4136601
1770194681956,964.93,264.55,133464064,46972928,42698608,40.72,4136601
1770194682057,990.72,266.71,133496832,46972928,41486856,39.56,4128597
1770194682159,990.88,266.79,133496832,46972928,41488864,39.57,4128597
1770194682260,991.13,266.90,133496832,46972928,41490848,39.57,4128597
1770194682361,994.18,268.73,133513216,46972928,41729880,39.80,4129931
1770194682462,994.45,268.84,133513216,46972928,41731864,39.80,4129931
1770194682563,997.51,270.67,133529600,46972928,41970720,40.03,4131265
1770194682663,997.74,270.77,133529600,46972928,41972704,40.03,4131265
1770194682764,998.00,270.91,133529600,46972928,41974688,40.03,4131265
1770194682864,1000.57,272.73,133529600,46972928,42213448,40.26,4132599
1770194682965,1000.78,272.84,133529600,46972928,42215432,40.26,4132599
1770194683066,1004.90,274.73,133529600,46972928,42454408,40.49,4142125
1770194683168,1005.10,274.82,133529600,46972928,42456416,40.49,4142125
1770194683269,1005.38,274.90,133529600,46972928,42458400,40.49,4142125
1770194683370,1015.83,277.01,133529600,46972928,42698752,40.72,4143459
1770194683471,1016.14,277.15,133529600,46972928,42700736,40.72,4143459
1770194683572,1019.97,278.99,133545984,46972928,42939376,40.95,4144793
1770194683674,1020.31,279.14,133545984,46972928,42941360,40.95,4144793
1770194683775,1020.62,279.24,133545984,46972928,42943344,40.95,4144793
1770194683876,1026.50,281.54,134004736,51953664,41722288,39.79,4120405
1770194683977,1026.81,281.68,134004736,51953664,41724272,39.79,4120405
1770194684079,1036.97,284.04,134004736,51953664,41964616,40.02,4129931
1770194684180,1037.23,284.16,134004736,51953664,41966600,40.02,4129931
1770194684281,1037.52,284.26,134004736,51953664,41968584,40.02,4129931
1770194684381,1041.23,286.57,134004736,51953664,42448808,40.48,4131265
1770194684482,1041.54,286.71,134004736,51953664,42450792,40.48,4131265
1770194684584,1044.68,288.63,134004736,51953664,42689480,40.71,4132599
1770194684684,1044.87,288.71,134004736,51953664,42691464,40.71,4132599
1770194684785,1045.13,288.82,134004736,51953664,42693448,40.72,4132599
1770194684886,1049.85,290.72,134004736,51953664,42932144,40.94,4133933
1770194684987,1050.16,290.86,134004736,51953664,42934128,40.95,4133933
1770194685088,1057.94,292.80,134053888,51953664,43173952,41.17,4143459
1770194685189,1058.18,292.93,134053888,51953664,43175936,41.18,4143459
1770194685290,1058.47,293.08,134053888,51953664,43177920,41.18,4143459
1770194685392,1073.48,295.04,134103040,51953664,43418872,41.41,4144793
1770194685493,1073.77,295.18,134103040,51953664,43420856,41.41,4144793
1770194685594,1076.88,296.94,134201344,51953664,43656312,41.63,4146127
1770194685695,1077.17,297.05,134201344,51953664,43658320,41.64,4146127
1770194685796,1077.48,297.21,134217728,51953664,43660304,41.64,4146127
1770194685897,1080.72,299.17,134430720,51953664,43895704,41.86,4147461
1770194685998,1081.01,299.29,134430720,51953664,43897712,41.86,4147461
1770194686099,1084.19,301.15,134742016,51953664,44133416,42.09,4156987
1770194686200,1084.41,301.27,134742016,51953664,44135424,42.09,4156987
1770194686301,1084.66,301.40,134742016,51953664,44137408,42.09,4156987
1770194686402,1087.67,303.70,134971392,51953664,44372920,42.32,4158321
1770194686503,1087.95,303.83,134971392,51953664,44374928,42.32,4158321
1770194686604,1101.43,305.78,135233536,51953664,44645080,42.58,4159655
1770194686705,1101.65,305.86,135233536,51953664,44647088,42.58,4159655
1770194686806,1101.93,305.99,135233536,51953664,44649072,42.58,4159655
1770194686907,1105.03,307.98,135446528,51953664,44877784,42.80,4160989
1770194687008,1105.34,308.13,135446528,51953664,44879792,42.80,4160989
1770194687109,1108.31,310.00,135692288,51953664,45108624,43.02,4170515
1770194687210,1108.64,310.17,135692288,51953664,45110632,43.02,4170515
1770194687311,1108.96,310.34,135708672,51953664,45112616,43.02,4170515
1770194687412,1114.23,312.64,136151040,52215808,42408216,40.44,4171849
1770194687513,1114.55,312.76,136151040,52215808,42410224,40.45,4171849
1770194687614,1117.77,314.70,136151040,52215808,42638904,40.66,4120405
1770194687715,1118.09,314.83,136151040,52215808,42640888,40.67,4120405
1770194687817,1118.39,314.96,136151040,52215808,42642872,40.67,4120405
1770194687918,1121.33,316.85,136151040,52215808,42871560,40.89,4121739
1770194688019,1121.60,316.96,136151040,52215808,42873544,40.89,4121739
1770194688120,1124.83,318.85,136151040,52215808,43102384,41.11,4131265
1770194688220,1125.01,318.93,136151040,52215808,43104368,41.11,4131265
1770194688321,1125.24,319.03,136151040,52215808,43106352,41.11,4131265
1770194688422,1128.13,320.79,136151040,52215808,43334968,41.33,4132599
1770194688523,1128.31,320.87,136151040,52215808,43336952,41.33,4132599
1770194688624,1130.90,322.58,136151040,52215808,43565512,41.55,4133933
1770194688725,1131.13,322.68,136151040,52215808,43567496,41.55,4133933
1770194688825,1131.41,322.81,136151040,52215808,43569480,41.55,4133933
1770194688926,1135.92,324.65,136183808,52215808,43798632,41.77,4135267
1770194689027,1136.21,324.77,136183808,52215808,43800616,41.77,4135267
1770194689128,1139.33,326.68,136380416,52215808,44028824,41.99,4144793
1770194689228,1139.65,326.81,136380416,52215808,44030808,41.99,4144793
1770194689329,1139.89,326.97,136396800,52215808,44032792,41.99,4144793
1770194689430,1142.41,329.14,136609792,52215808,44260760,42.21,4146127
1770194689531,1142.64,329.23,136609792,52215808,44262744,42.21,4146127
1770194689632,1147.97,331.69,136822784,52215808,44490744,42.43,4147461
1770194689733,1148.33,331.88,136822784,52215808,44492728,42.43,4147461
1770194689834,1148.58,332.02,136822784,52215808,44494712,42.43,4147461
1770194689935,1151.63,333.45,137035776,52215808,44722800,42.65,4148797
1770194690036,1151.89,333.67,137052160,52215808,44724808,42.65,4148797
1770194690136,1156.57,335.76,137281536,52215808,44953176,42.87,4158325
1770194690236,1156.84,335.87,137281536,52215808,44955184,42.87,4158325
1770194690337,1157.13,336.01,137281536,52215808,44957168,42.87,4158325
1770194690438,1160.84,338.04,137494528,52215808,45185448,43.09,4159661
1770194690540,1161.10,338.17,137494528,52215808,45187456,43.09,4159661
1770194690641,1164.14,340.13,137723904,52215808,45415240,43.31,4160997
1770194690742,1164.38,340.24,137723904,52215808,45417248,43.31,4160997
1770194690844,1166.08,341.40,137838592,52215808,45532592,43.42,4161667
1770194690945,1167.04,342.10,137953280,52215808,45646952,43.53,4162333
1770194691047,1167.37,342.27,137953280,52215808,45648960,43.53,4162333
1770194691148,1173.45,344.90,138674176,53002240,42914416,40.93,4171861
1770194691250,1173.71,345.01,138674176,53002240,42916424,40.93,4171861
1770194691351,1176.66,346.97,138674176,53002240,43144096,41.15,4120407
1770194691452,1176.85,347.03,138674176,53002240,43146104,41.15,4120407
1770194691553,1177.16,347.18,138690560,53002240,43148088,41.15,4120407
1770194691655,1180.30,349.09,138690560,53002240,43375880,41.37,4121743
1770194691755,1180.61,349.23,138690560,53002240,43377888,41.37,4121743
1770194691855,1184.11,350.88,138690560,53002240,43606872,41.59,4123079
1770194691957,1184.30,350.94,138690560,53002240,43608880,41.59,4123079
1770194692057,1184.53,351.08,138690560,53002240,43610864,41.59,4123079
1770194692158,1200.38,352.90,138723328,53002240,43843264,41.81,4132607
1770194692259,1200.57,353.00,138723328,53002240,43845272,41.81,4132607
1770194692360,1202.95,354.53,138723328,53002240,44072768,42.03,4133943
1770194692461,1203.07,354.58,138723328,53002240,44074776,42.03,4133943
1770194692562,1203.30,354.70,138723328,53002240,44076760,42.03,4133943
1770194692663,1210.67,356.69,138723328,53002240,44306160,42.25,4135279
1770194692763,1210.94,356.80,138723328,53002240,44308168,42.26,4135279
1770194692863,1213.88,359.52,138723328,53002240,44535656,42.47,4136615
1770194692965,1214.07,359.58,138723328,53002240,44537664,42.47,4136615
1770194693065,1214.78,359.78,138723328,53002240,44540632,42.48,4136615
1770194693166,1222.50,361.82,138739712,53002240,44771752,42.70,4146143
1770194693267,1222.81,361.96,138739712,53002240,44773760,42.70,4146143
1770194693368,1225.86,363.88,138739712,53002240,45000912,42.92,4147479
1770194693469,1226.06,363.94,138739712,53002240,45002920,42.92,4147479
1770194693570,1226.31,364.06,138739712,53002240,45004904,42.92,4147479
1770194693670,1228.18,365.28,138739712,53002240,45232024,43.14,4148815
1770194693772,1228.35,365.41,115720192,53002240,45234032,43.14,4148815
1770194693872,1233.25,367.09,103268352,53002240,45462712,43.36,4150151
1770194693972,1233.37,367.14,101711872,53002240,45464720,43.36,4150151
1770194694073,1233.60,367.24,101711872,53002240,45466704,43.36,4150151
1770194694174,1235.97,369.09,101695488,53002240,45858328,43.73,4159679
1770194694276,1236.13,369.16,101695488,53002240,45860336,43.74,4159679
1770194694375,1238.27,370.86,101695488,53002240,46087488,43.95,4161015
1770194694477,1238.47,370.93,101695488,53002240,46089496,43.95,4161015
1770194694577,1238.80,371.06,101695488,53002240,46091480,43.96,4161015
1770194694679,1241.44,372.95,101761024,53002240,46318648,44.17,4162351
1770194694779,1241.76,373.12,101761024,53002240,46320656,44.17,4162351
1770194694916,1296.77,379.09,107806720,65585152,47971680,45.75,4119741
1770194695016,1465.06,385.67,124157952,84983808,57050224,54.41,4109546
1770194695118,1465.22,385.74,124174336,84983808,57052280,54.41,4109546
1770194695219,1467.04,387.22,124403712,84983808,57293552,54.64,4119074
1770194695320,1467.34,387.39,124403712,84983808,57295560,54.64,4119074
1770194695422,1470.53,389.40,124518400,84983808,57534856,54.87,4120410
1770194695522,1470.73,389.59,124207104,84983808,57536864,54.87,4120410
1770194695623,1470.95,389.68,123633664,84983808,57538848,54.87,4120410
1770194695724,1473.80,391.58,123748352,84983808,57778008,55.10,4121746
1770194695825,1474.09,391.70,123748352,84983808,57780016,55.10,4121746
1770194695926,1478.05,393.71,123977728,84983808,58019152,55.33,4123082
1770194696027,1478.34,393.81,123977728,84983808,58021160,55.33,4123082
1770194696130,1480.27,395.12,124092416,84983808,58142184,55.45,4123752
1770194696231,1483.98,396.04,124223488,84983808,58266664,55.57,4132610
1770194696332,1484.28,396.17,124223488,84983808,58268672,55.57,4132610
1770194696433,1487.55,397.69,124452864,84983808,58507312,55.80,4133946
1770194696535,1487.83,397.82,124452864,84983808,58509320,55.80,4133946
1770194696635,1491.95,400.12,124698624,84983808,58749664,56.03,4135282
1770194696736,1492.15,400.18,124698624,84983808,58751672,56.03,4135282
1770194696837,1492.49,400.31,124698624,84983808,58753656,56.03,4135282
1770194696937,1495.67,402.23,124928000,84983808,58994960,56.26,4136618
1770194697039,1495.97,402.38,124928000,84983808,58996968,56.26,4136618
1770194697145,1499.26,403.88,125026304,84983808,59120952,56.38,4137288
1770194697247,1500.77,404.67,125157376,84983808,59240776,56.50,4146146
1770194697348,1501.10,404.83,125157376,84983808,59242784,56.50,4146146
1770194697449,1528.41,406.87,126304256,84983808,59511376,56.75,4147482
1770194697550,1528.59,406.95,126304256,84983808,59513384,56.76,4147482
1770194697651,1543.42,408.86,126533632,84983808,59751144,56.98,4148818
1770194697753,1552.03,409.00,126550016,84983808,59785760,57.02,4148818
1770194697854,1552.34,409.13,126550016,84983808,59787744,57.02,4148818
1770194697955,1555.64,411.25,126779392,84983808,60025024,57.24,4150154
1770194698056,1555.97,411.44,126779392,84983808,60027032,57.25,4150154
1770194698157,1558.64,413.32,127008768,84983808,60265480,57.47,4159682
1770194698258,1558.86,413.42,127008768,84983808,60267488,57.48,4159682
1770194698360,1559.14,413.55,127008768,84983808,60269472,57.48,4159682
1770194698461,1569.00,415.40,127238144,84983808,60509152,57.71,4161018
1770194698562,1569.27,415.50,127238144,84983808,60511160,57.71,4161018
1770194698663,1573.03,417.54,127467520,84983808,60753432,57.94,4162354
1770194698764,1573.31,417.65,127467520,84983808,60755440,57.94,4162354
1770194698865,1573.62,417.80,127467520,84983808,60757424,57.94,4162354
1770194698966,1579.95,419.97,127696896,84983808,61026088,58.20,4163690
1770194699067,1580.17,420.05,127696896,84983808,61028096,58.20,4163690
1770194699169,1587.00,422.23,127926272,84983808,61268048,58.43,4173218
1770194699269,1587.30,422.35,127926272,84983808,61270056,58.43,4173218
1770194699370,1587.62,422.50,127926272,84983808,61272040,58.43,4173218
1770194699471,1591.80,424.52,128155648,84983808,61510432,58.66,4174554
1770194699573,1592.08,424.66,128155648,84983808,61512440,58.66,4174554
1770194699674,1596.02,426.43,128385024,84983808,61750816,58.89,4175890
1770194699774,1596.30,426.55,128385024,84983808,61752824,58.89,4175890
1770194699875,1596.62,426.68,128385024,84983808,61754808,58.89,4175890
1770194699977,1599.70,428.56,128614400,84983808,61993080,59.12,4177226
1770194700076,1599.95,428.68,128614400,84983808,61995088,59.12,4177226
1770194700176,1603.49,430.26,128860160,84983808,62259536,59.38,4186754
1770194700277,1603.79,430.38,128860160,84983808,62261544,59.38,4186754
1770194700378,1604.00,430.44,128860160,84983808,62263528,59.38,4186754
1770194700479,1607.47,432.45,129105920,84983808,62501376,59.61,4188090
1770194700580,1607.79,432.60,129105920,84983808,62503384,59.61,4188090
1770194700681,1614.76,434.65,129351680,84983808,62743720,59.84,4189426
1770194700783,1615.05,434.79,129351680,84983808,62745728,59.84,4189426
1770194700884,1615.34,434.92,129351680,84983808,62747712,59.84,4189426
1770194700986,1617.95,436.81,129581056,84983808,62985616,60.07,4190762
1770194701086,1618.17,436.91,129581056,84983808,62987624,60.07,4190762
1770194701186,1620.72,438.64,129826816,84983808,63225704,60.30,4200290
1770194701287,1620.98,438.75,129826816,84983808,63227712,60.30,4200290
1770194701389,1621.24,438.91,129826816,84983808,63229696,60.30,4200290
1770194701490,1624.08,439.64,130056192,84983808,63467800,60.53,4201626
1770194701591,1624.21,439.70,130056192,84983808,63469808,60.53,4201626
1770194701692,1629.99,441.38,130285568,84983808,63737032,60.78,4202962
1770194701793,1630.19,441.45,130285568,84983808,63739040,60.79,4202962
1770194701895,1630.42,441.55,130285568,84983808,63741024,60.79,4202962
1770194701995,1633.37,443.50,130514944,84983808,63978856,61.01,4204298
1770194702097,1633.58,443.59,130514944,84983808,63980864,61.02,4204298
1770194702197,1636.87,445.68,130744320,84983808,64218920,61.24,4213826
1770194702299,1637.10,445.77,130744320,84983808,64220928,61.25,4213826
1770194702399,1637.41,445.91,130744320,84983808,64222912,61.25,4213826
1770194702500,1640.50,447.96,130973696,84983808,64460736,61.47,4215162
1770194702601,1640.81,448.11,130973696,84983808,64462744,61.48,4215162
1770194702701,1651.50,450.79,131137536,84983808,50391832,48.06,4216498
1770194702803,1651.67,450.86,131137536,84983808,50393840,48.06,4216498
1770194702904,1651.97,451.01,131137536,84983808,50395824,48.06,4216498
1770194703005,1657.19,455.68,131137536,84983808,50634088,48.29,4121076
1770194703107,1657.49,455.83,131137536,84983808,50636096,48.29,4121076
1770194703207,1660.49,457.72,131137536,84983808,50873600,48.52,4130604
1770194703309,1660.78,457.82,131137536,84983808,50875608,48.52,4130604
1770194703410,1661.05,457.95,131137536,84983808,50877592,48.52,4130604
1770194703511,1667.73,459.91,131137536,84983808,51115016,48.75,4131940
1770194703612,1668.04,460.06,131137536,84983808,51117024,48.75,4131940
1770194703712,1672.17,461.85,131137536,84983808,51352672,48.97,4133276
1770194703814,1672.38,461.95,131137536,84983808,51354680,48.98,4133276
1770194703915,1672.63,462.05,131137536,84983808,51356664,48.98,4133276
1770194704016,1675.61,463.78,131137536,84983808,51594968,49.20,4134612
1770194704118,1675.87,463.90,131137536,84983808,51596976,49.21,4134612
1770194704219,1682.23,465.86,131137536,84983808,51855568,49.45,4144140
1770194704320,1682.47,465.97,131137536,84983808,51857576,49.46,4144140
1770194704421,1682.80,466.13,131137536,84983808,51859560,49.46,4144140
1770194704522,1687.07,468.01,131137536,84983808,52094736,49.68,4145476
1770194704624,1687.39,468.13,131137536,84983808,52096744,49.68,4145476
1770194704725,1690.57,470.00,131137536,84983808,52331872,49.91,4146812
1770194704826,1690.85,470.15,131137536,84983808,52333880,49.91,4146812
1770194704926,1691.04,470.23,131137536,84983808,52335864,49.91,4146812
1770194705027,1693.06,471.76,131137536,84983808,52571144,50.14,4148148
1770194705129,1693.34,471.91,131137536,84983808,52573152,50.14,4148148
1770194705230,1695.86,473.64,131137536,84983808,52808472,50.36,4157676
1770194705331,1696.10,473.75,131137536,84983808,52810480,50.36,4157676
1770194705431,1696.40,473.87,131137536,84983808,52812464,50.37,4157676
1770194705532,1699.01,475.89,131153920,85245952,53309856,50.84,4159012
1770194705634,1699.34,476.04,131153920,85245952,53311864,50.84,4159012
1770194705735,1701.85,477.77,131170304,85245952,53546960,51.07,4160348
1770194705836,1702.16,477.92,131170304,85245952,53548968,51.07,4160348
1770194705936,1702.44,478.07,131170304,85245952,53550952,51.07,4160348
1770194706038,1706.84,479.87,131170304,85245952,53786696,51.29,4161684
1770194706139,1707.08,479.97,131170304,85245952,53788704,51.30,4161684
1770194706240,1714.83,481.87,131186688,85245952,54025280,51.52,4171212
1770194706341,1715.01,481.95,131186688,85245952,54027288,51.52,4171212
1770194706441,1715.25,482.09,131186688,85245952,54029272,51.53,4171212
1770194706542,1718.20,484.07,131186688,85245952,54264312,51.75,4172548
1770194706642,1718.46,484.24,131186688,85245952,54266320,51.75,4172548
1770194706744,1725.40,486.30,131203072,85245952,54502096,51.98,4173884
1770194706845,1725.69,486.40,131203072,85245952,54504104,51.98,4173884
1770194706947,1727.19,487.43,131203072,85245952,54623232,52.09,4174554
1770194707048,1728.80,488.11,131203072,85245952,54741152,52.21,4175220
1770194707148,1729.07,488.27,131203072,85245952,54743160,52.21,4175220
1770194707249,1732.24,490.20,131203072,85245952,54978384,52.43,4184748
1770194707350,1732.52,490.32,131203072,85245952,54980392,52.43,4184748
1770194707451,1734.27,491.40,131252224,85245952,55099360,52.55,4185418
1770194707552,1736.21,492.07,131284992,85245952,55217312,52.66,4186084
1770194707652,1736.46,492.20,131284992,85245952,55219320,52.66,4186084
1770194707753,1738.90,493.94,131301376,85245952,55454320,52.89,4187420
1770194707855,1739.21,494.06,131301376,85245952,55456328,52.89,4187420
1770194707955,1741.81,496.04,131301376,85245952,55691280,53.11,4188756
1770194708056,1742.00,496.11,131301376,85245952,55693288,53.11,4188756
1770194708157,1742.31,496.26,131301376,85245952,55695272,53.12,4188756
1770194708258,1745.29,498.21,131301376,85245952,55930504,53.34,4198284
1770194708359,1745.61,498.34,131301376,85245952,55932512,53.34,4198284
1770194708460,1748.69,500.35,131301376,85245952,56167488,53.57,4199620
1770194708561,1748.87,500.40,131301376,85245952,56169496,53.57,4199620
1770194708662,1749.14,500.53,131301376,85245952,56171480,53.57,4199620
1770194708763,1752.01,502.38,131317760,85245952,56406456,53.79,4200956
1770194708864,1752.29,502.49,131317760,85245952,56408464,53.80,4200956
1770194708965,1756.80,504.32,131317760,85245952,56643568,54.02,4202292
1770194709066,1756.97,504.38,131317760,85245952,56645576,54.02,4202292
1770194709167,1757.26,504.49,131317760,85245952,56647560,54.02,4202292
1770194709268,1760.38,506.45,131530752,85245952,56882952,54.25,4211820
1770194709369,1760.68,506.61,131530752,85245952,56884960,54.25,4211820
1770194709469,1766.41,508.51,131760128,85245952,57120024,54.47,4213156
1770194709570,1766.62,508.58,131760128,85245952,57122032,54.48,4213156
1770194709671,1766.92,508.74,131760128,85245952,57124016,54.48,4213156
1770194709773,1772.32,510.68,131989504,85245952,57359328,54.70,4214492
1770194709874,1772.57,510.80,131989504,85245952,57361336,54.70,4214492
1770194709975,1775.16,512.50,132235264,85245952,57594896,54.93,4215828
1770194710076,1775.41,512.61,132235264,85245952,57596904,54.93,4215828
1770194710177,1775.70,512.77,132235264,85245952,57598888,54.93,4215828
1770194710278,1778.59,514.75,132464640,85245952,57832576,55.15,4225356
1770194710379,1778.87,514.88,132464640,85245952,57834584,55.16,4225356
1770194710480,1785.09,516.98,132710400,85245952,58068736,55.38,4226692
1770194710580,1785.29,517.06,132710400,85245952,58070744,55.38,4226692
1770194710681,1785.60,517.21,132710400,85245952,58072728,55.38,4226692
1770194710781,1793.09,519.37,132939776,85245952,58305968,55.60,4228028
1770194710882,1793.37,519.50,132939776,85245952,58307976,55.61,4228028
1770194710983,1796.43,521.48,133169152,85245952,58538616,55.83,4229364
1770194711084,1796.64,521.55,133169152,85245952,58540624,55.83,4229364
1770194711185,1796.95,521.70,133169152,85245952,58542608,55.83,4229364
1770194711286,1807.85,523.29,133414912,85245952,58775120,56.05,4238892
1770194711387,1807.99,523.36,133414912,85245952,58777128,56.05,4238892
1770194711488,1810.47,525.16,133627904,85245952,59006640,56.27,4240228
1770194711589,1810.68,525.24,133627904,85245952,59008648,56.28,4240228
1770194711690,1811.00,525.40,133644288,85245952,59010632,56.28,4240228
1770194711791,1828.08,527.56,133873664,85245952,59241288,56.50,4241564
1770194711892,1828.38,527.69,133873664,85245952,59243296,56.50,4241564
1770194711993,1830.96,529.48,134103040,85245952,59472736,56.72,4242900
1770194712094,1831.19,529.57,134103040,85245952,59474744,56.72,4242900
1770194712195,1831.49,529.72,134103040,85245952,59476728,56.72,4242900
1770194712296,1833.13,530.45,134365184,85245952,59706416,56.94,4252428
1770194712397,1833.25,530.51,134365184,85245952,59708424,56.94,4252428
1770194712498,1835.64,532.36,134578176,85245952,59937928,57.16,4253764
1770194712599,1835.93,532.50,134578176,85245952,59939936,57.16,4253764
1770194712701,1836.26,532.65,134578176,85245952,59941920,57.17,4253764
1770194712800,1838.90,534.33,134791168,85245952,60171352,57.38,4255100
1770194712901,1839.20,534.46,134807552,85245952,60173360,57.39,4255100
1770194713002,1842.05,536.28,135036928,85245952,60402776,57.60,4256436
1770194713103,1842.34,536.43,135036928,85245952,60404784,57.61,4256436
1770194713204,1842.66,536.58,135036928,85245952,60406768,57.61,4256436
1770194713305,1856.26,538.90,135299072,85245952,60638928,57.83,4265964
1770194713407,1856.55,539.06,135299072,85245952,60640936,57.83,4265964
1770194713509,1878.69,540.85,135561216,85508096,61069528,58.24,4267300
1770194713610,1878.84,540.93,135561216,85508096,61071536,58.24,4267300
1770194713711,1879.10,541.07,135561216,85508096,61073520,58.24,4267300
1770194713812,1909.69,543.03,135823360,85508096,61307000,58.47,4268636
1770194713913,1909.86,543.09,135823360,85508096,61309008,58.47,4268636
1770194714014,1912.96,545.08,136036352,85508096,61533864,58.68,4269972
1770194714116,1913.22,545.18,136036352,85508096,61535872,58.69,4269972
1770194714217,1913.54,545.34,136036352,85508096,61537856,58.69,4269972
1770194714318,1916.25,547.12,136282112,85508096,61762824,58.90,4279500
1770194714419,1916.55,547.26,136282112,85508096,61764832,58.90,4279500
1770194714520,1919.32,548.97,136495104,85508096,61988832,59.12,4280836
1770194714621,1919.60,549.09,136495104,85508096,61990840,59.12,4280836
1770194714722,1919.91,549.25,136495104,85508096,61992824,59.12,4280836
1770194714823,1922.50,551.04,136708096,85508096,62217512,59.34,4282172
1770194714922,1922.80,551.16,136708096,85508096,62219520,59.34,4282172
1770194715022,1925.66,553.37,136921088,85508096,62444656,59.55,4283508
1770194715123,1925.87,553.47,136921088,85508096,62446664,59.55,4283508
1770194715224,1925.98,553.52,136921088,85508096,62448648,59.56,4283508
1770194715326,1927.64,555.12,137134080,85508096,62673448,59.77,4293036
1770194715426,1927.88,555.25,137134080,85508096,62675456,59.77,4293036
1770194715528,1931.83,557.18,137347072,85508096,62905488,59.99,4294372
1770194715629,1932.05,557.26,137347072,85508096,62907496,59.99,4294372
1770194715730,1932.36,557.42,137347072,85508096,62909480,60.00,4294372
1770194715831,1934.68,559.51,137576448,85508096,63131504,60.21,4295708
1770194715933,1934.98,559.65,137576448,85508096,63133512,60.21,4295708
1770194716033,1937.59,561.54,137789440,85508096,63357352,60.42,4297044
1770194716135,1937.86,561.66,137789440,85508096,63359360,60.42,4297044
1770194716235,1938.17,561.79,137789440,85508096,63361344,60.43,4297044
1770194716336,1941.99,564.10,138084352,85770240,63842712,60.89,4306572
1770194716438,1942.26,564.25,138084352,85770240,63844720,60.89,4306572
1770194716538,1949.27,566.19,138313728,85770240,64068080,61.10,4307908
1770194716639,1949.56,566.32,138313728,85770240,64070088,61.10,4307908
1770194716740,1949.85,566.47,138313728,85770240,64072072,61.10,4307908
1770194716841,1952.44,568.44,138526720,85770240,64294184,61.32,4309244
1770194716942,1952.71,568.54,138526720,85770240,64296192,61.32,4309244
1770194717043,1955.31,570.60,138739712,85770240,64518160,61.53,4310580
1770194717144,1955.55,570.69,138739712,85770240,64520168,61.53,4310580
1770194717244,1955.83,570.82,138739712,85770240,64522152,61.53,4310580
1770194717345,1958.72,572.93,138952704,85770240,64744352,61.75,4320108
1770194717446,1958.99,573.07,138952704,85770240,64746360,61.75,4320108
1770194717547,1963.55,575.00,139182080,85770240,64969056,61.96,4321444
1770194717648,1963.79,575.11,139182080,85770240,64971064,61.96,4321444
1770194717749,1964.08,575.22,139182080,85770240,64973048,61.96,4321444
1770194717850,1975.79,577.41,139395072,85770240,65195440,62.18,4322780
1770194717951,1976.10,577.57,139395072,85770240,65197448,62.18,4322780
1770194718053,1992.06,589.67,111869952,58507264,53191520,50.73,4324116
1770194718153,1992.31,589.74,111869952,58507264,53193528,50.73,4324116
1770194718254,1992.56,589.87,111869952,58507264,53195512,50.73,4324116
1770194718354,1995.07,591.66,111886336,58507264,53415032,50.94,4129268
1770194718456,1995.36,591.80,111886336,58507264,53417040,50.94,4129268
1770194718557,1998.19,593.59,111886336,58507264,53636360,51.15,4130604
1770194718658,1998.43,593.71,111886336,58507264,53638344,51.15,4130604
1770194718760,1998.75,593.86,111886336,58507264,53640328,51.16,4130604
1770194718861,2001.56,595.68,111886336,58507264,53859624,51.36,4131940
1770194718963,2001.79,595.79,111886336,58507264,53861608,51.37,4131940
1770194719063,2004.58,597.72,111886336,58507264,54080888,51.58,4133276
1770194719165,2004.81,597.85,111886336,58507264,54082872,51.58,4133276
1770194719266,2005.09,598.00,111886336,58507264,54084856,51.58,4133276
1770194719368,2007.98,599.84,111902720,58507264,54304432,51.79,4142804
1770194719468,2008.23,599.95,111902720,58507264,54306440,51.79,4142804
1770194719569,2010.85,601.68,111902720,58507264,54525880,52.00,4144140
1770194719670,2011.10,601.79,111902720,58507264,54527864,52.00,4144140
1770194719771,2011.40,601.91,111902720,58507264,54529848,52.00,4144140
1770194719872,2017.69,603.45,111919104,58507264,54750176,52.21,4145476
1770194719974,2017.99,603.58,111919104,58507264,54752184,52.22,4145476
1770194720074,2020.71,605.34,111919104,58507264,54971632,52.43,4146812
1770194720175,2020.92,605.43,111919104,58507264,54973616,52.43,4146812
1770194720276,2021.23,605.56,111919104,58507264,54975600,52.43,4146812
1770194720376,2023.87,607.37,111919104,58507264,55195336,52.64,4156340
1770194720478,2024.15,607.49,111919104,58507264,55197344,52.64,4156340
1770194720580,2030.62,609.26,111935488,58507264,55417080,52.85,4157676
1770194720679,2030.89,609.38,111935488,58507264,55419064,52.85,4157676
1770194720780,2031.19,609.52,111935488,58507264,55421048,52.85,4157676
1770194720881,2033.90,611.17,111951872,58507264,55640264,53.06,4159012
1770194720983,2034.19,611.32,111951872,58507264,55642248,53.06,4159012
1770194721083,2041.63,614.68,115490816,75546624,53562144,51.08,4120410
1770194721184,2041.91,614.80,115490816,75546624,53564128,51.08,4120410
1770194721286,2042.23,614.95,115490816,75546624,53566112,51.08,4120410
1770194721387,2044.73,616.46,115703808,75546624,53785576,51.29,4129938
1770194721487,2045.04,616.61,115703808,75546624,53787584,51.30,4129938
1770194721588,2047.85,618.54,115916800,75546624,54006872,51.50,4131274
1770194721690,2048.14,618.69,115916800,75546624,54008880,51.51,4131274
1770194721790,2048.42,618.82,115916800,75546624,54010864,51.51,4131274
1770194721890,2051.32,620.78,116129792,75546624,54230208,51.72,4132610
1770194721992,2051.58,620.87,116129792,75546624,54232192,51.72,4132610
1770194722093,2053.96,622.67,116326400,75546624,54451472,51.93,4133946
1770194722194,2054.17,622.79,116342784,75546624,54453456,51.93,4133946
1770194722297,2055.93,623.87,116457472,75546624,54564544,52.04,4134616
1770194722397,2058.49,624.58,116555776,75546624,54675472,52.14,4143474
1770194722496,2058.71,624.70,116555776,75546624,54677480,52.14,4143474
1770194722597,2061.40,626.55,116785152,75546624,54896696,52.35,4144810
1770194722698,2061.61,626.67,116785152,75546624,54898704,52.36,4144810
1770194722801,2063.28,627.76,116883456,75546624,55009792,52.46,4145480
1770194722901,2064.17,628.47,116998144,75546624,55119856,52.57,4146146
1770194723001,2064.46,628.58,116998144,75546624,55121944,52.57,4146146
1770194723102,2068.47,630.63,117260288,75546624,55372384,52.81,4147490
1770194723203,2068.65,630.75,117276672,75546624,55374392,52.81,4147490
1770194723304,2070.34,631.84,117374976,75546624,55485592,52.92,4148160
1770194723406,2071.24,632.52,117473280,75546624,55596024,53.02,4157018
1770194723507,2071.45,632.64,117473280,75546624,55598032,53.02,4157018
1770194723608,2073.60,634.21,117686272,75546624,55817504,53.23,4158354
1770194723710,2073.81,634.32,117686272,75546624,55819512,53.23,4158354
1770194723809,2076.42,636.02,117899264,75546624,56038960,53.44,4159690
1770194723910,2076.61,636.08,117899264,75546624,56040968,53.44,4159690
1770194724012,2076.91,636.28,117899264,75546624,56042952,53.45,4159690
1770194724113,2079.16,637.88,118112256,75546624,56262536,53.66,4161026
1770194724214,2079.37,637.96,118112256,75546624,56264544,53.66,4161026
1770194724314,2082.27,639.87,118341632,75546624,56484416,53.87,4170554
1770194724415,2082.40,639.92,118341632,75546624,56486424,53.87,4170554
1770194724516,2082.59,640.02,118341632,75546624,56488408,53.87,4170554
1770194724616,2085.34,641.83,118554624,75546624,56707864,54.08,4171890
1770194724718,2085.63,641.94,118554624,75546624,56709872,54.08,4171890
1770194724839,2151.20,648.66,138723328,97828864,62696376,59.79,4119744
1770194724940,2382.80,653.09,159645696,105955328,71614368,68.30,4117738
1770194725042,2382.88,653.12,159645696,105955328,71616432,68.30,4117738
1770194725142,2384.37,654.39,159645696,105955328,71841592,68.51,4119074
1770194725243,2384.67,654.52,159645696,105955328,71843608,68.52,4119074
1770194725344,2391.20,656.32,159645696,105955328,72075352,68.74,4128602
1770194725445,2391.41,656.40,159645696,105955328,72077368,68.74,4128602
1770194725547,2391.72,656.54,159645696,105955328,72079360,68.74,4128602
1770194725647,2394.66,658.50,159645696,105955328,72300728,68.95,4129938
1770194725749,2394.92,658.63,159645696,105955328,72302744,68.95,4129938
1770194725850,2413.82,660.47,159662080,105955328,72556336,69.20,4131274
1770194725950,2414.03,660.54,159662080,105955328,72558352,69.20,4131274
1770194726052,2414.33,660.70,159662080,105955328,72560344,69.20,4131274
1770194726152,2417.89,662.55,159662080,105955328,72782200,69.41,4132610
1770194726253,2418.07,662.68,159662080,105955328,72784216,69.41,4132610
1770194726355,2420.66,664.49,159662080,105955328,73001528,69.62,4142138
1770194726455,2420.89,664.62,159662080,105955328,73003544,69.62,4142138
1770194726556,2421.12,664.74,159662080,105955328,73005536,69.62,4142138
1770194726658,2423.72,666.69,159662080,105955328,73223160,69.83,4143474
1770194726758,2423.99,666.83,159662080,105955328,73225176,69.83,4143474
1770194726859,2426.72,668.47,159662080,105955328,73443624,70.04,4144810
1770194726961,2427.01,668.60,159662080,105955328,73445640,70.04,4144810
1770194727060,2427.32,668.77,159662080,105955328,73447632,70.05,4144810
1770194727162,2431.62,670.78,159662080,105955328,73665424,70.25,4146146
1770194727261,2431.90,670.91,159662080,105955328,73667440,70.25,4146146
1770194727363,2434.76,672.77,159662080,105955328,73896832,70.47,4155674
1770194727463,2435.02,672.89,159662080,105955328,73898848,70.48,4155674
1770194727565,2435.33,673.06,159662080,105955328,73900840,70.48,4155674
1770194727665,2438.05,674.90,159662080,105955328,74115352,70.68,4157010
1770194727767,2438.35,675.06,159662080,105955328,74117368,70.68,4157010
1770194727867,2440.82,676.80,159662080,105955328,74331992,70.89,4158346
1770194727968,2441.10,676.91,159662080,105955328,74334008,70.89,4158346
1770194728070,2441.42,677.06,159662080,105955328,74336000,70.89,4158346
1770194728171,2446.57,678.99,159662080,105955328,74557056,71.10,4159682
1770194728273,2446.88,679.14,159662080,105955328,74559072,71.11,4159682
1770194728373,2449.32,680.86,159662080,105955328,74773864,71.31,4169210
1770194728475,2449.55,680.97,159662080,105955328,74775880,71.31,4169210
1770194728574,2449.83,681.12,159662080,105955328,74777872,71.31,4169210
1770194728676,2461.56,683.21,159678464,105955328,75003856,71.53,4170546
1770194728777,2461.79,683.32,159678464,105955328,75005872,71.53,4170546
1770194728879,2464.17,684.91,159678464,105955328,75225312,71.74,4171882
1770194728979,2464.43,685.02,159678464,105955328,75227328,71.74,4171882
1770194729081,2464.74,685.17,159678464,105955328,75229320,71.74,4171882
1770194729181,2467.36,686.89,159678464,105955328,75444208,71.95,4173218
1770194729282,2467.65,687.03,159678464,105955328,75446224,71.95,4173218
1770194729383,2470.45,688.94,159678464,105955328,75665928,72.16,4182746
1770194729484,2470.74,689.06,159678464,105955328,75667944,72.16,4182746
1770194729586,2471.06,689.23,159678464,105955328,75669936,72.16,4182746
1770194729686,2477.31,691.61,159694848,105955328,61210256,58.37,4184082
1770194729787,2477.61,691.76,159694848,105955328,61212272,58.38,4184082
1770194729889,2480.29,693.48,159694848,105955328,61431696,58.59,4128602
1770194729989,2480.59,693.64,159694848,105955328,61433688,58.59,4128602
1770194730089,2480.90,693.79,159694848,105955328,61435680,58.59,4128602
1770194730190,2484.29,695.65,159694848,105955328,61668000,58.81,4129938
1770194730290,2484.61,695.81,159694848,105955328,61669992,58.81,4129938
1770194730392,2487.42,697.75,159694848,105955328,61884568,59.02,4139466
1770194730492,2487.66,697.86,159694848,105955328,61886584,59.02,4139466
1770194730592,2487.98,698.02,159694848,105955328,61888576,59.02,4139466
1770194730693,2490.69,699.85,159694848,105955328,62102832,59.23,4140802
1770194730795,2491.01,700.01,159694848,105955328,62104848,59.23,4140802
1770194730895,2493.68,701.85,159694848,105955328,62323184,59.44,4142138
1770194730997,2493.95,701.98,159694848,105955328,62325176,59.44,4142138
1770194731097,2494.28,702.14,159694848,105955328,62327168,59.44,4142138
1770194731199,2497.16,704.10,159694848,105955328,62546576,59.65,4143474
1770194731300,2497.46,704.23,159694848,105955328,62548568,59.65,4143474
1770194731400,2503.96,706.12,159694848,105955328,62769648,59.86,4153002
1770194731502,2504.19,706.23,159694848,105955328,62771664,59.86,4153002
1770194731603,2504.43,706.33,159694848,105955328,62773656,59.87,4153002
1770194731704,2506.88,708.13,159694848,105955328,62988088,60.07,4154338
1770194731805,2507.18,708.27,159694848,105955328,62990104,60.07,4154338
1770194731907,2509.93,709.91,159694848,105955328,63212088,60.28,4155674
1770194732007,2510.18,710.05,159694848,105955328,63214080,60.29,4155674
1770194732109,2511.16,710.80,159694848,105955328,63322688,60.39,4156344
1770194732210,2512.24,711.35,159694848,105955328,63430600,60.49,4157010
1770194732312,2512.50,711.48,159694848,105955328,63432592,60.49,4157010
1770194732412,2515.28,713.24,159694848,105955328,63647136,60.70,4166538
1770194732513,2515.55,713.36,159694848,105955328,63649152,60.70,4166538
1770194732615,2517.56,714.49,159694848,105955328,63763864,60.81,4167208
1770194732717,2518.48,715.14,159694848,105955328,63871520,60.91,4167874
1770194732817,2518.79,715.30,159694848,105955328,63873536,60.91,4167874
1770194732918,2521.52,717.14,159694848,105955328,64087880,61.12,4169210
1770194733020,2607.64,729.21,111345664,56410112,41664872,39.73,4125930
1770194733120,2611.72,730.43,111345664,56410112,41828416,39.89,4126600
1770194733222,2613.33,731.16,111345664,56410112,41966000,40.02,4127266
1770194733323,2613.58,731.27,111345664,56410112,41968008,40.02,4127266
1770194733425,2617.11,732.98,111345664,56410112,42196552,40.24,4136794
1770194733526,2617.34,733.10,111345664,56410112,42198560,40.24,4136794
1770194733627,2686.62,738.06,100810752,46972928,41805840,39.87,4127266
1770194733728,2686.78,738.11,100810752,46972928,41807896,39.87,4127266
1770194733830,2687.04,738.24,100810752,46972928,41809880,39.87,4127266
1770194733931,2694.23,740.14,101023744,46972928,42048568,40.10,4128602
1770194734031,2694.50,740.26,101023744,46972928,42050576,40.10,4128602
1770194734132,2698.19,742.46,101269504,46972928,42278480,40.32,4129938
1770194734233,2761.24,744.81,100352000,46710784,41313056,39.40,4125930
1770194734335,2761.45,744.87,100352000,46710784,41522920,39.60,4125930
1770194734435,2766.34,746.82,100614144,46710784,41780584,39.85,4135458
1770194734536,2766.65,746.98,100614144,46710784,41782592,39.85,4135458
1770194734637,2769.95,748.91,100843520,46710784,42010568,40.06,4136794
1770194734739,2770.20,749.01,100843520,46710784,42012576,40.07,4136794
1770194734840,2770.50,749.14,100859904,46710784,42014560,40.07,4136794
1770194734941,2773.51,750.88,101089280,46710784,42242520,40.29,4138130
1770194735042,2773.75,750.98,101089280,46710784,42244528,40.29,4138130
1770194735144,2779.62,753.48,101646336,49856512,41628968,39.70,4139466
1770194735245,2779.84,753.55,101662720,49856512,41630976,39.70,4139466
1770194735347,2780.14,753.71,101662720,49856512,41632960,39.70,4139466
1770194735448,2786.62,755.78,101892096,49856512,41861032,39.92,4145652
1770194735549,2786.98,755.97,101892096,49856512,41863040,39.92,4145652
1770194735650,2790.53,758.08,102121472,49856512,42090768,40.14,4146988
1770194735752,2790.81,758.20,102121472,49856512,42092776,40.14,4146988
1770194735853,2791.13,758.34,102121472,49856512,42094760,40.14,4146988
1770194735955,2794.48,760.28,102350848,49856512,42322520,40.36,4148324
1770194736056,2794.76,760.41,102350848,49856512,42324528,40.36,4148324
1770194736156,2797.93,762.22,102563840,49856512,42552440,40.58,4149660
1770194736258,2798.16,762.31,102563840,49856512,42554448,40.58,4149660
1770194736358,2798.45,762.43,102563840,49856512,42556432,40.58,4149660
1770194736458,2803.17,764.37,102776832,49856512,42784544,40.80,4159188
1770194736560,2803.37,764.49,102793216,49856512,42786552,40.80,4159188
1770194736660,2806.40,766.26,103006208,49856512,43014024,41.02,4160524
1770194736762,2806.60,766.33,103006208,49856512,43016032,41.02,4160524
1770194736862,2806.91,766.48,103006208,49856512,43018016,41.03,4160524
1770194736964,2810.62,768.36,103235584,49856512,43245488,41.24,4161860
1770194737065,2810.90,768.49,103235584,49856512,43247496,41.24,4161860
1770194737166,2815.56,770.60,103448576,49856512,41891128,39.95,4163196
1770194737267,2815.77,770.69,103448576,49856512,41893136,39.95,4163196
1770194737367,2816.05,770.85,103448576,49856512,41895120,39.95,4163196
1770194737468,2819.07,772.51,103448576,49856512,42122856,40.17,4145652
1770194737570,2819.32,772.64,103448576,49856512,42124840,40.17,4145652
1770194737670,2828.60,774.59,103530496,49856512,42361368,40.40,4146988
1770194737769,2828.74,774.66,103530496,49856512,42363352,40.40,4146988
1770194737871,2828.95,774.76,103530496,49856512,42365336,40.40,4146988
1770194737972,2832.08,776.44,103546880,49856512,42592816,40.62,4148324
1770194738071,2832.30,776.56,103546880,49856512,42594800,40.62,4148324
1770194738172,2836.44,778.21,103776256,49856512,42822600,40.84,4149660
1770194738274,2836.57,778.27,103776256,49856512,42824584,40.84,4149660
1770194738375,2836.79,778.37,103776256,49856512,42826568,40.84,4149660
1770194738475,2839.54,780.14,104005632,49856512,43053744,41.06,4159188
1770194738576,2839.72,780.24,104005632,49856512,43055728,41.06,4159188
1770194738678,2846.28,782.21,104218624,49856512,43283496,41.28,4160524
1770194738779,2846.43,782.30,104218624,49856512,43285480,41.28,4160524
1770194738879,2846.65,782.40,104218624,49856512,43287464,41.28,4160524
1770194738980,2849.82,784.17,104431616,49856512,43514472,41.50,4161860
1770194739081,2850.10,784.28,104431616,49856512,43516456,41.50,4161860
1770194739183,2854.94,786.34,104562688,49856512,42283040,40.32,4136794
1770194739284,2855.17,786.43,104562688,49856512,42285024,40.33,4136794
1770194739385,2855.39,786.54,104562688,49856512,42287008,40.33,4136794
1770194739486,2858.44,788.41,104562688,49856512,42514328,40.54,4146322
1770194739588,2858.70,788.53,104562688,49856512,42516336,40.55,4146322
1770194739688,2863.08,790.34,104562688,49856512,42743272,40.76,4147658
1770194739789,2863.24,790.43,104562688,49856512,42745280,40.77,4147658
1770194739890,2863.42,790.52,104562688,49856512,42747264,40.77,4147658
1770194739990,2865.95,792.10,104562688,49856512,42973992,40.98,4148994
1770194740091,2866.22,792.23,104562688,49856512,42976000,40.99,4148994
1770194740193,2869.09,793.97,104562688,49856512,43202680,41.20,4150330
1770194740294,2869.30,794.05,104562688,49856512,43204688,41.20,4150330
1770194740393,2869.57,794.19,104562688,49856512,43206672,41.21,4150330
1770194740495,2872.71,796.04,104562688,49856512,43436192,41.42,4159858
1770194740595,2872.96,796.15,104562688,49856512,43438200,41.43,4159858
1770194740696,2876.46,797.82,104562688,49856512,43667784,41.64,4161194
1770194740798,2876.66,797.90,104562688,49856512,43669792,41.65,4161194
1770194740899,2876.95,798.02,104562688,49856512,43671776,41.65,4161194
1770194740999,2885.69,800.61,101416960,46710784,42427520,40.46,4162530
1770194741100,2885.98,800.76,101416960,46710784,42429528,40.46,4162530
1770194741201,2889.27,802.60,101416960,46710784,42656248,40.68,4137460
1770194741303,2889.50,802.72,101416960,46710784,42658256,40.68,4137460
1770194741404,2889.74,802.83,101416960,46710784,42660240,40.68,4137460
1770194741505,2892.76,804.63,101416960,46710784,42890824,40.90,4146988
1770194741606,2893.00,804.73,101416960,46710784,42892832,40.91,4146988
1770194741708,2895.64,806.47,101416960,46710784,43122464,41.12,4148324
1770194741809,2895.86,806.56,101416960,46710784,43124448,41.13,4148324
1770194741910,2896.14,806.65,101416960,46710784,43126432,41.13,4148324
1770194742011,2901.43,808.67,101810176,47759360,42708360,40.73,4136794
1770194742113,2901.75,808.83,101810176,47759360,42710344,40.73,4136794
1770194742213,2904.70,810.74,102023168,47759360,42940856,40.95,4138130
1770194742314,2904.98,810.86,102023168,47759360,42942840,40.95,4138130
1770194742416,2905.30,811.02,102023168,47759360,42944824,40.96,4138130
1770194742517,2908.14,812.89,102252544,47759360,43174312,41.17,4147658
1770194742619,2908.44,813.03,102252544,47759360,43176296,41.18,4147658
1770194742719,2912.67,815.02,102449152,47759360,42622808,40.65,4148994
1770194742821,2912.89,815.12,102449152,47759360,42624792,40.65,4148994
1770194742922,2913.15,815.23,102449152,47759360,42626776,40.65,4148994
1770194743023,2917.07,817.04,102449152,47759360,42857072,40.87,4137460
1770194743125,2917.37,817.18,102449152,47759360,42859056,40.87,4137460
1770194743225,2922.39,819.11,102449152,47759360,43096112,41.10,4138796
1770194743327,2922.59,819.19,102449152,47759360,43098120,41.10,4138796
1770194743428,2922.77,819.31,102449152,47759360,43100104,41.10,4138796
1770194743529,2937.78,821.25,102449152,47759360,43348712,41.34,4148324
1770194743630,2938.10,821.40,102449152,47759360,43350696,41.34,4148324
1770194743731,2942.69,823.16,102465536,47759360,42841240,40.86,4149660
1770194743831,2943.00,823.29,102465536,47759360,42843224,40.86,4149660
1770194743932,2943.30,823.43,102465536,47759360,42845208,40.86,4149660
1770194744033,2946.21,825.23,102465536,47759360,43072968,41.08,4137460
1770194744134,2946.43,825.34,102465536,47759360,43074952,41.08,4137460
1770194744235,2954.47,827.20,102465536,47759360,43310824,41.30,4138796
1770194744337,2954.70,827.30,102465536,47759360,43312808,41.31,4138796
1770194744439,2958.28,828.62,102465536,47759360,43424472,41.41,4139466
1770194744540,2960.57,829.33,102465536,47759360,43540608,41.52,4148324
1770194744642,2960.86,829.48,102465536,47759360,43542592,41.53,4148324
1770194744743,2965.22,831.35,102465536,47759360,43014392,41.02,4149660
1770194744844,2965.47,831.45,102465536,47759360,43016376,41.02,4149660
1770194744944,2971.89,833.16,102465536,47759360,43275568,41.27,4137460
1770194745045,2972.08,833.23,102465536,47759360,43277552,41.27,4137460
1770194745145,2972.40,833.38,102465536,47759360,43279536,41.27,4137460
1770194745246,2977.28,835.19,102465536,47759360,43499760,41.48,4138796
1770194745346,2977.44,835.29,102465536,47759360,43501744,41.49,4138796
1770194745447,2979.58,836.82,102465536,47759360,43721248,41.70,4148324
1770194745548,2979.74,836.88,102465536,47759360,43723232,41.70,4148324
1770194745648,2980.02,837.02,102465536,47759360,43725216,41.70,4148324
1770194745750,2984.28,839.02,102596608,49856512,43227408,41.22,4149660
1770194745851,2984.57,839.14,102596608,49856512,43229392,41.23,4149660
1770194745951,2986.79,840.28,102596608,49856512,43340536,41.33,4136794
1770194746051,2991.76,841.05,102596608,49856512,43456424,41.44,4137460
1770194746151,2992.07,841.21,102596608,49856512,43458408,41.45,4137460
1770194746253,3000.62,843.14,102645760,49856512,43902624,41.87,4138796
1770194746353,3000.92,843.28,102645760,49856512,43904608,41.87,4138796
1770194746453,3004.82,844.49,102645760,49856512,44015784,41.98,4139466
1770194746555,3007.11,845.28,102662144,49856512,44129896,42.09,4148324
1770194746656,3007.44,845.44,102662144,49856512,44131880,42.09,4148324
1770194746757,3016.25,847.25,102809600,49856512,44363448,42.31,4149660
1770194746858,3016.53,847.36,102809600,49856512,44365432,42.31,4149660
1770194746958,3019.09,849.11,103006208,49856512,44584888,42.52,4150996
1770194747059,3019.23,849.17,103006208,49856512,44586896,42.52,4150996
1770194747159,3019.42,849.28,103022592,49856512,44588880,42.52,4150996
1770194747261,3022.22,851.09,103219200,49856512,44808256,42.73,4152332
1770194747361,3022.45,851.18,103219200,49856512,44810264,42.73,4152332
1770194747462,3025.06,852.92,103448576,49856512,45029840,42.94,4161860
1770194747563,3025.22,852.98,103448576,49856512,45031824,42.95,4161860
1770194747665,3025.43,853.10,103448576,49856512,45033808,42.95,4161860
1770194747766,3030.53,855.08,103661568,49856512,43679832,41.66,4163196
1770194747866,3030.79,855.19,103661568,49856512,43681816,41.66,4163196
1770194747967,3034.08,857.13,103661568,49856512,43901192,41.87,4137460
1770194748068,3034.26,857.20,103661568,49856512,43903176,41.87,4137460
1770194748168,3034.52,857.32,103661568,49856512,43905160,41.87,4137460
1770194748269,3037.14,859.01,103661568,49856512,44124544,42.08,4138796
1770194748370,3037.39,859.12,103661568,49856512,44126528,42.08,4138796
1770194748469,3040.42,861.00,103661568,49856512,44346128,42.29,4148324
1770194748570,3040.53,861.06,103661568,49856512,44348112,42.29,4148324
1770194748672,3040.72,861.16,103661568,49856512,44350096,42.30,4148324
1770194748773,3064.81,863.04,103890944,49856512,44597248,42.53,4149660
1770194748873,3065.02,863.12,103890944,49856512,44599232,42.53,4149660
1770194748974,3068.00,864.90,104120320,49856512,44816680,42.74,4150996
1770194749075,3068.20,864.97,104120320,49856512,44818664,42.74,4150996
1770194749177,3068.52,865.12,104120320,49856512,44820648,42.74,4150996
1770194749278,3100.20,867.22,104366080,49856512,45038288,42.95,4152332
1770194749380,3100.53,867.41,104366080,49856512,45040272,42.95,4152332
1770194749480,3104.98,869.55,104742912,50118656,43954232,41.92,4161860
1770194749581,3105.18,869.61,104742912,50118656,43956216,41.92,4161860
1770194749682,3105.52,869.77,104742912,50118656,43958200,41.92,4161860
1770194749784,3108.70,871.58,104742912,50118656,44172600,42.13,4136794
1770194749884,3109.04,871.78,104742912,50118656,44174584,42.13,4136794
1770194749986,3111.62,873.70,104742912,50118656,44388984,42.33,4138130
1770194750087,3111.87,873.79,104742912,50118656,44390968,42.33,4138130
1770194750188,3112.20,873.93,104742912,50118656,44392952,42.34,4138130
1770194750288,3115.38,875.82,104742912,50118656,44607560,42.54,4139466
1770194750390,3115.66,875.93,104742912,50118656,44609544,42.54,4139466
1770194750490,3122.99,877.89,104759296,50118656,44829312,42.75,4148994
1770194750591,3123.19,877.95,104759296,50118656,44831296,42.75,4148994
1770194750692,3123.46,878.09,104759296,50118656,44833280,42.76,4148994
1770194750793,3134.28,880.23,104759296,50118656,45055176,42.97,4150330
1770194750893,3134.60,880.41,104759296,50118656,45057160,42.97,4150330
1770194750994,3137.45,882.17,104759296,50118656,45269040,43.17,4151666
1770194751096,3137.64,882.25,104759296,50118656,45271048,43.17,4151666
1770194751197,3137.94,882.39,104759296,50118656,45273032,43.18,4151666
1770194751297,3141.07,884.36,104775680,50118656,45484968,43.38,4153002
1770194751399,3141.39,884.48,104775680,50118656,45486976,43.38,4153002
1770194751500,3147.01,886.44,105005056,50380800,44235056,42.19,4162530
1770194751601,3147.21,886.51,105005056,50380800,44237040,42.19,4162530
1770194751701,3147.52,886.65,105005056,50380800,44239024,42.19,4162530
1770194751802,3149.55,888.21,105005056,50380800,44450936,42.39,4136794
1770194751903,3149.81,888.33,105005056,50380800,44452920,42.39,4136794
1770194752005,3153.37,890.50,105005056,50380800,44664872,42.60,4138130
1770194752105,3153.68,890.61,105005056,50380800,44666856,42.60,4138130
1770194752207,3153.99,890.76,105005056,50380800,44668840,42.60,4138130
1770194752308,3160.40,892.58,105021440,50380800,44881192,42.80,4139466
1770194752409,3160.66,892.69,105021440,50380800,44883176,42.80,4139466
1770194752509,3165.07,894.75,105021440,50380800,45095416,43.01,4148994
1770194752610,3165.33,894.86,105021440,50380800,45097400,43.01,4148994
1770194752712,3165.65,895.02,105021440,50380800,45099384,43.01,4148994
1770194752812,3168.13,896.61,105021440,50380800,45310968,43.21,4150330
1770194752914,3168.44,896.78,105021440,50380800,45312952,43.21,4150330
1770194753014,3171.43,898.71,105021440,50380800,45525288,43.42,4151666
1770194753116,3171.67,898.82,105021440,50380800,45527272,43.42,4151666
1770194753217,3171.93,898.97,105021440,50380800,45529256,43.42,4151666
1770194753318,3175.97,901.99,102301696,47759360,44464696,42.40,4153002
1770194753419,3176.20,902.08,102301696,47759360,44466680,42.41,4153002
1770194753520,3178.84,903.92,102301696,47759360,44678552,42.61,4144986
1770194753621,3179.12,904.04,102301696,47759360,44680560,42.61,4144986
1770194753722,3179.44,904.19,102301696,47759360,44682544,42.61,4144986
1770194753823,3182.28,906.03,102318080,47759360,44894160,42.81,4146322
1770194753923,3182.54,906.17,102318080,47759360,44896144,42.82,4146322
1770194754024,3184.48,907.65,102318080,47759360,45107736,43.02,4147658
1770194754125,3184.65,907.74,102318080,47759360,45109720,43.02,4147658
1770194754225,3184.91,907.88,102318080,47759360,45111704,43.02,4147658
1770194754326,3188.22,910.00,102891520,49070080,44664088,42.59,4136794
1770194754428,3188.54,910.17,102891520,49070080,44666072,42.60,4136794
1770194754529,3191.32,912.09,103104512,49070080,44877912,42.80,4146322
1770194754629,3191.62,912.18,103104512,49070080,44879896,42.80,4146322
1770194754731,3191.95,912.35,103104512,49070080,44881880,42.80,4146322
1770194754831,3396.67,925.10,142639104,98107392,74048704,70.62,4136794
1770194754932,3514.98,927.33,153321472,99680256,77228224,73.65,4127266
1770194755033,3517.71,928.60,153337856,99680256,77439872,73.85,4128602
1770194755134,3517.87,928.66,153337856,99680256,77441880,73.85,4128602
1770194755235,3518.16,928.79,153337856,99680256,77443864,73.86,4128602
1770194755336,3521.73,930.49,153337856,99680256,77655288,74.06,4129938
1770194755438,3521.99,930.65,153337856,99680256,77657296,74.06,4129938
1770194755538,3525.24,932.36,153337856,99680256,77868968,74.26,4139466
1770194755640,3525.54,932.49,153337856,99680256,77870976,74.26,4139466
1770194755740,3525.84,932.63,153337856,99680256,77872960,74.27,4139466
1770194755842,3528.53,934.42,153337856,99680256,78084672,74.47,4140802
1770194755943,3528.78,934.54,153337856,99680256,78086680,74.47,4140802
1770194756045,3530.45,935.65,153354240,99680256,78298224,74.67,4142138
1770194756146,3530.60,935.71,153354240,99680256,78300232,74.67,4142138
1770194756248,3530.86,935.87,153354240,99680256,78302216,74.67,4142138
1770194756348,3541.33,940.33,154402816,100728832,65558464,62.52,4143474
1770194756450,3541.66,940.49,154402816,100728832,65560480,62.52,4143474
1770194756551,3544.55,942.41,154402816,100728832,65772184,62.73,4146322
1770194756651,3544.84,942.55,154402816,100728832,65774200,62.73,4146322
1770194756753,3545.17,942.70,154402816,100728832,65776232,62.73,4146322
1770194756854,3548.21,944.63,154402816,100728832,65987712,62.93,4147658
1770194756954,3548.53,944.77,154402816,100728832,65989728,62.93,4147658
1770194757056,3554.42,946.76,154402816,100728832,66201768,63.13,4148994
1770194757157,3554.72,946.90,154402816,100728832,66203784,63.14,4148994
1770194757259,3555.05,947.05,154402816,100728832,66205776,63.14,4148994
1770194757360,3558.02,948.93,154419200,100728832,66417208,63.34,4150330
1770194757461,3568.64,949.16,154435584,100728832,66421792,63.34,4150330
1770194757563,3571.39,950.94,154435584,100728832,66633528,63.55,4159858
1770194757664,3571.67,951.06,154435584,100728832,66635544,63.55,4159858
1770194757766,3571.98,951.23,154451968,100728832,66637536,63.55,4159858
1770194757867,3574.98,953.27,154451968,100728832,66849040,63.75,4161194
1770194757967,3575.28,953.40,154451968,100728832,66851056,63.75,4161194
1770194758067,3578.17,955.31,154451968,100728832,67062536,63.96,4162530
1770194758167,3578.44,955.43,154451968,100728832,67064552,63.96,4162530
1770194758269,3578.73,955.55,154451968,100728832,67066544,63.96,4162530
1770194758370,3581.74,957.67,154451968,100728832,67278000,64.16,4163866
1770194758470,3582.06,957.81,154451968,100728832,67280016,64.16,4163866
1770194758572,3584.81,959.61,154451968,100728832,67491784,64.37,4173394
1770194758672,3585.09,959.72,154451968,100728832,67493800,64.37,4173394
1770194758774,3585.39,959.88,154451968,100728832,67495792,64.37,4173394
1770194758875,3588.25,961.90,154451968,100728832,67707280,64.57,4174730
1770194758975,3588.50,962.01,154451968,100728832,67709296,64.57,4174730
1770194759077,3591.16,963.67,154468352,100728832,67920768,64.77,4176066
1770194759177,3591.33,963.76,154468352,100728832,67922784,64.78,4176066
1770194759278,3591.54,963.87,154468352,100728832,67924776,64.78,4176066
1770194759378,3593.88,965.50,154468352,100728832,68136264,64.98,4177402
1770194759480,3594.06,965.60,154468352,100728832,68138280,64.98,4177402
1770194759580,3596.94,967.55,154484736,100728832,68349936,65.18,4186930
1770194759682,3597.09,967.64,154484736,100728832,68351952,65.19,4186930
1770194759783,3597.26,967.74,154484736,100728832,68353968,65.19,4186930
1770194759885,3599.74,969.29,154484736,100728832,68565448,65.39,4188266
1770194759986,3599.94,969.38,154484736,100728832,68567464,65.39,4188266
1770194760087,3605.68,971.16,154501120,100728832,68779768,65.59,4189602
1770194760188,3605.87,971.24,154501120,100728832,68781784,65.60,4189602
1770194760288,3606.80,971.85,154501120,100728832,68888976,65.70,4190272
1770194760389,3607.34,972.22,154501120,100728832,68995120,65.80,4190938
1770194760489,3607.63,972.34,154501120,100728832,68997136,65.80,4190938
1770194760590,3610.32,973.87,154501120,100728832,69208808,66.00,4200466
1770194760692,3610.57,973.98,154501120,100728832,69210824,66.00,4200466
1770194760794,3612.70,975.27,154501120,100728832,69317992,66.11,4201136
1770194760896,3613.68,975.93,154501120,100728832,69424200,66.21,4201802
1770194760996,3613.98,976.02,154501120,100728832,69426216,66.21,4201802
1770194761097,3617.67,977.88,154517504,100728832,69637664,66.41,4203138
1770194761198,3617.86,977.99,154517504,100728832,69639680,66.41,4203138
1770194761299,3620.39,979.75,154517504,100728832,69851120,66.62,4204474
1770194761400,3620.52,979.81,154517504,100728832,69853136,66.62,4204474
1770194761501,3620.72,979.91,154517504,100728832,69855128,66.62,4204474
1770194761602,3623.33,981.75,154533888,100728832,70067288,66.82,4214002
1770194761703,3623.51,981.85,154533888,100728832,70069304,66.82,4214002
1770194761804,3626.15,983.67,154533888,100728832,70280776,67.02,4215338
1770194761905,3626.31,983.72,154533888,100728832,70282792,67.03,4215338
1770194762007,3626.57,983.82,154533888,100728832,70284784,67.03,4215338
1770194762107,3629.26,985.47,154533888,100728832,70496192,67.23,4216674
1770194762209,3629.45,985.57,154533888,100728832,70498208,67.23,4216674
1770194762309,3632.29,987.36,154533888,100728832,70709632,67.43,4218010
1770194762410,3632.42,987.43,154533888,100728832,70711648,67.44,4218010
1770194762511,3632.53,987.50,154533888,100728832,70713640,67.44,4218010
1770194762611,3634.20,988.23,154550272,100728832,70925136,67.64,4227538
1770194762712,3634.30,988.29,154550272,100728832,70927152,67.64,4227538
1770194762813,3641.67,990.26,154550272,100728832,71138400,67.84,4228874
1770194762912,3646.66,990.81,154550272,100728832,71144096,67.85,4228874
1770194763013,3723.92,1000.57,113311744,58245120,42037080,40.09,4125930
1770194763115,3728.06,1002.46,113311744,58245120,42521328,40.55,4127266
1770194763215,3728.28,1002.57,113311744,58245120,42523336,40.55,4127266
1770194763315,3731.20,1004.27,113311744,58245120,42744872,40.76,4128602
1770194763415,3731.32,1004.32,113311744,58245120,42746880,40.77,4128602
1770194763516,3731.49,1004.42,113311744,58245120,42748864,40.77,4128602
1770194763618,3809.22,1012.62,100974592,46972928,41809472,39.87,4135458
1770194763718,3809.46,1012.72,100974592,46972928,41811528,39.87,4135458
1770194763818,3812.11,1014.48,101187584,46972928,42038264,40.09,4136794
1770194763919,3812.30,1014.56,101187584,46972928,42040272,40.09,4136794
1770194764021,3812.63,1014.72,101187584,46972928,42042256,40.09,4136794
1770194764121,3816.87,1017.13,101728256,50118656,41568136,39.64,4138130
1770194764223,3893.44,1020.22,101875712,46448640,41515696,39.59,4125930
1770194764323,3902.24,1022.18,101908480,46448640,42024496,40.08,4127266
1770194764425,3902.43,1022.26,101908480,46448640,42026504,40.08,4127266
1770194764525,3902.75,1022.40,101908480,46448640,42028488,40.08,4127266
1770194764626,3904.54,1023.69,101908480,46448640,42255272,40.30,4136794
1770194764726,3904.84,1023.85,101908480,46448640,42257280,40.30,4136794
1770194764827,3910.28,1025.80,101924864,46448640,42484232,40.52,4138130
1770194764927,3910.50,1025.91,101941248,46448640,42486240,40.52,4138130
1770194765029,3910.83,1026.05,101941248,46448640,42488224,40.52,4138130
1770194765129,3916.20,1028.17,102367232,47497216,41837712,39.90,4139466
1770194765229,3916.51,1028.31,102367232,47497216,41839720,39.90,4139466
1770194765330,3919.65,1030.22,102596608,47497216,42066216,40.12,4137460
1770194765431,3919.86,1030.33,102596608,47497216,42068224,40.12,4137460
1770194765533,3920.15,1030.45,102612992,47497216,42070208,40.12,4137460
1770194765632,3922.61,1032.04,102825984,47497216,42297024,40.34,4146988
1770194765734,3922.87,1032.15,102825984,47497216,42299032,40.34,4146988
1770194765835,3932.32,1034.15,103055360,47497216,41889576,39.95,4148324
1770194765935,3932.45,1034.20,103055360,47497216,41891584,39.95,4148324
1770194766036,3932.62,1034.32,103055360,47497216,41893568,39.95,4148324
1770194766137,3935.67,1036.17,103055360,47497216,42120024,40.17,4136794
1770194766238,3935.85,1036.26,103055360,47497216,42122008,40.17,4136794
1770194766339,3938.53,1037.81,103055360,47497216,42348592,40.39,4138130
1770194766441,3938.67,1037.89,103055360,47497216,42350576,40.39,4138130
1770194766542,3938.83,1037.97,103055360,47497216,42352560,40.39,4138130
1770194766642,3943.30,1039.81,103055360,47497216,42579232,40.61,4147658
1770194766743,3943.51,1039.91,103055360,47497216,42581240,40.61,4147658
1770194766845,3947.51,1041.79,103071744,47497216,42037544,40.09,4148994
1770194766944,3947.69,1041.86,103071744,47497216,42039552,40.09,4148994
1770194767046,3947.88,1041.98,103071744,47497216,42041536,40.09,4148994
1770194767146,3950.86,1043.82,103071744,47497216,42268040,40.31,4137460
1770194767248,3951.08,1043.93,103071744,47497216,42270024,40.31,4137460
1770194767348,3954.15,1045.70,103071744,47497216,42496456,40.53,4138796
1770194767449,3954.32,1045.78,103071744,47497216,42498464,40.53,4138796
1770194767551,3954.51,1045.88,103071744,47497216,42500448,40.53,4138796
1770194767651,3964.37,1047.71,103153664,47497216,42131264,40.18,4148324
1770194767752,3964.53,1047.78,103153664,47497216,42133248,40.18,4148324
1770194767853,3965.35,1048.48,103153664,47497216,42359640,40.40,4136794
1770194767954,3965.44,1048.53,103153664,47497216,42361624,40.40,4136794
1770194768056,3965.59,1048.58,103153664,47497216,42363608,40.40,4136794
1770194768156,3969.93,1050.31,103170048,47497216,42595048,40.62,4138130
1770194768257,3970.12,1050.40,103170048,47497216,42597032,40.62,4138130
1770194768358,3972.93,1052.19,103170048,47497216,42823032,40.84,4139466
1770194768459,3973.09,1052.27,103170048,47497216,42825016,40.84,4139466
1770194768561,3973.25,1052.36,103170048,47497216,42827000,40.84,4139466
1770194768661,3977.01,1054.14,103170048,47497216,42276968,40.32,4148994
1770194768763,3977.25,1054.23,103170048,47497216,42278952,40.32,4148994
1770194768864,3982.17,1056.09,103170048,47497216,42505040,40.54,4137460
1770194768965,3982.41,1056.18,103170048,47497216,42507024,40.54,4137460
1770194769065,3982.70,1056.29,103170048,47497216,42509008,40.54,4137460
1770194769167,3986.02,1058.41,103186432,47497216,42735080,40.76,4138796
1770194769267,3986.34,1058.55,103186432,47497216,42737064,40.76,4138796
1770194769369,3989.60,1060.54,103186432,47497216,42963072,40.97,4140132
1770194769469,3989.93,1060.69,103186432,47497216,42965080,40.97,4140132
1770194769571,3990.26,1060.84,103186432,47497216,42967064,40.98,4140132
1770194769671,3995.19,1062.81,103383040,49594368,42531368,40.56,4144316
1770194769771,3995.37,1062.90,103383040,49594368,42533376,40.56,4144316
1770194769871,3998.29,1064.85,103383040,49594368,42759432,40.78,4145652
1770194769973,3998.61,1065.10,103383040,49594368,42761440,40.78,4145652
1770194770074,3998.93,1065.27,103383040,49594368,42763424,40.78,4145652
1770194770175,4002.33,1067.05,103383040,49594368,42989456,41.00,4146988
1770194770276,4002.63,1067.21,103383040,49594368,42991440,41.00,4146988
1770194770377,4005.00,1068.76,103383040,49594368,43217568,41.22,4148324
1770194770479,4005.27,1068.88,103383040,49594368,43219552,41.22,4148324
1770194770579,4005.53,1069.03,103383040,49594368,43221536,41.22,4148324
1770194770680,4010.19,1070.64,103579648,49594368,43458272,41.45,4157852
1770194770781,4010.41,1070.75,103579648,49594368,43460280,41.45,4157852
1770194770881,4013.12,1072.77,103792640,49594368,43686336,41.66,4159188
1770194770983,4013.33,1072.89,103792640,49594368,43688344,41.66,4159188
1770194771084,4013.51,1073.01,103792640,49594368,43690328,41.67,4159188
1770194771183,4015.38,1074.42,104005632,49594368,43916408,41.88,4160524
1770194771284,4015.50,1074.46,104005632,49594368,43918416,41.88,4160524
1770194771384,4018.57,1076.00,104218624,49594368,42683744,40.71,4161860
1770194771484,4018.72,1076.06,104218624,49594368,42685752,40.71,4161860
1770194771583,4018.88,1076.15,104218624,49594368,42687736,40.71,4161860
1770194771684,4021.29,1077.63,104218624,49594368,42913944,40.93,4153178
1770194771783,4021.40,1077.70,104218624,49594368,42915952,40.93,4153178
1770194771884,4024.56,1079.35,104218624,49594368,43142544,41.14,4154514
1770194771986,4024.75,1079.46,104218624,49594368,43144552,41.15,4154514
1770194772087,4024.92,1079.54,104218624,49594368,43146536,41.15,4154514
1770194772187,4027.76,1081.22,104267776,49594368,43372568,41.36,4155850
1770194772288,4027.97,1081.33,104267776,49594368,43374576,41.37,4155850
1770194772389,4029.65,1082.46,104480768,49594368,43600576,41.58,4157186
1770194772490,4029.88,1082.62,104382464,49594368,43602584,41.58,4157186
1770194772590,4030.12,1082.75,104398848,49594368,43604568,41.58,4157186
1770194772692,4032.66,1084.48,104611840,49594368,43830864,41.80,4166714
1770194772792,4032.85,1084.54,104611840,49594368,43832872,41.80,4166714
1770194772894,4034.72,1085.88,104677376,49594368,44058880,42.02,4168050
1770194772994,4034.85,1085.94,104677376,49594368,44060888,42.02,4168050
1770194773095,4034.97,1086.00,104677376,49594368,44062872,42.02,4168050
1770194773196,4038.75,1086.80,104906752,49594368,44296224,42.24,4169386
1770194773297,4038.86,1086.85,104906752,49594368,44298232,42.25,4169386
1770194773397,4049.18,1089.47,102023168,46448640,43155112,41.16,4170722
1770194773499,4049.41,1089.59,102023168,46448640,43157120,41.16,4170722
1770194773599,4049.74,1089.74,102023168,46448640,43159104,41.16,4170722
1770194773701,4052.47,1091.35,102023168,46448640,43388616,41.38,4153844
1770194773802,4052.78,1091.50,102023168,46448640,43390624,41.38,4153844
1770194773903,4056.08,1093.34,102023168,46448640,43618456,41.60,4155180
1770194774004,4056.39,1093.45,102023168,46448640,43620464,41.60,4155180
1770194774105,4056.71,1093.58,102023168,46448640,43622448,41.60,4155180
1770194774207,4060.10,1095.39,102432768,49594368,43236192,41.23,4156516
1770194774308,4060.43,1095.53,102432768,49594368,43238200,41.24,4156516
1770194774410,4065.37,1097.48,102629376,49594368,43471200,41.46,4145652
1770194774509,4065.69,1097.63,102629376,49594368,43473184,41.46,4145652
1770194774611,4066.02,1097.80,102629376,49594368,43475168,41.46,4145652
1770194774712,4078.17,1100.03,102858752,49594368,43709256,41.68,4155180
1770194774813,4078.36,1100.10,102858752,49594368,43711240,41.69,4155180
1770194774915,4083.98,1101.94,102645760,49594368,43942184,41.91,4156516
1770194775016,4084.13,1102.01,102612992,49594368,43944168,41.91,4156516
1770194775115,4084.32,1102.12,101892096,49594368,43946152,41.91,4156516
1770194775216,4088.40,1103.64,101793792,49594368,44172904,42.13,4157852
1770194775317,4088.53,1103.69,101793792,49594368,44174888,42.13,4157852
1770194775417,4090.24,1105.15,101990400,49594368,44400120,42.34,4159188
1770194775519,4090.44,1105.22,102006784,49594368,44402104,42.35,4159188
1770194775619,4090.67,1105.35,102006784,49594368,44404088,42.35,4159188
1770194775720,4097.51,1107.37,102219776,49594368,44630496,42.56,4168716
1770194775822,4097.80,1107.55,102219776,49594368,44635032,42.57,4168716
1770194775922,4104.99,1109.82,102416384,49594368,44857032,42.78,4170052
1770194776023,4105.27,1109.93,102416384,49594368,44859040,42.78,4170052
1770194776125,4105.61,1110.11,102432768,49594368,44861024,42.78,4170052
1770194776226,4109.00,1112.33,102694912,49856512,45337008,43.24,4171388
1770194776327,4109.28,1112.49,102694912,49856512,45339016,43.24,4171388
1770194776428,4119.04,1114.13,102727680,49856512,43944976,41.91,4144986
1770194776528,4119.21,1114.18,102727680,49856512,43946984,41.91,4144986
1770194776629,4119.48,1114.30,102727680,49856512,43948968,41.91,4144986
1770194776731,4122.11,1116.12,102727680,49856512,44166456,42.12,4154514
1770194776831,4122.41,1116.26,102727680,49856512,44168440,42.12,4154514
1770194776932,4125.80,1118.32,102744064,49856512,44385728,42.33,4155850
1770194777034,4126.11,1118.47,102744064,49856512,44387712,42.33,4155850
1770194777134,4127.85,1119.58,102793216,49856512,44497864,42.44,4156520
1770194777236,4128.89,1120.33,102907904,49856512,44606976,42.54,4157186
1770194777336,4129.20,1120.46,102662144,49856512,44608960,42.54,4157186
1770194777437,4132.59,1122.71,102858752,49856512,44826192,42.75,4158522
1770194777538,4132.81,1122.81,102875136,49856512,44828200,42.75,4158522
1770194777639,4135.36,1124.71,103088128,49856512,45045624,42.96,4168050
1770194777740,4135.55,1124.78,103088128,49856512,45047608,42.96,4168050
1770194777842,4135.88,1124.92,103088128,49856512,45049592,42.96,4168050
1770194777943,4140.90,1126.99,103333888,50118656,44013216,41.97,4169386
1770194778044,4141.20,1127.10,103333888,50118656,44015200,41.98,4169386
1770194778145,4144.10,1128.74,103333888,50118656,44232472,42.18,4144986
1770194778246,4144.29,1128.81,103333888,50118656,44234456,42.19,4144986
1770194778347,4144.46,1128.88,103333888,50118656,44236440,42.19,4144986
1770194778448,4170.44,1131.22,103383040,50118656,44456064,42.40,4146322
1770194778548,4170.73,1131.35,103383040,50118656,44458072,42.40,4146322
1770194778648,4173.47,1133.07,103383040,50118656,44673568,42.60,4155850
1770194778750,4173.67,1133.13,103383040,50118656,44675552,42.61,4155850
1770194778850,4173.94,1133.26,103383040,50118656,44677536,42.61,4155850
1770194778952,4179.47,1135.16,103399424,50118656,44893240,42.81,4157186
1770194779053,4179.75,1135.29,103399424,50118656,44895224,42.82,4157186
1770194779154,4186.96,1137.43,103399424,50118656,45110240,43.02,4158522
1770194779255,4211.12,1137.68,103432192,50118656,45112704,43.02,4158522
1770194779357,4211.42,1137.81,103432192,50118656,45114688,43.02,4158522
1770194779458,4214.61,1139.86,103432192,50118656,45326904,43.23,4159858
1770194779558,4214.79,1139.94,103432192,50118656,45328912,43.23,4159858
1770194779659,4221.87,1142.24,103448576,50118656,45541400,43.43,4169386
1770194779758,4222.09,1142.31,103448576,50118656,45543384,43.43,4169386
1770194779860,4222.39,1142.43,103448576,50118656,45545368,43.44,4169386
1770194779960,4226.45,1144.25,103645184,50118656,44260360,42.21,4170722
1770194780061,4226.76,1144.40,103645184,50118656,44262344,42.21,4170722
1770194780162,4234.13,1146.26,103645184,50118656,44480576,42.42,4145652
1770194780262,4234.34,1146.35,103645184,50118656,44482560,42.42,4145652
1770194780363,4234.77,1146.54,103645184,50118656,44484544,42.42,4145652
1770194780464,4245.33,1148.55,103661568,50118656,44698768,42.63,4146988
1770194780566,4245.64,1148.70,103661568,50118656,44700248,42.63,4146988
1770194780666,4248.51,1150.45,103661568,50118656,44912320,42.83,4156516
1770194780767,4248.67,1150.50,103661568,50118656,44913800,42.83,4156516
1770194780867,4248.96,1150.67,103661568,50118656,44915280,42.83,4156516
1770194780967,4257.38,1152.61,103661568,50118656,45128712,43.04,4157852
1770194781068,4257.63,1152.74,103661568,50118656,45130192,43.04,4157852
1770194781169,4260.59,1154.68,103661568,50118656,45341728,43.24,4159188
1770194781269,4260.84,1154.78,103661568,50118656,45343208,43.24,4159188
1770194781370,4261.14,1154.94,103661568,50118656,45344688,43.24,4159188
1770194781470,4266.06,1157.12,103677952,50118656,45556216,43.45,4160524
1770194781572,4266.34,1157.27,103677952,50118656,45557696,43.45,4160524
1770194781672,4269.17,1158.97,103694336,50118656,45769392,43.65,4170052
1770194781772,4269.33,1159.04,103694336,50118656,45770872,43.65,4170052
1770194781872,4269.58,1159.16,103694336,50118656,45772352,43.65,4170052
1770194781973,4273.49,1161.24,104185856,50642944,44523408,42.46,4171388
1770194782075,4273.81,1161.36,104185856,50642944,44524888,42.46,4171388
1770194782176,4291.00,1163.38,104235008,50642944,44737784,42.67,4144986
1770194782276,4291.17,1163.45,104235008,50642944,44739216,42.67,4144986
1770194782377,4291.42,1163.58,104235008,50642944,44740664,42.67,4144986
1770194782478,4296.51,1165.38,104235008,50642944,44952432,42.87,4146322
1770194782579,4296.63,1165.45,104235008,50642944,44953880,42.87,4146322
1770194782678,4298.49,1167.10,104235008,50642944,45165736,43.07,4155850
1770194782780,4298.70,1167.20,104235008,50642944,45167184,43.07,4155850
1770194782881,4298.88,1167.30,104235008,50642944,45168632,43.08,4155850
1770194782981,4301.09,1168.84,104235008,50642944,45380152,43.28,4157186
1770194783082,4305.66,1169.15,104267776,50642944,45411616,43.31,4157194
1770194783184,4309.09,1171.14,104267776,50642944,45623200,43.51,4158530
1770194783284,4309.26,1171.22,104267776,50642944,45624672,43.51,4158530
1770194783385,4309.43,1171.33,104267776,50642944,45626120,43.51,4158530
1770194783487,4311.60,1172.84,104267776,50642944,45837560,43.71,4159866
1770194783588,4311.85,1172.96,104267776,50642944,45839032,43.72,4159866
1770194783690,4313.95,1174.72,104284160,50642944,46050832,43.92,4169394
1770194783791,4314.14,1174.82,104284160,50642944,46052304,43.92,4169394
1770194783892,4314.41,1175.11,104284160,50642944,46053752,43.92,4169394
1770194783992,4318.01,1176.75,104546304,50905088,44814136,42.74,4170730
1770194784093,4318.32,1176.92,104546304,50905088,44815608,42.74,4170730
1770194784194,4321.46,1179.05,104546304,50905088,45027160,42.94,4145652
1770194784296,4321.72,1179.20,104546304,50905088,45028608,42.94,4145652
1770194784396,4321.96,1179.32,104546304,50905088,45030056,42.94,4145652
1770194784498,4338.86,1181.70,104579072,50905088,45242304,43.15,4146988
1770194784599,4339.13,1181.84,104579072,50905088,45243752,43.15,4146988
1770194784712,4427.97,1191.31,120537088,70565888,55693600,53.11,4144320
1770194784813,4616.12,1195.95,127647744,89440256,54617440,52.09,4125930
1770194784913,4616.22,1195.99,127647744,89440256,54618960,52.09,4125930
1770194785014,4760.62,1204.26,148963328,97304576,74575464,71.12,4127266
1770194785115,4760.73,1204.29,148963328,97304576,74576936,71.12,4127266
1770194785217,4765.27,1206.19,148963328,97304576,74791760,71.33,4128602
1770194785317,4765.52,1206.32,148963328,97304576,74793232,71.33,4128602
1770194785419,4765.80,1206.47,148963328,97304576,74794680,71.33,4128602
1770194785519,4768.80,1208.41,149078016,97304576,75008936,71.53,4129934
1770194785621,4769.08,1208.56,149078016,97304576,75010408,71.54,4129934
1770194785721,4771.00,1210.01,149274624,97304576,75225096,71.74,4139458
1770194785822,4771.17,1210.12,149291008,97304576,75226568,71.74,4139458
1770194785922,4771.36,1210.20,149291008,97304576,75228016,71.74,4139458
1770194786022,4774.12,1212.11,149504000,97304576,75442400,71.95,4140790
1770194786123,4774.39,1212.23,149504000,97304576,75443872,71.95,4140790
1770194786225,4778.74,1214.29,149733376,97304576,75658456,72.15,4142122
1770194786325,4779.04,1214.45,149733376,97304576,75659928,72.15,4142122
1770194786427,4779.27,1214.61,149733376,97304576,75661376,72.16,4142122
1770194786527,4783.38,1216.15,149946368,97304576,75876000,72.36,4143454
1770194786629,4783.57,1216.26,149946368,97304576,75877472,72.36,4143454
1770194786730,4786.42,1218.28,150142976,97304576,76092104,72.57,4152978
1770194786830,4786.71,1218.43,150142976,97304576,76093576,72.57,4152978
1770194786932,4787.00,1218.59,150142976,97304576,76095024,72.57,4152978
1770194787032,4790.07,1220.59,150388736,97304576,76309416,72.77,4154310
1770194787133,4790.29,1220.72,150388736,97304576,76310888,72.78,4154310
1770194787234,4802.51,1223.38,151699456,98877440,63411920,60.47,4155642
1770194787335,4802.78,1223.54,151699456,98877440,63413392,60.48,4155642
1770194787437,4802.96,1223.66,151699456,98877440,63414840,60.48,4155642
1770194787537,4805.42,1225.50,151699456,98877440,63629248,60.68,4138126
1770194787639,4805.70,1225.65,151699456,98877440,63630720,60.68,4138126
1770194787740,4808.54,1227.53,151715840,98877440,63845336,60.89,4147650
1770194787841,4808.71,1227.62,151715840,98877440,63846808,60.89,4147650
1770194787941,4808.94,1227.74,151715840,98877440,63848256,60.89,4147650
1770194788043,4811.60,1229.56,151715840,98877440,64062504,61.09,4148984
1770194788144,4811.77,1229.67,151715840,98877440,64063976,61.10,4148984
1770194788244,4813.76,1231.52,151715840,98877440,64278224,61.30,4150318
1770194788345,4813.90,1231.59,151715840,98877440,64279696,61.30,4150318
1770194788447,4814.04,1231.69,151715840,98877440,64281144,61.30,4150318
1770194788547,4815.98,1233.62,151715840,98877440,64495296,61.51,4151652
1770194788649,4816.13,1233.71,151715840,98877440,64496768,61.51,4151652
1770194788750,4818.09,1235.30,151715840,98877440,64711248,61.71,4161178
1770194788850,4818.20,1235.37,151715840,98877440,64712720,61.71,4161178
1770194788952,4819.69,1236.71,151715840,98877440,64821048,61.82,4161847
1770194789054,4820.44,1237.40,151715840,98877440,64928336,61.92,4162512
1770194789154,4820.59,1237.49,151715840,98877440,64929808,61.92,4162512
1770194789255,4822.74,1239.30,151732224,98877440,65144040,62.13,4163846
1770194789355,4822.88,1239.38,151732224,98877440,65145512,62.13,4163846
1770194789455,4825.65,1241.03,151732224,98877440,65359704,62.33,4165180
1770194789556,4829.30,1241.11,151732224,98877440,65361912,62.33,4165180
1770194789657,4829.44,1241.20,151732224,98877440,65363360,62.34,4165180
1770194789758,4831.33,1242.72,151732224,98877440,65577808,62.54,4174706
1770194789860,4831.48,1242.81,151732224,98877440,65579280,62.54,4174706
1770194789959,4834.33,1244.52,151748608,98877440,65793408,62.75,4176040
1770194790060,4834.41,1244.57,151748608,98877440,65794880,62.75,4176040
1770194790161,4834.58,1244.66,151748608,98877440,65796328,62.75,4176040
1770194790261,4836.73,1246.43,151748608,98877440,66010176,62.95,4177374
1770194790363,4836.88,1246.53,151748608,98877440,66011648,62.95,4177374
1770194790462,4839.41,1248.34,151748608,98877440,66225584,63.16,4178708
1770194790564,4839.52,1248.39,151748608,98877440,66227056,63.16,4178708
1770194790664,4839.72,1248.51,151748608,98877440,66228504,63.16,4178708
1770194790766,4849.87,1250.70,151781376,98877440,66442976,63.36,4188234
1770194790866,4850.07,1250.80,151781376,98877440,66444448,63.37,4188234
1770194790966,4852.24,1252.51,151781376,98877440,66655568,63.57,4189568
1770194791067,4852.36,1252.57,151781376,98877440,66657040,63.57,4189568
1770194791167,4852.59,1252.66,151781376,98877440,66658488,63.57,4189568
1770194791268,4855.08,1254.33,151781376,98877440,66869616,63.77,4190902
1770194791370,4855.29,1254.43,151781376,98877440,66871088,63.77,4190902
1770194791470,4857.74,1256.47,151781376,98877440,67082192,63.97,4192236
1770194791571,4857.91,1256.54,151781376,98877440,67083664,63.98,4192236
1770194791673,4858.17,1256.68,151781376,98877440,67085112,63.98,4192236
1770194791774,4861.04,1258.51,151797760,98877440,67296584,64.18,4201762
1770194791874,4861.24,1258.62,151797760,98877440,67298056,64.18,4201762
1770194791975,4863.42,1259.89,151797760,98877440,67404960,64.28,4202431
1770194792077,4864.40,1260.55,151797760,98877440,67510760,64.38,4203096
1770194792178,4864.52,1260.62,151797760,98877440,67512232,64.38,4203096
1770194792279,4866.00,1261.95,150863872,98877440,67723392,64.59,4204430
1770194792380,4866.22,1262.07,150863872,98877440,67724864,64.59,4204430
1770194792481,4868.09,1263.62,144932864,98877440,67936624,64.79,4205764
1770194792582,4868.17,1263.65,140935168,98877440,67938096,64.79,4205764
1770194792683,4868.29,1263.72,137478144,98877440,67939544,64.79,4205764
1770194792784,4869.71,1264.93,136003584,98877440,68150896,64.99,4215290
1770194792884,4936.99,1275.94,104726528,52477952,42140144,40.19,4125930
1770194792984,4939.45,1277.18,104742912,52477952,42645512,40.67,4127264
1770194793084,4939.70,1277.31,104742912,52477952,42646984,40.67,4127264
1770194793186,4939.99,1277.42,104742912,52477952,42648432,40.67,4127264
1770194793286,4949.21,1279.53,104759296,52477952,42883120,40.90,4128598
1770194793387,4949.45,1279.66,104759296,52477952,42884592,40.90,4128598
1770194793487,4979.60,1282.59,104759296,52477952,43107008,41.11,4129932
1770194793588,5037.54,1288.54,100483072,47759360,42104520,40.15,4127264
1770194793690,5037.93,1288.70,100483072,47759360,42105992,40.16,4127264
1770194793790,5041.17,1290.71,100712448,47759360,42499608,40.53,4136790
1770194793891,5041.47,1290.88,100712448,47759360,42501080,40.53,4136790
1770194793992,5044.34,1292.69,100925440,47759360,42726104,40.75,4138124
1770194794094,5044.59,1292.83,100941824,47759360,42727576,40.75,4138124
1770194794194,5117.09,1296.28,100564992,46972928,41959288,40.02,4125930
1770194794294,5126.00,1298.15,100794368,46972928,42249544,40.29,4127264
1770194794394,5126.28,1298.30,100810752,46972928,42251016,40.29,4127264
1770194794495,5129.36,1300.32,101023744,46972928,42476656,40.51,4128598
1770194794595,5129.63,1300.43,101023744,46972928,42478128,40.51,4128598
1770194794696,5129.96,1300.60,101023744,46972928,42479576,40.51,4128598
1770194794797,5133.69,1302.92,101253120,46972928,42705368,40.73,4138124
1770194794899,5133.93,1303.03,101253120,46972928,42706840,40.73,4138124
1770194794999,5138.22,1305.81,101810176,50118656,42067088,40.12,4139458
1770194795099,5138.42,1305.90,101810176,50118656,42068560,40.12,4139458
1770194795200,5138.88,1306.19,101810176,50118656,42070008,40.12,4139458
1770194795301,5144.63,1308.54,102023168,50118656,42325112,40.36,4137455
1770194795402,5144.93,1308.71,102023168,50118656,42326584,40.37,4137455
1770194795503,5149.68,1311.32,102236160,50118656,42578184,40.61,4138789
1770194795604,5149.96,1311.46,102236160,50118656,42579656,40.61,4138789
1770194795705,5150.25,1311.63,102236160,50118656,42581104,40.61,4138789
1770194795806,5153.41,1313.61,102449152,50118656,42806728,40.82,4148315
1770194795906,5153.65,1313.79,102465536,50118656,42808200,40.83,4148315
1770194796008,5155.85,1315.82,102678528,50118656,43033584,41.04,4149649
1770194796108,5156.11,1315.93,102678528,50118656,43035056,41.04,4149649
1770194796209,5156.37,1316.06,102678528,50118656,43036504,41.04,4149649
1770194796310,5159.12,1317.88,102891520,50118656,43261872,41.26,4150983
1770194796412,5159.43,1318.04,102891520,50118656,43263344,41.26,4150983
1770194796513,5161.34,1319.34,103104512,50118656,43488824,41.47,4152317
1770194796614,5161.46,1319.39,103104512,50118656,43490296,41.48,4152317
1770194796714,5161.69,1319.54,103104512,50118656,43491744,41.48,4152317
1770194796815,5164.30,1321.15,103333888,50118656,43717336,41.69,4161843
1770194796917,5164.57,1321.30,103333888,50118656,43718808,41.69,4161843
1770194797018,5168.86,1323.10,103546880,50118656,42380280,40.42,4163177
1770194797118,5169.10,1323.20,103546880,50118656,42381752,40.42,4163177
1770194797219,5169.35,1323.33,103546880,50118656,42383200,40.42,4163177
1770194797319,5172.18,1325.23,103546880,50118656,42608568,40.63,4136790
1770194797420,5172.47,1325.39,103546880,50118656,42610040,40.64,4136790
1770194797521,5181.57,1327.33,103628800,50118656,43100568,41.10,4138124
1770194797622,5181.78,1327.41,103628800,50118656,43102016,41.11,4138124
1770194797723,5182.05,1327.54,103628800,50118656,43103464,41.11,4138124
1770194797825,5185.26,1329.59,103628800,50118656,43328944,41.32,4147650
1770194797925,5185.54,1329.73,103628800,50118656,43330416,41.32,4147650
1770194798025,5190.51,1331.87,103858176,50118656,43555832,41.54,4148984
1770194798125,5190.77,1331.98,103858176,50118656,43557304,41.54,4148984
1770194798227,5191.04,1332.17,103858176,50118656,43558752,41.54,4148984
1770194798328,5194.31,1334.23,104087552,50118656,43783648,41.76,4150318
1770194798428,5194.57,1334.35,104087552,50118656,43785120,41.76,4150318
1770194798529,5197.71,1336.51,104300544,50118656,44010120,41.97,4151652
1770194798629,5197.89,1336.58,104300544,50118656,44011592,41.97,4151652
1770194798731,5198.12,1336.70,104300544,50118656,44013040,41.97,4151652
1770194798831,5206.92,1338.88,104513536,50118656,44238240,42.19,4161178
1770194798933,5207.19,1339.04,104529920,50118656,44239712,42.19,4161178
1770194799033,5215.36,1341.12,104628224,50118656,43001536,41.01,4162512
1770194799133,5215.51,1341.21,104628224,50118656,43003008,41.01,4162512
1770194799234,5215.70,1341.32,104628224,50118656,43004456,41.01,4162512
1770194799336,5218.85,1343.29,104644608,50118656,43228704,41.23,4137455
1770194799436,5219.08,1343.41,104644608,50118656,43230152,41.23,4137455
1770194799537,5223.14,1345.23,104644608,50118656,43454520,41.44,4138789
1770194799638,5223.35,1345.33,104644608,50118656,43455968,41.44,4138789
1770194799740,5223.59,1345.43,104644608,50118656,43457416,41.44,4138789
1770194799840,5226.57,1347.16,104644608,50118656,43681832,41.66,4148315
1770194799942,5226.77,1347.27,104644608,50118656,43683304,41.66,4148315
1770194800042,5229.59,1349.02,104644608,50118656,43907544,41.87,4149649
1770194800143,5229.79,1349.12,104644608,50118656,43908992,41.87,4149649
1770194800243,5230.05,1349.25,104644608,50118656,43910440,41.88,4149649
1770194800344,5233.86,1351.64,104644608,50118656,44134816,42.09,4150983
1770194800445,5234.15,1351.79,104644608,50118656,44136264,42.09,4150983
1770194800546,5241.15,1353.81,104660992,50118656,44360824,42.31,4152317
1770194800648,5241.38,1353.92,104660992,50118656,44362272,42.31,4152317
1770194800748,5241.62,1354.07,104660992,50118656,44363720,42.31,4152317
1770194800850,5244.70,1355.59,104660992,50118656,43144320,41.15,4161843
1770194800950,5244.96,1355.72,104660992,50118656,43145768,41.15,4161843
1770194801052,5247.93,1357.59,104660992,50118656,43370000,41.36,4136790
1770194801153,5248.18,1357.72,104660992,50118656,43371448,41.36,4136790
1770194801254,5248.47,1357.88,104660992,50118656,43372896,41.36,4136790
1770194801355,5251.37,1359.83,104660992,50118656,43597128,41.58,4138124
1770194801455,5251.50,1359.88,104660992,50118656,43598576,41.58,4138124
1770194801556,5253.77,1361.32,104660992,50118656,43822760,41.79,4139458
1770194801658,5253.96,1361.42,104660992,50118656,43824208,41.79,4139458
1770194801758,5254.24,1361.55,104660992,50118656,43825656,41.80,4139458
1770194801858,5256.80,1363.09,104660992,50118656,44050072,42.01,4148984
1770194801959,5257.08,1363.32,104660992,50118656,44051520,42.01,4148984
1770194802060,5260.02,1365.23,104660992,50118656,44277856,42.23,4150318
1770194802162,5260.29,1365.33,104660992,50118656,44279304,42.23,4150318
1770194802263,5260.51,1365.46,104660992,50118656,44280752,42.23,4150318
1770194802364,5264.82,1367.62,104660992,50118656,43356888,41.35,4151652
1770194802465,5265.08,1367.77,104660992,50118656,43358336,41.35,4151652
1770194802565,5267.90,1369.59,104660992,50118656,43584632,41.57,4136790
1770194802667,5268.19,1369.77,104660992,50118656,43586080,41.57,4136790
1770194802768,5268.42,1369.88,104660992,50118656,43587528,41.57,4136790
1770194802868,5270.29,1371.85,104660992,50118656,43814752,41.79,4146316
1770194802970,5270.48,1371.93,104660992,50118656,43816224,41.79,4146316
1770194803071,5275.21,1373.93,104677376,50118656,44046560,42.01,4147650
1770194803171,5275.44,1374.06,104677376,50118656,44048008,42.01,4147650
1770194803272,5275.73,1374.21,104677376,50118656,44049456,42.01,4147650
1770194803374,5282.31,1376.41,104677376,50118656,44276800,42.23,4148984
1770194803475,5282.54,1376.53,104677376,50118656,44278248,42.23,4148984
1770194803576,5285.31,1378.41,104677376,50118656,44507664,42.45,4150318
1770194803677,5285.59,1378.53,104677376,50118656,44509112,42.45,4150318
1770194803779,5285.85,1378.66,104677376,50118656,44510560,42.45,4150318
1770194803879,5288.85,1380.47,104677376,50118656,44737248,42.66,4159844
1770194803981,5289.14,1380.62,104677376,50118656,44738720,42.67,4159844
1770194804080,5295.90,1382.61,104677376,50118656,44977488,42.89,4161178
1770194804182,5296.13,1382.73,104677376,50118656,44978936,42.90,4161178
1770194804283,5296.39,1382.85,104677376,50118656,44980384,42.90,4161178
1770194804384,5303.70,1385.19,104677376,50118656,43666984,41.64,4162512
1770194804484,5303.98,1385.32,104677376,50118656,43668432,41.65,4162512
1770194804586,5316.64,1387.51,104677376,50118656,43900248,41.87,4137455
1770194804686,5316.90,1387.64,104677376,50118656,43901696,41.87,4137455
1770194804787,5317.19,1387.80,104677376,50118656,43903144,41.87,4137455
1770194804889,5322.93,1389.52,104677376,50118656,44127664,42.08,4146981
1770194804989,5323.21,1389.65,104677376,50118656,44129136,42.08,4146981
1770194805089,5325.09,1391.14,104677376,50118656,44345000,42.29,4148315
1770194805190,5325.38,1391.32,104677376,50118656,44346448,42.29,4148315
1770194805292,5325.64,1391.43,104677376,50118656,44347896,42.29,4148315
1770194805392,5330.59,1393.19,104693760,50118656,44570720,42.51,4149649
1770194805493,5330.85,1393.31,104693760,50118656,44572168,42.51,4149649
1770194805595,5333.69,1395.20,104693760,50118656,44787520,42.71,4150983
1770194805695,5333.99,1395.35,104693760,50118656,44788968,42.71,4150983
1770194805796,5334.26,1395.51,104693760,50118656,44790416,42.72,4150983
1770194805898,5341.41,1397.52,104693760,50118656,45012448,42.93,4160509
1770194805999,5341.58,1397.58,104693760,50118656,45013920,42.93,4160509
1770194806101,5345.11,1399.59,104726528,50380800,45486240,43.38,4161843
1770194806200,5345.38,1399.72,104726528,50380800,45487688,43.38,4161843
1770194806302,5347.96,1399.94,104726528,50380800,45489136,43.38,4161843
1770194806402,5358.76,1402.59,105152512,54837248,44310864,42.26,4163177
1770194806503,5359.05,1402.74,105152512,54837248,44312312,42.26,4163177
1770194806604,5361.97,1404.56,105152512,54837248,44528016,42.47,4137455
1770194806705,5362.23,1404.67,105152512,54837248,44529464,42.47,4137455
1770194806807,5362.50,1404.80,105152512,54837248,44530912,42.47,4137455
1770194806908,5365.06,1406.70,105168896,54837248,44746376,42.67,4146981
1770194807008,5365.35,1406.84,105168896,54837248,44747824,42.67,4146981
1770194807109,5368.63,1408.67,105168896,54837248,44963032,42.88,4148315
1770194807210,5368.87,1408.78,105168896,54837248,44964480,42.88,4148315
1770194807312,5369.13,1408.90,105168896,54837248,44965928,42.88,4148315
1770194807413,5379.81,1410.83,105168896,54837248,45185088,43.09,4149649
1770194807512,5380.06,1410.94,105168896,54837248,45186536,43.09,4149649
1770194807613,5382.95,1412.74,105168896,54837248,45401440,43.30,4150983
1770194807713,5383.20,1412.87,105168896,54837248,45402888,43.30,4150983
1770194807814,5383.48,1413.00,105168896,54837248,45404336,43.30,4150983
1770194807916,5386.54,1415.01,105185280,54837248,45619488,43.51,4160509
1770194808016,5386.70,1415.09,105185280,54837248,45620936,43.51,4160509
1770194808117,5389.63,1417.06,105185280,54837248,45836024,43.71,4161843
1770194808219,5389.94,1417.23,105185280,54837248,45837472,43.71,4161843
1770194808319,5390.24,1417.33,105185280,54837248,45838920,43.72,4161843
1770194808420,5392.98,1419.11,105299968,54837248,46053872,43.92,4163177
1770194808522,5393.27,1419.23,105299968,54837248,46055320,43.92,4163177
1770194808622,5417.18,1421.16,105545728,54837248,46271504,44.13,4164511
1770194808724,5417.43,1421.25,105545728,54837248,46272976,44.13,4164511
1770194808824,5417.72,1421.37,105545728,54837248,46274424,44.13,4164511
1770194808925,5420.62,1423.22,105742336,54837248,46487952,44.33,4174037
1770194809026,5420.91,1423.34,105742336,54837248,46489424,44.34,4174037
1770194809128,5457.05,1426.01,106266624,54837248,46703288,44.54,4175371
1770194809229,5457.23,1426.10,106266624,54837248,46704760,44.54,4175371
1770194809328,5458.68,1427.07,106364928,54837248,46811232,44.64,4176040
1770194809429,5459.77,1427.87,106496000,54837248,46916680,44.74,4176705
1770194809531,5460.06,1428.02,106496000,54837248,46918152,44.74,4176705
1770194809632,5463.00,1430.04,106692608,54837248,47128640,44.95,4178039
1770194809732,5463.28,1430.15,106692608,54837248,47130112,44.95,4178039
1770194809832,5467.38,1431.27,106790912,54837248,47236552,45.05,4178708
1770194809932,5470.48,1432.30,106905600,54837248,47342320,45.15,4187565
1770194810033,5470.77,1432.41,106905600,54837248,47343792,45.15,4187565
1770194810134,5473.43,1434.31,107102208,54837248,47554368,45.35,4188899
1770194810236,5473.60,1434.41,107102208,54837248,47555840,45.35,4188899
1770194810335,5475.65,1435.63,107216896,54837248,47662264,45.45,4189568
1770194810436,5476.64,1436.33,107331584,54837248,47767704,45.55,4190233
1770194810538,5476.89,1436.43,107331584,54837248,47769176,45.56,4190233
1770194810638,5482.71,1439.89,102694912,48021504,44851000,42.77,4191569
1770194810737,5482.91,1440.00,102694912,48021504,44852472,42.77,4191569
1770194810839,5485.06,1441.36,102694912,48021504,44958896,42.88,4136126
1770194810939,5486.08,1442.07,102694912,48021504,45064568,42.98,4144984
1770194811041,5486.32,1442.24,102678528,48021504,45066040,42.98,4144984
1770194811141,5487.41,1443.12,102678528,48021504,45276608,43.18,4146320
1770194811242,5487.52,1443.17,102678528,48021504,45278080,43.18,4146320
1770194811343,5491.52,1445.01,102678528,48021504,45488560,43.38,4147656
1770194811444,5491.64,1445.08,102678528,48021504,45490032,43.38,4147656
1770194811544,5491.80,1445.15,102678528,48021504,45491480,43.38,4147656
1770194811645,5494.92,1446.99,101826560,48021504,44901432,42.82,4148992
1770194811746,5495.14,1447.12,101826560,48021504,44902904,42.82,4148992
1770194811846,5497.37,1448.84,102023168,48021504,45113632,43.02,4145650
1770194811947,5497.56,1448.93,102023168,48021504,45115104,43.03,4145650
1770194812049,5497.85,1449.08,102023168,48021504,45116552,43.03,4145650
1770194812150,5500.25,1450.62,102252544,48021504,45327064,43.23,4146986
1770194812250,5500.53,1450.77,102252544,48021504,45328536,43.23,4146986
1770194812350,5505.46,1452.98,102449152,48021504,45539024,43.43,4148322
1770194812451,5505.67,1453.09,102449152,48021504,45540496,43.43,4148322
1770194812551,5505.91,1453.20,102449152,48021504,45541944,43.43,4148322
1770194812653,5510.35,1455.77,103120896,51167232,45040016,42.95,4149658
1770194812753,5510.63,1455.90,103120896,51167232,45041488,42.95,4149658
1770194812853,5513.20,1457.80,103333888,51167232,45252224,43.16,4145650
1770194812954,5513.39,1457.89,103333888,51167232,45253672,43.16,4145650
1770194813056,5513.93,1458.07,103333888,51167232,45255872,43.16,4145650
1770194813156,5517.06,1460.09,103530496,51167232,45466368,43.36,4146986
1770194813257,5517.33,1460.20,103530496,51167232,45467816,43.36,4146986
1770194813358,5519.59,1462.42,103432192,51167232,45678256,43.56,4148322
1770194813459,5519.75,1462.50,103432192,51167232,45679704,43.56,4148322
1770194813561,5520.01,1462.61,103432192,51167232,45681152,43.56,4148322
1770194813661,5522.31,1464.55,103628800,51167232,45891600,43.77,4149658
1770194813762,5522.55,1464.67,103645184,51167232,45893048,43.77,4149658
1770194813863,5525.73,1466.81,103841792,51167232,46103744,43.97,4159186
1770194813964,5525.90,1466.88,103841792,51167232,46105216,43.97,4159186
1770194814065,5526.17,1467.05,103858176,51167232,46106664,43.97,4159186
1770194814166,5528.68,1468.90,104054784,51167232,46317128,44.17,4160522
1770194814268,5528.97,1469.07,104054784,51167232,46318600,44.17,4160522
1770194814367,5533.09,1471.69,104382464,51429376,45303800,43.21,4161858
1770194814468,5533.28,1471.76,104382464,51429376,45305272,43.21,4161858
1770194814569,5533.58,1471.92,104382464,51429376,45306720,43.21,4161858
1770194814670,5536.18,1473.70,104382464,51429376,45517200,43.41,4136792
1770194814772,5536.44,1473.84,104382464,51429376,45518672,43.41,4136792
1770194814898,5597.09,1482.52,123420672,70369280,57837192,55.16,4136126
1770194814999,5868.23,1492.02,152453120,98353152,75807168,72.30,4134788
1770194815100,5868.34,1492.07,152453120,98353152,75808640,72.30,4134788
1770194815201,5870.17,1492.90,152453120,98353152,76030728,72.51,4136124
1770194815302,5870.45,1493.05,152453120,98353152,76032200,72.51,4136124
1770194815404,5873.52,1495.12,152453120,98353152,76247024,72.71,4137460
1770194815503,5873.76,1495.24,152453120,98353152,76248496,72.72,4137460
1770194815604,5873.97,1495.35,152453120,98353152,76249944,72.72,4137460
1770194815705,5875.72,1496.74,152469504,98353152,76465120,72.92,4138796
1770194815805,5875.83,1496.80,152469504,98353152,76466592,72.92,4138796
1770194815906,5877.51,1498.12,152469504,98353152,76681664,73.13,4148324
1770194816008,5877.75,1498.26,152469504,98353152,76683136,73.13,4148324
1770194816109,5877.98,1498.37,152469504,98353152,76684584,73.13,4148324
1770194816210,5880.76,1500.27,152469504,98353152,76899432,73.34,4149660
1770194816312,5881.04,1500.44,152469504,98353152,76900904,73.34,4149660
1770194816412,5885.38,1501.91,152469504,98353152,77115856,73.54,4150996
1770194816513,5885.49,1501.98,152469504,98353152,77117328,73.54,4150996
1770194816613,5885.61,1502.04,152469504,98353152,77118776,73.55,4150996
1770194816715,5888.21,1504.12,152485888,98353152,77333656,73.75,4152332
1770194816815,5888.48,1504.25,152485888,98353152,77335128,73.75,4152332
1770194816916,5898.03,1507.70,153600000,99663872,64049032,61.08,4161860
1770194817017,5898.29,1507.84,153600000,99663872,64050504,61.08,4161860
1770194817118,5898.60,1507.98,153600000,99663872,64051952,61.08,4161860
1770194817219,5901.46,1509.81,153600000,99663872,64266768,61.29,4145652
1770194817320,5901.77,1509.96,153600000,99663872,64268240,61.29,4145652
1770194817422,5913.80,1512.16,153616384,99663872,64483336,61.50,4146988
1770194817522,5914.08,1512.32,153616384,99663872,64484808,61.50,4146988
1770194817624,5914.39,1512.51,153616384,99663872,64486256,61.50,4146988
1770194817724,5917.64,1514.47,153616384,99663872,64701088,61.70,4148324
1770194817825,5917.88,1514.60,153616384,99663872,64702536,61.71,4148324
1770194817926,5920.69,1516.42,153616384,99663872,64917592,61.91,4157852
1770194818028,5920.98,1516.58,153616384,99663872,64919064,61.91,4157852
1770194818129,5921.29,1516.75,153616384,99663872,64920512,61.91,4157852
1770194818230,5924.00,1518.54,153616384,99663872,65135408,62.12,4159188
1770194818332,5924.28,1518.69,153616384,99663872,65136864,62.12,4159188
1770194818432,5927.14,1520.65,153616384,99663872,65351744,62.32,4160524
1770194818533,5927.42,1520.80,153616384,99663872,65353216,62.33,4160524
1770194818635,5927.72,1520.95,153616384,99663872,65354664,62.33,4160524
1770194818736,5930.65,1522.71,153632768,99663872,65569512,62.53,4161860
1770194818836,5930.88,1522.86,153632768,99663872,65570960,62.53,4161860
1770194818937,5933.46,1524.59,153632768,99663872,65786168,62.74,4171388
1770194819038,5933.70,1524.75,153632768,99663872,65787640,62.74,4171388
1770194819141,5935.58,1525.92,153632768,99663872,65896232,62.84,4172058
1770194819242,5936.48,1526.63,153632768,99663872,66003928,62.95,4172724
1770194819342,5936.71,1526.76,153632768,99663872,66005400,62.95,4172724
1770194819444,5938.32,1527.93,153632768,99663872,66220312,63.15,4174060
1770194819544,5938.61,1528.07,153632768,99663872,66221784,63.15,4174060
1770194819645,5940.15,1529.38,153632768,99663872,66436640,63.36,4175396
1770194819746,5940.26,1529.44,153632768,99663872,66438112,63.36,4175396
1770194819848,5940.41,1529.54,153632768,99663872,66439560,63.36,4175396
1770194819949,5945.03,1531.30,153649152,99663872,66654656,63.57,4184924
1770194820050,5945.14,1531.36,153649152,99663872,66656128,63.57,4184924
1770194820151,5948.59,1533.08,153649152,99663872,66871008,63.77,4186260
1770194820253,5948.76,1533.18,153649152,99663872,66872480,63.77,4186260
1770194820353,5949.01,1533.32,153649152,99663872,66873928,63.78,4186260
1770194820453,5954.99,1535.51,153681920,99663872,67088536,63.98,4187596
1770194820554,5955.16,1535.62,153681920,99663872,67090008,63.98,4187596
1770194820654,5957.12,1537.11,153681920,99663872,67304432,64.19,4188932
1770194820755,5957.27,1537.17,153681920,99663872,67305904,64.19,4188932
1770194820857,5957.48,1537.31,153681920,99663872,67307352,64.19,4188932
1770194820957,5968.52,1539.61,153681920,99663872,67631096,64.50,4198460
1770194821058,5968.71,1539.70,153681920,99663872,67632568,64.50,4198460
1770194821159,5971.24,1541.33,153681920,99663872,67844376,64.70,4199796
1770194821260,5971.42,1541.41,153681920,99663872,67845848,64.70,4199796
1770194821361,5971.68,1541.53,153681920,99663872,67847296,64.70,4199796
1770194821462,5973.91,1543.48,153681920,99663872,68059104,64.91,4201132
1770194821563,5974.16,1543.63,153681920,99663872,68060576,64.91,4201132
1770194821664,5978.42,1545.33,153698304,99663872,68272584,65.11,4202468
1770194821766,5978.64,1545.43,153698304,99663872,68274056,65.11,4202468
1770194821866,5978.94,1545.57,153698304,99663872,68275504,65.11,4202468
1770194821968,5986.70,1547.38,153698304,99663872,68488088,65.32,4211996
1770194822068,5986.81,1547.44,153698304,99663872,68489560,65.32,4211996
1770194822168,5990.31,1549.47,153698304,99663872,68701608,65.52,4213332
1770194822270,5990.47,1549.61,153698304,99663872,68703080,65.52,4213332
1770194822370,5990.63,1549.71,153698304,99663872,68704528,65.52,4213332
1770194822472,5992.30,1551.12,153698304,99663872,68916152,65.72,4214668
1770194822573,5992.43,1551.21,153698304,99663872,68917624,65.72,4214668
1770194822674,5994.94,1553.17,153436160,99663872,69129120,65.93,4216004
1770194822775,5995.11,1553.28,153436160,99663872,69130592,65.93,4216004
1770194822876,5995.38,1553.48,153436160,99663872,69132040,65.93,4216004
1770194822976,5998.67,1555.59,153436160,99663872,69343744,66.13,4225532
1770194823077,6076.93,1567.85,111951872,57458688,42355800,40.39,4134122
1770194823178,6080.51,1569.59,111951872,57458688,42843152,40.86,4135458
1770194823280,6080.76,1569.71,111951872,57458688,42844624,40.86,4135458
1770194823380,6080.90,1569.81,105431040,57458688,42846072,40.86,4135458
1770194823481,6081.80,1570.42,105431040,57458688,43071120,41.08,4136794
1770194823582,6081.94,1570.46,105398272,57458688,43072592,41.08,4136794
1770194823683,6152.90,1576.85,95109120,47497216,42411320,40.45,4135458
1770194823784,6153.06,1576.91,94339072,47497216,42412832,40.45,4135458
1770194823885,6153.20,1577.01,94339072,47497216,42414272,40.45,4135458
1770194823986,6154.93,1578.65,94519296,47497216,42639568,40.66,4144986
1770194824086,6155.05,1578.72,94519296,47497216,42641032,40.67,4144986
1770194824187,6171.29,1580.48,94748672,47497216,42950080,40.96,4146322
1770194824288,6236.11,1584.07,93962240,47235072,42113784,40.16,4134122
1770194824389,6236.37,1584.19,93962240,47235072,42209856,40.25,4134122
1770194824490,6239.23,1586.03,94224384,47235072,42457736,40.49,4135458
1770194824591,6239.41,1586.14,94224384,47235072,42459200,40.49,4135458
1770194824693,6242.44,1588.20,94437376,47235072,42684240,40.71,4136794
1770194824793,6242.61,1588.32,94437376,47235072,42685704,40.71,4136794
1770194824894,6242.77,1588.40,94437376,47235072,42687144,40.71,4136794
1770194824995,6248.91,1590.86,94994432,50380800,42209296,40.25,4146322
1770194825095,6249.13,1590.99,94994432,50380800,42210760,40.26,4146322
1770194825197,6265.50,1593.32,95223808,50380800,42624576,40.65,4144986
1770194825297,6265.67,1593.40,95223808,50380800,42626040,40.65,4144986
1770194825398,6265.92,1593.52,95223808,50380800,42627480,40.65,4144986
1770194825499,6271.53,1595.33,95485952,50380800,42852888,40.87,4146322
1770194825600,6271.78,1595.51,95485952,50380800,42854328,40.87,4146322
1770194825701,6274.27,1597.39,95698944,50380800,43079368,41.08,4147658
1770194825802,6274.57,1597.53,95698944,50380800,43080832,41.09,4147658
1770194825902,6274.82,1597.67,95715328,50380800,43082272,41.09,4147658
1770194826003,6279.32,1599.75,95928320,50380800,43307560,41.30,4157186
1770194826103,6279.52,1599.81,95928320,50380800,43309024,41.30,4157186
1770194826204,6282.00,1601.80,96141312,50380800,43533728,41.52,4158522
1770194826304,6282.28,1601.94,96141312,50380800,43535192,41.52,4158522
1770194826405,6282.52,1602.05,96141312,50380800,43536632,41.52,4158522
1770194826507,6289.66,1603.94,96387072,50380800,43761336,41.73,4159858
1770194826608,6289.84,1604.03,96387072,50380800,43762800,41.74,4159858
1770194826709,6292.30,1606.05,96600064,50380800,43987592,41.95,4161194
1770194826810,6292.42,1606.12,96600064,50380800,43989056,41.95,4161194
1770194826911,6292.58,1606.23,96272384,50380800,43990496,41.95,4161194
1770194827012,6299.51,1607.97,96468992,50380800,44221480,42.17,4170722
1770194827113,6299.66,1608.07,96468992,50380800,44222944,42.17,4170722
1770194827214,6304.87,1609.73,96534528,50380800,42838760,40.85,4144986
1770194827315,6304.98,1609.78,96370688,50380800,42840200,40.86,4144986
1770194827417,6305.12,1609.90,96370688,50380800,42841640,40.86,4144986
1770194827518,6307.97,1611.59,96370688,50380800,43225784,41.22,4146322
1770194827619,6308.13,1611.71,96370688,50380800,43227224,41.22,4146322
1770194827720,6315.25,1613.93,93208576,50380800,43451600,41.44,4147658
1770194827821,6315.45,1614.05,92684288,50380800,43453040,41.44,4147658
1770194827922,6315.68,1614.18,92684288,50380800,43454480,41.44,4147658
1770194828023,6318.72,1616.31,92897280,50380800,43678640,41.66,4157186
1770194828125,6318.98,1616.43,92897280,50380800,43680080,41.66,4157186
1770194828225,6323.71,1618.46,93110272,50380800,43904184,41.87,4158522
1770194828326,6323.93,1618.58,93110272,50380800,43905624,41.87,4158522
1770194828428,6324.13,1618.71,93110272,50380800,43907064,41.87,4158522
1770194828529,6325.64,1619.50,93323264,50380800,44130816,42.09,4159858
1770194828629,6325.94,1619.69,93339648,50380800,44132256,42.09,4159858
1770194828730,6328.72,1621.50,93552640,50380800,44355856,42.30,4161194
1770194828831,6329.01,1621.65,93552640,50380800,44357296,42.30,4161194
1770194828933,6329.30,1621.81,93552640,50380800,44358736,42.30,4161194
1770194829034,6334.07,1623.64,93798400,50380800,43116432,41.12,4170722
1770194829135,6334.24,1623.75,93798400,50380800,43117872,41.12,4170722
1770194829237,6336.82,1625.59,93798400,50380800,43341480,41.33,4145652
1770194829337,6336.96,1625.67,93798400,50380800,43342944,41.34,4145652
1770194829438,6337.18,1625.78,93798400,50380800,43344384,41.34,4145652
1770194829539,6339.55,1627.84,93798400,50380800,43567984,41.55,4146988
1770194829640,6339.73,1627.94,93798400,50380800,43569448,41.55,4146988
1770194829740,6341.98,1629.99,93798400,50380800,43793320,41.76,4148324
1770194829841,6342.10,1630.05,93798400,50380800,43794784,41.77,4148324
1770194829943,6342.26,1630.15,93798400,50380800,43796224,41.77,4148324
1770194830044,6344.03,1631.53,93798400,50380800,44020032,41.98,4157852
1770194830143,6344.14,1631.60,93798400,50380800,44021496,41.98,4157852
1770194830244,6346.70,1633.66,93814784,50380800,44245112,42.20,4159188
1770194830345,6346.88,1633.77,93814784,50380800,44246576,42.20,4159188
1770194830446,6347.10,1633.88,93814784,50380800,44248016,42.20,4159188
1770194830547,6350.05,1635.62,93814784,50380800,44471608,42.41,4160524
1770194830648,6350.32,1635.75,93814784,50380800,44473072,42.41,4160524
1770194830749,6355.47,1637.81,93814784,50380800,43378264,41.37,4161860
1770194830850,6355.77,1637.94,93814784,50380800,43379728,41.37,4161860
1770194830953,6357.74,1638.76,93831168,50380800,43492712,41.48,4144320
1770194831054,6360.51,1639.48,93847552,50380800,43605240,41.59,4153178
1770194831156,6360.69,1639.56,93847552,50380800,43606704,41.59,4153178
1770194831257,6363.19,1641.38,93847552,50380800,43830288,41.80,4154514
1770194831359,6363.38,1641.47,93847552,50380800,43831752,41.80,4154514
1770194831459,6365.84,1642.83,93863936,50380800,43944736,41.91,4155184
1770194831561,6367.22,1643.71,93863936,50380800,44056696,42.02,4155850
1770194831661,6370.06,1643.84,93863936,50380800,44058232,42.02,4155850
1770194831762,6372.57,1645.91,93863936,50380800,44281968,42.23,4157186
1770194831863,6372.75,1646.04,93863936,50380800,44283408,42.23,4157186
1770194831963,6374.33,1647.66,93863936,50380800,44507208,42.45,4166714
1770194832064,6374.41,1647.71,93863936,50380800,44508672,42.45,4166714
1770194832164,6374.54,1647.78,93863936,50380800,44510112,42.45,4166714
1770194832265,6376.75,1649.22,93863936,50380800,44733768,42.66,4168050
1770194832365,6376.99,1649.36,93863936,50380800,44735232,42.66,4168050
1770194832465,6378.68,1650.85,93863936,50380800,44958800,42.88,4169386
1770194832566,6378.78,1650.89,93863936,50380800,44960264,42.88,4169386
1770194832667,6378.96,1651.03,93863936,50380800,44961704,42.88,4169386
1770194832768,6381.51,1652.27,93863936,50380800,43686184,41.66,4170722
1770194832869,6381.74,1652.42,93863936,50380800,43687624,41.66,4170722
1770194832969,6385.09,1654.12,93880320,50380800,43911456,41.88,4153844
1770194833071,6385.25,1654.21,93880320,50380800,43912920,41.88,4153844
1770194833170,6385.50,1654.34,93880320,50380800,43914360,41.88,4153844
1770194833270,6390.36,1656.49,93880320,50380800,44138464,42.09,4155180
1770194833372,6390.67,1656.64,93880320,50380800,44139928,42.10,4155180
1770194833473,6395.86,1658.79,93880320,50380800,44363528,42.31,4156516
1770194833574,6396.00,1658.86,93880320,50380800,44364992,42.31,4156516
1770194833675,6396.10,1658.91,93880320,50380800,44366432,42.31,4156516
1770194833777,6399.89,1662.12,93880320,50380800,44589992,42.52,4157852
1770194833876,6400.09,1662.24,93880320,50380800,44591432,42.53,4157852
1770194833976,6401.93,1663.57,93880320,50380800,44815208,42.74,4167380
1770194834077,6402.01,1663.61,93880320,50380800,44816672,42.74,4167380
1770194834179,6402.13,1663.66,93880320,50380800,44818112,42.74,4167380
1770194834280,6408.10,1665.63,93863936,50380800,45048328,42.96,4168716
1770194834381,6408.21,1665.68,93863936,50380800,45049792,42.96,4168716
1770194834481,6412.26,1667.30,93863936,50380800,45272400,43.18,4170052
1770194834582,6412.52,1667.41,93863936,50380800,45273864,43.18,4170052
1770194834683,6412.74,1667.51,93863936,50380800,45275304,43.18,4170052
1770194834784,6424.18,1669.48,94142464,50380800,44052696,42.01,4144986
1770194834886,6424.37,1669.57,94142464,50380800,44054136,42.01,4144986
1770194834987,6427.98,1671.22,94142464,50380800,44273040,42.22,4154514
1770194835088,6428.12,1671.30,94142464,50380800,44274480,42.22,4154514
1770194835189,6428.24,1671.36,94142464,50380800,44275920,42.22,4154514
1770194835291,6430.27,1672.89,94142464,50380800,44494400,42.43,4155850
1770194835391,6430.44,1672.98,94142464,50380800,44495840,42.43,4155850
1770194835493,6432.86,1674.64,94142464,50380800,44714200,42.64,4157186
1770194835593,6433.05,1674.72,94142464,50380800,44715640,42.64,4157186
1770194835694,6433.22,1674.83,94142464,50380800,44717080,42.65,4157186
1770194835796,6447.08,1676.73,94158848,50380800,44951128,42.87,4158522
1770194835896,6447.30,1676.89,94158848,50380800,44952568,42.87,4158522
1770194835998,6451.94,1678.61,94142464,50380800,45171552,43.08,4168050
1770194836098,6452.07,1678.71,93765632,50380800,45176088,43.08,4168050
1770194836199,6452.18,1678.76,93765632,50380800,45177528,43.08,4168050
1770194836300,6454.33,1680.40,93814784,50642944,45649208,43.53,4169386
1770194836399,6454.55,1680.48,93814784,50642944,45650648,43.54,4169386
1770194836500,6457.79,1682.23,93831168,50642944,45866176,43.74,4170722
1770194836601,6457.90,1682.28,93831168,50642944,45867616,43.74,4170722
1770194836702,6458.15,1682.40,93831168,50642944,45869056,43.74,4170722
1770194836803,6469.59,1684.60,94257152,54837248,44639360,42.57,4144986
1770194836904,6469.86,1684.74,94257152,54837248,44640800,42.57,4144986
1770194837005,6471.69,1686.07,94257152,54837248,44856448,42.78,4154514
1770194837107,6471.81,1686.14,94257152,54837248,44857888,42.78,4154514
1770194837207,6472.03,1686.25,94257152,54837248,44859328,42.78,4154514
1770194837308,6475.08,1688.30,94273536,54837248,45074760,42.99,4155850
1770194837409,6475.35,1688.39,94273536,54837248,45076200,42.99,4155850
1770194837510,6481.94,1690.16,94289920,54837248,45291736,43.19,4157186
1770194837612,6482.13,1690.24,94289920,54837248,45293176,43.19,4157186
1770194837713,6482.40,1690.39,94289920,54837248,45294616,43.20,4157186
1770194837814,6485.19,1692.23,94289920,54837248,45510096,43.40,4158522
1770194837915,6485.47,1692.37,94289920,54837248,45511536,43.40,4158522
1770194838016,6488.38,1694.21,94289920,54837248,45726968,43.61,4168050
1770194838117,6488.66,1694.33,94289920,54837248,45728408,43.61,4168050
1770194838219,6488.94,1694.47,94289920,54837248,45729848,43.61,4168050
1770194838320,6491.42,1696.22,94289920,54837248,45944976,43.82,4169386
1770194838420,6491.61,1696.34,94289920,54837248,45946416,43.82,4169386
1770194838521,6494.12,1697.98,94306304,54837248,46161584,44.02,4170722
1770194838622,6494.32,1698.07,94306304,54837248,46163024,44.02,4170722
1770194838723,6494.58,1698.23,94306304,54837248,46164464,44.03,4170722
1770194838825,6521.48,1700.38,95961088,54837248,46382488,44.23,4172058
1770194838926,6521.68,1700.47,95961088,54837248,46383952,44.24,4172058
1770194839027,6524.38,1702.32,96174080,54837248,46597216,44.44,4181586
1770194839128,6524.54,1702.39,96174080,54837248,46598680,44.44,4181586
1770194839229,6524.74,1702.49,96174080,54837248,46600120,44.44,4181586
1770194839331,6558.86,1704.90,97927168,54837248,46813944,44.65,4182922
1770194839431,6558.99,1704.96,97927168,54837248,46815408,44.65,4182922
1770194839532,6561.64,1706.79,98140160,54837248,47025656,44.85,4184258
1770194839633,6561.84,1706.89,98140160,54837248,47027120,44.85,4184258
1770194839734,6562.12,1707.03,98140160,54837248,47028560,44.85,4184258
1770194839835,6564.63,1708.75,98336768,54837248,47238696,45.05,4185594
1770194839936,6564.90,1708.88,98336768,54837248,47240160,45.05,4185594
1770194840037,6567.70,1710.70,98549760,54837248,47450496,45.25,4195122
1770194840138,6567.96,1710.79,98549760,54837248,47451960,45.25,4195122
1770194840239,6568.23,1710.92,98549760,54837248,47453400,45.26,4195122
1770194840341,6571.05,1712.92,98746368,54837248,47663672,45.46,4196458
1770194840441,6571.33,1713.06,98762752,54837248,47665136,45.46,4196458
1770194840542,6574.10,1714.81,98959360,54837248,47875272,45.66,4197794
1770194840643,6574.30,1714.91,98959360,54837248,47876736,45.66,4197794
1770194840744,6574.55,1715.04,98959360,54837248,47878176,45.66,4197794
1770194840845,6577.34,1716.94,99172352,54837248,48088352,45.86,4199130
1770194840946,6577.55,1717.05,99172352,54837248,48089816,45.86,4199130
1770194841047,6582.77,1719.24,99532800,55885824,45222200,43.13,4208658
1770194841148,6582.97,1719.33,99532800,55885824,45223664,43.13,4208658
1770194841249,6583.25,1719.43,99532800,55885824,45225104,43.13,4208658
1770194841350,6585.07,1720.92,99532800,55885824,45435264,43.33,4145652
1770194841451,6585.24,1721.01,99532800,55885824,45436704,43.33,4145652
1770194841552,6589.34,1722.83,99532800,55885824,45646768,43.53,4146988
1770194841653,6589.53,1722.92,99532800,55885824,45648208,43.53,4146988
1770194841755,6589.79,1723.05,99532800,55885824,45649648,43.53,4146988
1770194841856,6592.38,1725.03,99532800,55885824,45859768,43.74,4148324
1770194841957,6592.67,1725.17,99532800,55885824,45861208,43.74,4148324
1770194842058,6595.32,1726.79,99532800,55885824,46071576,43.94,4157852
1770194842158,6595.62,1726.94,99532800,55885824,46073016,43.94,4157852
1770194842259,6595.92,1727.08,99532800,55885824,46074456,43.94,4157852
1770194842361,6599.03,1729.05,99532800,55885824,46284736,44.14,4159188
1770195218278,311.39,89.28,155549696,70828032,46316400,44.17,4109943
1770195218378,311.62,89.35,155549696,70828032,46321208,44.18,4109999
1770195218480,311.75,89.43,155549696,70828032,46323920,44.18,4109999
1770195218581,312.47,89.89,155582464,70828032,46353096,44.21,4109999
1770195218682,312.70,89.98,155582464,70828032,46355432,44.21,4109999
1770195218783,313.17,90.10,155582464,70828032,46358072,44.21,4109999
1770195218884,313.50,90.22,155582464,70828032,46360376,44.21,4109999
1770195218985,313.93,90.39,155582464,70828032,46362808,44.22,4109999
1770195219087,314.62,90.57,155582464,70828032,46365448,44.22,4109999
1770195219188,315.47,90.76,155598848,70828032,46367816,44.22,4109999
1770195219288,315.94,90.97,155615232,70828032,46370216,44.22,4109999
1770195219390,316.37,91.14,155615232,70828032,46372376,44.22,4109999
1770195219490,316.68,91.25,155615232,70828032,46374424,44.23,4109999
1770195219591,316.86,91.33,155615232,70828032,46376472,44.23,4109999
1770195219693,317.11,91.44,155615232,70828032,46378520,44.23,4109999
1770195219793,317.31,91.53,155615232,70828032,46380568,44.23,4109999
1770195219895,322.12,92.81,155893760,71090176,46956648,44.78,4111331
1770195219996,322.37,92.87,155910144,71090176,46958752,44.78,4111331
1770195220098,322.61,92.95,155910144,71090176,46960800,44.79,4111331
1770195220198,328.89,95.15,156106752,71352320,47462376,45.26,4120855
1770195220299,329.44,95.30,156123136,71352320,47464448,45.27,4120855
1770195220401,335.69,97.64,156155904,71352320,47748256,45.54,4122187
1770195220501,336.07,97.78,156155904,71352320,47750328,45.54,4122187
1770195220602,336.44,97.92,156155904,71352320,47752376,45.54,4122187
1770195220704,341.58,100.13,156237824,71614464,48064848,45.84,4123519
1770195220804,341.94,100.27,156237824,71614464,48066920,45.84,4123519
1770195220905,347.52,102.31,156336128,71614464,48346272,46.11,4124851
1770195221007,347.87,102.44,156336128,71614464,48348344,46.11,4124851
1770195221107,348.26,102.62,156336128,71614464,48350392,46.11,4124851
1770195221209,354.15,104.92,156352512,71614464,48634560,46.38,4134375
1770195221311,358.35,105.55,88899584,71614464,48840104,46.58,4134375
1770195221411,361.31,107.12,74301440,71876608,49331424,47.05,4135707
1770195221512,361.51,107.21,73924608,71876608,49333488,47.05,4135707
1770195221614,362.04,107.35,73940992,71876608,49339392,47.05,4135707
1770195221715,366.14,109.51,74252288,71876608,49618128,47.32,4137039
1770195221815,366.44,109.63,74252288,71876608,49620192,47.32,4137039
1770195221917,370.29,111.49,74563584,71876608,49898960,47.59,4138371
1770195222017,370.61,111.62,74579968,71876608,49901072,47.59,4138371
1770195222118,370.91,111.77,74579968,71876608,49903128,47.59,4138371
1770195222220,374.99,114.10,74924032,71876608,50182016,47.86,4147895
1770195222320,375.31,114.25,74924032,71876608,50184096,47.86,4147895
1770195222422,379.62,116.56,75284480,71876608,50473288,48.14,4149229
1770195222522,379.92,116.68,75284480,71876608,50475368,48.14,4149229
1770195222623,380.23,116.84,75284480,71876608,50477424,48.14,4149229
1770195222725,394.26,127.84,96305152,80003072,45996664,43.87,4150563
1770195222825,394.58,127.98,96321536,80003072,45998744,43.87,4150563
1770195222927,399.09,130.08,96944128,80003072,46277648,44.13,4115949
1770195223027,399.43,130.26,96944128,80003072,46279728,44.14,4115949
1770195223129,401.79,131.67,97091584,80003072,46420624,44.27,4116618
1770195223230,403.61,132.80,97222656,80003072,46560800,44.40,4125475
1770195223331,403.95,132.97,97239040,80003072,46562880,44.41,4125475
1770195223432,407.79,135.09,97517568,80003072,46841696,44.67,4126809
1770195223534,408.06,135.18,97517568,80003072,46843776,44.67,4126809
1770195223634,410.64,136.50,97665024,80003072,46984784,44.81,4127478
1770195223735,412.30,137.46,97828864,80003072,47124704,44.94,4128143
1770195223836,412.59,137.61,97845248,80003072,47126784,44.94,4128143
1770195223937,417.58,140.15,98156544,80003072,47405648,45.21,4129477
1770195224037,417.90,140.31,98156544,80003072,47407728,45.21,4129477
1770195224138,420.20,141.55,98287616,80003072,47548720,45.35,4130146
1770195224239,421.56,142.36,98418688,80003072,47688920,45.48,4139003
1770195224339,421.87,142.45,98418688,80003072,47691000,45.48,4139003
1770195224440,426.25,144.63,98451456,80003072,47969920,45.75,4140337
1770195224541,426.56,144.78,98451456,80003072,47972000,45.75,4140337
1770195224642,430.57,146.49,98811904,80003072,48113208,45.88,4141006
1770195224743,434.87,147.45,99237888,80003072,48253320,46.02,4141671
1770195224845,435.17,147.58,99237888,80003072,48255400,46.02,4141671
1770195224945,439.33,149.59,99500032,80003072,48534344,46.29,4143005
1770195225046,439.60,149.68,99500032,80003072,48536424,46.29,4143005
1770195225147,444.50,151.80,99811328,80003072,48836448,46.57,4152531
1770195225248,444.70,151.87,99811328,80003072,48838528,46.58,4152531
1770195225349,445.03,152.04,99811328,80003072,48840584,46.58,4152531
1770195225451,448.56,154.04,100073472,80003072,49119472,46.84,4153865
1770195225551,448.86,154.17,100073472,80003072,49121560,46.85,4153865
1770195225651,454.29,156.15,100368384,80003072,49400400,47.11,4155199
1770195225752,454.48,156.22,100368384,80003072,49402488,47.11,4155199
1770195225853,454.79,156.38,100368384,80003072,49404552,47.12,4155199
1770195225955,458.50,158.34,100515840,80003072,49683408,47.38,4156533
1770195226055,458.80,158.47,100515840,80003072,49685496,47.38,4156533
1770195226156,464.07,160.83,100810752,80003072,49964544,47.65,4166059
1770195226257,464.30,160.90,100810752,80003072,49966632,47.65,4166059
1770195226357,542.18,179.58,95109120,46186496,39670800,37.83,4109545
1770195226459,549.98,181.54,95141888,46186496,40008840,38.16,4110879
1770195226560,550.21,181.64,95141888,46186496,40010888,38.16,4110879
1770195226660,554.50,183.63,95158272,46186496,40292632,38.43,4112213
1770195226760,554.73,183.72,95158272,46186496,40294680,38.43,4112213
1770195226861,555.04,183.84,95158272,46186496,40296704,38.43,4112213
1770195226963,628.57,192.09,100450304,43040768,39479824,37.65,4109545
1770195227064,633.75,193.33,91471872,43040768,39536976,37.71,4109545
1770195227165,642.04,195.44,91766784,43040768,39910752,38.06,4119071
1770195227267,642.26,195.52,91783168,43040768,39912752,38.06,4119071
1770195227367,642.57,195.63,91783168,43040768,39914728,38.07,4119071
1770195227468,645.94,197.37,92028928,43040768,40180816,38.32,4120405
1770195227568,657.21,197.75,92045312,43040768,40185392,38.32,4120405
1770195227669,725.95,202.62,92012544,42778624,40157240,38.30,4110879
1770195227770,726.13,202.69,92012544,42778624,40159240,38.30,4110879
1770195227870,726.41,202.81,92012544,42778624,40161216,38.30,4110879
1770195227972,728.65,204.38,92258304,42778624,40418736,38.55,4112213
1770195228072,728.89,204.51,92258304,42778624,40420736,38.55,4112213
1770195228174,732.82,206.51,92520448,42778624,40678656,38.79,4121739
1770195228275,732.99,206.58,92520448,42778624,40680656,38.80,4121739
1770195228376,733.26,206.69,92520448,42778624,40682632,38.80,4121739
1770195228477,740.09,208.88,93126656,45924352,40080968,38.22,4120405
1770195228577,740.35,209.00,93126656,45924352,40082968,38.23,4120405
1770195228679,745.07,210.81,93372416,45924352,40338776,38.47,4121739
1770195228779,745.23,210.88,93372416,45924352,40340752,38.47,4121739
1770195228880,745.45,210.99,93372416,45924352,40342728,38.47,4121739
1770195228981,753.84,213.00,93798400,45924352,40735360,38.85,4123073
1770195229083,754.08,213.08,93798400,45924352,40737360,38.85,4123073
1770195229184,756.93,214.85,94044160,45924352,40991384,39.09,4132599
1770195229284,757.20,214.95,94044160,45924352,40993384,39.09,4132599
1770195229385,757.50,215.08,94044160,45924352,40995360,39.10,4132599
1770195229486,760.35,216.91,94289920,45924352,41249184,39.34,4133933
1770195229586,760.56,217.01,94289920,45924352,41251184,39.34,4133933
1770195229688,764.00,218.85,94535680,45924352,41505000,39.58,4135267
1770195229788,764.30,218.97,94535680,45924352,41507000,39.58,4135267
1770195229889,764.63,219.11,94535680,45924352,41508976,39.59,4135267
1770195229990,768.12,221.13,94797824,45924352,41771880,39.84,4136601
1770195230090,768.42,221.25,94797824,45924352,41773880,39.84,4136601
1770195230190,772.72,223.13,94928896,45924352,40400744,38.53,4127928
1770195230292,772.94,223.21,94928896,45924352,40402744,38.53,4127928
1770195230393,773.26,223.37,94928896,45924352,40404720,38.53,4127928
1770195230494,776.18,225.07,94961664,45924352,40658528,38.77,4129262
1770195230596,776.52,225.24,94961664,45924352,40660528,38.78,4129262
1770195230697,779.71,227.04,94961664,45924352,40914320,39.02,4130596
1770195230798,779.96,227.14,94961664,45924352,40916320,39.02,4130596
1770195230898,780.29,227.30,94961664,45924352,40918296,39.02,4130596
1770195230999,794.07,229.85,95879168,45924352,41173384,39.27,4131930
1770195231101,794.35,230.01,95879168,45924352,41175384,39.27,4131930
1770195231201,797.48,231.80,96124928,45924352,41425824,39.51,4141456
1770195231301,797.70,231.90,96124928,45924352,41427824,39.51,4141456
1770195231402,797.94,232.01,96124928,45924352,41429800,39.51,4141456
1770195231504,802.26,233.89,96387072,45924352,41680384,39.75,4142790
1770195231604,802.51,234.02,96387072,45924352,41682384,39.75,4142790
1770195231705,804.91,235.50,96616448,45924352,41932688,39.99,4144124
1770195231807,805.09,235.59,96616448,45924352,41934688,39.99,4144124
1770195231907,805.28,235.70,96616448,45924352,41936664,39.99,4144124
1770195232009,810.09,237.66,96763904,45924352,40678056,38.79,4120405
1770195232109,810.37,237.78,96763904,45924352,40680032,38.80,4120405
1770195232211,816.04,239.49,96780288,45924352,40931072,39.03,4129931
1770195232311,816.20,239.56,96780288,45924352,40933072,39.04,4129931
1770195232412,816.42,239.69,96780288,45924352,40935048,39.04,4129931
1770195232513,820.71,241.65,96780288,45924352,41180512,39.27,4131265
1770195232613,820.87,241.74,96780288,45924352,41182512,39.27,4131265
1770195232714,824.98,243.50,96796672,45924352,41427800,39.51,4132599
1770195232815,825.27,243.64,96796672,45924352,41429776,39.51,4132599
1770195232915,825.51,243.76,96796672,45924352,41431752,39.51,4132599
1770195233017,831.66,245.59,96796672,45924352,41678464,39.75,4133933
1770195233118,831.90,245.70,96796672,45924352,41680440,39.75,4133933
1770195233218,835.59,247.67,96796672,45924352,41925872,39.98,4143459
1770195233320,835.80,247.74,96796672,45924352,41927872,39.99,4143459
1770195233420,836.10,247.89,96796672,45924352,41929848,39.99,4143459
1770195233521,841.30,249.77,96813056,45924352,42175432,40.22,4144793
1770195233621,841.59,249.91,96813056,45924352,42177432,40.22,4144793
1770195233723,850.47,252.02,97058816,46186496,40911656,39.02,4120405
1770195233824,850.69,252.13,97058816,46186496,40913632,39.02,4120405
1770195233926,850.92,252.24,97058816,46186496,40915608,39.02,4120405
1770195234025,853.86,254.06,97058816,46186496,41160344,39.25,4121739
1770195234127,854.17,254.20,97058816,46186496,41162320,39.26,4121739
1770195234227,857.13,255.96,97058816,46186496,41407120,39.49,4131265
1770195234329,857.49,256.14,97058816,46186496,41409096,39.49,4131265
1770195234430,857.79,256.26,97058816,46186496,41411072,39.49,4131265
1770195234531,860.10,257.83,97058816,46186496,41655704,39.73,4132599
1770195234632,860.36,257.95,97058816,46186496,41657680,39.73,4132599
1770195234733,863.92,259.81,97075200,46186496,41902248,39.96,4133933
1770195234833,864.11,259.91,97075200,46186496,41904224,39.96,4133933
1770195234934,864.31,260.01,97075200,46186496,41906200,39.96,4133933
1770195235036,867.51,261.85,97075200,46186496,42150736,40.20,4135267
1770195235136,867.84,262.00,97075200,46186496,42152712,40.20,4135267
1770195235237,874.33,264.20,97320960,46448640,41014216,39.11,4144793
1770195235339,874.56,264.34,97320960,46448640,41016192,39.12,4144793
1770195235440,874.76,264.42,97320960,46448640,41018168,39.12,4144793
1770195235541,877.79,266.17,97320960,46448640,41261072,39.35,4120405
1770195235641,878.10,266.33,97320960,46448640,41263048,39.35,4120405
1770195235743,884.44,268.33,97337344,46448640,41506968,39.58,4121739
1770195235843,884.74,268.48,97337344,46448640,41508944,39.59,4121739
1770195235945,885.02,268.64,97337344,46448640,41510920,39.59,4121739
1770195236046,895.99,270.37,97402880,46448640,41753440,39.82,4123073
1770195236148,896.29,270.53,97402880,46448640,41755416,39.82,4123073
1770195236248,926.02,274.14,101629952,46448640,42029680,40.08,4132599
1770195236350,926.26,274.26,101629952,46448640,42031664,40.08,4132599
1770195236451,926.55,274.40,101629952,46448640,42033648,40.09,4132599
1770195236552,935.96,276.58,101662720,46448640,42276488,40.32,4133933
1770195236654,936.26,276.74,101662720,46448640,42278472,40.32,4133933
1770195236754,941.49,278.57,101662720,46448640,42517216,40.55,4135267
1770195236855,941.72,278.74,101662720,46448640,42519200,40.55,4135267
1770195236957,941.96,278.85,101662720,46448640,42521184,40.55,4135267
1770195237058,946.10,280.35,101662720,46448640,42914888,40.93,4136601
1770195237158,946.40,280.50,101662720,46448640,42916872,40.93,4136601
1770195237260,972.19,283.00,101941248,46710784,41647608,39.72,4128597
1770195237361,972.43,283.09,101941248,46710784,41649616,39.72,4128597
1770195237463,972.73,283.23,101941248,46710784,41651600,39.72,4128597
1770195237563,975.37,284.70,101974016,46710784,41890664,39.95,4129931
1770195237665,975.70,284.88,101990400,46710784,41892648,39.95,4129931
1770195237765,978.83,286.96,101990400,46710784,42131400,40.18,4131265
1770195237866,979.13,287.07,101990400,46710784,42133384,40.18,4131265
1770195237967,979.45,287.25,101990400,46710784,42135368,40.18,4131265
1770195238068,982.21,289.53,101990400,46710784,42374256,40.41,4132599
1770195238170,982.49,289.68,101990400,46710784,42376240,40.41,4132599
1770195238270,986.11,291.45,101990400,46710784,42615264,40.64,4142125
1770195238371,986.39,291.56,101990400,46710784,42617272,40.64,4142125
1770195238474,988.62,292.72,101990400,46710784,42738184,40.76,4142794
1770195238575,996.56,293.61,101990400,46710784,42859576,40.87,4143459
1770195238675,996.86,293.72,101990400,46710784,42861560,40.88,4143459
1770195238775,1002.64,296.12,102547456,51953664,41702936,39.77,4144793
1770195238877,1002.89,296.22,102547456,51953664,41704920,39.77,4144793
1770195238977,1004.87,297.31,102547456,51953664,41825720,39.89,4119740
1770195239079,1006.66,298.04,102547456,51953664,41945544,40.00,4120405
1770195239179,1006.98,298.19,102547456,51953664,41947528,40.00,4120405
1770195239281,1016.34,300.24,102547456,51953664,42187880,40.23,4129931
1770195239382,1016.64,300.37,102547456,51953664,42189864,40.24,4129931
1770195239481,1019.90,302.15,102563840,51953664,42428504,40.46,4131265
1770195239583,1020.08,302.21,102563840,51953664,42430488,40.46,4131265
1770195239683,1020.37,302.31,102563840,51953664,42432472,40.47,4131265
1770195239784,1022.96,303.94,102563840,51953664,42671176,40.69,4132599
1770195239886,1023.19,304.05,102563840,51953664,42673160,40.70,4132599
1770195239985,1026.67,305.59,102563840,51953664,42911808,40.92,4133933
1770195240086,1026.85,305.64,102563840,51953664,42913792,40.93,4133933
1770195240188,1027.14,305.80,102563840,51953664,42915776,40.93,4133933
1770195240288,1035.34,307.88,102596608,51953664,43155624,41.16,4143459
1770195240388,1035.65,308.05,102596608,51953664,43157608,41.16,4143459
1770195240489,1044.84,310.13,102612992,51953664,43396280,41.39,4144793
1770195240590,1051.36,310.22,102612992,51953664,43400544,41.39,4144793
1770195240692,1051.65,310.35,102612992,51953664,43402528,41.39,4144793
1770195240793,1055.07,312.41,102842368,51953664,43637976,41.62,4146127
1770195240894,1055.34,312.51,102842368,51953664,43639984,41.62,4146127
1770195240994,1058.34,314.50,103071744,51953664,43875392,41.84,4147461
1770195241096,1058.54,314.56,103071744,51953664,43877400,41.84,4147461
1770195241195,1058.83,314.67,103071744,51953664,43879384,41.85,4147461
1770195241297,1061.87,316.46,103366656,51953664,44351480,42.30,4156987
1770195241397,1062.15,316.59,103366656,51953664,44353488,42.30,4156987
1770195241498,1065.69,318.83,103612416,51953664,44588896,42.52,4158321
1770195241600,1065.91,318.91,103612416,51953664,44590904,42.53,4158321
1770195241700,1066.23,319.05,103612416,51953664,44592888,42.53,4158321
1770195241801,1076.86,320.75,103874560,51953664,44847848,42.77,4159655
1770195241902,1077.08,320.84,103874560,51953664,44849856,42.77,4159655
1770195242003,1078.97,322.58,104103936,51953664,45078504,42.99,4160989
1770195242103,1079.20,322.68,104103936,51953664,45080512,42.99,4160989
1770195242203,1079.47,322.81,104103936,51953664,45082496,42.99,4160989
1770195242304,1083.22,325.02,104333312,51953664,45311440,43.21,4170515
1770195242406,1083.54,325.17,104333312,51953664,45313448,43.21,4170515
1770195242506,1086.03,326.87,104546304,51953664,45542144,43.43,4171849
1770195242608,1086.29,326.99,104546304,51953664,45544152,43.43,4171849
1770195242708,1086.61,327.13,104546304,51953664,45546136,43.44,4171849
1770195242809,1092.74,329.85,104988672,52740096,42533616,40.56,4173183
1770195242911,1093.02,329.97,104988672,52740096,42535624,40.57,4173183
1770195243012,1096.34,331.94,104988672,52740096,42764232,40.78,4121070
1770195243113,1096.69,332.08,104988672,52740096,42766240,40.79,4121070
1770195243215,1097.01,332.24,104988672,52740096,42768224,40.79,4121070
1770195243315,1100.35,334.18,104988672,52740096,42997152,41.01,4130596
1770195243416,1100.63,334.32,104988672,52740096,42999136,41.01,4130596
1770195243517,1103.50,336.18,105005056,52740096,43227752,41.23,4131930
1770195243619,1103.80,336.30,105005056,52740096,43229736,41.23,4131930
1770195243718,1104.12,336.46,105005056,52740096,43231720,41.23,4131930
1770195243819,1106.34,338.30,105005056,52740096,43460376,41.45,4133264
1770195243921,1106.65,338.45,105005056,52740096,43462384,41.45,4133264
1770195244021,1111.14,340.28,105005056,52740096,43691528,41.67,4134598
1770195244122,1111.31,340.34,105005056,52740096,43693536,41.67,4134598
1770195244224,1111.55,340.46,105005056,52740096,43695520,41.67,4134598
1770195244324,1113.20,342.06,105021440,52740096,43923880,41.89,4144124
1770195244424,1113.51,342.21,105021440,52740096,43925864,41.89,4144124
1770195244526,1116.33,344.00,105250816,52740096,44153800,42.11,4145458
1770195244627,1116.61,344.11,105250816,52740096,44155808,42.11,4145458
1770195244728,1116.95,344.28,105250816,52740096,44157792,42.11,4145458
1770195244829,1120.14,345.85,105480192,52740096,44385696,42.33,4146792
1770195244930,1120.37,345.96,105480192,52740096,44387704,42.33,4146792
1770195245031,1124.82,347.85,105709568,52740096,44615808,42.55,4148128
1770195245133,1125.07,347.94,105709568,52740096,44617816,42.55,4148128
1770195245233,1125.39,348.12,105709568,52740096,44619800,42.55,4148128
1770195245334,1129.13,349.85,105922560,52740096,44848184,42.77,4157656
1770195245434,1129.32,349.94,105922560,52740096,44850192,42.77,4157656
1770195245535,1131.99,351.42,106135552,52740096,45078472,42.99,4158992
1770195245636,1132.16,351.49,106151936,52740096,45080480,42.99,4158992
1770195245738,1132.35,351.60,106151936,52740096,45082464,42.99,4158992
1770195245839,1134.55,353.28,106135552,52740096,45310240,43.21,4160328
1770195245939,1134.68,353.53,103399424,52740096,45312248,43.21,4160328
1770195246039,1136.11,354.89,103858176,52740096,45540000,43.43,4161664
1770195246140,1136.38,355.02,103858176,52740096,45542008,43.43,4161664
1770195246241,1136.70,355.20,103858176,52740096,45543992,43.43,4161664
1770195246343,1139.73,357.08,104136704,52740096,45772096,43.65,4171192
1770195246443,1140.06,357.26,104136704,52740096,45774104,43.65,4171192
1770195246544,1143.97,359.82,105267200,52740096,43045320,41.05,4172528
1770195246645,1144.15,359.92,105267200,52740096,43047328,41.05,4172528
1770195246747,1144.38,360.01,99975168,52740096,43049312,41.06,4172528
1770195246848,1148.09,361.79,100007936,52740096,43278112,41.27,4121073
1770195246947,1148.34,361.91,100007936,52740096,43280120,41.28,4121073
1770195247049,1151.36,363.86,100220928,52740096,43507944,41.49,4122409
1770195247150,1151.54,363.96,100220928,52740096,43509952,41.49,4122409
1770195247251,1151.72,364.07,100237312,52740096,43511936,41.50,4122409
1770195247352,1169.80,366.56,100630528,52740096,43744912,41.72,4131937
1770195247453,1170.07,366.68,100630528,52740096,43746920,41.72,4131937
1770195247555,1172.83,368.62,100810752,52740096,43974472,41.94,4133273
1770195247655,1173.07,368.73,100810752,52740096,43976480,41.94,4133273
1770195247756,1173.34,368.84,100827136,52740096,43978464,41.94,4133273
1770195247857,1181.16,371.32,100990976,52740096,44206112,42.16,4134609
1770195247959,1181.46,371.42,100990976,52740096,44208120,42.16,4134609
1770195248059,1184.04,374.47,101056512,52740096,44435600,42.38,4135945
1770195248161,1184.25,374.56,101056512,52740096,44437608,42.38,4135945
1770195248261,1184.95,374.72,101056512,52740096,44440576,42.38,4135945
1770195248362,1192.45,376.86,101269504,52740096,44669048,42.60,4145473
1770195248464,1192.75,377.00,101269504,52740096,44671056,42.60,4145473
1770195248565,1195.63,379.06,101498880,52740096,44898240,42.82,4146809
1770195248665,1195.90,379.17,101498880,52740096,44900248,42.82,4146809
1770195248767,1196.18,379.32,101498880,52740096,44902232,42.82,4146809
1770195248867,1199.45,381.32,101711872,52740096,45129344,43.04,4148145
1770195248969,1199.77,381.48,101711872,52740096,45131352,43.04,4148145
1770195249069,1204.89,383.56,101957632,52740096,45359344,43.26,4149481
1770195249171,1205.22,383.73,101957632,52740096,45361352,43.26,4149481
1770195249271,1205.45,383.88,101957632,52740096,45363336,43.26,4149481
1770195249372,1206.22,384.52,102187008,52740096,45590720,43.48,4159009
1770195249474,1206.37,384.57,102187008,52740096,45592728,43.48,4159009
1770195249574,1207.58,385.72,102400000,52740096,45819872,43.70,4160345
1770195249675,1207.71,385.77,102400000,52740096,45821880,43.70,4160345
1770195249777,1207.97,385.87,102400000,52740096,45823864,43.70,4160345
1770195249876,1210.72,387.65,102612992,52740096,46051008,43.92,4161681
1770195249977,1211.01,387.78,102612992,52740096,46053016,43.92,4161681
1770195250088,1265.54,393.08,109035520,65585152,47629992,45.42,4119741
1770195250189,1435.12,400.19,124846080,84983808,49751560,47.45,4109546
1770195250290,1435.23,400.23,124846080,84983808,49753616,47.45,4109546
1770195250392,1436.64,401.13,124846080,84983808,50001768,47.69,4119074
1770195250491,1436.85,401.28,124846080,84983808,50003776,47.69,4119074
1770195250593,1440.68,403.20,124846080,84983808,50248088,47.92,4120410
1770195250693,1441.00,403.36,124846080,84983808,50250096,47.92,4120410
1770195250793,1441.32,403.52,124846080,84983808,50252080,47.92,4120410
1770195250894,1444.70,405.44,124846080,84983808,50493720,48.15,4121746
1770195250995,1445.02,405.59,124846080,84983808,50495728,48.16,4121746
1770195251096,1449.02,407.56,124846080,84983808,50737928,48.39,4123082
1770195251196,1449.33,407.72,124846080,84983808,50739936,48.39,4123082
1770195251298,1449.77,407.88,124846080,84983808,50741920,48.39,4123082
1770195251398,1455.79,409.70,124846080,84983808,50991632,48.63,4132610
1770195251500,1456.12,409.86,124846080,84983808,50997016,48.63,4132610
1770195251600,1460.87,412.03,124846080,84983808,51238392,48.86,4133946
1770195251701,1461.20,412.19,124846080,84983808,51240400,48.87,4133946
1770195251801,1461.51,412.34,124846080,84983808,51242384,48.87,4133946
1770195251902,1465.60,414.61,124862464,84983808,51484256,49.10,4135282
1770195252004,1465.74,414.65,124862464,84983808,51486264,49.10,4135282
1770195252103,1467.97,416.52,124862464,84983808,51726608,49.33,4136618
1770195252205,1468.18,416.63,124862464,84983808,51728616,49.33,4136618
1770195252306,1468.36,416.72,124862464,84983808,51730600,49.33,4136618
1770195252406,1471.94,418.45,124862464,84983808,51972200,49.56,4146146
1770195252507,1472.20,418.55,124862464,84983808,51974208,49.57,4146146
1770195252609,1504.96,421.00,125550592,84983808,52238816,49.82,4147482
1770195252710,1505.11,421.08,125550592,84983808,52240824,49.82,4147482
1770195252811,1505.33,421.18,125550592,84983808,52242808,49.82,4147482
1770195252912,1531.40,423.80,125583360,84983808,52512528,50.08,4148818
1770195253012,1531.52,423.85,125583360,84983808,52514536,50.08,4148818
1770195253114,1533.43,425.81,125583360,84983808,52751920,50.31,4150154
1770195253214,1533.56,425.86,125583360,84983808,52753928,50.31,4150154
1770195253315,1534.85,426.90,125583360,84983808,52874752,50.43,4150824
1770195253417,1535.76,427.70,125583360,84983808,52994528,50.54,4159682
1770195253517,1535.96,427.80,125583360,84983808,52996536,50.54,4159682
1770195253619,1543.88,429.74,125583360,84983808,53265712,50.80,4161018
1770195253720,1544.05,429.83,125583360,84983808,53267720,50.80,4161018
1770195253820,1547.34,431.73,125583360,84983808,53505968,51.03,4162354
1770195253922,1547.54,431.79,125583360,84983808,53507976,51.03,4162354
1770195254022,1547.84,431.95,125583360,84983808,53509960,51.03,4162354
1770195254123,1553.70,434.13,125583360,84983808,53748872,51.26,4163690
1770195254223,1553.97,434.26,125583360,84983808,53750880,51.26,4163690
1770195254323,1557.72,435.89,125583360,84983808,53989384,51.49,4173218
1770195254424,1558.83,435.93,125583360,84983808,53992736,51.49,4173218
1770195254525,1558.96,435.97,125583360,84983808,53994720,51.49,4173218
1770195254626,1560.40,436.77,125583360,84983808,54232936,51.72,4174554
1770195254727,1560.55,436.80,125583360,84983808,54234944,51.72,4174554
1770195254827,1562.73,437.86,125583360,84983808,54473168,51.95,4175890
1770195254928,1562.89,437.90,125583360,84983808,54475176,51.95,4175890
1770195255030,1563.17,438.01,125583360,84983808,54477160,51.95,4175890
1770195255132,1566.19,439.89,125583360,84983808,54715352,52.18,4177226
1770195255231,1566.48,440.03,125583360,84983808,54717360,52.18,4177226
1770195255331,1570.50,442.13,125599744,84983808,54982872,52.44,4186754
1770195255432,1570.66,442.18,125599744,84983808,54984880,52.44,4186754
1770195255533,1570.96,442.30,125599744,84983808,54986864,52.44,4186754
1770195255635,1576.28,444.14,125616128,84983808,55224920,52.67,4188090
1770195255736,1576.52,444.26,125616128,84983808,55226928,52.67,4188090
1770195255836,1579.02,445.83,125616128,84983808,55464872,52.90,4189426
1770195255936,1579.30,445.93,125616128,84983808,55466880,52.90,4189426
1770195256038,1579.57,446.05,125616128,84983808,55468864,52.90,4189426
1770195256138,1582.22,447.77,125616128,84983808,55706672,53.13,4190762
1770195256239,1582.56,447.94,125616128,84983808,55708688,53.13,4190762
1770195256339,1585.58,449.93,125616128,84983808,55946720,53.35,4200290
1770195256440,1585.80,450.03,125616128,84983808,55948728,53.36,4200290
1770195256541,1586.07,450.16,125616128,84983808,55950712,53.36,4200290
1770195256642,1593.07,452.37,125632512,84983808,56190632,53.59,4201626
1770195256744,1593.31,452.46,125632512,84983808,56192640,53.59,4201626
1770195256844,1599.99,454.21,125632512,84983808,56457896,53.84,4202962
1770195256945,1600.19,454.29,125632512,84983808,56459904,53.84,4202962
1770195257046,1600.47,454.40,125632512,84983808,56461888,53.85,4202962
1770195257147,1603.50,456.39,125829120,84983808,56699800,54.07,4204298
1770195257248,1603.80,456.54,125829120,84983808,56701808,54.08,4204298
1770195257349,1606.90,458.58,126058496,84983808,56939888,54.30,4213826
1770195257451,1607.18,458.70,126074880,84983808,56941896,54.30,4213826
1770195257550,1607.45,458.83,126074880,84983808,56943880,54.31,4213826
1770195257651,1610.29,460.78,126304256,84983808,57181720,54.53,4215162
1770195257752,1610.60,460.90,126304256,84983808,57183728,54.53,4215162
1770195257853,1614.71,462.98,126517248,84983808,57422352,54.76,4216498
1770195257954,1615.13,463.19,126533632,84983808,57424360,54.76,4216498
1770195258055,1615.44,463.29,126533632,84983808,57426344,54.77,4216498
1770195258156,1621.47,468.15,126779392,84983808,57664376,54.99,4217834
1770195258258,1703.47,478.27,105988096,49332224,40926448,39.03,4117738
1770195258358,1708.16,480.38,105988096,49332224,41262272,39.35,4127266
1770195258459,1708.43,480.51,105988096,49332224,41264280,39.35,4127266
1770195258560,1708.70,480.64,105988096,49332224,41266264,39.35,4127266
1770195258661,1716.89,482.72,105988096,49332224,41515792,39.59,4128602
1770195258763,1717.21,482.85,105988096,49332224,41517800,39.59,4128602
1770195258865,1798.88,490.80,99926016,44351488,40952816,39.06,4119074
1770195258965,1799.20,490.88,99926016,44351488,40954864,39.06,4119074
1770195259066,1799.47,490.99,99926016,44351488,40956840,39.06,4119074
1770195259167,1803.33,493.04,100155392,44351488,41199936,39.29,4120410
1770195259268,1803.67,493.16,100155392,44351488,41201944,39.29,4120410
1770195259370,1810.31,495.15,100384768,44351488,41445208,39.53,4129938
1770195259469,1881.93,498.66,99696640,44089344,40721736,38.84,4117738
1770195259570,1883.62,498.80,99696640,44089344,40946960,39.05,4117738
1770195259672,1888.74,501.12,99975168,44089344,41213104,39.30,4119074
1770195259773,1888.97,501.20,99975168,44089344,41215104,39.31,4119074
1770195259874,1889.92,502.13,100204544,44089344,41458112,39.54,4120410
1770195259975,1890.07,502.19,100220928,44089344,41460120,39.54,4120410
1770195260076,1890.19,502.24,100220928,44089344,41462104,39.54,4120410
1770195260177,1893.06,504.10,100466688,44089344,41705088,39.77,4121746
1770195260278,1893.45,504.29,100466688,44089344,41707096,39.77,4121746
1770195260380,1897.24,506.51,101023744,47235072,41090432,39.19,4128602
1770195260479,1897.55,506.65,101023744,47235072,41092440,39.19,4128602
1770195260581,1897.90,506.82,101023744,47235072,41094424,39.19,4128602
1770195260682,1901.18,508.87,101285888,47235072,41337464,39.42,4129938
1770195260782,1901.54,509.01,101285888,47235072,41339472,39.42,4129938
1770195260883,1905.97,511.01,101515264,47235072,41582504,39.66,4131274
1770195260985,1906.26,511.14,101515264,47235072,41584512,39.66,4131274
1770195261085,1906.55,511.25,101515264,47235072,41586496,39.66,4131274
1770195261185,1913.01,513.43,101761024,47235072,41830024,39.89,4132610
1770195261287,1913.34,513.58,101761024,47235072,41832032,39.89,4132610
1770195261387,1917.48,515.66,101990400,47235072,42075288,40.13,4142138
1770195261488,1917.77,515.80,101990400,47235072,42077296,40.13,4142138
1770195261589,1918.02,515.96,101990400,47235072,42079280,40.13,4142138
1770195261691,1920.81,517.85,102252544,47235072,42322304,40.36,4143474
1770195261792,1921.01,517.92,102252544,47235072,42324312,40.36,4143474
1770195261893,1924.67,520.14,102481920,47235072,42567360,40.60,4144810
1770195261995,1924.92,520.26,102481920,47235072,42569368,40.60,4144810
1770195262095,1925.17,520.39,102481920,47235072,42571352,40.60,4144810
1770195262196,1928.94,522.16,102727680,47235072,42814440,40.83,4146146
1770195262296,1929.25,522.32,102727680,47235072,42816448,40.83,4146146
1770195262397,1934.48,524.37,102744064,47235072,41459696,39.54,4136794
1770195262498,1934.81,524.52,102744064,47235072,41461704,39.54,4136794
1770195262599,1935.11,524.66,102744064,47235072,41463688,39.54,4136794
1770195262700,1940.20,526.77,102825984,47235072,41713728,39.78,4138130
1770195262801,1940.35,526.85,102825984,47235072,41715736,39.78,4138130
1770195262903,1949.59,528.92,102842368,47235072,41959360,40.02,4139466
1770195263004,1949.88,529.06,102842368,47235072,41961368,40.02,4139466
1770195263104,1950.19,529.19,102858752,47235072,41963352,40.02,4139466
1770195263205,1953.58,531.14,103088128,47235072,42206312,40.25,4140802
1770195263307,1953.88,531.29,103088128,47235072,42208344,40.25,4140802
1770195263407,1959.04,533.50,103333888,47235072,42451928,40.49,4150330
1770195263507,1959.32,533.61,103333888,47235072,42453936,40.49,4150330
1770195263607,1959.62,533.75,103333888,47235072,42455920,40.49,4150330
1770195263708,1967.24,536.17,103579648,47235072,42707296,40.73,4151666
1770195263809,1967.54,536.32,103579648,47235072,42709304,40.73,4151666
1770195263911,1973.23,538.30,103809024,47235072,42952240,40.96,4153002
1770195264010,1973.55,538.46,103809024,47235072,42954248,40.96,4153002
1770195264112,1973.85,538.59,103809024,47235072,42956232,40.97,4153002
1770195264213,1980.95,540.47,103858176,47235072,41713184,39.78,4128602
1770195264313,1981.21,540.60,103858176,47235072,41715168,39.78,4128602
1770195264413,1984.42,542.41,103858176,47235072,41957968,40.01,4138130
1770195264515,1984.73,542.55,103858176,47235072,41959952,40.02,4138130
1770195264616,1985.07,542.71,103858176,47235072,41961936,40.02,4138130
1770195264717,1990.80,544.54,103874560,47235072,42204512,40.25,4139466
1770195264819,1991.11,544.69,103874560,47235072,42206496,40.25,4139466
1770195264920,1997.73,546.72,103874560,47235072,42448352,40.48,4140802
1770195265020,1998.00,546.82,103874560,47235072,42450336,40.48,4140802
1770195265121,1998.15,546.88,103874560,47235072,42452320,40.49,4140802
1770195265222,2001.45,548.41,103874560,47235072,42693432,40.72,4142138
1770195265324,2001.73,548.54,103874560,47235072,42695416,40.72,4142138
1770195265424,2005.06,550.71,103874560,47235072,42936888,40.95,4151666
1770195265526,2005.33,550.84,103874560,47235072,42938872,40.95,4151666
1770195265626,2005.63,550.97,103874560,47235072,42940856,40.95,4151666
1770195265727,2011.88,553.30,103874560,47235072,43182160,41.18,4153002
1770195265829,2012.21,553.49,103874560,47235072,43184144,41.18,4153002
1770195265930,2022.48,555.99,104153088,47759360,41991936,40.05,4128602
1770195266030,2022.81,556.15,104153088,47759360,41993920,40.05,4128602
1770195266131,2023.12,556.29,104153088,47759360,41995904,40.05,4128602
1770195266232,2025.82,557.83,104153088,47759360,42234552,40.28,4129938
1770195266333,2025.95,557.90,104153088,47759360,42236536,40.28,4129938
1770195266433,2028.38,559.62,104153088,47759360,42475208,40.51,4139466
1770195266534,2028.56,559.72,104153088,47759360,42477192,40.51,4139466
1770195266635,2028.73,559.79,104153088,47759360,42479176,40.51,4139466
1770195266736,2032.04,561.60,104153088,47759360,42717568,40.74,4140802
1770195266836,2032.28,561.77,104153088,47759360,42719552,40.74,4140802
1770195266937,2047.32,563.77,104169472,47759360,42976712,40.99,4142138
1770195267039,2047.49,563.85,104169472,47759360,42978696,40.99,4142138
1770195267139,2047.72,563.97,104169472,47759360,42980680,40.99,4142138
1770195267240,2050.56,565.74,104169472,47759360,43219104,41.22,4143474
1770195267342,2050.81,565.85,104169472,47759360,43221088,41.22,4143474
1770195267442,2056.16,567.77,104169472,47759360,43459792,41.45,4153002
1770195267543,2056.43,567.90,104169472,47759360,43461776,41.45,4153002
1770195267645,2056.64,568.01,104169472,47759360,43463760,41.45,4153002
1770195267745,2060.85,569.98,104415232,48021504,42183984,40.23,4128602
1770195267846,2061.10,570.08,104415232,48021504,42185968,40.23,4128602
1770195267947,2063.93,571.82,104415232,48021504,42424696,40.46,4129938
1770195268049,2064.20,571.92,104415232,48021504,42426680,40.46,4129938
1770195268149,2064.56,572.11,104415232,48021504,42428664,40.46,4129938
1770195268250,2067.89,574.69,104415232,48021504,42667640,40.69,4131274
1770195268351,2068.19,574.82,104415232,48021504,42669624,40.69,4131274
1770195268452,2078.67,576.71,104415232,48021504,42909632,40.92,4140802
1770195268552,2078.90,576.81,104415232,48021504,42911616,40.92,4140802
1770195268652,2079.18,576.92,104415232,48021504,42913600,40.93,4140802
1770195268754,2103.57,579.20,104464384,48021504,43351608,41.34,4142138
1770195268855,2103.92,579.34,104464384,48021504,43353592,41.35,4142138
1770195268957,2129.08,581.50,104906752,48021504,43587680,41.57,4143474
1770195269058,2129.26,581.57,104906752,48021504,43589664,41.57,4143474
1770195269159,2129.55,581.72,104906752,48021504,43591648,41.57,4143474
1770195269260,2132.14,583.49,104906752,48021504,43822440,41.79,4144810
1770195269362,2132.41,583.64,104906752,48021504,43824424,41.79,4144810
1770195269462,2137.91,585.23,104972288,48283648,42537904,40.57,4154338
1770195269563,2138.10,585.34,104759296,48283648,42539912,40.57,4154338
1770195269666,2140.24,586.42,104759296,48283648,42654136,40.68,4128602
1770195269767,2141.11,587.16,104759296,48283648,42767320,40.79,4129268
1770195269869,2141.27,587.24,104759296,48283648,42769328,40.79,4129268
1770195269969,2143.29,588.84,104775680,48283648,42994888,41.00,4130604
1770195270070,2143.43,588.90,104775680,48283648,42996896,41.01,4130604
1770195270170,2148.84,590.31,104775680,48283648,43223576,41.22,4131940
1770195270272,2149.01,590.36,104775680,48283648,43225592,41.22,4131940
1770195270372,2149.23,590.47,104775680,48283648,43227576,41.23,4131940
1770195270473,2154.45,592.53,104775680,48283648,43453144,41.44,4141468
1770195270574,2154.68,592.68,104775680,48283648,43455152,41.44,4141468
1770195270675,2156.54,594.14,104775680,48283648,43679872,41.66,4142804
1770195270774,2156.76,594.22,104775680,48283648,43681880,41.66,4142804
1770195270875,2157.07,594.40,104775680,48283648,43683864,41.66,4142804
1770195270976,2164.35,596.29,104808448,48283648,43908880,41.87,4144140
1770195271077,2164.64,596.44,104808448,48283648,43910888,41.88,4144140
1770195271177,2166.86,597.67,104808448,48283648,44024688,41.99,4144810
1770195271278,2172.10,598.65,104808448,48283648,44139472,42.09,4145476
1770195271379,2172.41,598.82,104808448,48283648,44141480,42.10,4145476
1770195271481,2184.26,602.05,105365504,53002240,42896584,40.91,4136794
1770195271581,2184.58,602.20,105365504,53002240,42898568,40.91,4136794
1770195271680,2188.61,603.64,105365504,53002240,43012440,41.02,4137464
1770195271781,2191.07,604.57,105381888,53002240,43125520,41.13,4138130
1770195271882,2191.28,604.69,105381888,53002240,43127504,41.13,4138130
1770195271984,2200.13,606.41,105381888,53002240,43353312,41.34,4139466
1770195272085,2200.43,606.57,105381888,53002240,43355296,41.35,4139466
1770195272185,2202.56,607.82,105381888,53002240,43469088,41.46,4140136
1770195272286,2203.72,608.62,105381888,53002240,43581928,41.56,4140802
1770195272387,2204.02,608.75,105381888,53002240,43583912,41.56,4140802
1770195272488,2207.25,610.83,105381888,53002240,43808768,41.78,4150330
1770195272588,2207.64,610.92,105381888,53002240,43810752,41.78,4150330
1770195272689,2211.51,612.90,105398272,53002240,44035448,42.00,4151666
1770195272789,2211.76,612.96,105398272,53002240,44037432,42.00,4151666
1770195272889,2212.12,613.09,105398272,53002240,44039416,42.00,4151666
1770195272990,2223.32,615.33,105398272,53002240,44298856,42.25,4153002
1770195273091,2223.64,615.47,105398272,53002240,44300840,42.25,4153002
1770195273191,2225.67,616.73,105398272,53002240,44413344,42.36,4153672
1770195273292,2227.54,617.96,105398272,53002240,44524824,42.46,4154338
1770195273393,2227.68,618.02,105398272,53002240,44526808,42.46,4154338
1770195273494,2229.80,619.42,105594880,53002240,45000248,42.92,4163866
1770195273595,2230.13,619.57,105594880,53002240,45002256,42.92,4163866
1770195273694,2232.20,621.17,105807872,53002240,45224352,43.13,4165202
1770195273796,2232.36,621.20,105807872,53002240,45226360,43.13,4165202
1770195273896,2232.66,621.34,105807872,53002240,45228344,43.13,4165202
1770195273997,2234.93,622.89,106037248,53002240,45450928,43.35,4166538
1770195274098,2235.18,622.99,106037248,53002240,45452936,43.35,4166538
1770195274199,2237.44,624.74,106250240,53002240,45675008,43.56,4167874
1770195274300,2237.59,624.82,106250240,53002240,45677016,43.56,4167874
1770195274400,2237.83,624.92,106266624,53002240,45679000,43.56,4167874
1770195274501,2240.25,626.50,106463232,53002240,45901376,43.77,4177402
1770195274602,2240.45,626.58,106479616,53002240,45903384,43.78,4177402
1770195274702,2243.34,628.59,106676224,53002240,46125536,43.99,4178738
1770195274803,2243.49,628.66,106676224,53002240,46127544,43.99,4178738
1770195274905,2243.74,628.80,106692608,53002240,46129528,43.99,4178738
1770195275006,2251.87,630.95,106889216,53002240,46352880,44.21,4180074
1770195275107,2252.14,631.07,106905600,53002240,46354888,44.21,4180074
1770195275208,2255.10,632.94,107134976,53002240,46577144,44.42,4181410
1770195275308,2255.31,633.03,107134976,53002240,46579152,44.42,4181410
1770195275409,2255.65,633.20,107134976,53002240,46581136,44.42,4181410
1770195275511,2261.12,635.76,107642880,53788672,43708808,41.68,4190938
1770195275611,2261.41,635.88,107642880,53788672,43710816,41.69,4190938
1770195275711,2271.48,637.80,107642880,53788672,43934136,41.90,4128602
1770195275812,2271.64,637.86,107642880,53788672,43936120,41.90,4128602
1770195275913,2271.89,637.94,107642880,53788672,43938104,41.90,4128602
1770195276015,2282.23,640.01,107659264,53788672,44162336,42.12,4129938
1770195276116,2282.45,640.10,107659264,53788672,44164344,42.12,4129938
1770195276217,2285.32,642.19,107659264,53788672,44383888,42.33,4131274
1770195276318,2285.55,642.28,107659264,53788672,44385872,42.33,4131274
1770195276420,2285.88,642.44,107659264,53788672,44387856,42.33,4131274
1770195276520,2288.24,644.04,107659264,53788672,44607656,42.54,4140802
1770195276621,2288.52,644.15,107659264,53788672,44609640,42.54,4140802
1770195276721,2293.07,646.06,107675648,53788672,44829952,42.75,4142138
1770195276822,2293.28,646.14,107675648,53788672,44831936,42.76,4142138
1770195276924,2293.61,646.28,107675648,53788672,44833920,42.76,4142138
1770195277025,2296.65,648.10,107675648,53788672,45053416,42.97,4143474
1770195277125,2296.96,648.26,107675648,53788672,45055400,42.97,4143474
1770195277226,2299.93,650.26,107888640,53788672,45274888,43.18,4144810
1770195277328,2300.27,650.36,107905024,53788672,45276872,43.18,4144810
1770195277427,2300.56,650.47,107905024,53788672,45278856,43.18,4144810
1770195277528,2305.59,652.51,108101632,53788672,45498768,43.39,4154338
1770195277629,2305.91,652.69,108118016,53788672,45500752,43.39,4154338
1770195277731,2310.36,654.72,108314624,53788672,45720448,43.60,4155674
1770195277831,2310.62,654.82,108314624,53788672,45722456,43.60,4155674
1770195277933,2310.91,654.95,108314624,53788672,45724440,43.61,4155674
1770195278033,2313.50,656.75,108544000,53788672,45944096,43.82,4157010
1770195278134,2313.82,656.89,108544000,53788672,45946104,43.82,4157010
1770195278236,2318.00,658.82,108822528,53788672,46229328,44.09,4158354
1770195278336,2318.22,658.90,108822528,53788672,46231336,44.09,4158354
1770195278437,2318.56,659.06,108822528,53788672,46233320,44.09,4158354
1770195278538,2322.24,661.52,109035520,53788672,46453280,44.30,4167882
1770195278640,2322.57,661.68,109035520,53788672,46455288,44.30,4167882
1770195278741,2325.37,663.57,109264896,53788672,46675016,44.51,4169218
1770195278842,2325.57,663.66,109264896,53788672,46677024,44.51,4169218
1770195278942,2325.82,663.78,109264896,53788672,46679008,44.52,4169218
1770195279042,2328.91,665.67,109477888,53788672,46898736,44.73,4170554
1770195279141,2329.23,665.83,109494272,53788672,46900744,44.73,4170554
1770195279242,2334.79,668.27,110264320,54312960,44216056,42.17,4171890
1770195279343,2335.07,668.39,110264320,54312960,44218064,42.17,4171890
1770195279443,2335.38,668.54,110264320,54312960,44220048,42.17,4171890
1770195279544,2338.44,670.47,110264320,54312960,44440024,42.38,4136794
1770195279645,2338.73,670.61,110264320,54312960,44442008,42.38,4136794
1770195279746,2342.77,672.68,110264320,54312960,44662056,42.59,4138130
1770195279847,2342.97,672.75,110264320,54312960,44664040,42.59,4138130
1770195279949,2343.22,672.88,110264320,54312960,44666024,42.60,4138130
1770195280048,2534.59,690.24,141737984,98369536,63206192,60.28,4128602
1770195280149,2709.45,693.92,154222592,98631680,76558624,73.01,4118404
1770195280251,2710.79,695.02,154222592,98631680,76779056,73.22,4119740
1770195280351,2710.92,695.07,154222592,98631680,76781064,73.22,4119740
1770195280452,2711.22,695.23,154222592,98631680,76783048,73.23,4119740
1770195280553,2718.82,697.39,154222592,98631680,77004504,73.44,4129268
1770195280655,2719.14,697.55,154222592,98631680,77006512,73.44,4129268
1770195280755,2723.73,700.05,154861568,99418112,63428432,60.49,4130604
1770195280857,2723.92,700.12,154877952,99418112,63430440,60.49,4130604
1770195280957,2724.19,700.27,154877952,99418112,63432424,60.49,4130604
1770195281058,2741.62,702.53,154927104,99418112,63686600,60.74,4129268
1770195281160,2741.86,702.62,154927104,99418112,63688584,60.74,4129268
1770195281262,2753.44,704.65,154927104,99418112,63901960,60.94,4130604
1770195281363,2753.74,704.77,154927104,99418112,63903944,60.94,4130604
1770195281465,2754.09,704.98,154927104,99418112,63905928,60.95,4130604
1770195281567,2757.05,707.12,154943488,99418112,64119056,61.15,4140132
1770195281667,2757.38,707.25,154943488,99418112,64121064,61.15,4140132
1770195281768,2760.30,709.28,154943488,99418112,64334000,61.35,4141468
1770195281868,2760.59,709.41,154943488,99418112,64336008,61.36,4141468
1770195281969,2760.90,709.49,154943488,99418112,64337992,61.36,4141468
1770195282070,2763.84,711.50,154943488,99418112,64550880,61.56,4142804
1770195282171,2764.17,711.66,154943488,99418112,64552888,61.56,4142804
1770195282271,2770.23,714.02,154943488,99418112,64766784,61.77,4144140
1770195282373,2770.50,714.16,154943488,99418112,64768792,61.77,4144140
1770195282473,2770.78,714.29,154943488,99418112,64770776,61.77,4144140
1770195282575,2783.83,716.59,154943488,99418112,65083144,62.07,4153668
1770195282675,2784.12,716.76,154943488,99418112,65085152,62.07,4153668
1770195282776,2787.48,718.82,154943488,99418112,65298040,62.27,4155004
1770195282878,2787.79,718.96,154943488,99418112,65300048,62.27,4155004
1770195282978,2788.18,719.15,154943488,99418112,65302032,62.28,4155004
1770195283080,2791.41,721.16,154943488,99418112,65514920,62.48,4156340
1770195283181,2791.73,721.32,154943488,99418112,65516928,62.48,4156340
1770195283281,2794.61,723.01,154959872,99418112,65729792,62.68,4157676
1770195283382,2794.88,723.13,154959872,99418112,65731800,62.69,4157676
1770195283484,2795.14,723.25,154959872,99418112,65733784,62.69,4157676
1770195283586,2798.64,725.18,154959872,99418112,65946928,62.89,4167204
1770195283686,2798.92,725.32,154959872,99418112,65948936,62.89,4167204
1770195283787,2801.91,727.28,154959872,99418112,66161920,63.10,4168540
1770195283888,2802.22,727.42,154959872,99418112,66163928,63.10,4168540
1770195283990,2802.55,727.58,154959872,99418112,66165912,63.10,4168540
1770195284090,2805.31,729.39,154959872,99418112,66378984,63.30,4169876
1770195284191,2805.62,729.57,154959872,99418112,66380992,63.31,4169876
1770195284291,2808.27,731.35,154959872,99418112,66594080,63.51,4171212
1770195284392,2808.52,731.47,154959872,99418112,66596088,63.51,4171212
1770195284492,2808.80,731.61,154959872,99418112,66598072,63.51,4171212
1770195284594,2811.34,733.51,154959872,99418112,66811336,63.72,4180740
1770195284694,2811.62,733.65,154976256,99418112,66813344,63.72,4180740
1770195284795,2814.74,735.55,154976256,99418112,67026352,63.92,4182076
1770195284896,2815.02,735.65,154976256,99418112,67028360,63.92,4182076
1770195284997,2815.33,735.78,154976256,99418112,67030344,63.93,4182076
1770195285098,2817.89,737.54,154976256,99418112,67243528,64.13,4183412
1770195285200,2818.22,737.70,154976256,99418112,67245536,64.13,4183412
1770195285300,2821.99,739.85,154992640,99418112,67458632,64.33,4184748
1770195285401,2822.29,740.02,154992640,99418112,67460640,64.34,4184748
1770195285501,2822.59,740.13,154992640,99418112,67462624,64.34,4184748
1770195285602,2825.22,741.84,154992640,99418112,67676064,64.54,4194276
1770195285701,2825.48,741.98,154992640,99418112,67678072,64.54,4194276
1770195285802,2828.15,743.98,154992640,99418112,67891112,64.75,4195612
1770195285903,2828.47,744.15,154992640,99418112,67893120,64.75,4195612
1770195286004,2828.81,744.32,154992640,99418112,67895104,64.75,4195612
1770195286105,2831.61,746.14,154992640,99418112,68108256,64.95,4196948
1770195286207,2831.90,746.27,154992640,99418112,68110264,64.96,4196948
1770195286307,2835.15,748.26,154992640,99418112,68323320,65.16,4198284
1770195286408,2835.48,748.45,154992640,99418112,68325328,65.16,4198284
1770195286509,2835.80,748.60,154992640,99418112,68327312,65.16,4198284
1770195286610,2837.86,750.05,154992640,99418112,68540504,65.37,4207812
1770195286712,2838.18,750.22,154992640,99418112,68542512,65.37,4207812
1770195286812,2840.77,752.10,155009024,99418112,68755696,65.57,4209148
1770195286913,2841.09,752.25,155009024,99418112,68757704,65.57,4209148
1770195287014,2841.45,752.42,155009024,99418112,68759688,65.57,4209148
1770195287114,2844.25,754.16,155009024,99418112,68972744,65.78,4210484
1770195287215,2844.57,754.31,155009024,99418112,68974752,65.78,4210484
1770195287316,2847.93,756.23,155025408,99418112,69187952,65.98,4211820
1770195287417,2848.26,756.39,155025408,99418112,69189960,65.98,4211820
1770195287517,2848.64,756.60,155025408,99418112,69191944,65.99,4211820
1770195287619,2851.67,758.58,155025408,99418112,69405216,66.19,4221348
1770195287719,2851.97,758.73,155025408,99418112,69407224,66.19,4221348
1770195287821,2854.99,760.71,155025408,99418112,69620280,66.40,4222684
1770195287921,2855.27,760.83,155025408,99418112,69622296,66.40,4222684
1770195288022,2855.57,760.96,155025408,99418112,69624280,66.40,4222684
1770195288124,2865.49,762.97,155041792,99418112,69838416,66.60,4224020
1770195288225,2945.55,774.06,117129216,60080128,41632296,39.70,4117738
1770195288326,2949.92,775.89,117129216,60080128,42102592,40.15,4119074
1770195288427,2950.16,776.00,117129216,60080128,42104600,40.15,4119074
1770195288528,2950.39,776.11,117129216,60080128,42106584,40.16,4119074
1770195288629,2953.37,777.87,117129216,60080128,42334912,40.37,4128602
1770195288730,2953.66,777.94,117129216,60080128,42336920,40.38,4128602
1770195288831,3034.57,787.35,101564416,45400064,41737352,39.80,4119074
1770195288932,3034.84,787.45,101564416,45400064,41739408,39.81,4119074
1770195289036,3036.60,788.62,101662720,45400064,41854920,39.92,4119744
1770195289137,3042.74,789.83,101777408,45400064,41978768,40.03,4120410
1770195289238,3042.98,789.91,101777408,45400064,41980776,40.04,4120410
1770195289340,3048.84,792.17,102023168,45400064,42208736,40.25,4121746
1770195289440,3115.75,795.97,101220352,44351488,41280088,39.37,4117738
1770195289542,3122.57,797.48,101367808,44613632,41681568,39.75,4118408
1770195289644,3129.15,798.39,101482496,44613632,41853888,39.91,4127266
1770195289745,3129.46,798.55,101482496,44613632,41855896,39.92,4127266
1770195289847,3132.81,800.63,101728256,44613632,42083920,40.13,4128602
1770195289948,3133.14,800.79,101728256,44613632,42085928,40.14,4128602
1770195290048,3138.93,802.92,101941248,44613632,42314584,40.35,4129938
1770195290150,3139.14,803.00,101941248,44613632,42316592,40.36,4129938
1770195290250,3139.43,803.11,101941248,44613632,42318576,40.36,4129938
1770195290352,3144.55,805.41,102547456,47759360,41698336,39.77,4131274
1770195290452,3144.77,805.53,102547456,47759360,41700344,39.77,4131274
1770195290553,3147.87,807.57,102793216,47759360,41928520,39.99,4137460
1770195290654,3148.06,807.64,102793216,47759360,41930528,39.99,4137460
1770195290756,3148.36,807.81,102793216,47759360,41932512,39.99,4137460
1770195290856,3150.45,809.19,103006208,47759360,42160480,40.21,4138796
1770195290958,3150.64,809.27,103006208,47759360,42162488,40.21,4138796
1770195291059,3152.32,810.56,103235584,47759360,42390432,40.43,4140132
1770195291160,3152.55,810.66,103235584,47759360,42392440,40.43,4140132
1770195291261,3152.82,810.83,103235584,47759360,42394424,40.43,4140132
1770195291362,3154.95,812.61,103448576,47759360,42622464,40.65,4141468
1770195291462,3155.27,812.77,103448576,47759360,42624472,40.65,4141468
1770195291563,3159.59,814.80,103661568,47759360,42852512,40.87,4150996
1770195291664,3159.87,814.91,103661568,47759360,42854520,40.87,4150996
1770195291766,3160.12,815.05,103677952,47759360,42856504,40.87,4150996
1770195291866,3162.54,816.64,103890944,47759360,43084232,41.09,4152332
1770195291968,3162.86,816.79,103890944,47759360,43086240,41.09,4152332
1770195292069,3165.93,818.83,104136704,47759360,43313880,41.31,4153668
1770195292170,3166.15,818.92,104136704,47759360,43315888,41.31,4153668
1770195292271,3166.46,819.08,104136704,47759360,43317872,41.31,4153668
1770195292372,3171.80,821.34,104333312,47759360,41960040,40.02,4155004
1770195292473,3172.09,821.47,104333312,47759360,41962048,40.02,4155004
1770195292573,3175.22,823.54,104333312,47759360,42189856,40.24,4137460
1770195292674,3175.49,823.64,104333312,47759360,42191840,40.24,4137460
1770195292775,3175.82,823.79,104333312,47759360,42193824,40.24,4137460
1770195292876,3184.99,825.87,104415232,47759360,42422248,40.46,4138796
1770195292977,3185.20,825.97,104415232,47759360,42424232,40.46,4138796
1770195293078,3188.30,827.95,104415232,47759360,42651848,40.68,4140132
1770195293180,3188.61,828.07,104415232,47759360,42653832,40.68,4140132
1770195293280,3188.91,828.20,104415232,47759360,42655816,40.68,4140132
1770195293382,3194.88,830.89,104660992,47759360,42883880,40.90,4141468
1770195293483,3195.10,830.99,104660992,47759360,42885864,40.90,4141468
1770195293584,3198.84,833.41,104890368,47759360,43113416,41.12,4150996
1770195293685,3199.11,833.51,104890368,47759360,43115400,41.12,4150996
1770195293786,3199.43,833.66,104890368,47759360,43117384,41.12,4150996
1770195293887,3202.37,835.51,105103360,47759360,43344568,41.34,4152332
1770195293988,3202.70,835.68,105103360,47759360,43346552,41.34,4152332
1770195294089,3204.32,836.94,105316352,47759360,43573752,41.56,4153668
1770195294191,3204.45,837.00,105316352,47759360,43575736,41.56,4153668
1770195294291,3204.60,837.07,105316352,47759360,43577720,41.56,4153668
1770195294391,3208.82,838.93,105496576,48021504,42332024,40.37,4128602
1770195294492,3208.97,838.99,105496576,48021504,42334008,40.37,4128602
1770195294593,3211.87,840.85,105496576,48021504,42561432,40.59,4138130
1770195294694,3212.09,840.93,105496576,48021504,42563440,40.59,4138130
1770195294796,3212.38,841.06,105496576,48021504,42565424,40.59,4138130
1770195294895,3217.05,843.04,105512960,48021504,42792568,40.81,4139466
1770195294996,3217.39,843.24,105512960,48021504,42794576,40.81,4139466
1770195295097,3220.60,845.22,105512960,48021504,43021456,41.03,4140802
1770195295198,3220.84,845.33,105512960,48021504,43023464,41.03,4140802
1770195295300,3221.16,845.48,105512960,48021504,43025448,41.03,4140802
1770195295400,3224.72,847.53,105512960,48021504,43252304,41.25,4142138
1770195295502,3225.05,847.68,105512960,48021504,43254312,41.25,4142138
1770195295603,3227.95,849.50,105512960,48021504,43481408,41.47,4151666
1770195295703,3228.26,849.63,105512960,48021504,43483416,41.47,4151666
1770195295804,3228.55,849.75,105512960,48021504,43485400,41.47,4151666
1770195295905,3235.68,851.86,105512960,48021504,43712696,41.69,4153002
1770195296005,3235.97,851.99,105512960,48021504,43714704,41.69,4153002
1770195296106,3239.55,854.10,105529344,48021504,43941552,41.91,4154338
1770195296207,3239.88,854.24,105529344,48021504,43943560,41.91,4154338
1770195296308,3240.21,854.40,105529344,48021504,43945544,41.91,4154338
1770195296409,3245.99,857.48,102645760,45400064,42683144,40.71,4128602
1770195296510,3246.30,857.62,102645760,45400064,42685128,40.71,4128602
1770195296612,3249.60,859.56,102645760,45400064,42912208,40.92,4138130
1770195296713,3249.84,859.66,102645760,45400064,42914192,40.93,4138130
1770195296814,3250.09,859.80,102645760,45400064,42916176,40.93,4138130
1770195296915,3252.17,861.18,102645760,45400064,43143024,41.14,4139466
1770195297016,3252.42,861.29,102645760,45400064,43145008,41.15,4139466
1770195297117,3257.39,863.48,103268352,46448640,42728320,40.75,4128602
1770195297218,3257.63,863.57,103268352,46448640,42730304,40.75,4128602
1770195297319,3257.92,863.69,103268352,46448640,42732288,40.75,4128602
1770195297420,3260.94,865.39,103481344,46448640,42959120,40.97,4129938
1770195297521,3261.30,865.55,103481344,46448640,42961104,40.97,4129938
1770195297622,3264.96,867.82,103727104,46448640,43188216,41.19,4139466
1770195297723,3265.27,867.95,103727104,46448640,43190200,41.19,4139466
1770195297823,3265.57,868.09,103743488,46448640,43192184,41.19,4139466
1770195297924,3269.63,870.11,104022016,46448640,42655112,40.68,4140802
1770195298025,3269.93,870.21,104022016,46448640,42657096,40.68,4140802
1770195298125,3273.47,872.19,104022016,46448640,42883944,40.90,4128602
1770195298226,3273.76,872.32,104022016,46448640,42885928,40.90,4128602
1770195298327,3274.01,872.45,104022016,46448640,42887912,40.90,4128602
1770195298428,3277.86,874.31,104022016,46448640,43115272,41.12,4129938
1770195298530,3278.18,874.47,104022016,46448640,43117256,41.12,4129938
1770195298631,3291.20,876.34,104054784,46448640,43345376,41.34,4139466
1770195298732,3291.52,876.44,104054784,46448640,43347360,41.34,4139466
1770195298834,3291.88,876.59,104054784,46448640,43349344,41.34,4139466
1770195298935,3295.86,878.52,104218624,46710784,42831448,40.85,4140802
1770195299037,3296.17,878.64,104218624,46710784,42833432,40.85,4140802
1770195299138,3298.58,880.08,104218624,46710784,43059128,41.06,4129268
1770195299239,3298.84,880.20,104218624,46710784,43061136,41.07,4129268
1770195299339,3299.09,880.28,104218624,46710784,43063120,41.07,4129268
1770195299440,3304.71,881.88,104218624,46710784,43288808,41.28,4130604
1770195299541,3304.89,881.98,104218624,46710784,43290816,41.29,4130604
1770195299642,3308.86,883.88,104218624,46710784,43640488,41.62,4140132
1770195299742,3309.14,884.02,104218624,46710784,43642472,41.62,4140132
1770195299842,3309.42,884.13,104218624,46710784,43644456,41.62,4140132
1770195299943,3317.34,886.38,104349696,46972928,43121304,41.12,4141468
1770195300045,3317.67,886.57,104349696,46972928,43123288,41.13,4141468
1770195300148,3324.36,888.51,104349696,46972928,43345088,41.34,4129268
1770195300249,3324.66,888.71,104349696,46972928,43347072,41.34,4129268
1770195300350,3324.94,888.78,104349696,46972928,43349056,41.34,4129268
1770195300451,3330.12,890.69,104366080,46972928,43569256,41.55,4130604
1770195300552,3330.33,890.78,104366080,46972928,43571240,41.55,4130604
1770195300653,3333.26,892.68,104366080,46972928,43790864,41.76,4140132
1770195300754,3333.53,892.79,104366080,46972928,43792848,41.76,4140132
1770195300855,3333.86,892.94,104366080,46972928,43794832,41.77,4140132
1770195300957,3340.28,895.23,104644608,49332224,43297624,41.29,4141468
1770195301057,3340.62,895.37,104644608,49332224,43299608,41.29,4141468
1770195301158,3347.01,897.51,104644608,49332224,43519920,41.50,4129268
1770195301258,3347.29,897.66,104644608,49332224,43521904,41.51,4129268
1770195301359,3347.60,897.81,104644608,49332224,43523912,41.51,4129268
1770195301460,3349.68,899.21,104693760,49332224,43743288,41.72,4130604
1770195301560,3349.92,899.32,104693760,49332224,43745272,41.72,4130604
1770195301661,3361.20,901.24,104726528,49332224,43965592,41.93,4140132
1770195301763,3361.40,901.35,104726528,49332224,43967576,41.93,4140132
1770195301864,3361.63,901.46,104726528,49332224,43969560,41.93,4140132
1770195301965,3364.78,903.49,104873984,49332224,44188976,42.14,4141468
1770195302067,3365.04,903.58,104873984,49332224,44190960,42.14,4141468
1770195302168,3367.97,905.57,105086976,49332224,44410384,42.35,4142804
1770195302269,3368.20,905.67,105086976,49332224,44412392,42.35,4142804
1770195302370,3368.52,905.83,105086976,49332224,44414376,42.36,4142804
1770195302470,3371.26,907.75,105316352,49332224,44633728,42.57,4144140
1770195302571,3371.48,907.85,105316352,49332224,44635736,42.57,4144140
1770195302672,3374.22,909.67,105512960,49332224,44855344,42.78,4153668
1770195302773,3374.49,909.80,105529344,49332224,44857328,42.78,4153668
1770195302873,3374.76,909.95,105529344,49332224,44859312,42.78,4153668
1770195302974,3377.62,911.72,105857024,49332224,43479632,41.47,4155004
1770195303075,3377.76,911.78,105857024,49332224,43481616,41.47,4155004
1770195303175,3379.67,913.66,105857024,49332224,43700976,41.68,4129268
1770195303276,3379.84,913.74,105857024,49332224,43702960,41.68,4129268
1770195303377,3379.98,913.81,105857024,49332224,43704944,41.68,4129268
1770195303479,3382.19,914.94,105857024,49332224,43924320,41.89,4130604
1770195303580,3382.49,915.07,105857024,49332224,43926304,41.89,4130604
1770195303681,3384.66,916.51,105857024,49332224,44145856,42.10,4140132
1770195303782,3384.85,916.60,105857024,49332224,44147840,42.10,4140132
1770195303883,3387.03,917.64,105938944,49332224,44259024,42.21,4140802
1770195303985,3404.41,918.74,106086400,49332224,44402400,42.35,4141468
1770195304086,3404.66,918.87,106086400,49332224,44404384,42.35,4141468
1770195304186,3406.82,921.16,106299392,49332224,44636960,42.57,4142804
1770195304287,3406.97,921.23,106299392,49332224,44638944,42.57,4142804
1770195304387,3411.04,923.05,106512384,49332224,44856296,42.78,4144140
1770195304489,3432.75,923.77,106545152,49332224,45019032,42.93,4144140
1770195304590,3433.07,923.95,106561536,49332224,45021016,42.94,4144140
1770195304691,3437.08,926.02,107036672,50118656,43949504,41.91,4153668
1770195304792,3437.36,926.18,107036672,50118656,43951488,41.92,4153668
1770195304893,3440.17,927.97,107036672,50118656,44166192,42.12,4128602
1770195304994,3440.33,928.05,107036672,50118656,44168176,42.12,4128602
1770195305095,3440.57,928.17,107036672,50118656,44170160,42.12,4128602
1770195305196,3443.56,930.21,107053056,50118656,44384720,42.33,4129938
1770195305297,3443.78,930.30,107053056,50118656,44386704,42.33,4129938
1770195305397,3446.45,932.05,107053056,50118656,44601336,42.54,4131274
1770195305498,3446.62,932.12,107053056,50118656,44603320,42.54,4131274
1770195305598,3446.90,932.25,107053056,50118656,44605304,42.54,4131274
1770195305699,3448.73,933.62,107053056,50118656,44820152,42.74,4140802
1770195305800,3449.00,933.73,107053056,50118656,44822136,42.75,4140802
1770195305901,3457.93,935.60,107053056,50118656,45036712,42.95,4142138
1770195306003,3459.42,935.71,107069440,50118656,45039376,42.95,4142138
1770195306104,3459.61,935.82,107069440,50118656,45041360,42.95,4142138
1770195306205,3462.27,937.51,107069440,50118656,45253320,43.16,4143474
1770195306306,3462.50,937.61,107069440,50118656,45255328,43.16,4143474
1770195306407,3466.51,939.60,107331584,50380800,44183312,42.14,4144810
1770195306508,3466.73,939.69,107331584,50380800,44185320,42.14,4144810
1770195306609,3467.01,939.82,107331584,50380800,44187304,42.14,4144810
1770195306710,3471.31,941.62,107331584,50380800,44399728,42.34,4136794
1770195306811,3471.57,941.72,107331584,50380800,44401736,42.34,4136794
1770195306911,3474.34,943.47,107331584,50380800,44613656,42.55,4138130
1770195307012,3474.53,943.56,107331584,50380800,44615640,42.55,4138130
1770195307113,3474.82,943.68,107331584,50380800,44617624,42.55,4138130
1770195307214,3477.08,945.58,107331584,50380800,44829656,42.75,4139466
1770195307316,3477.38,945.73,107331584,50380800,44831640,42.75,4139466
1770195307416,3484.10,947.49,107347968,50380800,45043984,42.96,4140802
1770195307517,3484.29,947.55,107347968,50380800,45045968,42.96,4140802
1770195307618,3484.57,947.71,107347968,50380800,45047952,42.96,4140802
1770195307719,3488.36,949.43,107347968,50380800,45265080,43.17,4150330
1770195307820,3488.63,949.56,107347968,50380800,45267088,43.17,4150330
1770195307921,3491.39,951.14,107347968,50380800,45478728,43.37,4151666
1770195308022,3491.59,951.22,107347968,50380800,45480712,43.37,4151666
1770195308123,3491.87,951.36,107347968,50380800,45482696,43.38,4151666
1770195308223,3494.74,953.22,107347968,50380800,45694592,43.58,4153002
1770195308323,3495.01,953.34,107347968,50380800,45696944,43.58,4153002
1770195308424,3496.53,954.69,107511808,50380800,45908512,43.78,4154338
1770195308525,3496.67,954.75,107511808,50380800,45910496,43.78,4154338
1770195308626,3496.88,954.88,107511808,50380800,45912480,43.79,4154338
1770195308727,3501.13,957.40,104611840,47235072,44638024,42.57,4136794
1770195308828,3501.32,957.51,104611840,47235072,44640008,42.57,4136794
1770195308929,3504.15,959.26,104611840,47235072,44851624,42.77,4138130
1770195309030,3504.40,959.40,104611840,47235072,44853608,42.78,4138130
1770195309130,3504.61,959.50,104611840,47235072,44855592,42.78,4138130
1770195309230,3515.68,961.18,104611840,47235072,45077904,42.99,4139466
1770195309330,3515.96,961.31,104611840,47235072,45079888,42.99,4139466
1770195309431,3517.14,962.02,105381888,50642944,44699776,42.63,4128602
1770195309533,3517.28,962.06,105381888,50642944,44701760,42.63,4128602
1770195309634,3517.46,962.16,105381888,50642944,44703744,42.63,4128602
1770195309735,3532.33,964.11,105594880,50905088,45121824,43.03,4138130
1770195309836,3532.61,964.22,105594880,50905088,45123808,43.03,4138130
1770195309939,3604.09,969.98,124043264,70565888,55500272,52.93,4127936
1770195310040,3826.53,975.43,155598848,99155968,77958304,74.35,4119074
1770195310141,3826.61,975.48,155598848,99155968,77960312,74.35,4119074
1770195310242,3828.06,976.71,155598848,99155968,78171480,74.55,4120410
1770195310343,3828.32,976.83,155598848,99155968,78173488,74.55,4120410
1770195310444,3834.32,978.65,155615232,99155968,78384920,74.75,4121746
1770195310545,3834.51,978.74,155615232,99155968,78386928,74.76,4121746
1770195310646,3834.77,978.88,155615232,99155968,78388912,74.76,4121746
1770195310747,3838.53,980.63,155615232,99155968,78600352,74.96,4131274
1770195310848,3838.84,980.78,155615232,99155968,78602360,74.96,4131274
1770195310949,3841.56,982.68,155615232,99155968,78813528,75.16,4132610
1770195311051,3841.86,982.82,155615232,99155968,78815536,75.16,4132610
1770195311152,3842.17,982.93,155615232,99155968,78817520,75.17,4132610
1770195311253,3851.62,985.91,156745728,100728832,65719256,62.67,4133946
1770195311354,3851.91,986.03,156745728,100728832,65721272,62.68,4133946
1770195311455,3855.00,987.93,156745728,100728832,65932520,62.88,4129938
1770195311556,3855.28,988.06,156762112,100728832,65934536,62.88,4129938
1770195311657,3855.59,988.20,156762112,100728832,65936528,62.88,4129938
1770195311758,3858.55,990.23,156762112,100728832,66147936,63.08,4139466
1770195311859,3858.86,990.34,156762112,100728832,66149952,63.09,4139466
1770195311960,3861.77,992.14,156762112,100728832,66361128,63.29,4140802
1770195312061,3862.04,992.26,156762112,100728832,66363144,63.29,4140802
1770195312162,3862.32,992.37,156762112,100728832,66365136,63.29,4140802
1770195312263,3865.33,994.20,156762112,100728832,66576544,63.49,4142138
1770195312364,3865.66,994.36,156762112,100728832,66578560,63.49,4142138
1770195312465,3876.45,996.25,156778496,100728832,66791160,63.70,4143474
1770195312566,3876.71,996.36,156778496,100728832,66793176,63.70,4143474
1770195312667,3877.03,996.50,156778496,100728832,66795168,63.70,4143474
1770195312768,3879.75,998.25,156778496,100728832,67006616,63.90,4153002
1770195312869,3879.90,998.29,156778496,100728832,67008632,63.90,4153002
1770195312970,3882.66,1000.20,156778496,100728832,67219920,64.11,4154338
1770195313071,3882.94,1000.33,156778496,100728832,67221944,64.11,4154338
1770195313173,3883.25,1000.48,156778496,100728832,67223944,64.11,4154338
1770195313273,3886.30,1002.39,156778496,100728832,67435208,64.31,4155674
1770195313374,3886.64,1002.57,156778496,100728832,67437232,64.31,4155674
1770195313475,3889.55,1004.54,156794880,100728832,67648416,64.51,4157010
1770195313576,3889.84,1004.67,156794880,100728832,67650440,64.52,4157010
1770195313677,3890.14,1004.83,156794880,100728832,67652440,64.52,4157010
1770195313778,3892.84,1006.59,156794880,100728832,67863888,64.72,4166538
1770195313879,3893.16,1006.73,156794880,100728832,67865912,64.72,4166538
1770195313980,3895.84,1008.41,156794880,100728832,68077152,64.92,4167874
1770195314081,3896.09,1008.55,156794880,100728832,68079176,64.93,4167874
1770195314182,3896.25,1008.64,156794880,100728832,68081176,64.93,4167874
1770195314284,3898.55,1010.07,156794880,100728832,68292408,65.13,4169210
1770195314385,3898.86,1010.20,156794880,100728832,68294432,65.13,4169210
1770195314486,3900.38,1011.57,156794880,100728832,68506056,65.33,4170546
1770195314587,3900.58,1011.65,156794880,100728832,68508080,65.33,4170546
1770195314688,3900.86,1011.81,156794880,100728832,68510080,65.34,4170546
1770195314789,3907.81,1013.58,156811264,100728832,68723416,65.54,4180074
1770195314891,3908.10,1013.70,156811264,100728832,68725440,65.54,4180074
1770195314992,3910.61,1015.24,156811264,100728832,68936672,65.74,4181410
1770195315094,3910.88,1015.36,156811264,100728832,68938696,65.75,4181410
1770195315195,3911.20,1015.49,156811264,100728832,68940696,65.75,4181410
1770195315297,3918.19,1017.67,156827648,100728832,69152760,65.95,4182746
1770195315398,3918.42,1017.80,156827648,100728832,69154784,65.95,4182746
1770195315499,3921.06,1019.59,156827648,100728832,69365968,66.15,4184082
1770195315600,3921.27,1019.69,156827648,100728832,69367992,66.15,4184082
1770195315701,3921.51,1019.82,156827648,100728832,69369992,66.16,4184082
1770195315801,3924.29,1021.79,156827648,100728832,69581384,66.36,4193610
1770195315902,3924.44,1021.85,156827648,100728832,69583408,66.36,4193610
1770195316003,3926.78,1023.54,156827648,100728832,69794704,66.56,4194946
1770195316104,3926.97,1023.64,156827648,100728832,69796728,66.56,4194946
1770195316205,3928.30,1023.79,156827648,100728832,69798784,66.57,4194946
1770195316306,3931.04,1025.81,156827648,100728832,70009952,66.77,4196282
1770195316407,3931.21,1025.86,156827648,100728832,70011976,66.77,4196282
1770195316508,3934.04,1027.79,156844032,100728832,70223096,66.97,4197618
1770195316609,3934.20,1027.88,156844032,100728832,70225120,66.97,4197618
1770195316712,3935.85,1028.93,156844032,100728832,70332176,67.07,4198288
1770195316813,3936.55,1029.59,156844032,100728832,70438472,67.18,4207146
1770195316915,3936.75,1029.68,156844032,100728832,70440496,67.18,4207146
1770195317016,3939.39,1031.44,156844032,100728832,70651752,67.38,4208482
1770195317117,3939.58,1031.53,156844032,100728832,70653776,67.38,4208482
1770195317217,3941.70,1033.23,156844032,100728832,70864928,67.58,4209818
1770195317318,3941.83,1033.29,156844032,100728832,70866952,67.58,4209818
1770195317419,3942.04,1033.41,156844032,100728832,70868952,67.59,4209818
1770195317520,3946.09,1035.45,156844032,100728832,71080456,67.79,4211154
1770195317621,3946.26,1035.54,156844032,100728832,71082480,67.79,4211154
1770195317721,3948.55,1037.22,156860416,100728832,71293976,67.99,4220682
1770195317822,3948.66,1037.27,156860416,100728832,71296000,67.99,4220682
1770195317923,3948.86,1037.37,156860416,100728832,71298000,68.00,4220682
1770195318024,3959.40,1039.04,156860416,100728832,71510704,68.20,4222018
1770195318125,4035.71,1049.65,115802112,58769408,41890296,39.95,4117738
1770195318226,4039.66,1051.24,115802112,58769408,42173504,40.22,4119074
1770195318327,4039.79,1051.30,115802112,58769408,42175512,40.22,4119074
1770195318428,4040.01,1051.41,115802112,58769408,42177496,40.22,4119074
1770195318529,4042.28,1052.87,115802112,58769408,42404232,40.44,4120410
1770195318630,4042.48,1052.98,115802112,58769408,42406240,40.44,4120410
1770195318731,4121.62,1061.77,102055936,45400064,41841920,39.90,4127266
1770195318832,4121.77,1061.84,102055936,45400064,41843976,39.91,4127266
1770195318932,4121.98,1061.94,102055936,45400064,41845960,39.91,4127266
1770195319033,4124.77,1063.61,102268928,45400064,42072752,40.12,4128602
1770195319134,4124.95,1063.70,102268928,45400064,42074760,40.13,4128602
1770195319235,4127.98,1065.49,102531072,45400064,42301512,40.34,4129938
1770195319336,4204.11,1068.77,101810176,44875776,41564176,39.64,4117738
1770195319437,4204.36,1068.88,101810176,44875776,41599776,39.67,4117738
1770195319538,4212.94,1070.67,102088704,44875776,41901608,39.96,4119074
1770195319639,4213.19,1070.79,102088704,44875776,41903616,39.96,4119074
1770195319740,4217.71,1072.79,102301696,44875776,42130512,40.18,4128602
1770195319841,4217.96,1072.89,102301696,44875776,42132520,40.18,4128602
1770195319942,4218.28,1073.04,102301696,44875776,42134504,40.18,4128602
1770195320043,4220.82,1074.76,102514688,44875776,42446632,40.48,4129938
1770195320144,4221.04,1074.85,102514688,44875776,42448640,40.48,4129938
1770195320245,4224.94,1077.03,103088128,48021504,41825328,39.89,4131274
1770195320347,4225.15,1077.10,103104512,48021504,41827336,39.89,4131274
1770195320448,4225.48,1077.25,103104512,48021504,41829320,39.89,4131274
1770195320549,4228.88,1079.25,103350272,48021504,42055888,40.11,4129268
1770195320650,4229.15,1079.36,103350272,48021504,42057896,40.11,4129268
1770195320751,4232.34,1081.29,103563264,48021504,42284616,40.33,4138796
1770195320852,4232.49,1081.35,103563264,48021504,42286624,40.33,4138796
1770195320953,4232.67,1081.45,103563264,48021504,42288608,40.33,4138796
1770195321054,4240.22,1083.21,103809024,48021504,42515424,40.55,4140132
1770195321156,4240.43,1083.32,103825408,48021504,42517432,40.55,4140132
1770195321257,4243.56,1085.33,104038400,48021504,42743928,40.76,4141468
1770195321358,4243.78,1085.41,104038400,48021504,42745936,40.77,4141468
1770195321458,4244.10,1085.54,104038400,48021504,42747920,40.77,4141468
1770195321559,4246.74,1087.28,104251392,48021504,42974400,40.98,4142804
1770195321660,4246.91,1087.37,104251392,48021504,42976408,40.99,4142804
1770195321761,4249.51,1088.98,104464384,48021504,43203160,41.20,4152332
1770195321862,4249.62,1089.04,104464384,48021504,43205168,41.20,4152332
1770195321963,4249.76,1089.13,104464384,48021504,43207152,41.21,4152332
1770195322064,4254.10,1091.10,104693760,48021504,42039504,40.09,4153668
1770195322165,4254.25,1091.18,104693760,48021504,42041512,40.09,4153668
1770195322266,4256.97,1092.83,104693760,48021504,42268016,40.31,4128602
1770195322367,4257.06,1092.88,104693760,48021504,42270000,40.31,4128602
1770195322468,4257.23,1092.97,104693760,48021504,42271984,40.31,4128602
1770195322569,4259.91,1094.57,104710144,48021504,42498416,40.53,4129938
1770195322670,4260.09,1094.67,104710144,48021504,42500400,40.53,4129938
1770195322771,4267.91,1096.38,104808448,48283648,42954376,40.96,4139466
1770195322872,4268.10,1096.45,104808448,48283648,42956384,40.97,4139466
1770195322972,4268.34,1096.57,104808448,48283648,42958368,40.97,4139466
1770195323073,4271.12,1098.20,105005056,48283648,43184816,41.18,4140802
1770195323174,4271.30,1098.29,105005056,48283648,43186824,41.19,4140802
1770195323275,4275.90,1100.22,105250816,48283648,43413432,41.40,4142138
1770195323376,4276.09,1100.31,105250816,48283648,43415440,41.40,4142138
1770195323477,4276.30,1100.43,105250816,48283648,43417424,41.41,4142138
1770195323578,4279.31,1102.41,105463808,48283648,43643488,41.62,4143474
1770195323679,4279.46,1102.50,105463808,48283648,43645496,41.62,4143474
1770195323780,4282.38,1104.36,105693184,48283648,43871776,41.84,4153002
1770195323881,4282.53,1104.45,105693184,48283648,43873784,41.84,4153002
1770195323982,4282.71,1104.56,105693184,48283648,43875768,41.84,4153002
1770195324083,4291.90,1106.28,105840640,48283648,42614392,40.64,4154338
1770195324183,4292.15,1106.38,105840640,48283648,42616400,40.64,4154338
1770195324284,4295.09,1108.09,105840640,48283648,42842488,40.86,4129268
1770195324385,4295.26,1108.19,105840640,48283648,42844472,40.86,4129268
1770195324486,4295.46,1108.29,105840640,48283648,42846456,40.86,4129268
1770195324587,4298.53,1110.22,105857024,48283648,43072496,41.08,4130604
1770195324687,4298.72,1110.31,105857024,48283648,43074504,41.08,4130604
1770195324788,4302.23,1111.96,105857024,48283648,43300872,41.29,4140132
1770195324889,4302.46,1112.07,105857024,48283648,43302856,41.30,4140132
1770195324989,4302.78,1112.21,105857024,48283648,43304840,41.30,4140132
1770195325090,4305.91,1114.02,105857024,48283648,43530872,41.51,4141468
1770195325191,4306.14,1114.12,105857024,48283648,43532856,41.52,4141468
1770195325292,4309.09,1115.93,105857024,48283648,43758952,41.73,4142804
1770195325393,4309.26,1116.03,105857024,48283648,43760936,41.73,4142804
1770195325494,4309.41,1116.12,105857024,48283648,43762920,41.74,4142804
1770195325595,4313.00,1117.95,106119168,48807936,42747080,40.77,4144140
1770195325696,4313.18,1118.05,106119168,48807936,42749088,40.77,4144140
1770195325797,4315.83,1119.61,106119168,48807936,42975376,40.98,4136794
1770195325898,4315.95,1119.67,106119168,48807936,42977384,40.99,4136794
1770195325999,4316.09,1119.76,106119168,48807936,42979368,40.99,4136794
1770195326100,4322.62,1121.49,106135552,48807936,43206472,41.20,4138130
1770195326200,4322.79,1121.60,106135552,48807936,43208480,41.21,4138130
1770195326302,4325.69,1123.47,106135552,48807936,43434544,41.42,4139466
1770195326403,4325.87,1123.56,106135552,48807936,43436528,41.42,4139466
1770195326504,4326.07,1123.66,106135552,48807936,43438512,41.43,4139466
1770195326606,4328.97,1125.42,106135552,48807936,43664560,41.64,4140802
1770195326707,4329.25,1125.57,106135552,48807936,43666544,41.64,4140802
1770195326808,4332.19,1127.43,106135552,48807936,43892760,41.86,4150330
1770195326910,4332.47,1127.55,106135552,48807936,43894768,41.86,4150330
1770195327010,4332.80,1127.72,106135552,48807936,43896752,41.86,4150330
1770195327111,4337.29,1129.66,106151936,48807936,44123312,42.08,4151666
1770195327212,4337.58,1129.82,106151936,48807936,44125320,42.08,4151666
1770195327313,4341.63,1131.73,106364928,49070080,42979096,40.99,4153002
1770195327414,4341.81,1131.84,106364928,49070080,42981080,40.99,4153002
1770195327515,4342.02,1131.95,106364928,49070080,42983064,40.99,4153002
1770195327616,4344.50,1133.65,106364928,49070080,43209104,41.21,4128602
1770195327717,4344.68,1133.74,106364928,49070080,43211088,41.21,4128602
1770195327818,4347.32,1135.36,106364928,49070080,43437296,41.43,4138130
1770195327919,4347.48,1135.44,106364928,49070080,43439280,41.43,4138130
1770195328020,4347.65,1135.54,106364928,49070080,43441264,41.43,4138130
1770195328121,4350.39,1137.22,106364928,49070080,43667296,41.64,4139466
1770195328222,4350.63,1137.32,106364928,49070080,43669280,41.65,4139466
1770195328323,4360.63,1139.35,106397696,49070080,43896032,41.86,4140802
1770195328424,4360.81,1139.45,106397696,49070080,43898016,41.86,4140802
1770195328525,4361.00,1139.56,106397696,49070080,43900000,41.87,4140802
1770195328626,4368.72,1141.26,106397696,49070080,44126064,42.08,4142138
1770195328727,4368.95,1141.39,106397696,49070080,44128048,42.08,4142138
1770195328828,4371.72,1142.98,106397696,49070080,44353880,42.30,4151666
1770195328929,4371.90,1143.08,106397696,49070080,44355864,42.30,4151666
1770195329030,4372.04,1143.17,106397696,49070080,44357848,42.30,4151666
1770195329132,4374.59,1144.72,106479616,49070080,44583512,42.52,4153002
1770195329233,4374.83,1144.82,106479616,49070080,44585496,42.52,4153002
1770195329334,4379.23,1147.07,106840064,49332224,43331800,41.32,4127932
1770195329434,4379.46,1147.16,106840064,49332224,43333808,41.33,4127932
1770195329535,4379.75,1147.28,106840064,49332224,43335792,41.33,4127932
1770195329636,4385.08,1149.34,106840064,49332224,43561416,41.54,4129268
1770195329737,4385.33,1149.47,106840064,49332224,43563400,41.55,4129268
1770195329838,4395.89,1151.19,106856448,49332224,43790048,41.76,4138796
1770195329938,4396.02,1151.27,106856448,49332224,43792032,41.76,4138796
1770195330039,4396.22,1151.35,106856448,49332224,43794016,41.77,4138796
1770195330140,4406.25,1153.27,106872832,49332224,44017272,41.98,4140132
1770195330241,4406.51,1153.44,106872832,49332224,44019256,41.98,4140132
1770195330342,4409.11,1155.14,106872832,49332224,44237192,42.19,4141468
1770195330443,4409.30,1155.24,106872832,49332224,44239176,42.19,4141468
1770195330544,4409.49,1155.34,106872832,49332224,44241160,42.19,4141468
1770195330645,4414.31,1157.14,106889216,49332224,44458768,42.40,4142804
1770195330746,4414.49,1157.25,106889216,49332224,44460752,42.40,4142804
1770195330847,4416.71,1158.85,106889216,49332224,44678240,42.61,4152332
1770195330948,4416.85,1158.91,106889216,49332224,44680224,42.61,4152332
1770195331049,4416.99,1159.00,106889216,49332224,44682208,42.61,4152332
1770195331150,4423.02,1160.70,106889216,49332224,44900488,42.82,4153668
1770195331251,4423.23,1160.79,106889216,49332224,44902472,42.82,4153668
1770195331352,4427.62,1162.55,107167744,49332224,43727648,41.70,4128602
1770195331453,4427.82,1162.64,107167744,49332224,43729632,41.70,4128602
1770195331557,4430.54,1163.68,107167744,49332224,43839864,41.81,4129272
1770195331658,4436.50,1164.35,107184128,49332224,43949192,41.91,4129938
1770195331759,4436.67,1164.43,107184128,49332224,43951176,41.92,4129938
1770195331859,4439.10,1165.99,107184128,49332224,44168744,42.12,4139466
1770195331960,4439.28,1166.07,107184128,49332224,44170728,42.12,4139466
1770195332060,4441.25,1167.21,107184128,49332224,44280816,42.23,4140136
1770195332161,4442.12,1167.90,107184128,49332224,44389928,42.33,4140802
1770195332262,4442.28,1167.98,107184128,49332224,44391912,42.34,4140802
1770195332363,4445.02,1169.71,107184128,49332224,44609208,42.54,4142138
1770195332464,4445.23,1169.80,107184128,49332224,44611192,42.54,4142138
1770195332564,4447.34,1171.32,107184128,49332224,44721280,42.65,4142808
1770195332665,4448.22,1172.09,107184128,49332224,44830472,42.75,4143474
1770195332765,4448.39,1172.18,107184128,49332224,44832456,42.76,4143474
1770195332867,4452.32,1174.10,107462656,49856512,43783232,41.75,4153002
1770195332968,4452.52,1174.19,107462656,49856512,43785216,41.76,4153002
1770195333068,4455.06,1175.82,107479040,49856512,44002480,41.96,4128602
1770195333170,4455.16,1175.88,107479040,49856512,44004464,41.97,4128602
1770195333271,4455.32,1175.96,107479040,49856512,44006448,41.97,4128602
1770195333372,4457.97,1177.40,107479040,49856512,44223744,42.18,4129938
1770195333473,4458.17,1177.47,107479040,49856512,44225728,42.18,4129938
1770195333573,4466.08,1179.20,107479040,49856512,44442992,42.38,4131274
1770195333675,4482.48,1179.34,107511808,49856512,44524864,42.46,4131274
1770195333776,4482.64,1179.43,107511808,49856512,44526848,42.46,4131274
1770195333877,4485.06,1181.04,107511808,49856512,44742416,42.67,4140802
1770195333978,4485.23,1181.13,107511808,49856512,44744400,42.67,4140802
1770195334079,4490.63,1182.99,107511808,49856512,44960040,42.88,4142138
1770195334180,4490.73,1183.04,107511808,49856512,44962024,42.88,4142138
1770195334281,4490.94,1183.13,107511808,49856512,44964008,42.88,4142138
1770195334381,4523.64,1185.07,107577344,49856512,45271200,43.17,4143474
1770195334482,4523.80,1185.12,107577344,49856512,45273184,43.18,4143474
1770195334582,4526.73,1187.07,107577344,49856512,45485328,43.38,4144810
1770195334684,4526.92,1187.13,107577344,49856512,45487336,43.38,4144810
1770195334785,4527.15,1187.25,107577344,49856512,45489320,43.38,4144810
1770195334886,4529.88,1189.10,107577344,49856512,45701736,43.58,4154338
1770195334987,4530.10,1189.19,107577344,49856512,45703720,43.59,4154338
1770195335088,4534.21,1191.03,107790336,50118656,44404944,42.35,4128602
1770195335189,4534.35,1191.10,107790336,50118656,44406928,42.35,4128602
1770195335291,4534.55,1191.18,107790336,50118656,44408912,42.35,4128602
1770195335392,4542.55,1193.20,107806720,50118656,44621200,42.55,4129938
1770195335493,4542.78,1193.30,107806720,50118656,44623184,42.56,4129938
1770195335594,4550.26,1195.03,107806720,50118656,44837632,42.76,4131274
1770195335695,4550.41,1195.10,107806720,50118656,44839112,42.76,4131274
1770195335796,4550.59,1195.21,107806720,50118656,44840592,42.76,4131274
1770195335898,4553.16,1196.81,107806720,50118656,45052688,42.97,4140802
1770195335999,4553.33,1196.91,107806720,50118656,45054168,42.97,4140802
1770195336101,4560.69,1198.60,107823104,50118656,45267672,43.17,4142138
1770195336202,4560.80,1198.65,107823104,50118656,45269152,43.17,4142138
1770195336303,4560.98,1198.74,107823104,50118656,45270632,43.17,4142138
1770195336404,4563.49,1200.49,107823104,50118656,45482168,43.38,4143474
1770195336505,4563.76,1200.61,107823104,50118656,45483648,43.38,4143474
1770195336606,4568.02,1202.50,107823104,50118656,45695136,43.58,4144810
1770195336707,4568.15,1202.58,107823104,50118656,45696616,43.58,4144810
1770195336809,4568.29,1202.66,107823104,50118656,45698096,43.58,4144810
1770195336910,4570.76,1204.38,107823104,50118656,45909784,43.78,4154338
1770195337011,4570.92,1204.46,107823104,50118656,45911264,43.78,4154338
1770195337112,4575.71,1206.64,108150784,50642944,44699000,42.63,4128602
1770195337213,4575.88,1206.73,108150784,50642944,44700480,42.63,4128602
1770195337314,4576.13,1206.84,108150784,50642944,44701960,42.63,4128602
1770195337415,4578.77,1208.56,108150784,50642944,44913424,42.83,4129938
1770195337516,4578.94,1208.65,108150784,50642944,44914904,42.83,4129938
1770195337617,4583.98,1210.30,108150784,50642944,45128240,43.04,4131274
1770195337718,4584.14,1210.35,108150784,50642944,45129720,43.04,4131274
1770195337818,4584.33,1210.46,108150784,50642944,45131200,43.04,4131274
1770195337919,4586.48,1212.09,108150784,50642944,45342992,43.24,4140802
1770195338020,4586.67,1212.19,108150784,50642944,45344472,43.24,4140802
1770195338122,4589.22,1214.02,108167168,50642944,45556000,43.45,4142138
1770195338222,4589.40,1214.11,108167168,50642944,45557784,43.45,4142138
1770195338324,4590.85,1214.35,108167168,50642944,45588560,43.48,4142146
1770195338426,4596.59,1216.19,108167168,50642944,45801008,43.68,4143482
1770195338528,4596.76,1216.28,108167168,50642944,45802512,43.68,4143482
1770195338629,4599.15,1217.93,108167168,50642944,46014024,43.88,4144818
1770195338730,4599.29,1218.00,108167168,50642944,46015528,43.88,4144818
1770195338831,4599.43,1218.08,108167168,50642944,46017008,43.89,4144818
1770195338932,4612.39,1220.01,108462080,50642944,44787736,42.71,4154346
1770195339033,4612.63,1220.13,108462080,50642944,44789240,42.71,4154346
1770195339134,4615.11,1221.70,108462080,50642944,45000776,42.92,4129268
1770195339235,4615.27,1221.78,108462080,50642944,45002256,42.92,4129268
1770195339336,4615.48,1221.88,108462080,50642944,45003736,42.92,4129268
1770195339437,4617.77,1223.58,108462080,50642944,45215248,43.12,4130604
1770195339538,4617.96,1223.65,108462080,50642944,45216728,43.12,4130604
1770195339639,4620.55,1225.30,108462080,50642944,45430480,43.33,4131940
1770195339740,4620.73,1225.37,108462080,50642944,45431984,43.33,4131940
1770195339841,4620.94,1225.46,108462080,50642944,45433464,43.33,4131940
1770195339941,4869.45,1237.19,142983168,88653824,63484688,60.54,4118404
1770195340042,4869.51,1237.23,142983168,88653824,63486240,60.55,4118404
1770195340142,4941.94,1242.14,151207936,93110272,67839344,64.70,4119740
1770195340243,5056.00,1245.06,151535616,93372416,54367232,51.85,4117738
1770195340344,5056.14,1245.11,151535616,93372416,54368784,51.85,4117738
1770195340445,5060.57,1246.98,151535616,93372416,54590536,52.06,4119074
1770195340545,5060.77,1247.10,151535616,93372416,54592040,52.06,4119074
1770195340646,5063.54,1248.93,151535616,93372416,54807280,52.27,4120406
1770195340747,5063.68,1249.02,151535616,93372416,54808784,52.27,4120406
1770195340848,5063.82,1249.11,151535616,93372416,54810264,52.27,4120406
1770195340949,5066.01,1250.54,151535616,93372416,55025880,52.48,4129930
1770195341050,5066.18,1250.63,151535616,93372416,55027384,52.48,4129930
1770195341151,5068.66,1252.23,151535616,93372416,55242760,52.68,4131262
1770195341252,5068.80,1252.31,151535616,93372416,55244264,52.69,4131262
1770195341353,5068.94,1252.39,151535616,93372416,55245744,52.69,4131262
1770195341454,5071.10,1253.90,151535616,93372416,55461048,52.89,4132594
1770195341555,5071.42,1254.07,151535616,93372416,55462552,52.89,4132594
1770195341656,5078.95,1256.22,151535616,93372416,55682176,53.10,4133926
1770195341757,5079.23,1256.35,151535616,93372416,55683680,53.10,4133926
1770195341858,5079.53,1256.49,151535616,93372416,55685160,53.11,4133926
1770195341959,5082.06,1258.04,151535616,93372416,55900688,53.31,4143450
1770195342060,5082.36,1258.18,151535616,93372416,55902192,53.31,4143450
1770195342161,5084.82,1259.92,151535616,93372416,56117576,53.52,4144782
1770195342262,5085.05,1260.03,151535616,93372416,56119080,53.52,4144782
1770195342363,5085.33,1260.16,151535616,93372416,56120560,53.52,4144782
1770195342464,5094.95,1261.93,151535616,93372416,56336264,53.73,4146114
1770195342565,5095.21,1262.06,151535616,93372416,56337768,53.73,4146114
1770195342666,5098.03,1263.78,151535616,93372416,56553168,53.93,4147446
1770195342767,5098.28,1263.89,151535616,93372416,56554672,53.93,4147446
1770195342868,5098.55,1264.02,151535616,93372416,56556152,53.94,4147446
1770195342969,5101.35,1265.76,151535616,93372416,56771680,54.14,4156970
1770195343070,5101.63,1265.89,151535616,93372416,56773184,54.14,4156970
1770195343171,5104.26,1267.59,151535616,93372416,56988552,54.35,4158304
1770195343272,5104.52,1267.71,151535616,93372416,56990056,54.35,4158304
1770195343373,5104.82,1267.86,151535616,93372416,56991536,54.35,4158304
1770195343474,5107.77,1269.79,151535616,93372416,57206960,54.56,4159638
1770195343575,5108.05,1269.92,151535616,93372416,57208464,54.56,4159638
1770195343676,5111.06,1271.90,151535616,93372416,57423824,54.76,4160972
1770195343777,5111.30,1272.00,151535616,93372416,57425328,54.77,4160972
1770195343878,5111.59,1272.13,151535616,93372416,57426808,54.77,4160972
1770195343979,5114.32,1273.82,151535616,93372416,57642496,54.97,4170498
1770195344079,5114.61,1273.95,151535616,93372416,57644000,54.97,4170498
1770195344180,5116.86,1275.52,151535616,93372416,57861744,55.18,4171832
1770195344282,5117.07,1275.60,151535616,93372416,57863248,55.18,4171832
1770195344383,5117.34,1275.75,151535616,93372416,57864728,55.18,4171832
1770195344484,5119.94,1277.30,151535616,93372416,58083704,55.39,4173166
1770195344584,5120.31,1277.41,151535616,93372416,58085208,55.39,4173166
1770195344685,5125.47,1278.95,151535616,93372416,58307768,55.61,4174500
1770195344786,5125.66,1279.03,151535616,93372416,58309272,55.61,4174500
1770195344887,5125.95,1279.16,151535616,93372416,58310752,55.61,4174500
1770195344988,5128.22,1280.85,151535616,93372416,58526312,55.82,4184026
1770195345089,5128.42,1280.97,151535616,93372416,58527816,55.82,4184026
1770195345190,5131.60,1282.69,151535616,93372416,58753480,56.03,4185360
1770195345291,5131.76,1282.78,151535616,93372416,58754984,56.03,4185360
1770195345393,5133.59,1283.78,151535616,93372416,58863776,56.14,4186029
1770195345494,5135.29,1284.42,151535616,93372416,58990304,56.26,4186694
1770195345595,5135.45,1284.51,151535616,93372416,58991808,56.26,4186694
1770195345696,5140.78,1286.20,151535616,93372416,59211384,56.47,4188028
1770195345797,5140.95,1286.29,151535616,93372416,59212888,56.47,4188028
1770195345898,5142.50,1287.24,151535616,93372416,59321576,56.57,4188697
1770195346000,5151.62,1287.94,151535616,93372416,59449024,56.70,4197554
1770195346101,5151.77,1288.04,151535616,93372416,59450528,56.70,4197554
1770195346202,5153.40,1289.42,151535616,93372416,59662760,56.90,4198888
1770195346303,5153.61,1289.51,151535616,93372416,59664264,56.90,4198888
1770195346403,5155.93,1291.20,151535616,93372416,59878904,57.10,4200222
1770195346505,5156.14,1291.26,151535616,93372416,59880408,57.11,4200222
1770195346605,5158.10,1291.38,151535616,93372416,59890872,57.12,4200222
1770195346707,5160.64,1293.07,151535616,93372416,60106080,57.32,4201556
1770195346808,5160.79,1293.14,151535616,93372416,60107584,57.32,4201556
1770195346908,5163.48,1294.95,151535616,93372416,60322408,57.53,4211082
1770195347008,5163.60,1295.01,151535616,93372416,60323912,57.53,4211082
1770195347110,5163.81,1295.11,151535616,93372416,60325392,57.53,4211082
1770195347211,5166.40,1296.77,151535616,93372416,60540256,57.74,4212416
1770195347312,5166.59,1296.86,151535616,93372416,60541760,57.74,4212416
1770195347413,5168.71,1298.39,151535616,93372416,60757872,57.94,4213750
1770195347514,5168.81,1298.44,151535616,93372416,60759376,57.94,4213750
1770195347615,5168.94,1298.52,151535616,93372416,60760856,57.95,4213750
1770195347716,5171.73,1300.24,151535616,93372416,60975744,58.15,4215084
1770195347817,5171.94,1300.36,151535616,93372416,60977248,58.15,4215084
1770195347917,5179.91,1302.09,151535616,93372416,61201592,58.37,4224610
1770195348019,5180.19,1302.20,151535616,93372416,61203264,58.37,4224610
1770195348120,5180.46,1302.35,151535616,93372416,61204744,58.37,4224610
1770195348221,5183.38,1304.32,151535616,93372416,61416960,58.57,4225944
1770195348322,5257.67,1312.23,106151936,48021504,42066128,40.12,4117738
1770195348423,5261.41,1313.88,106151936,48021504,42396504,40.43,4119072
1770195348524,5261.53,1313.93,106151936,48021504,42398008,40.43,4119072
1770195348625,5261.74,1314.03,106151936,48021504,42399488,40.44,4119072
1770195348726,5267.66,1315.57,106151936,48021504,42630216,40.66,4120406
1770195348826,5267.82,1315.65,106151936,48021504,42631720,40.66,4120406
1770195348928,5326.86,1321.01,102940672,45662208,42276784,40.32,4127264
1770195349029,5327.03,1321.08,102940672,45662208,42278336,40.32,4127264
1770195349130,5327.15,1321.13,102940672,45662208,42279816,40.32,4127264
1770195349231,5328.95,1322.66,103153664,45662208,42505416,40.54,4128598
1770195349332,5329.08,1322.72,103153664,45662208,42506920,40.54,4128598
1770195349433,5331.35,1324.24,103399424,45662208,42732480,40.75,4129932
1770195349534,5383.74,1328.88,102744064,45662208,41840544,39.90,4117738
1770195349635,5383.94,1328.98,102744064,45662208,41844344,39.91,4117738
1770195349738,5393.34,1330.62,103022592,45662208,42336232,40.37,4119072
1770195349839,5393.65,1330.79,103022592,45662208,42337736,40.38,4119072
1770195349940,5395.93,1332.41,103235584,45662208,42563560,40.59,4128598
1770195350041,5396.18,1332.57,103235584,45662208,42565064,40.59,4128598
1770195350142,5396.40,1332.67,103235584,45662208,42566544,40.59,4128598
1770195350243,5398.61,1334.29,103464960,45662208,42792120,40.81,4129932
1770195350344,5398.73,1334.35,103464960,45662208,42793624,40.81,4129932
1770195350445,5403.70,1336.76,104054784,48807936,42175656,40.22,4131266
1770195350546,5403.83,1336.81,104054784,48807936,42177160,40.22,4131266
1770195350647,5404.02,1336.92,104054784,48807936,42178640,40.22,4131266
1770195350748,5406.76,1338.61,104284160,48807936,42404016,40.44,4129263
1770195350849,5406.96,1338.71,104284160,48807936,42405520,40.44,4129263
1770195350949,5408.78,1340.17,104497152,48807936,42631184,40.66,4138789
1770195351050,5408.98,1340.27,104497152,48807936,42632688,40.66,4138789
1770195351151,5409.19,1340.39,104497152,48807936,42634168,40.66,4138789
1770195351252,5411.67,1342.02,104710144,48807936,42860096,40.87,4140123
1770195351353,5411.87,1342.11,104710144,48807936,42861600,40.88,4140123
1770195351454,5414.91,1344.00,104923136,48807936,43087008,41.09,4141457
1770195351554,5415.19,1344.14,104939520,48807936,43088512,41.09,4141457
1770195351655,5415.48,1344.29,104939520,48807936,43089992,41.09,4141457
1770195351756,5418.48,1346.07,105152512,48807936,43315424,41.31,4142791
1770195351857,5418.71,1346.18,105152512,48807936,43316928,41.31,4142791
1770195351958,5421.54,1348.01,105381888,48807936,43542640,41.53,4152317
1770195352059,5421.78,1348.11,105381888,48807936,43544144,41.53,4152317
1770195352160,5422.07,1348.26,105381888,48807936,43545624,41.53,4152317
1770195352262,5427.05,1350.31,105611264,48807936,43771088,41.74,4153651
1770195352362,5427.34,1350.46,105611264,48807936,43772592,41.74,4153651
1770195352464,5430.44,1352.38,105824256,48807936,43997272,41.96,4154985
1770195352565,5430.61,1352.48,105824256,48807936,43998776,41.96,4154985
1770195352666,5430.76,1352.56,105824256,48807936,44000256,41.96,4154985
1770195352767,5435.22,1354.39,105906176,48807936,42669048,40.69,4128598
1770195352867,5435.60,1354.73,105906176,48807936,42670528,40.69,4128598
1770195352969,5442.83,1356.38,105922560,48807936,42895872,40.91,4138124
1770195353069,5442.99,1356.47,105922560,48807936,42897376,40.91,4138124
1770195353169,5443.21,1356.60,105922560,48807936,42898856,40.91,4138124
1770195353270,5446.27,1358.30,105922560,48807936,43123568,41.13,4139458
1770195353371,5446.45,1358.40,105922560,48807936,43125072,41.13,4139458
1770195353472,5450.04,1359.99,106151936,48807936,43349848,41.34,4140792
1770195353573,5450.25,1360.09,106151936,48807936,43351352,41.34,4140792
1770195353674,5450.49,1360.25,106151936,48807936,43352832,41.34,4140792
1770195353774,5452.34,1361.54,106364928,48807936,43577072,41.56,4142126
1770195353875,5452.56,1361.65,106364928,48807936,43578576,41.56,4142126
1770195353976,5460.40,1363.74,106577920,48807936,43807640,41.78,4151652
1770195354078,5475.32,1363.98,106594304,48807936,43913488,41.88,4151652
1770195354178,5475.55,1364.12,106594304,48807936,43914936,41.88,4151652
1770195354280,5480.98,1365.95,106807296,48807936,44139176,42.09,4152986
1770195354380,5481.21,1366.09,106807296,48807936,44140648,42.10,4152986
1770195354480,5486.38,1368.14,106938368,48807936,42900432,40.91,4154320
1770195354580,5486.55,1368.24,106938368,48807936,42901904,40.91,4154320
1770195354681,5486.66,1368.31,106938368,48807936,42903352,40.92,4154320
1770195354782,5488.53,1369.82,106938368,48807936,43126896,41.13,4129263
1770195354883,5488.64,1369.88,106938368,48807936,43128344,41.13,4129263
1770195354984,5490.97,1371.54,106938368,48807936,43352192,41.34,4138789
1770195355085,5491.12,1371.63,106938368,48807936,43353640,41.35,4138789
1770195355186,5491.23,1371.69,106938368,48807936,43355088,41.35,4138789
1770195355286,5493.44,1373.43,106954752,48807936,43578760,41.56,4140123
1770195355387,5493.63,1373.53,106954752,48807936,43580208,41.56,4140123
1770195355488,5496.09,1375.25,106954752,48807936,43803792,41.77,4141457
1770195355589,5496.35,1375.39,106954752,48807936,43805240,41.78,4141457
1770195355691,5496.52,1375.50,106954752,48807936,43806688,41.78,4141457
1770195355791,5498.86,1377.67,106954752,48807936,44030320,41.99,4142791
1770195355893,5499.01,1377.77,106954752,48807936,44031768,41.99,4142791
1770195355994,5505.08,1379.34,107216896,49070080,43018120,41.03,4152317
1770195356094,5505.21,1379.41,107216896,49070080,43019568,41.03,4152317
1770195356196,5505.33,1379.49,107216896,49070080,43021016,41.03,4152317
1770195356297,5508.10,1381.15,107216896,49070080,43244528,41.24,4128598
1770195356398,5508.30,1381.31,107216896,49070080,43245976,41.24,4128598
1770195356498,5510.56,1382.70,107216896,49070080,43469488,41.46,4129932
1770195356600,5510.73,1382.79,107216896,49070080,43470936,41.46,4129932
1770195356701,5510.97,1382.93,107216896,49070080,43472384,41.46,4129932
1770195356801,5513.31,1384.84,107233280,49070080,43695912,41.67,4131266
1770195356903,5513.53,1384.91,107233280,49070080,43697360,41.67,4131266
1770195357004,5515.56,1386.65,107233280,49070080,43921192,41.89,4140792
1770195357105,5515.74,1386.75,107233280,49070080,43922640,41.89,4140792
1770195357207,5516.07,1386.89,107233280,49070080,43924088,41.89,4140792
1770195357308,5518.70,1388.52,107233280,49070080,44148224,42.10,4142126
1770195357408,5518.97,1388.68,107233280,49070080,44149672,42.10,4142126
1770195357510,5521.75,1390.49,107233280,49070080,44373208,42.32,4143460
1770195357611,5521.98,1390.61,107233280,49070080,44374680,42.32,4143460
1770195357712,5522.14,1390.71,107233280,49070080,44376128,42.32,4143460
1770195357814,5525.15,1392.64,107429888,49332224,43223376,41.22,4144794
1770195357915,5525.31,1392.73,107429888,49332224,43224848,41.22,4144794
1770195358016,5527.55,1394.62,107429888,49332224,43448584,41.44,4136790
1770195358116,5527.70,1394.73,107429888,49332224,43450056,41.44,4136790
1770195358217,5527.88,1394.86,107429888,49332224,43451504,41.44,4136790
1770195358319,5530.90,1396.55,107446272,49332224,43675104,41.65,4138124
1770195358420,5531.13,1396.68,107446272,49332224,43676552,41.65,4138124
1770195358522,5535.22,1398.32,107446272,49332224,43900616,41.87,4139458
1770195358623,5535.44,1398.44,107446272,49332224,43902064,41.87,4139458
1770195358723,5538.72,1399.72,107446272,49332224,44015136,41.98,4140127
1770195358824,5541.70,1400.55,107446272,49332224,44127080,42.08,4140792
1770195358925,5541.96,1400.68,107446272,49332224,44128528,42.08,4140792
1770195359026,5543.65,1402.00,107446272,49332224,44352120,42.30,4150318
1770195359127,5543.81,1402.09,107446272,49332224,44353592,42.30,4150318
1770195359227,5546.15,1403.83,107446272,49332224,44576968,42.51,4151652
1770195359327,5546.30,1403.90,107446272,49332224,44578416,42.51,4151652
1770195359429,5546.54,1404.01,107446272,49332224,44579864,42.51,4151652
1770195359530,5552.47,1405.81,107462656,49332224,44803248,42.73,4152986
1770195359632,5552.62,1405.94,107462656,49332224,44804696,42.73,4152986
1770195359732,5558.22,1407.84,107675648,49594368,43528248,41.51,4154320
1770195359834,5558.35,1407.90,107675648,49594368,43529696,41.51,4154320
1770195359935,5558.55,1408.02,107675648,49594368,43531144,41.51,4154320
1770195360036,5569.93,1409.99,107692032,49594368,43749848,41.72,4137455
1770195360138,5570.16,1410.13,107692032,49594368,43751320,41.72,4137455
1770195360239,5575.03,1411.90,107692032,49594368,43967296,41.93,4138789
1770195360339,5575.12,1411.95,107692032,49594368,43968744,41.93,4138789
1770195360440,5575.23,1412.02,107692032,49594368,43970192,41.93,4138789
1770195360542,5577.66,1413.57,107692032,49594368,44185384,42.14,4140123
1770195360643,5578.04,1413.84,107692032,49594368,44186832,42.14,4140123
1770195360743,5580.51,1415.49,107692032,49594368,44402064,42.35,4141457
1770195360843,5580.77,1415.62,107692032,49594368,44403512,42.35,4141457
1770195360945,5581.06,1415.78,107692032,49594368,44404960,42.35,4141457
1770195361045,5584.07,1417.72,107692032,49594368,44851392,42.77,4150983
1770195361146,5584.32,1417.82,107692032,49594368,44852864,42.78,4150983
1770195361247,5589.39,1419.56,107724800,49594368,45068392,42.98,4152317
1770195361347,5589.51,1419.63,107724800,49594368,45069840,42.98,4152317
1770195361449,5590.89,1419.73,107724800,49594368,45071288,42.98,4152317
1770195361550,5594.27,1421.63,107757568,49594368,45286568,43.19,4153651
1770195361650,5594.54,1421.83,107757568,49594368,45288016,43.19,4153651
1770195361752,5599.17,1424.55,108281856,54312960,44088896,42.05,4154985
1770195361853,5599.30,1424.62,108281856,54312960,44090344,42.05,4154985
1770195361954,5599.50,1424.73,108281856,54312960,44091792,42.05,4154985
1770195362055,5608.45,1426.80,108298240,54312960,44307432,42.25,4137455
1770195362157,5608.73,1426.98,108298240,54312960,44308880,42.26,4137455
1770195362257,5611.46,1428.79,108298240,54312960,44524128,42.46,4138789
1770195362358,5611.67,1428.90,108298240,54312960,44525576,42.46,4138789
1770195362459,5611.94,1429.02,108298240,54312960,44527024,42.46,4138789
1770195362559,5615.35,1430.79,108298240,54312960,44742520,42.67,4140123
1770195362659,5615.55,1430.91,108298240,54312960,44743968,42.67,4140123
1770195362761,5625.66,1432.73,108298240,54312960,45149912,43.06,4141457
1770195362862,5625.79,1432.81,108298240,54312960,45151360,43.06,4141457
1770195362962,5626.01,1432.94,108298240,54312960,45152808,43.06,4141457
1770195363063,5628.78,1434.62,108314624,54312960,45367984,43.27,4150983
1770195363164,5628.95,1434.72,108314624,54312960,45369432,43.27,4150983
1770195363265,5631.77,1436.54,108314624,54312960,45584384,43.47,4152317
1770195363366,5631.97,1436.65,108314624,54312960,45585832,43.47,4152317
1770195363467,5632.24,1436.81,108314624,54312960,45587280,43.48,4152317
1770195363569,5635.15,1438.78,108314624,54312960,45802336,43.68,4153651
1770195363670,5635.26,1438.86,108314624,54312960,45803784,43.68,4153651
1770195363770,5637.73,1440.68,108412928,54312960,46018752,43.89,4154985
1770195363872,5637.88,1440.76,108412928,54312960,46020200,43.89,4154985
1770195363972,5638.17,1440.92,108412928,54312960,46021648,43.89,4154985
1770195364073,5658.63,1443.18,108625920,54312960,46238984,44.10,4164511
1770195364174,5658.76,1443.24,108625920,54312960,46240456,44.10,4164511
1770195364275,5660.73,1444.66,108838912,54312960,46453864,44.30,4165845
1770195364376,5660.85,1444.74,108838912,54312960,46455336,44.30,4165845
1770195364477,5660.97,1444.80,108838912,54312960,46456784,44.30,4165845
1770195364578,5687.03,1446.87,109084672,54312960,46670600,44.51,4167179
1770195364679,5687.15,1446.93,109084672,54312960,46672072,44.51,4167179
1770195364779,5689.17,1448.42,109281280,54312960,46882624,44.71,4168513
1770195364879,5689.32,1448.52,109281280,54312960,46884096,44.71,4168513
1770195364980,5689.47,1448.63,109281280,54312960,46885544,44.71,4168513
1770195365081,5691.22,1450.31,109494272,54312960,47096280,44.91,4178039
1770195365183,5691.39,1450.42,109494272,54312960,47097752,44.92,4178039
1770195365284,5698.30,1452.27,109690880,54312960,47308424,45.12,4179373
1770195365385,5698.55,1452.42,109690880,54312960,47309896,45.12,4179373
1770195365486,5698.85,1452.58,109690880,54312960,47311344,45.12,4179373
1770195365586,5701.63,1454.44,109887488,54312960,47521832,45.32,4180707
1770195365688,5701.90,1454.59,109887488,54312960,47523304,45.32,4180707
1770195365788,5704.47,1456.68,110116864,54312960,47733744,45.52,4182043
1770195365889,5704.73,1456.79,110116864,54312960,47735216,45.52,4182043
1770195365990,5705.00,1456.98,110116864,54312960,47736664,45.53,4182043
1770195366091,5708.37,1458.72,110592000,54575104,44813784,42.74,4191571
1770195366191,5708.59,1458.85,110592000,54575104,44815256,42.74,4191571
1770195366293,5711.58,1461.36,110592000,54575104,45025688,42.94,4128600
1770195366393,5711.81,1461.49,110592000,54575104,45027160,42.94,4128600
1770195366493,5711.99,1461.59,110592000,54575104,45028608,42.94,4128600
1770195366594,5714.67,1463.35,110592000,54575104,45239080,43.14,4129936
1770195366694,5714.93,1463.49,110592000,54575104,45240552,43.14,4129936
1770195366795,5719.32,1465.49,110592000,54575104,45450984,43.35,4131272
1770195366896,5719.56,1465.62,110592000,54575104,45452456,43.35,4131272
1770195366997,5719.82,1465.84,110592000,54575104,45453904,43.35,4131272
1770195367098,5722.45,1467.75,110510080,54575104,45664600,43.55,4140800
1770195367199,5722.81,1467.99,110510080,54575104,45666072,43.55,4140800
1770195367299,5725.45,1469.84,110526464,54575104,45876752,43.75,4142136
1770195367400,5725.73,1469.96,110526464,54575104,45878224,43.75,4142136
1770195367501,5725.88,1470.06,110526464,54575104,45879672,43.75,4142136
1770195367602,5729.84,1472.08,110526464,54575104,46090264,43.96,4143472
1770195367703,5730.10,1472.24,110526464,54575104,46091736,43.96,4143472
1770195367804,5734.23,1474.23,110641152,54575104,46302208,44.16,4144808
1770195367904,5734.51,1474.37,110641152,54575104,46303680,44.16,4144808
1770195368005,5734.81,1474.53,110641152,54575104,46305128,44.16,4144808
1770195368106,5738.38,1477.11,110837760,54575104,46515856,44.36,4154336
1770195368207,5738.66,1477.27,110837760,54575104,46517328,44.36,4154336
1770195368308,5741.82,1479.36,111034368,54575104,46728376,44.56,4155672
1770195368409,5742.09,1479.52,111034368,54575104,46729848,44.57,4155672
1770195368510,5742.37,1479.69,111034368,54575104,46731296,44.57,4155672
1770195368611,5745.46,1481.72,111263744,54575104,46941768,44.77,4157008
1770195368711,5745.73,1481.87,111263744,54575104,46943240,44.77,4157008
1770195368813,5748.89,1484.03,111460352,54575104,47153752,44.97,4158344
1770195368913,5749.17,1484.17,111460352,54575104,47155224,44.97,4158344
1770195369014,5749.45,1484.35,111476736,54575104,47156672,44.97,4158344
1770195369115,5761.39,1486.74,111673344,54575104,47370864,45.18,4167872
1770195369216,5761.66,1486.85,111673344,54575104,47372336,45.18,4167872
1770195369316,5764.02,1488.77,111886336,54575104,47582760,45.38,4169208
1770195369417,5764.30,1488.91,111886336,54575104,47584232,45.38,4169208
1770195369518,5764.59,1489.06,111886336,54575104,47585680,45.38,4169208
1770195369618,5767.24,1490.90,112099328,54575104,47796136,45.58,4170544
1770195369719,5767.48,1491.02,112099328,54575104,47797608,45.58,4170544
1770195369820,5782.89,1493.19,112312320,54575104,48008800,45.78,4171880
1770195369921,5783.12,1493.30,112312320,54575104,48010272,45.79,4171880
1770195370021,5783.42,1493.44,112312320,54575104,48011720,45.79,4171880
1770195370121,6013.98,1508.65,152813568,97042432,64714840,61.72,4126596
1770195370223,6101.88,1509.94,155648000,97828864,74616592,71.16,4126596
1770195370324,6103.40,1511.18,155648000,97828864,74826616,71.36,4127932
1770195370424,6103.57,1511.28,155648000,97828864,74828088,71.36,4127932
1770195370526,6103.66,1511.33,155648000,97828864,74829536,71.36,4127932
1770195370627,6104.88,1511.96,155648000,97828864,75039696,71.56,4129268
1770195370729,6105.01,1512.04,155648000,97828864,75041168,71.56,4129268
1770195370830,6106.60,1513.38,155648000,97828864,75431304,71.94,4130604
1770195370931,6106.76,1513.46,155418624,97828864,75432776,71.94,4130604
1770195371032,6106.97,1513.63,155418624,97828864,75434224,71.94,4130604
1770195371132,6108.92,1515.00,155418624,97828864,75644424,72.14,4140132
1770195371234,6109.19,1515.13,155418624,97828864,75645896,72.14,4140132
1770195371335,6111.91,1516.84,155418624,97828864,75855824,72.34,4141468
1770195371436,6112.20,1517.00,155418624,97828864,75857296,72.34,4141468
1770195371537,6112.52,1517.13,155418624,97828864,75858728,72.34,4141468
1770195371638,6115.24,1519.04,155418624,97828864,76068656,72.54,4142804
1770195371739,6115.52,1519.16,155418624,97828864,76070128,72.55,4142804
1770195371840,6118.41,1521.06,155418624,97828864,76280120,72.75,4144140
1770195371940,6118.70,1521.22,155418624,97828864,76281592,72.75,4144140
1770195372041,6118.98,1521.35,155418624,97828864,76283040,72.75,4144140
1770195372142,6127.37,1525.60,156827648,99926016,64314968,61.34,4153668
1770195372242,6127.67,1525.75,156827648,99926016,64316440,61.34,4153668
1770195372342,6130.71,1527.78,156844032,99926016,64526416,61.54,4137460
1770195372444,6130.96,1527.93,156844032,99926016,64527888,61.54,4137460
1770195372545,6131.24,1528.08,156844032,99926016,64529336,61.54,4137460
1770195372646,6134.43,1530.12,156844032,99926016,64739400,61.74,4138796
1770195372747,6145.67,1530.38,156860416,99926016,64751048,61.75,4138796
1770195372848,6148.57,1532.34,156860416,99926016,64961016,61.95,4140132
1770195372949,6148.84,1532.48,156860416,99926016,64962464,61.95,4140132
1770195373049,6149.12,1532.65,156860416,99926016,64963912,61.95,4140132
1770195373149,6152.08,1534.63,156860416,99926016,65174104,62.15,4149660
1770195373249,6152.36,1534.78,156860416,99926016,65175576,62.16,4149660
1770195373350,6155.07,1536.65,156860416,99926016,65385672,62.36,4150996
1770195373451,6155.35,1536.82,156860416,99926016,65387144,62.36,4150996
1770195373551,6155.63,1536.97,156860416,99926016,65388592,62.36,4150996
1770195373653,6158.27,1539.01,156860416,99926016,65598616,62.56,4152332
1770195373754,6158.55,1539.15,156860416,99926016,65600088,62.56,4152332
1770195373855,6161.61,1541.20,156860416,99926016,65810064,62.76,4153668
1770195373956,6161.84,1541.30,156860416,99926016,65811512,62.76,4153668
1770195374057,6162.10,1541.44,156860416,99926016,65812960,62.76,4153668
1770195374158,6164.55,1543.35,156876800,99926016,66023168,62.96,4163196
1770195374260,6164.82,1543.51,156876800,99926016,66024640,62.97,4163196
1770195374361,6167.90,1545.68,156876800,99926016,66234568,63.17,4164532
1770195374462,6168.17,1545.82,156876800,99926016,66236040,63.17,4164532
1770195374562,6168.37,1545.93,156876800,99926016,66237488,63.17,4164532
1770195374664,6171.16,1547.83,156876800,99926016,66447512,63.37,4165868
1770195374765,6171.36,1547.95,156876800,99926016,66448984,63.37,4165868
1770195374867,6173.56,1549.66,156876800,99926016,66659328,63.57,4167204
1770195374968,6173.78,1549.81,156876800,99926016,66660800,63.57,4167204
1770195375068,6173.96,1549.91,156876800,99926016,66662248,63.57,4167204
1770195375169,6178.26,1551.71,156876800,99926016,66872472,63.77,4176732
1770195375270,6178.41,1551.81,156876800,99926016,66873944,63.78,4176732
1770195375372,6180.15,1553.33,156893184,99926016,67083960,63.98,4178068
1770195375472,6180.42,1553.48,156893184,99926016,67085432,63.98,4178068
1770195375573,6181.48,1554.68,156893184,99926016,67191648,64.08,4178738
1770195375675,6182.29,1555.42,156893184,99926016,67296800,64.18,4179404
1770195375776,6182.38,1555.47,156893184,99926016,67298272,64.18,4179404
1770195375877,6183.66,1556.37,156893184,99926016,67508224,64.38,4180740
1770195375977,6183.85,1556.42,156893184,99926016,67509696,64.38,4180740
1770195376078,6185.43,1557.85,156909568,99926016,67719928,64.58,4190268
1770195376179,6185.52,1557.90,156909568,99926016,67721400,64.58,4190268
1770195376280,6185.73,1558.02,156909568,99926016,67722848,64.59,4190268
1770195376381,6189.00,1560.18,156909568,99926016,67932824,64.79,4191604
1770195376481,6189.30,1560.35,156909568,99926016,67934296,64.79,4191604
1770195376582,6192.15,1562.28,156909568,99926016,68144168,64.99,4192940
1770195376683,6192.27,1562.34,156909568,99926016,68145640,64.99,4192940
1770195376784,6192.51,1562.49,156909568,99926016,68147088,64.99,4192940
1770195376885,6197.56,1564.47,156909568,99926016,68357208,65.19,4194276
1770195376986,6197.83,1564.64,156909568,99926016,68358680,65.19,4194276
1770195377085,6205.63,1566.81,156909568,99926016,68568832,65.39,4203804
1770195377186,6207.69,1566.89,156925952,99926016,68582424,65.41,4203804
1770195377287,6207.84,1567.00,156925952,99926016,68583872,65.41,4203804
1770195377388,6211.29,1568.98,156925952,99926016,68793576,65.61,4205140
1770195377488,6211.41,1569.07,156925952,99926016,68795048,65.61,4205140
1770195377588,6213.44,1570.82,156925952,99926016,69004824,65.81,4206476
1770195377688,6213.55,1570.88,156925952,99926016,69006296,65.81,4206476
1770195377789,6213.74,1570.99,156925952,99926016,69007744,65.81,4206476
1770195377889,6216.59,1572.94,156925952,99926016,69217472,66.01,4207812
1770195377990,6216.86,1573.11,156925952,99926016,69218944,66.01,4207812
1770195378090,6219.10,1574.58,156925952,99926016,69428784,66.21,4217340
1770195378192,6219.95,1574.85,156925952,99926016,69430312,66.21,4217340
1770195378293,6297.73,1586.65,114769920,56934400,42226648,40.27,4117738
1770195378395,6307.88,1588.45,114769920,56934400,42726760,40.75,4119074
1770195378496,6308.03,1588.55,114769920,56934400,42728232,40.75,4119074
1770195378596,6310.43,1590.38,114769920,56934400,42952888,40.96,4120410
1770195378697,6310.52,1590.43,114769920,56934400,42954360,40.96,4120410
1770195378798,6310.72,1590.54,114769920,56934400,42955808,40.97,4120410
1770195378900,6373.72,1597.98,102858752,46448640,42508416,40.54,4119074
1770195379001,6373.87,1598.05,102858752,46448640,42509936,40.54,4119074
1770195379101,6375.67,1599.63,103071744,46448640,42735240,40.76,4128602
1770195379202,6375.80,1599.73,103071744,46448640,42736712,40.76,4128602
1770195379303,6375.93,1599.79,103071744,46448640,42738160,40.76,4128602
1770195379403,6382.45,1601.80,103301120,46448640,42970480,40.98,4129938
1770195379504,6438.14,1605.24,102662144,45924352,42016984,40.07,4117738
1770195379604,6448.72,1607.37,102940672,45924352,42678360,40.70,4119074
1770195379705,6448.82,1607.42,102940672,45924352,42679832,40.70,4119074
1770195379805,6449.01,1607.54,102940672,45924352,42681280,40.70,4119074
1770195379907,6452.43,1609.81,103153664,45924352,42906112,40.92,4120410
1770195380007,6452.64,1609.95,103153664,45924352,42907584,40.92,4120410
1770195380108,6455.14,1611.77,103366656,45924352,43132784,41.13,4129938
1770195380208,6455.28,1611.84,103366656,45924352,43134256,41.14,4129938
1770195380309,6455.49,1611.94,103366656,45924352,43135704,41.14,4129938
1770195380410,6472.53,1614.15,103972864,49070080,42519568,40.55,4131274
1770195380511,6472.74,1614.26,103972864,49070080,42521040,40.55,4131274
1770195380612,6477.40,1616.05,104202240,49070080,42745928,40.77,4129268
1770195380713,6477.52,1616.12,104202240,49070080,42747400,40.77,4129268
1770195380814,6477.69,1616.20,104202240,49070080,42748848,40.77,4129268
1770195380915,6480.66,1618.04,104415232,49070080,42973696,40.98,4130604
1770195381016,6480.83,1618.10,104415232,49070080,42975168,40.98,4130604
1770195381116,6484.11,1619.01,104644608,49070080,43200472,41.20,4140132
1770195381217,6484.17,1619.05,104644608,49070080,43201944,41.20,4140132
1770195381319,6484.32,1619.10,104644608,49070080,43203392,41.20,4140132
1770195381420,6487.75,1621.20,104857600,49070080,43428088,41.42,4141468
1770195381521,6488.03,1621.35,104857600,49070080,43429560,41.42,4141468
1770195381623,6490.89,1623.30,105070592,49070080,43654296,41.63,4142804
1770195381724,6491.18,1623.46,105086976,49070080,43655768,41.63,4142804
1770195381824,6491.46,1623.62,105086976,49070080,43657216,41.63,4142804
1770195381924,6494.63,1625.58,105299968,49070080,43882472,41.85,4144140
1770195382026,6494.86,1625.70,105299968,49070080,43883944,41.85,4144140
1770195382127,6498.10,1627.58,105512960,49070080,44108816,42.07,4153668
1770195382227,6498.25,1627.65,105512960,49070080,44110304,42.07,4153668
1770195382328,6498.40,1627.76,105512960,49070080,44111752,42.07,4153668
1770195382430,6500.13,1629.13,105758720,49070080,44336448,42.28,4155004
1770195382531,6500.25,1629.20,105758720,49070080,44337920,42.28,4155004
1770195382631,6503.53,1630.84,105807872,49070080,42981760,40.99,4128602
1770195382732,6503.65,1630.91,105807872,49070080,42983232,40.99,4128602
1770195382833,6503.77,1630.98,105807872,49070080,42984680,40.99,4128602
1770195382934,6518.25,1633.01,105857024,49070080,43209592,41.21,4129938
1770195383035,6518.42,1633.11,105857024,49070080,43211040,41.21,4129938
1770195383135,6521.22,1634.81,105873408,49070080,43435912,41.42,4139466
1770195383236,6521.44,1634.90,105873408,49070080,43437384,41.43,4139466
1770195383338,6521.75,1635.07,105873408,49070080,43438832,41.43,4139466
1770195383439,6525.91,1636.97,106053632,49070080,43663576,41.64,4140802
1770195383539,6526.17,1637.11,106053632,49070080,43665048,41.64,4140802
1770195383639,6529.20,1639.03,106266624,49070080,43889344,41.86,4142138
1770195383741,6529.43,1639.17,106266624,49070080,43890816,41.86,4142138
1770195383842,6529.58,1639.24,106266624,49070080,43892264,41.86,4142138
1770195383943,6532.26,1641.23,106479616,49070080,44116520,42.07,4143474
1770195384044,6532.46,1641.33,106479616,49070080,44117992,42.07,4143474
1770195384144,6535.05,1643.43,106708992,49070080,44342416,42.29,4153002
1770195384245,6535.24,1643.54,106708992,49070080,44343888,42.29,4153002
1770195384346,6535.52,1643.70,106708992,49070080,44345336,42.29,4153002
1770195384447,6540.97,1646.05,106987520,49070080,43098392,41.10,4154338
1770195384548,6541.13,1646.16,106987520,49070080,43099864,41.10,4154338
1770195384649,6543.41,1647.77,107003904,49070080,43324408,41.32,4129268
1770195384749,6543.60,1647.88,107003904,49070080,43325856,41.32,4129268
1770195384851,6543.86,1648.03,107003904,49070080,43327304,41.32,4129268
1770195384952,6548.18,1650.04,107003904,49070080,43551624,41.53,4130604
1770195385053,6548.41,1650.14,107003904,49070080,43553072,41.54,4130604
1770195385153,6551.85,1651.98,107003904,49070080,43777592,41.75,4140132
1770195385253,6552.07,1652.10,107003904,49070080,43779040,41.75,4140132
1770195385354,6552.23,1652.19,107003904,49070080,43780488,41.75,4140132
1770195385454,6554.06,1653.60,107003904,49070080,44004736,41.97,4141468
1770195385555,6554.21,1653.70,107003904,49070080,44006184,41.97,4141468
1770195385657,6556.45,1655.45,107003904,49070080,44230408,42.18,4142804
1770195385758,6556.58,1655.53,107003904,49070080,44231856,42.18,4142804
1770195385859,6556.76,1655.64,107003904,49070080,44233304,42.18,4142804
1770195385959,6563.45,1657.70,107020288,49070080,44458992,42.40,4144140
1770195386060,6563.62,1657.80,107020288,49070080,44460440,42.40,4144140
1770195386160,6565.52,1659.37,107020288,49070080,44684952,42.61,4153668
1770195386262,6565.69,1659.45,107020288,49070080,44686400,42.62,4153668
1770195386362,6565.90,1659.57,107020288,49070080,44687848,42.62,4153668
1770195386463,6569.65,1662.16,104103936,45924352,43429816,41.42,4128602
1770195386564,6569.91,1662.32,104103936,45924352,43431264,41.42,4128602
1770195386664,6572.09,1664.01,104103936,45924352,43655592,41.63,4129938
1770195386766,6572.22,1664.11,104103936,45924352,43657040,41.63,4129938
1770195386867,6572.36,1664.19,104103936,45924352,43658488,41.64,4129938
1770195386968,6575.27,1666.14,104103936,45924352,43882832,41.85,4131274
1770195387069,6575.55,1666.33,104103936,45924352,43884280,41.85,4131274
1770195387169,6579.73,1668.59,104628224,47497216,43471328,41.46,4136124
1770195387269,6579.95,1668.71,104628224,47497216,43472800,41.46,4136124
1770195387370,6580.12,1668.82,104628224,47497216,43474248,41.46,4136124
1770195387472,6582.42,1670.47,104857600,47497216,43698504,41.67,4137460
1770195387573,6582.57,1670.56,104857600,47497216,43699976,41.68,4137460
1770195387674,6585.32,1672.30,105070592,47497216,43924232,41.89,4138796
1770195387775,6585.46,1672.39,105070592,47497216,43925704,41.89,4138796
1770195387875,6585.58,1672.45,105070592,47497216,43927152,41.89,4138796
1770195387977,6589.53,1674.61,105381888,47497216,43493480,41.48,4140132
1770195388077,6589.81,1674.77,105381888,47497216,43494928,41.48,4140132
1770195388179,6593.18,1676.84,105381888,47497216,43719352,41.69,4144986
1770195388279,6593.46,1676.98,105381888,47497216,43720824,41.70,4144986
1770195388380,6593.72,1677.13,105381888,47497216,43722272,41.70,4144986
1770195388480,6598.70,1679.05,105381888,47497216,43947136,41.91,4146322
1770195388582,6598.99,1679.21,105381888,47497216,43948608,41.91,4146322
1770195388683,6606.05,1681.33,105381888,47497216,44250560,42.20,4147658
1770195388784,6606.32,1681.47,105381888,47497216,44252032,42.20,4147658
1770195388884,6606.58,1681.61,105381888,47497216,44253480,42.20,4147658
1770195388984,6611.50,1683.80,105529344,47759360,43715864,41.69,4148994
1770195389086,6611.79,1683.95,105529344,47759360,43717336,41.69,4148994
1770195389187,6618.32,1686.02,105529344,47759360,43941640,41.91,4145652
1770195389288,6618.59,1686.16,105529344,47759360,43943112,41.91,4145652
1770195389388,6618.84,1686.28,105529344,47759360,43944560,41.91,4145652
1770195389489,6621.72,1688.19,105545728,47759360,44168584,42.12,4146988
1770195389590,6622.00,1688.36,105545728,47759360,44170056,42.12,4146988
1770195389691,6627.38,1690.38,105545728,47759360,44394464,42.34,4148324
1770195389792,6627.66,1690.52,105545728,47759360,44395936,42.34,4148324
1770195389894,6627.96,1690.68,105545728,47759360,44397384,42.34,4148324
1770195389994,6641.53,1692.90,105807872,47759360,43869320,41.84,4149660
1770195390096,6641.77,1693.06,105807872,47759360,43870792,41.84,4149660
1770195390197,6649.54,1694.97,105807872,47759360,44092888,42.05,4145652
1770195390298,6649.69,1695.06,105807872,47759360,44094336,42.05,4145652
1770195390399,6649.85,1695.17,105807872,47759360,44095784,42.05,4145652
1770195390499,6653.96,1696.93,105807872,47759360,44312272,42.26,4146988
1770195390600,6654.13,1697.04,105807872,47759360,44313720,42.26,4146988
1770195390702,6660.55,1698.92,105824256,47759360,44529760,42.47,4148324
1770195390803,6660.80,1699.08,105824256,47759360,44531208,42.47,4148324
1770195390903,6661.11,1699.30,105824256,47759360,44532656,42.47,4148324
1770195391004,6671.73,1701.01,106070016,49856512,44027496,41.99,4149660
1770195391106,6671.86,1701.07,106070016,49856512,44028944,41.99,4149660
1770195391207,6678.22,1702.94,106070016,49856512,44244984,42.20,4145652
1770195391308,6678.48,1703.17,106070016,49856512,44246432,42.20,4145652
1770195391409,6678.64,1703.27,106070016,49856512,44247880,42.20,4145652
1770195391509,6680.85,1704.59,106119168,49856512,44521888,42.46,4146988
1770195391611,6680.99,1704.68,106119168,49856512,44523336,42.46,4146988
1770195391711,6689.38,1706.46,106135552,49856512,44740952,42.67,4148324
1770195391811,6689.55,1706.57,106135552,49856512,44742400,42.67,4148324
1770195391913,6689.84,1706.71,106135552,49856512,44743848,42.67,4148324
1770195392014,6692.73,1708.69,106201088,49856512,44959528,42.88,4149660
1770195392114,6692.89,1708.79,106201088,49856512,44960976,42.88,4149660
1770195392214,6694.79,1710.66,106397696,49856512,45176824,43.08,4159188
1770195392315,6694.93,1710.74,106397696,49856512,45178296,43.09,4159188
1770195392417,6695.08,1710.86,106414080,49856512,45179744,43.09,4159188
1770195392518,6697.19,1712.46,106627072,49856512,45395416,43.29,4160524
1770195392619,6697.49,1712.60,106627072,49856512,45396888,43.29,4160524
1770195392720,6703.26,1714.21,106823680,49856512,45620264,43.51,4161860
1770195392820,6703.49,1714.32,106823680,49856512,45621736,43.51,4161860
1770195392922,6703.62,1714.40,106823680,49856512,45623184,43.51,4161860
1770195393022,6706.36,1716.69,107036672,49856512,45838912,43.72,4163196
1770195393123,6706.55,1716.77,107036672,49856512,45840384,43.72,4163196
1770195393225,6710.98,1719.45,105136128,47497216,44756544,42.68,4144986
1770195393325,6711.18,1719.56,105136128,47497216,44757992,42.68,4144986
1770195393426,6711.32,1719.62,105136128,47497216,44759440,42.69,4144986
1770195393527,6714.20,1721.57,105136128,47497216,44974784,42.89,4146322
1770195393629,6714.58,1721.78,105136128,47497216,44976232,42.89,4146322
1770195393730,6717.48,1723.51,105136128,47497216,45191696,43.10,4147658
1770195393830,6717.71,1723.64,105136128,47497216,45193144,43.10,4147658
1770195393932,6722.67,1724.88,105611264,48807936,44696768,42.63,4148328
1770195394034,6742.47,1725.66,105725952,48807936,44807848,42.73,4136794
1770195394136,6742.75,1725.83,105725952,48807936,44809320,42.73,4136794
1770195394237,6745.49,1727.66,105955328,48807936,45022720,42.94,4146322
1770195394338,6745.75,1727.84,105955328,48807936,45024168,42.94,4146322
1770195394438,6749.07,1728.98,106053632,48807936,45131928,43.04,4146992
1770195394539,6774.83,1730.21,106168320,48807936,45239136,43.14,4147658
1770195394640,6775.06,1730.36,106168320,48807936,45240584,43.14,4147658
1770195394740,6777.23,1732.17,106381312,48807936,45451000,43.35,4148994
1770195394841,6777.44,1732.26,106381312,48807936,45452448,43.35,4148994
1770195394941,6780.19,1734.12,106725376,50905088,44923384,42.84,4150330
1770195395043,6780.28,1734.16,106725376,50905088,44924856,42.84,4150330
1770195395144,6780.44,1734.26,106725376,50905088,44926304,42.85,4150330
1770195395244,6783.08,1736.17,106725376,50905088,45136792,43.05,4145652
1770195395344,6783.22,1736.24,106725376,50905088,45138240,43.05,4145652
1770195395445,6785.89,1738.05,106741760,50905088,45348720,43.25,4146988
1770195395546,6786.00,1738.10,106741760,50905088,45350168,43.25,4146988
1770195395648,6786.28,1738.28,106741760,50905088,45351616,43.25,4146988
1770195395749,6788.49,1740.02,106741760,50905088,45561888,43.45,4148324
1770195395850,6788.75,1740.20,106741760,50905088,45563336,43.45,4148324
1770195395950,6791.32,1741.95,106823680,50905088,45773648,43.65,4149660
1770195396051,6791.41,1742.00,106823680,50905088,45775096,43.65,4149660
1770195396151,6791.59,1742.11,106823680,50905088,45776544,43.66,4149660
1770195396253,6793.25,1743.75,107036672,50905088,45987296,43.86,4159188
1770195396353,6793.39,1743.83,107036672,50905088,45988744,43.86,4159188
1770195396453,6795.13,1745.17,107233280,50905088,46199056,44.06,4160524
1770195396553,6795.23,1745.22,107249664,50905088,46200504,44.06,4160524
1770195396655,6795.38,1745.31,107249664,50905088,46201952,44.06,4160524
1770195396755,6799.04,1747.13,107610112,51429376,45113192,43.02,4161860
1770195396856,6799.17,1747.21,107610112,51429376,45114640,43.02,4161860
1770195396955,6802.22,1748.97,107626496,51429376,45324904,43.23,4136794
1770195397056,6803.70,1749.07,107626496,51429376,45326840,43.23,4136794
1770195397158,6803.82,1749.15,107626496,51429376,45328288,43.23,4136794
1770195397258,6805.80,1750.72,107626496,51429376,45538744,43.43,4146322
1770195397360,6805.93,1750.79,107626496,51429376,45540192,43.43,4146322
1770195397460,6807.74,1752.35,107626496,51429376,45750480,43.63,4147658
1770195397560,6807.83,1752.40,107626496,51429376,45751928,43.63,4147658
1770195773430,281.94,80.00,155664384,71254016,46879752,44.71,4109943
1770195773531,282.17,80.17,155664384,71254016,46884560,44.71,4109999
1770195773632,282.28,80.29,155664384,71254016,46887272,44.72,4109999
1770195773734,282.95,80.60,155697152,71254016,46916448,44.74,4109999
1770195773835,283.09,80.66,155697152,71254016,46918784,44.75,4109999
1770195773936,283.63,80.75,155697152,71254016,46921424,44.75,4109999
1770195774037,284.33,80.94,155697152,71254016,46924192,44.75,4109999
1770195774137,284.76,81.14,155697152,71254016,46926496,44.75,4109999
1770195774237,285.20,81.29,155697152,71254016,46928800,44.75,4109999
1770195774339,286.20,81.54,155713536,71254016,46931168,44.76,4109999
1770195774438,286.69,81.64,155729920,71254016,46933568,44.76,4109999
1770195774538,287.13,81.80,155729920,71254016,46935728,44.76,4109999
1770195774639,287.49,81.93,155729920,71254016,46937776,44.76,4109999
1770195774740,287.88,82.08,155729920,71254016,46939824,44.77,4109999
1770195774841,288.23,82.22,155729920,71254016,46941872,44.77,4109999
1770195774942,288.47,82.35,155729920,71254016,46943920,44.77,4109999
1770195775043,292.89,83.42,156008448,71254016,47262384,45.07,4111331
1770195775144,293.00,83.49,156041216,71516160,47476776,45.28,4111331
1770195775245,293.13,83.54,156041216,71516160,47478824,45.28,4111331
1770195775346,300.63,85.76,156221440,71778304,48024072,45.80,4120855
1770195775447,301.29,85.89,156221440,71778304,48026144,45.80,4120855
1770195775548,306.07,87.96,156270592,71778304,48310048,46.07,4122187
1770195775649,306.31,88.03,156270592,71778304,48312120,46.07,4122187
1770195775750,306.71,88.18,156270592,71778304,48314168,46.08,4122187
1770195775851,311.27,90.11,156303360,71778304,48593992,46.34,4123519
1770195775952,311.65,90.27,156303360,71778304,48596064,46.34,4123519
1770195776053,318.06,92.49,156401664,71778304,48875504,46.61,4124851
1770195776154,318.28,92.58,156401664,71778304,48877576,46.61,4124851
1770195776255,318.51,92.66,156401664,71778304,48879624,46.62,4124851
1770195776356,323.99,94.92,156467200,72040448,49374376,47.09,4134375
1770195776456,328.90,95.64,156762112,72040448,49401392,47.11,4134375
1770195776557,333.59,97.73,156794880,72040448,49680064,47.38,4135707
1770195776657,333.86,97.85,156794880,72040448,49682136,47.38,4135707
1770195776759,334.67,98.07,156794880,72040448,49688048,47.39,4135707
1770195776861,339.57,100.41,156794880,72040448,49966768,47.65,4137039
1770195776962,339.96,100.56,156794880,72040448,49968840,47.65,4137039
1770195777063,344.41,102.92,156844032,72302592,50280384,47.95,4138371
1770195777164,344.68,103.03,156844032,72302592,50282504,47.95,4138371
1770195777265,344.99,103.16,156844032,72302592,50284568,47.96,4138371
1770195777366,348.96,105.08,156860416,72302592,50788400,48.44,4147895
1770195777467,349.26,105.24,156860416,72302592,50790488,48.44,4147895
1770195777568,366.19,111.74,163201024,79118336,46852992,44.68,4149229
1770195777669,366.47,111.88,163201024,79118336,46855080,44.68,4149229
1770195777770,366.78,112.01,163201024,79118336,46857144,44.69,4149229
1770195777871,370.24,114.03,163217408,79118336,47135960,44.95,4115949
1770195777972,370.50,114.14,163217408,79118336,47138048,44.95,4115949
1770195778073,375.35,116.10,163233792,79118336,47417000,45.22,4117283
1770195778174,375.58,116.17,163233792,79118336,47419088,45.22,4117283
1770195778275,375.94,116.35,163233792,79118336,47421152,45.22,4117283
1770195778376,380.19,118.83,163233792,79118336,47700216,45.49,4126809
1770195778477,380.43,118.95,163233792,79118336,47702304,45.49,4126809
1770195778578,384.13,121.03,163233792,79118336,47981248,45.76,4128143
1770195778678,384.30,121.10,163233792,79118336,47983336,45.76,4128143
1770195778779,384.46,121.18,163233792,79118336,47985400,45.76,4128143
1770195778880,387.83,122.80,163250176,79118336,48264200,46.03,4129477
1770195778981,388.02,122.89,163250176,79118336,48266288,46.03,4129477
1770195779082,392.10,124.94,163250176,79118336,48545200,46.30,4130811
1770195779183,392.33,125.05,163250176,79118336,48547288,46.30,4130811
1770195779283,392.60,125.17,163250176,79118336,48549352,46.30,4130811
1770195779384,397.10,127.26,163250176,79118336,48828464,46.57,4140337
1770195779485,397.40,127.40,163250176,79118336,48830552,46.57,4140337
1770195779586,401.54,129.56,163266560,79118336,49109568,46.83,4141671
1770195779687,401.83,129.70,163266560,79118336,49111656,46.84,4141671
1770195779788,402.15,129.87,163266560,79118336,49113720,46.84,4141671
1770195779889,410.63,132.83,163332096,79118336,49393184,47.11,4143005
1770195779990,410.83,132.94,163332096,79118336,49395272,47.11,4143005
1770195780092,414.62,134.94,163332096,79118336,49674072,47.37,4144339
1770195780193,414.88,135.07,163332096,79118336,49676160,47.37,4144339
1770195780295,415.18,135.21,163332096,79118336,49678224,47.38,4144339
1770195780396,420.57,137.24,163348480,79118336,49982536,47.67,4153865
1770195780497,420.91,137.42,163348480,79118336,49984624,47.67,4153865
1770195780598,425.29,139.62,163348480,79118336,50263456,47.93,4155199
1770195780699,425.59,139.75,163348480,79118336,50265544,47.94,4155199
1770195780799,425.90,139.87,163348480,79118336,50267608,47.94,4155199
1770195780901,432.92,142.19,163381248,79118336,50546424,48.20,4156533
1770195781002,433.19,142.31,163381248,79118336,50548512,48.21,4156533
1770195781103,438.25,144.63,163381248,79118336,50827360,48.47,4157867
1770195781204,438.60,144.79,163381248,79118336,50829448,48.47,4157867
1770195781305,438.95,144.98,163381248,79118336,50831512,48.48,4157867
1770195781406,443.88,147.37,163381248,79118336,51110568,48.74,4167393
1770195781507,526.94,161.06,130531328,44875776,39645752,37.81,4109545
1770195781608,535.63,163.30,130531328,44875776,39985904,38.13,4110879
1770195781709,535.91,163.44,130531328,44875776,39987960,38.14,4110879
1770195781810,536.16,163.56,130531328,44875776,39989992,38.14,4110879
1770195781911,539.92,165.18,130531328,44875776,40267168,38.40,4112213
1770195782012,540.26,165.33,130531328,44875776,40271312,38.41,4112213
1770195782112,606.45,172.52,129171456,44875776,39598376,37.76,4109545
1770195782212,606.77,172.63,129171456,44875776,39602656,37.77,4109545
1770195782318,610.59,173.66,129318912,44875776,39815904,37.97,4110210
1770195782420,613.17,174.71,129466368,44875776,39950344,38.10,4119071
1770195782521,613.36,174.78,129466368,44875776,39952352,38.10,4119071
1770195782622,618.05,177.48,129712128,44875776,40220816,38.36,4120405
1770195782723,618.37,177.63,129712128,44875776,40222824,38.36,4120405
1770195782824,625.45,179.00,129843200,44875776,40364040,38.49,4121070
1770195782925,628.07,180.34,129974272,44875776,40497472,38.62,4121739
1770195783025,628.38,180.50,129974272,44875776,40499480,38.62,4121739
1770195783126,632.47,182.83,130564096,48021504,39879112,38.03,4120405
1770195783227,632.78,182.94,130564096,48021504,39881096,38.03,4120405
1770195783327,635.02,184.24,130695168,48021504,40014144,38.16,4121070
1770195783427,636.36,185.07,130809856,48021504,40143600,38.28,4129931
1770195783527,636.69,185.23,130809856,48021504,40145608,38.29,4129931
1770195783628,643.29,187.74,131072000,48021504,40410464,38.54,4131265
1770195783729,643.60,187.91,131072000,48021504,40412472,38.54,4131265
1770195783830,645.97,189.18,131203072,48021504,40541240,38.66,4131930
1770195783932,649.14,190.10,131317760,48021504,40670280,38.79,4132599
1770195784033,649.47,190.27,131317760,48021504,40672288,38.79,4132599
1770195784135,659.07,192.73,131612672,48021504,40946240,39.05,4133933
1770195784236,659.39,192.89,131612672,48021504,40948248,39.05,4133933
1770195784338,663.11,195.22,131858432,48021504,41202232,39.29,4143459
1770195784438,663.30,195.29,131858432,48021504,41204240,39.30,4143459
1770195784539,663.60,195.44,131858432,48021504,41206224,39.30,4143459
1770195784641,667.42,197.51,132120576,48021504,41462664,39.54,4144793
1770195784741,667.73,197.65,132120576,48021504,41464672,39.54,4144793
1770195784842,672.88,199.95,132235264,48021504,40118136,38.26,4119740
1770195784943,673.04,200.01,132235264,48021504,40120144,38.26,4119740
1770195785044,673.28,200.10,132235264,48021504,40122128,38.26,4119740
1770195785145,676.71,201.70,132235264,48021504,40381400,38.51,4121074
1770195785246,676.97,201.80,132235264,48021504,40383408,38.51,4121074
1770195785346,681.06,203.69,132235264,48021504,40641800,38.76,4130600
1770195785447,681.30,203.78,132235264,48021504,40643808,38.76,4130600
1770195785547,681.62,203.95,132235264,48021504,40645792,38.76,4130600
1770195785648,690.21,205.89,132513792,48021504,41231824,39.32,4131934
1770195785750,690.48,206.01,132513792,48021504,41233832,39.32,4131934
1770195785851,693.62,207.85,132759552,48021504,41487568,39.57,4133268
1770195785952,693.83,207.93,132759552,48021504,41489576,39.57,4133268
1770195786052,694.17,208.10,132759552,48021504,41491560,39.57,4133268
1770195786153,702.31,210.16,133038080,48021504,41745520,39.81,4134602
1770195786253,702.62,210.33,133038080,48021504,41747528,39.81,4134602
1770195786354,705.82,212.25,133283840,48021504,41998136,40.05,4144128
1770195786455,706.02,212.32,133283840,48021504,42000144,40.05,4144128
1770195786556,706.35,212.44,133283840,48021504,42002128,40.06,4144128
1770195786657,713.56,214.49,133382144,48021504,40723624,38.84,4120405
1770195786758,713.88,214.64,133382144,48021504,40725608,38.84,4120405
1770195786859,717.22,216.58,133382144,48021504,40975880,39.08,4121739
1770195786959,717.42,216.65,133382144,48021504,40977864,39.08,4121739
1770195787060,717.73,216.81,133382144,48021504,40979848,39.08,4121739
1770195787161,721.16,218.68,133398528,48021504,41230216,39.32,4123073
1770195787261,721.38,218.76,133398528,48021504,41232224,39.32,4123073
1770195787361,727.86,220.64,133414912,48021504,41483224,39.56,4132599
1770195787462,728.07,220.71,133414912,48021504,41485208,39.56,4132599
1770195787562,728.38,220.87,133414912,48021504,41487192,39.57,4132599
1770195787662,733.05,222.79,133414912,48021504,41733856,39.80,4133933
1770195787763,733.36,222.94,133414912,48021504,41735840,39.80,4133933
1770195787864,738.23,224.78,133414912,48021504,41981136,40.04,4135267
1770195787965,738.44,224.84,133414912,48021504,41983144,40.04,4135267
1770195788065,738.77,225.01,133414912,48021504,41985128,40.04,4135267
1770195788166,744.43,226.93,133431296,48021504,42230584,40.27,4136601
1770195788267,744.74,227.11,133431296,48021504,42232592,40.28,4136601
1770195788368,750.13,229.04,133464064,48021504,40959472,39.06,4128597
1770195788469,750.32,229.10,133464064,48021504,40961480,39.06,4128597
1770195788570,750.62,229.25,133464064,48021504,40963464,39.07,4128597
1770195788671,755.48,230.91,133464064,48021504,41209208,39.30,4129931
1770195788772,755.81,231.05,133464064,48021504,41211192,39.30,4129931
1770195788874,763.49,233.07,133480448,48021504,41456728,39.54,4131265
1770195788975,763.71,233.16,133480448,48021504,41458712,39.54,4131265
1770195789076,764.04,233.33,133480448,48021504,41460696,39.54,4131265
1770195789177,767.39,235.23,133480448,48021504,41705304,39.77,4132599
1770195789278,767.71,235.38,133480448,48021504,41707288,39.78,4132599
1770195789379,770.80,237.22,133480448,48021504,41952104,40.01,4142125
1770195789480,770.98,237.28,133480448,48021504,41954112,40.01,4142125
1770195789581,771.25,237.38,133480448,48021504,41956096,40.01,4142125
1770195789682,774.38,239.15,133480448,48021504,42200704,40.25,4143459
1770195789783,774.70,239.31,133480448,48021504,42202688,40.25,4143459
1770195789884,778.37,241.11,133480448,48021504,42447392,40.48,4144793
1770195789985,778.58,241.19,133480448,48021504,42449376,40.48,4144793
1770195790086,778.88,241.35,133480448,48021504,42451360,40.48,4144793
1770195790187,783.76,243.40,133480448,48021504,41197496,39.29,4146127
1770195790288,784.09,243.56,133480448,48021504,41199504,39.29,4146127
1770195790389,789.15,245.39,133496832,48021504,41444736,39.52,4129266
1770195790490,789.46,245.50,133496832,48021504,41446744,39.53,4129266
1770195790591,789.75,245.64,133496832,48021504,41448728,39.53,4129266
1770195790692,792.55,247.55,133496832,48021504,41691648,39.76,4130600
1770195790793,792.88,247.72,133496832,48021504,41693632,39.76,4130600
1770195790894,831.08,250.70,134463488,48021504,41937616,39.99,4131934
1770195790996,847.88,251.12,134529024,48021504,41945488,40.00,4131934
1770195791097,848.19,251.28,134529024,48021504,41947472,40.00,4131934
1770195791198,861.43,253.26,134561792,48021504,42190472,40.24,4133268
1770195791299,861.73,253.43,134561792,48021504,42192456,40.24,4133268
1770195791400,865.84,255.32,134561792,48021504,42433680,40.47,4142794
1770195791501,866.12,255.43,134561792,48021504,42435688,40.47,4142794
1770195791602,866.42,255.58,134561792,48021504,42437672,40.47,4142794
1770195791703,874.92,257.22,134561792,48021504,42679104,40.70,4144128
1770195791805,875.23,257.39,134561792,48021504,42681088,40.70,4144128
1770195791906,883.44,259.53,134578176,48021504,41422880,39.50,4145462
1770195792007,883.70,259.63,134578176,48021504,41424888,39.51,4145462
1770195792108,884.00,259.80,134578176,48021504,41426872,39.51,4145462
1770195792209,889.04,261.64,134594560,48021504,41665768,39.74,4121074
1770195792309,889.24,261.76,134594560,48021504,41667752,39.74,4121074
1770195792411,892.20,263.56,134594560,48021504,41906704,39.97,4130600
1770195792512,892.43,263.65,134594560,48021504,41908688,39.97,4130600
1770195792613,892.73,263.82,134594560,48021504,41910672,39.97,4130600
1770195792714,895.55,265.61,134594560,48021504,42149448,40.20,4131934
1770195792815,895.86,265.85,134594560,48021504,42151432,40.20,4131934
1770195792916,898.70,267.71,134610944,48021504,42390216,40.43,4133268
1770195793017,898.97,267.83,134610944,48021504,42392200,40.43,4133268
1770195793118,899.29,268.01,134610944,48021504,42394184,40.43,4133268
1770195793219,902.17,269.74,134610944,48021504,42633056,40.66,4134602
1770195793319,902.47,269.89,134610944,48021504,42635040,40.66,4134602
1770195793419,907.42,272.25,134889472,52215808,41576064,39.65,4144128
1770195793520,907.69,272.36,134889472,52215808,41578048,39.65,4144128
1770195793621,908.00,272.52,134889472,52215808,41580032,39.65,4144128
1770195793721,917.28,274.51,134889472,52215808,41820320,39.88,4120405
1770195793822,917.51,274.63,134889472,52215808,41822304,39.88,4120405
1770195793922,921.00,276.43,134889472,52215808,42063952,40.12,4121739
1770195794023,921.31,276.61,134889472,52215808,42065936,40.12,4121739
1770195794124,921.62,276.78,134889472,52215808,42067920,40.12,4121739
1770195794225,925.84,278.70,134889472,52215808,42318704,40.36,4123073
1770195794325,926.16,278.87,134889472,52215808,42320688,40.36,4123073
1770195794427,935.54,280.81,134889472,52215808,42566072,40.59,4132599
1770195794527,935.81,280.91,134889472,52215808,42568056,40.60,4132599
1770195794628,936.13,281.07,134889472,52215808,42570040,40.60,4132599
1770195794729,939.13,282.90,134889472,52215808,42808744,40.83,4133933
1770195794830,939.44,283.06,134889472,52215808,42810728,40.83,4133933
1770195794931,942.09,284.86,134889472,52215808,43054776,41.06,4135267
1770195795032,942.36,284.99,134889472,52215808,43056760,41.06,4135267
1770195795132,942.66,285.15,134889472,52215808,43058744,41.06,4135267
1770195795233,947.32,287.04,134889472,52215808,43299816,41.29,4136601
1770195795333,947.62,287.19,134889472,52215808,43301800,41.30,4136601
1770195795434,955.29,289.13,135102464,52215808,43550736,41.53,4146127
1770195795535,955.59,289.27,135102464,52215808,43552720,41.54,4146127
1770195795635,955.90,289.44,135102464,52215808,43554704,41.54,4146127
1770195795736,968.80,291.52,135348224,52215808,43803256,41.77,4147461
1770195795838,969.09,291.70,135348224,52215808,43805264,41.78,4147461
1770195795938,971.91,293.36,135577600,52215808,44043696,42.00,4148795
1770195796040,972.16,293.44,135577600,52215808,44045704,42.01,4148795
1770195796141,972.46,293.60,135577600,52215808,44047688,42.01,4148795
1770195796242,975.67,295.73,135806976,52215808,44285160,42.23,4150129
1770195796343,975.97,295.90,135806976,52215808,44287168,42.24,4150129
1770195796443,979.36,297.86,136101888,52215808,44706928,42.64,4159655
1770195796545,979.59,297.99,136101888,52215808,44708936,42.64,4159655
1770195796646,979.91,298.23,136118272,52215808,44710920,42.64,4159655
1770195796747,983.17,300.17,136347648,52215808,44946480,42.86,4160989
1770195796847,983.47,300.31,136347648,52215808,44948488,42.87,4160989
1770195796948,996.08,302.36,136593408,52215808,45218632,43.12,4162323
1770195797049,996.34,302.49,136593408,52215808,45220640,43.13,4162323
1770195797150,996.65,302.76,136593408,52215808,45222624,43.13,4162323
1770195797251,999.42,304.55,136822784,52215808,45452136,43.35,4163657
1770195797352,999.74,304.74,133464064,52215808,45454144,43.35,4163657
1770195797453,1001.73,305.77,133644288,52215808,42493096,40.52,4173183
1770195797554,1001.88,305.85,133644288,52215808,42495104,40.53,4173183
1770195797655,1002.11,305.94,133644288,52215808,42497088,40.53,4173183
1770195797756,1005.26,308.02,133644288,52215808,42726560,40.75,4121074
1770195797857,1005.57,308.20,133644288,52215808,42728544,40.75,4121074
1770195797958,1008.44,310.00,133644288,52215808,42957984,40.97,4122408
1770195798058,1008.68,310.12,133644288,52215808,42959992,40.97,4122408
1770195798159,1008.94,310.20,133644288,52215808,42961976,40.97,4122408
1770195798260,1011.83,312.06,133644288,52215808,43191496,41.19,4123742
1770195798360,1012.13,312.20,110084096,52215808,43193504,41.19,4123742
1770195798461,1014.64,314.02,110084096,52215808,43423224,41.41,4133268
1770195798563,1014.94,314.15,110084096,52215808,43425208,41.41,4133268
1770195798664,1015.26,314.29,110084096,52215808,43427192,41.42,4133268
1770195798765,1018.17,316.21,109985792,52215808,43656728,41.63,4134602
1770195798866,1018.52,316.38,109969408,52215808,43658712,41.64,4134602
1770195798966,1021.13,318.10,110084096,52215808,43888208,41.86,4135936
1770195799068,1021.42,318.24,110084096,52215808,43890216,41.86,4135936
1770195799169,1021.72,318.38,110084096,52215808,43892200,41.86,4135936
1770195799269,1025.96,320.39,110313472,52215808,44122008,42.08,4137270
1770195799371,1026.23,320.52,110313472,52215808,44124016,42.08,4137270
1770195799472,1029.24,322.58,110526464,52215808,44353248,42.30,4146796
1770195799573,1029.54,322.71,110526464,52215808,44355256,42.30,4146796
1770195799674,1029.82,322.83,110526464,52215808,44357240,42.30,4146796
1770195799775,1033.25,324.83,110739456,52215808,44586040,42.52,4148130
1770195799876,1033.56,325.04,110755840,52215808,44588048,42.52,4148130
1770195799977,1038.18,326.85,110968832,52215808,44816848,42.74,4149464
1770195800077,1038.47,327.01,110968832,52215808,44818856,42.74,4149464
1770195800179,1038.73,327.12,110968832,52215808,44820840,42.74,4149464
1770195800280,1043.49,328.97,111214592,52215808,45049784,42.96,4150800
1770195800380,1043.80,329.12,111214592,52215808,45051792,42.96,4150800
1770195800482,1047.92,331.20,111443968,52215808,45281248,43.18,4160328
1770195800584,1048.24,331.38,111443968,52215808,45283256,43.19,4160328
1770195800685,1048.56,331.54,111460352,52215808,45285240,43.19,4160328
1770195800786,1052.47,333.60,111673344,52215808,45514376,43.41,4161664
1770195800887,1052.80,333.79,111673344,52215808,45516384,43.41,4161664
1770195800987,1058.88,335.84,112066560,52740096,43073648,41.08,4120407
1770195801086,1059.11,335.97,112066560,52740096,43075656,41.08,4120407
1770195801188,1059.31,336.06,112066560,52740096,43077640,41.08,4120407
1770195801289,1062.29,337.99,112066560,52740096,43306256,41.30,4121743
1770195801390,1062.57,338.11,112066560,52740096,43308264,41.30,4121743
1770195801491,1065.62,340.10,112082944,52740096,43537080,41.52,4131271
1770195801591,1065.91,340.24,112082944,52740096,43539088,41.52,4131271
1770195801692,1066.18,340.36,112082944,52740096,43541072,41.52,4131271
1770195801793,1069.10,342.29,112082944,52740096,43769720,41.74,4132607
1770195801894,1069.41,342.43,112082944,52740096,43771728,41.74,4132607
1770195801995,1072.20,344.15,112082944,52740096,44000408,41.96,4133943
1770195802095,1072.50,344.30,112082944,52740096,44002416,41.96,4133943
1770195802196,1072.81,344.45,112082944,52740096,44004400,41.97,4133943
1770195802296,1076.15,346.00,112017408,52740096,44234120,42.18,4135279
1770195802398,1076.46,346.23,112017408,52740096,44236128,42.19,4135279
1770195802499,1094.24,348.47,112050176,52740096,44469360,42.41,4144807
1770195802600,1094.53,348.62,112050176,52740096,44471368,42.41,4144807
1770195802700,1094.82,348.75,112050176,52740096,44473352,42.41,4144807
1770195802801,1097.47,350.53,112050176,52740096,44701768,42.63,4146143
1770195802901,1097.80,350.69,112050176,52740096,44703776,42.63,4146143
1770195803003,1105.08,352.64,112050176,52740096,44946896,42.86,4147479
1770195803104,1105.38,352.79,112050176,52740096,44948904,42.87,4147479
1770195803205,1105.66,352.95,112050176,52740096,44950888,42.87,4147479
1770195803305,1108.18,355.53,112050176,52740096,45179232,43.09,4148815
1770195803407,1108.94,355.70,112050176,52740096,45181984,43.09,4148815
1770195803507,1117.24,357.71,112082944,53002240,45623000,43.51,4158343
1770195803609,1117.53,357.84,112082944,53002240,45625008,43.51,4158343
1770195803713,1119.67,359.04,112082944,53002240,45740464,43.62,4159009
1770195803814,1120.81,359.84,112082944,53002240,45854984,43.73,4159679
1770195803915,1121.12,359.99,112082944,53002240,45856992,43.73,4159679
1770195804016,1127.31,361.90,112082944,53002240,46164336,44.03,4161015
1770195804117,1127.61,362.04,112082944,53002240,46166344,44.03,4161015
1770195804217,1130.37,363.34,112082944,53002240,46281840,44.14,4161681
1770195804317,1132.64,364.12,112082944,53002240,46397144,44.25,4162351
1770195804417,1132.94,364.28,112082944,53002240,46399152,44.25,4162351
1770195804519,1136.03,365.99,112099328,53002240,46627336,44.47,4171879
1770195804620,1136.31,366.11,112099328,53002240,46629344,44.47,4171879
1770195804722,1141.30,367.71,112508928,53526528,43748336,41.72,4172545
1770195804822,1142.44,368.46,112508928,53526528,43862840,41.83,4120407
1770195804923,1142.75,368.64,112508928,53526528,43864824,41.83,4120407
1770195805024,1145.44,370.38,112508928,53526528,44092824,42.05,4121743
1770195805125,1145.75,370.54,112508928,53526528,44094808,42.05,4121743
1770195805265,1200.37,375.82,118095872,65880064,49187672,46.91,4119737
1770195805366,1375.15,383.00,132005888,85770240,56904600,54.27,4109546
1770195805467,1375.31,383.05,132005888,85770240,56906656,54.27,4109546
1770195805568,1377.43,384.55,132235264,85770240,57157072,54.51,4119074
1770195805669,1377.73,384.73,132251648,85770240,57159080,54.51,4119074
1770195805770,1381.79,386.76,132464640,85770240,57401352,54.74,4120410
1770195805871,1382.09,386.90,132481024,85770240,57403360,54.74,4120410
1770195805972,1382.41,387.07,132481024,85770240,57405344,54.75,4120410
1770195806073,1385.02,388.85,132694016,85770240,57646680,54.98,4121746
1770195806173,1385.32,389.02,132710400,85770240,57648688,54.98,4121746
1770195806274,1389.14,390.89,132939776,85770240,57897736,55.22,4123082
1770195806375,1389.44,391.03,132939776,85770240,57899744,55.22,4123082
1770195806475,1389.72,391.18,132939776,85770240,57901728,55.22,4123082
1770195806576,1394.25,392.55,133185536,85770240,58151088,55.46,4132610
1770195806677,1394.56,392.74,133087232,85770240,58153096,55.46,4132610
1770195806778,1418.67,394.98,133332992,85770240,58423728,55.72,4133946
1770195806879,1418.92,395.06,133332992,85770240,58425736,55.72,4133946
1770195806981,1419.20,395.19,133332992,85770240,58427720,55.72,4133946
1770195807082,1423.23,397.50,133562368,85770240,58665048,55.95,4135282
1770195807183,1423.54,397.67,133562368,85770240,58667056,55.95,4135282
1770195807284,1454.42,400.05,133808128,85770240,58911712,56.18,4136618
1770195807385,1454.66,400.15,133808128,85770240,58913720,56.18,4136618
1770195807485,1454.98,400.35,133808128,85770240,58915704,56.19,4136618
1770195807586,1458.61,402.19,134037504,85770240,59157808,56.42,4146146
1770195807687,1458.92,402.36,134037504,85770240,59159816,56.42,4146146
1770195807788,1464.39,404.33,134283264,85770240,59409336,56.66,4147482
1770195807889,1464.66,404.45,134283264,85770240,59411344,56.66,4147482
1770195807991,1467.07,405.78,134381568,85770240,59531952,56.77,4148148
1770195808091,1469.51,406.59,134512640,85770240,59660728,56.90,4148818
1770195808193,1469.78,406.74,134512640,85770240,59662736,56.90,4148818
1770195808294,1472.33,408.52,134742016,85770240,59900952,57.13,4150154
1770195808395,1472.60,408.65,134742016,85770240,59902960,57.13,4150154
1770195808495,1474.93,410.39,134971392,85770240,60141400,57.36,4159682
1770195808597,1475.11,410.45,134971392,85770240,60143408,57.36,4159682
1770195808698,1475.39,410.55,134971392,85770240,60145392,57.36,4159682
1770195808799,1483.18,412.66,135200768,85770240,60389664,57.59,4161018
1770195808900,1483.44,412.75,135200768,85770240,60391672,57.59,4161018
1770195809000,1486.81,414.64,135430144,85770240,60632352,57.82,4162354
1770195809100,1487.00,414.70,135430144,85770240,60634360,57.83,4162354
1770195809200,1487.31,414.84,135430144,85770240,60636344,57.83,4162354
1770195809301,1493.03,416.71,135659520,85770240,60880984,58.06,4163690
1770195809403,1493.34,416.87,135659520,85770240,60882992,58.06,4163690
1770195809503,1497.55,418.81,135888896,85770240,61124600,58.29,4173218
1770195809603,1499.59,418.89,135888896,85770240,61134856,58.30,4173218
1770195809703,1499.87,419.04,135888896,85770240,61136840,58.30,4173218
1770195809804,1503.58,420.89,136118272,85770240,61375528,58.53,4174554
1770195809905,1503.86,421.03,136118272,85770240,61377536,58.53,4174554
1770195810006,1507.94,423.03,136347648,85770240,61622256,58.77,4175890
1770195810107,1508.12,423.09,136347648,85770240,61624264,58.77,4175890
1770195810208,1508.42,423.25,136347648,85770240,61626248,58.77,4175890
1770195810309,1511.35,425.14,136577024,85770240,61864416,59.00,4177226
1770195810410,1511.62,425.25,136577024,85770240,61866424,59.00,4177226
1770195810510,1515.88,427.11,136822784,85770240,62121544,59.24,4186754
1770195810611,1516.06,427.17,136822784,85770240,62123552,59.25,4186754
1770195810712,1516.34,427.31,136822784,85770240,62125536,59.25,4186754
1770195810813,1520.67,428.93,137068544,85770240,62363680,59.47,4188090
1770195810915,1520.94,429.04,137068544,85770240,62365688,59.48,4188090
1770195811015,1523.88,430.87,137297920,85770240,62606152,59.71,4189426
1770195811116,1524.16,430.97,137297920,85770240,62608160,59.71,4189426
1770195811217,1524.47,431.14,137297920,85770240,62610144,59.71,4189426
1770195811318,1527.30,432.87,137527296,85770240,62851024,59.94,4190762
1770195811419,1527.60,433.04,137527296,85770240,62853032,59.94,4190762
1770195811519,1530.07,434.93,137740288,85770240,63094576,60.17,4200290
1770195811620,1530.28,435.01,137756672,85770240,63096584,60.17,4200290
1770195811721,1530.55,435.13,137756672,85770240,63098568,60.18,4200290
1770195811821,1537.09,437.16,138002432,85770240,63344752,60.41,4201626
1770195811921,1537.34,437.27,138002432,85770240,63346760,60.41,4201626
1770195812021,1544.61,439.29,138231808,85770240,63590336,60.64,4202962
1770195812122,1544.86,439.38,138231808,85770240,63592344,60.65,4202962
1770195812222,1545.30,439.67,138100736,85770240,63594328,60.65,4202962
1770195812324,1548.21,441.73,138330112,85770240,63832176,60.88,4204298
1770195812425,1548.62,441.93,138330112,85770240,63834184,60.88,4204298
1770195812526,1551.31,443.88,138510336,85770240,64076656,61.11,4213826
1770195812627,1551.54,443.97,138510336,85770240,64078664,61.11,4213826
1770195812728,1551.83,444.11,138510336,85770240,64080648,61.11,4213826
1770195812828,1554.94,445.94,138739712,85770240,64321936,61.34,4215162
1770195812929,1555.20,446.06,138739712,85770240,64323944,61.34,4215162
1770195813029,1566.39,450.35,138903552,85770240,50223400,47.90,4216498
1770195813130,1566.59,450.42,138903552,85770240,50225408,47.90,4216498
1770195813231,1566.90,450.58,138903552,85770240,50227392,47.90,4216498
1770195813332,1572.23,454.65,138903552,85770240,50469064,48.13,4121080
1770195813433,1572.50,454.81,138903552,85770240,50471072,48.13,4121080
1770195813534,1575.52,456.65,138903552,85770240,50711184,48.36,4130608
1770195813635,1575.78,456.76,138903552,85770240,50713192,48.36,4130608
1770195813736,1576.09,456.92,138903552,85770240,50715176,48.37,4130608
1770195813837,1582.63,459.15,138903552,85770240,50962928,48.60,4131944
1770195813938,1582.95,459.30,138903552,85770240,50964936,48.60,4131944
1770195814039,1586.80,461.20,138903552,85770240,51200632,48.83,4133280
1770195814139,1587.02,461.28,138903552,85770240,51202640,48.83,4133280
1770195814241,1587.33,461.43,138903552,85770240,51204624,48.83,4133280
1770195814342,1590.36,463.22,138903552,85770240,51443424,49.06,4134616
1770195814443,1590.66,463.38,138903552,85770240,51445432,49.06,4134616
1770195814543,1596.73,465.37,138903552,85770240,51686464,49.29,4144144
1770195814644,1596.94,465.46,138903552,85770240,51688472,49.29,4144144
1770195814745,1599.97,465.70,138903552,85770240,51690456,49.30,4144144
1770195814846,1603.27,467.78,138903552,85770240,51925568,49.52,4145480
1770195814947,1603.57,467.95,138903552,85770240,51927576,49.52,4145480
1770195815047,1605.39,469.15,138657792,85770240,52165808,49.75,4146816
1770195815149,1605.61,469.22,138657792,85770240,52167816,49.75,4146816
1770195815249,1605.86,469.37,138657792,85770240,52169800,49.75,4146816
1770195815350,1608.77,471.35,138657792,85770240,52407120,49.98,4148152
1770195815450,1609.04,471.48,138657792,85770240,52409128,49.98,4148152
1770195815551,1611.89,473.25,138657792,85770240,52648176,50.21,4157680
1770195815651,1612.16,473.36,138625024,85770240,52650184,50.21,4157680
1770195815753,1612.44,473.48,138461184,85770240,52652168,50.21,4157680
1770195815853,1614.93,475.05,138461184,85770240,52931504,50.48,4159016
1770195815954,1615.21,475.14,138461184,85770240,52933512,50.48,4159016
1770195816055,1618.06,477.17,138461184,85770240,53168784,50.71,4160352
1770195816155,1618.33,477.26,138461184,85770240,53170792,50.71,4160352
1770195816257,1618.65,477.44,138461184,85770240,53172776,50.71,4160352
1770195816358,1624.02,479.55,138461184,85770240,53408032,50.93,4161688
1770195816460,1624.31,479.69,138461184,85770240,53410040,50.94,4161688
1770195816565,1632.63,482.12,138461184,85770240,53646608,51.16,4171216
1770195816665,1632.86,482.22,138461184,85770240,53648616,51.16,4171216
1770195816767,1633.12,482.38,138461184,85770240,53650600,51.17,4171216
1770195816868,1636.06,484.39,138461184,85770240,53885656,51.39,4172552
1770195816969,1636.33,484.52,138461184,85770240,53887664,51.39,4172552
1770195817069,1644.17,486.75,138461184,85770240,54123760,51.62,4173888
1770195817170,1644.41,486.85,138461184,85770240,54125768,51.62,4173888
1770195817271,1644.66,486.95,138461184,85770240,54127752,51.62,4173888
1770195817372,1648.46,488.86,138461184,85770240,54365096,51.85,4175224
1770195817473,1648.76,489.02,138461184,85770240,54367104,51.85,4175224
1770195817574,1651.92,491.01,138461184,85770240,54607792,52.08,4184752
1770195817675,1652.22,491.16,138461184,85770240,54609800,52.08,4184752
1770195817776,1652.53,491.31,138461184,85770240,54611784,52.08,4184752
1770195817877,1656.80,493.48,138559488,86032384,55103584,52.55,4186088
1770195817979,1657.09,493.62,138559488,86032384,55105592,52.55,4186088
1770195818080,1659.85,495.58,138559488,86032384,55340576,52.78,4187424
1770195818181,1660.12,495.71,138559488,86032384,55342584,52.78,4187424
1770195818282,1660.44,495.88,138559488,86032384,55344568,52.78,4187424
1770195818383,1663.49,497.89,138559488,86032384,55579568,53.00,4188760
1770195818484,1663.80,498.05,138559488,86032384,55581576,53.01,4188760
1770195818584,1666.79,500.02,138575872,86032384,55816792,53.23,4198288
1770195818686,1667.06,500.23,138575872,86032384,55818800,53.23,4198288
1770195818787,1667.38,500.40,138575872,86032384,55820784,53.23,4198288
1770195818888,1670.15,502.10,138575872,86032384,56055760,53.46,4199624
1770195818990,1670.46,502.25,138575872,86032384,56057768,53.46,4199624
1770195819090,1673.62,504.12,138575872,86032384,56293232,53.69,4200960
1770195819192,1673.92,504.27,138575872,86032384,56295240,53.69,4200960
1770195819293,1674.22,504.41,138575872,86032384,56297224,53.69,4200960
1770195819395,1677.98,506.00,138575872,86032384,56532408,53.91,4202296
1770195819495,1678.27,506.14,138575872,86032384,56534416,53.92,4202296
1770195819596,1680.66,508.11,138756096,86032384,56769640,54.14,4211824
1770195819697,1680.96,508.27,138756096,86032384,56771648,54.14,4211824
1770195819797,1681.25,508.43,138756096,86032384,56773632,54.14,4211824
1770195819898,1686.63,510.63,139018240,86032384,57008592,54.37,4213160
1770195820000,1686.87,510.74,139018240,86032384,57010600,54.37,4213160
1770195820101,1692.64,512.83,139247616,86032384,57245224,54.59,4214496
1770195820202,1692.92,512.98,139247616,86032384,57247232,54.60,4214496
1770195820303,1693.21,513.14,139247616,86032384,57249216,54.60,4214496
1770195820403,1695.80,515.05,139476992,86032384,57482712,54.82,4215832
1770195820504,1696.10,515.23,139476992,86032384,57484720,54.82,4215832
1770195820604,1699.03,517.14,139689984,86032384,57718408,55.04,4225360
1770195820706,1699.33,517.29,139689984,86032384,57720416,55.05,4225360
1770195820807,1699.64,517.45,139689984,86032384,57722400,55.05,4225360
1770195820909,1705.33,519.42,139968512,86032384,57956560,55.27,4226696
1770195821009,1705.61,519.62,139968512,86032384,57958568,55.27,4226696
1770195821110,1712.77,521.65,140197888,86032384,58191896,55.50,4228032
1770195821211,1713.06,521.81,140197888,86032384,58193904,55.50,4228032
1770195821313,1713.31,521.97,140197888,86032384,58195888,55.50,4228032
1770195821413,1715.60,524.11,140410880,86032384,58427032,55.72,4229368
1770195821515,1715.87,524.23,140410880,86032384,58429040,55.72,4229368
1770195821616,1729.17,526.23,140656640,86032384,58661456,55.94,4238896
1770195821718,1729.47,526.38,140656640,86032384,58663464,55.95,4238896
1770195821819,1729.78,526.57,140656640,86032384,58665448,55.95,4238896
1770195821920,1732.67,528.63,140886016,86032384,58894888,56.17,4240232
1770195822021,1732.98,528.79,140886016,86032384,58896896,56.17,4240232
1770195822122,1746.35,530.35,141164544,86032384,59127520,56.39,4241568
1770195822222,1746.58,530.48,141164544,86032384,59129528,56.39,4241568
1770195822323,1746.71,530.54,141164544,86032384,59131512,56.39,4241568
1770195822423,1764.39,533.57,141393920,86032384,59369512,56.62,4242904
1770195822525,1764.56,533.66,141393920,86032384,59371520,56.62,4242904
1770195822625,1767.53,535.64,141606912,86032384,59599528,56.84,4252432
1770195822727,1767.70,535.77,141623296,86032384,59601536,56.84,4252432
1770195822828,1767.90,535.91,141623296,86032384,59603520,56.84,4252432
1770195822929,1770.45,537.74,141836288,86032384,59830992,57.06,4253768
1770195823029,1770.66,537.83,141836288,86032384,59833000,57.06,4253768
1770195823131,1773.47,539.71,142049280,86032384,60060512,57.28,4255104
1770195823232,1773.75,539.86,142049280,86032384,60062520,57.28,4255104
1770195823333,1774.04,540.00,142049280,86032384,60064504,57.28,4255104
1770195823434,1776.58,541.88,142311424,86032384,60292080,57.50,4256440
1770195823535,1776.89,542.07,142311424,86032384,60294088,57.50,4256440
1770195823636,1810.16,544.30,143163392,86294528,60744672,57.93,4265968
1770195823737,1810.34,544.37,143163392,86294528,60746680,57.93,4265968
1770195823838,1812.46,545.70,143278080,86294528,60859144,58.04,4266634
1770195823940,1813.48,546.37,143376384,86294528,60970840,58.15,4267304
1770195824040,1813.79,546.52,143376384,86294528,60972848,58.15,4267304
1770195824142,1816.87,548.43,143589376,86294528,61194832,58.36,4268640
1770195824243,1817.17,548.58,143589376,86294528,61196840,58.36,4268640
1770195824343,1819.76,550.33,143835136,86294528,61418808,58.57,4269976
1770195824444,1819.97,550.41,143835136,86294528,61420816,58.58,4269976
1770195824545,1820.28,550.58,143835136,86294528,61422800,58.58,4269976
1770195824645,1822.85,552.55,144048128,86294528,61645088,58.79,4279504
1770195824747,1823.16,552.72,144048128,86294528,61647096,58.79,4279504
1770195824847,1825.82,554.82,144261120,86294528,61869144,59.00,4280840
1770195824947,1826.03,554.90,144261120,86294528,61871152,59.00,4280840
1770195825047,1826.34,555.07,144261120,86294528,61873136,59.01,4280840
1770195825148,1829.00,557.01,144474112,86294528,62095296,59.22,4282176
1770195825249,1829.29,557.13,144474112,86294528,62097304,59.22,4282176
1770195825349,1832.32,559.14,144687104,86294528,62319328,59.43,4283512
1770195825450,1832.50,559.21,144687104,86294528,62321336,59.43,4283512
1770195825551,1832.81,559.37,144687104,86294528,62323320,59.44,4283512
1770195825652,1835.78,561.33,144916480,86294528,62545704,59.65,4293040
1770195825752,1836.09,561.51,144916480,86294528,62547712,59.65,4293040
1770195825851,1839.51,563.28,145145856,86294528,62770248,59.86,4294376
1770195825953,1839.69,563.34,145145856,86294528,62772256,59.86,4294376
1770195826053,1839.99,563.49,145145856,86294528,62774240,59.87,4294376
1770195826154,1848.23,565.95,145375232,86294528,62997072,60.08,4295712
1770195826256,1848.50,566.09,145375232,86294528,62999080,60.08,4295712
1770195826357,1851.53,568.16,145604608,86294528,63220992,60.29,4297048
1770195826458,1851.72,568.23,145604608,86294528,63223000,60.29,4297048
1770195826559,1851.99,568.36,145604608,86294528,63224984,60.30,4297048
1770195826660,1856.21,570.59,145817600,86294528,63497192,60.56,4306576
1770195826761,1856.53,570.77,145817600,86294528,63499200,60.56,4306576
1770195826862,1857.97,572.11,146030592,86294528,63721192,60.77,4307912
1770195826963,1858.12,572.17,146030592,86294528,63723200,60.77,4307912
1770195827064,1858.36,572.29,146030592,86294528,63725184,60.77,4307912
1770195827164,1861.12,574.23,146243584,86294528,63947216,60.98,4309248
1770195827266,1861.42,574.35,146243584,86294528,63949224,60.99,4309248
1770195827367,1863.95,576.41,146456576,86294528,64171216,61.20,4310584
1770195827468,1864.16,576.51,146456576,86294528,64173224,61.20,4310584
1770195827568,1864.41,576.64,146456576,86294528,64175208,61.20,4310584
1770195827670,1867.01,578.36,146669568,86294528,64400080,61.42,4320112
1770195827771,1867.30,578.51,146669568,86294528,64402088,61.42,4320112
1770195827873,1871.21,580.22,146882560,86294528,64633256,61.64,4321448
1770195827974,1871.42,580.30,146882560,86294528,64635264,61.64,4321448
1770195828074,1871.72,580.44,146882560,86294528,64637248,61.64,4321448
1770195828176,1882.73,582.57,147095552,86294528,64869376,61.86,4322784
1770195828277,1883.03,582.72,147095552,86294528,64871384,61.87,4322784
1770195828378,1885.71,584.47,147308544,86294528,65090680,62.08,4324120
1770195828479,1885.92,584.55,147324928,86294528,65092688,62.08,4324120
1770195828580,1886.19,584.65,147324928,86294528,65094672,62.08,4324120
1770195828682,1904.31,594.80,118849536,58245120,53113864,50.65,4128602
1770195828783,1904.54,594.94,118849536,58245120,53115872,50.66,4128602
1770195828883,1906.60,596.69,118849536,58245120,53335168,50.86,4129938
1770195828985,1906.80,596.77,118849536,58245120,53337176,50.87,4129938
1770195829086,1907.11,596.93,118849536,58245120,53339160,50.87,4129938
1770195829187,1909.75,599.05,118849536,58245120,53793496,51.30,4131274
1770195829288,1910.03,599.17,118849536,58245120,53795504,51.30,4131274
1770195829389,1912.67,601.16,118849536,58245120,54014992,51.51,4132610
1770195829489,1912.92,601.28,118849536,58245120,54016976,51.51,4132610
1770195829589,1913.20,601.42,118849536,58245120,54018960,51.52,4132610
1770195829689,1916.12,603.29,118865920,58245120,54238600,51.73,4142138
1770195829791,1916.38,603.43,118865920,58245120,54240608,51.73,4142138
1770195829892,1918.48,605.18,118865920,58245120,54459992,51.94,4143474
1770195829993,1918.73,605.32,118865920,58245120,54462000,51.94,4143474
1770195830094,1919.01,605.45,118865920,58245120,54463984,51.94,4143474
1770195830195,1925.76,607.36,118882304,58245120,54684256,52.15,4144810
1770195830297,1926.04,607.52,118882304,58245120,54686264,52.15,4144810
1770195830398,1928.57,609.28,118882304,58245120,54905736,52.36,4146146
1770195830498,1928.79,609.38,118882304,58245120,54907744,52.36,4146146
1770195830599,1929.09,609.50,118882304,58245120,54909728,52.37,4146146
1770195830700,1931.77,611.41,117047296,58245120,55129416,52.58,4155674
1770195830801,1931.98,611.51,117047296,58245120,55131424,52.58,4155674
1770195830902,1938.13,613.46,117063680,58245120,55351192,52.79,4157010
1770195831003,1938.39,613.58,117063680,58245120,55353200,52.79,4157010
1770195831104,1938.66,613.71,117063680,58245120,55355184,52.79,4157010
1770195831205,1940.79,615.47,117063680,58245120,55574416,53.00,4158346
1770195831306,1941.01,615.57,117063680,58245120,55576424,53.00,4158346
1770195831407,1948.52,618.82,120553472,75546624,53500216,51.02,4120410
1770195831507,1948.83,618.97,120553472,75546624,53502200,51.02,4120410
1770195831607,1949.08,619.13,120553472,75546624,53504184,51.03,4120410
1770195831707,1951.44,620.68,120766464,75546624,53723696,51.23,4129938
1770195831809,1951.69,620.84,120766464,75546624,53725680,51.24,4129938
1770195831910,1954.09,622.73,120979456,75546624,53944952,51.45,4131274
1770195832011,1954.42,622.89,120979456,75546624,53946936,51.45,4131274
1770195832112,1954.72,623.08,120979456,75546624,53948920,51.45,4131274
1770195832212,1956.49,624.68,121208832,75546624,54168632,51.66,4132610
1770195832314,1956.71,624.81,121208832,75546624,54170616,51.66,4132610
1770195832415,1959.65,626.78,121421824,75546624,54389848,51.87,4133946
1770195832516,1959.95,626.92,121421824,75546624,54391832,51.87,4133946
1770195832618,1960.26,627.09,121421824,75546624,54393816,51.87,4133946
1770195832718,1964.66,628.78,119734272,75546624,54613832,52.08,4143474
1770195832820,1964.94,629.07,119734272,75546624,54615816,52.09,4143474
1770195832921,1966.55,630.69,119947264,75546624,54835064,52.29,4144810
1770195833022,1966.80,630.83,119947264,75546624,54837048,52.30,4144810
1770195833123,1967.10,631.00,119947264,75546624,54839032,52.30,4144810
1770195833224,1969.67,632.89,120160256,75546624,55058344,52.51,4146146
1770195833325,1969.94,633.01,120160256,75546624,55060328,52.51,4146146
1770195833425,1975.34,635.21,120455168,75546624,55311416,52.75,4147490
1770195833526,1975.65,635.41,120455168,75546624,55313424,52.75,4147490
1770195833627,1975.87,635.53,120455168,75546624,55315408,52.75,4147490
1770195833727,1977.66,637.00,120668160,75546624,55535600,52.96,4157018
1770195833829,1977.81,637.07,120487936,75546624,55537608,52.96,4157018
1770195833929,1979.93,638.67,120684544,75546624,55757192,53.17,4158354
1770195834031,1980.24,638.84,120684544,75546624,55759200,53.18,4158354
1770195834131,1980.52,638.98,120700928,75546624,55761184,53.18,4158354
1770195834232,1983.10,640.77,120897536,75546624,55980664,53.39,4159690
1770195834333,1983.29,640.86,120897536,75546624,55982672,53.39,4159690
1770195834434,1986.13,642.69,121126912,75546624,56202136,53.60,4161026
1770195834535,1986.37,642.80,121126912,75546624,56204144,53.60,4161026
1770195834637,1986.59,642.89,121126912,75546624,56206128,53.60,4161026
1770195834737,1989.14,644.62,121339904,75546624,56425800,53.81,4170554
1770195834837,1989.37,644.74,121339904,75546624,56427808,53.81,4170554
1770195834937,1992.07,646.39,121552896,75546624,56647264,54.02,4171890
1770195835039,1992.33,646.47,121569280,75546624,56649272,54.02,4171890
1770195835139,1992.59,646.62,121569280,75546624,56651256,54.03,4171890
1770195835238,2204.51,658.10,156532736,103596032,66509568,63.43,4117738
1770195835340,2297.53,659.50,163512320,103858176,71428136,68.12,4117738
1770195835441,2298.94,660.60,163512320,103858176,71650936,68.33,4119074
1770195835543,2299.19,660.71,163512320,103858176,71652952,68.33,4119074
1770195835644,2299.48,660.88,163512320,103858176,71654944,68.34,4119074
1770195835745,2306.74,662.79,163512320,103858176,71885240,68.56,4128602
1770195835845,2307.07,662.98,163512320,103858176,71887256,68.56,4128602
1770195835947,2309.77,664.76,163512320,103858176,72111896,68.77,4129938
1770195836048,2310.01,664.87,163512320,103858176,72113912,68.77,4129938
1770195836148,2310.32,665.03,163512320,103858176,72115904,68.78,4129938
1770195836250,2329.58,667.03,163528704,103858176,72371936,69.02,4131274
1770195836351,2329.82,667.13,163528704,103858176,72373952,69.02,4131274
1770195836452,2333.25,668.87,163528704,103858176,72597688,69.23,4132610
1770195836552,2333.58,669.02,163528704,103858176,72599704,69.24,4132610
1770195836654,2333.88,669.19,163528704,103858176,72601696,69.24,4132610
1770195836755,2336.97,671.23,163528704,103858176,72816504,69.44,4142138
1770195836855,2337.28,671.40,163528704,103858176,72818520,69.45,4142138
1770195836956,2340.13,673.15,163528704,103858176,73036176,69.65,4143474
1770195837057,2340.44,673.29,163528704,103858176,73038192,69.65,4143474
1770195837157,2340.76,673.44,163528704,103858176,73040184,69.66,4143474
1770195837258,2343.53,675.27,163528704,103858176,73257512,69.86,4144810
1770195837358,2343.85,675.40,163528704,103858176,73259528,69.87,4144810
1770195837459,2347.36,677.12,163528704,103858176,73481392,70.08,4146146
1770195837559,2347.56,677.20,163528704,103858176,73483408,70.08,4146146
1770195837659,2347.82,677.29,163528704,103858176,73485400,70.08,4146146
1770195837760,2350.20,678.92,163528704,103858176,73709712,70.30,4155674
1770195837862,2350.50,679.08,163528704,103858176,73711728,70.30,4155674
1770195837962,2352.38,680.74,163528704,103858176,73926312,70.50,4157010
1770195838062,2352.60,680.83,163528704,103858176,73928328,70.50,4157010
1770195838162,2352.91,680.98,163528704,103858176,73930320,70.51,4157010
1770195838264,2355.69,682.85,163528704,103858176,74144920,70.71,4158346
1770195838364,2356.00,682.93,163528704,103858176,74146936,70.71,4158346
1770195838465,2360.99,684.67,163528704,103858176,74367208,70.92,4159682
1770195838567,2361.28,684.80,163528704,103858176,74369224,70.92,4159682
1770195838667,2361.60,684.95,163528704,103858176,74371216,70.93,4159682
1770195838769,2363.95,686.55,163528704,103858176,74588960,71.13,4169210
1770195838870,2364.26,686.71,163528704,103858176,74590976,71.14,4169210
1770195838971,2375.92,688.48,163528704,103858176,74815608,71.35,4170546
1770195839072,2376.22,688.63,163528704,103858176,74817624,71.35,4170546
1770195839172,2376.52,688.77,163528704,103858176,74819616,71.35,4170546
1770195839273,2380.21,690.91,163528704,103858176,75037024,71.56,4171882
1770195839373,2380.48,691.02,163528704,103858176,75039040,71.56,4171882
1770195839473,2383.44,693.02,163528704,103858176,75258832,71.77,4173218
1770195839574,2383.66,693.12,163528704,103858176,75260848,71.77,4173218
1770195839676,2383.97,693.26,163528704,103858176,75262840,71.78,4173218
1770195839777,2386.31,694.99,163528704,103858176,75477776,71.98,4182746
1770195839878,2386.64,695.19,163528704,103858176,75479792,71.98,4182746
1770195839979,2389.42,697.01,163528704,103858176,75697672,72.19,4184082
1770195840080,2389.71,697.14,163528704,103858176,75699688,72.19,4184082
1770195840182,2390.03,697.32,163528704,103858176,75701680,72.19,4184082
1770195840282,2392.73,699.15,163528704,103858176,75922272,72.41,4185418
1770195840383,2392.93,699.27,163528704,103858176,75924288,72.41,4185418
1770195840484,2395.56,700.73,163528704,103858176,76157752,72.63,4186754
1770195840585,2395.79,700.82,163528704,103858176,76159768,72.63,4186754
1770195840686,2396.04,700.96,163528704,103858176,76161760,72.63,4186754
1770195840786,2398.71,702.85,163528704,103858176,76376320,72.84,4196282
1770195840888,2398.99,703.00,163528704,103858176,76378336,72.84,4196282
1770195840989,2401.89,705.11,163528704,103858176,76593272,73.05,4197618
1770195841090,2402.18,705.24,163528704,103858176,76595288,73.05,4197618
1770195841191,2402.41,705.38,163528704,103858176,76597280,73.05,4197618
1770195841293,2406.31,707.01,163528704,103858176,62593216,59.69,4198954
1770195841394,2406.55,707.20,163528704,103858176,62595232,59.70,4198954
1770195841495,2408.25,708.84,163528704,103858176,62813512,59.90,4128602
1770195841596,2408.52,708.97,163528704,103858176,62815504,59.91,4128602
1770195841696,2408.83,709.13,163528704,103858176,62817496,59.91,4128602
1770195841798,2414.43,711.43,163528704,103858176,63036432,60.12,4138130
1770195841899,2414.63,711.52,163528704,103858176,63038448,60.12,4138130
1770195842001,2417.33,713.44,163528704,103858176,63255832,60.33,4139466
1770195842102,2417.60,713.57,163397632,103858176,63257848,60.33,4139466
1770195842201,2417.82,713.67,163397632,103858176,63259840,60.33,4139466
1770195842302,2419.56,715.14,163397632,103858176,63477744,60.54,4140802
1770195842402,2419.78,715.25,163397632,103858176,63479760,60.54,4140802
1770195842502,2423.15,717.18,163397632,103858176,63696344,60.75,4142138
1770195842604,2423.43,717.30,163397632,103858176,63698336,60.75,4142138
1770195842704,2423.70,717.42,163397632,103858176,63700328,60.75,4142138
1770195842804,2426.66,719.46,163397632,103858176,63917280,60.96,4151666
1770195842905,2426.94,719.55,163397632,103858176,63919296,60.96,4151666
1770195843007,2429.70,721.59,163397632,103858176,64136720,61.17,4153002
1770195843108,2429.99,721.72,163397632,103858176,64138736,61.17,4153002
1770195843208,2430.29,721.87,163397632,103858176,64140728,61.17,4153002
1770195843309,2433.14,723.84,163397632,103858176,64358216,61.38,4154338
1770195843409,2510.64,733.94,118046720,56410112,41737888,39.80,4125930
1770195843509,2516.59,735.96,118046720,56410112,42025896,40.08,4127266
1770195843611,2516.83,736.07,118046720,56410112,42027904,40.08,4127266
1770195843712,2517.14,736.22,118046720,56410112,42029888,40.08,4127266
1770195843813,2521.30,738.10,118046720,56410112,42258424,40.30,4136794
1770195843913,2521.59,738.23,118046720,56410112,42260432,40.30,4136794
1770195844014,2604.49,746.36,107429888,46710784,41836720,39.90,4127266
1770195844116,2604.76,746.47,107429888,46710784,41838776,39.90,4127266
1770195844219,2606.83,747.70,107544576,46710784,41954328,40.01,4127932
1770195844320,2612.03,748.52,107659264,46710784,42079576,40.13,4128602
1770195844420,2612.30,748.68,107659264,46710784,42081584,40.13,4128602
1770195844522,2615.51,750.81,107905024,46710784,42309536,40.35,4129938
1770195844623,2686.87,754.55,107216896,46710784,41360288,39.44,4125930
1770195844725,2689.49,755.71,107364352,46710784,41720920,39.79,4126596
1770195844827,2691.28,756.47,107495424,46710784,41842144,39.90,4135458
1770195844927,2691.59,756.62,107495424,46710784,41844152,39.91,4135458
1770195845029,2694.70,758.57,107708416,46710784,42072120,40.12,4136794
1770195845130,2694.97,758.69,107708416,46710784,42074128,40.13,4136794
1770195845230,2698.39,760.87,107937792,46710784,42302152,40.34,4138130
1770195845330,2698.59,760.93,107937792,46710784,42304160,40.34,4138130
1770195845432,2698.86,761.05,107954176,46710784,42306144,40.35,4138130
1770195845532,2704.84,763.61,108511232,49856512,41692616,39.76,4139466
1770195845634,2705.10,763.74,108511232,49856512,41694624,39.76,4139466
1770195845734,2710.13,765.70,108773376,49856512,41922800,39.98,4145656
1770195845835,2710.30,765.77,108773376,49856512,41924808,39.98,4145656
1770195845935,2710.60,765.93,108773376,49856512,41926792,39.98,4145656
1770195846037,2713.70,767.94,108986368,49856512,42154528,40.20,4146992
1770195846138,2714.01,768.07,108986368,49856512,42156536,40.20,4146992
1770195846238,2717.47,770.33,109199360,49856512,42384288,40.42,4148328
1770195846339,2717.71,770.40,109199360,49856512,42386296,40.42,4148328
1770195846439,2718.04,770.58,109215744,49856512,42388280,40.42,4148328
1770195846541,2721.29,772.75,109428736,49856512,42616112,40.64,4149664
1770195846642,2721.60,772.88,109428736,49856512,42618120,40.64,4149664
1770195846743,2725.99,774.89,109641728,49856512,42846224,40.86,4159192
1770195846843,2726.18,774.95,109641728,49856512,42848232,40.86,4159192
1770195846945,2726.49,775.11,109641728,49856512,42850216,40.87,4159192
1770195847046,2729.66,777.16,109854720,49856512,43077712,41.08,4160528
1770195847147,2729.84,777.25,109871104,49856512,43079720,41.08,4160528
1770195847247,2733.04,779.45,110116864,49856512,43307256,41.30,4161864
1770195847348,2733.22,779.51,110116864,49856512,43309264,41.30,4161864
1770195847449,2733.49,779.67,110116864,49856512,43311248,41.30,4161864
1770195847550,2738.39,781.82,110329856,49856512,41948880,40.01,4163200
1770195847649,2738.71,781.97,110329856,49856512,41950888,40.01,4163200
1770195847751,2742.10,783.69,110329856,49856512,42178512,40.22,4145656
1770195847852,2742.33,783.77,110329856,49856512,42180520,40.23,4145656
1770195847952,2742.65,783.93,110329856,49856512,42182504,40.23,4145656
1770195848053,2751.75,785.91,110411776,49856512,42419048,40.45,4146992
1770195848154,2751.94,785.99,110411776,49856512,42421032,40.46,4146992
1770195848255,2755.02,787.86,110477312,49856512,42648440,40.67,4148328
1770195848356,2755.20,787.91,110477312,49856512,42650424,40.67,4148328
1770195848457,2755.50,788.05,110477312,49856512,42652408,40.68,4148328
1770195848557,2760.19,790.00,110706688,49856512,42880432,40.89,4149664
1770195848657,2760.51,790.15,110706688,49856512,42882416,40.90,4149664
1770195848757,2763.02,791.89,110919680,49856512,43109664,41.11,4159192
1770195848858,2763.24,791.97,110919680,49856512,43111648,41.11,4159192
1770195848960,2763.58,792.13,110919680,49856512,43113632,41.12,4159192
1770195849061,2770.30,794.31,111149056,49856512,43341392,41.33,4160528
1770195849163,2770.61,794.47,111149056,49856512,43343376,41.34,4160528
1770195849264,2772.42,795.91,111378432,49856512,43570408,41.55,4161864
1770195849366,2772.70,796.05,111378432,49856512,43572392,41.55,4161864
1770195849467,2773.02,796.25,111394816,49856512,43574376,41.56,4161864
1770195849567,2778.99,798.26,111443968,49856512,42334912,40.37,4136794
1770195849668,2779.27,798.40,111443968,49856512,42336896,40.38,4136794
1770195849769,2782.60,800.39,111443968,49856512,42564176,40.59,4146322
1770195849869,2782.89,800.51,111443968,49856512,42566184,40.59,4146322
1770195849969,2783.19,800.67,111443968,49856512,42568168,40.60,4146322
1770195850071,2786.59,802.05,111443968,49856512,42795072,40.81,4147658
1770195850171,2786.76,802.12,111443968,49856512,42797080,40.81,4147658
1770195850271,2789.55,803.98,111443968,49856512,43023752,41.03,4148994
1770195850373,2789.80,804.09,111443968,49856512,43025760,41.03,4148994
1770195850473,2790.10,804.30,111443968,49856512,43027744,41.03,4148994
1770195850574,2793.64,805.90,111443968,49856512,43254456,41.25,4150330
1770195850675,2793.92,806.01,111443968,49856512,43256464,41.25,4150330
1770195850776,2797.12,807.87,111460352,49856512,43483408,41.47,4159858
1770195850876,2797.36,807.98,111460352,49856512,43485416,41.47,4159858
1770195850977,2797.66,808.13,111460352,49856512,43487400,41.47,4159858
1770195851079,2800.85,809.93,111460352,49856512,43714048,41.69,4161194
1770195851179,2801.15,810.08,111460352,49856512,43716056,41.69,4161194
1770195851281,2809.96,812.35,108314624,46710784,42452376,40.49,4162530
1770195851382,2810.16,812.42,108314624,46710784,42454384,40.49,4162530
1770195851484,2810.39,812.56,108314624,46710784,42456368,40.49,4162530
1770195851585,2813.39,814.26,108314624,46710784,42683208,40.71,4137464
1770195851685,2813.70,814.41,108314624,46710784,42685216,40.71,4137464
1770195851787,2817.07,816.30,108314624,46710784,42912048,40.92,4146992
1770195851887,2817.35,816.42,108314624,46710784,42914032,40.93,4146992
1770195851987,2817.67,816.53,108314624,46710784,42916016,40.93,4146992
1770195852089,2822.43,818.76,108675072,49856512,42527224,40.56,4148328
1770195852189,2822.73,818.89,108675072,49856512,42529208,40.56,4148328
1770195852290,2826.51,820.70,108888064,49856512,42764200,40.78,4137464
1770195852391,2826.75,820.80,108888064,49856512,42766184,40.79,4137464
1770195852493,2827.04,820.94,108888064,49856512,42768168,40.79,4137464
1770195852593,2830.26,822.85,109101056,49856512,42997704,41.01,4138800
1770195852695,2830.54,822.97,109101056,49856512,42999712,41.01,4138800
1770195852795,2833.17,824.68,109330432,49856512,43230712,41.23,4148328
1770195852897,2833.40,824.78,109330432,49856512,43232696,41.23,4148328
1770195852997,2833.67,824.93,109330432,49856512,43234680,41.23,4148328
1770195853099,2836.28,826.63,109543424,49856512,43461528,41.45,4149664
1770195853199,2836.56,826.77,109543424,49856512,43463512,41.45,4149664
1770195853300,2840.23,828.59,109756416,49856512,43695488,41.67,4151000
1770195853400,2840.53,828.74,109756416,49856512,43697496,41.67,4151000
1770195853500,2840.84,828.88,109756416,49856512,43699480,41.68,4151000
1770195853601,2844.80,832.35,109985792,49856512,43929848,41.89,4152336
1770195853703,2845.11,832.51,109985792,49856512,43931856,41.90,4152336
1770195853803,2859.72,834.46,110215168,49856512,44188752,42.14,4161864
1770195853904,2859.97,834.55,110215168,49856512,44190736,42.14,4161864
1770195854006,2860.29,834.70,110215168,49856512,44192720,42.15,4161864
1770195854106,2863.94,836.54,110428160,49856512,44418208,42.36,4163200
1770195854208,2864.26,836.70,110428160,49856512,44420192,42.36,4163200
1770195854309,2868.47,838.26,110460928,49856512,43046920,41.05,4136794
1770195854409,2868.75,838.39,110460928,49856512,43048904,41.05,4136794
1770195854511,2869.06,838.53,110460928,49856512,43050888,41.06,4136794
1770195854611,2877.19,840.57,110460928,49856512,43284920,41.28,4138130
1770195854712,2877.50,840.73,110460928,49856512,43286904,41.28,4138130
1770195854814,2882.84,842.65,110460928,49856512,43510704,41.50,4147658
1770195854915,2883.07,842.76,110460928,49856512,43512688,41.50,4147658
1770195855015,2883.32,842.90,110460928,49856512,43514672,41.50,4147658
1770195855117,2887.67,845.10,110641152,49856512,43737584,41.71,4148994
1770195855217,2887.99,845.24,110657536,49856512,43739568,41.71,4148994
1770195855318,2894.30,846.95,110854144,49856512,43982688,41.95,4150330
1770195855418,2894.55,847.06,110870528,49856512,43984672,41.95,4150330
1770195855520,2894.87,847.21,110870528,49856512,43986656,41.95,4150330
1770195855620,2898.94,848.62,111067136,49856512,44206824,42.16,4151666
1770195855722,2899.22,848.78,111067136,49856512,44208832,42.16,4151666
1770195855822,2902.20,850.81,111280128,49856512,44428464,42.37,4161194
1770195855921,2902.41,850.91,111280128,49856512,44430448,42.37,4161194
1770195856023,2902.68,851.05,111280128,49856512,44432432,42.37,4161194
1770195856123,2907.59,852.94,111460352,49856512,43199448,41.20,4162530
1770195856223,2907.86,853.05,111460352,49856512,43201432,41.20,4162530
1770195856325,2914.38,854.84,111460352,49856512,43552504,41.53,4137464
1770195856425,2914.61,854.95,111460352,49856512,43554488,41.54,4137464
1770195856527,2914.94,855.10,111460352,49856512,43556472,41.54,4137464
1770195856628,2924.21,857.26,111509504,49856512,43787992,41.76,4138800
1770195856728,2924.53,857.41,111509504,49856512,43789976,41.76,4138800
1770195856830,2932.06,859.87,111509504,49856512,44009808,41.97,4148328
1770195856930,2932.36,860.01,111509504,49856512,44011792,41.97,4148328
1770195857032,2932.68,860.16,111509504,49856512,44013776,41.97,4148328
1770195857133,2941.95,862.28,111525888,49856512,44233968,42.18,4149664
1770195857233,2942.23,862.39,111525888,49856512,44235952,42.19,4149664
1770195857335,2945.44,864.39,111525888,49856512,44455336,42.40,4151000
1770195857436,2945.67,864.49,111525888,49856512,44457320,42.40,4151000
1770195857538,2945.94,864.61,111525888,49856512,44459304,42.40,4151000
1770195857638,2949.21,866.64,111525888,49856512,44679288,42.61,4152336
1770195857739,2949.50,866.76,111525888,49856512,44681272,42.61,4152336
1770195857840,2952.07,868.57,111525888,49856512,44900880,42.82,4161864
1770195857941,2952.35,868.68,111525888,49856512,44902864,42.82,4161864
1770195858041,2952.59,868.82,111525888,49856512,44904848,42.82,4161864
1770195858142,2957.81,870.73,111542272,49856512,43663320,41.64,4163200
1770195858244,2958.02,870.82,111542272,49856512,43665304,41.64,4163200
1770195858344,2961.81,873.00,111542272,49856512,43884688,41.85,4137464
1770195858446,2962.06,873.14,111542272,49856512,43886672,41.85,4137464
1770195858547,2962.23,873.28,111542272,49856512,43888656,41.86,4137464
1770195858648,2964.24,874.74,111542272,49856512,44108072,42.06,4138800
1770195858749,2964.48,874.84,111542272,49856512,44110056,42.07,4138800
1770195858850,2967.07,876.90,111542272,49856512,44329624,42.28,4148328
1770195858951,2967.28,876.97,111542272,49856512,44331608,42.28,4148328
1770195859051,2967.62,877.14,111542272,49856512,44333592,42.28,4148328
1770195859153,2992.58,879.35,111575040,49856512,44620576,42.55,4149664
1770195859255,2992.91,879.50,111575040,49856512,44622560,42.56,4149664
1770195859356,2995.51,881.27,111575040,49856512,44839952,42.76,4151000
1770195859456,2995.74,881.38,111575040,49856512,44841936,42.76,4151000
1770195859558,2996.00,881.49,111575040,49856512,44843920,42.77,4151000
1770195859659,3027.83,883.74,111607808,49856512,45061536,42.97,4152336
1770195859760,3028.13,883.82,111607808,49856512,45063520,42.98,4152336
1770195859861,3031.03,885.12,111706112,50118656,43872552,41.84,4161864
1770195859962,3031.26,885.25,111706112,50118656,43874536,41.84,4161864
1770195860062,3031.57,885.41,111706112,50118656,43876520,41.84,4161864
1770195860163,3034.13,887.14,111706112,50118656,44260528,42.21,4136794
1770195860264,3034.36,887.26,111706112,50118656,44262512,42.21,4136794
1770195860365,3037.24,889.15,111706112,50118656,44476960,42.42,4138130
1770195860465,3037.53,889.28,111706112,50118656,44478944,42.42,4138130
1770195860567,3037.82,889.38,111706112,50118656,44480984,42.42,4138130
1770195860667,3040.97,891.33,111722496,50118656,44695384,42.62,4139466
1770195860767,3041.25,891.50,111722496,50118656,44697368,42.63,4139466
1770195860868,3044.41,893.51,111722496,50118656,44912440,42.83,4148994
1770195860969,3044.63,893.60,111722496,50118656,44914424,42.83,4148994
1770195861069,3044.93,893.76,111722496,50118656,44916408,42.84,4148994
1770195861171,3055.72,895.69,111738880,50118656,45132072,43.04,4150330
1770195861272,3055.91,895.76,111738880,50118656,45134056,43.04,4150330
1770195861372,3058.16,897.46,111755264,50118656,45345960,43.25,4151666
1770195861474,3058.44,897.54,111755264,50118656,45347944,43.25,4151666
1770195861575,3058.75,897.69,111755264,50118656,45349928,43.25,4151666
1770195861675,3063.51,900.29,112295936,55099392,44323760,42.27,4153002
1770195861777,3063.82,900.45,112295936,55099392,44325768,42.27,4153002
1770195861878,3068.14,902.38,112295936,55099392,44537808,42.47,4144986
1770195861979,3068.36,902.48,112295936,55099392,44539816,42.48,4144986
1770195862081,3068.59,902.60,112295936,55099392,44541800,42.48,4144986
1770195862182,3070.78,904.44,112295936,55099392,44753568,42.68,4146322
1770195862282,3071.03,904.57,112295936,55099392,44755552,42.68,4146322
1770195862384,3073.84,906.43,112295936,55099392,44967312,42.88,4147658
1770195862484,3074.15,906.58,112295936,55099392,44969296,42.89,4147658
1770195862587,3078.17,907.67,112295936,55099392,45076664,42.99,4148324
1770195862688,3080.89,908.52,112312320,55099392,45183408,43.09,4148994
1770195862788,3081.22,908.68,112312320,55099392,45185392,43.09,4148994
1770195862888,3085.77,910.74,112312320,55099392,45397536,43.29,4158522
1770195862988,3086.11,910.86,112312320,55099392,45399544,43.30,4158522
1770195863092,3088.25,912.12,112312320,55099392,45506728,43.40,4159188
1770195863193,3089.29,912.93,112312320,55099392,45612992,43.50,4159858
1770195863294,3089.47,913.00,112312320,55099392,45614976,43.50,4159858
1770195863394,3092.68,915.04,112312320,55099392,45827112,43.70,4161194
1770195863495,3092.92,915.15,112312320,55099392,45829096,43.71,4161194
1770195863595,3094.95,916.38,112312320,55099392,45936280,43.81,4161860
1770195863697,3096.05,917.22,112328704,55099392,46042496,43.91,4162530
1770195863799,3096.39,917.34,112328704,55099392,46044480,43.91,4162530
1770195863899,3099.30,919.13,112558080,55099392,46256160,44.11,4172058
1770195864001,3099.59,919.26,112558080,55099392,46258168,44.12,4172058
1770195864101,3101.80,920.87,112754688,55099392,46469616,44.32,4173394
1770195864202,3101.96,920.93,112738304,55099392,46471624,44.32,4173394
1770195864304,3102.21,921.08,112754688,55099392,46473608,44.32,4173394
1770195864404,3104.22,922.54,112951296,55099392,46685136,44.52,4174730
1770195864506,3104.55,922.72,112951296,55099392,46687144,44.52,4174730
1770195864605,3107.48,924.61,113147904,55099392,46898624,44.73,4176066
1770195864707,3107.71,924.69,113147904,55099392,46900632,44.73,4176066
1770195864807,3108.05,924.85,113147904,55099392,46902616,44.73,4176066
1770195864909,3110.99,926.88,113344512,55099392,47114360,44.93,4185594
1770195865009,3111.27,927.02,113360896,55099392,47116368,44.93,4185594
1770195865129,3169.53,933.80,133234688,72138752,52918320,50.47,4136124
1770195865228,3350.65,950.15,151650304,96780288,67647736,64.51,4126600
1770195865329,3454.74,953.80,158023680,97828864,74865192,71.40,4126600
1770195865431,3456.78,954.49,158023680,97828864,75076464,71.60,4127936
1770195865531,3457.05,954.60,158023680,97828864,75078472,71.60,4127936
1770195865632,3464.64,956.63,158040064,97828864,75290936,71.80,4129272
1770195865733,3464.91,956.73,158040064,97828864,75292944,71.80,4129272
1770195865833,3465.20,956.86,158040064,97828864,75294928,71.81,4129272
1770195865934,3469.69,958.93,158040064,97828864,75506624,72.01,4138800
1770195866036,3469.99,959.08,158040064,97828864,75508632,72.01,4138800
1770195866137,3473.11,961.06,158040064,97828864,75720136,72.21,4140136
1770195866238,3473.40,961.18,158007296,97828864,75722144,72.21,4140136
1770195866339,3473.55,961.27,157990912,97828864,75724128,72.22,4140136
1770195866440,3475.28,963.02,157990912,97828864,75935640,72.42,4141472
1770195866540,3475.45,963.12,157990912,97828864,75937648,72.42,4141472
1770195866642,3477.57,964.81,157990912,97828864,76149200,72.62,4142808
1770195866743,3477.74,964.92,157990912,97828864,76151208,72.62,4142808
1770195866843,3477.94,965.00,157990912,97828864,76153192,72.63,4142808
1770195866945,3486.22,967.87,159105024,98877440,63681856,60.73,4152336
1770195867046,3486.46,968.01,159105024,98877440,63683864,60.73,4152336
1770195867147,3488.69,970.04,159105024,98877440,63895400,60.94,4137464
1770195867249,3488.86,970.10,159105024,98877440,63897408,60.94,4137464
1770195867350,3489.18,970.26,159105024,98877440,63899392,60.94,4137464
1770195867450,3492.15,972.11,159105024,98877440,64110904,61.14,4138800
1770195867552,3492.45,972.25,159105024,98877440,64112888,61.14,4138800
1770195867652,3495.21,974.27,159121408,98877440,64324312,61.34,4140136
1770195867754,3495.52,974.38,159121408,98877440,64326296,61.35,4140136
1770195867854,3505.16,974.67,159121408,98877440,64342096,61.36,4140136
1770195867956,3507.73,976.41,159137792,98877440,64553808,61.56,4149664
1770195868057,3508.06,976.58,159137792,98877440,64555816,61.57,4149664
1770195868158,3510.99,978.47,159137792,98877440,64767328,61.77,4151000
1770195868258,3511.30,978.59,159137792,98877440,64769336,61.77,4151000
1770195868358,3511.61,978.74,159137792,98877440,64771320,61.77,4151000
1770195868459,3514.24,980.47,159137792,98877440,64982856,61.97,4152336
1770195868561,3514.56,980.62,159137792,98877440,64984840,61.97,4152336
1770195868661,3517.46,982.43,159137792,98877440,65196336,62.18,4153672
1770195868762,3517.72,982.59,159137792,98877440,65198344,62.18,4153672
1770195868864,3517.94,982.67,159137792,98877440,65200328,62.18,4153672
1770195868965,3520.63,984.55,159137792,98877440,65412032,62.38,4163200
1770195869065,3520.99,984.70,159137792,98877440,65414040,62.38,4163200
1770195869167,3523.47,986.38,159137792,98877440,65625512,62.59,4164536
1770195869268,3523.74,986.50,159137792,98877440,65627520,62.59,4164536
1770195869370,3524.05,986.65,159137792,98877440,65629504,62.59,4164536
1770195869470,3527.46,988.92,159154176,98877440,65841072,62.79,4165872
1770195869570,3527.79,989.08,159154176,98877440,65843080,62.79,4165872
1770195869672,3530.73,990.85,159154176,98877440,66054560,62.99,4167208
1770195869772,3530.99,990.94,159154176,98877440,66056568,63.00,4167208
1770195869873,3531.19,991.04,159154176,98877440,66058552,63.00,4167208
1770195869974,3533.41,992.80,159154176,98877440,66270248,63.20,4176736
1770195870076,3533.63,992.91,159154176,98877440,66272256,63.20,4176736
1770195870177,3536.14,994.74,159154176,98877440,66483728,63.40,4178072
1770195870277,3536.39,994.84,159154176,98877440,66485736,63.41,4178072
1770195870379,3536.67,994.95,159154176,98877440,66487720,63.41,4178072
1770195870479,3544.30,997.14,159170560,98877440,66701296,63.61,4179408
1770195870581,3544.57,997.23,159170560,98877440,66703304,63.61,4179408
1770195870681,3547.04,998.73,159170560,98877440,66914664,63.81,4180744
1770195870783,3547.24,998.83,159170560,98877440,66916672,63.82,4180744
1770195870884,3547.45,998.93,159170560,98877440,66918656,63.82,4180744
1770195870984,3549.82,1000.63,159170560,98877440,67130312,64.02,4190272
1770195871086,3550.12,1000.78,159170560,98877440,67132320,64.02,4190272
1770195871186,3552.48,1002.19,159170560,98877440,67343808,64.22,4191608
1770195871288,3552.73,1002.33,159170560,98877440,67345816,64.23,4191608
1770195871388,3554.22,1002.46,159170560,98877440,67347856,64.23,4191608
1770195871489,3557.05,1004.31,159186944,98877440,67559384,64.43,4192944
1770195871590,3557.28,1004.42,159186944,98877440,67561392,64.43,4192944
1770195871691,3560.35,1006.31,159186944,98877440,67772824,64.63,4194280
1770195871792,3560.68,1006.46,159186944,98877440,67774832,64.64,4194280
1770195871892,3560.96,1006.60,159186944,98877440,67776816,64.64,4194280
1770195871993,3563.62,1008.39,159186944,98877440,67988464,64.84,4203808
1770195872095,3563.91,1008.51,159186944,98877440,67990472,64.84,4203808
1770195872195,3565.99,1009.92,159186944,98877440,68201832,65.04,4205144
1770195872297,3566.28,1010.06,159186944,98877440,68203840,65.04,4205144
1770195872398,3568.05,1011.14,159186944,98877440,68311072,65.15,4205810
1770195872500,3569.04,1011.83,159186944,98877440,68417208,65.25,4206480
1770195872601,3569.30,1011.96,159186944,98877440,68419216,65.25,4206480
1770195872703,3571.62,1013.44,159186944,98877440,68630576,65.45,4207816
1770195872803,3571.87,1013.54,159186944,98877440,68632584,65.45,4207816
1770195872902,3575.90,1015.21,159203328,98877440,68844080,65.65,4217344
1770195873003,3576.05,1015.26,159203328,98877440,68846088,65.66,4217344
1770195873104,3576.34,1015.38,159203328,98877440,68848072,65.66,4217344
1770195873206,3585.74,1017.20,159203328,98877440,69060136,65.86,4218680
1770195873306,3667.08,1029.90,118636544,57196544,41810392,39.87,4125930
1770195873407,3671.60,1031.66,118636544,57196544,42299192,40.34,4127266
1770195873508,3671.72,1031.71,118636544,57196544,42301200,40.34,4127266
1770195873609,3671.95,1031.81,118636544,57196544,42303184,40.34,4127266
1770195873710,3675.05,1033.73,118636544,57196544,42530192,40.56,4128602
1770195873811,3675.34,1033.88,118636544,57196544,42532200,40.56,4128602
1770195873912,3755.64,1041.13,108281856,47235072,41788272,39.85,4135458
1770195874013,3755.80,1041.17,108281856,47235072,41790328,39.85,4135458
1770195874113,3756.10,1041.32,108281856,47235072,41792312,39.86,4135458
1770195874215,3759.38,1043.33,108511232,47235072,42019000,40.07,4136794
1770195874315,3759.71,1043.48,108511232,47235072,42021008,40.07,4136794
1770195874415,3762.80,1045.31,108724224,47235072,42247744,40.29,4138130
1770195874515,3808.26,1046.28,108740608,47235072,42259832,40.30,4138130
1770195874617,3846.98,1048.94,108216320,46972928,41534352,39.61,4125930
1770195874718,3855.80,1051.26,108462080,46972928,42125672,40.17,4127266
1770195874818,3856.10,1051.38,108462080,46972928,42127680,40.18,4127266
1770195874919,3860.96,1053.58,108707840,46972928,42354624,40.39,4136794
1770195875020,3861.14,1053.65,108707840,46972928,42356632,40.39,4136794
1770195875122,3861.43,1053.79,108707840,46972928,42358616,40.40,4136794
1770195875222,3864.30,1055.66,108920832,46972928,42585080,40.61,4138130
1770195875323,3864.58,1055.77,108920832,46972928,42587088,40.61,4138130
1770195875423,3868.80,1058.29,109494272,50118656,41971920,40.03,4139466
1770195875525,3869.03,1058.36,109494272,50118656,41973928,40.03,4139466
1770195875626,3869.36,1058.56,109494272,50118656,41975912,40.03,4139466
1770195875728,3874.53,1060.65,109740032,50118656,42202776,40.25,4137464
1770195875829,3874.77,1060.73,109740032,50118656,42204784,40.25,4137464
1770195875929,3877.77,1062.66,109953024,50118656,42431440,40.47,4146992
1770195876030,3878.00,1062.73,109953024,50118656,42433448,40.47,4146992
1770195876131,3878.31,1062.86,109953024,50118656,42435432,40.47,4146992
1770195876233,3886.63,1064.80,110198784,50118656,42662912,40.69,4148328
1770195876334,3886.92,1064.93,110198784,50118656,42664920,40.69,4148328
1770195876435,3890.17,1067.01,110411776,50118656,42891424,40.90,4149664
1770195876536,3890.37,1067.08,110411776,50118656,42893432,40.91,4149664
1770195876636,3890.68,1067.22,110411776,50118656,42895416,40.91,4149664
1770195876737,3894.11,1069.65,110624768,50118656,43121912,41.12,4151000
1770195876837,3894.41,1069.75,110624768,50118656,43123920,41.13,4151000
1770195876938,3898.38,1071.78,110837760,50118656,43350592,41.34,4160528
1770195877038,3898.60,1071.88,110854144,50118656,43352600,41.34,4160528
1770195877140,3898.87,1072.01,110854144,50118656,43354584,41.35,4160528
1770195877241,3901.81,1073.93,111099904,50118656,43581120,41.56,4161864
1770195877341,3902.08,1074.05,111099904,50118656,43583128,41.56,4161864
1770195877442,3906.82,1076.12,111247360,50118656,42217192,40.26,4163200
1770195877544,3907.09,1076.21,111247360,50118656,42219200,40.26,4163200
1770195877644,3907.48,1076.36,111247360,50118656,42221184,40.27,4163200
1770195877746,3910.34,1078.30,111247360,50118656,42447720,40.48,4137464
1770195877846,3910.65,1078.47,111247360,50118656,42449704,40.48,4137464
1770195877948,3919.56,1080.65,111329280,50118656,42676568,40.70,4146992
1770195878049,3919.80,1080.74,111329280,50118656,42678552,40.70,4146992
1770195878151,3920.08,1080.86,111329280,50118656,42680536,40.70,4146992
1770195878251,3922.49,1082.74,111394816,50118656,42907208,40.92,4148328
1770195878352,3922.78,1082.86,111394816,50118656,42909192,40.92,4148328
1770195878454,3926.38,1084.59,111607808,50118656,43135976,41.14,4149664
1770195878554,3926.62,1084.69,111607808,50118656,43137960,41.14,4149664
1770195878655,3926.92,1084.84,111607808,50118656,43139944,41.14,4149664
1770195878757,3929.71,1086.67,111837184,50118656,43365976,41.36,4151000
1770195878858,3929.98,1086.80,111837184,50118656,43367960,41.36,4151000
1770195878959,3932.67,1088.55,112050176,50118656,43594184,41.57,4160528
1770195879061,3932.89,1088.64,112050176,50118656,43596168,41.58,4160528
1770195879162,3933.23,1088.81,112066560,50118656,43598152,41.58,4160528
1770195879264,3940.34,1090.70,112279552,50118656,43824456,41.79,4161864
1770195879363,3940.65,1090.81,112279552,50118656,43826464,41.80,4161864
1770195879465,3945.39,1092.63,112361472,50118656,42590816,40.62,4136794
1770195879566,3945.70,1092.78,112361472,50118656,42592800,40.62,4136794
1770195879666,3946.02,1092.94,112361472,50118656,42594784,40.62,4136794
1770195879767,3948.73,1094.83,112361472,50118656,42820824,40.84,4138130
1770195879867,3949.05,1094.99,112361472,50118656,42822808,40.84,4138130
1770195879969,3952.98,1096.88,112361472,50118656,43049168,41.05,4147658
1770195880069,3953.21,1096.97,112361472,50118656,43051176,41.06,4147658
1770195880171,3953.51,1097.06,112361472,50118656,43053160,41.06,4147658
1770195880271,3957.29,1099.32,112361472,50118656,43279880,41.27,4148994
1770195880372,3957.57,1099.42,112361472,50118656,43281888,41.28,4148994
1770195880474,3960.38,1101.25,112361472,50118656,43508096,41.49,4150330
1770195880575,3960.62,1101.38,112361472,50118656,43510104,41.49,4150330
1770195880676,3960.87,1101.51,112361472,50118656,43512088,41.50,4150330
1770195880778,3964.08,1103.27,112361472,50118656,43738200,41.71,4151666
1770195880878,3964.32,1103.38,112361472,50118656,43740208,41.71,4151666
1770195880979,3970.66,1105.34,112377856,50118656,43968040,41.93,4161194
1770195881080,3970.86,1105.43,112377856,50118656,43970048,41.93,4161194
1770195881182,3971.15,1105.56,112377856,50118656,43972032,41.93,4161194
1770195881283,3975.35,1107.69,109232128,46972928,42718296,40.74,4162530
1770195881383,3975.54,1107.74,109232128,46972928,42720304,40.74,4162530
1770195881484,3978.36,1109.66,109232128,46972928,42946288,40.96,4137464
1770195881585,3978.62,1109.79,109232128,46972928,42948272,40.96,4137464
1770195881687,3978.95,1109.96,109232128,46972928,42950256,40.96,4137464
1770195881788,3981.19,1111.97,109232128,46972928,43176240,41.18,4138800
1770195881888,3981.42,1112.07,109232128,46972928,43178248,41.18,4138800
1770195881989,3985.84,1114.24,109576192,50118656,42783384,40.80,4148328
1770195882090,3986.17,1114.38,109576192,50118656,42785368,40.80,4148328
1770195882192,3986.48,1114.52,109576192,50118656,42787352,40.81,4148328
1770195882293,3991.49,1116.67,109805568,50118656,43014096,41.02,4137464
1770195882393,3991.64,1116.75,109805568,50118656,43016080,41.02,4137464
1770195882494,3994.27,1118.67,110034944,50118656,43242072,41.24,4138800
1770195882595,3994.54,1118.78,110034944,50118656,43244056,41.24,4138800
1770195882697,3994.82,1118.90,110034944,50118656,43246040,41.24,4138800
1770195882797,3998.17,1120.81,110247936,50118656,43472024,41.46,4140136
1770195882897,3998.50,1120.98,110247936,50118656,43474032,41.46,4140136
1770195882998,4001.56,1122.90,110460928,50118656,43700432,41.68,4149664
1770195883100,4001.86,1123.06,110460928,50118656,43702416,41.68,4149664
1770195883200,4002.18,1123.20,110460928,50118656,43704400,41.68,4149664
1770195883302,4005.16,1125.07,110673920,50118656,43930384,41.90,4151000
1770195883403,4005.45,1125.21,110690304,50118656,43932368,41.90,4151000
1770195883504,4016.20,1128.02,110919680,50118656,44159664,42.11,4152336
1770195883605,4016.44,1128.13,110919680,50118656,44161816,42.12,4152336
1770195883707,4016.74,1128.28,110919680,50118656,44163800,42.12,4152336
1770195883807,4026.33,1130.23,111149056,50118656,44389736,42.33,4153672
1770195883908,4026.46,1130.28,111149056,50118656,44391744,42.34,4153672
1770195884009,4029.10,1132.10,111378432,50118656,44617600,42.55,4163200
1770195884110,4029.25,1132.16,111378432,50118656,44619584,42.55,4163200
1770195884210,4029.59,1132.33,111378432,50118656,44621568,42.55,4163200
1770195884312,4033.00,1134.20,111411200,50118656,43242232,41.24,4136794
1770195884412,4033.33,1134.36,111411200,50118656,43244216,41.24,4136794
1770195884513,4036.64,1136.40,111411200,50118656,43472768,41.46,4138130
1770195884615,4036.88,1136.55,111411200,50118656,43474752,41.46,4138130
1770195884715,4037.08,1136.62,111411200,50118656,43476736,41.46,4138130
1770195884817,4042.14,1138.51,111411200,50118656,43711080,41.69,4139466
1770195884917,4042.43,1138.65,111411200,50118656,43713064,41.69,4139466
1770195885018,4054.59,1140.78,111591424,50118656,43949392,41.91,4148994
1770195885119,4054.89,1140.90,111591424,50118656,43951376,41.92,4148994
1770195885219,4055.26,1141.09,111591424,50118656,43953360,41.92,4148994
1770195885320,4061.00,1142.98,111804416,50118656,44181136,42.13,4150330
1770195885420,4061.33,1143.14,111804416,50118656,44183120,42.14,4150330
1770195885522,4070.90,1145.46,112017408,50118656,44415464,42.36,4151666
1770195885622,4071.21,1145.61,112017408,50118656,44417448,42.36,4151666
1770195885724,4071.51,1145.74,112017408,50118656,44419432,42.36,4151666
1770195885824,4074.88,1147.84,112230400,50118656,44636664,42.57,4153002
1770195885926,4075.19,1148.00,112230400,50118656,44638672,42.57,4153002
1770195886026,4079.89,1149.91,112410624,50118656,43385800,41.38,4162530
1770195886128,4080.22,1150.08,112410624,50118656,43387784,41.38,4162530
1770195886230,4081.81,1151.05,112410624,50118656,43497872,41.48,4136794
1770195886332,4085.65,1151.74,112410624,50118656,43614208,41.59,4137464
1770195886432,4085.96,1151.91,112410624,50118656,43616192,41.60,4137464
1770195886534,4088.79,1153.78,112443392,50118656,43929480,41.89,4138800
1770195886635,4088.99,1153.90,112443392,50118656,43931464,41.90,4138800
1770195886735,4093.97,1155.14,112459776,50118656,44041552,42.00,4139466
1770195886837,4099.05,1155.85,112459776,50118656,44151192,42.11,4140136
1770195886937,4099.20,1155.92,112459776,50118656,44153176,42.11,4140136
1770195887038,4102.10,1157.76,112459776,50118656,44370680,42.32,4149664
1770195887138,4102.32,1157.87,112459776,50118656,44372664,42.32,4149664
1770195887239,4105.38,1159.68,112459776,50118656,44590000,42.52,4151000
1770195887340,4105.53,1159.74,112459776,50118656,44591984,42.53,4151000
1770195887442,4105.79,1159.87,112459776,50118656,44593968,42.53,4151000
1770195887543,4108.60,1161.67,112476160,50118656,44811304,42.74,4152336
1770195887644,4108.79,1161.74,112476160,50118656,44813288,42.74,4152336
1770195887745,4113.42,1163.50,112476160,50118656,43708592,41.68,4153672
1770195887846,4113.61,1163.56,112476160,50118656,43710576,41.69,4153672
1770195887947,4113.90,1163.70,112476160,50118656,43712560,41.69,4153672
1770195888047,4116.59,1165.55,112476160,50118656,43930072,41.89,4144986
1770195888149,4116.90,1165.69,112476160,50118656,43932080,41.90,4144986
1770195888249,4119.64,1167.55,112476160,50118656,44149296,42.10,4146322
1770195888349,4119.86,1167.64,112476160,50118656,44151304,42.11,4146322
1770195888450,4120.13,1167.78,112476160,50118656,44153288,42.11,4146322
1770195888551,4122.66,1169.60,112476160,50118656,44370648,42.32,4147658
1770195888652,4122.90,1169.72,112476160,50118656,44372632,42.32,4147658
1770195888753,4126.76,1171.52,112476160,50118656,44590048,42.52,4148994
1770195888854,4126.98,1171.60,112476160,50118656,44592032,42.53,4148994
1770195888954,4127.28,1171.74,112476160,50118656,44594016,42.53,4148994
1770195889056,4152.51,1173.83,112492544,50118656,44813840,42.74,4158522
1770195889156,4152.75,1173.92,112492544,50118656,44815848,42.74,4158522
1770195889257,4158.21,1175.66,112492544,50118656,45039784,42.95,4159858
1770195889357,4158.41,1175.74,112492544,50118656,45041792,42.96,4159858
1770195889458,4158.71,1175.89,112492544,50118656,45043776,42.96,4159858
1770195889559,4194.05,1178.01,112508928,50118656,45564056,43.45,4161194
1770195889660,4194.25,1178.08,112508928,50118656,45566040,43.46,4161194
1770195889762,4198.85,1180.06,112689152,50380800,44288240,42.24,4162530
1770195889863,4199.07,1180.15,112689152,50380800,44290224,42.24,4162530
1770195889963,4199.40,1180.30,112689152,50380800,44292208,42.24,4162530
1770195890064,4202.31,1182.24,112705536,50380800,44504680,42.44,4145656
1770195890166,4202.58,1182.38,112705536,50380800,44506688,42.44,4145656
1770195890267,4205.59,1184.29,112705536,50380800,44718880,42.65,4146992
1770195890367,4205.88,1184.41,112705536,50380800,44720864,42.65,4146992
1770195890468,4206.20,1184.52,112705536,50380800,44722848,42.65,4146992
1770195890568,4213.53,1186.24,112705536,50380800,44940968,42.86,4148328
1770195890669,4213.90,1186.38,112705536,50380800,44942952,42.86,4148328
1770195890769,4221.93,1188.34,112705536,50380800,45157168,43.07,4149664
1770195890870,4222.15,1188.47,112705536,50380800,45158648,43.07,4149664
1770195890972,4222.44,1188.59,112705536,50380800,45160128,43.07,4149664
1770195891072,4225.15,1190.32,112721920,50380800,45372240,43.27,4159192
1770195891173,4225.39,1190.43,112721920,50380800,45373744,43.27,4159192
1770195891275,4232.89,1191.98,112721920,50380800,45586368,43.47,4160528
1770195891375,4233.09,1192.07,112721920,50380800,45587848,43.48,4160528
1770195891477,4233.36,1192.16,112721920,50380800,45589328,43.48,4160528
1770195891577,4236.38,1194.10,112721920,50380800,45800840,43.68,4161864
1770195891677,4236.67,1194.23,112721920,50380800,45802320,43.68,4161864
1770195891778,4242.74,1196.64,113311744,55361536,44580928,42.52,4163200
1770195891879,4242.95,1196.71,113311744,55361536,44582408,42.52,4163200
1770195891979,4243.25,1196.85,113311744,55361536,44583888,42.52,4163200
1770195892080,4246.14,1198.87,113311744,55361536,44795632,42.72,4145656
1770195892181,4246.40,1198.97,113311744,55361536,44797112,42.72,4145656
1770195892282,4249.11,1200.81,113311744,55361536,45008576,42.92,4146992
1770195892383,4249.37,1200.89,113311744,55361536,45010056,42.92,4146992
1770195892485,4249.68,1201.04,113311744,55361536,45011536,42.93,4146992
1770195892586,4252.77,1202.80,113311744,55361536,45223000,43.13,4148328
1770195892687,4253.07,1202.94,113311744,55361536,45224480,43.13,4148328
1770195892788,4258.67,1204.86,113311744,55361536,45436272,43.33,4149664
1770195892890,4258.88,1204.96,113311744,55361536,45437752,43.33,4149664
1770195892990,4259.14,1205.08,113311744,55361536,45439232,43.33,4149664
1770195893091,4261.95,1206.97,113311744,55361536,45650976,43.54,4159192
1770195893193,4262.25,1207.08,113311744,55361536,45652456,43.54,4159192
1770195893294,4264.95,1209.11,113328128,55361536,45863928,43.74,4160528
1770195893395,4270.55,1209.43,113328128,55361536,45895584,43.77,4160536
1770195893496,4270.78,1209.57,113328128,55361536,45897088,43.77,4160536
1770195893597,4274.11,1211.21,113328128,55361536,46108576,43.97,4161872
1770195893699,4274.40,1211.34,113328128,55361536,46110080,43.97,4161872
1770195893799,4277.27,1212.97,113377280,55361536,46321608,44.18,4163208
1770195893901,4277.47,1213.06,113377280,55361536,46323112,44.18,4163208
1770195894001,4277.73,1213.19,113393664,55361536,46324592,44.18,4163208
1770195894102,4280.68,1215.16,113590272,55361536,46536280,44.38,4172736
1770195894202,4280.96,1215.27,113590272,55361536,46537784,44.38,4172736
1770195894304,4283.67,1217.08,113803264,55361536,46749296,44.58,4174072
1770195894404,4283.89,1217.15,113803264,55361536,46750800,44.59,4174072
1770195894505,4284.16,1217.30,113803264,55361536,46752280,44.59,4174072
1770195894607,4286.83,1219.56,113999872,55361536,46963760,44.79,4175408
1770195894708,4287.11,1219.70,113999872,55361536,46965264,44.79,4175408
1770195894810,4301.62,1221.73,114212864,55361536,47177632,44.99,4176744
1770195894911,4301.80,1221.83,114229248,55361536,47179136,44.99,4176744
1770195895013,4301.97,1221.94,114229248,55361536,47180616,44.99,4176744
1770195895114,4522.60,1232.71,148455424,89178112,63965112,61.00,4134792
1770195895214,4522.72,1232.74,148455424,89178112,63966664,61.00,4134792
1770195895315,4583.67,1237.38,154451968,92061696,64541312,61.55,4136128
1770195895415,4720.89,1240.17,156729344,94420992,55274696,52.71,4125930
1770195895516,4721.03,1240.22,156729344,94420992,55276248,52.72,4125930
1770195895618,4725.75,1242.01,156729344,94420992,55491792,52.92,4127266
1770195895719,4726.01,1242.14,156729344,94420992,55493296,52.92,4127266
1770195895820,4728.82,1243.79,156729344,94420992,55707576,53.13,4128598
1770195895921,4729.02,1243.86,156729344,94420992,55709080,53.13,4128598
1770195896022,4729.32,1243.99,156729344,94420992,55710560,53.13,4128598
1770195896123,4731.77,1245.58,156729344,94420992,55925248,53.33,4138122
1770195896224,4732.08,1245.73,156729344,94420992,55926752,53.34,4138122
1770195896324,4735.32,1248.24,156729344,94420992,56141152,53.54,4139454
1770195896426,4735.82,1248.52,156729344,94420992,56142656,53.54,4139454
1770195896527,4736.11,1248.65,156729344,94420992,56144136,53.54,4139454
1770195896629,4738.71,1250.41,156729344,94420992,56358632,53.75,4140786
1770195896729,4738.99,1250.52,156729344,94420992,56360136,53.75,4140786
1770195896830,4743.32,1252.46,156729344,94420992,56580424,53.96,4142118
1770195896931,4743.61,1252.59,156729344,94420992,56581928,53.96,4142118
1770195897031,4743.93,1252.73,156729344,94420992,56583408,53.96,4142118
1770195897133,4749.82,1254.78,156729344,94420992,56798224,54.17,4151642
1770195897233,4750.11,1254.90,156729344,94420992,56799728,54.17,4151642
1770195897334,4752.82,1256.66,156729344,94420992,57014152,54.37,4152974
1770195897436,4753.05,1256.77,156729344,94420992,57015656,54.37,4152974
1770195897536,4753.32,1256.89,156729344,94420992,57017136,54.38,4152974
1770195897637,4765.84,1258.73,156729344,94420992,57254288,54.60,4154306
1770195897739,4766.11,1258.86,156729344,94420992,57255792,54.60,4154306
1770195897840,4768.82,1260.77,156729344,94420992,57484232,54.82,4155638
1770195897940,4769.01,1260.87,156729344,94420992,57485736,54.82,4155638
1770195898041,4769.22,1260.96,156729344,94420992,57487216,54.82,4155638
1770195898143,4772.08,1262.79,156729344,94420992,57701968,55.03,4165162
1770195898243,4772.35,1262.90,156729344,94420992,57703472,55.03,4165162
1770195898345,4775.03,1264.70,156729344,94420992,57917872,55.23,4166496
1770195898445,4775.33,1264.84,156729344,94420992,57919376,55.24,4166496
1770195898547,4775.60,1264.96,156729344,94420992,57920856,55.24,4166496
1770195898647,4778.30,1266.82,156729344,94420992,58135312,55.44,4167830
1770195898747,4778.59,1266.96,156729344,94420992,58136816,55.44,4167830
1770195898848,4781.43,1268.82,156729344,94420992,58351192,55.65,4169164
1770195898949,4781.65,1268.91,156729344,94420992,58352696,55.65,4169164
1770195899049,4781.90,1269.02,156729344,94420992,58354176,55.65,4169164
1770195899149,4784.59,1270.83,156729344,94420992,58574000,55.86,4178690
1770195899250,4784.89,1270.94,156729344,94420992,58575504,55.86,4178690
1770195899350,4787.74,1272.65,156729344,94420992,58793728,56.07,4180024
1770195899452,4788.02,1272.75,156729344,94420992,58795232,56.07,4180024
1770195899553,4788.28,1272.88,156729344,94420992,58796712,56.07,4180024
1770195899655,4791.17,1274.81,156729344,94420992,59011152,56.28,4181358
1770195899755,4791.39,1274.91,156729344,94420992,59012656,56.28,4181358
1770195899856,4796.56,1276.70,156729344,94420992,59230984,56.49,4182692
1770195899957,4796.81,1276.81,156729344,94420992,59232488,56.49,4182692
1770195900057,4799.98,1276.94,156729344,94420992,59236720,56.49,4182692
1770195900158,4802.74,1278.59,156729344,94420992,59454544,56.70,4192218
1770195900259,4802.99,1278.71,156729344,94420992,59456048,56.70,4192218
1770195900360,4805.56,1280.38,156729344,94420992,59681008,56.92,4193552
1770195900460,4805.79,1280.47,156729344,94420992,59682520,56.92,4193552
1770195900561,4806.02,1280.57,156729344,94420992,59684000,56.92,4193552
1770195900663,4809.54,1282.44,156729344,94420992,59911872,57.14,4194886
1770195900763,4809.83,1282.57,156729344,94420992,59913376,57.14,4194886
1770195900864,4812.43,1284.25,156729344,94420992,60127552,57.34,4196220
1770195900965,4812.69,1284.37,156729344,94420992,60129056,57.34,4196220
1770195901066,4812.99,1284.48,156729344,94420992,60130536,57.34,4196220
1770195901167,4815.40,1286.26,156729344,94420992,60345176,57.55,4205746
1770195901268,4815.65,1286.36,156729344,94420992,60346680,57.55,4205746
1770195901369,4826.19,1288.20,156729344,94420992,60579312,57.77,4207080
1770195901471,4826.40,1288.30,156729344,94420992,60580816,57.77,4207080
1770195901570,4826.64,1288.43,156729344,94420992,60582296,57.78,4207080
1770195901672,4829.36,1290.14,156729344,94420992,60793664,57.98,4208414
1770195901772,4831.29,1290.26,156729344,94420992,60795392,57.98,4208414
1770195901874,4834.14,1292.05,156729344,94420992,61012760,58.19,4209748
1770195901974,4834.32,1292.15,156729344,94420992,61014264,58.19,4209748
1770195902078,4836.22,1293.16,156729344,94420992,61121144,58.29,4210413
1770195902178,4837.13,1293.82,156729344,94420992,61227224,58.39,4219274
1770195902278,4837.37,1293.94,156729344,94420992,61228728,58.39,4219274
1770195902377,4840.33,1295.86,156729344,94420992,61442664,58.60,4220608
1770195902479,4840.58,1295.96,156729344,94420992,61444168,58.60,4220608
1770195902581,4842.13,1297.08,156729344,94420992,61554624,58.70,4221273
1770195902681,4843.07,1297.78,156729344,94420992,61660528,58.80,4221942
1770195902783,4843.34,1297.88,156729344,94420992,61662032,58.81,4221942
1770195902884,4845.80,1299.65,156729344,94420992,61875640,59.01,4223276
1770195902984,4846.07,1299.79,156729344,94420992,61877144,59.01,4223276
1770195903085,4848.98,1301.73,156729344,94420992,62091192,59.21,4232802
1770195903187,4855.31,1301.80,156729344,94420992,62137760,59.26,4232802
1770195903287,4855.57,1301.95,156729344,94420992,62139240,59.26,4232802
1770195903388,4858.40,1303.84,156729344,94420992,62353104,59.46,4234136
1770195903490,4936.45,1312.41,110149632,47759360,42120288,40.17,4125930
1770195903591,4940.97,1314.25,110149632,47759360,42396792,40.43,4127264
1770195903692,4941.13,1314.32,110149632,47759360,42398296,40.43,4127264
1770195903792,4941.41,1314.44,110149632,47759360,42399776,40.44,4127264
1770195903892,4949.93,1316.66,110149632,47759360,42635296,40.66,4128598
1770195903993,4950.20,1316.82,110149632,47759360,42636800,40.66,4128598
1770195904094,5022.08,1323.22,108675072,46972928,42356736,40.39,4135456
1770195904195,5022.25,1323.28,108675072,46972928,42358288,40.40,4135456
1770195904295,5022.46,1323.39,108675072,46972928,42359768,40.40,4135456
1770195904396,5025.34,1325.24,108904448,46972928,42585376,40.61,4136790
1770195904496,5025.57,1325.34,108904448,46972928,42586880,40.61,4136790
1770195904596,5029.15,1327.48,109445120,50118656,42097688,40.15,4138124
1770195904697,5029.33,1327.54,109445120,50118656,42099192,40.15,4138124
1770195904798,5029.64,1327.68,109445120,50118656,42100672,40.15,4138124
1770195904901,5040.40,1330.31,109658112,50118656,42333016,40.37,4136790
1770195905002,5040.58,1330.40,109658112,50118656,42334496,40.37,4136790
1770195905102,5042.88,1332.21,109871104,50118656,42560328,40.59,4146316
1770195905202,5043.00,1332.26,109871104,50118656,42561832,40.59,4146316
1770195905302,5043.16,1332.33,109871104,50118656,42563312,40.59,4146316
1770195905403,5045.67,1333.96,110100480,50118656,42788856,40.81,4147650
1770195905504,5045.94,1334.09,110116864,50118656,42790360,40.81,4147650
1770195905605,5049.22,1336.14,110329856,50118656,43015976,41.02,4148984
1770195905706,5049.43,1336.22,110329856,50118656,43017480,41.02,4148984
1770195905808,5049.69,1336.34,110329856,50118656,43018960,41.03,4148984
1770195905909,5055.34,1338.08,110559232,50118656,43249216,41.25,4150318
1770195906009,5055.54,1338.18,110559232,50118656,43250720,41.25,4150318
1770195906111,5058.69,1340.11,110788608,50118656,43476296,41.46,4159844
1770195906212,5058.88,1340.19,110788608,50118656,43477800,41.46,4159844
1770195906312,5059.17,1340.31,110788608,50118656,43479280,41.47,4159844
1770195906414,5062.04,1342.18,111017984,50118656,43704704,41.68,4161178
1770195906514,5062.31,1342.26,111017984,50118656,43706208,41.68,4161178
1770195906615,5065.34,1344.02,111247360,50118656,43931568,41.90,4162512
1770195906716,5065.51,1344.08,111247360,50118656,43933072,41.90,4162512
1770195906818,5065.77,1344.19,111247360,50118656,43934552,41.90,4162512
1770195906918,5070.18,1345.94,111312896,50118656,42566056,40.59,4136790
1770195907019,5070.44,1346.05,111312896,50118656,42567536,40.60,4136790
1770195907119,5073.18,1347.55,111312896,50118656,42793160,40.81,4146316
1770195907221,5073.42,1347.66,111312896,50118656,42794640,40.81,4146316
1770195907321,5073.72,1347.81,111312896,50118656,42796120,40.81,4146316
1770195907421,5081.95,1349.85,111411200,50118656,43021712,41.03,4147650
1770195907522,5082.31,1350.06,111411200,50118656,43023192,41.03,4147650
1770195907623,5085.60,1352.13,111640576,50118656,43248936,41.25,4148984
1770195907724,5085.85,1352.23,111640576,50118656,43250416,41.25,4148984
1770195907826,5086.22,1352.46,111640576,50118656,43251896,41.25,4148984
1770195907927,5090.72,1354.72,111935488,50118656,43477488,41.46,4150318
1770195908027,5090.99,1354.86,111935488,50118656,43478968,41.46,4150318
1770195908128,5093.80,1356.72,112148480,50118656,43704488,41.68,4159844
1770195908228,5093.93,1356.78,112148480,50118656,43705968,41.68,4159844
1770195908330,5094.14,1356.87,112148480,50118656,43707448,41.68,4159844
1770195908430,5098.94,1358.62,112377856,50118656,42663032,40.69,4161178
1770195908532,5099.22,1358.74,112377856,50118656,42664512,40.69,4161178
1770195908633,5103.19,1360.95,112377856,50118656,42895448,40.91,4136790
1770195908733,5103.46,1361.05,112377856,50118656,42896928,40.91,4136790
1770195908835,5103.77,1361.20,112377856,50118656,42898408,40.91,4136790
1770195908935,5106.44,1363.31,112377856,50118656,43123312,41.13,4138124
1770195909036,5106.70,1363.46,112377856,50118656,43124792,41.13,4138124
1770195909137,5114.58,1365.38,112394240,50118656,43349984,41.34,4147650
1770195909237,5114.89,1365.51,112394240,50118656,43351464,41.34,4147650
1770195909339,5128.11,1365.76,112410624,50118656,43371808,41.36,4147650
1770195909439,5135.53,1367.79,112410624,50118656,43596744,41.58,4148984
1770195909541,5135.82,1367.93,112410624,50118656,43598192,41.58,4148984
1770195909641,5138.96,1369.67,112410624,50118656,43822408,41.79,4150318
1770195909743,5139.27,1369.82,112410624,50118656,43823856,41.79,4150318
1770195909842,5139.51,1369.94,112410624,50118656,43825304,41.80,4150318
1770195909943,5142.64,1371.91,112410624,50118656,44049552,42.01,4151652
1770195910045,5142.92,1372.05,112410624,50118656,44051024,42.01,4151652
1770195910145,5146.54,1374.08,112410624,50118656,44275488,42.22,4161178
1770195910246,5146.79,1374.22,112410624,50118656,44276936,42.23,4161178
1770195910348,5147.04,1374.35,112410624,50118656,44278384,42.23,4161178
1770195910448,5151.42,1376.65,109477888,46972928,42992688,41.00,4162512
1770195910548,5151.67,1376.76,109477888,46972928,42994136,41.00,4162512
1770195910649,5154.57,1378.63,109477888,46972928,43218392,41.22,4137459
1770195910751,5154.80,1378.74,109477888,46972928,43219864,41.22,4137459
1770195910851,5155.00,1378.85,109477888,46972928,43221312,41.22,4137459
1770195910953,5157.55,1380.53,109477888,46972928,43445584,41.43,4138793
1770195911053,5157.79,1380.64,109477888,46972928,43447056,41.43,4138793
1770195911154,5165.46,1382.67,109707264,48021504,43026968,41.03,4148319
1770195911256,5165.68,1382.78,109707264,48021504,43028440,41.04,4148319
1770195911356,5165.96,1382.90,109707264,48021504,43029888,41.04,4148319
1770195911458,5168.87,1384.83,109920256,48021504,43254136,41.25,4137459
1770195911558,5169.16,1384.96,109920256,48021504,43255584,41.25,4137459
1770195911659,5172.08,1386.82,110133248,48021504,43479936,41.47,4138793
1770195911761,5172.30,1386.92,110133248,48021504,43481384,41.47,4138793
1770195911861,5172.58,1387.06,110133248,48021504,43482832,41.47,4138793
1770195911961,5175.49,1388.87,110346240,48021504,43086520,41.09,4140127
1770195912062,5175.79,1389.00,110346240,48021504,43087992,41.09,4140127
1770195912163,5178.64,1390.84,110346240,48021504,43316240,41.31,4144982
1770195912265,5178.92,1390.98,110346240,48021504,43317712,41.31,4144982
1770195912365,5179.22,1391.13,110346240,48021504,43319160,41.31,4144982
1770195912466,5182.22,1393.02,110346240,48021504,43545528,41.53,4146316
1770195912568,5182.48,1393.16,110346240,48021504,43546976,41.53,4146316
1770195912669,5185.65,1395.18,110346240,48021504,43773736,41.75,4147650
1770195912769,5185.89,1395.29,110346240,48021504,43775184,41.75,4147650
1770195912870,5186.13,1395.43,110346240,48021504,43776632,41.75,4147650
1770195912972,5190.04,1396.98,110346240,48021504,43228928,41.23,4148984
1770195913072,5190.30,1397.09,110346240,48021504,43230376,41.23,4148984
1770195913174,5192.22,1398.38,110346240,48021504,43454792,41.44,4153174
1770195913275,5192.40,1398.48,110346240,48021504,43456264,41.44,4153174
1770195913375,5192.50,1398.52,110346240,48021504,43457712,41.44,4153174
1770195913476,5194.89,1400.01,110346240,48021504,43684368,41.66,4154508
1770195913578,5195.16,1400.15,110346240,48021504,43685840,41.66,4154508
1770195913678,5202.93,1402.58,110346240,48021504,43915976,41.88,4155842
1770195913779,5203.18,1402.68,110346240,48021504,43917448,41.88,4155842
1770195913881,5203.47,1402.83,110346240,48021504,43918896,41.88,4155842
1770195913982,5207.81,1404.94,110526464,48021504,43409072,41.40,4157176
1770195914083,5207.95,1405.01,110526464,48021504,43410544,41.40,4157176
1770195914184,5210.52,1406.62,110526464,48021504,43640936,41.62,4153843
1770195914285,5210.72,1406.76,110526464,48021504,43642408,41.62,4153843
1770195914387,5210.98,1406.87,110526464,48021504,43643856,41.62,4153843
1770195914488,5222.15,1408.58,110542848,48283648,44136160,42.09,4155177
1770195914589,5222.40,1408.71,110542848,48283648,44137632,42.09,4155177
1770195914689,5232.72,1410.62,110559232,48283648,44359472,42.30,4156511
1770195914791,5232.92,1410.72,110559232,48283648,44360944,42.31,4156511
1770195914891,5233.20,1410.83,110559232,48283648,44362392,42.31,4156511
1770195914993,5238.00,1412.60,110690304,50380800,43856256,41.82,4157845
1770195915093,5238.24,1412.71,110690304,50380800,43857728,41.83,4157845
1770195915194,5240.86,1414.31,110690304,50380800,44073816,42.03,4153843
1770195915295,5241.04,1414.42,110690304,50380800,44075264,42.03,4153843
1770195915396,5241.21,1414.51,110690304,50380800,44076712,42.03,4153843
1770195915497,5243.94,1416.45,110690304,50380800,44292608,42.24,4155177
1770195915599,5244.24,1416.57,110690304,50380800,44294056,42.24,4155177
1770195915700,5251.10,1418.45,110706688,50380800,44510592,42.45,4156511
1770195915801,5251.32,1418.56,110706688,50380800,44512040,42.45,4156511
1770195915903,5251.48,1418.66,110706688,50380800,44513488,42.45,4156511
1770195916003,5256.74,1420.42,110755840,50380800,44729296,42.66,4157845
1770195916104,5256.94,1420.53,110755840,50380800,44730744,42.66,4157845
1770195916205,5259.54,1422.31,110968832,50380800,44946208,42.86,4167371
1770195916306,5259.70,1422.40,110968832,50380800,44947680,42.87,4167371
1770195916408,5259.84,1422.45,110968832,50380800,44949128,42.87,4167371
1770195916509,5262.48,1424.10,111214592,50380800,45164320,43.07,4168705
1770195916609,5264.95,1424.25,111214592,50380800,45165792,43.07,4168705
1770195916710,5268.64,1426.06,111427584,50380800,45381032,43.28,4170039
1770195916811,5268.81,1426.16,111427584,50380800,45382504,43.28,4170039
1770195916912,5269.00,1426.27,111443968,50380800,45383952,43.28,4170039
1770195917013,5278.22,1428.24,111656960,50380800,45606304,43.49,4171373
1770195917112,5278.44,1428.34,111656960,50380800,45607776,43.49,4171373
1770195917213,5283.07,1430.31,111755264,50380800,44254608,42.20,4153174
1770195917315,5283.29,1430.41,111755264,50380800,44256056,42.21,4153174
1770195917415,5283.56,1430.52,111755264,50380800,44257504,42.21,4153174
1770195917517,5285.39,1431.89,111755264,50380800,44472736,42.41,4154508
1770195917616,5285.58,1431.98,111755264,50380800,44474184,42.41,4154508
1770195917718,5288.16,1433.75,111755264,50380800,44689384,42.62,4155842
1770195917818,5288.42,1433.86,111755264,50380800,44690832,42.62,4155842
1770195917918,5288.71,1434.00,111755264,50380800,44692280,42.62,4155842
1770195918018,5291.41,1435.62,111837184,50380800,44907544,42.83,4157176
1770195918120,5291.67,1435.75,111837184,50380800,44908992,42.83,4157176
1770195918221,5294.85,1437.73,112050176,50380800,45124536,43.03,4166702
1770195918323,5295.11,1437.87,112066560,50380800,45126008,43.04,4166702
1770195918424,5295.39,1438.01,112066560,50380800,45127456,43.04,4166702
1770195918525,5297.95,1439.86,112279552,50380800,45342712,43.24,4168036
1770195918627,5298.19,1439.99,112295936,50380800,45344184,43.24,4168036
1770195918728,5302.18,1441.75,112640000,50905088,44377696,42.32,4169370
1770195918827,5302.43,1441.87,112640000,50905088,44379168,42.32,4169370
1770195918929,5302.70,1442.00,112640000,50905088,44380616,42.32,4169370
1770195919030,5325.83,1443.80,112656384,50905088,44633936,42.57,4144982
1770195919131,5326.09,1443.92,112656384,50905088,44635384,42.57,4144982
1770195919232,5329.27,1445.80,112656384,50905088,44848896,42.77,4154508
1770195919333,5329.57,1445.94,112656384,50905088,44850344,42.77,4154508
1770195919434,5329.87,1446.10,112656384,50905088,44851792,42.77,4154508
1770195919535,5330.73,1446.74,112656384,50905088,45065136,42.98,4155842
1770195919637,5330.85,1446.79,112656384,50905088,45066584,42.98,4155842
1770195919737,5366.62,1448.75,112672768,50905088,45290184,43.19,4157176
1770195919837,5366.74,1448.81,112672768,50905088,45291632,43.19,4157176
1770195919938,5367.03,1448.98,112672768,50905088,45293080,43.19,4157176
1770195920039,5369.91,1450.82,112689152,50905088,45503576,43.40,4158510
1770195920140,5370.13,1450.94,112689152,50905088,45505048,43.40,4158510
1770195920240,5378.44,1452.89,112689152,50905088,45715864,43.60,4168036
1770195920342,5378.64,1453.00,112689152,50905088,45717312,43.60,4168036
1770195920442,5378.86,1453.13,112689152,50905088,45718744,43.60,4168036
1770195920542,5381.55,1454.80,112689152,50905088,45929232,43.80,4169370
1770195920642,5381.85,1454.97,112689152,50905088,45930680,43.80,4169370
1770195920742,5384.82,1457.00,112689152,50905088,46141152,44.00,4170704
1770195920843,5385.12,1457.15,112689152,50905088,46142608,44.01,4170704
1770195920943,5385.44,1457.33,112689152,50905088,46144056,44.01,4170704
1770195921045,5390.58,1460.12,110002176,47759360,44850264,42.77,4144984
1770195921145,5390.86,1460.28,110002176,47759360,44851736,42.77,4144984
1770195921247,5395.26,1462.08,110002176,47759360,45062648,42.98,4154512
1770195921348,5395.49,1462.20,110002176,47759360,45064120,42.98,4154512
1770195921450,5396.50,1463.11,110002176,47759360,45170560,43.08,4155178
1770195921551,5397.21,1463.73,110002176,47759360,45275960,43.18,4155848
1770195921652,5397.43,1463.95,110002176,47759360,45277432,43.18,4155848
1770195921753,5400.70,1465.67,110592000,49070080,44869784,42.79,4144984
1770195921854,5400.86,1465.75,110592000,49070080,44871232,42.79,4144984
1770195921959,5402.92,1467.44,110706688,49070080,44977656,42.89,4145650
1770195922059,5403.81,1468.07,110804992,49070080,45083056,42.99,4146320
1770195922160,5404.07,1468.21,110804992,49070080,45084528,43.00,4146320
1770195922262,5408.18,1470.28,111001600,49070080,45295248,43.20,4155848
1770195922362,5408.43,1470.41,111001600,49070080,45296696,43.20,4155848
1770195922462,5410.68,1472.17,111230976,49070080,45507200,43.40,4157184
1770195922564,5410.82,1472.24,111247360,49070080,45508672,43.40,4157184
1770195922664,5411.10,1472.39,111247360,49070080,45510120,43.40,4157184
1770195922765,5416.12,1474.38,111476736,49332224,44973040,42.89,4158520
1770195922866,5416.39,1474.53,111476736,49332224,44974512,42.89,4158520
1770195922967,5419.53,1476.64,111476736,49332224,45184968,43.09,4145654
1770195923068,5419.68,1476.71,111476736,49332224,45186440,43.09,4145654
1770195923169,5419.94,1476.84,111476736,49332224,45187888,43.09,4145654
1770195923271,5423.12,1478.91,111476736,49332224,45398544,43.30,4155182
1770195923372,5423.47,1479.07,111476736,49332224,45400288,43.30,4155182
1770195923473,5427.20,1481.02,111591424,49332224,45003912,42.92,4156518
1770195923574,5427.36,1481.09,111591424,49332224,45005384,42.92,4156518
1770195923675,5427.60,1481.21,111591424,49332224,45006832,42.92,4156518
1770195923777,5430.26,1483.02,111607808,49332224,45217296,43.12,4144984
1770195923877,5430.52,1483.13,111607808,49332224,45218744,43.12,4144984
1770195923977,5433.38,1485.15,111607808,49332224,45429248,43.32,4146320
1770195924078,5433.53,1485.23,111607808,49332224,45430696,43.33,4146320
1770195924179,5433.74,1485.34,111607808,49332224,45432144,43.33,4146320
1770195924281,5436.57,1487.24,111607808,49332224,45642832,43.53,4155848
1770195924381,5436.85,1487.40,111607808,49332224,45644280,43.53,4155848
1770195924482,5440.10,1489.25,111738880,49594368,45135720,43.04,4157184
1770195924584,5440.40,1489.37,111738880,49594368,45137168,43.05,4157184
1770195924684,5440.71,1489.55,111738880,49594368,45138616,43.05,4157184
1770195924785,5443.88,1491.58,111738880,49594368,45349088,43.25,4144984
1770195924886,5444.17,1491.74,111738880,49594368,45350536,43.25,4144984
1770195924986,5448.93,1494.05,111738880,49594368,45561192,43.45,4146320
1770195925087,5449.19,1494.20,111738880,49594368,45562640,43.45,4146320
1770195925188,5449.46,1494.33,111738880,49594368,45564088,43.45,4146320
1770195925288,5620.12,1508.99,148668416,97042432,62501744,59.61,4153176
1770195925389,5772.73,1512.37,160038912,98615296,76103800,72.58,4135458
1770195925491,5774.84,1513.83,160055296,98615296,76314112,72.78,4136794
1770195925591,5775.02,1513.90,160055296,98615296,76315584,72.78,4136794
1770195925692,5775.32,1514.05,160055296,98615296,76317032,72.78,4136794
1770195925793,5777.91,1515.91,160055296,98615296,76527288,72.98,4138130
1770195925894,5778.20,1516.04,160055296,98615296,76528760,72.98,4138130
1770195925994,5780.72,1517.79,160055296,98615296,76738968,73.18,4139466
1770195926095,5781.05,1518.05,160055296,98615296,76740440,73.19,4139466
1770195926196,5781.33,1518.20,160055296,98615296,76741888,73.19,4139466
1770195926297,5789.90,1520.92,161169408,99926016,64356760,61.38,4148994
1770195926398,5790.19,1521.09,161169408,99926016,64358232,61.38,4148994
1770195926499,5792.82,1522.96,161169408,99926016,64568512,61.58,4146322
1770195926600,5793.11,1523.10,161169408,99926016,64569984,61.58,4146322
1770195926701,5793.39,1523.27,161169408,99926016,64571432,61.58,4146322
1770195926802,5796.27,1525.18,161185792,99926016,64781648,61.78,4147658
1770195926903,5796.53,1525.32,161185792,99926016,64783120,61.78,4147658
1770195927004,5799.50,1527.49,161185792,99926016,64993384,61.98,4148994
1770195927105,5799.77,1527.63,161185792,99926016,64994832,61.98,4148994
1770195927206,5800.02,1527.76,161185792,99926016,64996280,61.99,4148994
1770195927307,5802.94,1529.57,161185792,99926016,65206688,62.19,4158522
1770195927407,5803.22,1529.71,161185792,99926016,65208160,62.19,4158522
1770195927508,5806.12,1531.62,161185792,99926016,65418416,62.39,4159858
1770195927608,5806.39,1531.74,161185792,99926016,65419888,62.39,4159858
1770195927708,5806.62,1531.87,161185792,99926016,65421336,62.39,4159858
1770195927810,5809.27,1533.76,161202176,99926016,65631656,62.59,4161194
1770195927911,5818.97,1534.06,161202176,99926016,65633344,62.59,4161194
1770195928012,5822.14,1536.22,161202176,99926016,65843608,62.79,4162530
1770195928113,5822.38,1536.36,161202176,99926016,65845080,62.79,4162530
1770195928215,5822.65,1536.52,161202176,99926016,65846528,62.80,4162530
1770195928317,5825.30,1538.26,161202176,99926016,66056992,63.00,4172058
1770195928417,5825.52,1538.37,161202176,99926016,66058464,63.00,4172058
1770195928519,5827.89,1540.09,161218560,99926016,66268680,63.20,4173394
1770195928619,5828.14,1540.21,161218560,99926016,66270152,63.20,4173394
1770195928720,5828.35,1540.31,161218560,99926016,66271600,63.20,4173394
1770195928821,5831.57,1542.44,161218560,99926016,66481832,63.40,4174730
1770195928923,5831.85,1542.58,161218560,99926016,66483304,63.40,4174730
1770195929024,5834.96,1544.53,161218560,99926016,66693624,63.60,4176066
1770195929124,5835.21,1544.65,161218560,99926016,66695096,63.61,4176066
1770195929225,5835.49,1544.80,161218560,99926016,66696544,63.61,4176066
1770195929326,5838.41,1546.76,161218560,99926016,66906968,63.81,4185594
1770195929427,5838.66,1546.89,161218560,99926016,66908440,63.81,4185594
1770195929527,5841.53,1548.78,161218560,99926016,67118696,64.01,4186930
1770195929627,5841.71,1548.90,161218560,99926016,67120168,64.01,4186930
1770195929727,5841.98,1549.06,161218560,99926016,67121616,64.01,4186930
1770195929827,5844.64,1550.91,161218560,99926016,67331800,64.21,4188266
1770195929927,5844.91,1551.05,161218560,99926016,67333272,64.21,4188266
1770195930028,5848.05,1553.12,161218560,99926016,67543456,64.41,4189602
1770195930129,5848.29,1553.24,161218560,99926016,67544928,64.42,4189602
1770195930231,5848.56,1553.39,161218560,99926016,67546376,64.42,4189602
1770195930331,5854.52,1555.48,161234944,99926016,67756888,64.62,4199130
1770195930432,5854.73,1555.59,161234944,99926016,67758360,64.62,4199130
1770195930533,5857.27,1557.49,161251328,99926016,67968560,64.82,4200466
1770195930634,5857.42,1557.58,161251328,99926016,67970032,64.82,4200466
1770195930734,5857.58,1557.68,161251328,99926016,67971480,64.82,4200466
1770195930836,5860.40,1559.69,161251328,99926016,68181712,65.02,4201802
1770195930937,5860.60,1559.81,161251328,99926016,68183184,65.02,4201802
1770195931038,5863.30,1561.59,161251328,99926016,68393384,65.23,4203138
1770195931138,5863.54,1561.73,161251328,99926016,68394856,65.23,4203138
1770195931239,5863.77,1561.91,161251328,99926016,68396304,65.23,4203138
1770195931340,5867.98,1563.70,161251328,99926016,68606864,65.43,4212666
1770195931440,5868.22,1563.86,161251328,99926016,68608336,65.43,4212666
1770195931542,5870.81,1565.75,161251328,99926016,68818568,65.63,4214002
1770195931642,5871.02,1565.88,161251328,99926016,68820040,65.63,4214002
1770195931742,5871.29,1566.02,161251328,99926016,68821488,65.63,4214002
1770195931842,5873.99,1567.77,161251328,99926016,69031672,65.83,4215338
1770195931943,5874.25,1567.90,161251328,99926016,69033144,65.84,4215338
1770195932044,5883.41,1569.94,161267712,99926016,69244608,66.04,4216674
1770195932146,5883.62,1570.06,161267712,99926016,69246080,66.04,4216674
1770195932246,5883.89,1570.22,161267712,99926016,69247528,66.04,4216674
1770195932347,5893.48,1572.47,161267712,99926016,69458536,66.24,4226202
1770195932448,5893.66,1572.56,161267712,99926016,69494584,66.28,4226202
1770195932550,5897.38,1574.47,161284096,99926016,69704552,66.48,4227538
1770195932650,5897.56,1574.56,161284096,99926016,69706024,66.48,4227538
1770195932751,5897.78,1574.68,161284096,99926016,69707472,66.48,4227538
1770195932852,5900.85,1576.65,161284096,99926016,69917488,66.68,4228874
1770195932954,5901.11,1576.78,161284096,99926016,69918960,66.68,4228874
1770195933055,5903.61,1578.52,161284096,99926016,70128872,66.88,4230210
1770195933156,5903.86,1578.65,161284096,99926016,70130344,66.88,4230210
1770195933258,5904.06,1578.76,161284096,99926016,70131792,66.88,4230210
1770195933357,5906.56,1580.60,161284096,99926016,70341944,67.08,4239738
1770195933458,5953.17,1590.22,118702080,56934400,42276712,40.32,4134122
1770195933559,5966.89,1591.41,118702080,56934400,42647472,40.67,4135458
1770195933660,5966.98,1591.46,118702080,56934400,42648944,40.67,4135458
1770195933761,5967.16,1591.58,118702080,56934400,42650392,40.67,4135458
1770195933861,5970.06,1593.48,118702080,56934400,42875088,40.89,4136794
1770195933962,5970.34,1593.64,118702080,56934400,42876560,40.89,4136794
1770195934064,6051.78,1602.88,108969984,47759360,42335992,40.37,4135458
1770195934164,6051.97,1602.98,108969984,47759360,42337512,40.38,4135458
1770195934265,6052.26,1603.15,108986368,47759360,42338960,40.38,4135458
1770195934366,6055.45,1605.14,109199360,47759360,42566384,40.59,4144986
1770195934467,6055.66,1605.29,109199360,47759360,42567856,40.60,4144986
1770195934568,6060.50,1607.20,109412352,47759360,42946024,40.96,4146322
1770195934668,6140.88,1610.69,108806144,47235072,42110024,40.16,4134122
1770195934770,6141.16,1610.81,108806144,47235072,42201944,40.25,4134122
1770195934871,6149.87,1613.03,109068288,47235072,42504416,40.54,4135458
1770195934970,6150.13,1613.16,109084672,47235072,42505888,40.54,4135458
1770195935071,6158.94,1615.41,109297664,47235072,42731912,40.75,4136794
1770195935172,6159.17,1615.53,109297664,47235072,42733384,40.75,4136794
1770195935273,6159.41,1615.68,109297664,47235072,42734832,40.76,4136794
1770195935374,6161.84,1617.52,109510656,47235072,42959944,40.97,4146322
1770195935475,6162.09,1617.63,109510656,47235072,42961416,40.97,4146322
1770195935576,6177.24,1619.68,110084096,50380800,42338728,40.38,4147658
1770195935677,6177.42,1619.83,110084096,50380800,42340200,40.38,4147658
1770195935777,6177.62,1619.97,110100480,50380800,42341648,40.38,4147658
1770195935879,6182.32,1622.01,110346240,50380800,42566456,40.59,4145656
1770195935979,6182.54,1622.17,110346240,50380800,42567928,40.60,4145656
1770195936080,6185.03,1623.63,110575616,50380800,42792776,40.81,4146992
1770195936182,6185.28,1623.77,110575616,50380800,42794248,40.81,4146992
1770195936282,6185.50,1623.90,110592000,50380800,42795696,40.81,4146992
1770195936382,6190.11,1625.94,110804992,50380800,43020976,41.03,4156520
1770195936484,6190.35,1626.06,110804992,50380800,43022448,41.03,4156520
1770195936585,6198.84,1628.10,111017984,50380800,43247096,41.24,4157856
1770195936687,6199.03,1628.18,111017984,50380800,43248568,41.25,4157856
1770195936788,6199.27,1628.34,111017984,50380800,43250016,41.25,4157856
1770195936889,6202.48,1630.37,111230976,50380800,43474632,41.46,4159192
1770195936989,6202.75,1630.48,111230976,50380800,43476104,41.46,4159192
1770195937091,6205.88,1632.57,111443968,50380800,43704344,41.68,4160528
1770195937191,6206.10,1632.68,111443968,50380800,43705816,41.68,4160528
1770195937292,6206.40,1632.83,111443968,50380800,43707264,41.68,4160528
1770195937393,6209.65,1634.88,111673344,50380800,43934720,41.90,4170056
1770195937494,6209.79,1634.97,111673344,50380800,43936192,41.90,4170056
1770195937596,6214.20,1637.16,111853568,50380800,42580928,40.61,4171392
1770195937696,6214.43,1637.30,111853568,50380800,42582400,40.61,4171392
1770195937797,6214.63,1637.42,111853568,50380800,42583848,40.61,4171392
1770195937898,6217.73,1639.15,111886336,50380800,42919008,40.93,4145656
1770195937999,6217.92,1639.26,111886336,50380800,42920456,40.93,4145656
1770195938100,6226.91,1641.38,111935488,50380800,43146448,41.15,4146992
1770195938202,6227.08,1641.48,111935488,50380800,43147896,41.15,4146992
1770195938302,6227.29,1641.60,111935488,50380800,43149344,41.15,4146992
1770195938404,6230.44,1643.54,111951872,50380800,43374144,41.36,4156520
1770195938504,6230.73,1643.70,111951872,50380800,43375592,41.37,4156520
1770195938605,6235.26,1645.70,112197632,50380800,43600304,41.58,4157856
1770195938706,6235.53,1645.84,112197632,50380800,43601752,41.58,4157856
1770195938806,6235.80,1645.96,112197632,50380800,43603200,41.58,4157856
1770195938907,6239.17,1648.04,112410624,50380800,43827368,41.80,4159192
1770195939007,6239.48,1648.25,112410624,50380800,43828816,41.80,4159192
1770195939108,6244.49,1650.30,112689152,50380800,44053040,42.01,4160528
1770195939209,6244.73,1650.41,112689152,50380800,44054488,42.01,4160528
1770195939310,6245.00,1650.56,112689152,50380800,44055936,42.02,4160528
1770195939411,6247.88,1652.21,112902144,50380800,44280440,42.23,4170056
1770195939511,6248.12,1652.34,112902144,50380800,44281888,42.23,4170056
1770195939613,6252.86,1654.29,113016832,50380800,43040232,41.05,4144986
1770195939713,6253.15,1654.44,113016832,50380800,43041704,41.05,4144986
1770195939814,6253.43,1654.60,113016832,50380800,43043152,41.05,4144986
1770195939916,6256.44,1656.45,113016832,50380800,43267320,41.26,4146322
1770195940016,6256.64,1656.57,113016832,50380800,43268768,41.26,4146322
1770195940117,6260.69,1658.43,113016832,50380800,43500792,41.49,4147658
1770195940218,6260.85,1658.54,113016832,50380800,43502240,41.49,4147658
1770195940320,6261.04,1658.65,113016832,50380800,43503688,41.49,4147658
1770195940422,6263.94,1660.45,113016832,50380800,43728256,41.70,4157186
1770195940523,6264.18,1660.58,113016832,50380800,43729728,41.70,4157186
1770195940622,6267.12,1662.25,113016832,50380800,43956536,41.92,4158522
1770195940723,6267.30,1662.36,113016832,50380800,43958008,41.92,4158522
1770195940824,6267.48,1662.47,113016832,50380800,43959456,41.92,4158522
1770195940925,6270.61,1664.36,113016832,50380800,44185776,42.14,4159858
1770195941027,6270.86,1664.50,113016832,50380800,44187248,42.14,4159858
1770195941127,6275.89,1666.56,113016832,50380800,43178072,41.18,4161194
1770195941229,6276.14,1666.67,113016832,50380800,43179544,41.18,4161194
1770195941331,6278.91,1667.86,113016832,50380800,43295184,41.29,4144316
1770195941432,6282.95,1668.58,113016832,50380800,43413512,41.40,4153178
1770195941533,6283.16,1668.69,113016832,50380800,43414984,41.40,4153178
1770195941634,6286.02,1670.28,113016832,50380800,43639200,41.62,4154514
1770195941736,6286.35,1670.43,113016832,50380800,43640672,41.62,4154514
1770195941835,6288.78,1671.73,113016832,50380800,43756296,41.73,4155180
1770195941936,6289.86,1672.42,113016832,50380800,43868616,41.84,4155850
1770195942037,6290.14,1672.58,113016832,50380800,43870088,41.84,4155850
1770195942138,6292.81,1674.50,113016832,50380800,44096712,42.05,4157186
1770195942239,6293.07,1674.62,113016832,50380800,44100760,42.06,4157186
1770195942339,6296.42,1676.72,113016832,50380800,44327416,42.27,4166714
1770195942440,6296.56,1676.77,113016832,50380800,44328888,42.28,4166714
1770195942541,6296.81,1676.89,113016832,50380800,44330336,42.28,4166714
1770195942642,6299.61,1678.66,113016832,50380800,44556880,42.49,4168050
1770195942744,6299.86,1678.78,113016832,50380800,44558352,42.49,4168050
1770195942843,6304.24,1680.50,113016832,50380800,43430168,41.42,4169386
1770195942944,6304.40,1680.57,113016832,50380800,43431640,41.42,4169386
1770195943045,6304.68,1680.75,113016832,50380800,43433088,41.42,4169386
1770195943146,6307.55,1682.56,113016832,50380800,43659400,41.64,4144986
1770195943247,6307.80,1682.71,113016832,50380800,43660848,41.64,4144986
1770195943348,6310.02,1684.27,113016832,50380800,43888024,41.85,4154514
1770195943449,6310.20,1684.36,113016832,50380800,43889472,41.86,4154514
1770195943550,6310.49,1684.53,113016832,50380800,43890920,41.86,4154514
1770195943651,6315.60,1686.64,113016832,50380800,44123824,42.08,4155850
1770195943752,6315.86,1686.79,113016832,50380800,44125272,42.08,4155850
1770195943853,6322.48,1688.65,113016832,50380800,44353352,42.30,4157186
1770195943955,6322.61,1688.72,113016832,50380800,44354800,42.30,4157186
1770195944055,6322.77,1688.82,113016832,50380800,44356248,42.30,4157186
1770195944157,6325.54,1690.59,113016832,50380800,44583824,42.52,4158522
1770195944257,6325.74,1690.71,113016832,50380800,44585272,42.52,4158522
1770195944356,6329.05,1692.84,113016832,50380800,44809488,42.73,4168050
1770195944458,6329.22,1692.91,113016832,50380800,44810936,42.74,4168050
1770195944558,6329.51,1693.07,113016832,50380800,44812384,42.74,4168050
1770195944659,6332.65,1694.95,113016832,50380800,45039544,42.95,4169386
1770195944761,6332.88,1695.08,113016832,50380800,45040992,42.95,4169386
1770195944861,6340.25,1697.09,113016832,50380800,43781104,41.75,4170722
1770195944961,6340.38,1697.15,113016832,50380800,43782576,41.75,4170722
1770195945061,6340.59,1697.26,113016832,50380800,43784024,41.76,4170722
1770195945163,6355.29,1699.19,113016832,50380800,44255608,42.21,4145656
1770195945264,6355.52,1699.31,113016832,50380800,44257056,42.21,4145656
1770195945365,6364.76,1701.35,113033216,50380800,44479640,42.42,4155184
1770195945465,6364.97,1701.45,113033216,50380800,44481112,42.42,4155184
1770195945566,6365.22,1701.58,113033216,50380800,44482560,42.42,4155184
1770195945667,6369.84,1703.65,113033216,50380800,44699272,42.63,4156520
1770195945768,6370.03,1703.76,113033216,50380800,44700720,42.63,4156520
1770195945869,6376.32,1705.65,113033216,50380800,44916560,42.84,4157856
1770195945970,6376.55,1705.77,113033216,50380800,44918008,42.84,4157856
1770195946071,6376.84,1705.92,113033216,50380800,44919456,42.84,4157856
1770195946172,6389.78,1707.94,113049600,50380800,45222840,43.13,4159192
1770195946273,6390.03,1708.08,113049600,50380800,45224312,43.13,4159192
1770195946374,6397.11,1710.20,113065984,50380800,45440256,43.34,4168720
1770195946475,6397.39,1710.31,113065984,50380800,45441728,43.34,4168720
1770195946576,6397.70,1710.43,113065984,50380800,45443176,43.34,4168720
1770195946677,6400.69,1712.43,113098752,50380800,45658808,43.54,4170056
1770195946778,6400.90,1712.53,113098752,50380800,45660256,43.55,4170056
1770195946879,6404.93,1714.02,113377280,54575104,44481704,42.42,4171392
1770195946980,6405.05,1714.08,113377280,54575104,44483152,42.42,4171392
1770195947082,6405.27,1714.21,113377280,54575104,44484600,42.42,4171392
1770195947182,6415.57,1716.53,113377280,54575104,44700472,42.63,4145656
1770195947283,6415.82,1716.66,113377280,54575104,44701920,42.63,4145656
1770195947384,6418.41,1718.32,113377280,54575104,44917736,42.84,4155184
1770195947485,6418.60,1718.42,113377280,54575104,44919184,42.84,4155184
1770195947586,6418.84,1718.55,113377280,54575104,44920632,42.84,4155184
1770195947687,6421.45,1720.39,113393664,54575104,45136272,43.05,4156520
1770195947788,6421.67,1720.52,113393664,54575104,45137720,43.05,4156520
1770195947890,6428.68,1722.31,113393664,54575104,45353488,43.25,4157856
1770195947991,6428.84,1722.39,113393664,54575104,45354936,43.25,4157856
1770195948092,6429.11,1722.54,113393664,54575104,45356384,43.26,4157856
1770195948193,6431.92,1724.19,113393664,54575104,45572064,43.46,4159192
1770195948294,6432.20,1724.34,113393664,54575104,45573512,43.46,4159192
1770195948395,6435.26,1726.43,113393664,54575104,45789032,43.67,4168720
1770195948496,6435.54,1726.60,113393664,54575104,45790480,43.67,4168720
1770195948597,6435.82,1726.78,113393664,54575104,45791928,43.67,4168720
1770195948697,6439.39,1728.83,113393664,54575104,46007216,43.88,4170056
1770195948798,6439.61,1728.96,113393664,54575104,46008664,43.88,4170056
1770195948899,6442.36,1730.79,113590272,54575104,46224056,44.08,4171392
1770195949000,6442.62,1730.91,113590272,54575104,46225504,44.08,4171392
1770195949101,6442.90,1731.07,113590272,54575104,46226952,44.09,4171392
1770195949203,6472.05,1733.37,113819648,54575104,46445192,44.29,4172728
1770195949304,6472.29,1733.50,113819648,54575104,46446664,44.29,4172728
1770195949405,6474.92,1735.28,114016256,54575104,46659984,44.50,4182256
1770195949507,6475.08,1735.36,114016256,54575104,46661456,44.50,4182256
1770195949606,6475.30,1735.53,114032640,54575104,46662904,44.50,4182256
1770195949708,6511.61,1738.23,114245632,54575104,46876728,44.71,4183592
1770195949809,6511.85,1738.36,114245632,54575104,46878200,44.71,4183592
1770195949910,6514.27,1740.17,114442240,54575104,47088488,44.91,4184928
1770195950011,6514.46,1740.27,114442240,54575104,47089960,44.91,4184928
1770195950112,6514.74,1740.42,114442240,54575104,47091408,44.91,4184928
1770195950213,6517.81,1742.43,114671616,54575104,47301688,45.11,4186264
1770195950314,6518.10,1742.59,114671616,54575104,47303160,45.11,4186264
1770195950415,6521.24,1744.63,114868224,54575104,47513688,45.31,4195792
1770195950517,6521.49,1744.76,114868224,54575104,47515160,45.31,4195792
1770195950617,6521.74,1744.90,114868224,54575104,47516608,45.32,4195792
1770195950717,6524.59,1746.70,115081216,54575104,47727040,45.52,4197128
1770195950818,6524.84,1746.84,115081216,54575104,47728512,45.52,4197128
1770195950919,6527.86,1749.17,115277824,54575104,47939152,45.72,4198464
1770195951021,6528.10,1749.30,115277824,54575104,47940624,45.72,4198464
1770195951121,6528.36,1749.43,115277824,54575104,47942072,45.72,4198464
1770195951222,6534.85,1753.72,110739456,48021504,44991080,42.91,4199800
1770195951324,6535.10,1753.85,110739456,48021504,44992552,42.91,4199800
1770195951425,6537.90,1755.56,110739456,48021504,45203088,43.11,4153848
1770195951526,6538.12,1755.67,110739456,48021504,45204560,43.11,4153848
1770195951627,6538.27,1755.73,110739456,48021504,45206008,43.11,4153848
1770195951728,6540.69,1757.49,110755840,48021504,45416264,43.31,4155184
1770195951829,6540.93,1757.61,110755840,48021504,45417712,43.31,4155184
1770195951930,6545.27,1759.60,110755840,48021504,45627976,43.51,4156520
1770195952031,6545.45,1759.69,110755840,48021504,45629424,43.52,4156520
1770195952131,6545.67,1759.80,110755840,48021504,45630872,43.52,4156520
1770195952232,6548.42,1761.66,110018560,48283648,45033160,42.95,4157856
1770195952333,6548.63,1761.77,110018560,48283648,45034608,42.95,4157856
1770195952434,6551.28,1763.67,110215168,48283648,45245160,43.15,4153848
1770195952535,6551.48,1763.78,110215168,48283648,45246608,43.15,4153848
1770195952636,6551.76,1763.95,110215168,48283648,45248056,43.15,4153848
1770195952738,6554.52,1765.75,110411776,48283648,45458360,43.35,4155184
