timestamp,cpu_user,cpu_system,rss,heapTotal,heapUsed,heapUsedMB,external
1770193922700,227.73,74.60,107315200,64126976,41335016,39.42,3091624
1770193922802,227.86,74.64,107331584,64126976,41339616,39.42,3091680
1770193922903,242.62,76.58,108068864,64389120,42178520,40.22,3093021
1770193923004,242.93,76.66,108068864,64389120,42181304,40.23,3093021
1770193923105,247.28,78.03,108560384,64389120,42554400,40.58,3094361
1770193923206,247.42,78.08,108576768,64389120,42556728,40.59,3094361
1770193923307,247.65,78.15,108576768,64389120,42559032,40.59,3094361
1770193923407,252.77,80.03,108986368,64389120,42871368,40.89,3095701
1770193923508,252.96,80.08,108986368,64389120,42873728,40.89,3095701
1770193923610,272.44,86.05,114147328,68468736,40822656,38.93,3105233
1770193923710,272.93,86.15,114163712,68468736,40825048,38.93,3105233
1770193923811,273.46,86.31,114196480,68730880,41035408,39.13,3105233
1770193923913,279.18,88.32,114278400,68730880,41394088,39.48,3101195
1770193924013,279.42,88.39,114278400,68730880,41396160,39.48,3101195
1770193924114,281.79,89.47,114311168,68730880,41705040,39.77,3102535
1770193924215,281.99,89.56,114311168,68730880,41707112,39.78,3102535
1770193924316,282.12,89.63,114311168,68730880,41709160,39.78,3102535
1770193924417,284.73,90.93,114376704,68730880,42314696,40.35,3113403
1770193924518,284.88,90.97,114376704,68730880,42316768,40.36,3113403
1770193924619,288.61,92.97,114376704,68730880,42831200,40.85,3115413
1770193924720,289.65,93.59,114393088,68730880,42983640,40.99,3116079
1770193924821,289.81,93.65,114393088,68730880,42985712,40.99,3116079
1770193924923,298.59,97.87,114409472,68730880,43601984,41.58,3126947
1770193925023,298.72,97.92,114409472,68730880,43604056,41.58,3126947
1770193925124,306.56,101.44,114458624,68730880,44210104,42.16,3129623
1770193925225,306.70,101.50,114458624,68730880,44212176,42.16,3129623
1770193925326,307.03,101.61,114458624,68730880,44214224,42.17,3129623
1770193925427,312.34,104.58,114475008,68730880,44820056,42.74,3140491
1770193925528,312.53,104.64,114475008,68730880,44822128,42.75,3140491
1770193925629,321.72,108.49,114507776,68730880,45427736,43.32,3143167
1770193925729,321.87,108.54,114507776,68730880,45429808,43.33,3143167
1770193925830,322.16,108.66,114507776,68730880,45431856,43.33,3143167
1770193925931,331.17,112.51,114540544,68730880,46037864,43.91,3154035
1770193926032,331.49,112.62,114540544,68730880,46039936,43.91,3154035
1770193926132,341.69,116.12,114622464,68730880,46777928,44.61,3156711
1770193926233,341.98,116.17,114622464,68730880,46780000,44.61,3156711
1770193926334,342.21,116.26,114622464,68730880,46782016,44.61,3156711
1770193926436,354.41,120.15,114688000,68730880,47388032,45.19,3167579
1770193926537,354.69,120.27,114688000,68730880,47390120,45.19,3167579
1770193926638,361.24,123.71,114704384,68730880,47994184,45.77,3170255
1770193926738,361.40,123.77,114704384,68730880,47996272,45.77,3170255
1770193926839,361.61,123.85,114704384,68730880,47998336,45.77,3170255
1770193926940,367.77,125.28,114720768,68730880,48604336,46.35,3181125
1770193927041,367.88,125.31,114720768,68730880,48606424,46.35,3181125
1770193927142,377.43,129.17,121651200,76070912,41589144,39.66,3100522
1770193927244,377.56,129.22,121651200,76070912,41591200,39.66,3100522
1770193927345,377.80,129.33,121651200,76070912,41593232,39.67,3100522
1770193927446,389.21,133.37,121667584,76070912,42184280,40.23,3111392
1770193927548,389.44,133.47,121667584,76070912,42186288,40.23,3111392
1770193927648,395.31,137.05,121667584,76070912,42746864,40.77,3114070
1770193927749,395.44,137.11,121667584,76070912,42748872,40.77,3114070
1770193927850,395.59,137.19,121667584,76070912,42750856,40.77,3114070
1770193927952,398.53,139.00,121683968,76070912,43311648,41.31,3124940
1770193928053,398.66,139.06,121683968,76070912,43313656,41.31,3124940
1770193928154,439.08,143.94,123518976,76070912,43876888,41.84,3127618
1770193928256,440.80,144.07,123584512,76333056,44083616,42.04,3127618
1770193928357,441.05,144.20,123584512,76333056,44085600,42.04,3127618
1770193928459,449.97,146.82,123600896,76333056,44645648,42.58,3138488
1770193928560,450.21,146.98,123600896,76333056,44647656,42.58,3138488
1770193928661,485.52,151.43,123863040,76333056,45438448,43.33,3141166
1770193928762,485.67,151.47,123863040,76333056,45440456,43.34,3141166
1770193928862,485.95,151.61,123863040,76333056,45442440,43.34,3141166
1770193928963,491.93,155.22,123879424,76333056,46034512,43.90,3152036
1770193929064,492.04,155.26,123879424,76333056,46036520,43.90,3152036
1770193929165,508.16,159.67,123895808,76333056,46581384,44.42,3154714
1770193929266,508.32,159.72,123895808,76333056,46583392,44.43,3154714
1770193929367,508.63,159.86,123895808,76333056,46585376,44.43,3154714
1770193929467,514.92,163.74,123895808,76333056,47125232,44.94,3165584
1770193929568,515.17,163.84,123895808,76333056,47127240,44.94,3165584
1770193929669,530.92,167.94,123944960,76333056,47669072,45.46,3168262
1770193929770,531.14,168.02,123944960,76333056,47671080,45.46,3168262
1770193929871,531.39,168.13,123944960,76333056,47673064,45.46,3168262
1770193929972,544.74,172.05,124010496,76333056,48204000,45.97,3179132
1770193930073,544.88,172.10,124010496,76333056,48206008,45.97,3179132
1770193930174,554.30,175.82,124010496,76333056,48736616,46.48,3181810
1770193930275,554.49,175.89,124010496,76333056,48738624,46.48,3181810
1770193930377,554.72,176.00,124010496,76333056,48740608,46.48,3181810
1770193930478,569.83,179.51,124026880,76333056,49271776,46.99,3192680
1770193930579,569.99,179.57,124026880,76333056,49273784,46.99,3192680
1770193930680,577.25,182.75,124043264,76333056,49802520,47.50,3195358
1770193930781,635.79,191.37,93929472,42778624,35560832,33.91,3097608
1770193930882,636.10,191.46,93929472,42778624,35566392,33.92,3097608
1770193930983,640.69,193.69,93929472,42778624,36181976,34.51,3108478
1770193931084,640.84,193.74,93929472,42778624,36183976,34.51,3108478
1770193931185,651.20,197.61,94502912,45924352,35858664,34.20,3108478
1770193931286,651.46,197.72,94502912,45924352,35860640,34.20,3108478
1770193931387,728.85,205.78,89571328,38322176,35405464,33.77,3097608
1770193931488,735.06,207.93,89587712,38322176,36055104,34.38,3108478
1770193931589,735.21,207.99,89587712,38322176,36057104,34.39,3108478
1770193931690,746.02,211.98,89948160,39370752,35718608,34.06,3108478
1770193931791,746.32,212.11,89948160,39370752,35720584,34.07,3108478
1770193931891,747.38,212.68,90079232,39370752,35858816,34.20,3109150
1770193931993,783.14,215.30,89604096,38060032,35479672,33.84,3097608
1770193932094,783.29,215.35,89604096,38060032,35481720,33.84,3097608
1770193932195,790.86,218.16,89620480,38060032,36145184,34.47,3100286
1770193932296,790.97,218.21,89620480,38060032,36147184,34.47,3100286
1770193932401,793.87,219.05,89636864,38060032,36284224,34.60,3100958
1770193932502,797.12,221.23,89997312,39108608,35802824,34.14,3108478
1770193932603,797.36,221.35,89997312,39108608,35804824,34.15,3108478
1770193932704,807.44,224.38,90537984,39108608,36360368,34.68,3111156
1770193932805,807.62,224.45,90537984,39108608,36362368,34.68,3111156
1770193932905,813.31,226.53,90701824,39108608,35870224,34.21,3112496
1770193933007,815.93,228.02,90701824,39108608,36141632,34.47,3117338
1770193933108,816.16,228.12,90701824,39108608,36143632,34.47,3117338
1770193933209,822.30,231.22,90800128,39370752,35891336,34.23,3120016
1770193933310,822.43,231.26,90800128,39370752,35893336,34.23,3120016
1770193933410,831.05,233.56,90816512,39370752,36165120,34.49,3109147
1770193933511,834.78,235.39,90816512,39370752,36436504,34.75,3118677
1770193933612,835.07,235.53,90816512,39370752,36438504,34.75,3118677
1770193933713,848.13,239.60,90963968,39632896,36194712,34.52,3108478
1770193933814,848.24,239.66,90963968,39632896,36196688,34.52,3108478
1770193933915,851.55,241.06,90963968,39632896,36465952,34.78,3109818
1770193934016,853.11,241.97,90963968,39632896,36735376,35.03,3119348
1770193934117,853.23,242.02,90963968,39632896,36737376,35.04,3119348
1770193934218,858.36,244.66,91291648,41730048,36714184,35.01,3109146
1770193934319,858.52,244.72,91291648,41730048,36716184,35.02,3109146
1770193934420,862.61,247.35,91291648,41730048,37118824,35.40,3111157
1770193934521,872.79,248.13,91373568,41730048,37290536,35.56,3120016
1770193934622,872.97,248.19,91373568,41730048,37292512,35.56,3120016
1770193934724,877.22,250.71,91865088,41730048,37814568,36.06,3122694
1770193934824,877.32,250.74,91865088,41730048,37816568,36.06,3122694
1770193934924,883.65,254.29,92438528,42516480,36687536,34.99,3125372
1770193935025,883.73,254.31,92438528,42516480,36689536,34.99,3125372
1770193935126,883.89,254.36,92438528,42516480,36691512,34.99,3125372
1770193935227,887.31,256.79,92454912,42516480,37214024,35.49,3118677
1770193935327,887.45,256.84,92454912,42516480,37216000,35.49,3118677
1770193935428,895.52,259.93,92831744,42516480,37736472,35.99,3121355
1770193935529,895.63,259.99,92848128,42516480,37738472,35.99,3121355
1770193935630,895.76,260.03,92848128,42516480,37740448,35.99,3121355
1770193935731,901.85,262.99,93601792,42516480,36846288,35.14,3132225
1770193935832,902.01,263.05,93601792,42516480,36848288,35.14,3132225
1770193935932,905.53,265.10,93601792,42516480,37364880,35.63,3109818
1770193936034,905.64,265.14,93601792,42516480,37366856,35.64,3109818
1770193936134,905.80,265.20,93601792,42516480,37368832,35.64,3109818
1770193936235,916.44,268.40,93618176,42516480,37886520,36.13,3120688
1770193936336,916.59,268.45,93618176,42516480,37888520,36.13,3120688
1770193936436,945.31,272.41,93913088,42516480,38394200,36.62,3123366
1770193936538,971.98,273.00,97271808,42516480,38530520,36.75,3123366
1770193936639,972.20,273.09,97271808,42516480,38532496,36.75,3123366
1770193936740,980.58,276.96,97484800,42516480,37493608,35.76,3109146
1770193936841,980.83,277.09,97484800,42516480,37495584,35.76,3109146
1770193936941,988.83,280.86,97501184,42516480,38033800,36.27,3111824
1770193937041,988.98,280.92,97501184,42516480,38035800,36.27,3111824
1770193937142,989.12,280.98,97501184,42516480,38037776,36.28,3111824
1770193937243,993.20,284.05,97501184,42516480,38542048,36.76,3122694
1770193937345,993.35,284.10,97501184,42516480,38544024,36.76,3122694
1770193937446,1012.96,288.87,97796096,43040768,37708320,35.96,3108478
1770193937547,1013.18,288.94,97796096,43040768,37710296,35.96,3108478
1770193937648,1013.45,289.06,97796096,43040768,37712272,35.97,3108478
1770193937748,1020.48,292.60,97796096,43040768,38214472,36.44,3119348
1770193937849,1020.75,292.71,97796096,43040768,38216448,36.45,3119348
1770193937950,1035.83,296.75,97796096,43040768,38766656,36.97,3122026
1770193938050,1036.00,296.81,97796096,43040768,38768656,36.97,3122026
1770193938151,1036.20,296.90,97796096,43040768,38770632,36.97,3122026
1770193938252,1041.57,300.66,97812480,43040768,39272032,37.45,3132896
1770193938353,1042.37,300.90,98025472,43302912,37716112,35.97,3132896
1770193938454,1044.08,302.20,98025472,43302912,38217128,36.45,3109818
1770193938555,1044.17,302.23,98025472,43302912,38219104,36.45,3109818
1770193938656,1044.32,302.30,98025472,43302912,38221080,36.45,3109818
1770193938757,1049.22,305.65,98025472,43302912,38722416,36.93,3120688
1770193938858,1049.49,305.77,98025472,43302912,38724392,36.93,3120688
1770193938959,1056.16,309.56,98058240,43302912,39225592,37.41,3123366
1770193939060,1056.32,309.62,94748672,43302912,39227568,37.41,3123366
1770193939161,1056.55,309.72,94748672,43302912,39229544,37.41,3123366
1770193939262,1066.17,313.88,95371264,47759360,38242856,36.47,3109146
1770193939363,1066.43,313.99,95371264,47759360,38244832,36.47,3109146
1770193939464,1082.07,317.94,95387648,47759360,38754384,36.96,3111824
1770193939565,1082.27,317.99,95387648,47759360,38756360,36.96,3111824
1770193939666,1082.54,318.12,95387648,47759360,38758336,36.96,3111824
1770193939767,1089.43,322.25,95387648,47759360,39399976,37.57,3122694
1770193939868,1089.68,322.38,95387648,47759360,39401952,37.58,3122694
1770193939969,1092.92,325.23,95420416,47759360,39897552,38.05,3125372
1770193940070,1093.06,325.29,95420416,47759360,39899528,38.05,3125372
1770193940171,1093.22,325.36,95420416,47759360,39901504,38.05,3125372
1770193940272,1097.18,328.27,95911936,47759360,40397824,38.53,3136242
1770193940373,1097.43,328.38,95911936,47759360,40399824,38.53,3136242
1770193940474,1103.98,332.20,96387072,47759360,40895648,39.00,3138920
1770193940575,1104.28,332.32,96387072,47759360,40897648,39.00,3138920
1770193940676,1104.57,332.46,96387072,47759360,40899672,39.00,3138920
1770193940777,1112.66,336.54,96862208,47759360,41396224,39.48,3149790
1770193940877,1112.91,336.66,96878592,47759360,41398224,39.48,3149790
1770193940977,1122.91,340.90,97599488,48021504,38666448,36.88,3152468
1770193941079,1123.13,340.99,97599488,48021504,38668448,36.88,3152468
1770193941180,1123.28,341.04,97599488,48021504,38670424,36.88,3152468
1770193941281,1127.83,344.12,97599488,48021504,39166296,37.35,3118010
1770193941382,1127.95,344.17,97599488,48021504,39168296,37.35,3118010
1770193941483,1131.28,347.09,97615872,48021504,39664312,37.83,3120688
1770193941584,1131.40,347.14,97615872,48021504,39666288,37.83,3120688
1770193941685,1131.56,347.19,97615872,48021504,39668264,37.83,3120688
1770193941786,1137.02,349.95,97681408,48021504,40164552,38.30,3131558
1770193941886,1137.23,350.04,97681408,48021504,40166552,38.31,3131558
1770193941987,1144.84,353.85,98140160,48021504,40658744,38.78,3134236
1770193942088,1145.07,353.93,98140160,48021504,40660744,38.78,3134236
1770193942189,1145.29,354.04,98156544,48021504,40662720,38.78,3134236
1770193942290,1155.97,356.40,97730560,48021504,41155544,39.25,3145106
1770193942391,1156.04,356.43,97583104,48021504,41157544,39.25,3145106
1770193942492,1158.62,358.26,98074624,48021504,41649536,39.72,3147784
1770193942593,1158.72,358.32,98074624,48021504,41651536,39.72,3147784
1770193942694,1158.82,358.35,98074624,48021504,41653512,39.72,3147784
1770193942795,1163.25,360.53,99090432,49070080,39120912,37.31,3158654
1770193942895,1163.47,360.63,99090432,49070080,39122912,37.31,3158654
1770193942996,1168.59,364.17,98975744,49070080,39612456,37.78,3109818
1770193943097,1168.82,364.25,98975744,49070080,39614432,37.78,3109818
1770193943198,1169.06,364.35,98975744,49070080,39616408,37.78,3109818
1770193943300,1181.41,367.95,98992128,49070080,40106832,38.25,3120688
1770193943401,1181.55,368.02,98992128,49070080,40108808,38.25,3120688
1770193943502,1184.46,370.51,98992128,49070080,40597912,38.72,3123366
1770193943602,1184.67,370.59,98992128,49070080,40599888,38.72,3123366
1770193943703,1184.90,370.68,98992128,49070080,40601864,38.72,3123366
1770193943804,1189.99,374.13,99008512,49070080,41091192,39.19,3134236
1770193943905,1190.19,374.21,99008512,49070080,41093168,39.19,3134236
1770193944006,1193.18,376.32,98729984,49070080,41582664,39.66,3136914
1770193944107,1193.32,376.45,98336768,49070080,41584664,39.66,3136914
1770193944208,1193.49,376.51,98336768,49070080,41586640,39.66,3136914
1770193944309,1198.00,379.35,98828288,49332224,39477488,37.65,3147784
1770193944410,1198.23,379.45,98828288,49332224,39479464,37.65,3147784
1770193944511,1249.15,383.76,98893824,49332224,40081448,38.22,3109818
1770193944612,1249.27,383.79,98893824,49332224,40083424,38.23,3109818
1770193944713,1249.50,383.90,98893824,49332224,40085400,38.23,3109818
1770193944814,1254.17,387.38,98893824,49332224,40565448,38.69,3120688
1770193944916,1254.34,387.43,98893824,49332224,40567424,38.69,3120688
1770193945017,1259.57,390.89,99074048,49332224,41144304,39.24,3123366
1770193945118,1259.70,390.96,99074048,49332224,41146280,39.24,3123366
1770193945219,1259.85,391.02,99074048,49332224,41148256,39.24,3123366
1770193945320,1269.95,394.47,99074048,49332224,41629360,39.70,3134236
1770193945421,1270.06,394.52,99074048,49332224,41631336,39.70,3134236
1770193945522,1274.18,397.48,99074048,49332224,42155408,40.20,3136914
1770193945623,1274.40,397.56,99074048,49332224,42157384,40.20,3136914
1770193945727,1277.79,398.83,99090432,49332224,42279552,40.32,3137585
1770193945828,1280.57,401.24,99106816,49332224,42639104,40.66,3147784
1770193945929,1280.82,401.35,99106816,49332224,42641080,40.67,3147784
1770193946030,1293.20,405.18,99106816,49332224,43131664,41.13,3150462
1770193946131,1293.46,405.28,99106816,49332224,43133736,41.14,3150462
1770193946231,1295.77,406.62,99106816,49332224,43258280,41.25,3151134
1770193946332,1302.04,409.48,99549184,49856512,40532448,38.65,3116667
1770193946433,1302.31,409.63,99549184,49856512,40534448,38.66,3116667
1770193946534,1310.45,413.05,99549184,49856512,41028776,39.13,3119345
1770193946635,1310.72,413.15,99549184,49856512,41030776,39.13,3119345
1770193946736,1318.77,415.85,99631104,49856512,41557672,39.63,3130215
1770193946837,1318.84,415.88,99631104,49856512,41559672,39.63,3130215
1770193946938,1319.01,415.93,99631104,49856512,41561648,39.64,3130215
1770193947039,1323.87,419.36,99647488,49856512,42050264,40.10,3132893
1770193947140,1324.10,419.45,99647488,49856512,42052264,40.10,3132893
1770193947241,1329.94,422.41,99647488,49856512,42420520,40.46,3143095
1770193947342,1331.06,423.18,99647488,49856512,42543352,40.57,3143763
1770193947443,1331.27,423.25,99647488,49856512,42545352,40.57,3143763
1770193947544,1336.77,425.80,99663872,49856512,43034152,41.04,3146441
1770193947645,1336.94,425.87,99663872,49856512,43036152,41.04,3146441
1770193947745,1345.62,429.70,99663872,49856512,43526912,41.51,3157311
1770193947846,1345.72,429.75,99663872,49856512,43528912,41.51,3157311
1770193947948,1345.86,429.80,99663872,49856512,43530888,41.51,3157311
1770193948049,1353.06,433.86,100237312,50642944,41086632,39.18,3108475
1770193948150,1353.29,433.93,100237312,50642944,41088640,39.19,3108475
1770193948250,1357.39,437.14,100237312,50642944,41576960,39.65,3119345
1770193948350,1357.49,437.19,100155392,50642944,41578944,39.65,3119345
1770193948450,1357.58,437.24,99500032,50642944,41580928,39.65,3119345
1770193948552,1359.29,438.71,99500032,50642944,42068888,40.12,3122023
1770193948653,1359.40,438.75,99500032,50642944,42070888,40.12,3122023
1770193948754,1369.70,442.43,99516416,50642944,42559192,40.59,3132893
1770193948855,1374.48,442.53,99516416,50642944,42569992,40.60,3132893
1770193948956,1374.75,442.67,96583680,50642944,42571968,40.60,3132893
1770193949057,1382.87,446.52,96600064,50642944,43063432,41.07,3135571
1770193949158,1383.13,446.63,96600064,50642944,43065432,41.07,3135571
1770193949259,1387.81,450.26,96600064,50642944,43552296,41.53,3146441
1770193949360,1387.99,450.33,96600064,50642944,43554272,41.54,3146441
1770193949460,1388.26,450.45,96600064,50642944,43556248,41.54,3146441
1770193949561,1393.35,454.19,96616448,50642944,44042824,42.00,3149121
1770193949662,1393.61,454.29,96616448,50642944,44044824,42.00,3149121
1770193949764,1413.00,460.51,98320384,59555840,41519840,39.60,3108476
1770193949865,1463.79,464.07,99237888,58769408,36631408,34.93,3108476
1770193949966,1464.03,464.17,99237888,58769408,36633408,34.94,3108476
1770193950067,1472.48,468.06,99237888,58769408,37119256,35.40,3100956
1770193950168,1472.73,468.15,99237888,58769408,37121256,35.40,3100956
1770193950270,1478.17,471.72,99237888,58769408,37606616,35.86,3111828
1770193950372,1478.34,471.78,99237888,58769408,37608616,35.87,3111828
1770193950473,1478.61,471.90,99237888,58769408,37610592,35.87,3111828
1770193950574,1483.86,475.73,99237888,58769408,38096448,36.33,3114508
1770193950676,1484.03,475.82,99237888,58769408,38098448,36.33,3114508
1770193950778,1491.15,479.68,99237888,58769408,38584648,36.80,3125380
1770193950879,1491.33,479.76,99237888,58769408,38586648,36.80,3125380
1770193950980,1491.61,479.89,99237888,58769408,38588624,36.80,3125380
1770193951081,1496.51,483.46,99237888,58769408,39070520,37.26,3128060
1770193951182,1496.81,483.63,99237888,58769408,39072520,37.26,3128060
1770193951284,1504.31,487.37,99008512,58769408,39561888,37.73,3138932
1770193951385,1504.54,487.51,99008512,58769408,39563888,37.73,3138932
1770193951486,1504.82,487.64,99008512,58769408,39565864,37.73,3138932
1770193951587,1511.26,491.28,99008512,58769408,40048272,38.19,3141612
1770193951687,1511.52,491.42,99008512,58769408,40050272,38.19,3141612
1770193951788,1514.61,494.08,99008512,58769408,40532336,38.65,3152484
1770193951889,1514.74,494.13,99008512,58769408,40534336,38.66,3152484
1770193951990,1514.95,494.23,99008512,58769408,40536312,38.66,3152484
1770193952091,1534.89,498.13,99401728,58769408,41050016,39.15,3155164
1770193952191,1535.12,498.23,99401728,58769408,41052016,39.15,3155164
1770193952292,1540.13,502.21,99860480,58769408,41532912,39.61,3166036
1770193952392,1540.39,502.31,99860480,58769408,41534912,39.61,3166036
1770193952494,1540.64,502.44,99876864,58769408,41536888,39.61,3166036
1770193952594,1545.24,506.15,100319232,58769408,42017208,40.07,3168716
1770193952695,1545.91,506.31,100335616,58769408,42019592,40.07,3168716
1770193952796,1558.24,510.34,100794368,58769408,42502080,40.53,3179588
1770193952897,1558.49,510.45,100794368,58769408,42504088,40.54,3179588
1770193952998,1558.74,510.55,100794368,58769408,42506072,40.54,3179588
1770193953100,1564.97,514.35,101253120,58769408,42987216,41.00,3182268
1770193953201,1565.23,514.46,101253120,58769408,42989224,41.00,3182268
1770193953302,1571.31,518.84,101728256,58769408,43469840,41.46,3193140
1770193953403,1571.54,518.93,101744640,58769408,43471848,41.46,3193140
1770193953504,1571.80,519.04,101744640,58769408,43473832,41.46,3193140
1770193953606,1576.55,523.02,102203392,58769408,43954296,41.92,3195820
1770193953707,1576.81,523.13,102203392,58769408,43956304,41.92,3195820
1770193953809,1598.13,527.50,102744064,58769408,44439352,42.38,3206692
1770193953909,1598.35,527.57,102744064,58769408,44441360,42.38,3206692
1770193954010,1598.55,527.64,102744064,58769408,44443344,42.38,3206692
1770193954111,1613.12,531.74,103071744,58769408,38006088,36.25,3109144
1770193954211,1613.38,531.87,103071744,58769408,38008096,36.25,3109144
1770193954312,1619.06,535.70,103071744,58769408,38482528,36.70,3120016
1770193954413,1619.29,535.80,103071744,58769408,38484536,36.70,3120016
1770193954514,1619.55,535.91,103071744,58769408,38486520,36.70,3120016
1770193954615,1624.18,539.60,103071744,58769408,38959872,37.16,3122696
1770193954716,1624.44,539.71,103071744,58769408,38961880,37.16,3122696
1770193954817,1629.03,543.39,103088128,58769408,39435824,37.61,3133568
1770193954918,1629.28,543.49,103088128,58769408,39437832,37.61,3133568
1770193955019,1629.53,543.58,103088128,58769408,39439816,37.61,3133568
1770193955120,1634.07,547.27,103088128,58769408,39913160,38.06,3136248
1770193955221,1634.34,547.38,103088128,58769408,39915168,38.07,3136248
1770193955321,1639.23,551.24,103104512,58769408,40389368,38.52,3147120
1770193955422,1639.45,551.36,103104512,58769408,40391376,38.52,3147120
1770193955524,1639.68,551.45,103104512,58769408,40393424,38.52,3147120
1770193955625,1643.47,554.96,103317504,58769408,40867480,38.97,3149800
1770193955726,1643.60,555.02,103317504,58769408,40869488,38.98,3149800
1770193955827,1649.29,558.99,103776256,58769408,41343856,39.43,3160672
1770193955928,1649.56,559.10,103776256,58769408,41345864,39.43,3160672
1770193956029,1649.79,559.22,103776256,58769408,41347848,39.43,3160672
1770193956130,1652.90,562.13,104218624,58769408,41827224,39.89,3163352
1770193956231,1653.09,562.23,102973440,58769408,41829232,39.89,3163352
1770193956331,1657.60,567.18,102957056,58769408,42309648,40.35,3174224
1770193956433,1657.88,567.30,102957056,58769408,42311656,40.35,3174224
1770193956534,1658.19,567.42,102957056,58769408,42313640,40.35,3174224
1770193956635,1662.42,571.29,103415808,58769408,42793952,40.81,3176904
1770193956736,1662.68,571.38,103415808,58769408,42795960,40.81,3176904
1770193956837,1667.29,575.12,103858176,58769408,43276096,41.27,3187776
1770193956938,1667.42,575.21,103677952,58769408,43278104,41.27,3187776
1770193957039,1667.50,575.26,103694336,58769408,43280088,41.28,3187776
1770193957140,1672.34,578.25,104398848,58769408,38649576,36.86,3190456
1770193957241,1672.60,578.38,104398848,58769408,38651584,36.86,3190456
1770193957341,1678.45,582.18,104398848,58769408,39134168,37.32,3118680
1770193957442,1678.72,582.30,104398848,58769408,39136176,37.32,3118680
1770193957543,1678.99,582.43,104398848,58769408,39138160,37.33,3118680
1770193957644,1684.64,586.23,104398848,58769408,39614896,37.78,3121360
1770193957745,1684.90,586.35,104398848,58769408,39616904,37.78,3121360
1770193957846,1695.23,590.38,104398848,58769408,40105592,38.25,3132232
1770193957947,1695.48,590.50,104398848,58769408,40107600,38.25,3132232
1770193958049,1695.73,590.61,104398848,58769408,40109584,38.25,3132232
1770193958150,1700.84,594.53,104398848,58769408,40586032,38.71,3134912
1770193958251,1701.11,594.61,104398848,58769408,40588040,38.71,3134912
1770193958352,1710.01,598.50,104398848,58769408,41074120,39.17,3145784
1770193958453,1710.26,598.60,104398848,58769408,41076128,39.17,3145784
1770193958554,1710.54,598.72,104398848,58769408,41078112,39.18,3145784
1770193958655,1715.77,602.74,104398848,58769408,41558080,39.63,3148464
1770193958756,1716.04,602.86,104300544,58769408,41560088,39.63,3148464
1770193958858,1721.68,606.73,104235008,58769408,42042520,40.09,3159336
1770193958959,1722.04,606.97,104087552,58769408,42044528,40.10,3159336
1770193959060,1722.30,607.10,104087552,58769408,42046512,40.10,3159336
1770193959161,1726.68,610.73,104087552,58769408,42525728,40.56,3162016
1770193959262,1726.93,610.83,104087552,58769408,42527736,40.56,3162016
1770193959363,1733.41,614.64,104087552,58769408,43007472,41.02,3172888
1770193959464,1733.67,614.75,104087552,58769408,43009480,41.02,3172888
1770193959568,1735.88,615.98,104087552,58769408,43132264,41.13,3173560
1770193959668,1738.62,618.49,104087552,58769408,43492576,41.48,3175568
1770193959770,1738.87,618.60,104087552,58769408,43494584,41.48,3175568
1770193959870,1743.62,622.24,104087552,58769408,43972992,41.94,3186440
1770193959972,1743.88,622.33,104087552,58769408,43975000,41.94,3186440
1770193960072,1745.84,623.54,104087552,58769408,44098928,42.06,3187112
1770193960173,1748.87,626.10,104087552,58769408,44455520,42.40,3189120
1770193960274,1749.12,626.21,104087552,58769408,44457528,42.40,3189120
1770193960375,1753.69,629.23,104087552,58769408,44938400,42.86,3199992
1770193960475,1753.96,629.38,104087552,58769408,44940408,42.86,3199992
1770193960580,1762.04,632.61,104644608,58769408,39690808,37.85,3202004
1770193960681,1763.28,633.39,104644608,58769408,39812264,37.97,3108476
1770193960782,1763.55,633.49,104644608,58769408,39814248,37.97,3108476
1770193960882,1768.06,636.84,104644608,58769408,40294128,38.43,3119348
1770193960984,1768.25,636.94,104644608,58769408,40296136,38.43,3119348
1770193961084,1775.27,640.70,104644608,58769408,40775040,38.89,3122028
1770193961186,1776.49,640.78,104644608,58769408,40784248,38.89,3122028
1770193961287,1776.79,640.94,104644608,58769408,40786232,38.90,3122028
1770193961388,1786.25,644.25,104677376,59031552,41486792,39.56,3132900
1770193961489,1786.46,644.35,104677376,59031552,41488800,39.57,3132900
1770193961589,1791.17,647.97,104693760,59031552,41960088,40.02,3135580
1770193961690,1791.34,648.02,104693760,59031552,41962096,40.02,3135580
1770193961791,1791.60,648.13,104693760,59031552,41964080,40.02,3135580
1770193961892,1796.07,651.88,104693760,59031552,42451216,40.48,3146452
1770193961993,1796.28,651.96,104693760,59031552,42453224,40.49,3146452
1770193962094,1801.90,655.81,104693760,59031552,42933328,40.94,3149132
1770193962195,1802.09,655.87,104693760,59031552,42935336,40.95,3149132
1770193962296,1802.37,656.00,104693760,59031552,42937320,40.95,3149132
1770193962397,1807.56,659.92,104693760,59031552,43419584,41.41,3160004
1770193962497,1807.85,660.05,104693760,59031552,43421592,41.41,3160004
1770193962597,1815.50,663.76,104693760,59031552,43893336,41.86,3162684
1770193962698,1815.72,663.83,104693760,59031552,43895344,41.86,3162684
1770193962799,1815.97,663.94,104693760,59031552,43897328,41.86,3162684
1770193962900,1827.96,667.49,104693760,59031552,44392096,42.34,3173556
1770193963002,1828.21,667.58,104693760,59031552,44394104,42.34,3173556
1770193963102,1844.76,671.54,104693760,59031552,44889784,42.81,3176236
1770193963204,1850.08,671.64,104710144,59031552,44920952,42.84,3176236
1770193963305,1850.31,671.74,104710144,59031552,44922936,42.84,3176236
1770193963406,1857.60,675.23,104726528,59031552,45381672,43.28,3187108
1770193963507,1857.86,675.35,104726528,59031552,45383680,43.28,3187108
1770193963608,1867.36,679.32,104726528,59031552,45844064,43.72,3189788
1770193963709,1867.58,679.38,104726528,59031552,45846072,43.72,3189788
1770193963810,1867.85,679.51,104726528,59031552,45848056,43.72,3189788
1770193963911,1873.85,683.31,104857600,59031552,46327328,44.18,3200660
1770193964011,1874.13,683.48,104857600,59031552,46329336,44.18,3200660
1770193964112,1886.01,687.65,105316352,59031552,46790600,44.62,3203340
1770193964213,1886.20,687.73,105316352,59031552,46792608,44.62,3203340
1770193964314,1886.45,687.85,105316352,59031552,46794592,44.63,3203340
1770193964415,1895.90,692.23,106414080,59031552,41152376,39.25,3214212
1770193964516,1896.23,692.38,106414080,59031552,41154384,39.25,3214212
1770193964617,1900.25,695.81,106430464,59031552,41613824,39.69,3111156
1770193964718,1900.40,695.86,106430464,59031552,41615832,39.69,3111156
1770193964818,1900.69,695.99,106430464,59031552,41617816,39.69,3111156
1770193964919,1904.14,699.25,106430464,59031552,42077328,40.13,3122028
1770193965020,1904.41,699.36,106430464,59031552,42079312,40.13,3122028
1770193965120,1908.73,703.00,106430464,59031552,42570952,40.60,3124708
1770193965222,1908.98,703.09,106430464,59031552,42572960,40.60,3124708
1770193965322,1909.25,703.21,106430464,59031552,42574944,40.60,3124708
1770193965424,1918.28,707.05,106446848,59031552,43035744,41.04,3135580
1770193965525,1918.62,707.20,106446848,59031552,43037776,41.04,3135580
1770193965626,1923.36,710.03,106446848,59031552,43496816,41.48,3138260
1770193965728,1923.49,710.09,106446848,59031552,43498824,41.48,3138260
1770193965829,1923.72,710.18,106446848,59031552,43500808,41.49,3138260
1770193965930,1928.21,714.00,106446848,59031552,43959544,41.92,3149132
1770193966031,1928.44,714.08,106446848,59031552,43961528,41.92,3149132
1770193966132,1936.80,718.04,106479616,59031552,44500288,42.44,3151812
1770193966233,1936.96,718.10,106479616,59031552,44502296,42.44,3151812
1770193966334,1937.16,718.16,106479616,59031552,44504280,42.44,3151812
1770193966435,1942.06,721.96,106823680,59031552,45274080,43.18,3162684
1770193966536,1942.26,722.04,106823680,59031552,45276064,43.18,3162684
1770193966636,1946.65,725.36,106823680,59031552,45735024,43.62,3165364
1770193966737,1946.89,725.45,106823680,59031552,45737032,43.62,3165364
1770193966837,1947.17,725.56,106823680,59031552,45739016,43.62,3165364
1770193966938,1951.48,728.97,106840064,59031552,46197760,44.06,3176236
1770193967039,1951.76,729.09,106840064,59031552,46199744,44.06,3176236
1770193967140,1956.78,733.09,106840064,59031552,46658200,44.50,3178916
1770193967241,1956.94,733.15,106840064,59031552,46660208,44.50,3178916
1770193967341,1957.16,733.24,106840064,59031552,46662192,44.50,3178916
1770193967442,1961.40,736.76,106840064,59031552,47120976,44.94,3189788
1770193967543,1961.61,736.84,106840064,59031552,47122960,44.94,3189788
1770193967644,1970.11,740.88,106856448,59031552,47583512,45.38,3192468
1770193967745,1970.28,740.94,106856448,59031552,47585520,45.38,3192468
1770193967846,1970.49,741.03,106856448,59031552,47587504,45.38,3192468
1770193967946,1979.72,745.71,107773952,60080128,42432096,40.47,3203340
1770193968048,1979.92,745.80,107773952,60080128,42434080,40.47,3203340
1770193968149,1986.37,749.61,107773952,60080128,42912184,40.92,3110488
1770193968250,1986.57,749.68,107773952,60080128,42914192,40.93,3110488
1770193968350,1986.84,749.79,107773952,60080128,42916176,40.93,3110488
1770193968452,1991.41,753.87,107773952,60080128,43374416,41.37,3121360
1770193968553,1991.67,753.98,107773952,60080128,43376400,41.37,3121360
1770193968654,1996.28,757.60,107773952,60080128,43834392,41.80,3124040
1770193968755,1996.51,757.68,107773952,60080128,43836400,41.81,3124040
1770193968856,1996.75,757.78,107773952,60080128,43838384,41.81,3124040
1770193968957,2000.49,761.08,107773952,60080128,44368456,42.31,3134912
1770193969058,2000.71,761.16,107773952,60080128,44370440,42.31,3134912
1770193969159,2006.70,765.06,107790336,60080128,44828616,42.75,3137592
1770193969260,2006.96,765.17,107790336,60080128,44830624,42.75,3137592
1770193969361,2007.24,765.31,107790336,60080128,44832608,42.76,3137592
1770193969462,2012.23,769.47,107790336,60080128,45291136,43.19,3148464
1770193969563,2012.45,769.55,107790336,60080128,45293120,43.19,3148464
1770193969665,2017.61,773.60,107790336,60080128,45751384,43.63,3151144
1770193969766,2017.88,773.70,107790336,60080128,45753392,43.63,3151144
1770193969867,2018.18,773.82,107790336,60080128,45755376,43.64,3151144
1770193969968,2022.42,777.49,107806720,60080128,46213552,44.07,3162016
1770193970069,2022.63,777.57,107806720,60080128,46215560,44.07,3162016
1770193970170,2027.33,781.25,107806720,60080128,46673872,44.51,3164696
1770193970272,2027.57,781.33,107806720,60080128,46675880,44.51,3164696
1770193970373,2027.82,781.42,107806720,60080128,46677864,44.52,3164696
1770193970474,2036.35,785.32,107823104,60080128,47136784,44.95,3175568
1770193970575,2036.62,785.42,107823104,60080128,47138768,44.96,3175568
1770193970676,2041.22,788.79,107839488,60080128,47597376,45.39,3178248
1770193970777,2041.50,788.91,107839488,60080128,47599384,45.39,3178248
1770193970878,2041.80,789.04,107839488,60080128,47601368,45.40,3178248
1770193970979,2046.30,792.90,107839488,60080128,48060272,45.83,3189120
1770193971080,2046.49,792.95,107839488,60080128,48062256,45.84,3189120
1770193971180,2060.32,797.41,107855872,60080128,48663976,46.41,3191800
1770193971282,2060.60,797.53,107855872,60080128,48665984,46.41,3191800
1770193971383,2060.86,797.67,107855872,60080128,48667968,46.41,3191800
1770193971484,2062.54,799.55,107872256,60080128,49126464,46.85,3202672
1770193971586,2062.76,799.64,107872256,60080128,49128472,46.85,3202672
1770193971687,2119.43,807.42,109772800,77381632,36871472,35.16,3108476
1770193971788,2119.67,807.48,109772800,77381632,37117152,35.40,3108476
1770193971889,2119.93,807.61,109772800,77381632,37119136,35.40,3108476
1770193971990,2126.35,811.10,109772800,77381632,37637616,35.89,3108480
1770193972091,2126.60,811.20,109772800,77381632,37639624,35.90,3108480
1770193972191,2131.86,814.72,109772800,77381632,38298200,36.52,3111160
1770193972292,2132.13,814.83,109772800,77381632,38300208,36.53,3111160
1770193972393,2132.38,814.92,109772800,77381632,38302192,36.53,3111160
1770193972494,2138.22,818.74,109772800,77381632,38797208,37.00,3122032
1770193972595,2138.50,818.87,109772800,77381632,38799216,37.00,3122032
1770193972696,2145.54,822.70,109772800,77381632,39294104,37.47,3124712
1770193972797,2145.84,822.84,109772800,77381632,39296112,37.48,3124712
1770193972898,2146.12,822.95,109772800,77381632,39298096,37.48,3124712
1770193972999,2151.14,826.54,109772800,77381632,39793176,37.95,3135584
1770193973100,2151.46,826.67,109772800,77381632,39795184,37.95,3135584
1770193973201,2156.13,830.08,109772800,77381632,40290024,38.42,3138264
1770193973302,2156.28,830.12,109772800,77381632,40292032,38.43,3138264
1770193973405,2158.49,831.17,109772800,77381632,40417704,38.55,3138936
1770193973505,2170.32,833.71,109805568,77381632,40790408,38.90,3149136
1770193973606,2170.63,833.86,109805568,77381632,40792416,38.90,3149136
1770193973708,2182.56,837.89,109805568,77381632,41288128,39.38,3151816
1770193973808,2182.88,838.02,109805568,77381632,41290136,39.38,3151816
1770193973912,2187.71,840.89,109805568,77381632,41659216,39.73,3153828
1770193974012,2188.85,841.73,109805568,77381632,41782944,39.85,3162688
1770193974112,2189.10,841.83,109805568,77381632,41784952,39.85,3162688
1770193974214,2193.54,845.22,109805568,77381632,42275264,40.32,3165368
1770193974314,2193.78,845.32,109805568,77381632,42277272,40.32,3165368
1770193974416,2206.32,849.16,109805568,77381632,42769344,40.79,3168048
1770193974517,2206.51,849.22,109805568,77381632,42771352,40.79,3168048
1770193974617,2206.79,849.37,109805568,77381632,42773336,40.79,3168048
1770193974718,2211.69,852.95,109805568,77381632,43263144,41.26,3178920
1770193974819,2211.94,853.04,109805568,77381632,43265152,41.26,3178920
1770193974919,2216.82,856.68,109805568,77381632,43754640,41.73,3181600
1770193975019,2216.99,856.74,109805568,77381632,43756648,41.73,3181600
1770193975120,2217.24,856.83,109805568,77381632,43758632,41.73,3181600
1770193975222,2219.68,859.00,109805568,77381632,44248376,42.20,3192472
1770193975321,2219.83,859.04,109805568,77381632,44250384,42.20,3192472
1770193975422,2224.30,862.02,109805568,77381632,44618480,42.55,3194484
1770193975523,2225.22,862.87,109805568,77381632,44741864,42.67,3195152
1770193975624,2225.50,863.01,109805568,77381632,44743872,42.67,3195152
1770193975725,2238.56,866.97,109821952,77381632,45236584,43.14,3206024
1770193975826,2238.82,867.08,109821952,77381632,45238592,43.14,3206024
1770193975927,2244.64,870.57,110100480,77381632,45727592,43.61,3208704
1770193976028,2244.79,870.61,110100480,77381632,45729600,43.61,3208704
1770193976128,2245.05,870.73,110100480,77381632,45731584,43.61,3208704
1770193976229,2251.83,874.55,110559232,77381632,46221256,44.08,3219576
1770193976329,2252.10,874.68,110559232,77381632,46223264,44.08,3219576
1770193976429,2257.35,878.59,111050752,77381632,46712360,44.55,3222256
1770193976531,2257.52,878.64,111050752,77381632,46714368,44.55,3222256
1770193976632,2257.78,878.78,111050752,77381632,46716352,44.55,3222256
1770193976733,2263.23,882.80,111509504,77381632,47206112,45.02,3233128
1770193976834,2263.45,882.89,111509504,77381632,47208120,45.02,3233128
1770193976934,2277.95,886.96,111984640,77381632,47697272,45.49,3235808
1770193977035,2282.70,887.05,111984640,77381632,47700856,45.49,3235808
1770193977135,2282.97,887.19,111984640,77381632,47702840,45.49,3235808
1770193977237,2293.84,891.20,112492544,77381632,48189200,45.96,3246680
1770193977338,2294.09,891.30,112492544,77381632,48191208,45.96,3246680
1770193977438,2301.33,895.58,112951296,77381632,48674192,46.42,3249360
1770193977539,2301.51,895.65,112967680,77381632,48676200,46.42,3249360
1770193977641,2301.75,895.74,112967680,77381632,48678184,46.42,3249360
1770193977741,2311.26,899.83,113426432,77381632,49163080,46.89,3260232
1770193977843,2311.48,899.90,113426432,77381632,49165088,46.89,3260232
1770193977944,2323.89,903.78,113901568,77381632,49648832,47.35,3262912
1770193978045,2324.03,903.83,113901568,77381632,49650840,47.35,3262912
1770193978145,2324.18,903.90,113901568,77381632,49652824,47.35,3262912
1770193978247,2328.54,907.51,114360320,77381632,50134768,47.81,3273784
1770193978348,2328.75,907.60,114360320,77381632,50136776,47.81,3273784
1770193978450,2333.38,911.33,114835456,77381632,50811992,48.46,3276464
1770193978551,2333.50,911.38,114835456,77381632,50814000,48.46,3276464
1770193978651,2333.68,911.46,114851840,77381632,50815984,48.46,3276464
1770193978752,2337.91,915.14,115310592,77381632,51297840,48.92,3287336
1770193978854,2338.10,915.22,115310592,77381632,51299848,48.92,3287336
1770193978954,2343.52,918.95,115785728,77381632,51781608,49.38,3290016
1770193979055,2343.64,919.00,115785728,77381632,51783616,49.38,3290016
1770193979156,2343.79,919.08,115802112,77381632,51785600,49.39,3290016
1770193979257,2347.31,922.07,115736576,77381632,52267512,49.85,3300888
1770193979476,2347.42,922.16,115752960,77381632,52269520,49.85,3300888
1770193979576,2362.98,924.84,116146176,77381632,52752424,50.31,3303568
1770193979677,2363.07,924.91,109707264,77381632,52754432,50.31,3303568
1770193979778,2368.52,929.29,110198784,77381632,53232504,50.77,3314440
1770193979879,2368.68,929.35,110215168,77381632,53234512,50.77,3314440
1770193979980,2368.94,929.41,110215168,77381632,53236496,50.77,3314440
1770193980081,2398.85,933.72,110936064,77381632,53715616,51.23,3317120
1770193980183,2399.00,933.80,110952448,77381632,53717624,51.23,3317120
1770193980284,2407.75,940.23,116768768,77381632,40300248,38.43,3117340
1770193980385,2407.89,940.27,116768768,77381632,40302256,38.44,3117340
1770193980486,2408.07,940.34,116768768,77381632,40304240,38.44,3117340
1770193980587,2416.02,944.30,116785152,77381632,40776280,38.89,3120020
1770193980688,2416.29,944.45,116785152,77381632,40778288,38.89,3120020
1770193980789,2421.77,948.69,116785152,77381632,41250496,39.34,3130892
1770193980890,2421.97,948.76,116785152,77381632,41252504,39.34,3130892
1770193980991,2422.20,948.85,116785152,77381632,41254488,39.34,3130892
1770193981092,2427.96,952.68,116801536,77381632,41726320,39.79,3133572
1770193981193,2428.18,952.78,116801536,77381632,41728328,39.80,3133572
1770193981294,2431.88,956.40,116801536,77381632,42200456,40.25,3144444
1770193981395,2432.09,956.48,116801536,77381632,42202464,40.25,3144444
1770193981496,2432.34,956.60,116801536,77381632,42204448,40.25,3144444
1770193981597,2437.33,960.54,116817920,77381632,42676320,40.70,3147124
1770193981698,2437.54,960.63,116817920,77381632,42678328,40.70,3147124
1770193981799,2442.36,964.49,116817920,77381632,43150560,41.15,3157996
1770193981901,2442.61,964.58,116817920,77381632,43152568,41.15,3157996
1770193982002,2442.90,964.70,116817920,77381632,43154552,41.16,3157996
1770193982103,2453.07,968.50,116834304,77381632,43627616,41.61,3160676
1770193982204,2453.31,968.59,116834304,77381632,43629624,41.61,3160676
1770193982306,2460.02,972.58,116834304,77381632,44101408,42.06,3171548
1770193982407,2460.25,972.68,116834304,77381632,44103416,42.06,3171548
1770193982511,2462.44,974.06,116834304,77381632,44223032,42.17,3172220
1770193982612,2467.72,976.84,116867072,77381632,44576128,42.51,3174228
1770193982713,2469.34,977.08,116867072,77381632,44609920,42.54,3174232
1770193982814,2474.90,980.78,116883456,77381632,45085632,43.00,3185104
1770193982915,2475.13,980.87,116883456,77381632,45087640,43.00,3185104
1770193983083,2623.18,992.26,153600000,103251968,74238792,70.80,3107812
1770193983182,2849.05,1001.99,183517184,132530176,111859168,106.68,3100288
1770193983283,3059.78,1007.07,187547648,136200192,102705176,97.95,3113222
1770193983384,3059.89,1007.13,187547648,136200192,102707216,97.95,3113222
1770193983485,3060.04,1007.17,187547648,136200192,102709232,97.95,3113222
1770193983587,3065.20,1010.96,187547648,136200192,103210456,98.43,3115902
1770193983687,3065.54,1011.10,187547648,136200192,103212512,98.43,3115902
1770193983789,3073.72,1015.19,187564032,136200192,103714072,98.91,3126774
1770193983890,3073.92,1015.25,187564032,136200192,103716112,98.91,3126774
1770193983991,3074.24,1015.39,187564032,136200192,103718128,98.91,3126774
1770193984092,3079.51,1019.04,187564032,136200192,104219776,99.39,3129454
1770193984192,3079.81,1019.16,187564032,136200192,104221816,99.39,3129454
1770193984294,3086.32,1022.83,187596800,136200192,104723168,99.87,3140326
1770193984395,3086.57,1022.91,187596800,136200192,104725208,99.87,3140326
1770193984496,3086.86,1023.03,187596800,136200192,104727224,99.88,3140326
1770193984597,3098.25,1026.53,187613184,136200192,105231320,100.36,3143006
1770193984698,3098.58,1026.75,187613184,136200192,105233360,100.36,3143006
1770193984799,3104.71,1030.57,187613184,136200192,105734792,100.84,3153878
1770193984900,3105.07,1030.71,187613184,136200192,105736832,100.84,3153878
1770193985001,3105.39,1030.88,187613184,136200192,105738848,100.84,3153878
1770193985103,3110.88,1034.63,187613184,136200192,106240008,101.32,3156558
1770193985204,3111.17,1034.75,187613184,136200192,106242048,101.32,3156558
1770193985304,3117.05,1038.44,187629568,136200192,106743464,101.80,3167430
1770193985404,3117.32,1038.55,187629568,136200192,106745504,101.80,3167430
1770193985506,3117.62,1038.69,187629568,136200192,106747520,101.80,3167430
1770193985607,3123.32,1042.42,187645952,136200192,107248800,102.28,3170110
1770193985707,3123.63,1042.56,187645952,136200192,107250840,102.28,3170110
1770193985809,3129.26,1047.03,187645952,136200192,107752776,102.76,3180982
1770193985910,3129.55,1047.26,187645952,136200192,107754816,102.76,3180982
1770193986011,3129.69,1047.35,187645952,136200192,107756832,102.76,3180982
1770193986112,3139.60,1051.12,187662336,136200192,108257968,103.24,3183662
1770193986213,3139.90,1051.26,187662336,136200192,108260008,103.24,3183662
1770193986312,3144.05,1054.79,187662336,136200192,108761488,103.72,3194534
1770193986414,3144.20,1054.89,187662336,136200192,108763528,103.72,3194534
1770193986515,3144.35,1054.97,187662336,136200192,108765544,103.73,3194534
1770193986616,3149.25,1058.58,187662336,136200192,109266608,104.20,3197214
1770193986717,3149.57,1058.75,187662336,136200192,109268648,104.21,3197214
1770193986817,3157.29,1063.49,187678720,136200192,109770104,104.68,3208086
1770193986919,3157.40,1063.56,187678720,136200192,109772144,104.69,3208086
1770193987019,3157.55,1063.64,187678720,136200192,109774160,104.69,3208086
1770193987120,3159.96,1065.64,187678720,136200192,110275328,105.17,3210766
1770193987221,3160.21,1065.75,187678720,136200192,110277368,105.17,3210766
1770193987322,3168.86,1070.24,187695104,136200192,110778912,105.65,3221638
1770193987423,3169.28,1070.39,187695104,136200192,110780952,105.65,3221638
1770193987524,3169.60,1070.52,187695104,136200192,110782968,105.65,3221638
1770193987625,3176.51,1074.35,187695104,136200192,111284328,106.13,3224318
1770193987725,3176.85,1074.50,187695104,136200192,111286368,106.13,3224318
1770193987825,3183.22,1078.30,187695104,136200192,111787792,106.61,3235190
1770193987927,3183.54,1078.43,187695104,136200192,111789832,106.61,3235190
1770193988027,3183.88,1078.58,187695104,136200192,111791848,106.61,3235190
1770193988128,3193.92,1082.84,187727872,136200192,112293616,107.09,3237870
1770193988228,3194.20,1082.96,187727872,136200192,112295656,107.09,3237870
1770193988330,3204.40,1087.09,187760640,136200192,112797624,107.57,3248742
1770193988431,3204.66,1087.18,187760640,136200192,112799664,107.57,3248742
1770193988531,3204.95,1087.30,187760640,136200192,112801680,107.58,3248742
1770193988632,3210.50,1091.30,187760640,136200192,113302840,108.05,3251422
1770193988733,3210.82,1091.44,187760640,136200192,113304880,108.06,3251422
1770193988833,3216.99,1095.15,187760640,136200192,113806208,108.53,3262294
1770193988934,3217.30,1095.27,187760640,136200192,113808248,108.54,3262294
1770193989036,3217.61,1095.41,187760640,136200192,113810264,108.54,3262294
1770193989136,3224.60,1099.85,187793408,136200192,114311512,109.02,3264974
1770193989236,3224.89,1099.96,187793408,136200192,114313552,109.02,3264974
1770193989337,3234.88,1104.10,187809792,136200192,114816600,109.50,3275846
1770193989438,3235.18,1104.23,187809792,136200192,114818640,109.50,3275846
1770193989538,3235.51,1104.36,187809792,136200192,114820656,109.50,3275846
1770193989639,3249.47,1109.48,187973632,136462336,101682008,96.97,3121402
1770193989740,3249.80,1109.65,187973632,136462336,101684048,96.97,3121402
1770193989841,3265.01,1113.72,187990016,136462336,102187056,97.45,3132274
1770193989942,3265.31,1113.85,187990016,136462336,102189096,97.46,3132274
1770193990042,3265.56,1113.93,187990016,136462336,102191112,97.46,3132274
1770193990144,3271.28,1118.11,187990016,136462336,102690568,97.93,3134954
1770193990246,3271.42,1118.17,173408256,136462336,102692608,97.94,3134954
1770193990346,3276.44,1120.32,153419776,136462336,103192712,98.41,3145826
1770193990448,3276.55,1120.36,151961600,136462336,103194752,98.41,3145826
1770193990549,3276.68,1120.41,148226048,136462336,103196768,98.42,3145826
1770193990649,3280.40,1123.25,147947520,136462336,103695928,98.89,3148506
1770193990749,3280.60,1123.34,147947520,136462336,103697968,98.89,3148506
1770193990851,3290.66,1127.91,147996672,136462336,104197576,99.37,3159378
1770193990953,3290.87,1127.99,147996672,136462336,104199616,99.37,3159378
1770193991054,3291.14,1128.11,147996672,136462336,104201632,99.37,3159378
1770193991155,3296.52,1131.76,148094976,136462336,104695880,99.85,3162058
1770193991256,3374.07,1161.72,108183552,66371584,39040840,37.23,3116042
1770193991356,3380.90,1165.22,108216320,66371584,39841896,38.00,3126914
1770193991457,3381.19,1165.33,108216320,66371584,39843904,38.00,3126914
1770193991558,3381.50,1165.49,108216320,66371584,39845888,38.00,3126914
1770193991659,3389.25,1169.25,108822528,69517312,39509304,37.68,3126914
1770193991761,3389.54,1169.38,108822528,69517312,39511288,37.68,3126914
1770193991861,3472.67,1181.65,87588864,41992192,39176016,37.36,3126914
1770193991963,3472.86,1181.71,87588864,41992192,39178064,37.36,3126914
1770193992064,3473.18,1181.87,87588864,41992192,39180040,37.36,3126914
1770193992165,3482.55,1185.76,87588864,41992192,39815888,37.97,3129594
1770193992266,3482.89,1185.91,87588864,41992192,39817888,37.97,3129594
1770193992366,3489.20,1189.77,88211456,43040768,39474736,37.65,3137118
1770193992466,3542.27,1192.27,87605248,41730048,38835864,37.04,3116042
1770193992567,3542.47,1192.33,87605248,41730048,38860160,37.06,3116042
1770193992667,3555.09,1196.27,87638016,41730048,39744744,37.90,3118722
1770193992769,3555.38,1196.42,87638016,41730048,39746744,37.91,3118722
1770193992870,3569.22,1200.62,88014848,42778624,39394344,37.57,3126914
1770193992971,3569.48,1200.73,88014848,42778624,39396344,37.57,3126914
1770193993071,3569.79,1200.86,88014848,42778624,39398320,37.57,3126914
1770193993172,3575.41,1204.64,88539136,42778624,39920112,38.07,3129594
1770193993272,3575.70,1204.76,88539136,42778624,39922112,38.07,3129594
1770193993373,3582.53,1208.55,88784896,43040768,39678136,37.84,3135774
1770193993475,3582.83,1208.68,88784896,43040768,39680136,37.84,3135774
1770193993576,3583.12,1208.82,88784896,43040768,39682112,37.84,3135774
1770193993677,3589.13,1212.41,88965120,43302912,39444032,37.62,3138454
1770193993778,3589.39,1212.49,88965120,43302912,39446032,37.62,3138454
1770193993879,3600.66,1216.26,88965120,43302912,39967920,38.12,3144638
1770193993980,3600.88,1216.36,88965120,43302912,39969920,38.12,3144638
1770193994080,3601.11,1216.44,88965120,43302912,39971896,38.12,3144638
1770193994181,3612.22,1220.11,89128960,43302912,39709632,37.87,3135102
1770193994282,3612.51,1220.22,89128960,43302912,39711632,37.87,3135102
1770193994382,3619.03,1223.94,89128960,43302912,40232808,38.37,3145974
1770193994484,3619.33,1224.04,89128960,43302912,40234808,38.37,3145974
1770193994585,3619.61,1224.14,89128960,43302912,40236784,38.37,3145974
1770193994687,3625.83,1227.41,89407488,45924352,40008656,38.16,3135774
1770193994788,3626.13,1227.54,89407488,45924352,40010632,38.16,3135774
1770193994889,3630.92,1231.03,89407488,45924352,40530768,38.65,3146646
1770193994991,3631.14,1231.14,89407488,45924352,40532768,38.66,3146646
1770193995093,3633.32,1232.55,89505792,45924352,40665056,38.78,3147318
1770193995194,3645.88,1235.50,89899008,45924352,41055592,39.15,3149326
1770193995294,3646.16,1235.60,89899008,45924352,41057592,39.16,3149326
1770193995396,3652.91,1239.51,90406912,45924352,41577656,39.65,3160198
1770193995497,3653.23,1239.62,90406912,45924352,41579656,39.65,3160198
1770193995599,3658.24,1241.97,90521600,45924352,40337888,38.47,3135778
1770193995700,3660.57,1242.51,90537984,45924352,40469032,38.59,3136446
1770193995800,3660.85,1242.64,90537984,45924352,40471032,38.60,3136446
1770193995902,3666.11,1246.53,90832896,45924352,40991576,39.09,3147318
1770193996003,3666.38,1246.66,90832896,45924352,40993552,39.09,3147318
1770193996103,3672.57,1249.91,91226112,45924352,41385024,39.47,3149330
1770193996204,3673.65,1250.69,91357184,45924352,41516136,39.59,3149998
1770193996305,3673.93,1250.79,91357184,45924352,41518136,39.59,3149998
1770193996406,3686.93,1255.22,91832320,46186496,40518536,38.64,3143966
1770193996508,3687.26,1255.34,91832320,46186496,40520536,38.64,3143966
1770193996608,3692.62,1259.22,91832320,46186496,41040112,39.14,3146646
1770193996710,3692.78,1259.29,91832320,46186496,41042088,39.14,3146646
1770193996811,3693.00,1259.36,91832320,46186496,41044064,39.14,3146646
1770193996912,3704.37,1263.63,91865088,46186496,41564672,39.64,3157518
1770193997012,3704.63,1263.73,91865088,46186496,41566672,39.64,3157518
1770193997113,3711.14,1267.72,92094464,46448640,40537848,38.66,3135106
1770193997215,3711.35,1267.79,92094464,46448640,40539848,38.66,3135106
1770193997316,3711.61,1267.94,92094464,46448640,40541824,38.66,3135106
1770193997416,3724.30,1271.91,92110848,46448640,41051912,39.15,3145978
1770193997517,3724.57,1272.01,92110848,46448640,41053912,39.15,3145978
1770193997618,3736.13,1275.56,92110848,46448640,41713728,39.78,3148658
1770193997720,3738.13,1275.66,92143616,46448640,41715952,39.78,3148658
1770193997821,3738.30,1275.75,92143616,46448640,41717928,39.79,3148658
1770193997922,3752.48,1279.84,92192768,46448640,42222400,40.27,3159530
1770193998024,3752.70,1279.94,92192768,46448640,42224400,40.27,3159530
1770193998125,3758.87,1283.90,92422144,46710784,41179864,39.27,3136446
1770193998225,3759.01,1283.96,92422144,46710784,41181840,39.27,3136446
1770193998326,3759.21,1284.04,92422144,46710784,41183816,39.28,3136446
1770193998427,3788.53,1289.07,93847552,46710784,41723816,39.79,3147318
1770193998528,3788.78,1289.14,93847552,46710784,41725792,39.79,3147318
1770193998629,3795.84,1292.43,93847552,46710784,42211136,40.26,3149998
1770193998730,3796.05,1292.54,93847552,46710784,42213112,40.26,3149998
1770193998830,3796.20,1292.61,93847552,46710784,42215088,40.26,3149998
1770193998932,3817.09,1296.38,94126080,46972928,41201848,39.29,3160870
1770193999033,3817.21,1296.43,94126080,46972928,41203848,39.30,3160870
1770193999134,3839.86,1300.22,94666752,46972928,41685184,39.75,3137114
1770193999234,3843.47,1300.32,94961664,46972928,41688720,39.76,3137114
1770193999336,3843.61,1300.39,93880320,46972928,41690696,39.76,3137114
1770193999437,3847.95,1304.38,93863936,46972928,42166776,40.21,3147986
1770193999538,3848.21,1304.53,93372416,46972928,42168776,40.22,3147986
1770193999638,3851.45,1307.94,93372416,46972928,42645200,40.67,3150666
1770193999739,3851.57,1308.00,93356032,46972928,42647200,40.67,3150666
1770193999840,3851.69,1308.07,93356032,46972928,42649176,40.67,3150666
1770193999940,3856.07,1312.85,93552640,51953664,41623688,39.70,3143966
1770194000041,3856.21,1312.92,93519872,51953664,41625664,39.70,3143966
1770194000142,3859.38,1316.15,93536256,51953664,42101984,40.15,3146646
1770194000242,3859.54,1316.21,93536256,51953664,42103960,40.15,3146646
1770194000343,3859.72,1316.31,93536256,51953664,42105936,40.16,3146646
1770194000444,3864.66,1320.16,93536256,51953664,42581584,40.61,3157518
1770194000546,3864.94,1320.26,93536256,51953664,42583560,40.61,3157518
1770194000646,3869.82,1324.39,93536256,51953664,43059032,41.06,3160198
1770194000747,3870.02,1324.47,93536256,51953664,43061008,41.07,3160198
1770194000848,3870.19,1324.57,93536256,51953664,43062984,41.07,3160198
1770194000958,3870.35,1324.66,93536256,51953664,43064960,41.07,3160198
1770194001058,3873.56,1327.21,94027776,51953664,43541008,41.52,3171070
1770194001160,3873.86,1327.40,94027776,51953664,43543008,41.53,3171070
1770194001261,3882.28,1331.44,94470144,51953664,44020944,41.98,3173750
1770194001362,3882.58,1331.61,94486528,51953664,44022944,41.98,3173750
1770194001462,3882.86,1331.74,94486528,51953664,44024920,41.99,3173750
1770194001564,3888.19,1335.94,94945280,51953664,44556056,42.49,3184622
1770194001664,3888.47,1336.04,94945280,51953664,44558056,42.49,3184622
1770194001765,3897.35,1340.49,95551488,52215808,42038024,40.09,3134434
1770194001867,3897.66,1340.65,95551488,52215808,42040024,40.09,3134434
1770194001967,3897.99,1340.82,95551488,52215808,42042000,40.09,3134434
1770194002069,3903.45,1344.95,95551488,52215808,42518600,40.55,3145306
1770194002170,3903.76,1345.10,95551488,52215808,42520600,40.55,3145306
1770194002271,3915.40,1349.46,95584256,52215808,42997472,41.01,3147986
1770194002372,3915.69,1349.62,95584256,52215808,42999448,41.01,3147986
1770194002472,3915.96,1349.75,95584256,52215808,43001424,41.01,3147986
1770194002573,3936.24,1353.87,95862784,52215808,43479120,41.46,3158858
1770194002673,3936.49,1353.99,95862784,52215808,43481120,41.47,3158858
1770194002774,3940.67,1357.54,96321536,52215808,43955704,41.92,3161538
1770194002875,3940.86,1357.63,96321536,52215808,43957704,41.92,3161538
1770194002977,3941.11,1357.76,96321536,52215808,43959680,41.92,3161538
1770194003078,3947.21,1362.44,96763904,52215808,44604040,42.54,3172410
1770194003180,3947.47,1362.59,96780288,52215808,44606040,42.54,3172410
1770194003281,3952.45,1366.39,97255424,52215808,45079808,42.99,3175090
1770194003382,3952.77,1366.54,97255424,52215808,45081808,42.99,3175090
1770194003485,3954.83,1367.84,97386496,52215808,45202456,43.11,3175762
1770194003586,3961.84,1370.66,98205696,52477952,42559624,40.59,3185962
1770194003686,3962.15,1370.82,98205696,52477952,42561624,40.59,3185962
1770194003787,3966.90,1374.33,98205696,52477952,43035376,41.04,3136446
1770194003888,3967.20,1374.45,98205696,52477952,43037352,41.04,3136446
1770194003989,3969.40,1375.85,98222080,52477952,43158000,41.16,3137118
1770194004089,3972.30,1378.28,98222080,52477952,43513184,41.50,3147318
1770194004191,3972.58,1378.38,98222080,52477952,43515160,41.50,3147318
1770194004292,3976.99,1382.08,98222080,52477952,43989416,41.95,3149998
1770194004392,3977.28,1382.18,98222080,52477952,43991392,41.95,3149998
1770194004492,3979.53,1383.60,98271232,52477952,44112056,42.07,3150670
1770194004594,3982.43,1386.08,98320384,52477952,44467208,42.41,3160870
1770194004695,3982.76,1386.20,98320384,52477952,44469184,42.41,3160870
1770194004796,3988.03,1390.04,98320384,52477952,44942960,42.86,3163550
1770194004897,3988.36,1390.17,98320384,52477952,44944960,42.86,3163550
1770194004999,3996.16,1393.23,98320384,52477952,45301928,43.20,3165562
1770194005099,3999.59,1394.52,98811904,53002240,42969704,40.98,3174422
1770194005200,3999.91,1394.66,98811904,53002240,42971704,40.98,3174422
1770194005300,4002.51,1397.01,98828288,53002240,43445128,41.43,3136446
1770194005402,4002.75,1397.12,98828288,53002240,43447104,41.43,3136446
1770194005502,4007.62,1401.08,98828288,53002240,43920392,41.89,3139126
1770194005603,4007.78,1401.13,98828288,53002240,43922392,41.89,3139126
1770194005703,4008.04,1401.24,98828288,53002240,43924368,41.89,3139126
1770194005804,4012.62,1404.80,98828288,53002240,44397936,42.34,3149998
1770194005905,4012.89,1404.91,98828288,53002240,44399912,42.34,3149998
1770194006005,4021.16,1408.01,98844672,53002240,44825512,42.75,3152010
1770194006107,4029.18,1408.84,98861056,53002240,44946752,42.86,3152678
1770194006208,4029.46,1408.95,98861056,53002240,44948752,42.87,3152678
1770194006309,4039.57,1412.61,98877440,53002240,45599912,43.49,3163550
1770194006410,4039.88,1412.72,98877440,53002240,45601888,43.49,3163550
1770194006511,4044.75,1416.52,98893824,53002240,46077208,43.94,3166230
1770194006611,4044.94,1416.58,98893824,53002240,46079208,43.94,3166230
1770194006713,4045.24,1416.72,98893824,53002240,46081184,43.95,3166230
1770194006813,4057.46,1420.91,99287040,53526528,43753168,41.73,3134434
1770194006913,4057.78,1421.04,99287040,53526528,43755144,41.73,3134434
1770194007014,4066.83,1424.72,99303424,53526528,44232864,42.18,3137114
1770194007115,4067.02,1424.78,99303424,53526528,44234840,42.19,3137114
1770194007217,4067.36,1424.93,99303424,53526528,44236816,42.19,3137114
1770194007318,4071.74,1428.23,99303424,53526528,44713408,42.64,3147986
1770194007419,4072.04,1428.37,99303424,53526528,44715384,42.64,3147986
1770194007519,4079.40,1431.64,99319808,53526528,45191064,43.10,3150666
1770194007620,4079.58,1431.70,99319808,53526528,45193040,43.10,3150666
1770194007720,4079.79,1431.80,99319808,53526528,45195016,43.10,3150666
1770194007822,4081.26,1433.41,99319808,53526528,45670528,43.55,3161538
1770194007923,4081.40,1433.47,99319808,53526528,45672512,43.56,3161538
1770194008023,4086.99,1437.40,99319808,53526528,46148352,44.01,3164218
1770194008123,4087.23,1437.47,99319808,53526528,46150352,44.01,3164218
1770194008223,4087.56,1437.63,99319808,53526528,46152328,44.01,3164218
1770194008324,4103.94,1441.72,99352576,53526528,46630576,44.47,3175090
1770194008424,4104.24,1441.86,99352576,53526528,46632552,44.47,3175090
1770194008525,4115.85,1446.12,99876864,54312960,44258312,42.21,3134434
1770194008626,4116.04,1446.19,99876864,54312960,44260288,42.21,3134434
1770194008728,4116.33,1446.33,99876864,54312960,44262264,42.21,3134434
1770194008828,4121.04,1450.08,99876864,54312960,44737576,42.67,3145306
1770194008930,4121.32,1450.19,99876864,54312960,44739552,42.67,3145306
1770194009031,4125.96,1453.94,99876864,54312960,45214640,43.12,3147986
1770194009132,4126.17,1454.00,99876864,54312960,45216616,43.12,3147986
1770194009232,4126.48,1454.14,99876864,54312960,45218592,43.12,3147986
1770194009332,4143.76,1458.10,99893248,54312960,45694296,43.58,3158858
1770194009434,4144.03,1458.20,99893248,54312960,45696272,43.58,3158858
1770194009535,4147.85,1460.94,100270080,54673408,46499920,44.35,3161538
1770194009636,4147.99,1460.99,100270080,54673408,46501904,44.35,3161538
1770194009736,4148.25,1461.11,100270080,54673408,46503888,44.35,3161538
1770194009837,4165.00,1465.01,100302848,54673408,46986624,44.81,3172410
1770194009938,4165.27,1465.13,100302848,54673408,46988608,44.81,3172410
1770194010038,4178.32,1468.78,100302848,54673408,47461368,45.26,3175090
1770194010139,4178.49,1468.83,100302848,54673408,47463352,45.26,3175090
1770194010240,4178.71,1468.93,100302848,54673408,47465336,45.27,3175090
1770194010340,4188.54,1472.67,100319232,54673408,47939480,45.72,3185962
1770194010442,4188.85,1472.81,100319232,54673408,47941464,45.72,3185962
1770194010541,4228.97,1477.77,101335040,63324160,45420088,43.32,3136446
1770194010642,4257.22,1479.86,101335040,63324160,39884512,38.04,3136446
1770194010742,4257.55,1479.99,101335040,63324160,40025776,38.17,3136446
1770194010844,4272.79,1483.34,101335040,63324160,40513320,38.64,3127582
1770194010943,4273.09,1483.47,101335040,63324160,40515328,38.64,3127582
1770194011044,4277.66,1487.20,101335040,63324160,40987400,39.09,3130262
1770194011145,4277.82,1487.26,101335040,63324160,40989408,39.09,3130262
1770194011246,4278.05,1487.36,101335040,63324160,40991392,39.09,3130262
1770194011347,4282.40,1491.16,101335040,63324160,41463656,39.54,3141134
1770194011449,4282.70,1491.28,101335040,63324160,41465664,39.54,3141134
1770194011549,4287.64,1494.97,101335040,63324160,41937624,39.99,3143814
1770194011651,4287.81,1495.02,101335040,63324160,41939632,40.00,3143814
1770194011752,4288.01,1495.11,101335040,63324160,41941616,40.00,3143814
1770194011853,4292.73,1498.77,101351424,63324160,42414424,40.45,3154686
1770194011954,4293.04,1498.90,101351424,63324160,42416432,40.45,3154686
1770194012056,4297.39,1502.69,101351424,63324160,42889056,40.90,3157366
1770194012157,4297.61,1502.76,101351424,63324160,42891064,40.90,3157366
1770194012257,4297.90,1502.90,101351424,63324160,42893048,40.91,3157366
1770194012359,4305.29,1506.78,101367808,63324160,43366248,41.36,3168238
1770194012459,4305.59,1506.90,101367808,63324160,43368256,41.36,3168238
1770194012560,4309.98,1510.60,101367808,63324160,43841016,41.81,3170918
1770194012662,4310.42,1510.76,101433344,63324160,43843328,41.81,3170918
1770194012762,4310.68,1510.88,101433344,63324160,43845312,41.81,3170918
1770194012863,4315.14,1514.33,101711872,63324160,44318208,42.27,3181790
1770194012965,4315.42,1514.48,101711872,63324160,44320216,42.27,3181790
1770194013065,4331.92,1519.28,102187008,63324160,44813352,42.74,3184470
1770194013166,4332.18,1519.37,102187008,63324160,44815360,42.74,3184470
1770194013267,4332.50,1519.51,102187008,63324160,44817344,42.74,3184470
1770194013368,4337.05,1523.56,102662144,63324160,45290136,43.19,3195342
1770194013470,4337.33,1523.68,102662144,63324160,45292144,43.19,3195342
1770194013570,4348.42,1527.51,103120896,63324160,45764352,43.64,3198022
1770194013672,4348.62,1527.58,103120896,63324160,45766360,43.65,3198022
1770194013773,4348.89,1527.69,103137280,63324160,45768344,43.65,3198022
1770194013873,4352.09,1530.91,103596032,63324160,46236752,44.09,3208894
1770194013974,4352.35,1531.03,103596032,63324160,46238760,44.10,3208894
1770194014076,4379.50,1535.51,104054784,63586304,46907976,44.73,3211574
1770194014177,4379.66,1535.56,104054784,63586304,46909984,44.74,3211574
1770194014278,4379.95,1535.68,104054784,63586304,46911968,44.74,3211574
1770194014379,4384.35,1539.53,104497152,63586304,47375832,45.18,3222446
1770194014481,4384.64,1539.65,104497152,63586304,47377840,45.18,3222446
1770194014582,4398.39,1544.09,104988672,63586304,47850456,45.63,3225126
1770194014682,4398.63,1544.19,104988672,63586304,47852464,45.64,3225126
1770194014782,4398.92,1544.31,104988672,63586304,47854448,45.64,3225126
1770194014884,4414.10,1548.81,105496576,63586304,48332536,46.09,3235998
1770194014985,4414.35,1548.91,105496576,63586304,48334544,46.10,3235998
1770194015084,4423.32,1552.78,105545728,63586304,41921904,39.98,3128922
1770194015186,4423.57,1552.86,105545728,63586304,41923912,39.98,3128922
1770194015286,4423.86,1552.99,105545728,63586304,41925896,39.98,3128922
1770194015388,4428.35,1556.62,105545728,63586304,42393768,40.43,3139794
1770194015488,4428.65,1556.76,105545728,63586304,42395776,40.43,3139794
1770194015590,4436.28,1560.68,105545728,63586304,42870816,40.88,3142474
1770194015691,4436.55,1560.77,105545728,63586304,42872824,40.89,3142474
1770194015791,4436.85,1560.90,105545728,63586304,42874808,40.89,3142474
1770194015893,4441.81,1565.06,105545728,63586304,43339928,41.33,3153346
1770194015994,4442.09,1565.16,105545728,63586304,43341936,41.33,3153346
1770194016095,4447.53,1568.91,105545728,63586304,43814632,41.78,3156026
1770194016195,4447.78,1569.01,105545728,63586304,43816640,41.79,3156026
1770194016297,4448.11,1569.16,105545728,63586304,43818624,41.79,3156026
1770194016397,4454.21,1573.30,105742336,63586304,44287520,42.24,3166898
1770194016499,4454.52,1573.43,105742336,63586304,44289528,42.24,3166898
1770194016600,4457.78,1576.83,106184704,63586304,44758288,42.68,3169578
1770194016700,4457.91,1576.89,106184704,63586304,44760296,42.69,3169578
1770194016801,4458.09,1577.00,106184704,63586304,44762280,42.69,3169578
1770194016903,4461.30,1580.29,106627072,63586304,45226880,43.13,3180450
1770194017003,4461.41,1580.42,106627072,63586304,45228888,43.13,3180450
1770194017105,4463.21,1582.39,107069440,63586304,45696184,43.58,3183130
1770194017206,4463.38,1582.44,107069440,63586304,45698192,43.58,3183130
1770194017308,4463.65,1582.59,107069440,63586304,45700176,43.58,3183130
1770194017408,4468.17,1586.82,107511808,63586304,46167752,44.03,3194002
1770194017510,4468.48,1586.92,107511808,63586304,46169760,44.03,3194002
1770194017610,4472.95,1590.87,107954176,63586304,46637256,44.48,3196678
1770194017712,4473.24,1590.97,107954176,63586304,46639264,44.48,3196678
1770194017813,4473.57,1591.18,107970560,63586304,46641248,44.48,3196678
1770194017914,4478.78,1595.92,108412928,63586304,47108656,44.93,3207546
1770194018013,4479.09,1596.07,108412928,63586304,47110664,44.93,3207546
1770194018115,4485.10,1599.55,108855296,63586304,42408032,40.44,3210222
1770194018216,4485.38,1599.65,108855296,63586304,42410040,40.45,3210222
1770194018318,4485.67,1599.80,108855296,63586304,42412024,40.45,3210222
1770194018418,4489.84,1603.53,108855296,63586304,42879784,40.89,3137110
1770194018520,4490.18,1603.69,108855296,63586304,42881792,40.90,3137110
1770194018620,4495.01,1607.68,108855296,63586304,43349568,41.34,3139786
1770194018721,4495.32,1607.81,108855296,63586304,43351576,41.34,3139786
1770194018823,4495.62,1607.97,108855296,63586304,43353560,41.35,3139786
1770194018923,4500.95,1611.68,108855296,63586304,43820856,41.79,3150654
1770194019025,4501.26,1611.84,108855296,63586304,43822864,41.79,3150654
1770194019125,4505.83,1615.62,108855296,63586304,44286736,42.24,3153330
1770194019226,4506.13,1615.76,108855296,63586304,44288744,42.24,3153330
1770194019329,4508.05,1617.11,108855296,63586304,44408488,42.35,3154002
1770194019430,4513.77,1619.71,108855296,63586304,44765728,42.69,3164198
1770194019532,4514.07,1619.85,108855296,63586304,44767736,42.69,3164198
1770194019633,4523.30,1623.62,108855296,63586304,45238376,43.14,3166874
1770194019733,4523.59,1623.75,108855296,63586304,45240384,43.14,3166874
1770194019836,4527.53,1626.99,108855296,63586304,45590656,43.48,3177076
1770194019937,4528.60,1627.92,108855296,63586304,45707048,43.59,3177742
1770194020039,4528.90,1628.07,108855296,63586304,45709056,43.59,3177742
1770194020140,4540.83,1632.08,108855296,63586304,46184960,44.05,3180420
1770194020241,4541.13,1632.22,108855296,63586304,46186968,44.05,3180420
1770194020343,4554.07,1636.70,108855296,63586304,46655232,44.49,3191290
1770194020443,4555.62,1636.78,108855296,63586304,46665984,44.50,3191290
1770194020545,4555.89,1636.91,108855296,63586304,46667968,44.51,3191290
1770194020646,4567.08,1641.05,108855296,63586304,47134216,44.95,3193968
1770194020747,4567.37,1641.19,108855296,63586304,47136224,44.95,3193968
1770194020846,4571.85,1645.08,108855296,63586304,47600936,45.40,3204838
1770194020947,4572.04,1645.14,108855296,63586304,47602944,45.40,3204838
1770194021049,4572.31,1645.29,108855296,63586304,47604928,45.40,3204838
1770194021150,4588.21,1649.53,108855296,63586304,48081184,45.85,3207516
1770194021251,4588.51,1649.66,108855296,63586304,48083192,45.86,3207516
1770194021352,4591.98,1653.48,108871680,63586304,48543968,46.30,3218386
1770194021453,4592.13,1653.53,108871680,63586304,48545976,46.30,3218386
1770194021555,4592.36,1653.64,108871680,63586304,48550472,46.30,3218386
1770194021656,4594.17,1655.54,108871680,63586304,49015856,46.75,3221064
1770194021757,4594.32,1655.60,108871680,63586304,49017864,46.75,3221064
1770194021857,4603.30,1659.83,108871680,63586304,43525216,41.51,3231934
1770194021958,4603.51,1659.89,108871680,63586304,43527224,41.51,3231934
1770194022058,4603.81,1660.00,108871680,63586304,43529208,41.51,3231934
1770194022158,4608.92,1664.11,108462080,63586304,43995256,41.96,3128920
1770194022260,4609.23,1664.27,108462080,63586304,43997264,41.96,3128920
1770194022360,4613.02,1667.60,108462080,63586304,44464784,42.40,3139790
1770194022461,4613.19,1667.66,108462080,63586304,44466792,42.41,3139790
1770194022563,4613.49,1667.81,108462080,63586304,44468776,42.41,3139790
1770194022663,4617.56,1671.31,108462080,63586304,44934608,42.85,3142468
1770194022763,4617.86,1671.43,108462080,63586304,44936656,42.85,3142468
1770194022864,4627.12,1675.54,108462080,63586304,45403520,43.30,3153338
1770194022966,4627.33,1675.61,108462080,63586304,45405528,43.30,3153338
1770194023067,4627.63,1675.74,108462080,63586304,45407512,43.30,3153338
1770194023168,4632.03,1679.59,108462080,63586304,45891696,43.77,3156016
1770194023269,4632.22,1679.66,108462080,63586304,45893704,43.77,3156016
1770194023369,4636.90,1683.49,108462080,63586304,46353808,44.21,3166886
1770194023471,4637.18,1683.58,108462080,63586304,46355816,44.21,3166886
1770194023571,4637.50,1683.72,108462080,63586304,46357800,44.21,3166886
1770194023673,4642.01,1687.44,108462080,63586304,46817776,44.65,3169564
1770194023775,4642.29,1687.58,108462080,63586304,46819784,44.65,3169564
1770194023876,4646.56,1691.22,108462080,63586304,47288176,45.10,3180434
1770194023977,4646.70,1691.28,108462080,63586304,47290184,45.10,3180434
1770194024077,4646.89,1691.37,108462080,63586304,47292168,45.10,3180434
1770194024179,4651.20,1695.19,108462080,63586304,47757720,45.55,3183112
1770194024281,4651.50,1695.32,108462080,63586304,47759728,45.55,3183112
1770194024382,4655.62,1698.87,108462080,63586304,48227920,45.99,3193982
1770194024482,4655.83,1698.95,108462080,63586304,48229928,46.00,3193982
1770194024584,4656.08,1699.05,108462080,63586304,48231912,46.00,3193982
1770194024684,4660.64,1702.78,108462080,63586304,48712376,46.46,3196660
1770194024786,4660.90,1702.89,108462080,63586304,48714384,46.46,3196660
1770194024887,4666.09,1706.45,108462080,63586304,49174656,46.90,3207530
1770194024988,4666.29,1706.54,108462080,63586304,49176664,46.90,3207530
1770194025088,4666.52,1706.64,108462080,63586304,49178648,46.90,3207530
1770194025189,4675.43,1710.85,108920832,63586304,44527976,42.47,3126910
1770194025291,4675.66,1710.96,108920832,63586304,44529984,42.47,3126910
1770194025391,4690.57,1714.86,108937216,63586304,45057856,42.97,3137780
1770194025493,4690.75,1714.92,108937216,63586304,45059864,42.97,3137780
1770194025594,4690.99,1715.02,108937216,63586304,45061848,42.97,3137780
1770194025694,4693.49,1717.75,108953600,63586304,45521944,43.41,3140458
1770194025796,4693.71,1717.84,108953600,63586304,45523952,43.42,3140458
1770194025897,4698.27,1721.77,108953600,63586304,46180008,44.04,3151328
1770194025997,4698.53,1721.87,108953600,63586304,46182016,44.04,3151328
1770194026098,4698.80,1721.98,108953600,63586304,46184000,44.04,3151328
1770194026199,4703.19,1725.81,108969984,63586304,46644416,44.48,3154006
1770194026300,4703.50,1725.95,108969984,63586304,46646424,44.49,3154006
1770194026401,4708.10,1729.48,108969984,63586304,47107048,44.92,3164876
1770194026503,4708.37,1729.60,108969984,63586304,47109056,44.93,3164876
1770194026603,4708.64,1729.71,108969984,63586304,47111040,44.93,3164876
1770194026705,4712.60,1733.24,108969984,63586304,47571360,45.37,3167554
1770194026804,4712.88,1733.36,108969984,63586304,47573368,45.37,3167554
1770194026906,4718.00,1737.51,108986368,63586304,48034104,45.81,3178424
1770194027007,4718.25,1737.61,108986368,63586304,48036112,45.81,3178424
1770194027108,4718.55,1737.75,108986368,63586304,48038096,45.81,3178424
1770194027210,4723.15,1741.49,108986368,63586304,48497896,46.25,3181102
1770194027311,4723.44,1741.62,108986368,63586304,48499904,46.25,3181102
1770194027411,4727.85,1745.35,108986368,63586304,48959936,46.69,3191972
1770194027512,4728.09,1745.44,108986368,63586304,48961944,46.69,3191972
1770194027612,4728.40,1745.58,108986368,63586304,48963928,46.70,3191972
1770194027714,4733.07,1749.39,109002752,63586304,49423688,47.13,3194650
1770194027815,4733.33,1749.48,109002752,63586304,49425696,47.14,3194650
1770194027915,4738.37,1753.68,109002752,63586304,49886192,47.58,3205520
1770194028017,4738.64,1753.79,109002752,63586304,49888200,47.58,3205520
1770194028117,4738.92,1753.90,109002752,63586304,49890184,47.58,3205520
1770194028219,4748.54,1757.61,109019136,63586304,50350904,48.02,3208198
1770194028319,4748.83,1757.74,109019136,63586304,50352912,48.02,3208198
1770194028420,4757.42,1761.91,109281280,63586304,45579720,43.47,3219068
1770194028522,4757.69,1762.02,109281280,63586304,45581728,43.47,3219068
1770194028623,4757.98,1762.15,109281280,63586304,45583712,43.47,3219068
1770194028724,4762.13,1765.76,109281280,63586304,46042704,43.91,3128920
1770194028826,4762.35,1765.84,109281280,63586304,46044688,43.91,3128920
1770194028927,4771.51,1769.77,109281280,63586304,46517784,44.36,3139790
1770194029028,4771.78,1769.90,109281280,63586304,46519768,44.36,3139790
1770194029129,4772.05,1770.03,109281280,63586304,46521752,44.37,3139790
1770194029231,4776.47,1773.90,109281280,63586304,47028728,44.85,3142468
1770194029332,4776.78,1774.02,109281280,63586304,47030712,44.85,3142468
1770194029433,4780.97,1777.89,109281280,63586304,47490248,45.29,3153338
1770194029533,4781.22,1777.98,109281280,63586304,47492232,45.29,3153338
1770194029635,4781.53,1778.14,109281280,63586304,47494216,45.29,3153338
1770194029736,4785.58,1781.92,109297664,63586304,47953760,45.73,3156016
1770194029837,4785.86,1782.02,109297664,63586304,47955744,45.73,3156016
1770194029938,4789.27,1785.44,109297664,63586304,48415200,46.17,3166886
1770194030039,4789.44,1785.51,109281280,63586304,48417208,46.17,3166886
1770194030139,4789.66,1785.71,109281280,63586304,48419192,46.18,3166886
1770194030240,4796.31,1789.44,109281280,63586304,48878496,46.61,3169564
1770194030342,4796.64,1789.60,109281280,63586304,48880480,46.62,3169564
1770194030443,4801.26,1793.57,109281280,63586304,49339968,47.05,3180434
1770194030544,4801.54,1793.71,109281280,63586304,49341952,47.06,3180434
1770194030646,4803.65,1795.13,109281280,63586304,49458728,47.17,3181106
1770194030746,4806.33,1797.88,109281280,63586304,49803080,47.50,3183112
1770194030847,4806.62,1798.01,109215744,63586304,49805064,47.50,3183112
1770194030948,4811.21,1801.47,109215744,63586304,50299360,47.97,3193982
1770194031048,4811.45,1801.57,109215744,63586304,50301344,47.97,3193982
1770194031150,4813.44,1803.01,109215744,63586304,50418120,48.08,3194654
1770194031252,4817.81,1806.10,109215744,63586304,50762440,48.41,3196660
1770194031352,4818.12,1806.25,109215744,63586304,50764424,48.41,3196660
1770194031454,4822.56,1810.14,109215744,63586304,51224000,48.85,3207530
1770194031554,4822.87,1810.30,109215744,63586304,51225984,48.85,3207530
1770194031658,4827.57,1813.64,109215744,63586304,51571368,49.18,3209541
1770194031759,4887.82,1818.36,110297088,80363520,40329880,38.46,3126242
1770194031859,4888.18,1818.50,110297088,80363520,40402912,38.53,3126242
1770194031960,4895.65,1822.05,110297088,80363520,40926072,39.03,3126912
1770194032062,4895.95,1822.17,110297088,80363520,40928080,39.03,3126912
1770194032162,4903.82,1825.51,110297088,80363520,41297704,39.38,3128923
1770194032263,4904.94,1826.29,110297088,80363520,41421464,39.50,3129590
1770194032365,4905.18,1826.46,110297088,80363520,41423472,39.50,3129590
1770194032467,4907.13,1828.49,110280704,80363520,41914752,39.97,3140460
1770194032567,4907.24,1828.54,110280704,80363520,41916760,39.97,3140460
1770194032668,4912.55,1832.72,110280704,80363520,42407856,40.44,3143138
1770194032769,4912.73,1832.77,110280704,80363520,42409864,40.45,3143138
1770194032871,4913.02,1832.91,110280704,80363520,42411848,40.45,3143138
1770194032971,4918.05,1837.20,110280704,80363520,42903416,40.92,3154008
1770194033073,4918.22,1837.28,110280704,80363520,42905424,40.92,3154008
1770194033173,4924.96,1841.14,110280704,80363520,43396368,41.39,3156686
1770194033274,4925.17,1841.21,110280704,80363520,43398376,41.39,3156686
1770194033376,4925.47,1841.34,110280704,80363520,43400360,41.39,3156686
1770194033476,4936.07,1845.32,110280704,80363520,44048368,42.01,3167556
1770194033578,4936.35,1845.47,110280704,80363520,44050376,42.01,3167556
1770194033678,4943.42,1849.41,110280704,80363520,44541432,42.48,3170234
1770194033779,4943.66,1849.50,110280704,80363520,44543440,42.48,3170234
1770194033881,4943.99,1849.66,110280704,80363520,44545424,42.48,3170234
1770194033982,4962.82,1853.61,110280704,80363520,45179160,43.09,3181104
1770194034082,4963.10,1853.68,110280704,80363520,45181168,43.09,3181104
1770194034183,4967.80,1857.45,110264320,80363520,45671432,43.56,3183782
1770194034285,4968.06,1857.56,110264320,80363520,45673440,43.56,3183782
1770194034386,4968.34,1857.66,110264320,80363520,45675424,43.56,3183782
1770194034487,4976.05,1861.66,110231552,80363520,46165568,44.03,3194652
1770194034587,4976.36,1861.83,110231552,80363520,46167576,44.03,3194652
1770194034689,4981.73,1865.31,110231552,80363520,46657072,44.50,3197330
1770194034790,4982.03,1865.40,110231552,80363520,46659080,44.50,3197330
1770194034891,4982.34,1865.54,110231552,80363520,46661064,44.50,3197330
1770194034992,4987.64,1869.41,110215168,80363520,47151048,44.97,3208200
1770194035093,4987.78,1869.47,110215168,80363520,47153056,44.97,3208200
1770194035195,4992.09,1872.93,110215168,80363520,47642544,45.44,3210878
1770194035295,4992.35,1873.02,110215168,80363520,47644552,45.44,3210878
1770194035397,4992.67,1873.18,110215168,80363520,47646536,45.44,3210878
1770194035498,4999.74,1877.48,110411776,80363520,48136760,45.91,3221748
1770194035598,5000.04,1877.63,110411776,80363520,48138768,45.91,3221748
1770194035699,5009.98,1881.69,110870528,80363520,48628336,46.38,3224426
1770194035801,5010.22,1881.79,110870528,80363520,48630344,46.38,3224426
1770194035901,5010.53,1881.93,110870528,80363520,48632328,46.38,3224426
1770194036002,5016.03,1885.67,111345664,80363520,49121984,46.85,3235296
1770194036103,5016.32,1885.82,111345664,80363520,49123992,46.85,3235296
1770194036205,5031.86,1889.50,111804416,80363520,49616048,47.32,3237974
1770194036306,5032.05,1889.58,111820800,80363520,49618056,47.32,3237974
1770194036408,5032.33,1889.71,111820800,80363520,49620040,47.32,3237974
1770194036509,5037.55,1893.78,112295936,80363520,50108520,47.79,3248844
1770194036610,5037.90,1893.92,112295936,80363520,50110528,47.79,3248844
1770194036711,5042.44,1897.44,112754688,80363520,50598816,48.25,3251522
1770194036812,5042.71,1897.55,112754688,80363520,50600824,48.26,3251522
1770194036912,5042.98,1897.66,112754688,80363520,50602808,48.26,3251522
1770194037014,5064.99,1902.09,113229824,80363520,51091968,48.73,3262392
1770194037113,5065.26,1902.24,113229824,80363520,51093976,48.73,3262392
1770194037214,5074.69,1906.10,113688576,80363520,51576840,49.19,3265070
1770194037316,5074.94,1906.21,113688576,80363520,51578848,49.19,3265070
1770194037415,5075.24,1906.35,113688576,80363520,51580832,49.19,3265070
1770194037516,5081.88,1910.53,114147328,80363520,52062776,49.65,3275940
1770194037618,5082.13,1910.65,114147328,80363520,52064784,49.65,3275940
1770194037718,5090.86,1914.54,114606080,80363520,52546368,50.11,3278618
1770194037820,5091.16,1914.68,114606080,80363520,52548376,50.11,3278618
1770194037920,5091.45,1914.82,114606080,80363520,52550360,50.12,3278618
1770194038022,5098.96,1918.60,115064832,80363520,53031392,50.57,3289488
1770194038123,5099.26,1918.75,115081216,80363520,53033400,50.58,3289488
1770194038224,5108.94,1922.70,115523584,80363520,53714656,51.23,3292166
1770194038325,5109.22,1922.82,115523584,80363520,53716664,51.23,3292166
1770194038425,5109.53,1923.00,115539968,80363520,53718648,51.23,3292166
1770194038527,5116.37,1926.84,115998720,80363520,54198272,51.69,3303036
1770194038627,5116.68,1926.99,116015104,80363520,54200280,51.69,3303036
1770194038728,5121.32,1930.71,116473856,80363520,54680056,52.15,3305714
1770194038830,5121.54,1930.82,116473856,80363520,54682064,52.15,3305714
1770194038931,5121.79,1930.94,116473856,80363520,54684048,52.15,3305714
1770194039032,5126.28,1934.93,116932608,80363520,55164320,52.61,3316584
1770194039132,5126.58,1935.07,116932608,80363520,55166328,52.61,3316584
1770194039232,5131.65,1939.03,117391360,80363520,55646304,53.07,3319262
1770194039333,5131.87,1939.12,117391360,80363520,55648312,53.07,3319262
1770194039435,5132.18,1939.26,117391360,80363520,55650296,53.07,3319262
1770194039534,5158.77,1943.13,117850112,80363520,56131352,53.53,3330132
1770194039636,5159.05,1943.22,117850112,80363520,56133360,53.53,3330132
1770194039737,5164.30,1947.24,118325248,80363520,56609352,53.99,3332810
1770194039838,5164.56,1947.36,118325248,80363520,56611360,53.99,3332810
1770194039939,5164.86,1947.50,118325248,80363520,56613344,53.99,3332810
1770194040040,5198.62,1951.79,118816768,80363520,57089736,54.45,3343680
1770194040141,5198.96,1951.92,118816768,80363520,57091744,54.45,3343680
1770194040243,5214.39,1956.11,118996992,80363520,42568632,40.60,3127581
1770194040344,5214.65,1956.21,118996992,80363520,42570136,40.60,3127581
1770194040445,5214.90,1956.31,118996992,80363520,42571616,40.60,3127581
1770194040546,5219.45,1959.42,119013376,80363520,43040928,41.05,3138451
1770194040647,5219.56,1959.48,119013376,80363520,43042432,41.05,3138451
1770194040748,5222.98,1962.68,119013376,80363520,43511832,41.50,3141129
1770194040849,5223.09,1962.74,119013376,80363520,43513336,41.50,3141129
1770194040952,5224.69,1963.88,119013376,80363520,43632304,41.61,3141801
1770194041054,5228.72,1966.14,119013376,80363520,43984984,41.95,3151999
1770194041155,5228.97,1966.30,119013376,80363520,43986488,41.95,3151999
1770194041256,5232.61,1969.41,119029760,80363520,44455320,42.40,3154677
1770194041357,5232.78,1969.52,119029760,80363520,44456824,42.40,3154677
1770194041460,5242.25,1972.62,119029760,80363520,44809680,42.73,3156688
1770194041561,5249.15,1973.47,119029760,80363520,44929032,42.85,3165547
1770194041661,5249.41,1973.59,119029760,80363520,44930536,42.85,3165547
1770194041763,5254.00,1977.05,119029760,80363520,45399360,43.30,3168225
1770194041863,5254.30,1977.20,119029760,80363520,45400864,43.30,3168225
1770194041964,5259.05,1981.01,119046144,80363520,45870304,43.75,3170903
1770194042065,5259.23,1981.08,119046144,80363520,45871808,43.75,3170903
1770194042165,5259.50,1981.21,119046144,80363520,45873288,43.75,3170903
1770194042267,5265.86,1985.08,119046144,80363520,46342664,44.20,3181773
1770194042367,5265.97,1985.12,119046144,80363520,46344168,44.20,3181773
1770194042468,5276.52,1988.29,119078912,80363520,46813048,44.64,3184451
1770194042568,5279.72,1988.36,119078912,80363520,46815224,44.65,3184451
1770194042670,5281.04,1988.65,119095296,80363520,46842856,44.67,3184455
1770194042770,5286.33,1992.11,119095296,80363520,47311480,45.12,3195327
1770194042872,5286.62,1992.26,119095296,80363520,47312984,45.12,3195327
1770194043022,5428.79,2004.68,151617536,104824832,70436520,67.17,3126246
1770194043122,5686.40,2013.13,180994048,133300224,101104064,96.42,3118722
1770194043222,5878.37,2017.57,183795712,136970240,107274744,102.31,3129594
1770194043323,5887.06,2017.85,184041472,136970240,100421088,95.77,3128254
1770194043425,5887.19,2017.90,184041472,136970240,100422624,95.77,3128254
1770194043526,5891.89,2021.40,184041472,136970240,100890920,96.22,3130934
1770194043626,5892.17,2021.52,184041472,136970240,100892456,96.22,3130934
1770194043726,5900.88,2025.39,184057856,136970240,101361448,96.67,3141806
1770194043827,5901.07,2025.45,184057856,136970240,101362984,96.67,3141806
1770194043927,5901.27,2025.53,184057856,136970240,101364496,96.67,3141806
1770194044028,5905.75,2028.94,184057856,136970240,101832440,97.11,3144486
1770194044130,5906.04,2029.09,184057856,136970240,101833976,97.12,3144486
1770194044229,5911.60,2032.79,184090624,136970240,102302088,97.56,3155358
1770194044331,5911.80,2032.87,184090624,136970240,102303624,97.56,3155358
1770194044431,5912.10,2033.00,184090624,136970240,102305136,97.57,3155358
1770194044533,5917.25,2036.88,184090624,136970240,102772888,98.01,3158038
1770194044634,5917.54,2037.02,184090624,136970240,102774424,98.01,3158038
1770194044735,5922.14,2040.48,184090624,136970240,103242480,98.46,3168910
1770194044836,5922.32,2040.55,184090624,136970240,103244016,98.46,3168910
1770194044938,5922.60,2040.69,184090624,136970240,103245528,98.46,3168910
1770194045039,5931.50,2044.39,184123392,136970240,103931120,99.12,3171590
1770194045139,5931.76,2044.52,184123392,136970240,103932656,99.12,3171590
1770194045240,5936.41,2047.86,184123392,136970240,104400824,99.56,3182458
1770194045341,5936.59,2047.92,184123392,136970240,104402360,99.57,3182458
1770194045441,5936.86,2048.06,184123392,136970240,104403872,99.57,3182458
1770194045543,5941.89,2051.57,184139776,136970240,104871248,100.01,3185134
1770194045644,5942.14,2051.70,184139776,136970240,104872784,100.01,3185134
1770194045745,5946.44,2054.90,184139776,136970240,105340688,100.46,3196002
1770194045846,5946.63,2054.96,184139776,136970240,105342224,100.46,3196002
1770194045947,5946.89,2055.07,184139776,136970240,105343736,100.46,3196002
1770194046048,5951.26,2058.65,184156160,136970240,105811568,100.91,3198678
1770194046149,5951.54,2058.78,184156160,136970240,105813104,100.91,3198678
1770194046251,5956.28,2062.31,184156160,136970240,106281208,101.36,3209546
1770194046352,5956.44,2062.38,184156160,136970240,106282744,101.36,3209546
1770194046454,5956.70,2062.50,184156160,136970240,106284256,101.36,3209546
1770194046554,5969.58,2066.14,184172544,136970240,106752752,101.81,3212222
1770194046656,5969.85,2066.28,184172544,136970240,106754288,101.81,3212222
1770194046756,5974.05,2069.62,184172544,136970240,107222112,102.25,3223090
1770194046857,5974.21,2069.73,184172544,136970240,107223648,102.26,3223090
1770194046959,5974.32,2069.78,184172544,136970240,107225160,102.26,3223090
1770194047059,5976.27,2071.82,184172544,136970240,107692872,102.70,3225766
1770194047160,5976.38,2071.88,184172544,136970240,107694408,102.71,3225766
1770194047261,5980.72,2075.42,184188928,136970240,108161752,103.15,3236634
1770194047362,5980.90,2075.50,184188928,136970240,108163288,103.15,3236634
1770194047464,5981.14,2075.61,184188928,136970240,108164800,103.15,3236634
1770194047564,5991.72,2079.49,184188928,136970240,108633368,103.60,3239310
1770194047665,5991.99,2079.61,184188928,136970240,108634904,103.60,3239310
1770194047767,5996.22,2082.69,184188928,136970240,109102280,104.05,3250180
1770194047867,5996.50,2082.83,184188928,136970240,109103816,104.05,3250180
1770194047968,5996.79,2082.97,184188928,136970240,109105328,104.05,3250180
1770194048070,6001.58,2086.66,184205312,136970240,109572416,104.50,3252858
1770194048170,6001.87,2086.81,184205312,136970240,109573952,104.50,3252858
1770194048272,6007.34,2090.79,184221696,136970240,110041896,104.94,3263728
1770194048373,6007.65,2090.94,184221696,136970240,110043432,104.95,3263728
1770194048474,6007.99,2091.13,184221696,136970240,110044944,104.95,3263728
1770194048576,6011.05,2094.23,184238080,136970240,110512368,105.39,3266406
1770194048676,6011.26,2094.37,184238080,136970240,110513904,105.39,3266406
1770194048777,6017.03,2098.62,184254464,136970240,110981944,105.84,3277276
1770194048879,6017.30,2098.75,184254464,136970240,110983480,105.84,3277276
1770194048979,6017.58,2098.89,184254464,136970240,110984992,105.84,3277276
1770194049081,6022.23,2102.61,184254464,136970240,111452816,106.29,3279954
1770194049182,6022.45,2102.73,184254464,136970240,111454352,106.29,3279954
1770194049283,6026.65,2106.37,184254464,136970240,111922272,106.74,3290824
1770194049384,6026.88,2106.48,184254464,136970240,111923808,106.74,3290824
1770194049485,6027.18,2106.63,184254464,136970240,111925320,106.74,3290824
1770194049586,6038.47,2110.56,184270848,136970240,112393544,107.19,3293502
1770194049688,6038.74,2110.68,184270848,136970240,112395080,107.19,3293502
1770194049788,6044.58,2114.49,184270848,136970240,112863000,107.63,3304372
1770194049890,6044.85,2114.62,184270848,136970240,112864536,107.64,3304372
1770194049990,6045.14,2114.78,184270848,136970240,112866048,107.64,3304372
1770194050091,6050.07,2118.41,184287232,136970240,113334416,108.08,3307050
1770194050193,6050.42,2118.53,184287232,136970240,113335952,108.09,3307050
1770194050293,6057.65,2122.18,184287232,136970240,113804104,108.53,3317920
1770194050394,6057.93,2122.29,184287232,136970240,113805640,108.53,3317920
1770194050496,6058.21,2122.44,184287232,136970240,113807184,108.53,3317920
1770194050597,6062.59,2125.87,184287232,136970240,114274832,108.98,3320598
1770194050698,6062.85,2126.03,184287232,136970240,114276368,108.98,3320598
1770194050799,6069.98,2130.50,184434688,137494528,100597360,95.94,3331468
1770194050901,6070.20,2130.59,184434688,137494528,100598896,95.94,3331468
1770194051001,6070.47,2130.74,184434688,137494528,100600408,95.94,3331468
1770194051102,6079.35,2134.67,184434688,137494528,101068888,96.39,3140464
1770194051203,6158.61,2151.00,112787456,64798720,39795024,37.95,3116042
1770194051305,6169.47,2154.56,112787456,64798720,40540008,38.66,3126912
1770194051406,6169.77,2154.71,112787456,64798720,40541512,38.66,3126912
1770194051508,6170.06,2154.86,112787456,64798720,40542992,38.66,3126912
1770194051608,6177.01,2158.53,113295360,67944448,40175968,38.31,3126909
1770194051710,6177.28,2158.65,113295360,67944448,40177472,38.32,3126909
1770194051811,6252.25,2169.74,91324416,42254336,39240992,37.42,3116042
1770194051912,6252.45,2169.82,91324416,42254336,39244704,37.43,3116042
1770194052012,6252.70,2169.95,91324416,42254336,39246176,37.43,3116042
1770194052113,6259.04,2173.38,91340800,42254336,39878160,38.03,3118720
1770194052215,6259.31,2173.52,91340800,42254336,39879656,38.03,3118720
1770194052315,6270.85,2177.58,91635712,43302912,39512504,37.68,3129590
1770194052416,6341.38,2180.54,91389952,42516480,39333152,37.51,3116042
1770194052515,6341.66,2180.65,91389952,42516480,39574352,37.74,3116042
1770194052617,6347.62,2184.08,91422720,42516480,40099064,38.24,3118720
1770194052717,6347.89,2184.21,91422720,42516480,40100560,38.24,3118720
1770194052818,6355.21,2188.04,91766784,43565056,39708536,37.87,3126909
1770194052919,6355.47,2188.16,91766784,43565056,39710032,37.87,3126909
1770194053021,6355.75,2188.33,91766784,43565056,39711504,37.87,3126909
1770194053122,6366.78,2192.02,92291072,43565056,40223016,38.36,3129587
1770194053222,6367.05,2192.15,92291072,43565056,40224512,38.36,3129587
1770194053323,6373.70,2195.96,92553216,43565056,39959192,38.11,3127580
1770194053423,6373.94,2196.09,92553216,43565056,39960688,38.11,3127580
1770194053524,6374.17,2196.20,92553216,43565056,39962160,38.11,3127580
1770194053626,6380.44,2199.60,92602368,43565056,40460976,38.59,3130258
1770194053727,6380.65,2199.71,92602368,43565056,40462472,38.59,3130258
1770194053828,6387.73,2203.17,92602368,43565056,40185248,38.32,3136444
1770194053930,6387.98,2203.31,92602368,43565056,40186744,38.33,3136444
1770194054032,6390.39,2204.42,92602368,43565056,40312792,38.45,3137116
1770194054133,6399.75,2207.14,92733440,43565056,39924280,38.07,3139122
1770194054234,6400.00,2207.26,92733440,43565056,39925776,38.08,3139122
1770194054336,6405.75,2210.49,92733440,43565056,40423248,38.55,3144636
1770194054436,6405.99,2210.58,92733440,43565056,40424744,38.55,3144636
1770194054536,6408.49,2211.86,92749824,43565056,40550760,38.67,3145307
1770194054637,6412.34,2214.34,92995584,45924352,40184264,38.32,3147314
1770194054739,6412.60,2214.45,92995584,45924352,40185760,38.32,3147314
1770194054840,6417.64,2217.82,92995584,45924352,40683336,38.80,3145304
1770194054940,6417.83,2217.93,92995584,45924352,40684832,38.80,3145304
1770194055045,6428.28,2221.93,93274112,45924352,41289280,39.38,3147982
1770194055145,6430.46,2221.99,93274112,45924352,41290776,39.38,3147982
1770194055246,6430.65,2222.10,93274112,45924352,41292248,39.38,3147982
1770194055348,6435.28,2225.82,93749248,45924352,41790440,39.85,3158852
1770194055448,6435.47,2225.91,93749248,45924352,41791936,39.86,3158852
1770194055548,6449.18,2230.45,94142464,46186496,40680832,38.80,3136436
1770194055650,6449.38,2230.50,94142464,46186496,40682328,38.80,3136436
1770194055751,6451.22,2230.59,94142464,46186496,40684024,38.80,3136436
1770194055852,6456.33,2234.39,94158848,46186496,41181712,39.27,3147306
1770194055953,6456.53,2234.50,94158848,46186496,41183208,39.28,3147306
1770194056054,6461.27,2237.96,94666752,46186496,41680616,39.75,3149984
1770194056155,6461.48,2238.03,94666752,46186496,41682112,39.75,3149984
1770194056257,6461.75,2238.15,94666752,46186496,41683584,39.75,3149984
1770194056357,6473.28,2242.66,95420416,46710784,40662560,38.78,3160854
1770194056458,6473.50,2242.78,95420416,46710784,40664056,38.78,3160854
1770194056559,6482.56,2246.42,95436800,46710784,41161072,39.25,3137779
1770194056660,6482.74,2246.48,95436800,46710784,41162568,39.26,3137779
1770194056762,6483.03,2246.63,95436800,46710784,41164040,39.26,3137779
1770194056864,6490.58,2250.46,95436800,46710784,41650968,39.72,3148649
1770194056964,6490.87,2250.60,95436800,46710784,41652464,39.72,3148649
1770194057065,6495.90,2254.46,95453184,46710784,42138816,40.19,3151327
1770194057166,6496.04,2254.52,95453184,46710784,42140312,40.19,3151327
1770194057267,6496.22,2254.62,95453184,46710784,42141784,40.19,3151327
1770194057369,6507.73,2258.50,95715328,46710784,41116136,39.21,3136436
1770194057469,6507.95,2258.60,95715328,46710784,41117608,39.21,3136436
1770194057569,6522.61,2262.76,95715328,46710784,41628232,39.70,3139114
1770194057671,6522.77,2262.83,95715328,46710784,41629728,39.70,3139114
1770194057771,6523.01,2262.95,95715328,46710784,41631200,39.70,3139114
1770194057871,6532.47,2266.84,95748096,46710784,42110976,40.16,3149984
1770194057972,6532.68,2266.95,95748096,46710784,42112448,40.16,3149984
1770194058072,6537.34,2270.66,95748096,46710784,42591656,40.62,3152662
1770194058173,6537.48,2270.72,95748096,46710784,42593152,40.62,3152662
1770194058274,6537.66,2270.82,95748096,46710784,42594624,40.62,3152662
1770194058376,6551.40,2274.75,95993856,46972928,41566600,39.64,3145971
1770194058476,6551.63,2274.86,95993856,46972928,41568096,39.64,3145971
1770194058578,6556.46,2278.27,95993856,46972928,42045608,40.10,3148649
1770194058679,6556.60,2278.33,95993856,46972928,42047080,40.10,3148649
1770194058780,6556.81,2278.44,95993856,46972928,42048552,40.10,3148649
1770194058882,6582.60,2282.70,96026624,46972928,42628152,40.65,3159519
1770194058982,6582.82,2282.81,96026624,46972928,42629648,40.65,3159519
1770194059083,6603.26,2286.74,96305152,47497216,41581536,39.66,3162197
1770194059184,6615.61,2286.86,96321536,47497216,41583416,39.66,3162197
1770194059285,6615.85,2286.99,96321536,47497216,41584888,39.66,3162197
1770194059386,6625.82,2290.92,96337920,47497216,42055352,40.11,3146639
1770194059487,6626.10,2291.06,96337920,47497216,42056848,40.11,3146639
1770194059588,6636.53,2294.96,96354304,47497216,42526616,40.56,3149317
1770194059689,6636.71,2295.03,96354304,47497216,42528112,40.56,3149317
1770194059791,6636.99,2295.16,96354304,47497216,42529584,40.56,3149317
1770194059892,6642.22,2298.98,96354304,47497216,42999128,41.01,3160187
1770194059992,6642.50,2299.14,96354304,47497216,43000624,41.01,3160187
1770194060093,6649.29,2303.54,96911360,52477952,42018128,40.07,3136436
1770194060195,6649.56,2303.65,96911360,52477952,42019600,40.07,3136436
1770194060295,6649.82,2303.80,96911360,52477952,42021072,40.07,3136436
1770194060396,6654.37,2307.53,96927744,52477952,42490472,40.52,3147306
1770194060498,6654.66,2307.68,96927744,52477952,42491944,40.52,3147306
1770194060598,6659.52,2311.82,96927744,52477952,42961232,40.97,3149984
1770194060700,6659.77,2311.94,96927744,52477952,42962704,40.97,3149984
1770194060800,6660.03,2312.04,96927744,52477952,42964176,40.97,3149984
1770194060902,6664.77,2315.70,96944128,52477952,43433744,41.42,3160854
1770194061002,6665.01,2315.81,96944128,52477952,43435216,41.42,3160854
1770194061103,6671.74,2319.75,97288192,52477952,43904728,41.87,3163532
1770194061203,6671.93,2319.84,97288192,52477952,43906224,41.87,3163532
1770194061305,6672.14,2319.96,97288192,52477952,43907696,41.87,3163532
1770194061405,6676.85,2323.97,97730560,52477952,44377424,42.32,3174402
1770194061507,6677.13,2324.07,97730560,52477952,44378920,42.32,3174402
1770194061607,6691.61,2328.23,98205696,52477952,45075080,42.99,3177080
1770194061709,6691.86,2328.35,98222080,52477952,45076576,42.99,3177080
1770194061810,6692.13,2328.47,98222080,52477952,45078048,42.99,3177080
1770194061911,6698.80,2332.58,98942976,52740096,42585496,40.61,3187950
1770194062013,6699.05,2332.71,98942976,52740096,42586992,40.61,3187950
1770194062114,6704.05,2336.50,98942976,52740096,43055848,41.06,3137779
1770194062213,6704.24,2336.60,98942976,52740096,43057320,41.06,3137779
1770194062314,6704.45,2336.72,98942976,52740096,43058792,41.06,3137779
1770194062415,6720.94,2341.02,98959360,52740096,43528424,41.51,3148649
1770194062515,6721.17,2341.15,98959360,52740096,43529896,41.51,3148649
1770194062616,6725.29,2344.72,98975744,52740096,43998032,41.96,3151327
1770194062717,6725.46,2344.81,98975744,52740096,43999504,41.96,3151327
1770194062819,6725.73,2344.95,98975744,52740096,44000976,41.96,3151327
1770194062920,6729.20,2348.09,99401728,52740096,44468760,42.41,3162197
1770194063020,6729.47,2348.22,99401728,52740096,44470232,42.41,3162197
1770194063121,6745.10,2352.61,99893248,52740096,44938360,42.86,3164875
1770194063223,6745.23,2352.67,99893248,52740096,44939856,42.86,3164875
1770194063323,6745.46,2352.79,99893248,52740096,44941328,42.86,3164875
1770194063424,6748.41,2355.86,100335616,52740096,45409688,43.31,3175745
1770194063526,6748.51,2355.95,100335616,52740096,45411192,43.31,3175745
1770194063626,6755.12,2359.89,101269504,53002240,43032064,41.04,3178423
1770194063728,6755.38,2360.01,101269504,53002240,43033568,41.04,3178423
1770194063827,6755.65,2360.14,101269504,53002240,43035048,41.04,3178423
1770194063928,6760.75,2364.04,101269504,53002240,43503384,41.49,3145971
1770194064030,6761.01,2364.18,101269504,53002240,43504864,41.49,3145971
1770194064130,6764.56,2367.54,101285888,53002240,43972960,41.94,3148649
1770194064232,6764.76,2367.63,101285888,53002240,43974440,41.94,3148649
1770194064332,6765.04,2367.78,101285888,53002240,43975920,41.94,3148649
1770194064434,6769.66,2371.76,101367808,53002240,44444008,42.39,3159519
1770194064534,6769.91,2371.84,101367808,53002240,44445488,42.39,3159519
1770194064636,6774.96,2375.95,101384192,53002240,44913248,42.83,3162197
1770194064736,6775.22,2376.06,101384192,53002240,44914728,42.83,3162197
1770194064837,6775.48,2376.18,101384192,53002240,44916208,42.84,3162197
1770194064938,6779.75,2379.91,101384192,53002240,45384800,43.28,3173067
1770194065039,6780.02,2380.06,101384192,53002240,45386304,43.28,3173067
1770194065139,6786.39,2384.16,101875712,53526528,43454200,41.44,3175745
1770194065241,6788.91,2384.32,101875712,53526528,43455680,41.44,3175745
1770194065341,6789.17,2384.48,101875712,53526528,43457160,41.44,3175745
1770194065442,6795.05,2388.13,101875712,53526528,43925472,41.89,3145971
1770194065544,6795.28,2388.24,101875712,53526528,43926952,41.89,3145971
1770194065645,6799.76,2391.95,101892096,53526528,44444840,42.39,3148649
1770194065746,6799.99,2392.07,101892096,53526528,44446320,42.39,3148649
1770194065847,6800.23,2392.19,101892096,53526528,44447800,42.39,3148649
1770194065948,6805.21,2395.88,101892096,53526528,44915568,42.83,3159519
1770194066049,6805.47,2396.02,101892096,53526528,44917048,42.84,3159519
1770194066151,6818.09,2401.05,101908480,53526528,45385320,43.28,3162197
1770194066252,6818.20,2401.11,101908480,53526528,45386800,43.28,3162197
1770194066352,6818.34,2401.21,101826560,53526528,45388280,43.29,3162197
1770194066453,6826.40,2405.79,101777408,53526528,45856200,43.73,3173067
1770194066555,6826.62,2406.12,101777408,53526528,45857680,43.73,3173067
1770194066656,6836.18,2411.85,101793792,53526528,46325936,44.18,3175745
1770194066757,6836.41,2411.97,101793792,53526528,46327416,44.18,3175745
1770194066859,6840.52,2413.32,101793792,53526528,46445896,44.29,3176417
1770194066960,6845.44,2415.93,101793792,53526528,46797120,44.63,3186615
1770194067061,6845.69,2416.04,101793792,53526528,46798624,44.63,3186615
1770194067163,6849.54,2418.87,102400000,54050816,44273288,42.22,3136436
1770194067263,6849.76,2418.96,102400000,54050816,44274768,42.22,3136436
1770194067365,6855.20,2422.21,102400000,54050816,44627128,42.56,3146639
1770194067466,6856.18,2423.06,102400000,54050816,44744600,42.67,3147306
1770194067568,6856.45,2423.22,102400000,54050816,44746080,42.67,3147306
1770194067668,6862.29,2427.46,102416384,54050816,45213720,43.12,3149984
1770194067770,6862.58,2427.60,102416384,54050816,45215200,43.12,3149984
1770194067870,6866.72,2431.04,102416384,54050816,45682856,43.57,3160854
1770194067971,6866.89,2431.09,102416384,54050816,45684336,43.57,3160854
1770194068072,6867.19,2431.20,102416384,54050816,45685816,43.57,3160854
1770194068174,6874.25,2435.33,102432768,54050816,46153800,44.02,3163532
1770194068275,6874.48,2435.44,102432768,54050816,46155280,44.02,3163532
1770194068376,6883.20,2439.20,102432768,54312960,46835144,44.67,3174402
1770194068476,6883.37,2439.26,102432768,54312960,46836624,44.67,3174402
1770194068577,6883.62,2439.38,102432768,54312960,46838104,44.67,3174402
1770194068679,6888.02,2443.02,102449152,54312960,47306168,45.11,3177080
1770194068779,6888.28,2443.15,102449152,54312960,47307648,45.12,3177080
1770194068879,6908.74,2448.05,103579648,55197696,45141104,43.05,3135101
1770194068980,6952.92,2450.45,104038400,63324160,40070328,38.21,3135101
1770194069081,6953.24,2450.58,104038400,63324160,40290536,38.42,3135101
1770194069182,6959.30,2454.27,104054784,63324160,40773440,38.88,3118720
1770194069283,6959.57,2454.39,104054784,63324160,40774944,38.89,3118720
1770194069385,6965.14,2458.12,104054784,63324160,41249736,39.34,3129590
1770194069484,6965.30,2458.18,104054784,63324160,41251240,39.34,3129590
1770194069585,6965.51,2458.29,104054784,63324160,41252720,39.34,3129590
1770194069687,6987.73,2461.80,104120320,63324160,41936704,39.99,3132268
1770194069787,6988.00,2461.95,104120320,63324160,41938208,40.00,3132268
1770194069888,7001.88,2465.63,104136704,63324160,42405160,40.44,3143138
1770194069989,7002.06,2465.69,104136704,63324160,42406664,40.44,3143138
1770194070091,7002.32,2465.83,104136704,63324160,42408144,40.44,3143138
1770194070191,7018.01,2469.66,104136704,63324160,42875056,40.89,3145816
1770194070291,7018.28,2469.82,104153088,63324160,42876560,40.89,3145816
1770194070393,7023.77,2473.12,104153088,63324160,43342296,41.33,3156688
1770194070494,7024.00,2473.22,104153088,63324160,43343800,41.34,3156688
1770194070595,7024.28,2473.37,104153088,63324160,43345280,41.34,3156688
1770194070697,7028.93,2477.00,104153088,63324160,43810544,41.78,3159368
1770194070797,7029.21,2477.15,104153088,63324160,43812048,41.78,3159368
1770194070898,7033.80,2481.01,104169472,63324160,44277592,42.23,3170240
1770194070999,7033.98,2481.08,104169472,63324160,44279096,42.23,3170240
1770194071101,7034.26,2481.24,104169472,63324160,44280576,42.23,3170240
1770194071202,7048.72,2485.58,104415232,63324160,44745784,42.67,3172920
1770194071302,7048.98,2485.69,104415232,63324160,44747288,42.67,3172920
1770194071404,7051.99,2488.62,104857600,63324160,45212648,43.12,3183792
1770194071504,7052.14,2488.69,104857600,63324160,45214152,43.12,3183792
1770194071605,7052.42,2488.85,104857600,63324160,45215632,43.12,3183792
1770194071707,7057.38,2492.36,105299968,63324160,45680192,43.56,3186472
1770194071808,7057.66,2492.52,105299968,63324160,45681696,43.57,3186472
1770194071910,7062.97,2496.73,105758720,63324160,46146360,44.01,3197344
1770194072011,7063.21,2496.82,105758720,63324160,46147864,44.01,3197344
1770194072113,7063.48,2496.97,105758720,63324160,46149344,44.01,3197344
1770194072214,7070.89,2500.72,106201088,63324160,46613648,44.45,3200024
1770194072315,7071.17,2500.87,106201088,63324160,46615152,44.46,3200024
1770194072416,7075.16,2504.31,106676224,63324160,47079288,44.90,3210896
1770194072518,7075.41,2504.42,106676224,63324160,47080792,44.90,3210896
1770194072618,7075.69,2504.56,106676224,63324160,47082272,44.90,3210896
1770194072720,7081.85,2508.39,107118592,63324160,47546344,45.34,3213576
1770194072820,7082.11,2508.54,107118592,63324160,47547848,45.35,3213576
1770194072921,7094.23,2512.17,107577344,63324160,48012152,45.79,3224448
1770194073023,7094.49,2512.31,107577344,63324160,48013656,45.79,3224448
1770194073123,7094.73,2512.47,107577344,63324160,48015136,45.79,3224448
1770194073224,7098.76,2515.78,108019712,63324160,48479400,46.23,3227128
1770194073325,7098.95,2515.85,108019712,63324160,48480904,46.23,3227128
1770194073425,7107.51,2519.65,108183552,63324160,42053096,40.10,3135774
1770194073526,7107.70,2519.75,108183552,63324160,42054600,40.11,3135774
1770194073628,7107.92,2519.84,108183552,63324160,42056080,40.11,3135774
1770194073730,7113.63,2523.62,108183552,63324160,42520560,40.55,3138454
1770194073830,7113.92,2523.77,108183552,63324160,42522064,40.55,3138454
1770194073931,7118.41,2527.66,108199936,63324160,42986616,41.00,3149326
1770194074033,7118.67,2527.76,108199936,63324160,42988120,41.00,3149326
1770194074133,7118.93,2527.90,108199936,63324160,42989600,41.00,3149326
1770194074235,7131.60,2531.69,108216320,63324160,43454744,41.44,3152006
1770194074336,7131.87,2531.83,108216320,63324160,43456248,41.44,3152006
1770194074437,7146.33,2535.85,108216320,63324160,43921328,41.89,3162878
1770194074539,7146.57,2535.97,108216320,63324160,43922832,41.89,3162878
1770194074639,7146.87,2536.12,108216320,63324160,43924312,41.89,3162878
1770194074739,7155.66,2540.26,108216320,63324160,44403896,42.35,3165558
1770194074841,7155.92,2540.39,108216320,63324160,44405400,42.35,3165558
1770194074941,7166.97,2544.58,108544000,63324160,44878032,42.80,3176430
1770194075043,7167.26,2544.72,108544000,63324160,44879536,42.80,3176430
1770194075143,7167.56,2544.88,108544000,63324160,44881016,42.80,3176430
1770194075245,7172.94,2548.95,108986368,63324160,45355488,43.25,3179110
1770194075345,7173.23,2549.11,108986368,63324160,45356992,43.26,3179110
1770194075446,7180.38,2553.09,109445120,63324160,45827240,43.70,3189982
1770194075548,7180.66,2553.22,109445120,63324160,45828744,43.71,3189982
1770194075648,7180.91,2553.36,109445120,63324160,45830224,43.71,3189982
1770194075750,7186.49,2556.38,109887488,63324160,46304792,44.16,3192662
1770194075850,7186.74,2556.52,109887488,63324160,46306296,44.16,3192662
1770194075951,7190.98,2560.30,110329856,63324160,46775904,44.61,3203534
1770194076053,7191.24,2560.43,110329856,63324160,46777408,44.61,3203534
1770194076153,7191.54,2560.58,110329856,63324160,46778888,44.61,3203534
1770194076254,7195.85,2564.45,110772224,63324160,47247800,45.06,3206214
1770194076356,7196.13,2564.58,110772224,63324160,47249304,45.06,3206214
1770194076457,7200.22,2567.84,111214592,63324160,47717744,45.51,3217086
1770194076557,7200.48,2567.97,111214592,63324160,47719248,45.51,3217086
1770194076658,7200.72,2568.07,111214592,63324160,47720728,45.51,3217086
1770194076760,7203.78,2570.40,111427584,63324160,47960080,45.74,3218426
1770194076861,7204.09,2570.56,111427584,63324160,47961584,45.74,3218426
1770194076962,7206.65,2572.58,111656960,63324160,48197336,45.96,3219766
1770194077063,7206.91,2572.69,111656960,63324160,48198840,45.97,3219766
1770194077167,7208.53,2573.95,111771648,63324160,48316456,46.08,3220438
1770194077267,7209.27,2574.75,111886336,63324160,48435960,46.19,3221106
1770194077368,7209.42,2574.85,111886336,63324160,48437464,46.19,3221106
1770194077469,7214.44,2576.91,112115712,63324160,42724816,40.75,3230638
1770194077570,7214.62,2576.96,112115712,63324160,42726320,40.75,3230638
1770194077671,7217.32,2579.18,112115712,63324160,42962896,40.97,3126914
1770194077772,7217.47,2579.24,112115712,63324160,42964400,40.97,3126914
1770194077874,7217.65,2579.32,112115712,63324160,42965880,40.98,3126914
1770194077974,7220.09,2581.38,112115712,63324160,43200912,41.20,3128254
1770194078075,7220.37,2581.51,112115712,63324160,43202416,41.20,3128254
1770194078176,7222.88,2583.61,112115712,63324160,43439312,41.43,3129594
1770194078276,7223.06,2583.69,112115712,63324160,43440816,41.43,3129594
1770194078378,7223.36,2583.84,112115712,63324160,43442296,41.43,3129594
1770194078478,7226.18,2585.98,112115712,63324160,43680448,41.66,3139126
1770194078579,7226.41,2586.11,112115712,63324160,43681952,41.66,3139126
1770194078680,7229.37,2588.35,112115712,63324160,43917184,41.88,3140466
1770194078781,7229.57,2588.42,112115712,63324160,43918688,41.88,3140466
1770194078881,7229.85,2588.55,112115712,63324160,43920168,41.89,3140466
1770194078983,7232.63,2590.56,112115712,63324160,44156816,42.11,3141806
1770194079084,7232.92,2590.70,112115712,63324160,44158320,42.11,3141806
1770194079183,7235.40,2592.79,112115712,63324160,44394584,42.34,3143146
1770194079285,7235.59,2592.86,112115712,63324160,44396088,42.34,3143146
1770194079385,7235.88,2593.03,112115712,63324160,44397568,42.34,3143146
1770194079486,7238.68,2595.11,112115712,63324160,44633072,42.57,3152678
1770194079587,7238.95,2595.24,112115712,63324160,44634576,42.57,3152678
1770194079688,7241.70,2597.37,112115712,63324160,44869712,42.79,3154018
1770194079789,7241.87,2597.43,112115712,63324160,44871216,42.79,3154018
1770194079891,7242.14,2597.56,112115712,63324160,44872696,42.79,3154018
1770194079992,7244.38,2599.30,112115712,63324160,45111376,43.02,3155358
1770194080092,7244.62,2599.46,112115712,63324160,45112880,43.02,3155358
1770194080192,7246.98,2601.33,112115712,63324160,45351520,43.25,3156698
1770194080293,7247.16,2601.40,112115712,63324160,45353024,43.25,3156698
1770194080394,7247.43,2601.54,112115712,63324160,45354504,43.25,3156698
1770194080495,7250.10,2603.56,112115712,63324160,45587512,43.48,3166230
1770194080597,7250.36,2603.70,112115712,63324160,45589016,43.48,3166230
1770194080697,7253.16,2605.76,112115712,63324160,45826952,43.70,3167570
1770194080797,7253.35,2605.84,112115712,63324160,45828456,43.71,3167570
1770194080898,7253.62,2605.92,112115712,63324160,45829936,43.71,3167570
1770194081000,7256.38,2608.04,112115712,63324160,46069040,43.93,3168910
1770194081100,7256.67,2608.19,112115712,63324160,46070544,43.94,3168910
1770194081200,7259.03,2610.09,112115712,63324160,46303344,44.16,3170250
1770194081301,7259.26,2610.15,112115712,63324160,46304848,44.16,3170250
1770194081404,7259.46,2610.28,112115712,63324160,46306328,44.16,3170250
1770194081505,7261.92,2612.40,112115712,63324160,46546800,44.39,3179782
1770194081607,7262.20,2612.53,112115712,63324160,46548304,44.39,3179782
1770194081709,7264.44,2614.27,112115712,63324160,46781160,44.61,3181122
1770194081810,7264.68,2614.39,112115712,63324160,46782664,44.62,3181122
1770194081912,7264.92,2614.53,112115712,63324160,46784144,44.62,3181122
1770194082012,7271.05,2616.89,112115712,63324160,47021448,44.84,3182462
1770194082113,7271.35,2617.03,112115712,63324160,47022952,44.84,3182462
1770194082214,7273.54,2618.93,112115712,63324160,47262280,45.07,3183802
1770194082316,7273.75,2619.02,112115712,63324160,47263784,45.07,3183802
1770194082416,7273.98,2619.13,112115712,63324160,47265264,45.08,3183802
1770194082517,7278.25,2621.21,112115712,63324160,47503584,45.30,3193334
1770194082619,7278.49,2621.35,112115712,63324160,47505088,45.30,3193334
1770194082719,7280.76,2623.15,112115712,63324160,47737840,45.53,3194674
1770194082820,7281.05,2623.24,112115712,63324160,47739344,45.53,3194674
1770194082921,7281.33,2623.36,112115712,63324160,47740824,45.53,3194674
1770194083022,7287.84,2625.51,112115712,63324160,47979776,45.76,3196014
1770194083123,7288.03,2625.62,112115712,63324160,47981280,45.76,3196014
1770194083225,7303.09,2627.91,112115712,63324160,48229176,45.99,3197354
1770194083325,7303.31,2628.01,112115712,63324160,48230680,46.00,3197354
1770194083426,7303.57,2628.09,112115712,63324160,48232160,46.00,3197354
1770194083527,7309.02,2630.34,112115712,63324160,48469032,46.22,3206886
1770194083628,7309.32,2630.45,112115712,63324160,48470536,46.23,3206886
1770194083729,7312.17,2632.68,112115712,63324160,48707944,46.45,3208226
1770194083831,7312.37,2632.76,112115712,63324160,48709448,46.45,3208226
1770194083930,7312.65,2632.92,112115712,63324160,48710928,46.45,3208226
1770194084032,7330.06,2635.44,112115712,63324160,48953024,46.69,3209566
1770194084133,7330.30,2635.55,112115712,63324160,48954528,46.69,3209566
1770194084234,7332.65,2637.38,112115712,63324160,49191704,46.91,3210906
1770194084336,7332.89,2637.49,112115712,63324160,49193208,46.91,3210906
1770194084436,7333.15,2637.60,112115712,63324160,49194688,46.92,3210906
1770194084537,7340.25,2639.94,112148480,63324160,43792832,41.76,3220438
1770194084638,7340.53,2640.09,112148480,63324160,43794312,41.77,3220438
1770194084740,7351.72,2642.42,112148480,63324160,44030200,41.99,3126914
1770194084840,7351.91,2642.50,112148480,63324160,44031680,41.99,3126914
1770194084941,7352.19,2642.67,112148480,63324160,44033160,41.99,3126914
1770194085042,7354.94,2644.64,112148480,63324160,44265872,42.22,3128254
1770194085143,7355.24,2644.78,112148480,63324160,44267352,42.22,3128254
1770194085243,7358.14,2646.93,112148480,63324160,44501960,42.44,3129594
1770194085344,7358.35,2647.03,112148480,63324160,44503440,42.44,3129594
1770194085446,7358.65,2647.18,112148480,63324160,44504920,42.44,3129594
1770194085546,7361.13,2649.02,112148480,63324160,44742328,42.67,3139126
1770194085648,7361.40,2649.13,112148480,63324160,44743808,42.67,3139126
1770194085749,7364.92,2651.41,112148480,63324160,44980088,42.90,3140466
1770194085850,7365.16,2651.53,112148480,63324160,44981568,42.90,3140466
1770194085951,7365.43,2651.65,112148480,63324160,44983048,42.90,3140466
1770194086052,7368.27,2653.91,112148480,63324160,45213568,43.12,3141806
1770194086153,7368.55,2654.06,112148480,63324160,45215048,43.12,3141806
1770194086254,7370.16,2655.64,112148480,63324160,45451048,43.35,3143146
1770194086355,7370.34,2655.74,112148480,63324160,45452528,43.35,3143146
1770194086457,7370.63,2655.89,112148480,63324160,45454008,43.35,3143146
1770194086558,7373.40,2658.01,112148480,63324160,45698504,43.58,3152678
1770194086659,7373.69,2658.17,112148480,63324160,45699984,43.58,3152678
1770194086760,7382.06,2660.35,112148480,63324160,45930608,43.80,3154018
1770194086861,7382.25,2660.45,112148480,63324160,45932088,43.80,3154018
1770194086963,7382.40,2660.55,112148480,63324160,45933568,43.81,3154018
1770194087063,7385.08,2662.62,112148480,63324160,46174000,44.03,3155358
1770194087165,7385.38,2662.80,112148480,63324160,46175480,44.04,3155358
1770194087266,7388.14,2664.85,112148480,63324160,46406088,44.26,3156698
1770194087367,7388.43,2664.99,112148480,63324160,46407568,44.26,3156698
1770194087468,7388.73,2665.16,112148480,63324160,46409048,44.26,3156698
1770194087570,7391.45,2667.36,112148480,63324160,46647520,44.49,3166230
1770194087671,7391.76,2667.52,112148480,63324160,46649000,44.49,3166230
1770194087773,7394.62,2669.68,112148480,63324160,46879464,44.71,3167570
1770194087874,7394.80,2669.79,112148480,63324160,46880944,44.71,3167570
1770194087975,7395.02,2669.92,112148480,63324160,46882424,44.71,3167570
1770194088075,7401.85,2672.34,112148480,63324160,47128080,44.94,3168910
1770194088176,7402.16,2672.51,112148480,63324160,47129560,44.95,3168910
1770194088278,7414.98,2675.00,112148480,63324160,47363496,45.17,3170250
1770194088378,7415.24,2675.18,112148480,63324160,47364976,45.17,3170250
1770194088478,7415.49,2675.30,112148480,63324160,47366456,45.17,3170250
1770194088579,7421.43,2677.37,112148480,63324160,47616096,45.41,3179782
1770194088680,7421.70,2677.53,112148480,63324160,47617576,45.41,3179782
1770194088781,7424.59,2679.72,112148480,63324160,47847504,45.63,3181122
1770194088883,7424.83,2679.84,112148480,63324160,47848984,45.63,3181122
1770194088984,7425.12,2679.99,112148480,63324160,47850464,45.63,3181122
1770194089085,7428.24,2682.08,112148480,63324160,48080336,45.85,3182462
1770194089187,7428.54,2682.23,111345664,63324160,48081816,45.85,3182462
1770194089288,7431.06,2684.33,111345664,63324160,48311744,46.07,3183802
1770194089389,7431.32,2684.46,111345664,63324160,48313224,46.08,3183802
1770194089490,7432.44,2685.53,111329280,63324160,48429624,46.19,3192666
1770194089591,7433.19,2686.32,111329280,63324160,48545200,46.30,3193334
1770194089692,7433.35,2686.43,111329280,63324160,48546680,46.30,3193334
1770194089792,7435.73,2688.53,111329280,63324160,48795096,46.53,3194674
1770194089893,7436.01,2688.68,111329280,63324160,48796576,46.54,3194674
1770194089995,7438.12,2690.17,111329280,63324160,48912752,46.65,3195346
1770194090095,7439.28,2691.09,111329280,63324160,49027928,46.76,3196014
1770194090196,7439.59,2691.23,111329280,63324160,49029408,46.76,3196014
1770194090297,7441.53,2693.03,111329280,63324160,49259280,46.98,3197354
1770194090398,7441.81,2693.19,111329280,63324160,49260760,46.98,3197354
1770194090499,7444.30,2695.18,111329280,63324160,49490872,47.20,3206886
1770194090600,7444.45,2695.24,111329280,63324160,49492352,47.20,3206886
1770194090701,7444.66,2695.35,111329280,63324160,49493832,47.20,3206886
1770194090801,7447.23,2697.49,111329280,63324160,49723760,47.42,3208226
1770194090901,7447.52,2697.61,111329280,63324160,49725240,47.42,3208226
1770194091003,7449.57,2698.91,111329280,63324160,49841472,47.53,3208898
1770194091105,7451.22,2699.88,111329280,63324160,49986848,47.67,3209566
1770194091205,7451.44,2700.00,111329280,63324160,49988328,47.67,3209566
1770194091307,7475.34,2702.78,111411200,63324160,50220216,47.89,3210906
1770194091407,7475.63,2702.93,111411200,63324160,50221696,47.90,3210906
1770194091508,7478.15,2705.12,111411200,63324160,50469504,48.13,3220438
1770194091608,7478.33,2705.19,111411200,63324160,50470984,48.13,3220438
1770194091709,7478.60,2705.33,111411200,63324160,50472464,48.13,3220438
1770194091810,7485.28,2707.81,111542272,63324160,44714848,42.64,3221778
1770194091912,7485.56,2707.95,111542272,63324160,44716352,42.64,3221778
1770194092012,7488.37,2710.11,111542272,63324160,44946240,42.86,3126914
1770194092114,7488.55,2710.18,111542272,63324160,44947720,42.87,3126914
1770194092215,7488.86,2710.34,111542272,63324160,44949200,42.87,3126914
1770194092316,7491.89,2712.63,111542272,63324160,45179152,43.09,3128254
1770194092417,7492.18,2712.79,111542272,63324160,45180632,43.09,3128254
1770194092518,7495.02,2714.91,111542272,63324160,45410824,43.31,3137786
1770194092619,7495.22,2715.00,111542272,63324160,45412328,43.31,3137786
1770194092720,7495.48,2715.14,111542272,63324160,45413808,43.31,3137786
1770194092821,7497.87,2717.10,111542272,63324160,45675392,43.56,3139126
1770194092922,7498.12,2717.22,111542272,63324160,45676872,43.56,3139126
1770194093023,7501.42,2719.52,111542272,63324160,45906728,43.78,3140466
1770194093124,7501.72,2719.65,110952448,63324160,45908208,43.78,3140466
1770194093226,7501.99,2719.78,110952448,63324160,45909688,43.78,3140466
1770194093326,7504.80,2722.04,110936064,63324160,46139544,44.00,3141806
1770194093427,7505.03,2722.20,110936064,63324160,46141024,44.00,3141806
1770194093528,7505.86,2723.13,110936064,63324160,46371128,44.22,3151338
1770194093629,7505.93,2723.16,110886912,63324160,46372632,44.22,3151338
1770194093730,7506.05,2723.20,110706688,63324160,46374112,44.23,3151338
1770194093831,7507.34,2724.43,110510080,63324160,46603936,44.44,3152678
1770194093933,7519.63,2724.77,110493696,63324160,46606664,44.45,3152678
1770194094034,7522.29,2726.74,110493696,63324160,46836536,44.67,3154018
1770194094135,7522.57,2726.88,110493696,63324160,46837984,44.67,3154018
1770194094236,7522.85,2727.04,110493696,63324160,46839432,44.67,3154018
1770194094337,7526.05,2729.46,110493696,63324160,47069344,44.89,3155358
1770194094439,7526.33,2729.61,110493696,63324160,47070792,44.89,3155358
1770194094538,7529.16,2731.84,110493696,63324160,47342168,45.15,3164890
1770194094640,7529.30,2731.92,110493696,63324160,47343640,45.15,3164890
1770194094740,7529.41,2731.99,110493696,63324160,47345088,45.15,3164890
1770194094841,7531.83,2733.92,110493696,63324160,47574928,45.37,3166230
1770194094942,7531.95,2733.98,110493696,63324160,47576376,45.37,3166230
1770194095044,7534.58,2735.96,110559232,63324160,47941920,45.72,3167570
1770194095144,7534.84,2736.11,110559232,63324160,47943368,45.72,3167570
1770194095245,7535.02,2736.21,110559232,63324160,47944816,45.72,3167570
1770194095347,7535.96,2737.16,110575616,63324160,48207504,45.97,3168910
1770194095447,7536.10,2737.21,110575616,63324160,48208952,45.98,3168910
1770194095548,7538.90,2739.55,110575616,63324160,48439120,46.20,3178442
1770194095649,7539.18,2739.70,110575616,63324160,48440592,46.20,3178442
1770194095750,7539.43,2739.84,110575616,63324160,48442040,46.20,3178442
1770194095851,7542.70,2742.18,110575616,63324160,48671864,46.42,3179782
1770194095951,7542.97,2742.33,110575616,63324160,48673312,46.42,3179782
1770194096051,7545.40,2744.38,110575616,63324160,48903168,46.64,3181122
1770194096153,7545.62,2744.48,110575616,63324160,48904616,46.64,3181122
1770194096254,7545.86,2744.61,110575616,63324160,48906064,46.64,3181122
1770194096355,7549.37,2746.86,110575616,63324160,49135888,46.86,3182462
1770194096456,7549.62,2746.99,110575616,63324160,49137336,46.86,3182462
1770194096556,7552.53,2749.20,110592000,63324160,49367392,47.08,3191994
1770194096657,7552.77,2749.31,110592000,63324160,49368864,47.08,3191994
1770194096758,7553.05,2749.46,110592000,63324160,49370312,47.08,3191994
1770194096859,7555.61,2751.60,110592000,63324160,49599024,47.30,3193334
1770194096960,7555.86,2751.73,110592000,63324160,49600472,47.30,3193334
1770194097061,7558.78,2753.75,110592000,63324160,49828600,47.52,3194674
1770194097161,7559.03,2753.91,110592000,63324160,49830048,47.52,3194674
1770194097262,7559.28,2754.04,110592000,63324160,49831496,47.52,3194674
1770194097363,7561.88,2756.32,110592000,63324160,50059600,47.74,3196014
1770194097464,7562.15,2756.48,110592000,63324160,50061048,47.74,3196014
1770194097565,7564.99,2758.67,110592000,63324160,50289432,47.96,3205546
1770194097666,7565.21,2758.78,110592000,63324160,50290904,47.96,3205546
1770194097768,7565.43,2758.88,110592000,63324160,50292352,47.96,3205546
1770194097868,7573.39,2760.44,110247936,63324160,50556608,48.21,3206886
1770194097969,7573.56,2760.56,110231552,63324160,50558056,48.22,3206886
1770194098069,7575.72,2762.62,110231552,63324160,50786144,48.43,3208226
1770194098170,7575.94,2762.77,110231552,63324160,50787592,48.43,3208226
1770194098270,7576.24,2762.95,110231552,63324160,50789040,48.44,3208226
1770194098371,7578.89,2765.25,110313472,63324160,51017136,48.65,3209566
1770194098471,7579.14,2765.39,110313472,63324160,51018584,48.66,3209566
1770194098572,7585.51,2768.04,110673920,64110592,45591176,43.48,3219098
1770194098673,7585.77,2768.17,110673920,64110592,45592648,43.48,3219098
1770194098774,7585.91,2768.25,110641152,64110592,45594096,43.48,3219098
1770194098875,7586.97,2769.17,110641152,64110592,45822248,43.70,3126914
1770194098976,7587.06,2769.23,110641152,64110592,45823696,43.70,3126914
1770194099077,7588.51,2770.78,110641152,64110592,46051808,43.92,3128254
1770194099178,7588.70,2770.89,110641152,64110592,46053256,43.92,3128254
1770194099279,7588.97,2771.03,110641152,64110592,46054704,43.92,3128254
1770194099380,7591.85,2773.37,110641152,64110592,46282816,44.14,3129594
1770194099481,7592.13,2773.53,110641152,64110592,46284264,44.14,3129594
1770194099581,7594.98,2775.67,110641152,64110592,46512656,44.36,3139126
1770194099682,7595.21,2775.76,109985792,64110592,46514104,44.36,3139126
1770194099783,7595.40,2775.87,109527040,64110592,46515552,44.36,3139126
1770194099884,7598.10,2778.06,109527040,64110592,46743664,44.58,3140466
1770194099985,7598.34,2778.21,109494272,64110592,46745112,44.58,3140466
1770194100086,7599.92,2780.01,108986368,64110592,46973224,44.80,3141806
1770194100188,7600.19,2780.16,97189888,64110592,46974672,44.80,3141806
1770194100288,7600.47,2780.32,97189888,64110592,46976112,44.80,3141806
1770194100389,7602.63,2782.23,97189888,64110592,47204240,45.02,3143146
1770194100490,7602.86,2782.32,97124352,64110592,47205680,45.02,3143146
1770194100590,7604.67,2784.09,95911936,64110592,47433944,45.24,3152678
1770194100691,7604.93,2784.23,85819392,64110592,47435384,45.24,3152678
1770194100792,7605.09,2784.28,85704704,64110592,47436824,45.24,3152678
1770194100893,7607.79,2786.67,85540864,64110592,47664928,45.46,3154018
1770194100994,7607.90,2786.71,85475328,64110592,47666368,45.46,3154018
1770194101095,7610.87,2788.99,85475328,64110592,48131000,45.90,3155358
1770194101196,7611.09,2789.10,85475328,64110592,48132440,45.90,3155358
1770194101296,7611.35,2789.26,85475328,64110592,48133880,45.90,3155358
1770194101396,7614.81,2791.97,85475328,64110592,48362000,46.12,3156698
1770194101497,7615.12,2792.15,85475328,64110592,48363440,46.12,3156698
1770194101598,7617.72,2794.26,85491712,64110592,48591792,46.34,3166230
1770194101699,7617.98,2794.38,85491712,64110592,48593232,46.34,3166230
1770194101800,7618.27,2794.55,85491712,64110592,48594672,46.34,3166230
1770194101901,7620.12,2796.34,85508096,64110592,48822752,46.56,3167570
1770194102003,7620.38,2796.50,85508096,64110592,48824192,46.56,3167570
1770194102103,7622.16,2798.33,85524480,64110592,49052360,46.78,3168910
1770194477971,222.27,78.20,113917952,66797568,40450240,38.58,3091624
1770194478072,222.51,78.25,113917952,66797568,40454840,38.58,3091680
1770194478172,222.93,78.33,113917952,66797568,40457552,38.58,3091680
1770194478273,223.35,78.42,113917952,66797568,40460424,38.59,3091680
1770194478374,224.01,78.53,113934336,66797568,40462760,38.59,3091680
1770194478475,224.45,78.63,113950720,66797568,40465064,38.59,3091680
1770194478576,224.88,78.74,113950720,66797568,40467368,38.59,3091680
1770194478677,225.51,78.85,113983488,66797568,40469672,38.59,3091680
1770194478779,225.94,78.94,113983488,66797568,40472168,38.60,3091680
1770194478879,226.50,79.01,113983488,66797568,40474504,38.60,3091680
1770194478980,226.91,79.10,113999872,66797568,40476904,38.60,3091680
1770194479082,227.50,79.20,114016256,66797568,40479296,38.60,3091680
1770194479183,227.81,79.29,114016256,66797568,40481344,38.61,3091680
1770194479284,227.98,79.40,114016256,66797568,40483392,38.61,3091680
1770194479385,228.13,79.47,114016256,66797568,40485440,38.61,3091680
1770194479485,228.29,79.55,114016256,66797568,40487488,38.61,3091680
1770194479586,228.46,79.61,114016256,66797568,40489568,38.61,3091680
1770194479687,233.81,80.49,114376704,67059712,41374656,39.46,3093017
1770194479788,233.97,80.55,114376704,67059712,41376728,39.46,3093017
1770194479889,243.82,84.50,114622464,67059712,41687136,39.76,3094353
1770194479990,244.24,84.69,114622464,67059712,41689208,39.76,3094353
1770194480176,248.58,86.43,114671616,67059712,41845920,39.91,3095023
1770194480277,251.33,87.61,114704384,67059712,42003256,40.06,3095689
1770194480378,253.42,88.53,114720768,67059712,42158664,40.21,3104551
1770194480479,255.15,89.39,114769920,67321856,42523576,40.55,3105217
1770194480581,255.30,89.45,114769920,67321856,42525648,40.56,3105217
1770194480681,257.42,90.35,114819072,67321856,42679312,40.70,3105887
1770194480782,260.19,91.29,114835456,67321856,43034528,41.04,3106553
1770194480883,263.68,92.54,114868224,67321856,43190448,41.19,3107223
1770194480984,266.71,93.57,114884608,67321856,43345480,41.34,3107889
1770194481160,267.02,93.70,114884608,67321856,43347552,41.34,3107889
1770194481261,270.01,95.33,114917376,67321856,43651408,41.63,3109225
1770194481362,270.16,95.40,114917376,67321856,43653480,41.63,3109225
1770194481463,273.76,97.21,114933760,67321856,43957480,41.92,3118753
1770194481564,273.91,97.27,114933760,67321856,43959552,41.92,3118753
1770194481665,274.17,97.37,114933760,67321856,43961600,41.93,3118753
1770194481766,278.53,99.29,114950144,67321856,44265304,42.21,3120089
1770194481868,278.80,99.40,114950144,67321856,44267424,42.22,3120089
1770194481969,283.68,101.29,114966528,67321856,44571488,42.51,3121425
1770194482069,284.13,101.39,114966528,67321856,44573576,42.51,3121425
1770194482170,284.64,101.52,114966528,67321856,44575640,42.51,3121425
1770194482271,289.48,103.48,114966528,67321856,44889840,42.81,3122763
1770194482372,289.78,103.61,114966528,67321856,44891928,42.81,3122763
1770194482473,294.76,105.79,114999296,67321856,45196088,43.10,3132293
1770194482574,295.05,105.87,114999296,67321856,45198176,43.10,3132293
1770194482676,297.71,106.99,115032064,67321856,45351616,43.25,3132964
1770194482777,302.92,108.20,115032064,67321856,45504600,43.40,3133631
1770194482877,303.20,108.28,115032064,67321856,45506688,43.40,3133631
1770194482978,307.81,110.70,115032064,67321856,45810512,43.69,3134969
1770194483079,308.02,110.77,115032064,67321856,45812600,43.69,3134969
1770194483179,311.27,112.19,115032064,67321856,45966088,43.84,3135640
1770194483280,325.18,116.02,120881152,73351168,41566208,39.64,3136307
1770194483380,325.44,116.12,120881152,73351168,41568296,39.64,3136307
1770194483481,329.77,118.50,120897536,73351168,41872376,39.93,3109385
1770194483582,330.01,118.60,120897536,73351168,41874464,39.93,3109385
1770194483682,332.03,119.46,120897536,73351168,42028000,40.08,3110056
1770194483783,334.85,120.43,120897536,73351168,42180496,40.23,3110723
1770194483884,335.06,120.48,120897536,73351168,42182584,40.23,3110723
1770194483985,337.99,122.07,120897536,73351168,42486424,40.52,3112061
1770194484086,338.15,122.15,120897536,73351168,42488512,40.52,3112061
1770194484186,340.01,123.00,120897536,73351168,42641944,40.67,3112732
1770194484287,341.97,123.94,120897536,73351168,42794400,40.81,3113399
1770194484388,342.15,124.01,120897536,73351168,42796488,40.81,3113399
1770194484489,345.84,125.62,120930304,73351168,43100704,41.10,3122929
1770194484590,346.00,125.67,120930304,73351168,43102792,41.11,3122929
1770194484690,349.03,126.61,121012224,73351168,43256336,41.25,3123600
1770194484791,351.27,127.48,121012224,73351168,43409048,41.40,3124267
1770194484891,351.48,127.58,121012224,73351168,43411136,41.40,3124267
1770194484992,356.31,129.51,121028608,73351168,43735816,41.71,3125605
1770194485093,356.53,129.57,121028608,73351168,43737904,41.71,3125605
1770194485194,357.73,130.32,121028608,73351168,43891392,41.86,3126276
1770194485295,360.16,131.04,121028608,73351168,44044576,42.00,3126943
1770194485396,360.27,131.08,121028608,73351168,44046664,42.01,3126943
1770194485497,365.34,132.56,121077760,73351168,44350168,42.30,3136473
1770194485598,365.46,132.60,121077760,73351168,44352256,42.30,3136473
1770194485698,366.95,133.71,121077760,73351168,44505384,42.44,3137144
1770194485799,368.27,134.53,121077760,73351168,44657424,42.59,3137811
1770194485900,368.42,134.59,121077760,73351168,44659512,42.59,3137811
1770194486000,382.36,137.35,121126912,73351168,44965504,42.88,3139149
1770194486101,432.21,145.29,88571904,39895040,35324384,33.69,3097608
1770194486202,435.50,146.38,88571904,39895040,35530904,33.88,3098279
1770194486304,437.59,147.41,88571904,39895040,35682960,34.03,3098946
1770194486404,437.86,147.49,88571904,39895040,35685040,34.03,3098946
1770194486505,445.43,149.47,88588288,39895040,35998048,34.33,3108476
1770194486606,445.71,149.55,88588288,39895040,36000096,34.33,3108476
1770194486707,508.93,156.96,86900736,39108608,35494776,33.85,3098279
1770194486814,511.30,158.20,87048192,39108608,35645984,33.99,3098946
1770194486914,511.44,158.27,87048192,39108608,35648032,34.00,3098946
1770194487015,514.51,159.78,87343104,39108608,35971968,34.31,3100284
1770194487116,514.64,159.83,87343104,39108608,35974016,34.31,3100284
1770194487218,519.13,161.75,87949312,42254336,35400568,33.76,3101622
1770194487319,519.23,161.79,87949312,42254336,35402568,33.76,3101622
1770194487420,519.35,161.84,87949312,42254336,35404544,33.76,3101622
1770194487521,524.20,163.42,88227840,42254336,35728960,34.07,3109143
1770194487622,524.31,163.47,88227840,42254336,35730960,34.08,3109143
1770194487723,526.51,164.97,88506368,42254336,36012560,34.34,3110481
1770194487824,526.62,165.01,88506368,42254336,36014560,34.35,3110481
1770194487925,526.79,165.06,88506368,42254336,36016536,34.35,3110481
1770194488025,529.77,166.82,88768512,42254336,36300752,34.62,3111819
1770194488126,530.01,166.89,88768512,42254336,36302760,34.62,3111819
1770194488227,534.02,168.90,89030656,42254336,36586864,34.89,3113157
1770194488329,534.32,169.02,89030656,42254336,36588864,34.89,3113157
1770194488430,534.56,169.12,89047040,42254336,36590840,34.90,3113157
1770194488531,540.56,171.00,89309184,42254336,36881456,35.17,3122687
1770194488632,540.83,171.06,89309184,42254336,36883456,35.17,3122687
1770194488733,553.13,173.14,89686016,42254336,37174888,35.45,3124025
1770194488834,553.35,173.20,89686016,42254336,37176888,35.45,3124025
1770194488935,553.62,173.27,89686016,42254336,37178864,35.46,3124025
1770194489036,564.06,175.24,89882624,42254336,35820536,34.16,3125363
1770194489137,564.33,175.31,89882624,42254336,35822536,34.16,3125363
1770194489238,568.15,177.07,89882624,42254336,36104264,34.43,3109143
1770194489339,568.38,177.15,89882624,42254336,36106240,34.43,3109143
1770194489441,568.66,177.27,89882624,42254336,36108216,34.44,3109143
1770194489541,576.21,179.56,89882624,42254336,36393816,34.71,3118673
1770194489642,576.48,179.62,89882624,42254336,36395816,34.71,3118673
1770194489743,580.33,181.59,90112000,42254336,36674304,34.98,3120011
1770194489844,580.57,181.65,90112000,42254336,36676304,34.98,3120011
1770194489943,580.83,181.73,90112000,42254336,36678280,34.98,3120011
1770194490044,590.32,183.88,90456064,42254336,36970832,35.26,3121349
1770194490145,590.51,183.93,90456064,42254336,36972832,35.26,3121349
1770194490246,595.26,186.17,90767360,42254336,37335664,35.61,3122687
1770194490347,595.39,186.21,90767360,42254336,37337640,35.61,3122687
1770194490448,595.57,186.27,90767360,42254336,37339616,35.61,3122687
1770194490549,600.57,188.19,90996736,42254336,36066432,34.40,3132217
1770194490650,600.84,188.30,90996736,42254336,36068432,34.40,3132217
1770194490752,609.66,190.37,90996736,42254336,36345944,34.66,3109143
1770194490852,609.92,190.43,90996736,42254336,36347920,34.66,3109143
1770194490953,610.18,190.49,90996736,42254336,36349896,34.67,3109143
1770194491054,618.61,193.63,91013120,42254336,36623552,34.93,3110481
1770194491156,618.88,193.71,91013120,42254336,36625528,34.93,3110481
1770194491257,622.76,195.45,91013120,42254336,36898096,35.19,3111819
1770194491358,623.00,195.52,91013120,42254336,36900072,35.19,3111819
1770194491459,623.20,195.58,91013120,42254336,36902048,35.19,3111819
1770194491560,629.91,197.39,91013120,42254336,37176848,35.45,3121349
1770194491661,630.13,197.44,91013120,42254336,37178824,35.46,3121349
1770194491761,634.44,199.46,91013120,42254336,37451336,35.72,3122687
1770194491862,634.71,199.53,91013120,42254336,37453312,35.72,3122687
1770194491963,634.96,199.58,91013120,42254336,37455288,35.72,3122687
1770194492064,642.33,201.49,91029504,42254336,37730856,35.98,3124025
1770194492165,642.55,201.54,91029504,42254336,37732832,35.98,3124025
1770194492266,652.93,203.51,91029504,42254336,36443624,34.76,3108476
1770194492367,653.20,203.58,91029504,42254336,36445624,34.76,3108476
1770194492468,653.48,203.67,91029504,42254336,36447600,34.76,3108476
1770194492569,658.79,205.43,91029504,42254336,36716184,35.02,3118006
1770194492669,659.01,205.50,91029504,42254336,36718184,35.02,3118006
1770194492770,666.13,207.34,91029504,42254336,36995064,35.28,3119344
1770194492872,666.38,207.41,91029504,42254336,36997064,35.28,3119344
1770194492973,666.65,207.48,91029504,42254336,36999040,35.29,3119344
1770194493074,670.04,209.15,91029504,42254336,37269256,35.54,3120682
1770194493175,670.30,209.20,91029504,42254336,37271256,35.54,3120682
1770194493276,675.55,210.90,91029504,42254336,37549168,35.81,3122020
1770194493377,675.81,210.97,91029504,42254336,37551168,35.81,3122020
1770194493478,676.01,211.06,91029504,42254336,37553144,35.81,3122020
1770194493579,678.21,212.58,91029504,42254336,37820200,36.07,3131550
1770194493680,678.40,212.66,91029504,42254336,37822200,36.07,3131550
1770194493781,685.76,214.56,91029504,42254336,36542880,34.85,3132888
1770194493882,685.94,214.60,91029504,42254336,36544880,34.85,3132888
1770194493983,686.13,214.66,91029504,42254336,36546856,34.85,3132888
1770194494085,689.48,216.44,91029504,42254336,36813688,35.11,3109143
1770194494185,689.76,216.53,91029504,42254336,36815664,35.11,3109143
1770194494286,693.64,218.38,91029504,42254336,37246248,35.52,3110481
1770194494386,693.90,218.44,91029504,42254336,37248224,35.52,3110481
1770194494487,694.20,218.53,91029504,42254336,37250200,35.52,3110481
1770194494588,697.92,220.27,91029504,42254336,37517680,35.78,3120011
1770194494689,698.12,220.32,91029504,42254336,37519656,35.78,3120011
1770194494790,701.87,222.26,91029504,42254336,37786488,36.04,3121349
1770194494891,702.10,222.32,91029504,42254336,37788464,36.04,3121349
1770194494992,702.36,222.38,91029504,42254336,37790440,36.04,3121349
1770194495094,734.02,224.99,93569024,42516480,38273704,36.50,3122687
1770194495195,734.25,225.05,93569024,42516480,38275680,36.50,3122687
1770194495297,737.88,227.14,93569024,42516480,38541048,36.76,3124025
1770194495397,738.15,227.22,93569024,42516480,38543024,36.76,3124025
1770194495499,741.19,228.25,93798400,43040768,37134840,35.41,3132888
1770194495600,764.72,229.28,93847552,43040768,37272176,35.55,3108476
1770194495701,764.97,229.33,93847552,43040768,37274152,35.55,3108476
1770194495802,768.35,231.21,93847552,43040768,37536616,35.80,3109814
1770194495904,768.58,231.27,93847552,43040768,37538616,35.80,3109814
1770194496004,771.18,232.16,93847552,43040768,37671992,35.93,3110485
1770194496105,772.80,232.99,93847552,43040768,37803776,36.05,3111152
1770194496206,773.05,233.05,93847552,43040768,37805776,36.05,3111152
1770194496308,780.70,234.93,93847552,43040768,38068704,36.31,3112490
1770194496409,780.96,235.00,93847552,43040768,38070704,36.31,3112490
1770194496510,783.48,236.08,93863936,43040768,38202912,36.43,3121353
1770194496611,788.18,236.94,93863936,43040768,38334216,36.56,3122020
1770194496712,788.42,237.00,93863936,43040768,38336192,36.56,3122020
1770194496813,793.57,238.66,93863936,43040768,38597232,36.81,3123358
1770194496913,793.80,238.72,93863936,43040768,38599232,36.81,3123358
1770194497014,795.64,239.85,93863936,43040768,38731248,36.94,3124029
1770194497115,797.59,240.81,93863936,43040768,38862168,37.06,3124696
1770194497216,797.84,240.87,93863936,43040768,38864168,37.06,3124696
1770194497317,803.22,243.54,94388224,47497216,37646584,35.90,3108476
1770194497419,803.48,243.61,94388224,47497216,37648560,35.90,3108476
1770194497520,806.25,244.48,94388224,47497216,37780768,36.03,3117339
1770194497621,808.19,245.40,94388224,47497216,37911728,36.16,3118006
1770194497722,808.46,245.47,94388224,47497216,37913704,36.16,3118006
1770194497823,812.14,247.37,94388224,47497216,38174680,36.41,3119344
1770194497924,812.39,247.43,94388224,47497216,38176656,36.41,3119344
1770194498024,814.27,248.44,94388224,47497216,38308640,36.53,3120015
1770194498125,817.98,249.30,94388224,47497216,38439856,36.66,3120682
1770194498226,818.23,249.36,94388224,47497216,38441832,36.66,3120682
1770194498327,821.65,251.18,94388224,47497216,38702768,36.91,3122020
1770194498428,821.90,251.23,94388224,47497216,38704744,36.91,3122020
1770194498529,824.87,252.29,94404608,47497216,38836952,37.04,3130883
1770194498631,826.60,253.14,94404608,47497216,38968032,37.16,3131550
1770194498732,826.85,253.20,94404608,47497216,38970008,37.16,3131550
1770194498833,830.68,255.20,94535680,47497216,39231080,37.41,3132888
1770194498934,830.93,255.28,94535680,47497216,39233056,37.42,3132888
1770194499035,833.22,256.53,94650368,47497216,39365040,37.54,3133559
1770194499136,835.20,257.58,94781440,47497216,39495960,37.67,3134226
1770194499237,835.45,257.66,94797824,47497216,39497960,37.67,3134226
1770194499337,839.18,259.55,95043584,47497216,39759032,37.92,3135564
1770194499438,839.45,259.61,95043584,47497216,39761032,37.92,3135564
1770194499539,841.50,260.68,95174656,47497216,39893312,38.05,3144427
1770194499640,843.36,261.65,95305728,47497216,40024232,38.17,3145094
1770194499741,843.55,261.70,95305728,47497216,40026232,38.17,3145094
1770194499842,846.69,263.70,95584256,47497216,40287152,38.42,3146432
1770194499943,846.95,263.77,95584256,47497216,40289152,38.42,3146432
1770194500044,848.95,265.14,95830016,47497216,40550048,38.67,3147770
1770194500145,851.03,265.21,95846400,47497216,40552384,38.67,3147770
1770194500246,851.24,265.28,95846400,47497216,40554360,38.68,3147770
1770194500347,865.47,268.51,96092160,47497216,40817136,38.93,3149108
1770194500448,865.74,268.61,96108544,47497216,40819136,38.93,3149108
1770194500549,869.02,271.34,96370688,47497216,41076968,39.17,3158638
1770194500650,869.20,271.40,96370688,47497216,41078968,39.18,3158638
1770194500750,869.48,271.52,96370688,47497216,41080944,39.18,3158638
1770194500851,875.21,273.49,96632832,47497216,38032944,36.27,3108476
1770194500952,875.50,273.61,96632832,47497216,38034920,36.27,3108476
1770194501053,880.02,276.11,96714752,47497216,38461872,36.68,3109814
1770194501154,880.21,276.17,96714752,47497216,38463848,36.68,3109814
1770194501256,880.49,276.24,96714752,47497216,38465824,36.68,3109814
1770194501356,883.57,277.99,96714752,47497216,38723520,36.93,3111152
1770194501457,883.73,278.05,96714752,47497216,38725496,36.93,3111152
1770194501557,889.77,280.68,96731136,47497216,39016160,37.21,3120682
1770194501658,898.95,280.85,96763904,47497216,39020144,37.21,3120682
1770194501759,899.26,280.99,96763904,47497216,39022120,37.21,3120682
1770194501860,902.98,283.38,96763904,47497216,39274712,37.46,3122020
1770194501961,903.27,283.50,96763904,47497216,39276688,37.46,3122020
1770194502062,906.94,285.56,96763904,47497216,39529288,37.70,3123358
1770194502163,907.12,285.62,96763904,47497216,39531264,37.70,3123358
1770194502264,907.37,285.78,96763904,47497216,39533240,37.70,3123358
1770194502366,912.10,288.44,97009664,47497216,39786120,37.94,3124696
1770194502467,912.34,288.55,97009664,47497216,39788096,37.94,3124696
1770194502568,915.72,291.05,97255424,47497216,40040952,38.19,3134226
1770194502669,915.99,291.16,97255424,47497216,40042928,38.19,3134226
1770194502769,916.31,291.32,97255424,47497216,40044904,38.19,3134226
1770194502870,920.25,294.19,97517568,47497216,40297512,38.43,3135564
1770194502971,920.53,294.30,97517568,47497216,40299488,38.43,3135564
1770194503072,924.41,296.77,97763328,47497216,40552056,38.67,3136902
1770194503174,924.63,296.86,97763328,47497216,40554088,38.68,3136902
1770194503275,924.91,296.99,97763328,47497216,40556064,38.68,3136902
1770194503376,928.94,299.57,98009088,47497216,40808632,38.92,3138240
1770194503478,929.24,299.70,98009088,47497216,40810632,38.92,3138240
1770194503579,933.59,302.10,98254848,47497216,41063432,39.16,3147770
1770194503680,933.88,302.22,98254848,47497216,41065408,39.16,3147770
1770194503781,934.19,302.38,98254848,47497216,41067384,39.16,3147770
1770194503882,939.28,304.78,98500608,47497216,41320120,39.41,3149108
1770194503983,939.51,304.86,98500608,47497216,41322096,39.41,3149108
1770194504084,946.14,307.59,99237888,48021504,38582840,36.80,3150446
1770194504185,946.43,307.71,99237888,48021504,38584840,36.80,3150446
1770194504286,946.72,307.89,99237888,48021504,38586816,36.80,3150446
1770194504387,948.87,309.52,99237888,48021504,38838760,37.04,3108476
1770194504488,949.09,309.63,99237888,48021504,38840736,37.04,3108476
1770194504589,955.42,312.35,99237888,48021504,39092864,37.28,3118006
1770194504690,955.67,312.46,99237888,48021504,39094840,37.28,3118006
1770194504791,955.99,312.63,99237888,48021504,39096816,37.29,3118006
1770194504893,962.83,315.53,99237888,48021504,39348976,37.53,3119346
1770194504994,963.11,315.66,99237888,48021504,39350976,37.53,3119346
1770194505095,969.23,318.45,99254272,48021504,39603296,37.77,3120686
1770194505196,969.47,318.57,99254272,48021504,39605296,37.77,3120686
1770194505297,969.78,318.73,99254272,48021504,39607272,37.77,3120686
1770194505398,973.70,321.20,99254272,48021504,39859032,38.01,3122026
1770194505499,973.94,321.30,99254272,48021504,39861032,38.01,3122026
1770194505600,977.66,323.91,99254272,48021504,40113008,38.25,3131558
1770194505701,977.91,324.01,99254272,48021504,40115008,38.26,3131558
1770194505802,978.19,324.13,99254272,48021504,40116984,38.26,3131558
1770194505903,982.93,326.58,99254272,48021504,40368736,38.50,3132898
1770194506005,983.22,326.73,99254272,48021504,40370736,38.50,3132898
1770194506106,987.87,329.61,99254272,48021504,40622616,38.74,3134238
1770194506208,988.18,329.74,99254272,48021504,40624616,38.74,3134238
1770194506309,988.47,329.87,99254272,48021504,40626592,38.74,3134238
1770194506410,992.32,332.50,99270656,48021504,40878376,38.98,3135578
1770194506512,992.59,332.59,99270656,48021504,40880376,38.99,3135578
1770194506613,996.36,335.25,99270656,48021504,41132568,39.23,3145110
1770194506714,996.62,335.37,99270656,48021504,41134568,39.23,3145110
1770194506815,996.87,335.50,99270656,48021504,41136544,39.23,3145110
1770194506916,999.30,337.33,99270656,48021504,41388320,39.47,3146450
1770194507017,999.53,337.45,99270656,48021504,41390320,39.47,3146450
1770194507118,1017.30,339.71,99319808,48021504,41646400,39.72,3147790
1770194507219,1017.45,339.79,99319808,48021504,41648400,39.72,3147790
1770194507322,1019.82,341.26,99319808,48021504,41775608,39.84,3148462
1770194507423,1021.94,342.62,99319808,48021504,41901848,39.96,3149130
1770194507524,1022.26,342.77,99319808,48021504,41903848,39.96,3149130
1770194507625,1030.98,345.77,99794944,48807936,39072576,37.26,3107806
1770194507726,1031.18,345.86,99794944,48807936,39074576,37.26,3107806
1770194507826,1033.44,347.33,99794944,48807936,39201848,37.39,3108478
1770194507927,1035.41,348.52,99794944,48807936,39328432,37.51,3109146
1770194508028,1035.68,348.66,99794944,48807936,39330432,37.51,3109146
1770194508129,1045.31,351.60,99794944,48807936,39636848,37.80,3110486
1770194508230,1045.55,351.74,99811328,48807936,39638848,37.80,3110486
1770194508330,1047.63,353.07,99811328,48807936,39765928,37.92,3111158
1770194508431,1049.70,354.07,99811328,48807936,39891944,38.04,3111826
1770194508532,1049.97,354.21,99811328,48807936,39893944,38.05,3111826
1770194508633,1055.57,356.22,99811328,48807936,40145976,38.29,3121358
1770194508734,1055.81,356.35,99811328,48807936,40147976,38.29,3121358
1770194508835,1057.81,357.67,99811328,48807936,40275056,38.41,3122030
1770194508935,1060.75,358.80,99811328,48807936,40402416,38.53,3122698
1770194509036,1060.95,358.90,99811328,48807936,40404416,38.53,3122698
1770194509137,1064.70,362.00,99811328,48807936,40655560,38.77,3124038
1770194509238,1064.96,362.12,99811328,48807936,40657560,38.77,3124038
1770194509338,1067.20,363.64,99827712,48807936,40784672,38.90,3124710
1770194509439,1069.11,364.88,99827712,48807936,40910688,39.02,3125378
1770194509540,1069.41,365.05,99827712,48807936,40912688,39.02,3125378
1770194509641,1073.60,368.07,99827712,48807936,41164032,39.26,3134910
1770194509742,1073.85,368.19,99827712,48807936,41166032,39.26,3134910
1770194509842,1075.80,369.51,99827712,48807936,41293112,39.38,3135582
1770194509943,1077.59,370.48,99827712,48807936,41419128,39.50,3136250
1770194510044,1077.91,370.65,99827712,48807936,41421128,39.50,3136250
1770194510145,1081.98,373.56,99827712,48807936,41672272,39.74,3137590
1770194510246,1082.28,373.70,99827712,48807936,41674272,39.74,3137590
1770194510346,1084.25,375.13,99844096,48807936,41801344,39.86,3138262
1770194510447,1087.27,376.30,99844096,48807936,41927392,39.99,3138930
1770194510548,1087.59,376.44,99844096,48807936,41929392,39.99,3138930
1770194510649,1095.94,379.15,99844096,48807936,42181152,40.23,3148462
1770194510750,1096.24,379.32,99844096,48807936,42183128,40.23,3148462
1770194510851,1098.05,380.58,99844096,48807936,42310200,40.35,3149134
1770194510951,1100.72,381.77,99844096,48807936,42436352,40.47,3149802
1770194511052,1100.96,381.89,99844096,48807936,42438352,40.47,3149802
1770194511154,1109.43,384.77,100302848,49332224,39633344,37.80,3107806
1770194511255,1109.73,384.90,100302848,49332224,39635328,37.80,3107806
1770194511366,1152.12,387.87,102858752,49332224,39762424,37.92,3108478
1770194511467,1161.97,388.58,102924288,49332224,40103168,38.25,3109146
1770194511568,1162.24,388.73,102924288,49332224,40105152,38.25,3109146
1770194511669,1169.16,391.38,102924288,49332224,40356776,38.49,3118678
1770194511770,1169.42,391.51,102924288,49332224,40358784,38.49,3118678
1770194511871,1173.03,394.12,102924288,49332224,40609904,38.73,3120018
1770194511972,1173.24,394.21,102924288,49332224,40611912,38.73,3120018
1770194512073,1173.52,394.34,102924288,49332224,40613896,38.73,3120018
1770194512174,1177.92,396.72,102940672,49332224,40865160,38.97,3121358
1770194512275,1178.14,396.82,102940672,49332224,40867144,38.97,3121358
1770194512376,1181.82,399.07,102940672,49332224,41118480,39.21,3122698
1770194512477,1182.01,399.14,102940672,49332224,41120464,39.22,3122698
1770194512578,1182.26,399.25,102940672,49332224,41122448,39.22,3122698
1770194512679,1186.32,401.87,102940672,49332224,41373784,39.46,3132230
1770194512780,1186.61,402.01,102940672,49332224,41375792,39.46,3132230
1770194512880,1190.04,403.98,102957056,49332224,41627512,39.70,3133570
1770194512980,1190.23,404.04,102957056,49332224,41629520,39.70,3133570
1770194513081,1190.48,404.18,102957056,49332224,41631504,39.70,3133570
1770194513182,1194.06,406.73,102957056,49332224,41882872,39.94,3134910
1770194513282,1194.21,406.81,102957056,49332224,41884856,39.94,3134910
1770194513383,1201.59,409.18,102973440,49332224,42136328,40.18,3136250
1770194513484,1201.73,409.27,102973440,49332224,42138312,40.19,3136250
1770194513585,1201.93,409.39,102973440,49332224,42140296,40.19,3136250
1770194513686,1205.98,411.83,102973440,49332224,42391768,40.43,3145782
1770194513787,1206.18,411.93,102973440,49332224,42393776,40.43,3145782
1770194513888,1211.46,414.22,102973440,49332224,42645872,40.67,3147122
1770194513989,1211.63,414.31,102973440,49332224,42647880,40.67,3147122
1770194514089,1211.88,414.44,102973440,49332224,42649864,40.67,3147122
1770194514190,1223.35,417.27,102989824,49332224,42902216,40.91,3148462
1770194514291,1223.63,417.41,102989824,49332224,42904200,40.92,3148462
1770194514392,1227.53,419.93,102989824,49332224,43153448,41.15,3149802
1770194514493,1227.77,420.03,102989824,49332224,43155432,41.16,3149802
1770194514594,1228.07,420.18,102989824,49332224,43157416,41.16,3149802
1770194514694,1235.95,422.93,103464960,50118656,40332536,38.46,3108478
1770194514795,1236.26,423.08,103464960,50118656,40334520,38.47,3108478
1770194514895,1240.13,425.67,103464960,50118656,40583664,38.70,3109818
1770194514996,1240.42,425.81,103464960,50118656,40585672,38.71,3109818
1770194515096,1240.69,425.93,103464960,50118656,40587656,38.71,3109818
1770194515197,1244.27,428.36,103481344,50118656,40836752,38.94,3111158
1770194515298,1244.57,428.50,103481344,50118656,40838736,38.95,3111158
1770194515399,1247.62,431.13,103481344,50118656,41087992,39.18,3112498
1770194515500,1247.85,431.22,103481344,50118656,41090000,39.19,3112498
1770194515601,1248.15,431.38,103481344,50118656,41091984,39.19,3112498
1770194515702,1251.61,433.86,103481344,50118656,41341368,39.43,3122030
1770194515803,1251.83,433.95,103481344,50118656,41343352,39.43,3122030
1770194515904,1266.09,436.42,103497728,50118656,41593136,39.67,3123370
1770194516005,1266.31,436.49,103497728,50118656,41595144,39.67,3123370
1770194516106,1266.62,436.64,103497728,50118656,41597128,39.67,3123370
1770194516207,1270.29,439.24,103497728,50118656,41845016,39.91,3124710
1770194516308,1270.55,439.36,103497728,50118656,41847000,39.91,3124710
1770194516408,1275.91,441.60,103497728,50118656,42095176,40.15,3126050
1770194516510,1276.13,441.70,103497728,50118656,42097184,40.15,3126050
1770194516611,1276.39,441.82,103497728,50118656,42099168,40.15,3126050
1770194516712,1280.04,444.42,103497728,50118656,42347280,40.39,3135582
1770194516813,1280.32,444.56,103497728,50118656,42349264,40.39,3135582
1770194516914,1288.47,447.08,103530496,50118656,42597912,40.62,3136922
1770194517015,1288.71,447.19,103530496,50118656,42599920,40.63,3136922
1770194517116,1288.98,447.32,103530496,50118656,42601904,40.63,3136922
1770194517217,1291.64,449.28,103530496,50118656,42849760,40.86,3138262
1770194517318,1291.93,449.42,103530496,50118656,42851744,40.87,3138262
1770194517419,1295.26,452.24,103530496,50118656,43099592,41.10,3139602
1770194517519,1295.53,452.36,103530496,50118656,43101600,41.10,3139602
1770194517620,1295.81,452.51,103530496,50118656,43103584,41.11,3139602
1770194517721,1300.49,454.94,103530496,50118656,43352352,41.34,3149134
1770194517822,1300.72,455.05,103530496,50118656,43354336,41.35,3149134
1770194517923,1364.31,461.03,104382464,58245120,36085072,34.41,3107806
1770194518024,1364.60,461.14,104382464,58245120,36222736,34.54,3107806
1770194518125,1364.89,461.29,104382464,58245120,36224720,34.55,3107806
1770194518226,1371.42,463.88,104398848,58245120,36486200,34.80,3099616
1770194518327,1371.73,464.03,104398848,58245120,36488208,34.80,3099616
1770194518429,1374.80,466.49,104398848,58245120,36733584,35.03,3100956
1770194518530,1375.02,466.58,104398848,58245120,36735592,35.03,3100956
1770194518631,1375.28,466.71,104398848,58245120,36737576,35.04,3100956
1770194518732,1378.46,468.97,104398848,58245120,36983152,35.27,3110488
1770194518833,1378.73,469.08,104398848,58245120,36985160,35.27,3110488
1770194518934,1382.09,471.44,104398848,58245120,37230592,35.51,3111828
1770194519035,1382.36,471.56,104398848,58245120,37232600,35.51,3111828
1770194519136,1382.67,471.72,104398848,58245120,37234584,35.51,3111828
1770194519237,1389.39,474.24,104415232,58245120,37479984,35.74,3113168
1770194519338,1389.60,474.33,104415232,58245120,37481992,35.75,3113168
1770194519439,1393.05,476.72,104415232,58245120,37727264,35.98,3114508
1770194519540,1393.36,476.89,104415232,58245120,37729272,35.98,3114508
1770194519641,1393.67,477.06,104415232,58245120,37731256,35.98,3114508
1770194519742,1396.49,479.23,104415232,58245120,37976736,36.22,3124040
1770194519843,1396.79,479.38,104415232,58245120,37978744,36.22,3124040
1770194519944,1400.03,481.65,104415232,58245120,38223928,36.45,3125380
1770194520045,1400.34,481.80,104415232,58245120,38225936,36.46,3125380
1770194520146,1400.62,481.94,104415232,58245120,38227920,36.46,3125380
1770194520247,1411.69,484.43,104431616,58245120,38473816,36.69,3126720
1770194520348,1411.83,484.49,104431616,58245120,38475824,36.69,3126720
1770194520449,1414.19,486.10,104431616,58245120,38720896,36.93,3128060
1770194520550,1414.47,486.24,104431616,58245120,38722904,36.93,3128060
1770194520651,1414.73,486.38,104431616,58245120,38724888,36.93,3128060
1770194520752,1417.45,488.47,104431616,58245120,38970296,37.16,3137592
1770194520853,1417.71,488.60,104431616,58245120,38972304,37.17,3137592
1770194520954,1420.59,490.64,104431616,58245120,39217368,37.40,3138932
1770194521055,1420.87,490.77,104431616,58245120,39219376,37.40,3138932
1770194521155,1421.11,490.89,104431616,58245120,39221360,37.40,3138932
1770194521256,1423.64,492.93,104431616,58245120,39466376,37.64,3140272
1770194521357,1423.87,493.04,104431616,58245120,39468384,37.64,3140272
1770194521458,1430.17,494.82,104448000,58245120,39715520,37.88,3141612
1770194521559,1430.32,494.90,104448000,58245120,39717528,37.88,3141612
1770194521660,1432.30,496.26,104448000,58245120,39841704,38.00,3150476
1770194521761,1433.46,497.07,104448000,58245120,39964656,38.11,3151144
1770194521862,1433.70,497.19,104448000,58245120,39966664,38.12,3151144
1770194521963,1436.28,499.35,104448000,58245120,40211624,38.35,3152484
1770194522063,1436.57,499.51,104448000,58245120,40213632,38.35,3152484
1770194522163,1438.20,501.03,104546304,58245120,40337632,38.47,3153156
1770194522264,1439.10,501.92,104660992,58245120,40460584,38.59,3153824
1770194522365,1439.39,502.07,104660992,58245120,40462592,38.59,3153824
1770194522466,1442.69,504.39,104939520,58245120,40926560,39.03,3155164
1770194522567,1442.98,504.54,104955904,58245120,40928568,39.03,3155164
1770194522669,1446.17,506.94,105185280,58245120,41173760,39.27,3164696
1770194522770,1446.45,507.06,105185280,58245120,41175768,39.27,3164696
1770194522871,1446.74,507.18,105185280,58245120,41177752,39.27,3164696
1770194522972,1449.86,509.39,105414656,58245120,41422744,39.50,3166036
1770194523073,1450.16,509.54,105414656,58245120,41424752,39.51,3166036
1770194523173,1452.96,511.69,105676800,58245120,41669672,39.74,3167376
1770194523273,1453.13,511.75,105676800,58245120,41671680,39.74,3167376
1770194523374,1453.40,511.88,105676800,58245120,41673664,39.74,3167376
1770194523476,1458.40,514.18,105906176,58245120,41919720,39.98,3168716
1770194523576,1458.65,514.31,105906176,58245120,41921728,39.98,3168716
1770194523676,1461.56,516.58,106168320,58245120,42167048,40.21,3178248
1770194523777,1461.75,516.64,106168320,58245120,42169056,40.22,3178248
1770194523878,1462.06,516.82,106168320,58245120,42171040,40.22,3178248
1770194523979,1465.92,518.90,106397696,58245120,42416104,40.45,3179588
1770194524080,1466.18,519.02,106397696,58245120,42418112,40.45,3179588
1770194524180,1469.54,521.48,106627072,58245120,42663048,40.69,3180928
1770194524281,1469.73,521.53,106627072,58245120,42665056,40.69,3180928
1770194524381,1470.01,521.70,106643456,58245120,42667040,40.69,3180928
1770194524482,1475.36,523.82,106872832,58245120,42912456,40.92,3182268
1770194524583,1475.56,523.93,106872832,58245120,42914464,40.93,3182268
1770194524683,1480.82,526.14,107102208,58245120,43176632,41.18,3191800
1770194524784,1480.93,526.19,107102208,58245120,43178640,41.18,3191800
1770194524885,1481.09,526.29,107102208,58245120,43180624,41.18,3191800
1770194524986,1483.93,528.51,107347968,58245120,43424096,41.41,3193140
1770194525087,1484.18,528.63,107347968,58245120,43426104,41.41,3193140
1770194525188,1486.84,530.66,107577344,58245120,43669664,41.65,3194480
1770194525289,1486.98,530.72,107577344,58245120,43671672,41.65,3194480
1770194525390,1487.21,530.85,107577344,58245120,43673656,41.65,3194480
1770194525491,1493.43,533.27,107806720,58245120,43917624,41.88,3195820
1770194525592,1493.63,533.37,107806720,58245120,43919632,41.89,3195820
1770194525692,1496.09,535.27,108068864,58245120,44163120,42.12,3205352
1770194525793,1496.27,535.33,108085248,58245120,44165128,42.12,3205352
1770194525894,1496.56,535.49,108085248,58245120,44167112,42.12,3205352
1770194525996,1502.53,537.85,108314624,58245120,37665776,35.92,3206692
1770194526096,1502.76,537.95,108314624,58245120,37667784,35.92,3206692
1770194526197,1508.85,540.22,108314624,58245120,37912944,36.16,3109148
1770194526298,1509.03,540.29,108314624,58245120,37914952,36.16,3109148
1770194526398,1509.29,540.44,108314624,58245120,37916936,36.16,3109148
1770194526500,1511.99,542.58,108314624,58245120,38160032,36.39,3110488
1770194526601,1512.22,542.68,108314624,58245120,38162016,36.39,3110488
1770194526701,1514.86,544.65,108314624,58245120,38405336,36.63,3120020
1770194526802,1515.02,544.71,108314624,58245120,38407344,36.63,3120020
1770194526903,1515.27,544.84,108314624,58245120,38409328,36.63,3120020
1770194527004,1539.05,547.13,108331008,58245120,38703352,36.91,3121360
1770194527105,1539.31,547.24,108331008,58245120,38705360,36.91,3121360
1770194527206,1544.10,549.43,108331008,58245120,38946672,37.14,3122700
1770194527306,1544.27,549.50,108331008,58245120,38948680,37.14,3122700
1770194527407,1544.54,549.64,108331008,58245120,38950664,37.15,3122700
1770194527507,1546.98,551.59,108331008,58245120,39191768,37.38,3124040
1770194527609,1547.19,551.69,108331008,58245120,39193752,37.38,3124040
1770194527710,1561.16,553.95,108331008,58245120,39435264,37.61,3133572
1770194527810,1579.21,554.16,108396544,58245120,39438424,37.61,3133572
1770194527911,1579.41,554.25,108396544,58245120,39440408,37.61,3133572
1770194528012,1587.58,556.46,108396544,58245120,39679272,37.84,3134912
1770194528113,1587.87,556.57,108396544,58245120,39681280,37.84,3134912
1770194528214,1591.03,558.62,108396544,58245120,39919232,38.07,3136252
1770194528315,1591.28,558.72,108396544,58245120,39921240,38.07,3136252
1770194528415,1591.53,558.84,108396544,58245120,39923224,38.07,3136252
1770194528517,1597.89,560.32,108396544,58245120,40161704,38.30,3137592
1770194528618,1598.16,560.46,108396544,58245120,40163688,38.30,3137592
1770194528718,1600.67,562.41,108396544,58245120,40401960,38.53,3147124
1770194528820,1600.81,562.48,108396544,58245120,40403968,38.53,3147124
1770194528921,1601.04,562.59,108396544,58245120,40405952,38.53,3147124
1770194529022,1603.69,564.55,108511232,58245120,40649096,38.77,3148464
1770194529123,1603.98,564.66,108511232,58245120,40651104,38.77,3148464
1770194529224,1606.77,566.89,108724224,58245120,40889696,39.00,3149804
1770194529326,1606.96,566.96,108724224,58245120,40891704,39.00,3149804
1770194529427,1607.25,567.11,108740608,58245120,40893688,39.00,3149804
1770194529528,1610.12,569.24,108953600,58245120,41132800,39.23,3151144
1770194529629,1610.40,569.38,108953600,58245120,41134784,39.23,3151144
1770194529730,1612.99,571.47,109182976,58245120,41372896,39.46,3160676
1770194529831,1613.11,571.53,109182976,58245120,41374904,39.46,3160676
1770194529932,1613.30,571.64,109182976,58245120,41376888,39.46,3160676
1770194530033,1615.97,573.86,109412352,58245120,41614984,39.69,3162016
1770194530135,1616.26,574.01,109412352,58245120,41616992,39.69,3162016
1770194530236,1619.75,576.62,109641728,58245120,41855192,39.92,3163356
1770194530337,1619.98,576.72,109641728,58245120,41857200,39.92,3163356
1770194530439,1620.28,576.83,109641728,58245120,41859184,39.92,3163356
1770194530540,1624.98,579.16,109871104,58245120,42100408,40.15,3164696
1770194530641,1625.19,579.28,109871104,58245120,42102392,40.15,3164696
1770194530742,1628.94,581.54,110100480,58245120,42340848,40.38,3174228
1770194530842,1629.14,581.63,110100480,58245120,42342856,40.38,3174228
1770194530943,1629.41,581.75,110100480,58245120,42344840,40.38,3174228
1770194531045,1632.44,584.15,110329856,58245120,42582944,40.61,3175568
1770194531146,1632.71,584.29,110329856,58245120,42584952,40.61,3175568
1770194531247,1636.48,586.58,110559232,58245120,42823248,40.84,3176908
1770194531347,1636.71,586.68,110559232,58245120,42825256,40.84,3176908
1770194531449,1637.01,586.81,110559232,58245120,42827240,40.84,3176908
1770194531550,1639.83,588.91,110788608,58245120,43065592,41.07,3178248
1770194531650,1640.12,589.06,110788608,58245120,43067576,41.07,3178248
1770194531752,1642.77,591.13,111001600,58245120,43306128,41.30,3187780
1770194531853,1643.02,591.24,111001600,58245120,43308136,41.30,3187780
1770194531954,1643.33,591.42,111017984,58245120,43310120,41.30,3187780
1770194532055,1646.27,593.63,111230976,58245120,43548424,41.53,3189120
1770194532155,1646.52,593.75,111230976,58245120,43550432,41.53,3189120
1770194532256,1649.48,595.97,111460352,58245120,43790808,41.76,3190460
1770194532356,1649.72,596.07,111460352,58245120,43792816,41.76,3190460
1770194532457,1650.03,596.20,111460352,58245120,43794800,41.77,3190460
1770194532558,1654.53,598.58,111689728,58245120,44037448,42.00,3191800
1770194532659,1654.82,598.71,111689728,58245120,44039432,42.00,3191800
1770194532760,1659.26,600.74,111919104,58245120,44279160,42.23,3201332
1770194532861,1659.51,600.85,111919104,58245120,44281168,42.23,3201332
1770194532961,1659.70,600.93,111919104,58245120,44283152,42.23,3201332
1770194533063,1665.70,605.72,98091008,43827200,38680360,36.89,3202672
1770194533164,1666.01,605.85,98091008,43827200,38682360,36.89,3202672
1770194533265,1668.73,607.98,98091008,43827200,38920576,37.12,3109148
1770194533366,1668.94,608.07,98091008,43827200,38922552,37.12,3109148
1770194533468,1669.23,608.19,98091008,43827200,38924528,37.12,3109148
1770194533569,1671.57,610.14,98091008,43827200,39164848,37.35,3110488
1770194533670,1671.81,610.25,98091008,43827200,39166824,37.35,3110488
1770194533771,1675.02,612.54,98091008,43827200,39405016,37.58,3120020
1770194533872,1675.27,612.64,98091008,43827200,39406992,37.58,3120020
1770194533973,1675.50,612.75,98091008,43827200,39408968,37.58,3120020
1770194534074,1678.10,614.82,98091008,43827200,39646960,37.81,3121360
1770194534174,1678.34,614.95,98091008,43827200,39648936,37.81,3121360
1770194534276,1683.41,617.47,98828288,50905088,38774120,36.98,3122700
1770194534377,1683.65,617.59,98828288,50905088,38776096,36.98,3122700
1770194534479,1684.00,617.73,98828288,50905088,38778072,36.98,3122700
1770194534580,1686.59,619.90,99057664,50905088,39015784,37.21,3109816
1770194534681,1686.88,620.05,99057664,50905088,39017784,37.21,3109816
1770194534782,1689.45,622.09,99287040,50905088,39256672,37.44,3119348
1770194534883,1689.73,622.22,99287040,50905088,39258672,37.44,3119348
1770194534984,1690.03,622.37,99287040,50905088,39260648,37.44,3119348
1770194535085,1696.81,624.67,99532800,50905088,39503112,37.67,3120688
1770194535186,1697.10,624.82,99532800,50905088,39505112,37.68,3120688
1770194535286,1699.68,626.90,99762176,50905088,39742712,37.90,3122028
1770194535388,1699.95,627.04,99762176,50905088,39744712,37.90,3122028
1770194535489,1700.20,627.14,99762176,50905088,39746688,37.91,3122028
1770194535590,1702.38,629.11,99975168,50905088,39984520,38.13,3123368
1770194535692,1702.62,629.29,99991552,50905088,39986520,38.13,3123368
1770194535793,1704.94,631.29,100204544,50905088,40224968,38.36,3132900
1770194535894,1705.32,631.45,100204544,50905088,40226976,38.36,3132900
1770194535994,1706.34,631.64,100204544,50905088,40228960,38.37,3132900
1770194536095,1708.95,633.78,100433920,50905088,40466760,38.59,3134240
1770194536197,1709.23,633.93,100433920,50905088,40468768,38.59,3134240
1770194536298,1711.76,635.99,100663296,50905088,40707000,38.82,3135580
1770194536398,1711.95,636.08,100663296,50905088,40709008,38.82,3135580
1770194536500,1712.22,636.21,100663296,50905088,40710992,38.83,3135580
1770194536601,1714.99,638.37,100892672,50905088,40951680,39.05,3136920
1770194536702,1715.28,638.50,100892672,50905088,40953688,39.06,3136920
1770194536803,1731.33,640.82,101122048,50905088,41204400,39.30,3146452
1770194536904,1731.62,640.97,101122048,50905088,41206408,39.30,3146452
1770194537004,1731.87,641.12,101122048,50905088,41208392,39.30,3146452
1770194537106,1735.33,643.28,101335040,50905088,41446848,39.53,3147792
1770194537206,1735.50,643.39,101351424,50905088,41448856,39.53,3147792
1770194537308,1738.27,645.66,101564416,50905088,41685632,39.75,3149132
1770194537408,1738.53,645.78,101564416,50905088,41687640,39.76,3149132
1770194537510,1739.69,646.98,101695488,50905088,41809872,39.87,3149804
1770194537611,1740.96,647.97,101793792,50905088,41927704,39.99,3150472
1770194537712,1741.15,648.07,101793792,50905088,41929712,39.99,3150472
1770194537813,1743.66,650.23,102023168,50905088,42169416,40.22,3160004
1770194537914,1745.27,650.52,102039552,50905088,42211048,40.26,3160008
1770194538016,1747.24,651.87,102154240,50905088,42333432,40.37,3160680
1770194538117,1749.82,652.81,102268928,50905088,42458944,40.49,3161348
1770194538218,1750.11,652.94,102268928,50905088,42460952,40.49,3161348
1770194538319,1752.88,654.91,102498304,50905088,42695984,40.72,3162688
1770194538420,1753.11,655.01,102498304,50905088,42697992,40.72,3162688
1770194538520,1755.08,656.40,102629376,50905088,42816944,40.83,3163360
1770194538620,1756.12,657.28,102744064,50905088,42934896,40.95,3164028
1770194538721,1756.43,657.46,102744064,50905088,42936904,40.95,3164028
1770194538822,1761.70,659.40,102973440,50905088,39503184,37.67,3173560
1770194538922,1762.00,659.57,102973440,50905088,39505192,37.68,3173560
1770194539023,1764.30,661.00,102973440,50905088,39624176,37.79,3108480
1770194539125,1765.33,661.87,102973440,50905088,39742128,37.90,3109148
1770194539226,1765.61,661.99,102973440,50905088,39744112,37.90,3109148
1770194539327,1768.86,664.37,102973440,50905088,39979048,38.13,3110488
1770194539428,1769.17,664.52,102973440,50905088,39981032,38.13,3110488
1770194539528,1771.69,666.59,102973440,50905088,40249096,38.38,3111828
1770194539629,1771.87,666.66,102973440,50905088,40251080,38.39,3111828
1770194539730,1772.14,666.79,102973440,50905088,40253064,38.39,3111828
1770194539841,1905.04,678.75,149602304,95207424,64964712,61.96,3108480
1770194539940,2129.16,684.88,171638784,117227520,94754608,90.37,3098948
1770194540042,2278.75,687.61,174227456,119062528,93172768,88.86,3102350
1770194540143,2278.81,687.66,174227456,119062528,93174784,88.86,3102350
1770194540244,2278.96,687.71,174227456,119062528,93176776,88.86,3102350
1770194540346,2286.57,689.73,174227456,119062528,93431768,89.10,3103690
1770194540448,2286.90,689.88,174227456,119062528,93433784,89.11,3103690
1770194540549,2290.18,691.88,174227456,119062528,93686672,89.35,3113222
1770194540650,2290.47,691.99,174227456,119062528,93688688,89.35,3113222
1770194540751,2290.81,692.16,174227456,119062528,93690680,89.35,3113222
1770194540852,2293.69,693.96,174243840,119062528,93943304,89.59,3114562
1770194540953,2293.93,694.06,174243840,119062528,93945320,89.59,3114562
1770194541053,2296.71,695.82,174243840,119062528,94198040,89.83,3115902
1770194541153,2296.88,695.91,174243840,119062528,94200056,89.84,3115902
1770194541255,2297.06,696.02,174243840,119062528,94202048,89.84,3115902
1770194541355,2303.24,697.78,174243840,119062528,94454528,90.08,3117242
1770194541455,2303.54,697.92,174243840,119062528,94456544,90.08,3117242
1770194541557,2309.65,699.91,174260224,119062528,94709384,90.32,3126774
1770194541657,2309.83,700.01,174260224,119062528,94711400,90.32,3126774
1770194541758,2310.03,700.13,174260224,119062528,94713392,90.33,3126774
1770194541860,2312.39,701.76,174260224,119062528,94965248,90.57,3128114
1770194541961,2312.61,701.88,174260224,119062528,94967264,90.57,3128114
1770194542062,2315.77,703.77,174260224,119062528,95219024,90.81,3129454
1770194542163,2316.03,703.89,174260224,119062528,95221040,90.81,3129454
1770194542263,2316.36,704.05,174260224,119062528,95223032,90.81,3129454
1770194542365,2319.37,705.80,174276608,119062528,95474816,91.05,3130794
1770194542466,2319.68,705.96,174276608,119062528,95476832,91.05,3130794
1770194542566,2325.08,708.20,174276608,119062528,95728856,91.29,3140326
1770194542668,2325.38,708.34,174276608,119062528,95730872,91.30,3140326
1770194542768,2325.67,708.50,174276608,119062528,95732864,91.30,3140326
1770194542870,2328.83,710.46,174276608,119062528,95984752,91.54,3141666
1770194542970,2329.14,710.59,174276608,119062528,95986768,91.54,3141666
1770194543071,2334.81,712.67,174292992,119062528,96239832,91.78,3143006
1770194543173,2335.09,712.78,174292992,119062528,96241848,91.78,3143006
1770194543274,2335.41,712.94,174292992,119062528,96243840,91.79,3143006
1770194543375,2338.37,714.85,174309376,119062528,96495584,92.03,3144346
1770194543475,2338.67,714.96,174309376,119062528,96497600,92.03,3144346
1770194543577,2341.68,716.84,174309376,119062528,96749624,92.27,3153878
1770194543678,2342.00,717.02,174309376,119062528,96751640,92.27,3153878
1770194543780,2342.32,717.17,174309376,119062528,96753632,92.27,3153878
1770194543880,2345.17,718.99,174309376,119062528,97005408,92.51,3155218
1770194543981,2345.45,719.12,174309376,119062528,97007424,92.51,3155218
1770194544082,2348.26,720.86,174309376,119062528,97259176,92.75,3156558
1770194544183,2348.45,720.96,174309376,119062528,97261192,92.76,3156558
1770194544284,2348.69,721.07,174309376,119062528,97263184,92.76,3156558
1770194544385,2353.30,723.04,174309376,119062528,97515192,93.00,3157898
1770194544486,2353.57,723.16,174309376,119062528,97517208,93.00,3157898
1770194544587,2356.52,725.01,174309376,119062528,97769312,93.24,3167430
1770194544687,2356.77,725.12,174309376,119062528,97771360,93.24,3167430
1770194544788,2357.11,725.27,174309376,119062528,97773384,93.24,3167430
1770194544890,2360.48,727.35,174325760,119324672,98283024,93.73,3168770
1770194544991,2360.77,727.45,174325760,119324672,98285040,93.73,3168770
1770194545092,2372.78,730.56,174587904,120373248,84543088,80.63,3170110
1770194545192,2372.99,730.64,174587904,120373248,84545104,80.63,3170110
1770194545293,2373.27,730.77,174587904,120373248,84547096,80.63,3170110
1770194545394,2376.59,732.80,174587904,120373248,84798840,80.87,3111870
1770194545495,2376.86,732.93,174587904,120373248,84800856,80.87,3111870
1770194545595,2379.97,734.85,174587904,120373248,85052936,81.11,3121402
1770194545697,2380.20,734.94,174587904,120373248,85054952,81.11,3121402
1770194545798,2380.51,735.06,174587904,120373248,85056944,81.12,3121402
1770194545898,2383.17,736.85,174604288,120373248,85308760,81.36,3122742
1770194545999,2383.42,736.97,174604288,120373248,85310776,81.36,3122742
1770194546101,2386.50,738.86,174604288,120373248,85562536,81.60,3124082
1770194546202,2386.73,738.98,174604288,120373248,85564552,81.60,3124082
1770194546303,2386.99,739.11,174604288,120373248,85566544,81.60,3124082
1770194546404,2393.07,740.95,174604288,120373248,85819768,81.84,3125422
1770194546505,2393.38,741.12,174604288,120373248,85821784,81.85,3125422
1770194546606,2395.71,742.60,174604288,120373248,86073792,82.09,3134954
1770194546707,2395.94,742.70,174604288,120373248,86075808,82.09,3134954
1770194546809,2396.23,742.83,174604288,120373248,86077800,82.09,3134954
1770194546910,2399.13,744.61,174604288,120373248,86329576,82.33,3136294
1770194547010,2399.37,744.73,174604288,120373248,86331592,82.33,3136294
1770194547111,2402.84,746.53,174620672,120373248,86592184,82.58,3137634
1770194547213,2403.06,746.64,174620672,120373248,86594200,82.58,3137634
1770194547314,2403.36,746.77,174620672,120373248,86596192,82.58,3137634
1770194547415,2406.23,748.72,174620672,120373248,86848008,82.82,3138974
1770194547516,2406.53,748.84,174620672,120373248,86850024,82.83,3138974
1770194547618,2409.27,750.67,174620672,120373248,87102048,83.07,3148506
1770194547718,2409.52,750.79,174620672,120373248,87104064,83.07,3148506
1770194547820,2409.84,750.95,174620672,120373248,87106056,83.07,3148506
1770194547921,2412.89,752.86,174620672,120373248,87357880,83.31,3149846
1770194548022,2487.95,767.57,120029184,65060864,38547120,36.76,3107850
1770194548122,2492.55,769.38,120029184,65060864,39083696,37.27,3109190
1770194548223,2492.78,769.50,120029184,65060864,39085704,37.28,3109190
1770194548325,2493.08,769.63,120029184,65060864,39087688,37.28,3109190
1770194548425,2497.00,771.27,120029184,65060864,39362896,37.54,3110530
1770194548527,2497.32,771.39,120029184,65060864,39364904,37.54,3110530
1770194548627,2562.43,778.49,96305152,42516480,37889128,36.13,3107850
1770194548729,2562.66,778.56,96305152,42516480,37894592,36.14,3107850
1770194548834,2565.53,779.73,96501760,42516480,38304288,36.53,3108522
1770194548935,2566.81,780.60,96616448,42516480,38437560,36.66,3109190
1770194549035,2567.07,780.71,96616448,42516480,38439560,36.66,3109190
1770194549136,2570.21,782.42,96878592,42516480,38705200,36.91,3110530
1770194549238,2637.43,785.56,96518144,41467904,37936032,36.18,3107850
1770194549337,2640.89,786.70,96665600,41467904,38122488,36.36,3108522
1770194549443,2643.17,787.53,96796672,41467904,38323352,36.55,3109190
1770194549544,2643.49,787.71,96813056,41467904,38325352,36.55,3109190
1770194549645,2654.06,789.87,97058816,41467904,38603944,36.82,3118722
1770194549746,2654.33,789.99,97058816,41467904,38605944,36.82,3118722
1770194549846,2657.74,791.85,97320960,41467904,38871768,37.07,3120062
1770194549948,2657.91,791.92,97320960,41467904,38873768,37.07,3120062
1770194550049,2658.22,792.06,97320960,41467904,38875744,37.07,3120062
1770194550150,2662.15,794.13,97910784,44613632,38266512,36.49,3118722
1770194550251,2662.45,794.28,97910784,44613632,38268488,36.50,3118722
1770194550351,2666.29,796.23,98205696,44875776,38792816,37.00,3120062
1770194550452,2666.48,796.30,98205696,44875776,38794792,37.00,3120062
1770194550553,2666.82,796.46,98205696,44875776,38796768,37.00,3120062
1770194550654,2669.45,798.04,98451456,44875776,39062560,37.25,3129594
1770194550754,2669.77,798.22,98467840,44875776,39064560,37.25,3129594
1770194550855,2674.76,800.22,98729984,44875776,39330280,37.51,3130934
1770194550955,2674.95,800.30,98729984,44875776,39332280,37.51,3130934
1770194551057,2675.23,800.43,98729984,44875776,39334256,37.51,3130934
1770194551157,2678.39,802.31,98992128,44875776,39599856,37.77,3132274
1770194551258,2678.70,802.45,98992128,44875776,39601856,37.77,3132274
1770194551358,2682.28,804.45,99237888,44875776,39867544,38.02,3133614
1770194551460,2682.51,804.53,99237888,44875776,39869544,38.02,3133614
1770194551561,2682.83,804.69,99254272,44875776,39871520,38.02,3133614
1770194551662,2687.67,806.65,99516416,44875776,40137448,38.28,3143146
1770194551763,2687.95,806.78,99516416,44875776,40139448,38.28,3143146
1770194551864,2693.26,808.22,99598336,44875776,38777088,36.98,3118722
1770194551966,2693.44,808.28,99598336,44875776,38779064,36.98,3118722
1770194552067,2693.71,808.40,99598336,44875776,38781040,36.98,3118722
1770194552168,2696.99,810.27,99598336,44875776,39046608,37.24,3120062
1770194552269,2697.27,810.40,99598336,44875776,39048584,37.24,3120062
1770194552370,2700.73,812.28,99598336,44875776,39314288,37.49,3121402
1770194552471,2700.91,812.36,99598336,44875776,39316288,37.49,3121402
1770194552572,2701.20,812.47,99598336,44875776,39318264,37.50,3121402
1770194552673,2710.52,814.61,99844096,44875776,39584448,37.75,3130934
1770194552774,2710.83,814.79,99844096,44875776,39586424,37.75,3130934
1770194552874,2714.11,816.82,100106240,44875776,39851912,38.01,3132274
1770194552975,2714.36,816.91,100106240,44875776,39853896,38.01,3132274
1770194553076,2714.69,817.07,100106240,44875776,39855880,38.01,3132274
1770194553177,2724.46,819.03,100384768,44875776,40121640,38.26,3133614
1770194553277,2724.77,819.19,100401152,44875776,40123624,38.26,3133614
1770194553379,2729.39,820.77,100614144,44875776,38860400,37.06,3134954
1770194553480,2729.53,820.84,100614144,44875776,38862408,37.06,3134954
1770194553581,2729.80,821.00,100614144,44875776,38864392,37.06,3134954
1770194553682,2736.70,823.13,100630528,44875776,39130016,37.32,3127582
1770194553782,2736.99,823.29,100630528,44875776,39132024,37.32,3127582
1770194553884,2740.57,825.40,100630528,44875776,39397080,37.57,3128922
1770194553986,2740.81,825.51,100630528,44875776,39399088,37.57,3128922
1770194554087,2741.05,825.67,100630528,44875776,39401072,37.58,3128922
1770194554187,2744.32,827.67,100630528,44875776,39666168,37.83,3130262
1770194554288,2744.62,827.81,100630528,44875776,39668176,37.83,3130262
1770194554390,2749.35,829.71,100630528,44875776,39933168,38.08,3131602
1770194554491,2749.59,829.83,100630528,44875776,39935176,38.09,3131602
1770194554592,2749.89,830.00,100630528,44875776,39937160,38.09,3131602
1770194554693,2754.59,832.04,100630528,44875776,40202360,38.34,3141134
1770194554793,2754.91,832.20,100630528,44875776,40204368,38.34,3141134
1770194554894,2758.67,834.34,100646912,44875776,40469016,38.59,3142474
1770194554995,2758.94,834.47,100646912,44875776,40471024,38.60,3142474
1770194555095,2759.24,834.62,100646912,44875776,40473008,38.60,3142474
1770194555197,2764.89,836.85,100646912,44875776,39181512,37.37,3118722
1770194555298,2765.20,837.00,100646912,44875776,39183496,37.37,3118722
1770194555399,2768.34,838.92,100646912,44875776,39448360,37.62,3120062
1770194555499,2768.56,839.03,100646912,44875776,39450344,37.62,3120062
1770194555600,2768.77,839.11,100646912,44875776,39452328,37.62,3120062
1770194555701,2777.75,841.29,100646912,44875776,39717400,37.88,3129594
1770194555802,2778.04,841.43,100646912,44875776,39719384,37.88,3129594
1770194555902,2781.40,843.42,100646912,44875776,39981672,38.13,3130934
1770194556004,2781.67,843.54,100646912,44875776,39983656,38.13,3130934
1770194556105,2781.97,843.68,100646912,44875776,39985640,38.13,3130934
1770194556206,2785.93,845.67,100663296,44875776,40247848,38.38,3132274
1770194556307,2786.25,845.82,100663296,44875776,40249832,38.39,3132274
1770194556407,2789.80,847.83,100663296,44875776,40512088,38.64,3133614
1770194556509,2790.10,847.97,100663296,44875776,40514072,38.64,3133614
1770194556610,2790.43,848.12,100663296,44875776,40516056,38.64,3133614
1770194556710,2794.18,850.29,100663296,44875776,40778592,38.89,3143146
1770194556811,2794.49,850.45,100663296,44875776,40780576,38.89,3143146
1770194556913,2800.14,852.60,100827136,45137920,39503040,37.67,3118722
1770194557014,2800.41,852.74,100827136,45137920,39505024,37.67,3118722
1770194557115,2800.71,852.90,100827136,45137920,39507008,37.68,3118722
1770194557216,2803.94,854.71,100827136,45137920,39769168,37.93,3120062
1770194557317,2804.23,854.85,100827136,45137920,39771152,37.93,3120062
1770194557419,2807.66,856.64,100843520,45137920,40033312,38.18,3121402
1770194557520,2807.96,856.77,100843520,45137920,40035296,38.18,3121402
1770194557622,2808.27,856.93,100843520,45137920,40037280,38.18,3121402
1770194557722,2810.29,858.32,100843520,45137920,40299704,38.43,3130934
1770194557824,2810.57,858.46,100843520,45137920,40301688,38.43,3130934
1770194557924,2813.57,860.18,100843520,45137920,40564392,38.69,3132274
1770194558026,2813.78,860.29,100843520,45137920,40566376,38.69,3132274
1770194558126,2813.97,860.37,100843520,45137920,40568360,38.69,3132274
1770194558228,2818.52,862.25,100843520,45137920,40831136,38.94,3133614
1770194558328,2818.82,862.36,100843520,45137920,40833120,38.94,3133614
1770194558429,2834.35,864.57,101089280,45400064,39559664,37.73,3134954
1770194558529,2834.59,864.70,101089280,45400064,39561648,37.73,3134954
1770194558631,2834.82,864.80,101089280,45400064,39563632,37.73,3134954
1770194558732,2837.77,866.60,101089280,45400064,39824720,37.98,3127582
1770194558832,2837.99,866.70,101089280,45400064,39826704,37.98,3127582
1770194558934,2849.09,868.79,101105664,45400064,40089168,38.23,3128922
1770194559036,2849.39,868.92,101105664,45400064,40091152,38.23,3128922
1770194559136,2849.67,869.05,101105664,45400064,40093136,38.24,3128922
1770194559238,2852.61,870.94,101105664,45400064,40348424,38.48,3130262
1770194559339,2852.90,871.05,101105664,45400064,40350408,38.48,3130262
1770194559440,2863.57,873.07,101105664,45400064,40606664,38.73,3131602
1770194559540,2863.84,873.19,101105664,45400064,40608648,38.73,3131602
1770194559641,2864.14,873.35,101105664,45400064,40610632,38.73,3131602
1770194559743,2867.27,875.27,101122048,45400064,40866152,38.97,3141134
1770194559843,2867.56,875.43,101122048,45400064,40868136,38.97,3141134
1770194559945,2873.61,877.32,101122048,45400064,41124384,39.22,3142474
1770194560046,2873.79,877.42,101122048,45400064,41126368,39.22,3142474
1770194560147,2874.07,877.53,101122048,45400064,41128352,39.22,3142474
1770194560248,2880.32,880.45,101629952,50380800,39904736,38.06,3118722
1770194560348,2880.61,880.60,101629952,50380800,39906720,38.06,3118722
1770194560450,2883.70,882.71,101646336,50380800,40161256,38.30,3120062
1770194560550,2883.99,882.85,101646336,50380800,40163240,38.30,3120062
1770194560651,2884.25,882.98,101646336,50380800,40165224,38.30,3120062
1770194560752,2887.52,884.94,101646336,50380800,40419952,38.55,3129594
1770194560853,2887.78,885.06,101646336,50380800,40421936,38.55,3129594
1770194560954,2894.01,886.78,101662720,50380800,40678952,38.79,3130934
1770194561055,2894.26,886.90,101662720,50380800,40680936,38.80,3130934
1770194561156,2894.53,887.07,101662720,50380800,40682920,38.80,3130934
1770194561256,2897.14,888.96,101711872,50380800,40937432,39.04,3132274
1770194561358,2897.41,889.11,101711872,50380800,40939416,39.04,3132274
1770194561459,2901.56,890.54,101711872,50380800,41193992,39.29,3133614
1770194561560,2901.84,890.67,101711872,50380800,41195976,39.29,3133614
1770194561660,2902.13,890.83,101711872,50380800,41197960,39.29,3133614
1770194561761,2905.43,892.97,101711872,50380800,41452608,39.53,3143146
1770194561863,2905.60,893.07,101711872,50380800,41454592,39.53,3143146
1770194561964,2907.45,894.43,101941248,50380800,41709048,39.78,3144486
1770194562064,2907.70,894.54,101941248,50380800,41711056,39.78,3144486
1770194562168,2909.60,895.80,102055936,50380800,41892584,39.95,3145158
1770194562269,2910.83,896.57,102187008,50380800,42020288,40.07,3145826
1770194562370,2911.13,896.72,102187008,50380800,42022296,40.08,3145826
1770194562471,2914.12,898.76,102449152,50380800,42276768,40.32,3147166
1770194562572,2914.43,898.92,102449152,50380800,42278776,40.32,3147166
1770194562671,2916.33,900.15,102563840,50380800,42407488,40.44,3147838
1770194562772,2917.37,900.90,102694912,50380800,42535416,40.56,3156698
1770194562874,2917.66,901.04,102694912,50380800,42537424,40.57,3156698
1770194562975,2920.92,902.96,102940672,50380800,42792016,40.81,3158038
1770194563076,2921.21,903.10,102940672,50380800,42794024,40.81,3158038
1770194563176,2923.13,904.30,103055360,50380800,42922744,40.93,3158710
1770194563277,2924.41,905.24,103186432,50380800,43050448,41.06,3159378
1770194563378,2924.69,905.38,103186432,50380800,43052456,41.06,3159378
1770194563479,2932.27,906.93,103677952,50380800,40265072,38.40,3160718
1770194563580,2932.52,907.04,103677952,50380800,40267080,38.40,3160718
1770194563681,2937.06,909.00,103677952,50380800,40521696,38.64,3126914
1770194563782,2957.14,909.30,103710720,50380800,40681976,38.80,3126914
1770194563883,2957.41,909.43,103710720,50380800,40683960,38.80,3126914
1770194563984,2960.84,911.52,103710720,50380800,40936304,39.04,3128254
1770194564084,2961.14,911.66,103710720,50380800,40938312,39.04,3128254
1770194564184,2967.46,913.77,103710720,50380800,41190952,39.28,3129594
1770194564285,2993.11,914.04,103743488,50380800,41238344,39.33,3129594
1770194564386,2993.38,914.17,103743488,50380800,41240328,39.33,3129594
1770194564486,2996.23,915.93,103743488,50380800,41489664,39.57,3130934
1770194564587,2996.54,916.07,103743488,50380800,41491648,39.57,3130934
1770194564688,2999.76,918.08,103759872,50380800,41741144,39.81,3140466
1770194564790,2999.96,918.14,103759872,50380800,41743152,39.81,3140466
1770194564890,3000.26,918.30,103759872,50380800,41745136,39.81,3140466
1770194564992,3005.51,920.23,103792640,50380800,41994424,40.05,3141806
1770194565092,3005.77,920.35,103792640,50380800,41996432,40.05,3141806
1770194565193,3008.89,922.25,104022016,50380800,42245904,40.29,3143146
1770194565295,3009.09,922.31,104038400,50380800,42247888,40.29,3143146
1770194565396,3009.41,922.46,104038400,50380800,42249872,40.29,3143146
1770194565497,3015.11,924.69,104448000,50380800,42724688,40.75,3144486
1770194565598,3015.40,924.83,104448000,50380800,42726672,40.75,3144486
1770194565698,3022.82,926.92,104693760,50380800,42976256,40.99,3154018
1770194565800,3027.11,927.01,104693760,50380800,42979472,40.99,3154018
1770194565901,3027.42,927.17,104693760,50380800,42981456,40.99,3154018
1770194566003,3030.33,929.28,104923136,50380800,43228040,41.23,3155358
1770194566104,3030.65,929.43,104939520,50380800,43230048,41.23,3155358
1770194566205,3033.72,931.34,105185280,50380800,43476680,41.46,3156698
1770194566306,3033.90,931.39,105185280,50380800,43478664,41.46,3156698
1770194566406,3034.09,931.48,105185280,50380800,43480648,41.47,3156698
1770194566507,3038.64,933.63,105431040,50380800,43727280,41.70,3158038
1770194566608,3038.90,933.74,105431040,50380800,43729264,41.70,3158038
1770194566708,3042.91,936.25,105676800,50380800,43976128,41.94,3167570
1770194566808,3043.20,936.36,105676800,50380800,43978136,41.94,3167570
1770194566910,3043.46,936.52,105676800,50380800,43980120,41.94,3167570
1770194567011,3045.89,938.77,105906176,50380800,44226920,42.18,3168910
1770194567111,3046.09,938.87,105906176,50380800,44228928,42.18,3168910
1770194567213,3053.86,940.87,106381312,51167232,41394248,39.48,3118722
1770194567314,3054.05,940.95,106381312,51167232,41396232,39.48,3118722
1770194567415,3054.31,941.08,106381312,51167232,41398216,39.48,3118722
1770194567516,3059.02,943.08,106381312,51167232,41645432,39.72,3120062
1770194567616,3059.23,943.21,106381312,51167232,41647416,39.72,3120062
1770194567718,3061.88,945.22,106381312,51167232,41893944,39.95,3129594
1770194567819,3062.30,945.45,106381312,51167232,41895928,39.96,3129594
1770194567920,3062.69,945.60,106381312,51167232,41898216,39.96,3129594
1770194568020,3065.63,947.38,106381312,51167232,42144552,40.19,3130934
1770194568122,3065.88,947.52,106381312,51167232,42146536,40.19,3130934
1770194568223,3068.92,949.23,106381312,51167232,42392896,40.43,3132274
1770194568324,3069.19,949.37,106381312,51167232,42394880,40.43,3132274
1770194568424,3069.44,949.44,106381312,51167232,42396864,40.43,3132274
1770194568526,3072.59,951.47,106397696,51167232,42643144,40.67,3133614
1770194568627,3072.87,951.59,106397696,51167232,42645128,40.67,3133614
1770194568729,3075.81,953.56,106397696,51167232,42891632,40.90,3143146
1770194568830,3076.08,953.71,106397696,51167232,42893616,40.91,3143146
1770194568930,3076.34,953.86,106397696,51167232,42895600,40.91,3143146
1770194569031,3079.41,955.90,106397696,51167232,43141976,41.14,3144486
1770194569133,3079.69,956.03,106397696,51167232,43143960,41.15,3144486
1770194569233,3082.38,957.77,106397696,51167232,43390504,41.38,3145826
1770194569335,3082.65,957.88,106397696,51167232,43392488,41.38,3145826
1770194569435,3082.96,958.04,106397696,51167232,43394472,41.38,3145826
1770194569536,3085.80,959.86,106397696,51167232,43640768,41.62,3147166
1770194569637,3086.04,959.97,106397696,51167232,43642752,41.62,3147166
1770194569738,3089.34,962.16,106397696,51167232,43889304,41.86,3156698
1770194569839,3089.61,962.26,106397696,51167232,43891288,41.86,3156698
1770194569940,3089.92,962.42,106397696,51167232,43893272,41.86,3156698
1770194570042,3093.30,964.50,106414080,51167232,44139624,42.09,3158038
1770194570143,3093.61,964.66,106414080,51167232,44141608,42.10,3158038
1770194570244,3102.98,966.97,106905600,51691520,41639552,39.71,3159378
1770194570346,3103.24,967.08,106905600,51691520,41641536,39.71,3159378
1770194570447,3103.53,967.24,106905600,51691520,41643520,39.71,3159378
1770194570547,3108.36,968.97,106905600,51691520,41889888,39.95,3118722
1770194570649,3108.60,969.07,106905600,51691520,41891872,39.95,3118722
1770194570750,3127.54,971.15,106954752,51691520,42199280,40.24,3128254
1770194570851,3127.68,971.20,106954752,51691520,42201264,40.25,3128254
1770194570951,3127.95,971.33,106954752,51691520,42203248,40.25,3128254
1770194571052,3130.92,973.14,106954752,51691520,42441496,40.48,3129594
1770194571154,3131.18,973.26,106954752,51691520,42443480,40.48,3129594
1770194571255,3133.91,975.00,106954752,51691520,42681736,40.70,3130934
1770194571356,3134.13,975.10,106954752,51691520,42683720,40.71,3130934
1770194571456,3134.38,975.26,106954752,51691520,42685704,40.71,3130934
1770194571557,3137.14,976.96,106954752,51691520,42923888,40.94,3132274
1770194571658,3137.34,977.07,106954752,51691520,42925872,40.94,3132274
1770194571758,3141.36,979.04,106954752,51691520,43164328,41.16,3141806
1770194571859,3141.53,979.13,106954752,51691520,43166312,41.17,3141806
1770194571961,3141.67,979.24,106954752,51691520,43168296,41.17,3141806
1770194572061,3144.23,980.97,106954752,51691520,43408728,41.40,3143146
1770194572163,3144.46,981.07,106954752,51691520,43410712,41.40,3143146
1770194572264,3147.36,982.89,106954752,51691520,43800656,41.77,3144486
1770194572365,3147.57,982.98,106954752,51691520,43802640,41.77,3144486
1770194572465,3147.84,983.12,106954752,51691520,43804624,41.78,3144486
1770194572567,3150.55,984.85,106971136,51691520,44042904,42.00,3145826
1770194572668,3150.76,984.94,106971136,51691520,44044888,42.00,3145826
1770194572769,3153.54,986.68,106971136,51691520,44283304,42.23,3155358
1770194572871,3153.71,986.78,106971136,51691520,44285288,42.23,3155358
1770194572972,3153.86,986.87,106971136,51691520,44287272,42.24,3155358
1770194573073,3156.44,988.64,106971136,51691520,44525536,42.46,3156698
1770194573173,3156.72,988.77,106971136,51691520,44527520,42.46,3156698
1770194573275,3159.72,990.59,106971136,51691520,44765768,42.69,3158038
1770194573375,3159.96,990.70,106971136,51691520,44767752,42.69,3158038
1770194573475,3160.23,990.81,106971136,51691520,44769736,42.70,3158038
1770194573577,3165.02,993.00,107479040,52740096,42236072,40.28,3159378
1770194573677,3165.29,993.12,107479040,52740096,42238056,40.28,3159378
1770194573779,3168.47,995.05,107479040,52740096,42476464,40.51,3126914
1770194573880,3168.73,995.17,106971136,52740096,42478448,40.51,3126914
1770194573980,3168.89,995.30,104841216,52740096,42480432,40.51,3126914
1770194574081,3170.79,996.95,104382464,52740096,42718616,40.74,3128254
1770194574183,3170.99,997.03,104382464,52740096,42720600,40.74,3128254
1770194574283,3173.92,998.88,104382464,52740096,42958800,40.97,3129594
1770194574385,3174.24,999.01,104382464,52740096,42960784,40.97,3129594
1770194574486,3174.51,999.17,104382464,52740096,42962768,40.97,3129594
1770194574587,3177.51,1001.07,104382464,52740096,43201024,41.20,3130934
1770194574687,3177.72,1001.17,104382464,52740096,43203008,41.20,3130934
1770194574788,3180.03,1002.68,104382464,52740096,43441432,41.43,3140466
1770194574890,3180.27,1002.80,104382464,52740096,43443416,41.43,3140466
1770194574991,3180.52,1002.90,104382464,52740096,43445400,41.43,3140466
1770194575091,3183.30,1004.93,104267776,52740096,43683664,41.66,3141806
1770194575193,3183.59,1005.07,104267776,52740096,43685648,41.66,3141806
1770194575294,3186.18,1006.77,104267776,52740096,43923904,41.89,3143146
1770194575394,3186.48,1006.89,104267776,52740096,43925888,41.89,3143146
1770194575495,3188.14,1007.09,104267776,52740096,43928016,41.89,3143146
1770194575596,3191.14,1008.90,104267776,52740096,44166248,42.12,3144486
1770194575696,3191.38,1009.02,104267776,52740096,44168232,42.12,3144486
1770194575797,3193.95,1010.77,104267776,52740096,44406688,42.35,3154018
1770194575899,3194.15,1010.86,104267776,52740096,44408672,42.35,3154018
1770194576000,3194.38,1010.97,104267776,52740096,44410656,42.35,3154018
1770194576101,3196.11,1012.19,104071168,52740096,44648920,42.58,3155358
1770194576202,3196.36,1012.35,104071168,52740096,44650904,42.58,3155358
1770194576302,3198.68,1014.33,104087552,52740096,44889136,42.81,3156698
1770194576403,3198.87,1014.40,104087552,52740096,44891120,42.81,3156698
1770194576505,3199.16,1014.54,104087552,52740096,44893104,42.81,3156698
1770194576605,3201.90,1016.46,104087552,52740096,45131384,43.04,3158038
1770194576707,3202.09,1016.56,104087552,52740096,45133368,43.04,3158038
1770194576807,3206.05,1018.55,104480768,52740096,42735312,40.76,3167570
1770194576908,3206.30,1018.66,104480768,52740096,42737296,40.76,3167570
1770194577013,3208.48,1019.77,104398848,52740096,42857880,40.87,3118054
1770194577113,3209.46,1020.47,104398848,52740096,42977480,40.99,3118722
1770194577215,3209.71,1020.60,104398848,52740096,42979464,40.99,3118722
1770194577315,3212.74,1022.57,104398848,52740096,43217712,41.22,3120062
1770194577417,3213.05,1022.70,104398848,52740096,43219696,41.22,3120062
1770194577517,3216.16,1024.58,104398848,52740096,43457912,41.44,3121402
1770194577618,3216.32,1024.64,104398848,52740096,43459896,41.45,3121402
1770194577720,3216.56,1024.75,104398848,52740096,43461880,41.45,3121402
1770194577821,3219.19,1026.90,104415232,52740096,43700312,41.68,3130934
1770194577921,3219.43,1027.05,104415232,52740096,43702296,41.68,3130934
1770194578022,3221.91,1028.87,104415232,52740096,43940528,41.90,3132274
1770194578123,3222.11,1028.93,104415232,52740096,43942528,41.91,3132274
1770194578225,3222.40,1029.07,104415232,52740096,43944512,41.91,3132274
1770194578325,3228.19,1031.19,104415232,52740096,44183656,42.14,3133614
1770194578427,3228.41,1031.30,104415232,52740096,44185640,42.14,3133614
1770194578527,3230.91,1033.24,104415232,52740096,44423864,42.37,3134954
1770194578629,3231.10,1033.31,104415232,52740096,44425848,42.37,3134954
1770194578730,3231.37,1033.43,104415232,52740096,44427832,42.37,3134954
1770194578830,3233.86,1035.20,104431616,52740096,44666256,42.60,3144486
1770194578931,3234.11,1035.33,104431616,52740096,44668240,42.60,3144486
1770194579032,3236.32,1037.30,104431616,52740096,44906472,42.83,3145826
1770194579133,3236.45,1037.36,104431616,52740096,44908456,42.83,3145826
1770194579233,3236.63,1037.42,104431616,52740096,44910440,42.83,3145826
1770194579335,3239.27,1039.35,104431616,52740096,45148720,43.06,3147166
1770194579435,3239.51,1039.45,104431616,52740096,45150704,43.06,3147166
1770194579535,3247.16,1041.87,104448000,52740096,45389016,43.29,3148506
1770194579636,3247.32,1041.95,104448000,52740096,45391024,43.29,3148506
1770194579737,3247.61,1042.11,104448000,52740096,45393008,43.29,3148506
1770194579837,3250.52,1043.97,104448000,52740096,45631440,43.52,3158038
1770194579937,3250.82,1044.13,104448000,52740096,45633424,43.52,3158038
1770194580039,3253.17,1045.79,104464384,52740096,45871632,43.75,3159378
1770194580140,3253.43,1045.91,104464384,52740096,45873616,43.75,3159378
1770194580241,3314.84,1049.53,105414656,61390848,38567576,36.78,3117382
1770194580342,3319.02,1051.26,105414656,61390848,39067512,37.26,3109190
1770194580442,3319.18,1051.40,105414656,61390848,39069520,37.26,3109190
1770194580543,3321.63,1052.85,105414656,61390848,39318040,37.50,3110530
1770194580643,3321.84,1052.93,105414656,61390848,39320048,37.50,3110530
1770194580743,3322.09,1053.06,105414656,61390848,39322032,37.50,3110530
1770194580845,3324.66,1054.93,105414656,61390848,39570776,37.74,3120062
1770194580945,3324.90,1055.06,105414656,61390848,39572784,37.74,3120062
1770194581046,3326.88,1056.59,105414656,61390848,39821408,37.98,3121402
1770194581146,3327.14,1056.69,105414656,61390848,39823416,37.98,3121402
1770194581248,3327.40,1056.79,105414656,61390848,39825400,37.98,3121402
1770194581349,3330.80,1058.66,105332736,61390848,40073880,38.22,3122742
1770194581449,3331.11,1058.84,105332736,61390848,40075888,38.22,3122742
1770194581550,3333.92,1060.68,105332736,61390848,40324448,38.46,3124082
1770194581651,3334.15,1060.78,105332736,61390848,40326456,38.46,3124082
1770194581753,3334.48,1060.96,105234432,61390848,40328440,38.46,3124082
1770194581853,3338.33,1063.20,105234432,61390848,40577232,38.70,3133614
1770194581955,3338.65,1063.33,105234432,61390848,40579240,38.70,3133614
1770194582056,3341.68,1065.30,105234432,61390848,40827720,38.94,3134954
1770194582157,3341.88,1065.38,105234432,61390848,40829728,38.94,3134954
1770194582257,3342.12,1065.49,105234432,61390848,40831712,38.94,3134954
1770194582359,3345.47,1067.22,104775680,61390848,41080304,39.18,3136294
1770194582460,3345.67,1067.30,103907328,61390848,41082312,39.18,3136294
1770194582561,3348.94,1069.24,103989248,61390848,41330840,39.42,3137634
1770194582662,3349.17,1069.33,103989248,61390848,41332848,39.42,3137634
1770194582762,3349.43,1069.42,103989248,61390848,41334832,39.42,3137634
1770194582863,3352.49,1071.22,103972864,61390848,41583576,39.66,3147166
1770194582965,3352.80,1071.38,103874560,61390848,41585584,39.66,3147166
1770194583066,3357.53,1073.40,103874560,61390848,41842944,39.90,3148506
1770194583167,3357.84,1073.56,103874560,61390848,41844952,39.91,3148506
1770194583269,3358.12,1073.70,103383040,61390848,41846936,39.91,3148506
1770194583370,3360.75,1075.51,103383040,61390848,42095416,40.15,3149846
1770194583471,3361.02,1075.60,103383040,61390848,42097424,40.15,3149846
1770194583572,3369.53,1077.52,103399424,61390848,42346232,40.38,3151186
1770194583674,3369.73,1077.62,103399424,61390848,42348240,40.39,3151186
1770194583775,3373.14,1077.74,103399424,61390848,42351648,40.39,3151186
1770194583876,3375.74,1079.66,103399424,61390848,42600344,40.63,3160718
1770194583977,3375.99,1079.77,103399424,61390848,42602352,40.63,3160718
1770194584078,3379.77,1081.76,103432192,61390848,42851112,40.87,3162058
1770194584179,3380.01,1081.86,103432192,61390848,42853120,40.87,3162058
1770194584280,3380.28,1081.97,103432192,61390848,42855104,40.87,3162058
1770194584381,3383.58,1083.91,103661568,61390848,43103592,41.11,3163398
1770194584483,3383.86,1084.04,103677952,61390848,43105600,41.11,3163398
1770194584583,3387.22,1086.02,103923712,61390848,43354288,41.35,3164738
1770194584685,3387.43,1086.10,103923712,61390848,43356296,41.35,3164738
1770194584786,3387.73,1086.22,103923712,61390848,43358280,41.35,3164738
1770194584886,3391.09,1088.26,104169472,61390848,43607056,41.59,3174270
1770194584987,3391.36,1088.36,104169472,61390848,43609064,41.59,3174270
1770194585089,3394.46,1090.33,104398848,61390848,43857664,41.83,3175610
1770194585190,3394.78,1090.46,104398848,61390848,43859672,41.83,3175610
1770194585290,3395.08,1090.61,104415232,61390848,43861656,41.83,3175610
1770194585392,3399.42,1092.76,104644608,61390848,44110064,42.07,3176950
1770194585494,3399.70,1092.86,104644608,61390848,44112072,42.07,3176950
1770194585595,3404.22,1095.07,104890368,61390848,44360200,42.31,3178290
1770194585697,3404.51,1095.20,104890368,61390848,44362208,42.31,3178290
1770194585798,3404.80,1095.34,104890368,61390848,44364192,42.31,3178290
1770194585898,3407.82,1097.25,105152512,61390848,44612488,42.55,3187822
1770194586000,3408.06,1097.36,105152512,61390848,44614496,42.55,3187822
1770194586100,3411.16,1099.33,105381888,61390848,44862576,42.78,3189162
1770194586201,3411.36,1099.43,105398272,61390848,44864584,42.79,3189162
1770194586302,3411.60,1099.54,105398272,61390848,44866568,42.79,3189162
1770194586404,3414.68,1101.33,105627648,61390848,45114648,43.02,3190502
1770194586505,3414.89,1101.43,105627648,61390848,45116656,43.03,3190502
1770194586607,3417.70,1103.16,105873408,61390848,45364768,43.26,3191842
1770194586708,3417.86,1103.25,105873408,61390848,45366776,43.27,3191842
1770194586810,3418.07,1103.36,105873408,61390848,45368760,43.27,3191842
1770194586910,3422.76,1105.34,106119168,61390848,45714784,43.60,3201374
1770194587012,3423.04,1105.45,106119168,61390848,45716792,43.60,3201374
1770194587113,3426.23,1107.46,106364928,61390848,45965048,43.84,3202714
1770194587212,3426.51,1107.58,106364928,61390848,45967056,43.84,3202714
1770194587313,3426.80,1107.71,106364928,61390848,45969040,43.84,3202714
1770194587413,3429.81,1109.68,106627072,61390848,46217264,44.08,3204054
1770194587515,3430.11,1109.82,106627072,61390848,46219272,44.08,3204054
1770194587616,3433.05,1111.63,106856448,61390848,46467352,44.31,3205394
1770194587716,3433.31,1111.76,106856448,61390848,46469360,44.32,3205394
1770194587817,3433.53,1111.87,106856448,61390848,46471344,44.32,3205394
1770194587919,3447.55,1114.12,107102208,61390848,40031400,38.18,3214926
1770194588021,3447.78,1114.23,107102208,61390848,40033408,38.18,3214926
1770194588122,3454.42,1116.05,107118592,61390848,40282000,38.42,3118722
1770194588222,3454.64,1116.15,107118592,61390848,40284008,38.42,3118722
1770194588324,3454.94,1116.28,107118592,61390848,40285992,38.42,3118722
1770194588424,3464.38,1118.37,107118592,61390848,40534328,38.66,3120062
1770194588526,3464.67,1118.49,107118592,61390848,40536312,38.66,3120062
1770194588626,3467.79,1120.40,107118592,61390848,40788048,38.90,3121402
1770194588728,3468.02,1120.51,107118592,61390848,40790032,38.90,3121402
1770194588829,3468.26,1120.62,107118592,61390848,40792016,38.90,3121402
1770194588930,3471.78,1122.63,107118592,61390848,41039992,39.14,3130934
1770194589030,3472.08,1122.79,107118592,61390848,41042000,39.14,3130934
1770194589132,3476.58,1124.70,107118592,61390848,41297272,39.38,3132274
1770194589232,3476.78,1124.80,107118592,61390848,41299280,39.39,3132274
1770194589333,3476.95,1124.89,107118592,61390848,41301264,39.39,3132274
1770194589433,3480.00,1126.66,107118592,61390848,41548992,39.62,3133614
1770194589534,3480.28,1126.78,107118592,61390848,41550976,39.63,3133614
1770194589635,3483.20,1128.63,107118592,61390848,41804384,39.87,3134954
1770194589737,3483.39,1128.69,107118592,61390848,41806368,39.87,3134954
1770194589838,3483.68,1128.84,107118592,61390848,41808352,39.87,3134954
1770194589939,3486.80,1130.67,107118592,61390848,42059936,40.11,3144486
1770194590039,3487.07,1130.76,107118592,61390848,42061944,40.11,3144486
1770194590140,3490.17,1132.58,107118592,61390848,42309768,40.35,3145826
1770194590240,3490.48,1132.72,107118592,61390848,42311776,40.35,3145826
1770194590342,3490.79,1132.90,107118592,61390848,42313760,40.35,3145826
1770194590443,3495.15,1134.83,107118592,61390848,42567800,40.60,3147166
1770194590543,3495.42,1134.93,107118592,61390848,42569784,40.60,3147166
1770194590645,3512.78,1137.38,107315200,61390848,42833312,40.85,3148506
1770194590747,3513.05,1137.51,107315200,61390848,42835296,40.85,3148506
1770194590849,3517.72,1138.59,107429888,61390848,42959592,40.97,3149178
1770194590949,3519.08,1139.30,107560960,61390848,43088808,41.09,3158038
1770194591050,3519.34,1139.40,107560960,61390848,43090816,41.09,3158038
1770194591150,3521.91,1141.25,107790336,61390848,43335272,41.33,3159378
1770194591251,3522.14,1141.36,107790336,61390848,43337280,41.33,3159378
1770194591352,3524.97,1143.28,108019712,61390848,43590368,41.57,3160718
1770194591452,3525.23,1143.33,108019712,61390848,43592352,41.57,3160718
1770194591554,3525.40,1143.41,108019712,61390848,43594336,41.57,3160718
1770194591654,3529.91,1145.42,108265472,61390848,43843328,41.81,3162058
1770194591756,3530.20,1145.57,108265472,61390848,43845312,41.81,3162058
1770194591856,3535.32,1147.60,108494848,61390848,44092504,42.05,3171590
1770194591957,3536.73,1147.69,108494848,61390848,44102272,42.06,3171590
1770194592057,3537.00,1147.84,108494848,61390848,44104256,42.06,3171590
1770194592159,3540.30,1149.89,108740608,61390848,44348784,42.29,3172930
1770194592259,3540.57,1150.03,108740608,61390848,44350792,42.30,3172930
1770194592359,3545.74,1152.07,108969984,61390848,44605352,42.54,3174270
1770194592461,3545.94,1152.15,108969984,61390848,44607336,42.54,3174270
1770194592561,3546.25,1152.31,108969984,61390848,44609320,42.54,3174270
1770194592663,3548.89,1154.06,109199360,61390848,44853296,42.78,3175610
1770194592764,3549.19,1154.22,109199360,61390848,44855280,42.78,3175610
1770194592864,3552.14,1156.21,109445120,61390848,45102152,43.01,3185142
1770194592965,3552.34,1156.28,109445120,61390848,45104160,43.01,3185142
1770194593066,3552.61,1156.42,109445120,61390848,45106144,43.02,3185142
1770194593168,3555.22,1158.42,109674496,61390848,45352808,43.25,3186482
1770194593269,3555.51,1158.58,109674496,61390848,45354816,43.25,3186482
1770194593369,3559.46,1160.65,109920256,61390848,45601312,43.49,3187822
1770194593471,3559.67,1160.73,109920256,61390848,45603296,43.49,3187822
1770194593572,3559.95,1160.88,109936640,61390848,45605280,43.49,3187822
1770194593673,3563.59,1162.81,110166016,61390848,45852072,43.73,3189162
1770194593775,3563.91,1162.99,110166016,61390848,45854056,43.73,3189162
1770194593875,3566.90,1165.01,110395392,61390848,46101672,43.97,3198694
1770194593977,3567.13,1165.08,110395392,61390848,46103680,43.97,3198694
1770194594078,3567.39,1165.23,110395392,61390848,46105664,43.97,3198694
1770194594178,3569.92,1167.14,110641152,61390848,46355088,44.21,3200034
1770194594279,3570.16,1167.24,110641152,61390848,46357096,44.21,3200034
1770194594381,3573.23,1169.14,110870528,61390848,46600872,44.44,3201374
1770194594481,3573.45,1169.22,110870528,61390848,46602856,44.44,3201374
1770194594583,3573.72,1169.36,110886912,61390848,46604840,44.45,3201374
1770194594684,3576.66,1171.41,111132672,61390848,46853960,44.68,3202714
1770194594784,3576.93,1171.55,111132672,61390848,46855944,44.69,3202714
1770194594885,3584.60,1173.81,111345664,61390848,41078624,39.18,3212246
1770194594986,3584.78,1173.87,111345664,61390848,41080632,39.18,3212246
1770194595087,3585.04,1174.01,111345664,61390848,41082616,39.18,3212246
1770194595188,3592.78,1176.23,111345664,61390848,41335344,39.42,3118722
1770194595290,3593.07,1176.38,111345664,61390848,41337328,39.42,3118722
1770194595391,3595.40,1177.98,111345664,61390848,41581072,39.65,3120062
1770194595492,3600.86,1178.14,111345664,61390848,41589048,39.66,3120062
1770194595592,3601.18,1178.27,111345664,61390848,41590528,39.66,3120062
1770194595693,3603.79,1180.71,111345664,61390848,41836928,39.90,3121402
1770194595793,3604.08,1180.85,111345664,61390848,41838408,39.90,3121402
1770194595895,3627.22,1183.41,111230976,61390848,42101744,40.15,3130934
1770194595996,3627.36,1183.49,111230976,61390848,42103224,40.15,3130934
1770194596097,3627.60,1183.62,111230976,61390848,42104704,40.15,3130934
1770194596198,3631.13,1186.19,110411776,61390848,42348176,40.39,3132274
1770194596299,3631.25,1186.25,110411776,61390848,42349656,40.39,3132274
1770194596401,3659.44,1188.34,110411776,61390848,42594496,40.62,3133614
1770194596503,3661.70,1188.49,110444544,61390848,42630392,40.66,3133614
1770194596604,3661.93,1188.63,110444544,61390848,42631872,40.66,3133614
1770194596706,3664.63,1190.52,110444544,61390848,42870168,40.88,3134954
1770194596807,3664.87,1190.63,110444544,61390848,42871648,40.89,3134954
1770194596908,3667.90,1192.75,110444544,61390848,43110208,41.11,3144486
1770194597009,3668.14,1192.91,110444544,61390848,43111688,41.11,3144486
1770194597109,3668.40,1193.07,110444544,61390848,43113184,41.12,3144486
1770194597210,3671.38,1195.08,110444544,61390848,43351472,41.34,3145826
1770194597310,3671.66,1195.23,110444544,61390848,43352952,41.34,3145826
1770194597412,3676.43,1197.24,110444544,61390848,43591408,41.57,3147166
1770194597512,3676.67,1197.38,110444544,61390848,43592888,41.57,3147166
1770194597614,3676.89,1197.50,110444544,61390848,43594368,41.57,3147166
1770194597714,3683.84,1199.68,110444544,61390848,43833128,41.80,3148506
1770194597815,3684.12,1199.84,110444544,61390848,43834632,41.80,3148506
1770194597916,3687.97,1202.02,110444544,61390848,44096424,42.05,3158042
1770194598017,3688.23,1202.17,110444544,61390848,44097928,42.06,3158042
1770194598117,3688.53,1202.35,110444544,61390848,44099408,42.06,3158042
1770194598219,3693.12,1204.72,110444544,61390848,44340976,42.29,3159382
1770194598320,3693.38,1204.82,110444544,61390848,44342480,42.29,3159382
1770194598422,3697.81,1206.68,110444544,61390848,44587440,42.52,3160722
1770194598523,3697.97,1206.79,110444544,61390848,44588944,42.52,3160722
1770194598624,3698.18,1206.89,110444544,61390848,44590424,42.52,3160722
1770194598726,3701.14,1208.78,110444544,61390848,44828840,42.75,3162062
1770194598827,3701.43,1208.93,110444544,61390848,44830344,42.75,3162062
1770194598929,3704.41,1210.80,110444544,61390848,45072208,42.98,3171594
1770194599030,3704.64,1210.93,110444544,61390848,45073712,42.99,3171594
1770194599130,3704.86,1211.05,110444544,61390848,45075192,42.99,3171594
1770194599231,3708.86,1212.95,110444544,61390848,45315656,43.22,3172934
1770194599332,3709.14,1213.12,110444544,61390848,45317160,43.22,3172934
1770194599434,3712.12,1215.26,110444544,61390848,45558056,43.45,3174274
1770194599535,3712.34,1215.37,110444544,61390848,45559560,43.45,3174274
1770194599635,3712.59,1215.46,110444544,61390848,45561040,43.45,3174274
1770194599735,3927.96,1235.24,172343296,121257984,86382888,82.38,3118722
1770194599835,4171.13,1238.47,177143808,127287296,92292920,88.02,3109190
1770194599936,4290.70,1241.10,179027968,128598016,94725632,90.34,3118722
1770194600037,4290.79,1241.17,179027968,128598016,94727128,90.34,3118722
1770194600139,4290.97,1241.24,179027968,128598016,94728624,90.34,3118722
1770194600240,4293.51,1242.98,179027968,128598016,94966352,90.57,3120062
1770194600340,4293.80,1243.13,179027968,128598016,94967872,90.57,3120062
1770194600441,4297.32,1245.21,179027968,128598016,95205632,90.80,3121398
1770194600543,4297.54,1245.30,179027968,128598016,95207152,90.80,3121398
1770194600644,4297.81,1245.44,179027968,128598016,95208648,90.80,3121398
1770194600746,4313.24,1247.55,179060736,128598016,95447048,91.03,3122734
1770194600846,4313.51,1247.70,179060736,128598016,95448568,91.03,3122734
1770194600947,4316.34,1249.73,179060736,128598016,95686224,91.25,3132262
1770194601047,4316.59,1249.86,179060736,128598016,95687744,91.25,3132262
1770194601149,4316.88,1250.00,179060736,128598016,95689240,91.26,3132262
1770194601250,4321.36,1252.02,179077120,128598016,95927128,91.48,3133598
1770194601352,4321.64,1252.23,179077120,128598016,95928648,91.48,3133598
1770194601452,4324.68,1254.42,179077120,128598016,96166056,91.71,3134934
1770194601552,4324.94,1254.55,179077120,128598016,96167576,91.71,3134934
1770194601654,4325.23,1254.69,179077120,128598016,96169072,91.71,3134934
1770194601755,4328.19,1256.70,179077120,128598016,96406480,91.94,3136270
1770194601855,4328.48,1256.87,179077120,128598016,96408000,91.94,3136270
1770194601957,4331.73,1258.84,179077120,128598016,96645648,92.17,3145798
1770194602057,4331.97,1258.96,179077120,128598016,96647168,92.17,3145798
1770194602160,4333.67,1260.01,179077120,128598016,96767072,92.28,3146468
1770194602261,4337.40,1260.78,179093504,128598016,96886520,92.40,3147134
1770194602361,4337.65,1260.92,179093504,128598016,96888040,92.40,3147134
1770194602462,4346.21,1262.77,179093504,128598016,97126016,92.63,3148470
1770194602563,4346.47,1262.87,179093504,128598016,97127536,92.63,3148470
1770194602665,4348.47,1264.13,179093504,128598016,97247272,92.74,3149140
1770194602765,4349.46,1264.89,179109888,128598016,97366024,92.86,3149806
1770194602867,4349.75,1265.05,179109888,128598016,97367544,92.86,3149806
1770194602967,4352.60,1267.00,179109888,128598016,97604832,93.08,3159336
1770194603069,4352.81,1267.11,179109888,128598016,97606352,93.08,3159336
1770194603168,4355.07,1268.47,179109888,128598016,97726128,93.20,3160007
1770194603269,4356.30,1269.34,179109888,128598016,97844904,93.31,3160674
1770194603371,4356.59,1269.49,179109888,128598016,97846424,93.31,3160674
1770194603471,4359.39,1271.40,179109888,128598016,98083488,93.54,3162012
1770194603572,4359.63,1271.47,179109888,128598016,98085008,93.54,3162012
1770194603674,4363.91,1273.61,179109888,128598016,98322272,93.77,3163350
1770194603775,4364.08,1273.67,179109888,128598016,98323792,93.77,3163350
1770194603875,4364.36,1273.81,179109888,128598016,98325288,93.77,3163350
1770194603977,4367.32,1275.82,179109888,128598016,98562504,94.00,3172880
1770194604077,4367.62,1275.97,179109888,128598016,98564024,94.00,3172880
1770194604178,4370.88,1278.17,179126272,128598016,98801128,94.22,3174218
1770194604278,4371.06,1278.23,179126272,128598016,98802648,94.23,3174218
1770194604378,4371.34,1278.37,179126272,128598016,98804144,94.23,3174218
1770194604480,4381.00,1281.03,179159040,128860160,99253528,94.66,3175556
1770194604581,4381.27,1281.18,179159040,128860160,99255048,94.66,3175556
1770194604682,4386.25,1283.31,179159040,128860160,99492088,94.88,3176894
1770194604783,4386.41,1283.36,179159040,128860160,99493608,94.88,3176894
1770194604885,4386.65,1283.49,179159040,128860160,99495104,94.89,3176894
1770194604986,4389.20,1285.23,179175424,128860160,99979808,95.35,3186424
1770194605085,4389.37,1285.33,179175424,128860160,99981328,95.35,3186424
1770194605186,4393.89,1287.21,179175424,128860160,100218424,95.58,3187762
1770194605288,4394.06,1287.27,179175424,128860160,100219960,95.58,3187762
1770194605388,4394.44,1287.42,179175424,128860160,100221472,95.58,3187762
1770194605490,4404.23,1289.51,179175424,128860160,100459104,95.81,3189100
1770194605590,4404.50,1289.64,179175424,128860160,100460640,95.81,3189100
1770194605691,4407.43,1291.64,179191808,128860160,100697600,96.03,3190438
1770194605793,4407.62,1291.71,179191808,128860160,100699136,96.03,3190438
1770194605893,4407.85,1291.88,179191808,128860160,100700648,96.04,3190438
1770194605994,4410.55,1293.66,179191808,128860160,100937752,96.26,3199968
1770194606095,4410.84,1293.80,179191808,128860160,100939288,96.26,3199968
1770194606196,4413.45,1295.61,179191808,128860160,101176216,96.49,3201306
1770194606297,4413.63,1295.67,179191808,128860160,101177752,96.49,3201306
1770194606399,4413.83,1295.79,179191808,128860160,101179264,96.49,3201306
1770194606499,4416.70,1297.61,179191808,128860160,101416320,96.72,3202644
1770194606600,4416.93,1297.73,179191808,128860160,101417856,96.72,3202644
1770194606700,4419.51,1299.51,179191808,128860160,101654728,96.95,3203982
1770194606801,4419.66,1299.58,179191808,128860160,101656264,96.95,3203982
1770194606903,4419.92,1299.73,179191808,128860160,101657776,96.95,3203982
1770194607003,4422.46,1301.47,179191808,128860160,101894984,97.17,3213512
1770194607105,4422.73,1301.62,179191808,128860160,101896520,97.18,3213512
1770194607205,4425.42,1303.63,179191808,128860160,102133432,97.40,3214850
1770194607307,4425.66,1303.72,179191808,128860160,102134968,97.40,3214850
1770194607407,4425.92,1303.85,179191808,128860160,102136480,97.40,3214850
1770194607509,4428.60,1305.65,179208192,128860160,102373384,97.63,3216188
1770194607610,4428.83,1305.77,179208192,128860160,102374920,97.63,3216188
1770194607712,4431.15,1307.43,179208192,128860160,102611896,97.86,3217526
1770194607813,4431.27,1307.50,179208192,128860160,102613432,97.86,3217526
1770194607914,4510.18,1322.64,114606080,63488000,39073528,37.26,3107850
1770194608015,4514.47,1324.31,114606080,63488000,39594104,37.76,3117380
1770194608115,4514.68,1324.41,114606080,63488000,39595608,37.76,3117380
1770194608217,4518.07,1326.35,114606080,63488000,39848000,38.00,3118718
1770194608317,4518.34,1326.48,114606080,63488000,39849504,38.00,3118718
1770194608419,4518.62,1326.60,114606080,63488000,39850984,38.00,3118718
1770194608519,4594.81,1335.86,94568448,43302912,38788120,36.99,3109188
1770194608620,4595.05,1335.96,94568448,43302912,38789664,36.99,3109188
1770194608721,4597.99,1337.82,94814208,43302912,39041920,37.23,3110526
1770194608823,4598.20,1337.91,94814208,43302912,39043416,37.23,3110526
1770194608923,4598.44,1338.05,94814208,43302912,39044888,37.24,3110526
1770194609025,4601.70,1340.05,95076352,43302912,39297376,37.48,3120056
1770194609126,4671.95,1343.70,94420992,42778624,38592224,36.80,3107850
1770194609227,4679.79,1345.87,94699520,42778624,38995208,37.19,3109188
1770194609328,4679.99,1345.93,94699520,42778624,38996704,37.19,3109188
1770194609428,4680.23,1346.06,94699520,42778624,38998176,37.19,3109188
1770194609530,4686.37,1348.10,94961664,42778624,39250584,37.43,3110526
1770194609631,4686.60,1348.21,94961664,42778624,39252080,37.43,3110526
1770194609731,4689.76,1350.25,95191040,42778624,39504136,37.67,3111864
1770194609832,4689.96,1350.34,95207424,42778624,39505632,37.68,3111864
1770194609934,4690.23,1350.47,95207424,42778624,39507104,37.68,3111864
1770194610034,4696.07,1352.85,95780864,45924352,38901424,37.10,3118718
1770194610136,4696.31,1352.98,95780864,45924352,38902920,37.10,3118718
1770194610237,4699.02,1354.76,96043008,45924352,39154992,37.34,3120056
1770194610338,4699.22,1354.86,96043008,45924352,39156488,37.34,3120056
1770194610438,4699.50,1355.03,96043008,45924352,39157960,37.34,3120056
1770194610539,4701.44,1356.18,96288768,45924352,39412008,37.59,3121394
1770194610640,4701.65,1356.31,96288768,45924352,39413504,37.59,3121394
1770194610741,4704.82,1358.38,96518144,45924352,39668528,37.83,3122732
1770194610843,4705.15,1358.53,96534528,45924352,39670024,37.83,3122732
1770194610943,4707.14,1358.70,96534528,45924352,39674184,37.84,3122732
1770194611045,4709.13,1360.03,96763904,45924352,39926504,38.08,3132262
1770194611146,4709.38,1360.17,96763904,45924352,39928000,38.08,3132262
1770194611246,4717.45,1362.01,97009664,45924352,40189784,38.33,3133600
1770194611348,4717.65,1362.11,97009664,45924352,40191280,38.33,3133600
1770194611448,4717.94,1362.26,97009664,45924352,40192752,38.33,3133600
1770194611549,4722.78,1364.45,97255424,45924352,38987272,37.18,3134938
1770194611650,4723.04,1364.58,97255424,45924352,38988768,37.18,3134938
1770194611751,4726.34,1366.58,97255424,45924352,39243176,37.43,3118718
1770194611852,4726.59,1366.70,97255424,45924352,39244648,37.43,3118718
1770194611954,4726.88,1366.86,97255424,45924352,39246120,37.43,3118718
1770194612054,4729.86,1368.71,97255424,45924352,39502552,37.67,3128248
1770194612155,4730.09,1368.84,97255424,45924352,39504048,37.67,3128248
1770194612256,4732.98,1370.83,97255424,45924352,39756048,37.91,3129586
1770194612357,4733.14,1370.92,97255424,45924352,39757544,37.92,3129586
1770194612457,4733.34,1371.04,97255424,45924352,39759016,37.92,3129586
1770194612559,4746.67,1373.38,97501184,45924352,40029280,38.17,3130924
1770194612660,4746.95,1373.55,97501184,45924352,40030776,38.18,3130924
1770194612762,4750.09,1375.43,97746944,45924352,40282792,38.42,3132262
1770194612863,4750.27,1375.52,97746944,45924352,40284264,38.42,3132262
1770194612964,4750.49,1375.64,97746944,45924352,40285736,38.42,3132262
1770194613066,4754.81,1377.60,97992704,45924352,40540728,38.66,3141792
1770194613167,4755.03,1377.73,97992704,45924352,40542224,38.66,3141792
1770194613269,4760.01,1379.89,98254848,45924352,39262568,37.44,3143130
1770194613370,4760.30,1380.04,98254848,45924352,39264064,37.45,3143130
1770194613471,4760.59,1380.20,98254848,45924352,39265536,37.45,3143130
1770194613573,4763.92,1382.18,98254848,45924352,39520136,37.69,3118718
1770194613672,4764.20,1382.32,98254848,45924352,39521608,37.69,3118718
1770194613773,4767.29,1384.25,98254848,45924352,39776576,37.93,3120056
1770194613875,4767.57,1384.38,98254848,45924352,39778048,37.94,3120056
1770194613975,4767.85,1384.53,98254848,45924352,39779520,37.94,3120056
1770194614076,4775.45,1386.53,98254848,45924352,40036328,38.18,3129586
1770194614176,4775.66,1386.62,98254848,45924352,40037800,38.18,3129586
1770194614278,4778.89,1388.51,98254848,45924352,40498240,38.62,3130924
1770194614379,4779.14,1388.63,98254848,45924352,40499712,38.62,3130924
1770194614480,4779.43,1388.79,98254848,45924352,40501184,38.62,3130924
1770194614581,4784.19,1390.97,98254848,45924352,40752184,38.86,3132262
1770194614682,4784.46,1391.12,98254848,45924352,40753656,38.87,3132262
1770194614784,4788.15,1393.29,98254848,45924352,41004592,39.11,3133600
1770194614885,4788.44,1393.44,98254848,45924352,41006064,39.11,3133600
1770194614987,4788.73,1393.59,98254848,45924352,41007536,39.11,3133600
1770194615087,4793.94,1395.53,98451456,45924352,39726720,37.89,3143130
1770194615188,4794.22,1395.68,98451456,45924352,39728192,37.89,3143130
1770194615290,4796.33,1397.16,98467840,45924352,39979136,38.13,3119385
1770194615390,4796.54,1397.27,98467840,45924352,39980632,38.13,3119385
1770194615491,4796.83,1397.42,98467840,45924352,39982104,38.13,3119385
1770194615593,4803.55,1399.36,98467840,45924352,40234320,38.37,3120723
1770194615693,4803.83,1399.53,98467840,45924352,40235816,38.37,3120723
1770194615794,4806.82,1401.39,98467840,45924352,40486736,38.61,3122061
1770194615895,4807.04,1401.49,98467840,45924352,40488232,38.61,3122061
1770194615997,4807.30,1401.63,98467840,45924352,40489704,38.61,3122061
1770194616098,4810.45,1403.61,98467840,45924352,40740808,38.85,3131591
1770194616199,4810.70,1403.74,98467840,45924352,40742304,38.85,3131591
1770194616299,4814.43,1405.97,98467840,45924352,40993224,39.09,3132929
1770194616401,4814.73,1406.11,98467840,45924352,40994720,39.10,3132929
1770194616502,4815.00,1406.26,98467840,45924352,40996192,39.10,3132929
1770194616604,4818.60,1408.35,98467840,45924352,41247072,39.34,3134267
1770194616704,4818.90,1408.51,98467840,45924352,41248568,39.34,3134267
1770194616805,4823.28,1410.72,98582528,46186496,39973992,38.12,3135605
1770194616907,4823.56,1410.84,98582528,46186496,39975488,38.12,3135605
1770194617007,4823.83,1410.99,98582528,46186496,39976960,38.13,3135605
1770194617108,4827.01,1412.79,98582528,46186496,40228072,38.36,3127577
1770194617210,4827.17,1412.89,98582528,46186496,40229568,38.37,3127577
1770194617309,4829.98,1414.64,98582528,46186496,40480480,38.61,3128915
1770194617411,4830.21,1414.75,98582528,46186496,40481976,38.61,3128915
1770194617513,4832.27,1415.94,98582528,46186496,40608648,38.73,3129586
1770194617614,4833.46,1416.80,98582528,46186496,40734424,38.85,3130253
1770194617715,4833.74,1416.95,98582528,46186496,40735920,38.85,3130253
1770194617817,4836.64,1418.78,98582528,46186496,40986848,39.09,3131591
1770194617917,4836.91,1418.94,98582528,46186496,40988320,39.09,3131591
1770194618019,4841.63,1420.74,98598912,46186496,41239936,39.33,3141121
1770194618120,4841.79,1420.80,98598912,46186496,41241432,39.33,3141121
1770194618219,4842.08,1420.96,98598912,46186496,41242904,39.33,3141121
1770194618321,4851.35,1423.05,98598912,46186496,41493904,39.57,3142459
1770194618421,4851.62,1423.16,98598912,46186496,41495400,39.57,3142459
1770194618522,4856.52,1425.44,98844672,46710784,40222288,38.36,3143797
1770194618624,4856.69,1425.51,98844672,46710784,40223896,38.36,3143797
1770194618725,4856.94,1425.63,98844672,46710784,40225368,38.36,3143797
1770194618826,4860.33,1427.50,98844672,46710784,40476096,38.60,3119385
1770194618927,4860.63,1427.66,98844672,46710784,40477568,38.60,3119385
1770194619028,4867.81,1429.71,98861056,46710784,40728560,38.84,3128915
1770194619128,4868.00,1429.80,98861056,46710784,40730032,38.84,3128915
1770194619230,4868.28,1429.95,98861056,46710784,40731488,38.84,3128915
1770194619332,4874.08,1432.08,98861056,46710784,40976768,39.08,3130253
1770194619433,4874.31,1432.19,98861056,46710784,40978240,39.08,3130253
1770194619533,4884.30,1433.75,98877440,46710784,41224144,39.31,3131591
1770194619634,4884.41,1433.81,98877440,46710784,41225616,39.32,3131591
1770194619736,4884.64,1433.96,98877440,46710784,41227088,39.32,3131591
1770194619837,4890.55,1435.93,98877440,46710784,41470344,39.55,3132929
1770194619937,4890.83,1436.08,98877440,46710784,41471816,39.55,3132929
1770194620037,4893.77,1437.96,98877440,46710784,41714416,39.78,3142459
1770194620138,4893.97,1438.03,98877440,46710784,41715888,39.78,3142459
1770194620240,4894.24,1438.18,98877440,46710784,41717360,39.78,3142459
1770194620341,4900.85,1440.46,99385344,50905088,40498168,38.62,3143797
1770194620441,4901.14,1440.64,99385344,50905088,40499640,38.62,3143797
1770194620543,4905.54,1442.63,99385344,50905088,40741408,38.85,3119385
1770194620644,4905.73,1442.70,99385344,50905088,40742880,38.86,3119385
1770194620744,4905.98,1442.83,99385344,50905088,40744352,38.86,3119385
1770194620845,4923.38,1445.13,99401728,50905088,40986944,39.09,3120723
1770194620947,4923.65,1445.29,99401728,50905088,40988416,39.09,3120723
1770194621048,4927.39,1447.13,99434496,50905088,41230384,39.32,3130253
1770194621148,4927.57,1447.20,99434496,50905088,41231856,39.32,3130253
1770194621250,4927.86,1447.35,99434496,50905088,41233328,39.32,3130253
1770194621351,4930.71,1449.06,99450880,50905088,41475080,39.55,3131591
1770194621451,4930.87,1449.17,99450880,50905088,41476552,39.56,3131591
1770194621551,4933.40,1451.22,99450880,50905088,41718272,39.79,3132929
1770194621653,4933.60,1451.30,99450880,50905088,41719744,39.79,3132929
1770194621753,4933.80,1451.42,99450880,50905088,41721216,39.79,3132929
1770194621854,4936.60,1453.09,99450880,50905088,41962968,40.02,3134267
1770194621955,4936.80,1453.19,99450880,50905088,41964440,40.02,3134267
1770194622056,4939.61,1455.01,99467264,50905088,42206424,40.25,3143797
1770194622158,4939.93,1455.17,99467264,50905088,42207896,40.25,3143797
1770194622258,4940.20,1455.31,99467264,50905088,42209368,40.25,3143797
1770194622359,4943.20,1457.56,99696640,50905088,42451112,40.48,3145135
1770194622460,4943.44,1457.69,99696640,50905088,42452608,40.49,3145135
1770194622562,4945.95,1459.53,99958784,50905088,42694352,40.72,3146473
1770194622662,4946.16,1459.63,99958784,50905088,42695848,40.72,3146473
1770194622763,4946.41,1459.79,99958784,50905088,42697320,40.72,3146473
1770194622864,4952.46,1461.84,100188160,50905088,42939088,40.95,3147811
1770194622965,4952.72,1461.97,100188160,50905088,42940592,40.95,3147811
1770194623065,4955.93,1463.93,100417536,50905088,43182624,41.18,3157341
1770194623165,4956.22,1464.06,100417536,50905088,43184128,41.18,3157341
1770194623265,4956.48,1464.21,100417536,50905088,43185608,41.19,3157341
1770194623366,4980.72,1466.62,100663296,50905088,43494464,41.48,3158679
1770194623467,4980.97,1466.75,100663296,50905088,43495968,41.48,3158679
1770194623569,4983.97,1468.68,100892672,50905088,43735800,41.71,3160017
1770194623668,4984.23,1468.81,100892672,50905088,43737304,41.71,3160017
1770194623770,4984.46,1468.95,100892672,50905088,43738784,41.71,3160017
1770194623871,4987.01,1470.67,101122048,50905088,44118304,42.07,3161355
1770194623971,4987.28,1470.83,101122048,50905088,44119808,42.08,3161355
1770194624073,5019.90,1473.42,101433344,50905088,44365640,42.31,3170885
1770194624173,5022.19,1473.55,101449728,50905088,44367624,42.31,3170885
1770194624275,5022.45,1473.72,101449728,50905088,44369104,42.31,3170885
1770194624376,5027.96,1475.96,101761024,51429376,41371472,39.45,3118718
1770194624476,5028.22,1476.09,101761024,51429376,41372952,39.46,3118718
1770194624578,5031.02,1477.82,101777408,51429376,41609792,39.68,3120056
1770194624679,5031.27,1477.94,101777408,51429376,41611272,39.68,3120056
1770194624781,5031.54,1478.11,101777408,51429376,41612752,39.69,3120056
1770194624881,5034.59,1479.91,101777408,51429376,41849576,39.91,3121394
1770194624982,5034.87,1480.06,101777408,51429376,41851056,39.91,3121394
1770194625083,5037.31,1481.56,101777408,51429376,42088088,40.14,3130924
1770194625184,5037.59,1481.69,101777408,51429376,42089568,40.14,3130924
1770194625285,5037.88,1481.84,101777408,51429376,42091048,40.14,3130924
1770194625387,5040.93,1483.67,101777408,51429376,42327880,40.37,3132262
1770194625488,5041.15,1483.78,101777408,51429376,42329360,40.37,3132262
1770194625589,5044.15,1485.64,101941248,51429376,42769808,40.79,3133602
1770194625691,5044.31,1485.74,101941248,51429376,42771312,40.79,3133602
1770194625792,5044.44,1485.81,101941248,51429376,42772792,40.79,3133602
1770194625892,5046.34,1487.33,102105088,51429376,43009752,41.02,3134942
1770194625994,5046.44,1487.38,102105088,51429376,43011256,41.02,3134942
1770194626095,5049.18,1489.40,102334464,51429376,43248288,41.24,3144474
1770194626195,5049.36,1489.53,102334464,51429376,43249792,41.25,3144474
1770194626296,5049.56,1489.63,102334464,51429376,43251272,41.25,3144474
1770194626398,5053.42,1491.59,102580224,51429376,43488384,41.47,3145814
1770194626497,5053.60,1491.70,102580224,51429376,43489888,41.48,3145814
1770194626598,5056.10,1493.28,102809600,51429376,43726776,41.70,3147154
1770194626698,5056.38,1493.42,102809600,51429376,43728280,41.70,3147154
1770194626800,5056.65,1493.59,102809600,51429376,43729760,41.70,3147154
1770194626901,5058.17,1494.62,103038976,51429376,43966584,41.93,3148494
1770194627002,5058.37,1494.72,103038976,51429376,43968088,41.93,3148494
1770194627104,5061.15,1496.66,103268352,51429376,44205160,42.16,3158026
1770194627205,5061.41,1496.77,103268352,51429376,44206664,42.16,3158026
1770194627307,5061.72,1496.95,103268352,51429376,44208144,42.16,3158026
1770194627407,5068.78,1499.37,104038400,52477952,41854208,39.92,3159366
1770194627509,5069.02,1499.53,104038400,52477952,41855712,39.92,3159366
1770194627610,5071.78,1501.31,104054784,52477952,42092600,40.14,3118720
1770194627711,5071.96,1501.38,104054784,52477952,42094104,40.14,3118720
1770194627812,5072.20,1501.50,104054784,52477952,42095584,40.15,3118720
1770194627914,5076.19,1503.46,104054784,52477952,42332672,40.37,3120060
1770194628014,5076.45,1503.62,104054784,52477952,42334176,40.37,3120060
1770194628116,5079.24,1505.38,104054784,52477952,42571280,40.60,3129592
1770194628215,5079.47,1505.49,104054784,52477952,42572784,40.60,3129592
1770194628316,5079.79,1505.70,104054784,52477952,42574264,40.60,3129592
1770194628418,5082.69,1507.66,104054784,52477952,42811176,40.83,3130932
1770194628519,5082.95,1507.79,104054784,52477952,42812680,40.83,3130932
1770194628620,5085.92,1509.79,104054784,52477952,43049496,41.06,3132272
1770194628722,5086.17,1509.92,104054784,52477952,43051000,41.06,3132272
1770194628822,5086.44,1510.06,104054784,52477952,43052480,41.06,3132272
1770194628922,5089.30,1511.92,104054784,52477952,43289384,41.28,3133612
1770194629023,5089.57,1512.07,104054784,52477952,43290888,41.29,3133612
1770194629124,5092.47,1514.07,104071168,52477952,43527992,41.51,3143144
1770194629226,5092.72,1514.20,104071168,52477952,43529496,41.51,3143144
1770194629326,5092.98,1514.34,104071168,52477952,43530976,41.51,3143144
1770194629427,5096.19,1516.34,104071168,52477952,43767848,41.74,3144484
1770194629529,5096.42,1516.47,104071168,52477952,43769352,41.74,3144484
1770194629630,5099.31,1518.38,104071168,52477952,44006248,41.97,3145824
1770194629731,5099.53,1518.49,104071168,52477952,44007752,41.97,3145824
1770194629834,5101.76,1519.69,104071168,52477952,44127384,42.08,3146496
1770194629934,5102.82,1520.47,104071168,52477952,44246208,42.20,3147164
1770194630035,5103.07,1520.61,104071168,52477952,44247712,42.20,3147164
1770194630136,5106.90,1522.23,104071168,52477952,44486608,42.43,3156696
1770194630238,5107.17,1522.38,104071168,52477952,44488112,42.43,3156696
1770194630337,5108.91,1523.53,104071168,52477952,44607696,42.54,3157368
1770194630438,5109.85,1524.29,104087552,52477952,44726672,42.65,3158036
1770194630539,5110.03,1524.40,104087552,52477952,44728176,42.66,3158036
1770194630640,5112.79,1526.18,104087552,52477952,44965064,42.88,3159376
1770194630741,5112.98,1526.28,104087552,52477952,44966568,42.88,3159376
1770194630841,5116.13,1528.28,104087552,52477952,45203336,43.11,3160716
1770194630943,5118.64,1528.54,104497152,52477952,42306224,40.35,3160716
1770194631044,5118.79,1528.65,104497152,52477952,42307704,40.35,3160716
1770194631145,5121.01,1530.69,104497152,52477952,42544664,40.57,3126912
1770194631247,5121.15,1530.80,104497152,52477952,42546168,40.58,3126912
1770194631347,5123.51,1532.13,104497152,52477952,42782904,40.80,3128252
1770194631448,5123.65,1532.20,104497152,52477952,42784408,40.80,3128252
1770194631550,5123.91,1532.46,104497152,52477952,42785888,40.80,3128252
1770194631652,5127.10,1534.40,104497152,52477952,43022728,41.03,3129592
1770194631753,5127.25,1534.52,104497152,52477952,43024208,41.03,3129592
1770194631854,5130.06,1536.42,104513536,52477952,43261160,41.26,3130932
1770194631955,5130.27,1536.52,104513536,52477952,43262640,41.26,3130932
1770194632057,5130.51,1536.63,104513536,52477952,43264120,41.26,3130932
1770194632157,5137.30,1538.67,104513536,52477952,43501976,41.49,3140464
1770194632259,5137.60,1538.82,104513536,52477952,43503480,41.49,3140464
1770194632358,5139.90,1540.33,104513536,52477952,43740120,41.71,3141804
1770194632460,5140.11,1540.42,104513536,52477952,43741624,41.72,3141804
1770194632560,5140.38,1540.55,104513536,52477952,43743104,41.72,3141804
1770194632660,5143.48,1542.44,104513536,52477952,43979792,41.94,3143144
1770194632760,5143.75,1542.58,104513536,52477952,43981272,41.94,3143144
1770194632861,5147.36,1544.78,104513536,52477952,44217944,42.17,3144484
1770194632961,5147.53,1544.85,104513536,52477952,44219424,42.17,3144484
1770194633062,5147.70,1544.95,104513536,52477952,44220904,42.17,3144484
1770194633162,5150.78,1546.86,104529920,52477952,44457816,42.40,3154016
1770194633264,5151.06,1547.00,104529920,52477952,44459320,42.40,3154016
1770194633365,5153.70,1548.86,104529920,52477952,44695960,42.63,3155356
1770194633466,5153.88,1548.93,104529920,52477952,44697464,42.63,3155356
1770194633568,5154.15,1549.06,104529920,52477952,44698944,42.63,3155356
1770194633668,5157.30,1551.08,104529920,52477952,44935696,42.85,3156696
1770194633769,5157.57,1551.23,104529920,52477952,44937176,42.86,3156696
1770194633870,5162.56,1553.45,104972288,53002240,42677544,40.70,3158036
1770194633971,5162.77,1553.52,104972288,53002240,42679024,40.70,3158036
1770194634072,5163.02,1553.64,104972288,53002240,42680504,40.70,3158036
1770194634173,5165.97,1555.53,104988672,53002240,42917464,40.93,3126912
1770194634275,5166.24,1555.68,104988672,53002240,42918944,40.93,3126912
1770194634375,5168.99,1557.45,104988672,53002240,43155896,41.16,3128252
1770194634475,5169.22,1557.55,104988672,53002240,43157376,41.16,3128252
1770194634577,5169.38,1557.64,104988672,53002240,43158856,41.16,3128252
1770194634677,5172.51,1559.61,104988672,53002240,43395480,41.39,3129592
1770194634778,5172.79,1559.76,104988672,53002240,43396960,41.39,3129592
1770194634879,5177.84,1561.60,104988672,53002240,43633720,41.61,3130932
1770194634981,5178.11,1561.73,104988672,53002240,43635200,41.61,3130932
1770194635081,5178.42,1561.91,104988672,53002240,43636680,41.62,3130932
1770194635183,5181.17,1563.77,104988672,53002240,43873640,41.84,3140464
1770194635283,5181.37,1563.88,104988672,53002240,43875120,41.84,3140464
1770194635384,5184.29,1565.53,105005056,53002240,44111792,42.07,3141804
1770194635484,5184.55,1565.65,105005056,53002240,44113272,42.07,3141804
1770194635585,5184.80,1565.78,105005056,53002240,44114752,42.07,3141804
1770194635686,5188.57,1568.15,105005056,53002240,44351472,42.30,3143144
1770194635787,5188.85,1568.31,105005056,53002240,44352952,42.30,3143144
1770194635889,5194.43,1570.32,105005056,53002240,44589824,42.52,3144484
1770194635989,5194.67,1570.44,105005056,53002240,44591304,42.53,3144484
1770194636090,5194.95,1570.59,105005056,53002240,44592784,42.53,3144484
1770194636190,5197.65,1572.42,105005056,53002240,44829712,42.75,3154016
1770194636291,5197.77,1572.49,105005056,53002240,44831192,42.75,3154016
1770194636392,5200.65,1574.43,105005056,53002240,45320584,43.22,3155356
1770194636493,5200.89,1574.53,105005056,53002240,45322064,43.22,3155356
1770194636593,5201.16,1574.67,105005056,53002240,45323544,43.22,3155356
1770194636694,5203.81,1576.45,105005056,53002240,45560312,43.45,3156696
1770194636795,5204.10,1576.59,105005056,53002240,45561792,43.45,3156696
1770194636897,5213.53,1578.46,105021440,53002240,45798960,43.68,3158036
1770194636998,5213.73,1578.53,105021440,53002240,45800440,43.68,3158036
1770194637098,5214.00,1578.68,105021440,53002240,45801920,43.68,3158036
1770194637199,5220.43,1580.59,105021440,53002240,46038528,43.91,3167568
1770194637301,5220.67,1580.70,105021440,53002240,46040032,43.91,3167568
1770194637401,5228.03,1582.41,105021440,53002240,46276560,44.13,3168908
1770194637502,5228.19,1582.48,105021440,53002240,46278064,44.13,3168908
1770194637603,5228.36,1582.60,105021440,53002240,46279544,44.14,3168908
1770194637705,5233.06,1584.55,105447424,53526528,43475208,41.46,3170248
1770194637805,5233.31,1584.68,105447424,53526528,43476712,41.46,3170248
1770194637907,5236.27,1586.42,105447424,53526528,43713136,41.69,3118720
1770194638007,5236.53,1586.54,105447424,53526528,43714616,41.69,3118720
1770194638108,5236.78,1586.67,105447424,53526528,43716096,41.69,3118720
1770194638209,5251.92,1588.86,105447424,53526528,43952760,41.92,3128252
1770194638311,5252.19,1589.01,105447424,53526528,43954240,41.92,3128252
1770194638411,5259.99,1590.91,105463808,53526528,44189936,42.14,3129592
1770194638513,5260.21,1591.01,105463808,53526528,44191416,42.14,3129592
1770194638613,5260.49,1591.15,105463808,53526528,44192896,42.15,3129592
1770194638714,5263.02,1592.92,105463808,53526528,44427984,42.37,3130932
1770194638815,5263.20,1593.02,105463808,53526528,44429464,42.37,3130932
1770194638915,5265.64,1594.64,105463808,53526528,44664728,42.60,3132272
1770194639016,5265.87,1594.76,105463808,53526528,44666208,42.60,3132272
1770194639118,5266.12,1594.89,105463808,53526528,44667688,42.60,3132272
1770194639218,5272.95,1596.85,105480192,53526528,44903192,42.82,3141804
1770194639320,5273.22,1596.98,105480192,53526528,44904672,42.82,3141804
1770194639421,5275.51,1598.75,105480192,53526528,45139768,43.05,3143144
1770194639521,5275.78,1598.89,105480192,53526528,45141248,43.05,3143144
1770194639622,5276.04,1599.00,105480192,53526528,45142728,43.05,3143144
1770194639723,5278.85,1600.83,105480192,53526528,45377920,43.28,3144484
1770194639825,5279.14,1600.98,105480192,53526528,45379400,43.28,3144484
1770194639925,5282.55,1603.08,105480192,53526528,45614592,43.50,3145824
1770194640025,5282.83,1603.22,105480192,53526528,45616072,43.50,3145824
1770194640126,5283.13,1603.40,105480192,53526528,45617552,43.50,3145824
1770194640227,5300.97,1605.73,105496576,53526528,45856440,43.73,3155356
1770194640328,5301.12,1605.83,105496576,53526528,45857920,43.73,3155356
1770194640430,5301.97,1606.46,105496576,53526528,46094208,43.96,3156696
1770194640531,5302.12,1606.51,105496576,53526528,46095688,43.96,3156696
1770194640631,5302.36,1606.60,105496576,53526528,46097168,43.96,3156696
1770194640733,5306.38,1608.50,105496576,53526528,46333896,44.19,3158036
1770194640833,5306.63,1608.66,105496576,53526528,46335376,44.19,3158036
1770194640935,5309.27,1610.35,105562112,53526528,46572080,44.41,3159376
1770194641035,5309.49,1610.44,105562112,53526528,46573560,44.42,3159376
1770194641136,5309.72,1610.55,105562112,53526528,46575040,44.42,3159376
1770194641237,5312.66,1612.64,105807872,53526528,46812056,44.64,3168908
1770194641338,5312.89,1612.77,105807872,53526528,46813536,44.64,3168908
1770194641439,5383.62,1618.77,106889216,62177280,39264952,37.45,3118048
1770194641540,5383.83,1618.85,106889216,62177280,39481896,37.65,3118048
1770194641641,5384.07,1618.98,106889216,62177280,39483376,37.65,3118048
1770194641742,5387.17,1620.88,106889216,62177280,39730504,37.89,3109190
1770194641844,5387.45,1621.03,106889216,62177280,39732008,37.89,3109190
1770194641944,5394.08,1623.34,106889216,62177280,39979432,38.13,3110530
1770194642045,5394.36,1623.47,106889216,62177280,39980936,38.13,3110530
1770194642146,5394.63,1623.62,106889216,62177280,39982416,38.13,3110530
1770194642247,5397.51,1625.46,106889216,62177280,40224216,38.36,3120062
1770194642347,5397.78,1625.61,106889216,62177280,40225720,38.36,3120062
1770194642448,5411.14,1628.04,106921984,62177280,40481088,38.61,3121402
1770194642550,5411.42,1628.16,106921984,62177280,40482592,38.61,3121402
1770194642650,5411.70,1628.31,106921984,62177280,40484072,38.61,3121402
1770194642751,5414.58,1630.21,106921984,62177280,40725536,38.84,3122742
1770194642853,5414.86,1630.34,106921984,62177280,40727040,38.84,3122742
1770194642953,5417.90,1632.28,106938368,62177280,40968440,39.07,3124082
1770194643055,5418.06,1632.35,106938368,62177280,40969944,39.07,3124082
1770194643155,5418.35,1632.51,106938368,62177280,40971424,39.07,3124082
1770194643257,5422.55,1634.34,106938368,62177280,41213320,39.30,3133614
1770194643357,5422.78,1634.44,106938368,62177280,41214824,39.31,3133614
1770194643458,5426.71,1636.35,106938368,62177280,41456504,39.54,3134954
1770194643559,5426.92,1636.43,106938368,62177280,41458008,39.54,3134954
1770194643659,5427.18,1636.55,106938368,62177280,41459488,39.54,3134954
1770194643760,5432.53,1638.52,106938368,62177280,41701056,39.77,3136294
1770194643861,5432.79,1638.64,106938368,62177280,41702560,39.77,3136294
1770194643962,5444.81,1640.71,106954752,62177280,41954216,40.01,3137634
1770194644063,5445.07,1640.85,106954752,62177280,41955720,40.01,3137634
1770194644165,5445.37,1641.01,106954752,62177280,41957200,40.01,3137634
1770194644265,5448.24,1642.88,106954752,62177280,42196096,40.24,3147166
1770194644367,5448.45,1642.98,106954752,62177280,42197600,40.24,3147166
1770194644468,5464.31,1645.14,106971136,62177280,42437408,40.47,3148506
1770194644569,5464.48,1645.21,106971136,62177280,42438912,40.47,3148506
1770194644670,5464.73,1645.35,106971136,62177280,42440392,40.47,3148506
1770194644771,5467.46,1647.19,106971136,62177280,42679112,40.70,3149846
1770194644872,5467.76,1647.36,106971136,62177280,42680616,40.70,3149846
1770194644974,5470.67,1649.24,106971136,62177280,42919336,40.93,3151186
1770194645073,5470.90,1649.35,106971136,62177280,42920840,40.93,3151186
1770194645178,5473.04,1650.71,106987520,62177280,43041664,41.05,3160050
1770194645280,5474.14,1651.47,106987520,62177280,43161232,41.16,3160718
1770194645380,5474.41,1651.62,106987520,62177280,43162736,41.16,3160718
1770194645481,5477.39,1653.62,106987520,62177280,43401464,41.39,3162058
1770194645582,5477.63,1653.75,106987520,62177280,43402968,41.39,3162058
1770194645683,5480.26,1655.53,107151360,62177280,43641688,41.62,3163398
1770194645784,5480.42,1655.59,107151360,62177280,43643192,41.62,3163398
1770194645885,5480.69,1655.73,107151360,62177280,43644672,41.62,3163398
1770194645986,5483.64,1657.59,107380736,62177280,43883344,41.85,3164738
1770194646088,5483.91,1657.71,107380736,62177280,43884848,41.85,3164738
1770194646188,5486.53,1659.49,107610112,62177280,44123800,42.08,3174270
1770194646288,5486.67,1659.57,107610112,62177280,44125304,42.08,3174270
1770194646389,5486.85,1659.65,107610112,62177280,44126784,42.08,3174270
1770194646490,5489.54,1661.50,107855872,62177280,44365504,42.31,3175610
1770194646591,5489.85,1661.69,107855872,62177280,44367008,42.31,3175610
1770194646692,5493.78,1663.58,108085248,62177280,44605840,42.54,3176950
1770194646793,5493.96,1663.65,108085248,62177280,44607344,42.54,3176950
1770194646894,5494.23,1663.81,108085248,62177280,44608824,42.54,3176950
1770194646996,5498.63,1666.06,108314624,62177280,44847248,42.77,3178290
1770194647096,5498.90,1666.18,108314624,62177280,44848752,42.77,3178290
1770194647197,5501.72,1668.21,108544000,62177280,45087328,43.00,3187822
1770194647297,5501.92,1668.29,108544000,62177280,45088832,43.00,3187822
1770194647398,5502.20,1668.44,108544000,62177280,45090312,43.00,3187822
1770194647499,5505.20,1670.59,108773376,62177280,45328640,43.23,3189162
1770194647601,5505.38,1670.69,108773376,62177280,45330144,43.23,3189162
1770194647701,5508.32,1672.66,109019136,62177280,45568472,43.46,3190502
1770194647802,5508.51,1672.74,109019136,62177280,45569976,43.46,3190502
1770194647904,5508.77,1672.85,109019136,62177280,45571456,43.46,3190502
1770194648005,5511.55,1674.83,109248512,62177280,45809968,43.69,3191842
1770194648106,5511.81,1674.96,109248512,62177280,45811472,43.69,3191842
1770194648206,5514.71,1677.14,109477888,62177280,46050024,43.92,3201374
1770194648308,5514.92,1677.23,109477888,62177280,46051528,43.92,3201374
1770194648408,5515.19,1677.38,109477888,62177280,46053008,43.92,3201374
1770194648509,5517.88,1679.30,109723648,62177280,46291328,44.15,3202714
1770194648610,5518.15,1679.43,109723648,62177280,46292832,44.15,3202714
1770194648711,5523.95,1681.43,109953024,62177280,46536480,44.38,3204054
1770194648812,5524.08,1681.49,109953024,62177280,46537984,44.38,3204054
1770194648912,5524.29,1681.60,109953024,62177280,46539464,44.38,3204054
1770194649013,5527.47,1683.51,110182400,62177280,46777560,44.61,3205394
1770194649114,5539.87,1683.71,110182400,62177280,46992904,44.82,3205394
1770194649214,5543.08,1685.85,110411776,62177280,47231416,45.04,3214926
1770194649315,5543.29,1685.98,110411776,62177280,47232888,45.04,3214926
1770194649417,5543.57,1686.14,110411776,62177280,47234336,45.05,3214926
1770194649518,5546.10,1687.75,110641152,62177280,47476216,45.28,3216266
1770194649618,5546.36,1687.90,110641152,62177280,47477688,45.28,3216266
1770194649719,5548.76,1689.60,110870528,62177280,47719064,45.51,3217606
1770194649820,5548.96,1689.73,110886912,62177280,47720536,45.51,3217606
1770194649922,5549.20,1689.87,110886912,62177280,47721984,45.51,3217606
1770194650023,5563.59,1692.33,110952448,62177280,41077616,39.17,3118722
1770194650123,5563.89,1692.53,110952448,62177280,41079088,39.18,3118722
1770194650223,5566.63,1694.36,110952448,62177280,41320240,39.41,3128254
1770194650324,5566.86,1694.47,110952448,62177280,41321712,39.41,3128254
1770194650426,5567.10,1694.60,110952448,62177280,41323160,39.41,3128254
1770194650526,5569.82,1696.48,110952448,62177280,41564912,39.64,3129594
1770194650628,5570.06,1696.56,110952448,62177280,41566384,39.64,3129594
1770194650728,5583.53,1698.49,110952448,62177280,41829320,39.89,3130934
1770194650829,5583.69,1698.56,110952448,62177280,41830792,39.89,3130934
1770194650930,5583.93,1698.71,110952448,62177280,41832240,39.89,3130934
1770194651030,5586.39,1700.51,110952448,62177280,42070488,40.12,3132274
1770194651131,5586.63,1700.63,110952448,62177280,42071960,40.12,3132274
1770194651232,5591.53,1702.41,110952448,62177280,42312792,40.35,3141806
1770194651333,5591.73,1702.52,110952448,62177280,42314264,40.35,3141806
1770194651435,5592.02,1702.66,110952448,62177280,42315712,40.36,3141806
1770194651535,5595.43,1704.94,110952448,62177280,42556448,40.58,3143146
1770194651636,5595.67,1705.06,110952448,62177280,42557920,40.59,3143146
1770194651737,5598.67,1707.15,110952448,62177280,42798944,40.82,3144486
1770194651838,5598.87,1707.26,110952448,62177280,42800416,40.82,3144486
1770194651939,5599.14,1707.41,110952448,62177280,42801864,40.82,3144486
1770194652040,5616.43,1709.58,110952448,62177280,43060200,41.07,3145826
1770194652141,5616.69,1709.73,110952448,62177280,43061672,41.07,3145826
1770194652242,5619.50,1711.59,110952448,62177280,43299832,41.29,3155358
1770194652343,5619.70,1711.70,110952448,62177280,43301304,41.30,3155358
1770194652444,5619.98,1711.85,110952448,62177280,43302752,41.30,3155358
1770194652545,5622.73,1713.84,110952448,62177280,43542696,41.53,3156698
1770194652646,5622.97,1714.00,110952448,62177280,43544168,41.53,3156698
1770194652747,5626.55,1715.84,110968832,62177280,43795656,41.77,3158038
1770194652849,5626.76,1715.97,110968832,62177280,43797128,41.77,3158038
1770194652950,5626.96,1716.08,110968832,62177280,43798576,41.77,3158038
1770194653052,5639.31,1718.16,111198208,62177280,44042832,42.00,3159378
1770194653152,5639.57,1718.31,111198208,62177280,44044304,42.00,3159378
1770194653254,5646.59,1720.56,111443968,62177280,44288816,42.24,3168910
1770194653354,5646.80,1720.69,111443968,62177280,44290288,42.24,3168910
1770194653455,5646.98,1720.79,111443968,62177280,44291736,42.24,3168910
1770194653556,5649.86,1722.90,111673344,62177280,44531144,42.47,3170250
1770194653657,5650.08,1723.01,111673344,62177280,44532616,42.47,3170250
1770194653758,5654.51,1724.86,111886336,62177280,44776456,42.70,3171590
1770194653859,5654.67,1724.97,111886336,62177280,44777928,42.70,3171590
1770194653961,5654.85,1725.08,111902720,62177280,44779376,42.70,3171590
1770194654062,5660.08,1726.95,112115712,62177280,45021944,42.94,3172930
1770194654163,5660.23,1727.06,112115712,62177280,45023416,42.94,3172930
1770194654265,5662.81,1728.89,112345088,62177280,45259256,43.16,3182462
1770194654365,5663.02,1729.02,112345088,62177280,45260728,43.16,3182462
1770194654466,5663.27,1729.14,112345088,62177280,45262176,43.17,3182462
1770194654568,5665.69,1731.01,112574464,62177280,45500312,43.39,3183802
1770194654668,5665.94,1731.16,112574464,62177280,45501784,43.39,3183802
1770194654769,5668.56,1732.98,112803840,62177280,45739688,43.62,3185142
1770194654870,5668.76,1733.09,112803840,62177280,45741160,43.62,3185142
1770194654971,5669.01,1733.23,112803840,62177280,45742608,43.62,3185142
1770194655072,5671.85,1735.12,113016832,62177280,45984312,43.85,3186482
1770194655173,5672.14,1735.30,113033216,62177280,45985784,43.86,3186482
1770194655274,5674.78,1737.40,113246208,62177280,46221616,44.08,3196014
1770194655376,5674.97,1737.52,113246208,62177280,46223088,44.08,3196014
1770194655476,5675.16,1737.64,113246208,62177280,46224536,44.08,3196014
1770194655577,5678.08,1739.60,113475584,62177280,46463040,44.31,3197354
1770194655678,5678.33,1739.74,113475584,62177280,46464512,44.31,3197354
1770194655779,5681.36,1741.72,113704960,62177280,46704856,44.54,3198694
1770194655880,5681.51,1741.81,113704960,62177280,46706328,44.54,3198694
1770194655982,5681.69,1741.92,113704960,62177280,46707776,44.54,3198694
1770194656083,5705.95,1744.05,113934336,62177280,46962120,44.79,3200034
1770194656184,5706.16,1744.16,113934336,62177280,46963592,44.79,3200034
1770194656285,5709.05,1746.07,114147328,62177280,47201352,45.01,3209566
1770194656386,5709.29,1746.21,114147328,62177280,47202824,45.02,3209566
1770194656488,5709.57,1746.40,114163712,62177280,47204272,45.02,3209566
1770194656588,5712.35,1748.39,114393088,62177280,47440192,45.24,3210906
1770194656689,5712.59,1748.53,114393088,62177280,47441664,45.24,3210906
1770194656790,5715.32,1750.37,114606080,62177280,47678976,45.47,3212246
1770194656891,5715.52,1750.48,114606080,62177280,47680448,45.47,3212246
1770194656992,5715.77,1750.63,114622464,62177280,47681896,45.47,3212246
1770194657094,5718.57,1752.49,114835456,62177280,47917968,45.70,3213586
1770194657194,5718.80,1752.63,114835456,62177280,47919440,45.70,3213586
1770194657295,5727.12,1758.29,100630528,47759360,42194832,40.24,3118722
1770194657397,5727.37,1758.43,100630528,47759360,42196280,40.24,3118722
1770195033226,268.15,96.00,113852416,66273280,40567960,38.69,3091624
1770195033326,268.38,96.09,113852416,66273280,40572560,38.69,3091680
1770195033428,268.71,96.17,113852416,66273280,40575272,38.70,3091680
1770195033528,269.14,96.38,113852416,66273280,40578144,38.70,3091680
1770195033628,269.57,96.55,113868800,66273280,40613248,38.73,3091680
1770195033728,269.95,96.69,113885184,66273280,40615552,38.73,3091680
1770195033830,270.44,96.86,113885184,66273280,40617856,38.74,3091680
1770195033931,271.36,97.10,113901568,66273280,40620160,38.74,3091680
1770195034032,271.69,97.24,113901568,66273280,40622656,38.74,3091680
1770195034134,271.99,97.31,113901568,66273280,40624992,38.74,3091680
1770195034234,272.27,97.42,113917952,66273280,40627392,38.75,3091680
1770195034335,272.80,97.53,113950720,66273280,40629784,38.75,3091680
1770195034437,273.10,97.66,113950720,66273280,40631832,38.75,3091680
1770195034537,273.51,97.83,113950720,66273280,40633880,38.75,3091680
1770195034638,273.84,98.00,113950720,66273280,40635928,38.75,3091680
1770195034739,274.01,98.13,113950720,66273280,40637976,38.76,3091680
1770195034840,279.62,99.49,114311168,66535424,41303656,39.39,3093017
1770195034941,279.81,99.53,114311168,66535424,41305728,39.39,3093017
1770195035043,279.99,99.62,114311168,66535424,41307776,39.39,3093017
1770195035144,286.92,102.06,114524160,66535424,41618024,39.69,3094353
1770195035245,287.13,102.13,114524160,66535424,41620096,39.69,3094353
1770195035347,292.37,103.89,114606080,66797568,42190944,40.24,3095689
1770195035446,292.63,103.99,114606080,66797568,42193016,40.24,3095689
1770195035547,292.89,104.09,114606080,66797568,42195064,40.24,3095689
1770195035647,299.08,106.56,114688000,67059712,42713288,40.73,3105217
1770195035749,299.41,106.70,114688000,67059712,42715360,40.74,3105217
1770195035849,305.19,108.78,114786304,67059712,43019728,41.03,3106553
1770195035949,305.35,108.85,114786304,67059712,43021800,41.03,3106553
1770195036051,305.62,108.98,114786304,67059712,43023848,41.03,3106553
1770195036151,310.13,110.54,114835456,67059712,43332752,41.33,3107889
1770195036253,310.42,110.71,114835456,67059712,43334824,41.33,3107889
1770195036353,314.32,112.33,114851840,67059712,43638680,41.62,3109225
1770195036455,314.65,112.47,114851840,67059712,43640752,41.62,3109225
1770195036556,315.00,112.65,114851840,67059712,43642800,41.62,3109225
1770195036657,319.24,114.70,114884608,67059712,43947064,41.91,3118753
1770195036757,319.52,114.84,114884608,67059712,43949136,41.91,3118753
1770195036858,323.78,116.78,114884608,67059712,44252800,42.20,3120089
1770195036959,324.06,116.89,114884608,67059712,44254920,42.20,3120089
1770195037061,324.34,117.03,114884608,67059712,44256984,42.21,3120089
1770195037161,327.51,118.92,114917376,67059712,44561176,42.50,3121425
1770195037262,327.80,119.11,114917376,67059712,44563264,42.50,3121425
1770195037363,331.07,120.89,114917376,67059712,44877504,42.80,3122763
1770195037464,331.32,121.03,114917376,67059712,44879592,42.80,3122763
1770195037565,331.56,121.22,114917376,67059712,44881656,42.80,3122763
1770195037668,334.93,122.85,114933760,67059712,45185776,43.09,3132293
1770195037770,335.13,122.95,114933760,67059712,45187864,43.09,3132293
1770195037870,341.65,124.89,114999296,67059712,45492208,43.38,3133631
1770195037972,341.85,124.97,114999296,67059712,45494296,43.39,3133631
1770195038076,344.56,126.09,114999296,67059712,45647736,43.53,3134302
1770195038176,345.77,126.85,114999296,67059712,45800160,43.68,3134969
1770195038278,345.98,126.95,114999296,67059712,45802248,43.68,3134969
1770195038379,350.54,128.90,114999296,67059712,46106152,43.97,3136307
1770195038480,350.88,129.07,114999296,67059712,46108240,43.97,3136307
1770195038585,363.15,133.87,121094144,73613312,41583232,39.66,3145837
1770195038687,363.33,133.94,121094144,73613312,41585320,39.66,3145837
1770195038787,363.64,134.07,121094144,73613312,41587384,39.66,3145837
1770195038889,367.95,136.03,121094144,73613312,41891296,39.95,3101193
1770195038990,368.25,136.20,121094144,73613312,41893384,39.95,3101193
1770195039091,371.05,137.98,121110528,73613312,42197216,40.24,3102531
1770195039191,371.24,138.06,121110528,73613312,42199304,40.24,3102531
1770195039293,371.48,138.33,121110528,73613312,42201368,40.25,3102531
1770195039393,374.20,139.83,121110528,73613312,42505216,40.54,3103869
1770195039494,374.43,139.92,121110528,73613312,42507304,40.54,3103869
1770195039595,378.37,141.94,121143296,73613312,42811512,40.83,3113399
1770195039697,378.61,142.08,121143296,73613312,42813600,40.83,3113399
1770195039796,378.75,142.15,121143296,73613312,42815664,40.83,3113399
1770195039898,384.80,144.45,121208832,73613312,43119760,41.12,3114737
1770195039998,384.95,144.50,121208832,73613312,43121848,41.12,3114737
1770195040099,389.68,146.49,121241600,73613312,43446352,41.43,3116075
1770195040200,389.97,146.58,121241600,73613312,43448440,41.44,3116075
1770195040302,390.32,146.72,121241600,73613312,43450504,41.44,3116075
1770195040402,396.54,148.70,121241600,73613312,43755072,41.73,3117413
1770195040504,396.89,148.89,121241600,73613312,43757160,41.73,3117413
1770195040604,403.97,150.99,121307136,73613312,44060648,42.02,3126943
1770195040705,404.18,151.05,121307136,73613312,44062744,42.02,3126943
1770195040807,404.50,151.21,121307136,73613312,44064808,42.02,3126943
1770195040907,408.75,153.20,121307136,73613312,44367864,42.31,3128281
1770195041008,409.08,153.36,121307136,73613312,44369952,42.31,3128281
1770195041110,413.13,155.35,121307136,73613312,44673032,42.60,3129619
1770195041210,413.37,155.44,121307136,73613312,44675120,42.61,3129619
1770195041311,486.43,167.24,88965120,39895040,35325672,33.69,3097608
1770195041413,489.42,168.85,88965120,39895040,35684968,34.03,3098946
1770195041514,489.68,168.97,88965120,39895040,35687048,34.03,3098946
1770195041615,496.68,171.06,88965120,39895040,36012960,34.34,3108476
1770195041716,497.00,171.19,88965120,39895040,36015008,34.35,3108476
1770195041818,497.30,171.33,88965120,39895040,36017032,34.35,3108476
1770195041918,575.69,180.69,87621632,38584320,35302768,33.67,3097608
1770195042019,576.07,180.81,87621632,38584320,35307584,33.67,3097608
1770195042121,584.00,183.60,87638016,38584320,35722704,34.07,3098946
1770195042222,584.28,183.72,87638016,38584320,35724752,34.07,3098946
1770195042322,584.51,183.85,87638016,38584320,35726776,34.07,3098946
1770195042424,589.51,185.63,87638016,38584320,36022712,34.35,3100284
1770195042526,655.48,188.81,86802432,38584320,35329952,33.69,3097608
1770195042626,663.90,190.90,87113728,38584320,35753744,34.10,3107138
1770195042728,664.20,191.04,87130112,38584320,35755744,34.10,3107138
1770195042829,664.49,191.21,87130112,38584320,35757720,34.10,3107138
1770195042930,666.86,193.09,87408640,38584320,36039288,34.37,3108476
1770195043031,667.13,193.26,87408640,38584320,36041288,34.37,3108476
1770195043132,671.26,195.09,87687168,38584320,36322864,34.64,3109814
1770195043233,671.49,195.21,87687168,38584320,36324864,34.64,3109814
1770195043333,671.76,195.35,87687168,38584320,36326840,34.64,3109814
1770195043434,676.12,197.75,88145920,39632896,35711792,34.06,3108476
1770195043534,676.35,197.87,88145920,39632896,35713768,34.06,3108476
1770195043635,683.35,199.96,88424448,39632896,35996344,34.33,3118006
1770195043736,683.57,200.08,88424448,39632896,35998344,34.33,3118006
1770195043838,683.78,200.17,88424448,39632896,36000320,34.33,3118006
1770195043939,695.34,202.36,88801280,39632896,36283872,34.60,3119344
1770195044041,695.66,202.55,88817664,39632896,36285872,34.60,3119344
1770195044142,707.21,205.01,88915968,39632896,35785288,34.13,3108476
1770195044242,707.48,205.14,88915968,39632896,35787264,34.13,3108476
1770195044343,707.73,205.27,88915968,39632896,35789240,34.13,3108476
1770195044445,710.94,207.11,88932352,39632896,36067680,34.40,3109814
1770195044545,711.24,207.24,88932352,39632896,36069656,34.40,3109814
1770195044647,718.43,209.52,88932352,39632896,36348800,34.66,3119344
1770195044748,718.73,209.67,88932352,39632896,36350776,34.67,3119344
1770195044850,719.00,209.81,88932352,39632896,36352752,34.67,3119344
1770195044950,723.49,211.76,88932352,39632896,35838792,34.18,3108476
1770195045051,723.76,211.91,88932352,39632896,35840768,34.18,3108476
1770195045152,727.51,213.79,88932352,39632896,36131552,34.46,3109814
1770195045253,727.85,213.95,88932352,39632896,36133528,34.46,3109814
1770195045355,728.12,214.09,88932352,39632896,36135504,34.46,3109814
1770195045455,732.31,215.88,88981504,39632896,36480136,34.79,3111152
1770195045556,732.61,216.03,88981504,39632896,36482136,34.79,3111152
1770195045657,737.07,217.99,88981504,39632896,35971360,34.30,3120682
1770195045758,737.39,218.13,88981504,39632896,35973360,34.31,3120682
1770195045860,737.70,218.26,88981504,39632896,35975424,34.31,3120682
1770195045961,752.53,220.98,89096192,39632896,36255288,34.58,3109143
1770195046062,752.84,221.14,89096192,39632896,36257288,34.58,3109143
1770195046164,758.18,223.05,89096192,39632896,36531336,34.84,3110481
1770195046265,758.50,223.22,89096192,39632896,36533336,34.84,3110481
1770195046367,758.81,223.39,89096192,39632896,36535312,34.84,3110481
1770195046467,763.18,225.40,89096192,39632896,36015168,34.35,3111819
1770195046569,763.50,225.56,89096192,39632896,36017168,34.35,3111819
1770195046670,770.44,227.60,89096192,39632896,36298784,34.62,3117335
1770195046771,770.72,227.75,89096192,39632896,36300784,34.62,3117335
1770195046873,771.01,227.90,89096192,39632896,36302760,34.62,3117335
1770195046974,774.20,229.70,89096192,39632896,36575240,34.88,3118673
1770195047074,774.47,229.86,89096192,39632896,36577240,34.88,3118673
1770195047176,781.53,231.82,89096192,39632896,36860104,35.15,3120011
1770195047276,781.82,231.97,89096192,39632896,36862104,35.15,3120011
1770195047377,782.12,232.13,89096192,39632896,36864080,35.16,3120011
1770195047479,794.07,234.52,89260032,41992192,36584984,34.89,3116668
1770195047580,794.38,234.68,89260032,41992192,36586984,34.89,3116668
1770195047681,798.95,236.35,89260032,41992192,36854976,35.15,3126198
1770195047783,799.11,236.44,89260032,41992192,36856976,35.15,3126198
1770195047883,799.30,236.53,89260032,41992192,36858952,35.15,3126198
1770195047985,807.90,238.72,89260032,41992192,37131048,35.41,3127536
1770195048086,808.16,238.83,89260032,41992192,37133048,35.41,3127536
1770195048186,812.15,241.07,89440256,41992192,37403560,35.67,3128874
1770195048287,812.43,241.20,89440256,41992192,37405560,35.67,3128874
1770195048388,812.73,241.36,89440256,41992192,37407536,35.67,3128874
1770195048489,818.01,243.43,89702400,41992192,37678848,35.93,3130212
1770195048591,818.28,243.58,89702400,41992192,37680848,35.94,3130212
1770195048692,822.09,245.71,89948160,41992192,37950504,36.19,3139742
1770195048793,822.40,245.86,89948160,41992192,37952504,36.19,3139742
1770195048895,826.60,246.94,90079232,41992192,38090168,36.33,3140413
1770195048996,829.59,247.69,90210304,41992192,38228232,36.46,3141080
1770195049098,829.87,247.82,90210304,41992192,38230232,36.46,3141080
1770195049199,835.94,250.14,90243072,41992192,36843720,35.14,3116668
1770195049300,836.23,250.27,90243072,41992192,36845696,35.14,3116668
1770195049401,839.30,252.09,90243072,41992192,37114976,35.40,3118006
1770195049501,839.51,252.16,90243072,41992192,37116952,35.40,3118006
1770195049602,839.81,252.32,90243072,41992192,37119240,35.40,3118006
1770195049704,844.42,254.44,90275840,41992192,37389536,35.66,3127536
1770195049803,844.72,254.63,90292224,41992192,37391512,35.66,3127536
1770195049904,847.80,256.51,90537984,41992192,37661440,35.92,3128874
1770195050006,847.96,256.57,90537984,41992192,37663416,35.92,3128874
1770195050106,848.25,256.74,90537984,41992192,37665392,35.92,3128874
1770195050206,853.21,258.69,90800128,41992192,37937880,36.18,3130212
1770195050307,853.42,258.82,90800128,41992192,37939856,36.18,3130212
1770195050408,856.43,260.79,91045888,41992192,38207984,36.44,3131550
1770195050509,857.62,261.03,91308032,42516480,36789552,35.09,3131550
1770195050610,857.92,261.19,91308032,42516480,36791528,35.09,3131550
1770195050712,865.69,263.34,91324416,42516480,37184752,35.46,3124860
1770195050812,865.98,263.49,91324416,42516480,37186752,35.46,3124860
1770195050912,868.65,265.36,91324416,42516480,37449376,35.71,3126198
1770195051013,868.79,265.41,91324416,42516480,37451352,35.72,3126198
1770195051114,869.04,265.51,91324416,42516480,37453328,35.72,3126198
1770195051215,892.32,267.60,93831168,42516480,37720576,35.97,3127536
1770195051316,892.43,267.65,93831168,42516480,37722552,35.98,3127536
1770195051417,900.98,269.50,93831168,42516480,37985760,36.23,3128874
1770195051518,902.01,269.57,93847552,42516480,37988848,36.23,3128874
1770195051619,902.22,269.69,93847552,42516480,37990824,36.23,3128874
1770195051719,908.82,271.57,93847552,42516480,38251952,36.48,3138404
1770195051820,909.03,271.68,93847552,42516480,38253952,36.48,3138404
1770195051920,912.61,273.42,93847552,42516480,38514768,36.73,3139742
1770195052020,914.79,273.49,93847552,42516480,38516856,36.73,3139742
1770195052121,915.00,273.64,93847552,42516480,38518832,36.73,3139742
1770195052223,940.70,275.96,94109696,43040768,37210424,35.49,3141080
1770195052323,940.95,276.03,94109696,43040768,37212400,35.49,3141080
1770195052423,943.08,277.14,94142464,43040768,37344216,35.61,3116668
1770195052525,945.57,277.89,94142464,43040768,37475504,35.74,3117335
1770195052626,945.84,278.00,94142464,43040768,37477480,35.74,3117335
1770195052727,948.49,279.86,94142464,43040768,37738648,35.99,3126865
1770195052828,948.66,279.96,94142464,43040768,37740648,35.99,3126865
1770195052929,951.88,281.97,94142464,43040768,38001568,36.24,3128203
1770195053029,952.16,282.07,94142464,43040768,38003568,36.24,3128203
1770195053129,952.64,282.38,94142464,43040768,38005544,36.24,3128203
1770195053230,958.41,284.13,94158848,43040768,38266832,36.49,3129541
1770195053332,958.57,284.22,94158848,43040768,38268832,36.50,3129541
1770195053432,961.48,286.01,94158848,43040768,38529712,36.74,3130879
1770195053533,961.62,286.06,94158848,43040768,38531712,36.75,3130879
1770195053634,961.90,286.17,94158848,43040768,38533688,36.75,3130879
1770195053735,965.28,287.77,94175232,43040768,38794856,37.00,3140409
1770195053836,965.50,287.86,94175232,43040768,38796856,37.00,3140409
1770195053937,970.04,290.14,94552064,43302912,37536712,35.80,3141747
1770195054037,970.17,290.20,94552064,43302912,37538712,35.80,3141747
1770195054138,970.40,290.30,94552064,43302912,37540688,35.80,3141747
1770195054239,972.60,291.67,94552064,43302912,37801584,36.05,3117335
1770195054340,972.83,291.75,94552064,43302912,37803560,36.05,3117335
1770195054441,975.85,293.58,94568448,43302912,38064776,36.30,3118673
1770195054541,976.04,293.63,94568448,43302912,38066752,36.30,3118673
1770195054642,976.37,293.75,94568448,43302912,38068728,36.31,3118673
1770195054743,979.48,295.56,94568448,43302912,38329936,36.55,3128203
1770195054845,979.77,295.69,94568448,43302912,38331912,36.56,3128203
1770195054945,982.65,297.61,94568448,43302912,38592840,36.81,3129541
1770195055046,982.83,297.69,94568448,43302912,38594816,36.81,3129541
1770195055147,983.07,297.80,94568448,43302912,38596792,36.81,3129541
1770195055249,988.82,299.96,94568448,43302912,38858112,37.06,3130879
1770195055349,989.06,300.07,94568448,43302912,38860088,37.06,3130879
1770195055450,1002.22,302.34,94797824,43302912,37622216,35.88,3132217
1770195055551,1005.92,302.50,94797824,43302912,37626856,35.88,3132217
1770195055652,1006.20,302.63,94797824,43302912,37628832,35.89,3132217
1770195055753,1009.59,304.38,94797824,43302912,37886696,36.13,3124860
1770195055855,1009.88,304.52,94797824,43302912,37888672,36.13,3124860
1770195055955,1012.67,306.26,94797824,43302912,38146312,36.38,3126198
1770195056056,1012.90,306.36,94797824,43302912,38148288,36.38,3126198
1770195056158,1013.22,306.50,94797824,43302912,38150264,36.38,3126198
1770195056258,1017.17,308.31,94879744,43302912,38547680,36.76,3127536
1770195056359,1017.39,308.41,94879744,43302912,38549656,36.76,3127536
1770195056460,1019.70,309.92,94879744,43302912,38807272,37.01,3128874
1770195056562,1019.82,309.98,94879744,43302912,38809248,37.01,3128874
1770195056662,1020.00,310.09,94879744,43302912,38811224,37.01,3128874
1770195056763,1032.94,311.95,94912512,43302912,39103832,37.29,3138404
1770195056864,1033.24,312.09,94912512,43302912,39105808,37.29,3138404
1770195056965,1037.36,314.28,95404032,47759360,38091216,36.33,3139742
1770195057067,1037.50,314.34,95404032,47759360,38093192,36.33,3139742
1770195057167,1037.68,314.44,95404032,47759360,38095168,36.33,3139742
1770195057268,1040.87,316.21,95404032,47759360,38346072,36.57,3116668
1770195057369,1041.07,316.31,95404032,47759360,38348048,36.57,3116668
1770195057470,1044.94,318.20,95420416,47759360,38599264,36.81,3118006
1770195057572,1045.19,318.30,95420416,47759360,38601240,36.81,3118006
1770195057672,1045.36,318.38,95420416,47759360,38603216,36.81,3118006
1770195057773,1048.60,320.24,95420416,47759360,38854384,37.05,3127536
1770195057875,1048.87,320.35,95420416,47759360,38856360,37.06,3127536
1770195057976,1051.91,322.13,95420416,47759360,39107392,37.30,3128874
1770195058077,1052.07,322.22,95420416,47759360,39109368,37.30,3128874
1770195058179,1052.28,322.32,95420416,47759360,39111344,37.30,3128874
1770195058279,1054.63,323.99,95420416,47759360,39362336,37.54,3130212
1770195058380,1054.85,324.10,95420416,47759360,39364312,37.54,3130212
1770195058481,1056.16,325.16,95420416,47759360,39615152,37.78,3131550
1770195058581,1056.28,325.22,95420416,47759360,39617128,37.78,3131550
1770195058682,1056.40,325.26,95420416,47759360,39619104,37.78,3131550
1770195058783,1058.80,326.89,95502336,47759360,39870216,38.02,3141080
1770195058885,1059.03,326.98,95502336,47759360,39872192,38.03,3141080
1770195058986,1062.38,328.63,95748096,47759360,40123304,38.26,3142418
1770195059087,1062.59,328.72,95748096,47759360,40125304,38.27,3142418
1770195059189,1062.87,328.86,95764480,47759360,40127280,38.27,3142418
1770195059290,1065.78,330.82,95993856,47759360,40377536,38.51,3143756
1770195059392,1066.06,330.97,95993856,47759360,40379536,38.51,3143756
1770195059493,1068.94,332.84,96239616,47759360,40629752,38.75,3145094
1770195059594,1069.19,332.96,96239616,47759360,40631752,38.75,3145094
1770195059695,1069.47,333.10,96239616,47759360,40633728,38.75,3145094
1770195059797,1073.32,334.80,96485376,47759360,40884152,38.99,3154624
1770195059898,1073.48,334.87,96485376,47759360,40886152,38.99,3154624
1770195060000,1078.87,336.72,96714752,47759360,41200480,39.29,3155964
1770195060100,1079.13,336.88,93306880,47759360,41202480,39.29,3155964
1770195060201,1079.33,337.01,93306880,47759360,41204456,39.30,3155964
1770195060302,1083.78,338.99,93552640,47759360,41455072,39.53,3157304
1770195060403,1084.05,339.14,93552640,47759360,41457072,39.54,3157304
1770195060505,1085.93,340.78,93814784,47759360,41707104,39.77,3158644
1770195060606,1086.23,340.93,90652672,47759360,41709104,39.78,3158644
1770195060707,1086.48,341.07,90652672,47759360,41711080,39.78,3158644
1770195060809,1088.88,342.44,91111424,48545792,38685784,36.89,3168176
1770195060910,1089.08,342.55,91111424,48545792,38687784,36.90,3168176
1770195061011,1093.55,344.21,91127808,48545792,38937816,37.13,3117338
1770195061112,1093.76,344.34,91127808,48545792,38939816,37.14,3117338
1770195061213,1093.96,344.44,91127808,48545792,38941792,37.14,3117338
1770195061313,1096.69,346.23,91127808,48545792,39191816,37.38,3118678
1770195061414,1096.99,346.39,91127808,48545792,39193816,37.38,3118678
1770195061515,1100.28,348.46,91127808,48545792,39443808,37.62,3120018
1770195061616,1100.54,348.57,91127808,48545792,39445808,37.62,3120018
1770195061717,1100.81,348.69,91127808,48545792,39447784,37.62,3120018
1770195061818,1104.26,350.56,91127808,48545792,39698136,37.86,3129550
1770195061919,1104.55,350.70,91127808,48545792,39700136,37.86,3129550
1770195062020,1107.44,352.53,91127808,48545792,39950240,38.10,3130890
1770195062121,1107.74,352.67,91127808,48545792,39952240,38.10,3130890
1770195062222,1108.02,352.82,91127808,48545792,39954216,38.10,3130890
1770195062323,1125.84,355.00,91291648,48545792,40208696,38.35,3132230
1770195062424,1126.02,355.12,91291648,48545792,40210696,38.35,3132230
1770195062525,1128.02,356.63,91521024,48545792,40460432,38.59,3133570
1770195062626,1128.29,356.75,91521024,48545792,40462432,38.59,3133570
1770195062728,1128.54,356.89,91537408,48545792,40464408,38.59,3133570
1770195062828,1132.97,358.67,91799552,48545792,40714352,38.83,3143102
1770195062929,1133.09,358.75,91799552,48545792,40716352,38.83,3143102
1770195063030,1135.45,360.46,92045312,48545792,40966072,39.07,3144442
1770195063131,1135.67,360.58,92045312,48545792,40968072,39.07,3144442
1770195063233,1136.14,360.72,92045312,48545792,40970424,39.07,3144442
1770195063334,1143.90,362.79,92291072,48545792,41220952,39.31,3145782
1770195063435,1144.21,362.95,92291072,48545792,41222952,39.31,3145782
1770195063536,1147.23,365.07,92520448,48545792,41613624,39.69,3147122
1770195063637,1147.48,365.20,92520448,48545792,41615624,39.69,3147122
1770195063739,1147.68,365.31,92520448,48545792,41617600,39.69,3147122
1770195063839,1150.47,366.85,92766208,48545792,41867184,39.93,3156654
1770195063941,1150.78,367.01,92766208,48545792,41869184,39.93,3156654
1770195064041,1154.67,369.05,93011968,48545792,42119200,40.17,3157994
1770195064142,1154.79,369.14,93011968,48545792,42121200,40.17,3157994
1770195064245,1156.37,370.12,93126656,48545792,42247352,40.29,3158666
1770195064345,1159.00,371.03,93634560,49070080,39349720,37.53,3159334
1770195064446,1159.14,371.10,93634560,49070080,39351720,37.53,3159334
1770195064546,1160.98,372.54,93650944,49070080,39601112,37.77,3117338
1770195064647,1161.16,372.65,93650944,49070080,39603088,37.77,3117338
1770195064748,1162.74,373.55,93650944,49070080,39729504,37.89,3126202
1770195064849,1163.76,374.38,93650944,49070080,39854656,38.01,3126870
1770195064950,1163.87,374.43,93650944,49070080,39856656,38.01,3126870
1770195065051,1166.15,376.07,93650944,49070080,40106032,38.25,3128210
1770195065153,1166.36,376.17,93650944,49070080,40108032,38.25,3128210
1770195065252,1168.35,377.11,93650944,49070080,40234208,38.37,3128882
1770195065353,1169.56,377.97,93650944,49070080,40359360,38.49,3129550
1770195065454,1169.86,378.14,93650944,49070080,40361336,38.49,3129550
1770195065556,1173.48,380.05,93650944,49070080,40610680,38.73,3130890
1770195065656,1173.77,380.18,93650944,49070080,40612656,38.73,3130890
1770195065756,1175.55,381.26,93667328,49070080,40739064,38.85,3139754
1770195065857,1176.50,381.98,93667328,49070080,40864168,38.97,3140422
1770195065958,1176.80,382.12,93667328,49070080,40866168,38.97,3140422
1770195066060,1181.76,384.50,93667328,49070080,41115664,39.21,3141762
1770195066159,1182.02,384.63,93667328,49070080,41117664,39.21,3141762
1770195066259,1183.95,385.78,93667328,49070080,41243816,39.33,3142434
1770195066360,1186.86,386.52,93667328,49070080,41370248,39.45,3143102
1770195066461,1187.09,386.68,93552640,49070080,41372224,39.46,3143102
1770195066562,1188.66,388.01,92078080,49070080,41621680,39.69,3144442
1770195066663,1188.74,388.05,90144768,49070080,41623656,39.70,3144442
1770195066763,1189.40,388.51,90144768,49070080,41750032,39.82,3153306
1770195066864,1190.73,388.87,90144768,49070080,41875144,39.94,3153974
1770195066965,1190.89,388.94,90144768,49070080,41877144,39.94,3153974
1770195067066,1193.77,390.68,90144768,49070080,42126496,40.17,3155314
1770195067167,1193.91,390.75,90144768,49070080,42128496,40.18,3155314
1770195067268,1195.49,391.81,90144768,49070080,42254648,40.30,3155986
1770195067368,1196.52,392.54,90144768,49070080,42379800,40.42,3156654
1770195067470,1196.91,392.86,90144768,49070080,42381776,40.42,3156654
1770195067572,1220.74,395.24,90636288,49070080,42631816,40.66,3157994
1770195067673,1220.88,395.32,90636288,49070080,42633792,40.66,3157994
1770195067773,1225.95,397.69,91127808,49594368,39825336,37.98,3167526
1770195067874,1242.74,398.01,91160576,49594368,39830744,37.99,3167526
1770195067975,1243.01,398.18,91160576,49594368,39832720,37.99,3167526
1770195068076,1245.81,399.92,91176960,49594368,40081880,38.23,3117338
1770195068177,1245.96,400.01,91176960,49594368,40083856,38.23,3117338
1770195068277,1248.49,401.81,91176960,49594368,40333368,38.46,3118678
1770195068379,1248.68,401.88,91176960,49594368,40335344,38.47,3118678
1770195068480,1248.99,402.01,91176960,49594368,40337320,38.47,3118678
1770195068581,1255.30,403.58,91176960,49594368,40587632,38.71,3120018
1770195068682,1255.60,403.77,91176960,49594368,40589608,38.71,3120018
1770195068783,1257.62,405.24,91176960,49594368,40839328,38.95,3129550
1770195068884,1257.75,405.31,91176960,49594368,40841304,38.95,3129550
1770195068985,1257.93,405.40,91176960,49594368,40843280,38.95,3129550
1770195069087,1262.67,407.61,91193344,49594368,41093872,39.19,3130890
1770195069187,1262.85,407.71,91193344,49594368,41095848,39.19,3130890
1770195069288,1269.29,409.71,91209728,49594368,41345832,39.43,3132230
1770195069389,1269.41,409.78,91209728,49594368,41347808,39.43,3132230
1770195069488,1269.63,409.88,91209728,49594368,41349784,39.43,3132230
1770195069589,1272.19,411.64,91209728,49594368,41599136,39.67,3133570
1770195069690,1272.32,411.71,91209728,49594368,41601112,39.67,3133570
1770195069791,1276.10,413.42,91209728,49594368,41850800,39.91,3143102
1770195069892,1276.32,413.55,91209728,49594368,41852776,39.91,3143102
1770195069993,1276.51,413.62,91209728,49594368,41854752,39.92,3143102
1770195070093,1279.70,415.55,91127808,49594368,42104208,40.15,3144442
1770195070193,1279.98,415.70,91127808,49594368,42106184,40.16,3144442
1770195070294,1282.46,417.51,91127808,49594368,42355576,40.39,3145782
1770195070395,1282.59,417.63,91127808,49594368,42357552,40.40,3145782
1770195070496,1282.73,417.73,90210304,49594368,42359528,40.40,3145782
1770195070597,1285.22,419.69,90210304,49594368,42608896,40.64,3147122
1770195070699,1285.48,419.84,90210304,49594368,42610872,40.64,3147122
1770195070799,1288.41,421.88,90210304,49594368,42860504,40.87,3156654
1770195070900,1288.61,421.98,90210304,49594368,42862480,40.88,3156654
1770195071001,1288.83,422.09,90210304,49594368,42864456,40.88,3156654
1770195071102,1291.53,423.88,90210304,49594368,43113856,41.12,3157994
1770195071202,1291.66,423.94,90210304,49594368,43115832,41.12,3157994
1770195071303,1295.23,425.68,90669056,49856512,40365816,38.50,3159334
1770195071404,1295.37,425.75,90652672,49856512,40367792,38.50,3159334
1770195071505,1295.54,425.86,90652672,49856512,40369768,38.50,3159334
1770195071607,1299.08,427.66,90652672,49856512,40619360,38.74,3117338
1770195071706,1299.29,427.78,90587136,49856512,40621336,38.74,3117338
1770195071807,1300.72,428.88,90406912,49856512,40871000,38.98,3126870
1770195071908,1300.82,428.93,90406912,49856512,40872976,38.98,3126870
1770195072009,1300.98,429.00,90406912,49856512,40874952,38.98,3126870
1770195072110,1304.54,430.02,90406912,49856512,41125328,39.22,3128210
1770195072212,1304.73,430.10,90406912,49856512,41127304,39.22,3128210
1770195072313,1306.93,431.54,90324992,49856512,41376744,39.46,3129550
1770195072414,1307.11,431.65,90324992,49856512,41378720,39.46,3129550
1770195072515,1307.28,431.74,90324992,49856512,41380696,39.46,3129550
1770195072616,1309.63,433.33,90324992,49856512,41630040,39.70,3130890
1770195072716,1309.83,433.46,90324992,49856512,41632016,39.70,3130890
1770195072817,1312.96,435.14,90324992,49856512,41881848,39.94,3140422
1770195072918,1313.13,435.25,90324992,49856512,41883824,39.94,3140422
1770195073019,1313.32,435.36,90324992,49856512,41885800,39.95,3140422
1770195073120,1318.70,437.49,90324992,49856512,42135600,40.18,3141762
1770195073221,1318.99,437.64,89833472,49856512,42137576,40.19,3141762
1770195073321,1321.39,439.66,89849856,49856512,42386328,40.42,3143102
1770195073422,1321.61,439.76,89849856,49856512,42388304,40.42,3143102
1770195073523,1321.91,439.91,89849856,49856512,42390280,40.43,3143102
1770195073625,1327.84,441.94,89849856,49856512,42639016,40.66,3144442
1770195073724,1328.15,442.09,89849856,49856512,42640992,40.67,3144442
1770195073824,1331.33,444.13,89849856,49856512,42888104,40.90,3153974
1770195073925,1331.60,444.26,89849856,49856512,42890080,40.90,3153974
1770195074027,1331.84,444.37,89849856,49856512,42892056,40.91,3153974
1770195074128,1334.52,446.55,89849856,49856512,43138944,41.14,3155314
1770195074229,1334.87,446.71,89849856,49856512,43140920,41.14,3155314
1770195074330,1340.77,448.71,89849856,49856512,43388080,41.38,3156654
1770195074431,1340.96,448.79,89849856,49856512,43390056,41.38,3156654
1770195074532,1341.26,448.95,89849856,49856512,43392032,41.38,3156654
1770195074633,1345.69,451.18,90324992,50642944,40756888,38.87,3157994
1770195074734,1345.92,451.29,90324992,50642944,40758864,38.87,3157994
1770195074835,1348.61,453.06,90324992,50642944,41005760,39.11,3124862
1770195074936,1348.81,453.15,90324992,50642944,41007760,39.11,3124862
1770195075038,1349.06,453.27,90324992,50642944,41009736,39.11,3124862
1770195075139,1351.99,455.17,90324992,50642944,41256408,39.35,3126202
1770195075240,1352.28,455.32,90324992,50642944,41258384,39.35,3126202
1770195075341,1363.25,457.34,90341376,50642944,41505816,39.58,3127542
1770195075442,1363.46,457.43,90341376,50642944,41507816,39.58,3127542
1770195075542,1363.76,457.58,90341376,50642944,41509792,39.59,3127542
1770195075643,1367.10,459.58,90341376,50642944,41756360,39.82,3128882
1770195075745,1367.38,459.71,90341376,50642944,41758336,39.82,3128882
1770195075845,1370.40,461.55,90341376,50642944,42005144,40.06,3138414
1770195075946,1370.66,461.66,90341376,50642944,42007144,40.06,3138414
1770195076050,1370.97,461.82,90341376,50642944,42009120,40.06,3138414
1770195076151,1375.90,463.43,90341376,50642944,42256360,40.30,3139754
1770195076252,1376.13,463.55,90341376,50642944,42258336,40.30,3139754
1770195076353,1378.58,465.40,90341376,50642944,42504832,40.54,3141094
1770195076454,1378.88,465.54,90341376,50642944,42506832,40.54,3141094
1770195076555,1379.15,465.68,90341376,50642944,42508808,40.54,3141094
1770195076656,1387.56,467.83,90374144,50642944,42757512,40.78,3142434
1770195076757,1387.82,467.95,90374144,50642944,42759488,40.78,3142434
1770195076858,1390.82,469.58,90374144,50642944,43006112,41.01,3151966
1770195076959,1391.12,469.73,90374144,50642944,43008112,41.02,3151966
1770195077060,1391.45,470.00,90374144,50642944,43010088,41.02,3151966
1770195077162,1392.36,470.81,90374144,50642944,43256488,41.25,3153306
1770195077262,1392.45,470.86,90374144,50642944,43258464,41.25,3153306
1770195077363,1393.59,471.78,90374144,50642944,43504896,41.49,3154646
1770195077464,1393.70,471.84,90374144,50642944,43506896,41.49,3154646
1770195077565,1393.84,471.91,90374144,50642944,43508872,41.49,3154646
1770195077665,1395.90,473.44,90570752,50642944,43968672,41.93,3155986
1770195077766,1396.06,473.54,90570752,50642944,43970648,41.93,3155986
1770195077867,1448.20,480.76,94322688,59031552,36106848,34.43,3115330
1770195077968,1448.40,480.84,94322688,59031552,36330760,34.65,3115330
1770195078069,1448.69,481.03,94060544,59031552,36332736,34.65,3115330
1770195078170,1454.19,482.93,94060544,59031552,36613504,34.92,3098948
1770195078271,1454.49,483.11,94060544,59031552,36615504,34.92,3098948
1770195078371,1458.10,485.22,94060544,59031552,36866888,35.16,3100288
1770195078472,1458.36,485.30,94060544,59031552,36868888,35.16,3100288
1770195078573,1458.65,485.41,94060544,59031552,36870864,35.16,3100288
1770195078674,1462.56,487.32,94060544,59031552,37122576,35.40,3101628
1770195078775,1462.87,487.48,94060544,59031552,37124576,35.40,3101628
1770195078876,1466.45,489.46,94060544,59031552,37376200,35.64,3111160
1770195078977,1466.75,489.63,94060544,59031552,37378200,35.65,3111160
1770195079078,1467.04,489.78,94060544,59031552,37380176,35.65,3111160
1770195079179,1471.25,491.66,94060544,59031552,37632000,35.89,3112500
1770195079280,1471.55,491.81,94060544,59031552,37634000,35.89,3112500
1770195079381,1474.98,493.81,94060544,59031552,37885472,36.13,3113840
1770195079482,1475.28,493.96,94060544,59031552,37887472,36.13,3113840
1770195079583,1475.56,494.11,94060544,59031552,37889448,36.13,3113840
1770195079684,1480.96,495.90,94060544,59031552,38141240,36.37,3115180
1770195079784,1481.18,495.99,94060544,59031552,38143240,36.38,3115180
1770195079884,1486.75,497.96,94060544,59031552,38394152,36.62,3124712
1770195079985,1486.93,498.06,94060544,59031552,38396152,36.62,3124712
1770195080086,1487.12,498.19,94060544,59031552,38398128,36.62,3124712
1770195080187,1491.49,500.50,94060544,59031552,38647728,36.86,3126052
1770195080288,1491.79,500.67,94060544,59031552,38649728,36.86,3126052
1770195080389,1495.11,502.71,94060544,59031552,38899088,37.10,3127392
1770195080491,1495.41,502.86,94060544,59031552,38901088,37.10,3127392
1770195080592,1497.51,504.04,94060544,59031552,39027184,37.22,3128064
1770195080694,1501.19,505.01,94060544,59031552,39152576,37.34,3128732
1770195080794,1501.48,505.16,94060544,59031552,39154576,37.34,3128732
1770195080896,1504.94,507.14,94060544,59031552,39403896,37.58,3138264
1770195080996,1505.24,507.29,94060544,59031552,39405896,37.58,3138264
1770195081097,1508.43,509.29,94076928,59031552,39654912,37.82,3139604
1770195081198,1508.63,509.35,94076928,59031552,39656912,37.82,3139604
1770195081299,1508.93,509.51,94076928,59031552,39658888,37.82,3139604
1770195081400,1520.14,511.61,94076928,59031552,39909000,38.06,3140944
1770195081501,1520.42,511.77,94076928,59031552,39911000,38.06,3140944
1770195081601,1523.58,513.76,94076928,59031552,40159992,38.30,3142284
1770195081702,1523.76,513.82,94076928,59031552,40161992,38.30,3142284
1770195081804,1524.06,513.97,94076928,59031552,40163968,38.30,3142284
1770195081904,1528.94,515.89,94142464,59031552,40413696,38.54,3151816
1770195082005,1529.20,516.03,94142464,59031552,40415696,38.54,3151816
1770195082105,1532.41,517.89,94371840,59031552,40664648,38.78,3153156
1770195082206,1533.42,517.99,94388224,59031552,40684504,38.80,3153156
1770195082307,1533.63,518.08,94388224,59031552,40686480,38.80,3153156
1770195082408,1537.08,519.63,94633984,59031552,40935560,39.04,3154496
1770195082509,1537.31,519.74,94633984,59031552,40937560,39.04,3154496
1770195082610,1539.37,521.28,94863360,59031552,41186584,39.28,3155836
1770195082711,1539.54,521.38,94879744,59031552,41188584,39.28,3155836
1770195082812,1539.76,521.51,94879744,59031552,41190560,39.28,3155836
1770195082913,1541.74,523.15,95109120,59031552,41439840,39.52,3165368
1770195083014,1541.88,523.23,95109120,59031552,41441840,39.52,3165368
1770195083115,1547.70,525.14,95371264,59031552,41691368,39.76,3166708
1770195083216,1547.82,525.20,95371264,59031552,41693368,39.76,3166708
1770195083317,1547.97,525.27,95371264,59031552,41695344,39.76,3166708
1770195083418,1551.12,527.28,95633408,59031552,41943880,40.00,3168048
1770195083519,1551.53,527.60,95633408,59031552,41945880,40.00,3168048
1770195083620,1554.05,529.41,95862784,59031552,42194256,40.24,3169388
1770195083721,1554.34,529.53,95862784,59031552,42196256,40.24,3169388
1770195083822,1554.54,529.68,95862784,59031552,42198232,40.24,3169388
1770195083923,1557.21,531.67,96108544,59031552,42446856,40.48,3178920
1770195084024,1557.41,531.80,96124928,59031552,42448872,40.48,3178920
1770195084126,1560.55,533.46,96370688,59031552,42697224,40.72,3180260
1770195084226,1560.74,533.61,96370688,59031552,42699224,40.72,3180260
1770195084326,1560.98,533.72,96370688,59031552,42701200,40.72,3180260
1770195084427,1563.97,535.76,96616448,59031552,42949608,40.96,3181600
1770195084528,1564.28,535.93,96616448,59031552,42951608,40.96,3181600
1770195084629,1566.50,537.62,96845824,59031552,43199992,41.20,3182940
1770195084730,1566.71,537.72,96845824,59031552,43201992,41.20,3182940
1770195084831,1566.96,537.89,96862208,59031552,43203968,41.20,3182940
1770195084931,1569.52,539.62,97091584,59031552,43452600,41.44,3192472
1770195085032,1569.71,539.71,97091584,59031552,43454600,41.44,3192472
1770195085133,1572.84,541.82,97337344,59031552,43703000,41.68,3193812
1770195085234,1573.14,541.96,97337344,59031552,43705000,41.68,3193812
1770195085334,1573.42,542.13,97337344,59031552,43706976,41.68,3193812
1770195085435,1575.96,543.99,97583104,59031552,43955360,41.92,3195152
1770195085536,1576.13,544.08,97583104,59031552,43957360,41.92,3195152
1770195085636,1579.18,545.59,97828864,59031552,44206400,42.16,3196492
1770195085737,1579.30,545.65,97828864,59031552,44208400,42.16,3196492
1770195085837,1579.51,545.75,97828864,59031552,44210376,42.16,3196492
1770195085939,1582.95,547.53,98091008,59031552,44458992,42.40,3206024
1770195086039,1583.19,547.67,98107392,59031552,44460992,42.40,3206024
1770195086139,1588.74,549.53,98140160,59031552,37765232,36.02,3108480
1770195086240,1588.87,549.61,98140160,59031552,37767232,36.02,3108480
1770195086342,1589.02,549.69,98140160,59031552,37769208,36.02,3108480
1770195086443,1591.40,551.22,98140160,59031552,38017624,36.26,3109820
1770195086544,1591.54,551.29,98140160,59031552,38019624,36.26,3109820
1770195086645,1613.12,553.71,98648064,59031552,38268048,36.50,3111160
1770195086746,1614.61,553.80,98729984,59031552,38307080,36.53,3111160
1770195086847,1614.79,553.87,98729984,59031552,38309056,36.53,3111160
1770195086949,1618.33,555.80,98746368,59031552,38556336,36.77,3120692
1770195087050,1618.58,555.92,98746368,59031552,38558336,36.77,3120692
1770195087151,1622.14,558.00,98746368,59031552,38803736,37.01,3122032
1770195087252,1622.38,558.10,98746368,59031552,38805736,37.01,3122032
1770195087353,1622.68,558.26,98746368,59031552,38807712,37.01,3122032
1770195087453,1625.51,560.07,98746368,59031552,39053152,37.24,3123372
1770195087554,1625.82,560.24,98746368,59031552,39055152,37.25,3123372
1770195087655,1629.03,562.05,98746368,59031552,39300600,37.48,3124712
1770195087756,1629.29,562.17,98746368,59031552,39302576,37.48,3124712
1770195087856,1629.56,562.29,98746368,59031552,39304552,37.48,3124712
1770195087957,1656.51,564.41,98779136,59031552,39551456,37.72,3134244
1770195088058,1656.77,564.54,98779136,59031552,39553456,37.72,3134244
1770195088160,1663.46,566.47,98795520,59031552,39798352,37.95,3135584
1770195088261,1663.74,566.60,98795520,59031552,39800352,37.96,3135584
1770195088362,1664.04,566.76,98795520,59031552,39802328,37.96,3135584
1770195088462,1669.51,568.63,98795520,59031552,40045896,38.19,3136924
1770195088563,1669.77,568.76,98795520,59031552,40047896,38.19,3136924
1770195088664,1676.15,570.65,98795520,59031552,40293048,38.43,3138264
1770195088765,1676.45,570.80,98795520,59031552,40295024,38.43,3138264
1770195088866,1676.74,570.97,98795520,59031552,40297000,38.43,3138264
1770195088967,1680.12,572.86,98926592,59031552,40540536,38.66,3147796
1770195089068,1680.41,573.01,98926592,59031552,40542536,38.66,3147796
1770195089169,1683.15,574.91,99155968,59031552,40785648,38.90,3149136
1770195089269,1683.48,575.09,99172352,59031552,40787648,38.90,3149136
1770195089371,1683.85,575.25,99172352,59031552,40789624,38.90,3149136
1770195089471,1686.80,577.09,99401728,59031552,41032696,39.13,3150476
1770195089572,1687.09,577.22,99401728,59031552,41034696,39.13,3150476
1770195089673,1694.64,579.33,99631104,59031552,41286384,39.37,3151816
1770195089774,1694.94,579.48,99631104,59031552,41288360,39.38,3151816
1770195089874,1695.19,579.62,99631104,59031552,41290336,39.38,3151816
1770195089975,1697.17,581.21,99860480,59031552,41533616,39.61,3161348
1770195090076,1697.35,581.31,99876864,59031552,41535616,39.61,3161348
1770195090177,1705.73,583.65,100122624,59031552,41797616,39.86,3162688
1770195090278,1705.89,583.75,100122624,59031552,41799624,39.86,3162688
1770195090379,1706.16,583.93,100122624,59031552,41801608,39.87,3162688
1770195090480,1709.40,585.85,100352000,59031552,42044216,40.10,3164028
1770195090581,1709.70,586.00,100352000,59031552,42046224,40.10,3164028
1770195090682,1712.57,588.02,100581376,59031552,42294760,40.34,3165368
1770195090783,1712.85,588.15,100581376,59031552,42296744,40.34,3165368
1770195090884,1713.11,588.32,100597760,59031552,42298728,40.34,3165368
1770195090985,1715.39,590.03,100827136,59031552,42541336,40.57,3174900
1770195091086,1716.02,590.14,100827136,59031552,42546424,40.58,3174900
1770195091187,1718.17,591.70,101056512,59031552,42788816,40.81,3176240
1770195091288,1718.48,591.85,101056512,59031552,42790824,40.81,3176240
1770195091389,1718.80,592.02,101056512,59031552,42792808,40.81,3176240
1770195091489,1721.31,593.96,101285888,59031552,43037872,41.04,3177580
1770195091590,1721.58,594.08,101285888,59031552,43039880,41.05,3177580
1770195091691,1723.91,596.14,101531648,59031552,43287896,41.28,3178920
1770195091792,1724.15,596.29,101531648,59031552,43289904,41.28,3178920
1770195091893,1724.29,596.36,101531648,59031552,43291888,41.29,3178920
1770195091995,1741.40,598.53,101777408,59031552,43581968,41.56,3188452
1770195092094,1741.62,598.69,101777408,59031552,43583976,41.56,3188452
1770195092195,1744.12,600.49,102006784,59031552,43825808,41.80,3189792
1770195092296,1744.37,600.63,102006784,59031552,43827816,41.80,3189792
1770195092397,1744.50,600.71,102006784,59031552,43829800,41.80,3189792
1770195092498,1746.76,602.49,102236160,59031552,44073976,42.03,3191132
1770195092599,1746.97,602.62,102236160,59031552,44075984,42.03,3191132
1770195092700,1748.30,603.86,102465536,59031552,44320528,42.27,3192472
1770195092800,1748.58,604.00,102465536,59031552,44322512,42.27,3192472
1770195092901,1748.83,604.13,102465536,59031552,44324496,42.27,3192472
1770195093001,1750.96,605.76,102711296,59031552,44569560,42.50,3202004
1770195093102,1751.10,605.84,102711296,59031552,44571568,42.51,3202004
1770195093203,1758.21,607.76,103251968,59031552,38829232,37.03,3108480
1770195093304,1758.39,607.87,103251968,59031552,38831216,37.03,3108480
1770195093405,1758.62,607.99,103251968,59031552,38833200,37.03,3108480
1770195093506,1762.10,610.10,103251968,59031552,39075248,37.27,3109820
1770195093607,1762.36,610.25,103251968,59031552,39077232,37.27,3109820
1770195093709,1764.56,612.01,103251968,59031552,39321664,37.50,3111160
1770195093809,1764.74,612.14,103251968,59031552,39323648,37.50,3111160
1770195093910,1764.88,612.22,103120896,59031552,39325632,37.50,3111160
1770195094012,1766.76,613.65,103120896,59031552,39570752,37.74,3120692
1770195094113,1766.90,613.72,103120896,59031552,39572736,37.74,3120692
1770195094214,1769.23,615.60,103120896,59031552,39817224,37.97,3122032
1770195094315,1769.55,615.77,103120896,59031552,39819208,37.97,3122032
1770195094416,1769.84,615.92,103120896,59031552,39821192,37.98,3122032
1770195094517,1772.80,617.80,103120896,59031552,40065904,38.21,3123372
1770195094618,1773.02,617.91,103120896,59031552,40067888,38.21,3123372
1770195094718,1776.17,619.76,103120896,59031552,40315216,38.45,3124712
1770195094820,1776.42,619.93,103120896,59031552,40317200,38.45,3124712
1770195094979,1889.67,635.50,141017088,94945280,60479720,57.68,3107812
1770195095079,2104.35,644.17,165167104,119095296,94546552,90.17,3098948
1770195095180,2273.89,648.80,169525248,121716736,86234584,82.24,3102350
1770195095281,2273.97,648.83,169525248,121716736,86236600,82.24,3102350
1770195095381,2274.12,648.87,169525248,121716736,86238592,82.24,3102350
1770195095481,2282.56,651.03,169525248,121716736,86592232,82.58,3103690
1770195095582,2282.83,651.17,169525248,121716736,86594248,82.58,3103690
1770195095683,2291.15,652.82,169525248,121716736,86850504,82.83,3113222
1770195095784,2293.27,652.89,169525248,121716736,86855192,82.83,3113222
1770195095884,2293.53,653.06,169525248,121716736,86857184,82.83,3113222
1770195095985,2296.40,655.25,169525248,121716736,87110640,83.08,3114562
1770195096086,2296.59,655.37,169525248,121716736,87112656,83.08,3114562
1770195096186,2302.77,657.36,169541632,121716736,87366376,83.32,3115902
1770195096287,2302.94,657.43,169541632,121716736,87368392,83.32,3115902
1770195096387,2303.23,657.59,169541632,121716736,87370384,83.32,3115902
1770195096488,2307.31,659.42,169541632,121716736,87623720,83.56,3117242
1770195096589,2307.64,659.55,169541632,121716736,87625736,83.57,3117242
1770195096690,2313.60,661.54,169492480,121716736,87879432,83.81,3126774
1770195096791,2313.80,661.62,169492480,121716736,87881448,83.81,3126774
1770195096892,2314.11,661.78,169492480,121716736,87883440,83.81,3126774
1770195096993,2316.42,663.11,169508864,121716736,88136792,84.05,3128114
1770195097094,2316.61,663.18,169508864,121716736,88138808,84.06,3128114
1770195097194,2319.82,665.11,169508864,121716736,88392192,84.30,3129454
1770195097295,2319.99,665.18,169508864,121716736,88394208,84.30,3129454
1770195097396,2320.18,665.25,169508864,121716736,88396200,84.30,3129454
1770195097497,2327.24,667.40,169508864,121716736,88650456,84.54,3130794
1770195097598,2327.55,667.57,169508864,121716736,88652472,84.55,3130794
1770195097698,2332.05,669.71,169541632,121716736,88906488,84.79,3140326
1770195097798,2332.31,669.81,169541632,121716736,88908504,84.79,3140326
1770195097898,2332.62,669.96,169541632,121716736,88910496,84.79,3140326
1770195097999,2335.47,672.02,169541632,121716736,89163848,85.03,3141666
1770195098100,2335.67,672.13,169541632,121716736,89165864,85.04,3141666
1770195098201,2338.74,673.89,169541632,121716736,89419248,85.28,3143006
1770195098302,2339.01,674.02,169541632,121716736,89421264,85.28,3143006
1770195098403,2339.30,674.17,169541632,121716736,89423256,85.28,3143006
1770195098504,2342.26,675.85,169541632,121716736,89676648,85.52,3144346
1770195098605,2342.44,675.95,169541632,121716736,89678664,85.52,3144346
1770195098706,2344.58,677.63,169558016,121716736,89932272,85.77,3153878
1770195098807,2344.83,677.75,169558016,121716736,89934288,85.77,3153878
1770195098908,2345.13,677.88,169558016,121716736,89936280,85.77,3153878
1770195099009,2349.92,680.49,169558016,121716736,90190328,86.01,3155218
1770195099109,2350.22,680.64,169558016,121716736,90192344,86.01,3155218
1770195099210,2353.47,682.53,169558016,121716736,90445648,86.26,3156558
1770195099311,2353.74,682.64,169558016,121716736,90447664,86.26,3156558
1770195099411,2354.00,682.74,169558016,121716736,90449656,86.26,3156558
1770195099512,2358.06,684.61,169558016,121716736,90703048,86.50,3157898
1770195099613,2358.24,684.70,169558016,121716736,90705064,86.50,3157898
1770195099714,2361.09,686.43,169558016,121716736,90958600,86.74,3167430
1770195099815,2361.28,686.52,169558016,121716736,90960616,86.75,3167430
1770195099916,2361.59,686.67,169558016,121716736,90962608,86.75,3167430
1770195100017,2365.27,688.83,169574400,121716736,91215880,86.99,3168770
1770195100118,2365.60,688.98,169574400,121716736,91217896,86.99,3168770
1770195100219,2374.11,691.03,169590784,121716736,91685136,87.44,3170110
1770195100320,2374.32,691.10,169590784,121716736,91687152,87.44,3170110
1770195100421,2374.66,691.27,169590784,121716736,91689144,87.44,3170110
1770195100522,2377.83,693.16,169590784,121716736,91942416,87.68,3171450
1770195100623,2378.07,693.29,169590784,121716736,91944432,87.69,3171450
1770195100724,2381.57,695.31,169590784,121716736,92197952,87.93,3180982
1770195100825,2381.82,695.41,169590784,121716736,92199968,87.93,3180982
1770195100926,2382.15,695.57,169590784,121716736,92201960,87.93,3180982
1770195101027,2385.15,697.28,169590784,121716736,92455256,88.17,3182322
1770195101128,2385.34,697.36,169590784,121716736,92457272,88.17,3182322
1770195101229,2387.59,699.13,169590784,121716736,92710480,88.42,3183662
1770195101330,2387.79,699.22,169590784,121716736,92712496,88.42,3183662
1770195101431,2387.94,699.29,169590784,121716736,92714488,88.42,3183662
1770195101532,2389.84,700.83,169590784,121716736,92967784,88.66,3185002
1770195101633,2389.99,700.92,169590784,121716736,92969800,88.66,3185002
1770195101734,2392.23,702.40,169607168,121716736,93223288,88.90,3194534
1770195101835,2392.39,702.48,169607168,121716736,93225304,88.91,3194534
1770195101937,2392.61,702.58,169607168,121716736,93227296,88.91,3194534
1770195102038,2394.55,704.09,169607168,121716736,93480688,89.15,3195874
1770195102139,2394.77,704.20,169607168,121716736,93482704,89.15,3195874
1770195102240,2398.96,706.34,169607168,121716736,93735984,89.39,3197214
1770195102342,2399.27,706.48,169607168,121716736,93738000,89.40,3197214
1770195102443,2399.55,706.60,169607168,121716736,93739992,89.40,3197214
1770195102544,2403.23,709.04,169607168,121716736,93993264,89.64,3198554
1770195102645,2403.50,709.21,169607168,121716736,93995280,89.64,3198554
1770195102746,2406.59,711.27,169607168,121716736,94248808,89.88,3208086
1770195102847,2406.83,711.40,169607168,121716736,94250824,89.88,3208086
1770195102949,2407.07,711.52,169607168,121716736,94252816,89.89,3208086
1770195103050,2410.17,713.36,169623552,121716736,94506096,90.13,3209426
1770195103150,2481.17,726.12,114065408,65060864,38276488,36.50,3107850
1770195103252,2485.74,727.64,114065408,65060864,38804728,37.01,3109190
1770195103353,2485.95,727.73,114065408,65060864,38806736,37.01,3109190
1770195103454,2486.18,727.84,114065408,65060864,38808720,37.01,3109190
1770195103555,2492.76,729.86,114065408,65060864,39079616,37.27,3110530
1770195103656,2492.92,729.94,114065408,65060864,39081624,37.27,3110530
1770195103757,2555.65,738.23,90472448,41730048,38196768,36.43,3117382
1770195103858,2555.96,738.38,90472448,41730048,38198816,36.43,3117382
1770195103959,2556.27,738.53,90488832,41730048,38200792,36.43,3117382
1770195104060,2559.83,740.53,90734592,41730048,38466464,36.68,3118722
1770195104160,2560.07,740.63,90734592,41730048,38468464,36.69,3118722
1770195104261,2563.26,742.45,90996736,41730048,38734064,36.94,3120062
1770195104363,2630.81,745.13,90324992,41467904,37909776,36.15,3107850
1770195104464,2631.13,745.25,90324992,41467904,38033544,36.27,3107850
1770195104565,2637.39,747.21,90636288,41467904,38385824,36.61,3109190
1770195104666,2637.62,747.33,90636288,41467904,38387824,36.61,3109190
1770195104767,2648.34,749.33,90914816,41467904,38655120,36.86,3118722
1770195104868,2648.53,749.42,90914816,41467904,38657120,36.87,3118722
1770195104969,2648.77,749.52,90914816,41467904,38659096,36.87,3118722
1770195105070,2651.88,751.56,91193344,41467904,38924696,37.12,3120062
1770195105170,2652.15,751.70,91193344,41467904,38926696,37.12,3120062
1770195105271,2656.44,753.84,91783168,44613632,38339128,36.56,3118722
1770195105372,2656.72,753.99,91783168,44613632,38341104,36.56,3118722
1770195105473,2657.01,754.15,91799552,44613632,38343080,36.57,3118722
1770195105574,2660.42,755.90,92061696,44613632,38608688,36.82,3120062
1770195105675,2660.72,756.03,92061696,44613632,38610664,36.82,3120062
1770195105776,2664.19,758.02,92323840,44613632,38876504,37.08,3129594
1770195105877,2664.47,758.16,92323840,44613632,38878504,37.08,3129594
1770195105978,2664.74,758.33,92323840,44613632,38880480,37.08,3129594
1770195106079,2669.14,760.36,92585984,44613632,39146176,37.33,3130934
1770195106180,2669.40,760.51,92602368,44613632,39148176,37.33,3130934
1770195106281,2671.97,762.55,92848128,44613632,39413776,37.59,3132274
1770195106382,2672.20,762.67,92848128,44613632,39415776,37.59,3132274
1770195106483,2672.39,762.80,92848128,44613632,39417752,37.59,3132274
1770195106584,2675.65,764.63,93110272,44613632,39683392,37.85,3133614
1770195106685,2675.84,764.74,93110272,44613632,39685392,37.85,3133614
1770195106786,2680.84,766.67,93356032,44613632,38390560,36.61,3143146
1770195106887,2681.05,766.74,93356032,44613632,38392560,36.61,3143146
1770195106988,2681.37,766.92,93356032,44613632,38394536,36.62,3143146
1770195107088,2684.57,768.72,93356032,44613632,38660136,36.87,3118722
1770195107189,2684.77,768.82,93356032,44613632,38662112,36.87,3118722
1770195107290,2687.77,770.51,93356032,44613632,38927664,37.12,3120062
1770195107391,2688.07,770.68,93356032,44613632,38929640,37.13,3120062
1770195107492,2688.33,770.83,93356032,44613632,38931616,37.13,3120062
1770195107593,2691.52,772.68,93437952,44613632,39197272,37.38,3121402
1770195107694,2691.71,772.80,93454336,44613632,39199272,37.38,3121402
1770195107795,2698.48,774.40,93700096,44613632,39465568,37.64,3130934
1770195107897,2698.68,774.48,93700096,44613632,39467544,37.64,3130934
1770195107997,2699.01,774.64,93700096,44613632,39469520,37.64,3130934
1770195108099,2701.83,776.38,93978624,44613632,39735184,37.89,3132274
1770195108200,2702.11,776.50,93978624,44613632,39737160,37.90,3132274
1770195108301,2713.33,778.46,94224384,44613632,38603480,36.82,3133614
1770195108401,2713.60,778.53,94224384,44613632,38605456,36.82,3133614
1770195108502,2713.91,778.66,94224384,44613632,38607432,36.82,3133614
1770195108603,2718.98,780.37,94224384,44613632,38873024,37.07,3118722
1770195108704,2719.27,780.50,94224384,44613632,38875000,37.07,3118722
1770195108805,2725.97,782.39,94224384,44613632,39142752,37.33,3128254
1770195108905,2726.16,782.48,94224384,44613632,39144752,37.33,3128254
1770195109007,2726.39,782.59,94224384,44613632,39146728,37.33,3128254
1770195109108,2729.04,784.16,94224384,44613632,39414440,37.59,3129594
1770195109209,2729.29,784.28,94224384,44613632,39416416,37.59,3129594
1770195109310,2732.50,786.12,94224384,44613632,39684280,37.85,3130934
1770195109410,2732.69,786.22,94224384,44613632,39686256,37.85,3130934
1770195109514,2735.86,787.32,94224384,44613632,39822704,37.98,3131606
1770195109615,2736.92,787.98,94224384,44613632,39955736,38.10,3132274
1770195109715,2737.21,788.11,94224384,44613632,39957712,38.11,3132274
1770195109817,2741.89,789.98,94240768,44613632,40225960,38.36,3141806
1770195109918,2742.20,790.11,94240768,44613632,40227960,38.36,3141806
1770195110020,2747.44,791.88,94306304,44613632,38927224,37.12,3143146
1770195110121,2747.59,791.93,94306304,44613632,38929200,37.13,3143146
1770195110222,2747.90,792.06,94306304,44613632,38931176,37.13,3143146
1770195110323,2750.51,793.74,94306304,44613632,39198808,37.38,3119390
1770195110424,2750.68,793.83,94306304,44613632,39200808,37.38,3119390
1770195110525,2753.19,795.44,94306304,44613632,39468424,37.64,3120730
1770195110626,2753.37,795.51,94306304,44613632,39470424,37.64,3120730
1770195110727,2753.63,795.62,94306304,44613632,39472704,37.64,3120730
1770195110828,2760.86,797.38,94306304,44613632,39743136,37.90,3130262
1770195110929,2761.10,797.50,94306304,44613632,39745136,37.90,3130262
1770195111030,2768.23,799.22,94306304,44613632,40012968,38.16,3131602
1770195111130,2768.39,799.27,94306304,44613632,40014968,38.16,3131602
1770195111232,2768.64,799.41,94306304,44613632,40016944,38.16,3131602
1770195111333,2771.02,801.12,94306304,44613632,40281760,38.42,3132942
1770195111434,2771.17,801.19,94306304,44613632,40283760,38.42,3132942
1770195111535,2774.24,802.76,94404608,44613632,40549856,38.67,3134282
1770195111636,2774.42,802.87,94404608,44613632,40552224,38.67,3134282
1770195111737,2774.62,802.97,94404608,44613632,40554200,38.68,3134282
1770195111838,2778.70,804.79,94715904,45400064,39451000,37.62,3126914
1770195111939,2778.95,804.91,94715904,45400064,39453000,37.63,3126914
1770195112040,2782.67,806.71,94715904,45400064,39715608,37.88,3128254
1770195112142,2782.88,806.79,94715904,45400064,39717584,37.88,3128254
1770195112243,2783.18,806.94,94715904,45400064,39719560,37.88,3128254
1770195112343,2787.44,809.04,94715904,45400064,39981752,38.13,3129594
1770195112444,2787.66,809.15,94715904,45400064,39983728,38.13,3129594
1770195112545,2789.89,811.01,94715904,45400064,40246024,38.38,3130934
1770195112645,2790.08,811.11,94715904,45400064,40248000,38.38,3130934
1770195112746,2790.23,811.22,94715904,45400064,40249976,38.39,3130934
1770195112847,2792.72,812.73,94715904,45400064,40512360,38.64,3140466
1770195112948,2792.93,812.84,94715904,45400064,40514392,38.64,3140466
1770195113049,2795.20,814.93,94732288,45400064,40776544,38.89,3141806
1770195113150,2795.36,815.02,94732288,45400064,40778520,38.89,3141806
1770195113251,2795.50,815.08,94732288,45400064,40780496,38.89,3141806
1770195113352,2800.97,817.12,94961664,45400064,39500240,37.67,3143146
1770195113453,2801.27,817.28,94961664,45400064,39502216,37.67,3143146
1770195113554,2814.09,819.38,94961664,45400064,39764760,37.92,3119390
1770195113655,2814.24,819.45,94961664,45400064,39766736,37.92,3119390
1770195113756,2814.41,819.52,94961664,45400064,39768712,37.93,3119390
1770195113857,2817.19,821.64,94978048,45400064,40030064,38.18,3128922
1770195113958,2817.45,821.80,94978048,45400064,40032064,38.18,3128922
1770195114059,2829.36,823.59,94994432,45400064,40294640,38.43,3130262
1770195114160,2829.55,823.70,94994432,45400064,40296616,38.43,3130262
1770195114261,2829.80,823.85,94994432,45400064,40298592,38.43,3130262
1770195114362,2837.39,825.83,95010816,45400064,40554488,38.68,3131602
1770195114463,2837.57,825.94,95010816,45400064,40556464,38.68,3131602
1770195114564,2841.26,827.59,95010816,45400064,40811760,38.92,3132942
1770195114665,2841.49,827.70,95010816,45400064,40813736,38.92,3132942
1770195114766,2841.77,827.85,95010816,45400064,40815712,38.92,3132942
1770195114867,2852.27,829.92,95027200,45400064,41071624,39.17,3142474
1770195114968,2852.58,830.09,95027200,45400064,41073624,39.17,3142474
1770195115069,2860.58,832.35,95485952,49856512,39819696,37.98,3143814
1770195115170,2860.78,832.46,95485952,49856512,39821696,37.98,3143814
1770195115271,2861.03,832.59,95485952,49856512,39823672,37.98,3143814
1770195115371,2866.52,834.81,95485952,49856512,40086184,38.23,3119390
1770195115472,2866.71,834.90,95485952,49856512,40088160,38.23,3119390
1770195115573,2869.60,836.91,95502336,49856512,40340056,38.47,3120730
1770195115674,2869.78,837.02,95502336,49856512,40342032,38.47,3120730
1770195115775,2869.98,837.13,95502336,49856512,40344008,38.48,3120730
1770195115875,2872.43,838.95,95502336,49856512,40596120,38.72,3130262
1770195115975,2872.57,839.04,95502336,49856512,40598096,38.72,3130262
1770195116076,2878.41,840.75,95502336,49856512,40852272,38.96,3131602
1770195116177,2878.58,840.82,95502336,49856512,40854248,38.96,3131602
1770195116277,2878.85,840.97,95502336,49856512,40856224,38.96,3131602
1770195116378,2883.28,842.64,95551488,49856512,41108192,39.20,3132942
1770195116480,2883.52,842.76,95551488,49856512,41110168,39.21,3132942
1770195116581,2885.68,844.65,95551488,49856512,41362224,39.45,3134282
1770195116682,2885.87,844.76,95551488,49856512,41364200,39.45,3134282
1770195116784,2886.05,844.85,95551488,49856512,41366176,39.45,3134282
1770195116885,2888.97,846.70,95666176,49856512,41618272,39.69,3143814
1770195116986,2889.23,846.84,95682560,49856512,41620248,39.69,3143814
1770195117086,2891.21,848.69,95928320,49856512,41872192,39.93,3145154
1770195117188,2891.36,848.79,95928320,49856512,41874192,39.93,3145154
1770195117289,2891.55,848.88,95928320,49856512,41876168,39.94,3145154
1770195117390,2894.23,850.85,96174080,49856512,42128024,40.18,3146494
1770195117491,2894.46,850.99,96174080,49856512,42130024,40.18,3146494
1770195117591,2896.39,852.31,96419840,49856512,42382144,40.42,3147834
1770195117693,2896.54,852.39,96419840,49856512,42384144,40.42,3147834
1770195117794,2896.71,852.52,96239616,49856512,42386120,40.42,3147834
1770195117895,2899.40,854.44,96485376,49856512,42638272,40.66,3157366
1770195117996,2899.61,854.53,96485376,49856512,42640272,40.66,3157366
1770195118097,2904.90,856.21,96747520,49856512,42892712,40.91,3158706
1770195118197,2905.05,856.28,96747520,49856512,42894712,40.91,3158706
1770195118298,2905.25,856.37,96387072,49856512,42896688,40.91,3158706
1770195118399,2908.97,858.84,96845824,50380800,40258456,38.39,3160046
1770195118500,2909.16,858.92,96845824,50380800,40260456,38.40,3160046
1770195118601,2913.62,861.17,96845824,50380800,40512344,38.64,3118722
1770195118702,2913.76,861.22,96845824,50380800,40514320,38.64,3118722
1770195118803,2913.93,861.32,96845824,50380800,40516296,38.64,3118722
1770195118904,2944.07,863.85,97075200,50380800,40931456,39.04,3128254
1770195119005,2944.33,863.96,97075200,50380800,40933432,39.04,3128254
1770195119106,2949.53,866.03,97075200,50380800,41239936,39.33,3129594
1770195119207,2949.67,866.10,97075200,50380800,41241912,39.33,3129594
1770195119308,2949.96,866.20,97075200,50380800,41243888,39.33,3129594
1770195119410,2977.13,868.19,97107968,50380800,41494536,39.57,3130934
1770195119511,2977.41,868.31,97107968,50380800,41496512,39.57,3130934
1770195119612,2980.23,869.92,97107968,50380800,41743248,39.81,3132274
1770195119713,2980.47,870.04,97107968,50380800,41745224,39.81,3132274
1770195119814,2980.78,870.22,97107968,50380800,41747200,39.81,3132274
1770195119915,2983.28,872.07,97173504,50380800,41994256,40.05,3141806
1770195120016,2983.46,872.19,97173504,50380800,41996232,40.05,3141806
1770195120117,2985.72,873.89,97402880,50380800,42242920,40.29,3143146
1770195120217,2985.89,874.00,97419264,50380800,42244896,40.29,3143146
1770195120317,2986.06,874.09,97419264,50380800,42246872,40.29,3143146
1770195120418,2988.22,875.85,97648640,50380800,42493648,40.53,3144486
1770195120519,2988.64,876.19,97648640,50380800,42495648,40.53,3144486
1770195120620,2999.42,878.68,98058240,50380800,43060120,41.07,3145826
1770195120721,2999.71,878.88,98074624,50380800,43062120,41.07,3145826
1770195120822,2999.98,879.05,98074624,50380800,43064096,41.07,3145826
1770195120923,3010.28,881.11,98336768,50380800,43312056,41.31,3155358
1770195121024,3010.48,881.23,98336768,50380800,43314056,41.31,3155358
1770195121125,3013.12,883.23,98566144,50380800,43558104,41.54,3156698
1770195121226,3013.38,883.38,98566144,50380800,43560104,41.54,3156698
1770195121327,3013.62,883.49,98582528,50380800,43562080,41.54,3156698
1770195121428,3016.76,885.42,98811904,50380800,43806136,41.78,3158038
1770195121529,3017.07,885.55,98811904,50380800,43808136,41.78,3158038
1770195121630,3021.71,887.80,99057664,50380800,44052280,42.01,3159378
1770195121730,3022.01,887.96,99057664,50380800,44054280,42.01,3159378
1770195121832,3022.28,888.14,99057664,50380800,44056256,42.02,3159378
1770195121933,3024.64,890.20,99303424,50380800,44300528,42.25,3168910
1770195122034,3024.80,890.28,99303424,50380800,44302528,42.25,3168910
1770195122135,3029.85,892.45,99762176,51167232,41488416,39.57,3118722
1770195122236,3030.12,892.58,99762176,51167232,41490392,39.57,3118722
1770195122336,3030.43,892.74,99762176,51167232,41492368,39.57,3118722
1770195122437,3036.72,894.57,99762176,51167232,41736792,39.80,3120062
1770195122538,3037.03,894.72,99762176,51167232,41738768,39.81,3120062
1770195122640,3041.63,896.58,99762176,51167232,41983368,40.04,3121402
1770195122741,3041.92,896.73,99762176,51167232,41985344,40.04,3121402
1770195122843,3044.24,898.02,99778560,51167232,42108680,40.16,3122074
1770195122944,3045.57,898.85,99778560,51167232,42231392,40.27,3130934
1770195123045,3045.86,899.03,99778560,51167232,42233368,40.28,3130934
1770195123145,3047.99,900.57,99778560,51167232,42477112,40.51,3132274
1770195123246,3048.20,900.69,99778560,51167232,42479392,40.51,3132274
1770195123346,3050.51,902.72,99778560,51167232,42723064,40.74,3133614
1770195123447,3050.71,902.78,99778560,51167232,42725040,40.75,3133614
1770195123548,3051.00,902.93,99778560,51167232,42727016,40.75,3133614
1770195123648,3053.69,904.77,99778560,51167232,42970968,40.98,3134954
1770195123749,3053.94,904.89,99778560,51167232,42972968,40.98,3134954
1770195123851,3057.55,907.01,99778560,51167232,43216832,41.21,3144486
1770195123952,3057.75,907.08,99778560,51167232,43218808,41.22,3144486
1770195124052,3058.05,907.23,99778560,51167232,43220792,41.22,3144486
1770195124152,3060.90,909.03,99794944,51167232,43464536,41.45,3145826
1770195124252,3061.22,909.19,99794944,51167232,43466512,41.45,3145826
1770195124353,3064.08,910.88,99794944,51167232,43710208,41.69,3147166
1770195124454,3064.26,910.94,99794944,51167232,43712208,41.69,3147166
1770195124554,3064.56,911.08,99794944,51167232,43714184,41.69,3147166
1770195124654,3067.03,912.83,99794944,51167232,43957952,41.92,3148506
1770195124756,3067.28,912.91,99794944,51167232,43959952,41.92,3148506
1770195124859,3072.92,915.36,100286464,51429376,41668576,39.74,3158038
1770195124960,3073.13,915.47,100286464,51429376,41670560,39.74,3158038
1770195125060,3073.41,915.63,100286464,51429376,41672544,39.74,3158038
1770195125162,3086.55,917.68,100302848,51429376,41917072,39.98,3118722
1770195125263,3086.68,917.74,100302848,51429376,41919056,39.98,3118722
1770195125363,3089.01,919.78,100302848,51429376,42162592,40.21,3120062
1770195125464,3089.13,919.83,100302848,51429376,42164576,40.21,3120062
1770195125565,3089.36,919.95,100302848,51429376,42166560,40.21,3120062
1770195125667,3095.34,921.97,100302848,51429376,42410040,40.45,3121402
1770195125768,3095.60,922.10,100302848,51429376,42412024,40.45,3121402
1770195125868,3102.25,923.99,100319232,51429376,42670136,40.69,3130934
1770195125969,3109.90,924.12,100335616,51429376,42672960,40.70,3130934
1770195126069,3110.15,924.28,100335616,51429376,42674944,40.70,3130934
1770195126170,3112.88,926.09,100335616,51429376,42912536,40.92,3132274
1770195126271,3113.13,926.22,100335616,51429376,42914520,40.93,3132274
1770195126371,3115.57,928.20,100335616,51429376,43152160,41.15,3133614
1770195126473,3115.74,928.28,100335616,51429376,43154144,41.15,3133614
1770195126574,3115.91,928.38,100335616,51429376,43156128,41.16,3133614
1770195126675,3118.65,930.39,100352000,51429376,43393752,41.38,3134954
1770195126776,3118.86,930.50,100352000,51429376,43395736,41.39,3134954
1770195126876,3121.46,932.36,100352000,51429376,43633528,41.61,3144486
1770195126976,3121.63,932.42,100352000,51429376,43635512,41.61,3144486
1770195127077,3121.86,932.54,100352000,51429376,43637496,41.62,3144486
1770195127178,3123.99,934.10,100352000,51429376,43875288,41.84,3145826
1770195127279,3124.13,934.17,100352000,51429376,43877272,41.84,3145826
1770195127382,3126.22,935.88,100352000,51429376,44114856,42.07,3147166
1770195127483,3126.31,935.90,100352000,51429376,44116840,42.07,3147166
1770195127584,3126.44,935.97,100352000,51429376,44118824,42.07,3147166
1770195127685,3128.51,937.50,100352000,51429376,44356400,42.30,3148506
1770195127786,3128.68,937.58,100352000,51429376,44358384,42.30,3148506
1770195127887,3130.84,939.69,100352000,51429376,44596200,42.53,3158038
1770195127988,3131.10,939.80,100352000,51429376,44598184,42.53,3158038
1770195128090,3131.41,939.96,100352000,51429376,44600168,42.53,3158038
1770195128191,3134.59,942.00,100368384,51429376,44837800,42.76,3159378
1770195128292,3134.84,942.13,100368384,51429376,44839784,42.76,3159378
1770195128394,3138.98,944.27,100794368,51953664,42112600,40.16,3160718
1770195128495,3139.19,944.38,100794368,51953664,42114608,40.16,3160718
1770195128596,3139.45,944.51,100794368,51953664,42116592,40.17,3160718
1770195128697,3141.98,946.73,100794368,51953664,42354264,40.39,3118722
1770195128798,3142.16,946.83,100794368,51953664,42356248,40.39,3118722
1770195128899,3143.50,948.04,100794368,51953664,42594048,40.62,3128254
1770195129000,3143.66,948.13,100794368,51953664,42596032,40.62,3128254
1770195129101,3143.88,948.24,100794368,51953664,42598016,40.62,3128254
1770195129202,3146.36,950.09,100810752,51953664,42835648,40.85,3129594
1770195129303,3146.52,950.19,100810752,51953664,42837632,40.85,3129594
1770195129404,3148.92,951.79,100810752,51953664,43075240,41.08,3130934
1770195129505,3149.15,951.90,100810752,51953664,43077224,41.08,3130934
1770195129606,3149.40,951.99,100810752,51953664,43079208,41.08,3130934
1770195129707,3152.22,953.80,100810752,51953664,43316768,41.31,3132274
1770195129808,3152.51,953.96,100810752,51953664,43318752,41.31,3132274
1770195129909,3154.86,955.96,100810752,51953664,43556576,41.54,3141806
1770195130010,3155.34,956.26,100810752,51953664,43558560,41.54,3141806
1770195130110,3155.55,956.37,100810752,51953664,43560544,41.54,3141806
1770195130212,3158.35,958.33,100810752,51953664,43798288,41.77,3143146
1770195130314,3158.64,958.46,100810752,51953664,43800272,41.77,3143146
1770195130415,3161.43,960.31,100810752,51953664,44037936,42.00,3144486
1770195130515,3161.70,960.46,100810752,51953664,44039920,42.00,3144486
1770195130617,3162.63,960.56,100810752,51953664,44042048,42.00,3144486
1770195130718,3165.86,962.52,100827136,51953664,44279688,42.23,3145826
1770195130819,3166.13,962.69,100827136,51953664,44281672,42.23,3145826
1770195130920,3168.96,964.68,100827136,51953664,44519560,42.46,3155358
1770195131020,3169.24,964.80,100827136,51953664,44521544,42.46,3155358
1770195131121,3169.53,964.93,100827136,51953664,44523528,42.46,3155358
1770195131221,3172.56,966.91,100827136,51953664,44761240,42.69,3156698
1770195131323,3172.94,967.08,100827136,51953664,44763224,42.69,3156698
1770195131423,3175.97,969.00,100827136,51953664,45000800,42.92,3158038
1770195131525,3176.27,969.15,100827136,51953664,45002784,42.92,3158038
1770195131626,3176.46,969.26,100827136,51953664,45004768,42.92,3158038
1770195131727,3180.93,971.41,101302272,52740096,42583824,40.61,3159378
1770195131827,3181.25,971.56,101302272,52740096,42585808,40.61,3159378
1770195131928,3183.74,973.50,101302272,52740096,42879872,40.89,3126914
1770195132029,3184.05,973.64,101302272,52740096,42881856,40.90,3126914
1770195132130,3184.35,973.80,101302272,52740096,42883840,40.90,3126914
1770195132230,3187.02,975.55,101302272,52740096,43121544,41.12,3128254
1770195132332,3187.28,975.70,101302272,52740096,43123528,41.13,3128254
1770195132433,3189.98,977.56,101302272,52740096,43361144,41.35,3129594
1770195132534,3190.28,977.71,101302272,52740096,43363128,41.35,3129594
1770195132634,3190.52,977.83,101302272,52740096,43365112,41.36,3129594
1770195132736,3192.73,979.76,101318656,52740096,43602672,41.58,3130934
1770195132837,3192.97,979.84,101318656,52740096,43604656,41.58,3130934
1770195132938,3195.44,981.53,101318656,52740096,43842512,41.81,3140466
1770195133038,3195.70,981.68,101318656,52740096,43844496,41.81,3140466
1770195133139,3195.90,981.79,101318656,52740096,43846480,41.82,3140466
1770195133239,3198.26,983.40,101318656,52740096,44084056,42.04,3141806
1770195133340,3198.49,983.50,101318656,52740096,44086040,42.04,3141806
1770195133440,3205.57,985.88,101318656,52740096,44325136,42.27,3143146
1770195133542,3205.72,985.97,101318656,52740096,44327120,42.27,3143146
1770195133643,3205.94,986.07,101318656,52740096,44329104,42.28,3143146
1770195133744,3209.09,988.18,101335040,52740096,44566720,42.50,3144486
1770195133845,3209.30,988.26,101335040,52740096,44568704,42.50,3144486
1770195133946,3212.40,990.33,101335040,52740096,44806560,42.73,3154018
1770195134048,3212.68,990.47,101335040,52740096,44808568,42.73,3154018
1770195134149,3213.13,990.73,101335040,52740096,44810552,42.73,3154018
1770195134251,3215.53,992.43,101335040,52740096,45048112,42.96,3155358
1770195134351,3215.80,992.57,101335040,52740096,45050096,42.96,3155358
1770195134451,3218.22,994.31,101335040,52740096,45287784,43.19,3156698
1770195134553,3218.45,994.40,101335040,52740096,45289768,43.19,3156698
1770195134654,3218.76,994.56,101335040,52740096,45291752,43.19,3156698
1770195134755,3225.82,996.62,101335040,52740096,45529520,43.42,3158038
1770195134856,3225.99,996.73,101335040,52740096,45531504,43.42,3158038
1770195134956,3277.74,1001.26,102318080,61390848,38659864,36.87,3117382
1770195135058,3277.90,1001.35,102318080,61390848,38885040,37.08,3117382
1770195135159,3278.11,1001.44,102318080,61390848,38887024,37.09,3117382
1770195135259,3280.81,1003.65,102318080,61390848,39125720,37.31,3109190
1770195135361,3281.08,1003.77,102318080,61390848,39127728,37.32,3109190
1770195135462,3294.50,1006.02,102350848,61390848,39452496,37.62,3110530
1770195135563,3294.70,1006.11,102350848,61390848,39454504,37.63,3110530
1770195135663,3294.98,1006.27,102350848,61390848,39456488,37.63,3110530
1770195135765,3301.26,1008.31,102350848,61390848,39693408,37.85,3111870
1770195135866,3301.43,1008.41,102350848,61390848,39695416,37.86,3111870
1770195135967,3308.96,1010.31,102367232,61390848,39934616,38.08,3121402
1770195136068,3309.20,1010.43,102367232,61390848,39936624,38.09,3121402
1770195136171,3312.08,1011.51,102367232,61390848,40056368,38.20,3122074
1770195136272,3319.27,1012.32,102383616,61390848,40175880,38.31,3122742
1770195136373,3319.40,1012.38,102383616,61390848,40177888,38.32,3122742
1770195136474,3321.28,1013.83,102072320,61390848,40414808,38.54,3124082
1770195136575,3321.57,1014.09,102072320,61390848,40416816,38.54,3124082
1770195136676,3324.67,1016.10,102072320,61390848,40653464,38.77,3125422
1770195136777,3324.85,1016.16,102072320,61390848,40655472,38.77,3125422
1770195136879,3325.18,1016.29,102072320,61390848,40657456,38.77,3125422
1770195136980,3328.44,1018.68,102072320,61390848,40894192,39.00,3134954
1770195137081,3328.74,1018.86,102072320,61390848,40896200,39.00,3134954
1770195137181,3331.52,1020.92,102072320,61390848,41132752,39.23,3136294
1770195137281,3331.66,1020.98,102072320,61390848,41134760,39.23,3136294
1770195137382,3331.82,1021.07,102072320,61390848,41136744,39.23,3136294
1770195137483,3334.17,1022.84,102088704,61390848,41373304,39.46,3137634
1770195137583,3334.44,1023.01,102088704,61390848,41375312,39.46,3137634
1770195137683,3337.35,1024.84,102170624,61390848,41611928,39.68,3138974
1770195137783,3337.50,1024.88,102170624,61390848,41613936,39.69,3138974
1770195137884,3337.92,1025.13,102170624,61390848,41615920,39.69,3138974
1770195137984,3342.39,1027.13,102170624,61390848,41852952,39.91,3148506
1770195138086,3342.69,1027.28,102170624,61390848,41854960,39.92,3148506
1770195138187,3345.49,1029.15,102170624,61390848,42091568,40.14,3149846
1770195138288,3345.64,1029.21,102170624,61390848,42093576,40.14,3149846
1770195138389,3345.89,1029.35,102170624,61390848,42095560,40.15,3149846
1770195138490,3348.64,1031.35,102170624,61390848,42332344,40.37,3151186
1770195138590,3348.90,1031.47,102170624,61390848,42334352,40.37,3151186
1770195138691,3351.64,1033.28,102187008,61390848,42570984,40.60,3152526
1770195138791,3351.83,1033.34,102187008,61390848,42572992,40.60,3152526
1770195138892,3356.29,1033.49,102187008,61390848,42575248,40.60,3152526
1770195138993,3365.38,1035.57,102203392,61390848,42812232,40.83,3162058
1770195139095,3365.65,1035.74,102203392,61390848,42814240,40.83,3162058
1770195139195,3368.60,1037.55,102301696,61390848,43050880,41.06,3163398
1770195139296,3368.72,1037.61,102301696,61390848,43052888,41.06,3163398
1770195139397,3368.93,1037.68,102301696,61390848,43054872,41.06,3163398
1770195139498,3371.31,1039.54,102547456,61390848,43291376,41.29,3164738
1770195139599,3371.46,1039.61,102547456,61390848,43293384,41.29,3164738
1770195139700,3378.38,1042.16,102776832,61390848,43531896,41.52,3166078
1770195139801,3378.51,1042.23,102776832,61390848,43533904,41.52,3166078
1770195139902,3378.73,1042.35,102711296,61390848,43535888,41.52,3166078
1770195140004,3381.37,1044.34,102940672,61390848,43772720,41.74,3175610
1770195140104,3381.53,1044.44,102940672,61390848,43774728,41.75,3175610
1770195140204,3384.14,1046.46,103170048,61390848,44011280,41.97,3176950
1770195140305,3384.32,1046.53,103170048,61390848,44013288,41.97,3176950
1770195140407,3384.57,1046.69,103170048,61390848,44015272,41.98,3176950
1770195140508,3387.53,1048.66,103399424,61390848,44251880,42.20,3178290
1770195140609,3387.84,1048.81,103399424,61390848,44253888,42.20,3178290
1770195140709,3390.94,1050.88,103645184,61390848,44490440,42.43,3179630
1770195140810,3391.12,1050.95,103645184,61390848,44492448,42.43,3179630
1770195140912,3391.42,1051.10,103645184,61390848,44494432,42.43,3179630
1770195141012,3394.55,1053.13,103874560,61390848,44731280,42.66,3189162
1770195141114,3394.78,1053.26,103874560,61390848,44733288,42.66,3189162
1770195141215,3397.09,1055.08,104103936,61390848,44969816,42.89,3190502
1770195141315,3397.29,1055.17,104103936,61390848,44971824,42.89,3190502
1770195141415,3397.49,1055.30,104103936,61390848,44973808,42.89,3190502
1770195141517,3400.28,1057.15,104333312,61390848,45210448,43.12,3191842
1770195141618,3400.48,1057.26,104333312,61390848,45212456,43.12,3191842
1770195141719,3403.31,1059.35,104562688,61390848,45449016,43.34,3193182
1770195141820,3403.54,1059.44,104562688,61390848,45451024,43.35,3193182
1770195141921,3403.94,1059.98,104464384,61390848,45453008,43.35,3193182
1770195142022,3408.37,1063.24,104710144,61390848,45691256,43.57,3202714
1770195142123,3408.60,1063.36,104710144,61390848,45693264,43.58,3202714
1770195142224,3411.40,1065.32,104939520,61390848,45929896,43.80,3204054
1770195142326,3411.63,1065.46,104939520,61390848,45931904,43.80,3204054
1770195142427,3411.79,1065.53,104923136,61390848,45933888,43.81,3204054
1770195142527,3414.78,1067.59,105152512,61390848,46170464,44.03,3205394
1770195142629,3414.97,1067.70,105152512,61390848,46172472,44.03,3205394
1770195142730,3417.60,1069.55,105365504,61390848,46409024,44.26,3206734
1770195142831,3417.89,1069.67,105365504,61390848,46411032,44.26,3206734
1770195142931,3418.09,1069.82,105381888,61390848,46413016,44.26,3206734
1770195143032,3420.85,1071.47,105611264,61390848,46649800,44.49,3216266
1770195143134,3421.17,1071.62,105611264,61390848,46651808,44.49,3216266
1770195143235,3425.65,1073.92,105824256,61390848,40186760,38.33,3217606
1770195143336,3425.80,1073.99,105824256,61390848,40188768,38.33,3217606
1770195143436,3426.02,1074.10,105824256,61390848,40190752,38.33,3217606
1770195143537,3434.05,1076.58,105824256,61390848,40438208,38.56,3118722
1770195143639,3434.21,1076.65,105824256,61390848,40440216,38.57,3118722
1770195143739,3436.63,1078.47,105824256,61390848,40679328,38.79,3120062
1770195143841,3436.82,1078.56,105824256,61390848,40681336,38.80,3120062
1770195143942,3437.11,1078.73,105824256,61390848,40683320,38.80,3120062
1770195144042,3442.09,1080.56,105824256,61390848,40926456,39.03,3129594
1770195144142,3442.24,1080.64,105824256,61390848,40928464,39.03,3129594
1770195144243,3444.23,1082.38,105824256,61390848,41165032,39.26,3130934
1770195144345,3444.42,1082.45,105824256,61390848,41167040,39.26,3130934
1770195144446,3444.63,1082.58,105824256,61390848,41169024,39.26,3130934
1770195144547,3446.90,1084.59,105791488,61390848,41408176,39.49,3132274
1770195144647,3447.22,1084.76,105791488,61390848,41410184,39.49,3132274
1770195144748,3449.97,1086.53,105791488,61390848,41649560,39.72,3133614
1770195144849,3450.22,1086.68,105791488,61390848,41651568,39.72,3133614
1770195144950,3450.39,1086.77,105791488,61390848,41653552,39.72,3133614
1770195145050,3452.76,1088.64,105791488,61390848,41895944,39.96,3143146
1770195145151,3453.05,1088.78,105791488,61390848,41897952,39.96,3143146
1770195145252,3463.89,1090.87,105791488,61390848,42152864,40.20,3144486
1770195145354,3464.15,1090.97,105791488,61390848,42154872,40.20,3144486
1770195145455,3464.40,1091.13,105791488,61390848,42156856,40.20,3144486
1770195145556,3469.26,1092.92,105791488,61390848,42393352,40.43,3145826
1770195145657,3469.45,1093.05,105791488,61390848,42395360,40.43,3145826
1770195145758,3471.89,1094.56,105840640,61390848,42631824,40.66,3147166
1770195145859,3472.13,1094.73,105840640,61390848,42633832,40.66,3147166
1770195145960,3472.36,1094.88,105840640,61390848,42635816,40.66,3147166
1770195146061,3476.30,1096.89,106086400,61390848,42876744,40.89,3156698
1770195146161,3476.47,1096.97,106086400,61390848,42878752,40.89,3156698
1770195146263,3481.97,1098.61,106315776,61390848,43128392,41.13,3158038
1770195146364,3482.16,1098.71,106315776,61390848,43130400,41.13,3158038
1770195146465,3482.39,1098.82,106315776,61390848,43132384,41.13,3158038
1770195146565,3485.07,1101.02,106545152,61390848,43368712,41.36,3159378
1770195146666,3485.28,1101.15,106545152,61390848,43370720,41.36,3159378
1770195146767,3490.91,1103.09,106774528,61390848,43619208,41.60,3160718
1770195146868,3491.22,1103.23,106774528,61390848,43621216,41.60,3160718
1770195146969,3491.43,1103.36,106774528,61390848,43623200,41.60,3160718
1770195147069,3494.32,1105.49,107003904,61390848,43859792,41.83,3170250
1770195147170,3494.56,1105.61,107003904,61390848,43861800,41.83,3170250
1770195147271,3497.76,1107.75,107233280,61390848,44098192,42.06,3171590
1770195147371,3498.06,1107.89,107233280,61390848,44100200,42.06,3171590
1770195147472,3498.36,1108.04,107233280,61390848,44102184,42.06,3171590
1770195147572,3501.33,1110.08,107462656,61390848,44341904,42.29,3172930
1770195147673,3501.63,1110.24,107462656,61390848,44343912,42.29,3172930
1770195147774,3503.81,1111.96,107675648,61390848,44583048,42.52,3174270
1770195147875,3504.04,1112.09,107675648,61390848,44585056,42.52,3174270
1770195147976,3504.34,1112.25,107692032,61390848,44587040,42.52,3174270
1770195148077,3507.11,1114.08,107921408,61390848,44826176,42.75,3183802
1770195148178,3507.29,1114.19,107921408,61390848,44828184,42.75,3183802
1770195148279,3511.74,1115.87,108150784,61390848,45072904,42.98,3185142
1770195148380,3512.02,1116.01,108150784,61390848,45074912,42.99,3185142
1770195148482,3512.26,1116.16,108150784,61390848,45076896,42.99,3185142
1770195148583,3515.20,1118.12,108380160,61390848,45321496,43.22,3186482
1770195148684,3515.51,1118.27,108380160,61390848,45323504,43.22,3186482
1770195148785,3518.01,1120.30,108609536,61390848,45559848,43.45,3187822
1770195148885,3518.19,1120.38,108609536,61390848,45561856,43.45,3187822
1770195148986,3518.35,1120.46,108609536,61390848,45563840,43.45,3187822
1770195149087,3520.68,1122.37,108838912,61390848,45802848,43.68,3197354
1770195149188,3521.00,1122.52,108838912,61390848,45804856,43.68,3197354
1770195149289,3524.04,1124.50,109068288,61390848,46044040,43.91,3198694
1770195149390,3524.29,1124.60,109068288,61390848,46046048,43.91,3198694
1770195149490,3524.59,1124.74,109068288,61390848,46048032,43.91,3198694
1770195149592,3527.55,1126.71,109297664,61390848,46287216,44.14,3200034
1770195149692,3527.84,1126.84,109297664,61390848,46289224,44.14,3200034
1770195149792,3530.40,1128.75,109510656,61390848,46529064,44.37,3201374
1770195149894,3530.63,1128.86,109527040,61390848,46531072,44.38,3201374
1770195149995,3530.86,1129.00,109527040,61390848,46533056,44.38,3201374
1770195150095,3535.53,1132.92,95993856,46972928,41120448,39.22,3210906
1770195150196,3535.71,1133.04,95993856,46972928,41122448,39.22,3210906
1770195150297,3538.98,1135.05,95993856,46972928,41361784,39.45,3118722
1770195150397,3539.22,1135.18,95993856,46972928,41363760,39.45,3118722
1770195150498,3539.42,1135.27,95993856,46972928,41365736,39.45,3118722
1770195150600,3546.55,1136.95,95993856,46972928,41610968,39.68,3120062
1770195150700,3546.78,1137.07,95993856,46972928,41612440,39.68,3120062
1770195150802,3549.75,1138.84,95993856,46972928,41851000,39.91,3121402
1770195150903,3550.01,1138.95,95993856,46972928,41852472,39.91,3121402
1770195151004,3550.27,1139.07,95993856,46972928,41853944,39.92,3121402
1770195151105,3555.26,1141.08,95993856,46972928,42096912,40.15,3130934
1770195151206,3555.47,1141.21,95993856,46972928,42098384,40.15,3130934
1770195151306,3558.13,1142.90,95993856,46972928,42336728,40.38,3132274
1770195151407,3558.27,1142.97,95993856,46972928,42338200,40.38,3132274
1770195151508,3558.54,1143.13,95993856,46972928,42339672,40.38,3132274
1770195151608,3563.47,1146.02,96911360,54050816,41468624,39.55,3118722
1770195151710,3563.90,1146.32,96927744,54050816,41470096,39.55,3118722
1770195151811,3566.65,1148.29,97140736,54050816,41706008,39.77,3120062
1770195151912,3566.90,1148.40,97140736,54050816,41707480,39.78,3120062
1770195152013,3567.16,1148.52,97140736,54050816,41708952,39.78,3120062
1770195152113,3569.71,1150.42,97370112,54050816,41961680,40.02,3129594
1770195152214,3569.88,1150.54,97370112,54050816,41963152,40.02,3129594
1770195152315,3571.93,1152.25,97599488,54050816,42199016,40.24,3130934
1770195152416,3572.13,1152.37,97599488,54050816,42200488,40.25,3130934
1770195152519,3574.05,1153.55,97697792,54050816,42319632,40.36,3131606
1770195152620,3575.15,1154.28,97828864,54050816,42437720,40.47,3132274
1770195152721,3575.36,1154.38,97828864,54050816,42439192,40.47,3132274
1770195152822,3581.87,1156.64,98041856,54050816,42675208,40.70,3133614
1770195152923,3582.03,1156.74,98058240,54050816,42676680,40.70,3133614
1770195153022,3583.81,1157.94,98172928,54050816,42795816,40.81,3134286
1770195153123,3587.76,1158.59,98271232,54050816,42937624,40.95,3143146
1770195153223,3588.44,1158.81,98287616,54050816,42956536,40.97,3143150
1770195153324,3591.21,1160.34,98516992,54050816,43192536,41.19,3144490
1770195153425,3591.41,1160.43,98516992,54050816,43194032,41.19,3144490
1770195153526,3593.13,1161.47,98631680,54050816,43313168,41.31,3145162
1770195153627,3593.91,1162.18,98746368,54050816,43431272,41.42,3145830
1770195153728,3594.21,1162.30,98746368,54050816,43432768,41.42,3145830
1770195153829,3596.61,1163.98,98975744,54050816,43668568,41.65,3147170
1770195153930,3596.82,1164.08,98975744,54050816,43670064,41.65,3147170
1770195154030,3599.17,1165.97,99188736,54050816,43906168,41.87,3156702
1770195154131,3599.30,1166.03,99205120,54050816,43907664,41.87,3156702
1770195154233,3599.47,1166.13,99205120,54050816,43909136,41.88,3156702
1770195154334,3603.24,1168.10,99418112,54050816,44145656,42.10,3158042
1770195154435,3603.45,1168.19,99418112,54050816,44147152,42.10,3158042
1770195154535,3605.84,1170.15,99663872,54050816,44403704,42.35,3159382
1770195154636,3605.97,1170.20,99663872,54050816,44405200,42.35,3159382
1770195154737,3606.13,1170.28,99663872,54050816,44406672,42.35,3159382
1770195154838,3608.11,1171.87,99909632,54050816,44642152,42.57,3160722
1770195154939,3608.29,1171.94,99909632,54050816,44643648,42.58,3160722
1770195155087,3742.02,1187.41,149225472,100106240,69727536,66.50,3118054
1770195155187,3986.04,1197.06,176734208,127074304,99248232,94.65,3117382
1770195155286,4198.70,1203.61,180305920,130482176,105380840,100.50,3118722
1770195155388,4231.51,1204.76,180617216,131006464,105141312,100.27,3118734
1770195155489,4231.64,1204.82,180617216,131006464,105142848,100.27,3118734
1770195155591,4234.06,1206.77,180617216,131006464,105378104,100.50,3120070
1770195155692,4234.30,1206.87,180617216,131006464,105379672,100.50,3120070
1770195155792,4237.05,1208.56,180617216,131006464,105844152,100.94,3121406
1770195155892,4237.23,1208.62,180617216,131006464,105845688,100.94,3121406
1770195155994,4237.52,1208.79,180617216,131006464,105847200,100.94,3121406
1770195156095,4245.08,1210.87,180617216,131006464,106083680,101.17,3130934
1770195156195,4245.34,1210.97,180617216,131006464,106085216,101.17,3130934
1770195156297,4248.19,1212.90,180617216,131006464,106320376,101.40,3132270
1770195156398,4248.48,1213.00,180617216,131006464,106321912,101.40,3132270
1770195156498,4248.74,1213.12,180617216,131006464,106323424,101.40,3132270
1770195156600,4250.47,1214.66,180617216,131006464,106558632,101.62,3133606
1770195156701,4250.67,1214.77,180617216,131006464,106560168,101.62,3133606
1770195156803,4253.42,1216.57,180633600,131006464,106795312,101.85,3134942
1770195156904,4253.69,1216.68,180633600,131006464,106796848,101.85,3134942
1770195157005,4253.93,1216.82,180633600,131006464,106798360,101.85,3134942
1770195157106,4262.27,1219.10,180633600,131006464,107034608,102.08,3144470
1770195157207,4262.46,1219.30,180633600,131006464,107036144,102.08,3144470
1770195157308,4265.44,1221.21,180633600,131006464,107271064,102.30,3145806
1770195157409,4265.66,1221.33,180633600,131006464,107272600,102.30,3145806
1770195157509,4265.82,1221.40,180633600,131006464,107274112,102.30,3145806
1770195157611,4267.69,1222.97,180649984,131006464,107508928,102.53,3147142
1770195157711,4267.82,1223.05,180649984,131006464,107510464,102.53,3147142
1770195157813,4270.26,1224.94,180649984,131006464,107745512,102.75,3148478
1770195157914,4270.50,1225.06,180649984,131006464,107747048,102.76,3148478
1770195158014,4270.74,1225.19,180649984,131006464,107748560,102.76,3148478
1770195158116,4273.43,1227.04,180649984,131006464,107983680,102.98,3158008
1770195158216,4273.69,1227.19,180649984,131006464,107985216,102.98,3158008
1770195158317,4278.15,1229.36,180649984,131006464,108220168,103.21,3159346
1770195158418,4278.39,1229.49,180649984,131006464,108221704,103.21,3159346
1770195158519,4278.68,1229.65,180649984,131006464,108223216,103.21,3159346
1770195158620,4280.76,1230.99,180649984,131006464,108458048,103.43,3160684
1770195158721,4280.97,1231.12,180649984,131006464,108459584,103.44,3160684
1770195158822,4289.35,1233.11,180666368,131006464,108699848,103.66,3162022
1770195158922,4289.54,1233.22,180666368,131006464,108701384,103.67,3162022
1770195159024,4289.77,1233.34,180666368,131006464,108702896,103.67,3162022
1770195159125,4293.32,1235.13,180666368,131006464,108937968,103.89,3171552
1770195159226,4293.57,1235.29,180666368,131006464,108939504,103.89,3171552
1770195159327,4300.41,1237.19,180666368,131006464,109180400,104.12,3172890
1770195159428,4300.66,1237.34,180666368,131006464,109181936,104.12,3172890
1770195159529,4300.92,1237.52,180666368,131006464,109183448,104.13,3172890
1770195159629,4304.07,1239.60,180682752,131006464,109418168,104.35,3174228
1770195159731,4304.34,1239.76,180682752,131006464,109419704,104.35,3174228
1770195159832,4318.50,1242.82,180830208,131530752,95496784,91.07,3175566
1770195159933,4318.72,1242.94,180830208,131530752,95498304,91.07,3175566
1770195160034,4318.97,1243.06,180830208,131530752,95499800,91.08,3175566
1770195160135,4322.69,1244.69,180846592,131530752,95734552,91.30,3136444
1770195160236,4322.93,1244.79,180846592,131530752,95736072,91.30,3136444
1770195160337,4325.57,1246.62,180862976,131530752,95970648,91.52,3137782
1770195160437,4325.78,1246.72,180862976,131530752,95972168,91.53,3137782
1770195160538,4328.33,1246.82,180862976,131530752,95974000,91.53,3137782
1770195160639,4332.74,1248.61,180862976,131530752,96209696,91.75,3139120
1770195160740,4332.97,1248.71,180862976,131530752,96211216,91.75,3139120
1770195160841,4334.75,1250.01,180862976,131530752,96445712,91.98,3140458
1770195160941,4334.98,1250.11,180862976,131530752,96447232,91.98,3140458
1770195161043,4335.24,1250.23,180862976,131530752,96448728,91.98,3140458
1770195161144,4341.21,1252.49,180879360,131530752,96683840,92.20,3149988
1770195161244,4341.39,1252.59,180879360,131530752,96685384,92.21,3149988
1770195161346,4343.14,1254.24,180879360,131530752,96919880,92.43,3151326
1770195161447,4343.33,1254.31,180879360,131530752,96921400,92.43,3151326
1770195161548,4343.62,1254.44,180879360,131530752,96922896,92.43,3151326
1770195161648,4346.63,1256.42,180879360,131530752,97157520,92.66,3152664
1770195161750,4346.91,1256.60,180879360,131530752,97159040,92.66,3152664
1770195161851,4349.72,1258.40,180879360,131530752,97393664,92.88,3154002
1770195161952,4349.90,1258.50,180879360,131530752,97395184,92.88,3154002
1770195162053,4350.03,1258.57,180879360,131530752,97396680,92.88,3154002
1770195162154,4352.06,1260.17,180879360,131530752,97631448,93.11,3163532
1770195162255,4352.26,1260.28,180879360,131530752,97632968,93.11,3163532
1770195162355,4355.22,1262.27,180895744,131530752,97867744,93.33,3164870
1770195162456,4355.49,1262.41,180895744,131530752,97869264,93.34,3164870
1770195162558,4355.73,1262.50,180895744,131530752,97870760,93.34,3164870
1770195162659,4358.56,1264.31,180895744,131530752,98105496,93.56,3166208
1770195162760,4358.77,1264.43,180895744,131530752,98107016,93.56,3166208
1770195162860,4361.34,1266.14,180895744,131530752,98341576,93.79,3167546
1770195162962,4361.52,1266.22,180895744,131530752,98343096,93.79,3167546
1770195163063,4361.66,1266.29,180895744,131530752,98344592,93.79,3167546
1770195163164,4364.40,1268.05,180895744,131530752,98579480,94.01,3177076
1770195163265,4434.64,1284.07,117374976,67682304,39021000,37.21,3116042
1770195163367,4438.93,1285.90,117374976,67682304,39543416,37.71,3117380
1770195163468,4439.15,1286.01,117374976,67682304,39544920,37.71,3117380
1770195163568,4439.44,1286.16,117374976,67682304,39546400,37.71,3117380
1770195163670,4442.55,1288.00,117374976,67682304,39798784,37.96,3118718
1770195163771,4442.82,1288.13,117374976,67682304,39800288,37.96,3118718
1770195163872,4522.35,1299.29,93126656,43040768,39104016,37.29,3117380
1770195163972,4522.57,1299.38,93126656,43040768,39105560,37.29,3117380
1770195164074,4522.83,1299.50,93126656,43040768,39107032,37.30,3117380
1770195164175,4526.35,1301.66,93372416,43040768,39359600,37.54,3126910
1770195164275,4526.51,1301.75,93372416,43040768,39361096,37.54,3126910
1770195164375,4532.62,1303.72,93634560,43040768,39620664,37.79,3128248
1770195164476,4594.56,1306.74,92831744,43040768,38673480,36.88,3116042
1770195164577,4594.82,1306.88,92848128,43040768,38920864,37.12,3116042
1770195164677,4597.76,1308.36,93143040,43040768,39199456,37.38,3117380
1770195164779,4598.05,1308.50,93143040,43040768,39200952,37.38,3117380
1770195164879,4606.71,1310.40,93405184,43040768,39559776,37.73,3118718
1770195164979,4606.97,1310.57,93405184,43040768,39561272,37.73,3118718
1770195165081,4607.20,1310.76,93405184,43040768,39562744,37.73,3118718
1770195165181,4609.35,1312.15,93634560,43040768,39815288,37.97,3128248
1770195165281,4609.48,1312.23,93650944,43040768,39816784,37.97,3128248
1770195165383,4614.46,1314.32,94240768,46186496,39221136,37.40,3126910
1770195165483,4614.69,1314.49,94240768,46186496,39222632,37.41,3126910
1770195165585,4614.85,1314.59,94240768,46186496,39224104,37.41,3126910
1770195165686,4618.00,1316.61,94502912,46186496,39476592,37.65,3128248
1770195165787,4618.18,1316.69,94502912,46186496,39478064,37.65,3128248
1770195165889,4620.79,1318.87,94748672,46186496,39730384,37.89,3129586
1770195165989,4621.04,1319.04,94748672,46186496,39731880,37.89,3129586
1770195166091,4621.25,1319.16,94748672,46186496,39733352,37.89,3129586
1770195166192,4624.55,1321.17,94994432,46186496,39985824,38.13,3139116
1770195166293,4624.84,1321.36,94994432,46186496,39987320,38.13,3139116
1770195166394,4627.62,1323.24,95240192,46186496,40239640,38.38,3140454
1770195166495,4627.89,1323.38,95240192,46186496,40241136,38.38,3140454
1770195166595,4628.16,1323.51,95240192,46186496,40242608,38.38,3140454
1770195166697,4636.10,1325.47,95502336,46186496,40495304,38.62,3141792
1770195166798,4636.28,1325.57,95502336,46186496,40496800,38.62,3141792
1770195166899,4639.78,1327.63,95748096,46186496,39334168,37.51,3143130
1770195167000,4640.01,1327.78,95748096,46186496,39335664,37.51,3143130
1770195167100,4640.21,1327.89,95748096,46186496,39337136,37.51,3143130
1770195167202,4642.91,1329.70,95748096,46186496,39589680,37.76,3135102
1770195167302,4643.12,1329.81,95748096,46186496,39591176,37.76,3135102
1770195167404,4645.03,1331.24,95748096,46186496,39843440,38.00,3136440
1770195167505,4645.24,1331.35,95748096,46186496,39844936,38.00,3136440
1770195167605,4645.45,1331.51,95748096,46186496,39846408,38.00,3136440
1770195167707,4652.87,1333.75,95780864,46186496,40098936,38.24,3137778
1770195167808,4653.16,1333.92,95780864,46186496,40100432,38.24,3137778
1770195167909,4661.54,1335.95,96043008,46186496,40352984,38.48,3139116
1770195168010,4661.76,1336.07,96043008,46186496,40354456,38.49,3139116
1770195168111,4663.35,1337.20,96174080,46186496,40482008,38.61,3147979
1770195168212,4664.30,1337.95,96288768,46186496,40608344,38.73,3148646
1770195168313,4664.48,1338.04,96288768,46186496,40609840,38.73,3148646
1770195168413,4669.12,1340.03,96518144,46186496,40862136,38.97,3149984
1770195168515,4669.35,1340.19,96534528,46186496,40863632,38.97,3149984
1770195168617,4672.62,1342.11,96845824,46186496,39591528,37.76,3151322
1770195168717,4672.77,1342.16,96845824,46186496,39593024,37.76,3151322
1770195168816,4672.94,1342.25,96845824,46186496,39594496,37.76,3151322
1770195168918,4675.89,1344.07,96862208,46186496,39846832,38.00,3127577
1770195169018,4676.16,1344.21,96862208,46186496,39848328,38.00,3127577
1770195169119,4678.52,1345.39,96862208,46186496,39975688,38.12,3136440
1770195169220,4682.78,1346.22,96862208,46186496,40101800,38.24,3137107
1770195169322,4682.97,1346.30,96862208,46186496,40103296,38.25,3137107
1770195169423,4686.63,1348.02,96862208,46186496,40354424,38.48,3138445
1770195169524,4686.88,1348.14,96862208,46186496,40355920,38.49,3138445
1770195169625,4689.64,1350.12,96862208,46186496,40607048,38.73,3139783
1770195169726,4689.74,1350.16,96862208,46186496,40608544,38.73,3139783
1770195169827,4689.89,1350.25,96862208,46186496,40610016,38.73,3139783
1770195169927,4693.66,1351.91,96862208,46186496,40861256,38.97,3141121
1770195170029,4693.94,1352.07,96862208,46186496,40862752,38.97,3141121
1770195170129,4696.81,1353.87,96894976,46186496,41114144,39.21,3150651
1770195170231,4696.93,1353.92,96894976,46186496,41115640,39.21,3150651
1770195170332,4697.14,1354.03,96894976,46186496,41117112,39.21,3150651
1770195170433,4702.35,1355.99,97075200,46186496,39847584,38.00,3151989
1770195170533,4702.55,1356.09,97075200,46186496,39849080,38.00,3151989
1770195170634,4705.77,1357.86,97075200,46186496,40100280,38.24,3127577
1770195170735,4705.90,1357.91,97075200,46186496,40101752,38.24,3127577
1770195170836,4706.10,1358.00,97075200,46186496,40103224,38.25,3127577
1770195170937,4712.79,1359.82,97075200,46186496,40355040,38.49,3128915
1770195171037,4713.05,1359.96,97075200,46186496,40356536,38.49,3128915
1770195171138,4715.94,1361.78,97075200,46186496,40607984,38.73,3138445
1770195171239,4716.16,1361.88,97075200,46186496,40609456,38.73,3138445
1770195171340,4716.42,1362.04,97091584,46186496,40610928,38.73,3138445
1770195171441,4719.69,1363.95,97091584,46186496,40862104,38.97,3139783
1770195171543,4719.86,1364.04,97091584,46186496,40863576,38.97,3139783
1770195171643,4721.89,1366.00,97091584,46186496,41114736,39.21,3141121
1770195171745,4722.05,1366.09,97091584,46186496,41116208,39.21,3141121
1770195171846,4722.19,1366.19,97091584,46186496,41117680,39.21,3141121
1770195171947,4724.41,1368.32,97091584,46186496,41368848,39.45,3142459
1770195172047,4724.67,1368.45,97091584,46186496,41370344,39.45,3142459
1770195172149,4729.72,1370.75,97107968,46186496,40093528,38.24,3151989
1770195172250,4730.10,1370.96,97107968,46186496,40095000,38.24,3151989
1770195172350,4730.34,1371.09,97107968,46186496,40096472,38.24,3151989
1770195172451,4733.10,1372.88,97107968,46186496,40347720,38.48,3127577
1770195172553,4733.26,1372.97,97107968,46186496,40349192,38.48,3127577
1770195172654,4735.42,1374.53,97124352,46186496,40600520,38.72,3128915
1770195172755,4735.59,1374.61,97124352,46186496,40601992,38.72,3128915
1770195172855,4735.82,1374.77,97124352,46186496,40603464,38.72,3128915
1770195172955,4737.60,1376.17,97124352,46186496,40854600,38.96,3130253
1770195173057,4737.78,1376.26,97124352,46186496,40856096,38.96,3130253
1770195173157,4740.78,1378.11,97124352,46186496,41107472,39.20,3139783
1770195173259,4740.96,1378.20,97124352,46186496,41108944,39.20,3139783
1770195173360,4741.14,1378.32,97124352,46186496,41110416,39.21,3139783
1770195173461,4748.70,1380.28,97124352,46186496,41362648,39.45,3141121
1770195173561,4748.96,1380.45,97124352,46186496,41364120,39.45,3141121
1770195173663,4755.33,1382.50,97370112,46448640,40243880,38.38,3142459
1770195173763,4755.52,1382.58,97370112,46448640,40245352,38.38,3142459
1770195173865,4755.79,1382.69,97370112,46448640,40246824,38.38,3142459
1770195173966,4762.39,1384.67,97370112,46448640,40497616,38.62,3126910
1770195174067,4762.60,1384.78,97370112,46448640,40499088,38.62,3126910
1770195174168,4765.91,1386.90,97370112,46448640,40744640,38.86,3136440
1770195174269,4766.12,1387.02,97370112,46448640,40746112,38.86,3136440
1770195174370,4766.32,1387.12,97370112,46448640,40747584,38.86,3136440
1770195174472,4769.29,1388.95,97370112,46448640,40992912,39.09,3137778
1770195174574,4769.50,1389.09,97370112,46448640,40994384,39.10,3137778
1770195174675,4774.38,1390.99,97386496,46448640,41239712,39.33,3139116
1770195174775,4774.63,1391.11,97386496,46448640,41241184,39.33,3139116
1770195174877,4774.91,1391.27,97386496,46448640,41242656,39.33,3139116
1770195174978,4787.08,1393.35,97386496,46448640,41488432,39.57,3140454
1770195175079,4787.23,1393.43,97386496,46448640,41489904,39.57,3140454
1770195175180,4795.50,1395.74,97402880,46448640,41734120,39.80,3149984
1770195175280,4795.78,1395.90,97402880,46448640,41735592,39.80,3149984
1770195175382,4796.03,1396.03,97402880,46448640,41737064,39.80,3149984
1770195175482,4801.42,1398.02,97402880,46448640,41979576,40.03,3151322
1770195175584,4801.68,1398.15,97402880,46448640,41981048,40.04,3151322
1770195175685,4809.03,1400.70,97861632,50905088,40725208,38.84,3126910
1770195175786,4809.25,1400.78,97861632,50905088,40726680,38.84,3126910
1770195175886,4809.48,1400.90,97861632,50905088,40728152,38.84,3126910
1770195175988,4812.56,1402.81,97878016,50905088,40969880,39.07,3128248
1770195176089,4812.74,1402.93,97878016,50905088,40971352,39.07,3128248
1770195176190,4822.95,1404.90,97878016,50905088,41213792,39.30,3137778
1770195176291,4823.22,1405.07,97878016,50905088,41215264,39.31,3137778
1770195176392,4823.48,1405.20,97878016,50905088,41216736,39.31,3137778
1770195176492,4831.89,1407.08,97927168,50905088,41524328,39.60,3139116
1770195176593,4832.08,1407.20,97927168,50905088,41525800,39.60,3139116
1770195176693,4835.51,1409.06,97927168,50905088,41767576,39.83,3140454
1770195176795,4835.75,1409.17,97927168,50905088,41769048,39.83,3140454
1770195176896,4836.00,1409.30,97927168,50905088,41770520,39.84,3140454
1770195176996,4839.29,1411.14,97927168,50905088,42012320,40.07,3141792
1770195177097,4839.55,1411.27,97927168,50905088,42013792,40.07,3141792
1770195177198,4845.37,1413.23,97943552,50905088,42255816,40.30,3151322
1770195177299,4845.55,1413.32,97943552,50905088,42257288,40.30,3151322
1770195177400,4845.77,1413.42,97943552,50905088,42258760,40.30,3151322
1770195177501,4852.51,1415.30,98156544,50905088,42500608,40.53,3152660
1770195177603,4852.73,1415.41,98156544,50905088,42502104,40.53,3152660
1770195177704,4856.00,1417.40,98385920,50905088,42743936,40.76,3153998
1770195177805,4856.21,1417.51,98385920,50905088,42745432,40.77,3153998
1770195177906,4856.42,1417.63,98385920,50905088,42746904,40.77,3153998
1770195178007,4859.18,1419.53,98615296,50905088,42988792,41.00,3155336
1770195178107,4859.38,1419.65,98615296,50905088,42990288,41.00,3155336
1770195178209,4862.14,1421.54,98844672,50905088,43236280,41.23,3164866
1770195178310,4862.29,1421.64,98844672,50905088,43237776,41.23,3164866
1770195178411,4862.48,1421.73,98844672,50905088,43239248,41.24,3164866
1770195178512,4864.95,1423.79,99074048,50905088,43580640,41.56,3166204
1770195178613,4865.15,1423.91,99090432,50905088,43582136,41.56,3166204
1770195178713,4885.61,1426.47,99352576,50905088,43825256,41.80,3167542
1770195178815,4885.72,1426.54,99352576,50905088,43826752,41.80,3167542
1770195178916,4885.87,1426.61,99352576,50905088,43828224,41.80,3167542
1770195179016,4888.13,1428.38,99581952,50905088,44068088,42.03,3168880
1770195179116,4888.38,1428.50,99581952,50905088,44069584,42.03,3168880
1770195179217,4891.34,1430.36,99827712,50905088,44309672,42.26,3178410
1770195179317,4891.53,1430.46,99827712,50905088,44311168,42.26,3178410
1770195179419,4891.72,1430.57,99827712,50905088,44312640,42.26,3178410
1770195179520,4920.12,1432.76,100220928,51429376,41336648,39.42,3179748
1770195179620,4920.39,1432.90,100220928,51429376,41338152,39.42,3179748
1770195179721,4923.47,1434.75,100220928,51429376,41575032,39.65,3127577
1770195179821,4923.72,1434.90,100220928,51429376,41576512,39.65,3127577
1770195179923,4923.94,1435.02,100220928,51429376,41577992,39.65,3127577
1770195180023,4926.86,1436.90,100220928,51429376,41814832,39.88,3128915
1770195180124,4927.01,1436.97,100220928,51429376,41816312,39.88,3128915
1770195180226,4930.46,1438.96,100237312,51429376,42053408,40.11,3138445
1770195180326,4930.73,1439.11,100237312,51429376,42054888,40.11,3138445
1770195180426,4930.94,1439.23,100237312,51429376,42056368,40.11,3138445
1770195180528,4933.10,1441.24,100237312,51429376,42293200,40.33,3139783
1770195180628,4933.30,1441.37,100237312,51429376,42294680,40.34,3139783
1770195180729,4935.45,1443.06,100401152,51429376,42680072,40.70,3141123
1770195180831,4935.65,1443.18,100401152,51429376,42681576,40.70,3141123
1770195180931,4935.86,1443.43,100401152,51429376,42683056,40.71,3141123
1770195181033,4938.72,1445.05,100532224,51429376,42919936,40.93,3142463
1770195181134,4938.89,1445.16,100532224,51429376,42921440,40.93,3142463
1770195181235,4940.76,1446.82,100761600,51429376,43158512,41.16,3151995
1770195181337,4941.04,1446.96,100761600,51429376,43160016,41.16,3151995
1770195181438,4941.29,1447.12,100761600,51429376,43161496,41.16,3151995
1770195181539,4944.01,1449.00,100990976,51429376,43398320,41.39,3153335
1770195181640,4944.30,1449.15,100990976,51429376,43399824,41.39,3153335
1770195181741,4947.80,1450.78,101236736,51429376,43636784,41.62,3154675
1770195181842,4947.95,1450.88,101236736,51429376,43638288,41.62,3154675
1770195181943,4948.12,1451.02,101236736,51429376,43639768,41.62,3154675
1770195182044,4950.82,1452.69,101466112,51429376,43876680,41.84,3156015
1770195182144,4951.10,1452.87,101466112,51429376,43878184,41.85,3156015
1770195182246,4953.52,1454.57,101711872,51429376,44115272,42.07,3165547
1770195182347,4953.68,1454.64,101711872,51429376,44116776,42.07,3165547
1770195182447,4953.91,1454.77,101711872,51429376,44118256,42.07,3165547
1770195182548,4960.11,1457.11,102350848,52215808,41901120,39.96,3126240
1770195182650,4960.49,1457.29,102350848,52215808,41902624,39.96,3126240
1770195182751,4964.81,1459.01,102350848,52215808,42139696,40.19,3127580
1770195182852,4964.95,1459.11,102350848,52215808,42141200,40.19,3127580
1770195182953,4966.23,1459.97,102350848,52215808,42287960,40.33,3128252
1770195183053,4967.06,1460.68,102350848,52215808,42406584,40.44,3128920
1770195183155,4967.29,1460.83,102350848,52215808,42408088,40.44,3128920
1770195183255,4969.72,1462.51,102350848,52215808,42645752,40.67,3138452
1770195183356,4969.85,1462.57,102350848,52215808,42647256,40.67,3138452
1770195183457,4970.88,1463.32,102350848,52215808,42766904,40.79,3139124
1770195183558,4971.53,1463.91,102350848,52215808,42885552,40.90,3139792
1770195183658,4971.74,1464.05,102350848,52215808,42887056,40.90,3139792
1770195183760,4974.55,1466.54,102350848,52215808,43123960,41.13,3141132
1770195183860,4974.79,1466.67,102350848,52215808,43125464,41.13,3141132
1770195183961,4976.70,1467.99,102367232,52215808,43245112,41.24,3141804
1770195184063,4977.64,1468.68,102367232,52215808,43363784,41.35,3142472
1770195184164,4977.84,1468.77,102367232,52215808,43365288,41.36,3142472
1770195184266,4980.70,1470.65,102367232,52215808,43602384,41.58,3152004
1770195184366,4980.89,1470.77,102367232,52215808,43603888,41.58,3152004
1770195184466,4982.61,1472.28,102367232,52215808,43840848,41.81,3153344
1770195184567,4982.80,1472.36,102367232,52215808,43842352,41.81,3153344
1770195184669,4983.14,1472.67,102367232,52215808,43843832,41.81,3153344
1770195184770,4985.50,1474.41,102367232,52215808,44080696,42.04,3154684
1770195184871,4985.67,1474.51,102367232,52215808,44082200,42.04,3154684
1770195184971,4988.26,1476.22,101646336,52215808,44319080,42.27,3156024
1770195185071,4988.40,1476.34,100843520,52215808,44320584,42.27,3156024
1770195185173,4988.60,1476.45,100843520,52215808,44322064,42.27,3156024
1770195185273,4991.97,1478.57,100843520,52215808,44656128,42.59,3165556
1770195185375,4992.26,1478.72,100843520,52215808,44657632,42.59,3165556
1770195185474,4998.20,1480.91,101236736,52477952,42284912,40.33,3166896
1770195185575,4998.33,1480.96,101236736,52477952,42286416,40.33,3166896
1770195185677,4998.50,1481.07,101236736,52477952,42287896,40.33,3166896
1770195185778,5001.04,1482.83,101236736,52477952,42524664,40.55,3126912
1770195185879,5001.21,1482.91,101236736,52477952,42526168,40.56,3126912
1770195185979,5004.05,1484.78,101236736,52477952,42762960,40.78,3128252
1770195186079,5004.22,1484.85,101236736,52477952,42764440,40.78,3128252
1770195186181,5004.45,1484.99,101236736,52477952,42765920,40.78,3128252
1770195186282,5008.36,1486.97,101253120,52477952,43002912,41.01,3137784
1770195186383,5008.62,1487.19,101253120,52477952,43004416,41.01,3137784
1770195186483,5010.76,1488.66,101253120,52477952,43241264,41.24,3139124
1770195186583,5010.86,1488.72,101253120,52477952,43242744,41.24,3139124
1770195186684,5010.98,1488.79,101253120,52477952,43244224,41.24,3139124
1770195186785,5013.66,1490.56,101253120,52477952,43481208,41.47,3140464
1770195186887,5013.92,1490.68,101253120,52477952,43482712,41.47,3140464
1770195186987,5020.29,1492.66,101253120,52477952,43721128,41.70,3141804
1770195187087,5020.51,1492.78,101253120,52477952,43722608,41.70,3141804
1770195187189,5020.74,1492.92,101253120,52477952,43724088,41.70,3141804
1770195187290,5022.89,1494.47,101269504,52477952,43961144,41.92,3151336
1770195187391,5023.18,1494.66,101269504,52477952,43962648,41.93,3151336
1770195187491,5024.19,1495.34,101269504,52477952,44199328,42.15,3152676
1770195187592,5024.28,1495.38,101269504,52477952,44200832,42.15,3152676
1770195187693,5024.37,1495.43,101269504,52477952,44202312,42.15,3152676
1770195187795,5025.40,1496.30,101269504,52477952,44439128,42.38,3154016
1770195187896,5025.59,1496.37,101269504,52477952,44440632,42.38,3154016
1770195187996,5028.62,1498.36,101269504,52477952,44677336,42.61,3155356
1770195188098,5028.81,1498.47,101269504,52477952,44678840,42.61,3155356
1770195188199,5028.98,1498.59,101269504,52477952,44680320,42.61,3155356
1770195188300,5031.97,1500.63,101269504,52477952,44917256,42.84,3164888
1770195188400,5032.20,1500.78,101269504,52477952,44918760,42.84,3164888
1770195188500,5034.75,1502.67,101285888,52477952,45155488,43.06,3166228
1770195188601,5034.92,1502.77,101285888,52477952,45156992,43.07,3166228
1770195188701,5035.12,1502.86,101285888,52477952,45158472,43.07,3166228
1770195188803,5039.88,1504.92,101793792,53002240,42747904,40.77,3167568
1770195188904,5040.12,1505.08,101793792,53002240,42749408,40.77,3167568
1770195189005,5042.88,1506.70,101810176,53002240,42986136,40.99,3126912
1770195189105,5043.14,1506.84,101810176,53002240,42987616,41.00,3126912
1770195189206,5043.36,1506.95,101810176,53002240,42989096,41.00,3126912
1770195189307,5045.11,1508.65,101810176,53002240,43226072,41.22,3136444
1770195189408,5045.26,1508.73,101810176,53002240,43227576,41.23,3136444
1770195189510,5048.10,1510.44,101810176,53002240,43464280,41.45,3137784
1770195189609,5048.34,1510.55,101810176,53002240,43465760,41.45,3137784
1770195189710,5048.60,1510.68,101810176,53002240,43467240,41.45,3137784
1770195189810,5051.14,1512.62,101826560,53002240,43703936,41.68,3139124
1770195189912,5051.32,1512.71,101826560,53002240,43705416,41.68,3139124
1770195190012,5057.13,1514.69,101826560,53002240,43942320,41.91,3140464
1770195190113,5057.27,1514.76,101826560,53002240,43943800,41.91,3140464
1770195190213,5057.45,1514.87,101826560,53002240,43945280,41.91,3140464
1770195190314,5060.31,1516.71,101826560,53002240,44182176,42.14,3149996
1770195190415,5060.54,1516.86,101826560,53002240,44183680,42.14,3149996
1770195190516,5062.39,1518.71,101826560,53002240,44420376,42.36,3151336
1770195190617,5062.49,1518.77,101826560,53002240,44421856,42.36,3151336
1770195190718,5062.61,1518.85,101826560,53002240,44423336,42.37,3151336
1770195190819,5064.34,1520.50,101826560,53002240,44660192,42.59,3152676
1770195190920,5064.50,1520.59,101826560,53002240,44661672,42.59,3152676
1770195191021,5067.22,1522.49,101826560,53002240,44898472,42.82,3154016
1770195191122,5067.34,1522.54,101826560,53002240,44899952,42.82,3154016
1770195191221,5067.50,1522.67,101826560,53002240,44901432,42.82,3154016
1770195191322,5070.52,1524.77,101842944,53002240,45138584,43.05,3163548
1770195191422,5070.76,1524.92,101842944,53002240,45140088,43.05,3163548
1770195191523,5072.61,1526.48,101842944,53002240,45376912,43.27,3164888
1770195191624,5072.82,1526.63,101842944,53002240,45378392,43.28,3164888
1770195191726,5072.96,1526.69,101842944,53002240,45379872,43.28,3164888
1770195191827,5077.87,1529.02,102268928,53526528,43172560,41.17,3166228
1770195191928,5078.11,1529.15,102268928,53526528,43174040,41.17,3166228
1770195192029,5089.46,1531.50,102268928,53526528,43412544,41.40,3126912
1770195192130,5089.61,1531.59,102268928,53526528,43414024,41.40,3126912
1770195192230,5089.81,1531.68,102268928,53526528,43415504,41.40,3126912
1770195192331,5093.76,1533.79,102268928,53526528,43706472,41.68,3136444
1770195192432,5094.03,1533.93,102268928,53526528,43707952,41.68,3136444
1770195192533,5096.92,1535.83,102285312,53526528,43944368,41.91,3137784
1770195192632,5097.15,1535.95,102285312,53526528,43945848,41.91,3137784
1770195192734,5097.36,1536.10,102285312,53526528,43947328,41.91,3137784
1770195192835,5098.19,1536.75,102285312,53526528,44183704,42.14,3139124
1770195192936,5098.34,1536.80,102285312,53526528,44185184,42.14,3139124
1770195193037,5099.68,1537.86,102285312,53526528,44421672,42.36,3140464
1770195193138,5099.81,1537.92,102285312,53526528,44423152,42.37,3140464
1770195193238,5100.02,1538.08,102285312,53526528,44424632,42.37,3140464
1770195193337,5102.77,1540.00,102285312,53526528,44661288,42.59,3149996
1770195193438,5103.00,1540.15,102285312,53526528,44662768,42.59,3149996
1770195193540,5105.92,1541.95,102285312,53526528,44899184,42.82,3151336
1770195193640,5106.16,1542.09,102285312,53526528,44900664,42.82,3151336
1770195193740,5106.44,1542.27,102285312,53526528,44902144,42.82,3151336
1770195193841,5112.98,1544.27,102301696,53526528,45138720,43.05,3152676
1770195193942,5113.15,1544.38,102301696,53526528,45140200,43.05,3152676
1770195194044,5115.83,1546.06,102301696,53526528,45376632,43.27,3154016
1770195194145,5116.03,1546.17,102301696,53526528,45378112,43.28,3154016
1770195194245,5116.21,1546.27,102301696,53526528,45379592,43.28,3154016
1770195194346,5118.92,1547.97,102301696,53526528,45616296,43.50,3163548
1770195194447,5119.20,1548.10,102301696,53526528,45617776,43.50,3163548
1770195194549,5122.15,1549.89,102301696,53526528,45854232,43.73,3164888
1770195194650,5122.35,1550.00,102301696,53526528,45855712,43.73,3164888
1770195194752,5122.61,1550.14,102301696,53526528,45857192,43.73,3164888
1770195194853,5125.29,1552.00,102318080,53526528,46093768,43.96,3166228
1770195194953,5125.56,1552.15,102318080,53526528,46095248,43.96,3166228
1770195195055,5128.75,1554.24,102350848,53526528,46331640,44.19,3167568
1770195195155,5128.98,1554.38,102350848,53526528,46333120,44.19,3167568
1770195195257,5199.64,1558.75,103170048,61915136,39278376,37.46,3125572
1770195195357,5203.82,1560.47,103186432,61915136,39645376,37.81,3125574
1770195195459,5204.10,1560.65,103186432,61915136,39646880,37.81,3125574
1770195195559,5206.61,1562.36,103186432,61915136,39893640,38.05,3126914
1770195195660,5206.86,1562.52,103186432,61915136,39895144,38.05,3126914
1770195195761,5207.07,1562.64,103186432,61915136,39896624,38.05,3126914
1770195195861,5209.47,1564.17,103186432,61915136,40143488,38.28,3128254
1770195195962,5209.59,1564.26,103186432,61915136,40144992,38.29,3128254
1770195196064,5212.17,1566.04,103202816,61915136,40391744,38.52,3129594
1770195196165,5212.41,1566.20,103202816,61915136,40393248,38.52,3129594
1770195196265,5212.63,1566.30,103202816,61915136,40394728,38.52,3129594
1770195196367,5215.44,1568.22,103202816,61915136,40641768,38.76,3139126
1770195196468,5215.64,1568.33,103202816,61915136,40643272,38.76,3139126
1770195196568,5218.52,1570.00,103202816,61915136,40890048,39.00,3140466
1770195196670,5218.76,1570.09,103202816,61915136,40891552,39.00,3140466
1770195196771,5219.04,1570.24,103202816,61915136,40893032,39.00,3140466
1770195196872,5235.31,1572.38,103219200,61915136,41356872,39.44,3141806
1770195196973,5235.56,1572.54,103219200,61915136,41358376,39.44,3141806
1770195197074,5237.48,1573.85,103219200,61915136,41604760,39.68,3143146
1770195197176,5237.63,1573.96,103219200,61915136,41606264,39.68,3143146
1770195197276,5237.80,1574.06,103219200,61915136,41607744,39.68,3143146
1770195197376,5241.39,1575.76,103219200,61915136,41854576,39.92,3152678
1770195197476,5241.68,1575.92,103219200,61915136,41856080,39.92,3152678
1770195197576,5243.96,1577.44,103219200,61915136,42102504,40.15,3154018
1770195197677,5244.13,1577.52,103219200,61915136,42104008,40.15,3154018
1770195197777,5244.40,1577.66,103219200,61915136,42105488,40.15,3154018
1770195197879,5246.64,1579.30,103219200,61915136,42448840,40.48,3155358
1770195197980,5246.81,1579.37,103219200,61915136,42450344,40.48,3155358
1770195198081,5247.72,1579.97,103219200,61915136,42696744,40.72,3156698
1770195198183,5247.87,1580.07,103219200,61915136,42698248,40.72,3156698
1770195198284,5248.02,1580.14,103219200,61915136,42699728,40.72,3156698
1770195198385,5249.18,1580.95,103219200,61915136,42946304,40.96,3166230
1770195198485,5249.35,1581.07,103219200,61915136,42947808,40.96,3166230
1770195198587,5258.00,1583.13,103219200,61915136,43194912,41.19,3167570
1770195198688,5258.19,1583.31,103219200,61915136,43196416,41.20,3167570
1770195198788,5258.35,1583.41,103219200,61915136,43197896,41.20,3167570
1770195198890,5261.49,1585.51,103464960,61915136,43444248,41.43,3168910
1770195198990,5261.77,1585.69,103464960,61915136,43445752,41.43,3168910
1770195199091,5266.90,1587.85,103694336,61915136,43692216,41.67,3170250
1770195199192,5267.06,1587.95,103694336,61915136,43693720,41.67,3170250
1770195199293,5267.21,1588.02,103694336,61915136,43695200,41.67,3170250
1770195199394,5269.86,1590.13,103923712,61915136,43941712,41.91,3179782
1770195199495,5270.03,1590.25,103940096,61915136,43943216,41.91,3179782
1770195199596,5272.78,1591.93,104169472,61915136,44189536,42.14,3181122
1770195199696,5272.93,1592.00,104169472,61915136,44191040,42.14,3181122
1770195199797,5273.15,1592.12,104169472,61915136,44192520,42.15,3181122
1770195199899,5275.89,1594.33,104398848,61915136,44439040,42.38,3182462
1770195200000,5276.08,1594.46,104398848,61915136,44440544,42.38,3182462
1770195200101,5279.25,1596.51,104644608,61915136,44686816,42.62,3183802
1770195200201,5279.46,1596.64,104644608,61915136,44688328,42.62,3183802
1770195200302,5279.65,1596.75,104644608,61915136,44689808,42.62,3183802
1770195200402,5282.17,1598.30,104890368,61915136,44936304,42.85,3193334
1770195200504,5282.42,1598.43,104890368,61915136,44937808,42.86,3193334
1770195200605,5285.67,1600.31,105119744,61915136,45183816,43.09,3194674
1770195200705,5285.86,1600.41,105119744,61915136,45185320,43.09,3194674
1770195200807,5286.12,1600.60,105136128,61915136,45186800,43.09,3194674
1770195200908,5288.99,1602.58,105365504,61915136,45432752,43.33,3196014
1770195201008,5289.19,1602.69,105365504,61915136,45434256,43.33,3196014
1770195201109,5291.81,1604.57,105594880,61915136,45680200,43.56,3197354
1770195201210,5292.03,1604.69,105594880,61915136,45681704,43.57,3197354
1770195201312,5293.65,1605.71,105709568,61915136,45806136,43.68,3206218
1770195201412,5294.57,1606.43,105840640,61915136,45929320,43.80,3206886
1770195201513,5294.83,1606.56,105840640,61915136,45930824,43.80,3206886
1770195201614,5297.72,1608.41,106070016,61915136,46176800,44.04,3208226
1770195201715,5297.92,1608.53,106070016,61915136,46178304,44.04,3208226
1770195201816,5300.03,1609.56,106184704,61915136,46338392,44.19,3208898
1770195201918,5301.19,1610.31,106315776,61915136,46461528,44.31,3209566
1770195202018,5301.38,1610.43,106315776,61915136,46463032,44.31,3209566
1770195202119,5304.79,1612.71,106561536,61915136,46709048,44.55,3210906
1770195202220,5305.02,1612.84,106561536,61915136,46710552,44.55,3210906
1770195202321,5308.20,1614.96,106790912,61915136,46956608,44.78,3220438
1770195202422,5308.31,1615.01,106790912,61915136,46958112,44.78,3220438
1770195202523,5308.50,1615.12,106790912,61915136,46959592,44.78,3220438
1770195202623,5311.31,1617.05,107036672,61915136,47205568,45.02,3221778
1770195202723,5311.51,1617.13,107036672,61915136,47207072,45.02,3221778
1770195202824,5315.41,1619.05,107282432,61915136,47452952,45.25,3223118
1770195202925,5318.29,1619.11,107282432,61915136,47455072,45.26,3223118
1770195203025,5318.54,1619.24,107282432,61915136,47456552,45.26,3223118
1770195203125,5325.16,1621.61,107511808,61915136,40897424,39.00,3224458
1770195203226,5325.40,1621.71,107511808,61915136,40898928,39.00,3224458
1770195203326,5326.59,1622.64,107528192,61915136,41145040,39.24,3135106
1770195203427,5326.69,1622.67,107528192,61915136,41146544,39.24,3135106
1770195203528,5326.88,1622.79,107528192,61915136,41148024,39.24,3135106
1770195203630,5330.24,1624.86,107528192,61915136,41394024,39.48,3136446
1770195203731,5330.45,1625.00,107528192,61915136,41395528,39.48,3136446
1770195203832,5333.65,1627.39,107528192,61915136,41641464,39.71,3137786
1770195203933,5333.73,1627.42,107528192,61915136,41642968,39.71,3137786
1770195204034,5333.99,1627.53,107528192,61915136,41644448,39.72,3137786
1770195204134,5351.06,1629.36,107528192,61915136,41903096,39.96,3139126
1770195204236,5351.33,1629.51,107528192,61915136,41904544,39.96,3139126
1770195204336,5353.53,1630.98,107528192,61915136,42154064,40.20,3148658
1770195204436,5353.62,1631.03,107528192,61915136,42155536,40.20,3148658
1770195204537,5353.73,1631.10,107528192,61915136,42156984,40.20,3148658
1770195204638,5356.16,1632.85,107528192,61915136,42406176,40.44,3149998
1770195204739,5356.29,1632.94,107528192,61915136,42407648,40.44,3149998
1770195204839,5358.37,1634.62,107528192,61915136,42653552,40.68,3151338
1770195204941,5358.57,1634.72,107528192,61915136,42655024,40.68,3151338
1770195205041,5358.79,1634.90,107528192,61915136,42656472,40.68,3151338
1770195205142,5361.83,1637.00,107528192,61915136,42905600,40.92,3152678
1770195205243,5362.11,1637.17,107528192,61915136,42907048,40.92,3152678
1770195205343,5366.23,1639.29,107528192,61915136,43156552,41.16,3162210
1770195205443,5366.40,1639.38,107528192,61915136,43158024,41.16,3162210
1770195205544,5366.66,1639.54,107528192,61915136,43159472,41.16,3162210
1770195205646,5390.93,1641.65,107577344,61915136,43435432,41.42,3163550
1770195205747,5391.16,1641.77,107577344,61915136,43436904,41.42,3163550
1770195205847,5402.28,1643.97,107577344,61915136,43685024,41.66,3164890
1770195205949,5405.10,1644.11,107577344,61915136,43700000,41.68,3164890
1770195206050,5405.30,1644.22,107577344,61915136,43701448,41.68,3164890
1770195206150,5408.05,1645.97,107757568,61915136,43944048,41.91,3166230
1770195206252,5408.27,1646.13,107757568,61915136,43945496,41.91,3166230
1770195206352,5410.11,1647.83,107986944,61915136,44191400,42.14,3175762
1770195206452,5410.24,1647.91,107986944,61915136,44192872,42.15,3175762
1770195206553,5410.42,1648.01,108003328,61915136,44194320,42.15,3175762
1770195206655,5415.19,1650.28,108232704,61915136,44445744,42.39,3177102
1770195206755,5415.45,1650.47,108232704,61915136,44447216,42.39,3177102
1770195206857,5422.00,1652.48,108462080,61915136,44692384,42.62,3178442
1770195206957,5422.14,1652.56,108462080,61915136,44693856,42.62,3178442
1770195207058,5422.33,1652.67,108462080,61915136,44695304,42.62,3178442
1770195207160,5425.19,1654.62,108691456,61915136,44940056,42.86,3179782
1770195207260,5425.41,1654.72,108691456,61915136,44941504,42.86,3179782
1770195207360,5429.86,1656.68,108920832,61915136,45191880,43.10,3189314
1770195207461,5429.99,1656.76,108920832,61915136,45193352,43.10,3189314
1770195207563,5430.18,1656.86,108920832,61915136,45194800,43.10,3189314
1770195207664,5433.64,1658.85,109166592,61915136,45440680,43.34,3190654
1770195207765,5433.88,1658.96,109166592,61915136,45442152,43.34,3190654
1770195207867,5436.98,1661.00,109395968,61915136,45684088,43.57,3191994
1770195207967,5437.21,1661.10,109395968,61915136,45685560,43.57,3191994
1770195208069,5437.50,1661.25,109395968,61915136,45689864,43.57,3191994
1770195208170,5440.54,1663.25,109625344,61915136,45935504,43.81,3193334
1770195208270,5440.79,1663.39,109625344,61915136,45936952,43.81,3193334
1770195208372,5444.36,1665.29,109854720,61915136,46179176,44.04,3202866
1770195208473,5444.57,1665.41,109854720,61915136,46184632,44.05,3202866
1770195208575,5444.77,1665.53,109854720,61915136,46186080,44.05,3202866
1770195208676,5447.71,1667.63,110084096,61915136,46428176,44.28,3204206
1770195208777,5447.96,1667.77,110084096,61915136,46429648,44.28,3204206
1770195208878,5450.71,1669.67,110313472,61915136,46674824,44.51,3205546
1770195208979,5450.97,1669.80,110313472,61915136,46676296,44.51,3205546
1770195209081,5451.24,1669.98,110329856,61915136,46677744,44.52,3205546
1770195209181,5454.09,1671.84,110559232,61915136,46922360,44.75,3206886
1770195209282,5454.24,1671.91,110559232,61915136,46923808,44.75,3206886
1770195209383,5457.09,1673.71,110788608,61915136,47168608,44.98,3216418
1770195209485,5457.36,1673.86,110788608,61915136,47170080,44.98,3216418
1770195209586,5457.56,1673.97,110788608,61915136,47171528,44.99,3216418
1770195209686,5460.58,1676.01,111034368,61915136,47417112,45.22,3217758
1770195209787,5460.75,1676.10,111034368,61915136,47418584,45.22,3217758
1770195209888,5468.47,1679.84,97189888,47497216,41847408,39.91,3219098
1770195209989,5468.62,1679.91,97189888,47497216,41848872,39.91,3219098
1770195210091,5468.81,1680.02,97189888,47497216,41850312,39.91,3219098
1770195210192,5471.85,1681.79,97189888,47497216,42094984,40.14,3126914
1770195210293,5472.00,1681.89,97124352,47497216,42096424,40.15,3126914
1770195210394,5474.08,1683.37,96075776,47497216,42341192,40.38,3136446
1770195210495,5474.27,1683.49,96075776,47497216,42342632,40.38,3136446
1770195210595,5474.44,1683.61,96075776,47497216,42344072,40.38,3136446
1770195210696,5476.66,1685.41,95502336,47497216,42588472,40.62,3137786
1770195210796,5476.77,1685.47,95502336,47497216,42589912,40.62,3137786
1770195210897,5496.72,1687.42,95502336,47497216,42861968,40.88,3139126
1770195210998,5496.82,1687.48,95502336,47497216,42863408,40.88,3139126
1770195211100,5496.92,1687.55,95502336,47497216,42864848,40.88,3139126
1770195211200,5498.90,1689.51,95502336,47497216,43104840,41.11,3140466
1770195211301,5499.03,1689.59,95502336,47497216,43106280,41.11,3140466
1770195211402,5523.06,1692.00,96387072,54575104,42224752,40.27,3135106
1770195211502,5523.18,1692.07,96387072,54575104,42226192,40.27,3135106
1770195211603,5523.33,1692.17,96387072,54575104,42227632,40.27,3135106
1770195211704,5525.23,1694.13,96616448,54575104,42464656,40.50,3136446
1770195211806,5525.37,1694.24,96616448,54575104,42466096,40.50,3136446
1770195211906,5527.54,1695.76,96845824,54575104,42703096,40.72,3137786
1770195212008,5527.72,1695.84,96845824,54575104,42704536,40.73,3137786
1770195212109,5527.99,1696.01,96845824,54575104,42705976,40.73,3137786
1770195212210,5530.49,1697.87,97075200,54575104,42943000,40.95,3139126
1770195212311,5530.61,1697.95,97075200,54575104,42944440,40.96,3139126
1770195212413,5534.41,1699.86,97288192,54575104,43182168,41.18,3148658
1770195212512,5534.53,1699.93,96976896,54575104,43183608,41.18,3148658
1770195588263,221.23,68.08,107020288,63864832,41614200,39.69,3091624
1770195588364,221.51,68.17,107036672,63864832,41618800,39.69,3091680
1770195588465,222.02,68.32,107036672,63864832,41621512,39.69,3091680
1770195588566,222.56,68.49,107036672,63864832,41624384,39.70,3091680
1770195588666,223.32,68.63,107036672,63864832,41626720,39.70,3091680
1770195588768,223.77,68.88,107053056,63864832,41629024,39.70,3091680
1770195588869,224.31,69.22,107053056,63864832,41631328,39.70,3091680
1770195588971,225.22,69.56,107085824,63864832,41633632,39.70,3091680
1770195589072,225.68,69.69,107102208,63864832,41636128,39.71,3091680
1770195589173,226.47,69.89,107102208,63864832,41638464,39.71,3091680
1770195589273,226.96,70.09,107118592,63864832,41640864,39.71,3091680
1770195589374,227.64,70.32,107134976,63864832,41643256,39.71,3091680
1770195589475,228.05,70.49,107134976,63864832,41645304,39.72,3091680
1770195589576,228.44,70.66,107134976,63864832,41647352,39.72,3091680
1770195589677,228.82,70.83,107134976,63864832,41649400,39.72,3091680
1770195589778,229.20,70.99,107151360,63864832,41651448,39.72,3091680
1770195589879,229.70,71.13,107151360,63864832,41653528,39.72,3091680
1770195589980,235.26,72.38,107839488,64126976,42479464,40.51,3093017
1770195590081,235.42,72.42,107839488,64126976,42481536,40.51,3093017
1770195590182,235.64,72.49,107839488,64126976,42483584,40.52,3093017
1770195590282,242.89,74.99,108380160,64126976,42793816,40.81,3094353
1770195590383,243.22,75.14,108380160,64126976,42795888,40.81,3094353
1770195590484,262.17,82.10,113868800,68730880,40997216,39.10,3092329
1770195590585,262.39,82.18,113868800,68730880,40999288,39.10,3092329
1770195590686,262.71,82.31,113868800,68730880,41001336,39.10,3092329
1770195590787,268.90,84.35,113999872,68993024,41519696,39.60,3101857
1770195590887,269.18,84.46,113999872,68993024,41521768,39.60,3101857
1770195590989,274.49,86.44,114081792,68993024,41826056,39.89,3103193
1770195591090,274.74,86.54,114081792,68993024,41828128,39.89,3103193
1770195591191,274.99,86.67,114081792,68993024,41830176,39.89,3103193
1770195591292,280.46,88.86,114114560,68993024,42173160,40.22,3104529
1770195591392,280.82,89.05,114114560,68993024,42175232,40.22,3104529
1770195591494,284.31,90.70,114130944,68993024,42479080,40.51,3105865
1770195591595,284.63,90.83,114130944,68993024,42481152,40.51,3105865
1770195591696,284.90,90.96,114130944,68993024,42483200,40.52,3105865
1770195591797,289.81,93.09,114163712,68993024,42786952,40.80,3115393
1770195591898,290.17,93.25,114163712,68993024,42788992,40.81,3115393
1770195591999,294.99,95.55,114163712,68993024,43092736,41.10,3116729
1770195592100,295.31,95.73,114163712,68993024,43094824,41.10,3116729
1770195592202,295.60,95.88,114163712,68993024,43096888,41.10,3116729
1770195592303,299.96,97.91,114180096,68993024,43544616,41.53,3118065
1770195592404,300.32,98.11,114180096,68993024,43546704,41.53,3118065
1770195592505,304.91,100.26,114180096,68993024,43860904,41.83,3119403
1770195592606,305.25,100.44,114180096,68993024,43862992,41.83,3119403
1770195592708,305.58,100.60,114180096,68993024,43865056,41.83,3119403
1770195592809,309.47,102.70,114180096,68993024,44169272,42.12,3128933
1770195592911,309.77,102.83,114180096,68993024,44171360,42.13,3128933
1770195593012,317.32,105.36,114229248,68993024,44475744,42.42,3130271
1770195593113,317.60,105.47,114229248,68993024,44477832,42.42,3130271
1770195593214,317.92,105.63,114229248,68993024,44479896,42.42,3130271
1770195593315,324.75,107.79,114278400,68993024,44783808,42.71,3131609
1770195593416,325.08,107.95,114278400,68993024,44785896,42.71,3131609
1770195593517,329.98,110.00,114278400,68993024,45089832,43.00,3132947
1770195593619,330.21,110.12,114278400,68993024,45091920,43.00,3132947
1770195593719,330.50,110.25,114278400,68993024,45093984,43.00,3132947
1770195593821,334.74,112.46,114278400,68993024,45398104,43.30,3142477
1770195593922,335.05,112.61,114278400,68993024,45400192,43.30,3142477
1770195594023,340.25,114.90,114294784,68993024,45704080,43.59,3143815
1770195594123,340.58,115.04,114294784,68993024,45706168,43.59,3143815
1770195594225,340.90,115.20,114294784,68993024,45708232,43.59,3143815
1770195594326,344.43,117.20,114294784,68993024,46012088,43.88,3145153
1770195594427,344.72,117.32,114294784,68993024,46014176,43.88,3145153
1770195594528,348.65,119.34,114294784,68993024,46318136,44.17,3146491
1770195594628,348.89,119.47,114294784,68993024,46320224,44.17,3146491
1770195594729,349.17,119.61,114294784,68993024,46322288,44.18,3146491
1770195594830,352.59,121.62,114294784,68993024,46626352,44.47,3156021
1770195594931,352.91,121.78,114294784,68993024,46628440,44.47,3156021
1770195595032,359.30,123.77,114393088,68993024,46932568,44.76,3157359
1770195595132,359.58,123.89,114393088,68993024,46934656,44.76,3157359
1770195595233,359.93,124.06,114393088,68993024,46936720,44.76,3157359
1770195595334,365.00,126.19,114393088,68993024,47261280,45.07,3158697
1770195595436,365.31,126.32,114393088,68993024,47263368,45.07,3158697
1770195595537,370.49,128.26,114393088,68993024,47567976,45.36,3160035
1770195595637,370.79,128.41,114393088,68993024,47570064,45.37,3160035
1770195595738,371.09,128.56,114393088,68993024,47572128,45.37,3160035
1770195595838,379.18,130.85,114491392,68993024,47875552,45.66,3169565
1770195595939,379.50,131.00,114491392,68993024,47877640,45.66,3169565
1770195596040,383.43,133.20,114491392,68993024,48180720,45.95,3170903
1770195596142,383.74,133.35,114491392,68993024,48182808,45.95,3170903
1770195596246,386.28,134.71,114491392,68993024,48335928,46.10,3171574
1770195596346,461.43,146.62,87146496,38846464,35205896,33.57,3097608
1770195596448,461.71,146.73,87146496,38846464,35262224,33.63,3097608
1770195596549,465.39,148.42,87179264,38846464,35590288,33.94,3098946
1770195596650,465.57,148.52,87179264,38846464,35592368,33.94,3098946
1770195596750,469.62,150.20,87195648,38846464,35900648,34.24,3108476
1770195596850,469.74,150.25,87195648,38846464,35902696,34.24,3108476
1770195596951,521.01,153.97,86343680,38060032,35289816,33.65,3097608
1770195597053,524.58,155.52,80035840,38060032,35650344,34.00,3098946
1770195597154,524.71,155.59,78086144,38060032,35652392,34.00,3098946
1770195597255,528.52,157.57,78364672,38060032,35974032,34.31,3100284
1770195597356,528.65,157.63,78381056,38060032,35976080,34.31,3100284
1770195597457,528.80,157.71,76775424,38060032,35978104,34.31,3100284
1770195597558,533.05,159.61,77398016,41205760,35396880,33.76,3101622
1770195597658,533.20,159.69,77398016,41205760,35398880,33.76,3101622
1770195597759,539.02,161.47,77938688,41205760,35695384,34.04,3109143
1770195597860,539.15,161.53,77938688,41205760,35697384,34.04,3109143
1770195597961,539.33,161.64,77938688,41205760,35699360,34.05,3109143
1770195598063,542.36,163.65,78217216,41205760,35984888,34.32,3110481
1770195598163,542.54,163.74,78217216,41205760,35986888,34.32,3110481
1770195598264,545.04,165.60,78479360,41205760,36269816,34.59,3111819
1770195598365,545.18,165.67,78479360,41205760,36271848,34.59,3111819
1770195598466,545.34,165.75,78381056,41205760,36273864,34.59,3111819
1770195598567,547.83,167.80,78610432,41205760,36557800,34.86,3113157
1770195598667,547.96,167.89,78528512,41205760,36559832,34.87,3113157
1770195598769,553.21,169.82,78725120,41467904,37130536,35.41,3122687
1770195598869,553.33,169.88,78725120,41467904,37132536,35.41,3122687
1770195598970,553.46,169.96,78725120,41467904,37134512,35.41,3122687
1770195599071,564.77,172.77,79446016,41467904,37418056,35.68,3124025
1770195599172,564.97,172.85,79446016,41467904,37420056,35.69,3124025
1770195599273,574.07,174.84,80101376,41730048,36025664,34.36,3125363
1770195599374,574.28,174.91,80101376,41730048,36027664,34.36,3125363
1770195599475,574.61,175.06,80101376,41730048,36029640,34.36,3125363
1770195599576,577.32,176.99,80101376,41730048,36308096,34.63,3109143
1770195599677,577.51,177.08,80101376,41730048,36310072,34.63,3109143
1770195599778,582.07,178.65,80117760,41730048,36589320,34.89,3118673
1770195599879,582.22,178.73,80117760,41730048,36591320,34.90,3118673
1770195599979,582.40,178.84,80117760,41730048,36593296,34.90,3118673
1770195600080,585.05,180.51,80314368,41730048,36871736,35.16,3120011
1770195600182,585.24,180.58,80314368,41730048,36873736,35.17,3120011
1770195600283,594.10,182.66,80674816,41730048,37154576,35.43,3121349
1770195600383,594.38,182.82,80461824,41730048,37156576,35.44,3121349
1770195600485,594.69,182.97,80478208,41730048,37158552,35.44,3121349
1770195600586,599.81,185.63,80789504,41730048,37435856,35.70,3122687
1770195600687,600.12,185.80,80789504,41730048,37437832,35.70,3122687
1770195600788,604.67,187.84,81281024,42516480,36176368,34.50,3132217
1770195600890,604.98,188.00,81215488,42516480,36178368,34.50,3132217
1770195600990,605.29,188.16,81215488,42516480,36180344,34.50,3132217
1770195601092,613.78,190.15,81231872,42516480,36457840,34.77,3109143
1770195601193,614.08,190.31,81231872,42516480,36459816,34.77,3109143
1770195601294,619.87,192.25,81231872,42516480,36732472,35.03,3110481
1770195601394,620.16,192.37,81231872,42516480,36734448,35.03,3110481
1770195601495,620.48,192.52,81231872,42516480,36736424,35.03,3110481
1770195601596,623.95,194.44,81231872,42516480,37008968,35.29,3111819
1770195601697,624.24,194.56,81231872,42516480,37010944,35.30,3111819
1770195601798,630.86,196.38,81231872,42516480,37287128,35.56,3121349
1770195601899,631.02,196.45,81231872,42516480,37289104,35.56,3121349
1770195601999,631.26,196.58,81231872,42516480,37291080,35.56,3121349
1770195602101,634.55,198.53,81248256,42516480,37563552,35.82,3122687
1770195602202,634.87,198.67,81248256,42516480,37565528,35.83,3122687
1770195602303,641.57,200.75,81248256,42516480,37839712,36.09,3124025
1770195602403,641.80,200.82,81248256,42516480,37841688,36.09,3124025
1770195602503,642.03,200.93,81248256,42516480,37843664,36.09,3124025
1770195602603,652.97,202.80,81526784,42778624,36780896,35.08,3108476
1770195602705,653.14,202.89,81526784,42778624,36782896,35.08,3108476
1770195602806,658.59,204.99,81526784,42778624,37050888,35.33,3118006
1770195602906,658.89,205.12,81526784,42778624,37052888,35.34,3118006
1770195603007,659.49,205.40,81526784,42778624,37054864,35.34,3118006
1770195603109,667.14,207.39,81526784,42778624,37323048,35.59,3119344
1770195603210,667.43,207.53,81526784,42778624,37325048,35.60,3119344
1770195603310,670.72,209.44,81526784,42778624,37592512,35.85,3120682
1770195603412,671.02,209.58,81526784,42778624,37594512,35.85,3120682
1770195603512,671.34,209.76,81526784,42778624,37596496,35.85,3120682
1770195603614,677.71,211.63,81543168,42778624,37864376,36.11,3122020
1770195603715,678.00,211.75,81543168,42778624,37866376,36.11,3122020
1770195603815,681.52,213.68,81543168,42778624,38133376,36.37,3131550
1770195603917,681.80,213.78,81543168,42778624,38135376,36.37,3131550
1770195604018,682.00,213.87,81543168,42778624,38137352,36.37,3131550
1770195604119,690.68,215.92,81756160,42778624,36861568,35.15,3132888
1770195604221,690.95,216.07,81756160,42778624,36863568,35.16,3132888
1770195604322,693.89,217.92,81756160,42778624,37130448,35.41,3109143
1770195604423,694.18,218.06,81756160,42778624,37132424,35.41,3109143
1770195604523,694.49,218.20,81756160,42778624,37134400,35.41,3109143
1770195604625,697.74,220.26,81772544,42778624,37401312,35.67,3110481
1770195604726,698.05,220.42,81772544,42778624,37403288,35.67,3110481
1770195604828,703.14,222.23,81772544,42778624,37670360,35.93,3120011
1770195604928,703.38,222.34,81772544,42778624,37672336,35.93,3120011
1770195605029,703.69,222.45,81772544,42778624,37674312,35.93,3120011
1770195605129,706.79,224.16,81772544,42778624,37941088,36.18,3121349
1770195605231,707.09,224.29,81772544,42778624,37943064,36.19,3121349
1770195605332,740.13,227.41,86081536,42778624,38214032,36.44,3122687
1770195605434,740.31,227.47,86081536,42778624,38216008,36.45,3122687
1770195605535,740.57,227.61,86081536,42778624,38217984,36.45,3122687
1770195605636,744.18,229.96,86097920,42778624,38483272,36.70,3124025
1770195605737,744.55,230.12,86097920,42778624,38485248,36.70,3124025
1770195605837,774.15,232.72,86360064,43040768,37214408,35.49,3108476
1770195605939,774.37,232.79,86360064,43040768,37216384,35.49,3108476
1770195606040,774.65,232.96,86360064,43040768,37218360,35.49,3108476
1770195606141,777.05,234.53,86360064,43040768,37480936,35.74,3109814
1770195606242,777.35,234.70,86360064,43040768,37482936,35.75,3109814
1770195606343,781.38,236.56,86376448,43040768,37746136,36.00,3111152
1770195606444,781.67,236.69,86376448,43040768,37748136,36.00,3111152
1770195606545,781.96,236.81,86376448,43040768,37750112,36.00,3111152
1770195606646,790.62,238.70,86376448,43040768,38013888,36.25,3112490
1770195606747,790.89,238.83,86376448,43040768,38015888,36.25,3112490
1770195606848,797.71,240.58,86392832,43040768,38277424,36.50,3122020
1770195606948,797.89,240.69,86392832,43040768,38279400,36.51,3122020
1770195607047,798.11,240.79,86392832,43040768,38281376,36.51,3122020
1770195607148,804.04,242.63,86392832,43040768,38542448,36.76,3123358
1770195607250,804.31,242.76,86392832,43040768,38544448,36.76,3123358
1770195607351,807.24,244.51,86409216,43040768,38805448,37.01,3124696
1770195607454,807.54,244.64,86409216,43040768,38807448,37.01,3124696
1770195607552,809.68,245.46,86884352,47235072,37347528,35.62,3124696
1770195607654,812.97,247.22,86884352,47235072,37608416,35.87,3108476
1770195607754,813.24,247.36,86884352,47235072,37610392,35.87,3108476
1770195607856,816.76,249.35,86884352,47235072,37871568,36.12,3118006
1770195607956,817.01,249.45,86884352,47235072,37873544,36.12,3118006
1770195608058,817.33,249.62,86884352,47235072,37875520,36.12,3118006
1770195608159,821.05,251.67,86884352,47235072,38136400,36.37,3119344
1770195608260,821.35,251.82,86884352,47235072,38138376,36.37,3119344
1770195608361,826.98,254.00,86884352,47235072,38399664,36.62,3120682
1770195608462,827.14,254.10,86884352,47235072,38401640,36.62,3120682
1770195608562,827.31,254.20,86884352,47235072,38403616,36.62,3120682
1770195608664,829.88,255.83,86884352,47235072,38687016,36.89,3122020
1770195608765,830.05,255.93,86884352,47235072,38688992,36.90,3122020
1770195608865,832.83,257.52,86884352,47235072,38950152,37.15,3131550
1770195608967,833.11,257.67,86884352,47235072,38952128,37.15,3131550
1770195609069,835.46,259.02,86933504,47235072,39084160,37.27,3132221
1770195609170,836.65,259.85,87064576,47235072,39215032,37.40,3132888
1770195609272,836.93,260.01,87064576,47235072,39217032,37.40,3132888
1770195609372,839.83,261.75,87310336,47235072,39477928,37.65,3134226
1770195609474,840.12,261.89,87310336,47235072,39479928,37.65,3134226
1770195609575,843.40,263.88,87556096,47235072,39740784,37.90,3135564
1770195609676,843.58,263.94,87556096,47235072,39742784,37.90,3135564
1770195609777,843.87,264.11,87572480,47235072,39744760,37.90,3135564
1770195609878,846.26,265.75,87818240,47235072,40005912,38.15,3145094
1770195609979,846.46,265.85,87818240,47235072,40007912,38.15,3145094
1770195610079,849.26,267.46,88064000,47235072,40268864,38.40,3146432
1770195610181,849.46,267.53,88064000,47235072,40270864,38.41,3146432
1770195610282,849.74,267.66,88064000,47235072,40272840,38.41,3146432
1770195610383,853.85,269.00,88326144,47235072,40534128,38.66,3147770
1770195610485,854.13,269.13,88326144,47235072,40536128,38.66,3147770
1770195610585,862.81,271.18,88588288,47235072,40898160,39.00,3149108
1770195610687,867.52,271.33,88621056,47235072,40902008,39.01,3149108
1770195610788,867.82,271.45,88621056,47235072,40903984,39.01,3149108
1770195610888,873.43,273.84,89112576,47759360,37926808,36.17,3158638
1770195610990,873.67,273.94,89112576,47759360,37928808,36.17,3158638
1770195611090,876.85,275.89,89112576,47759360,38186464,36.42,3108476
1770195611192,877.07,275.98,89112576,47759360,38188440,36.42,3108476
1770195611293,877.33,276.13,89112576,47759360,38190416,36.42,3108476
1770195611393,879.77,277.43,89194496,47759360,38474248,36.69,3109814
1770195611495,880.09,277.59,89194496,47759360,38476224,36.69,3109814
1770195611596,882.85,279.50,89194496,47759360,38733840,36.94,3111152
1770195611696,883.04,279.60,89194496,47759360,38735816,36.94,3111152
1770195611796,883.34,279.74,89194496,47759360,38737792,36.94,3111152
1770195611897,896.90,281.76,89210880,47759360,39018608,37.21,3120682
1770195611997,897.12,281.87,89210880,47759360,39020584,37.21,3120682
1770195612098,900.38,283.80,89210880,47759360,39271448,37.45,3122020
1770195612197,900.53,283.86,89210880,47759360,39273424,37.45,3122020
1770195612299,900.79,283.99,89210880,47759360,39275400,37.46,3122020
1770195612399,903.84,285.78,89309184,47759360,39526272,37.70,3123358
1770195612500,904.12,285.93,89309184,47759360,39528248,37.70,3123358
1770195612601,907.86,287.84,89554944,47759360,39779432,37.94,3124696
1770195612702,908.06,287.91,89554944,47759360,39781408,37.94,3124696
1770195612802,908.37,288.08,89554944,47759360,39783384,37.94,3124696
1770195612904,911.33,290.14,89800704,47759360,40290408,38.42,3134226
1770195613005,911.53,290.25,89800704,47759360,40292384,38.43,3134226
1770195613106,912.70,291.04,90030080,47759360,40543304,38.67,3135564
1770195613207,912.83,291.08,90030080,47759360,40545280,38.67,3135564
1770195613307,913.07,291.23,90046464,47759360,40547256,38.67,3135564
1770195613409,916.07,293.21,90275840,47759360,40798152,38.91,3136902
1770195613509,916.38,293.39,90275840,47759360,40800152,38.91,3136902
1770195613610,919.87,295.56,90521600,47759360,41051008,39.15,3138240
1770195613712,920.13,295.67,90521600,47759360,41053008,39.15,3138240
1770195613813,920.43,295.81,90521600,47759360,41054984,39.15,3138240
1770195613914,923.69,298.04,90800128,47759360,41306280,39.39,3147770
1770195614015,923.94,298.17,90800128,47759360,41308256,39.39,3147770
1770195614116,931.87,301.13,91537408,49332224,38702344,36.91,3149108
1770195614216,932.14,301.21,91537408,49332224,38704320,36.91,3149108
1770195614318,932.41,301.36,91537408,49332224,38706296,36.91,3149108
1770195614419,934.31,302.66,91537408,49332224,38956376,37.15,3108476
1770195614520,934.46,302.71,91537408,49332224,38958352,37.15,3108476
1770195614622,935.77,303.53,91537408,49332224,39208496,37.39,3109814
1770195614723,935.99,303.62,91537408,49332224,39210472,37.39,3109814
1770195614824,936.28,303.70,91537408,49332224,39212448,37.40,3109814
1770195614924,940.54,305.56,91537408,49332224,39462976,37.63,3119344
1770195615026,940.81,305.67,91537408,49332224,39464952,37.64,3119344
1770195615127,946.08,307.48,91553792,49332224,39715304,37.88,3120684
1770195615228,946.33,307.58,91553792,49332224,39717304,37.88,3120684
1770195615328,946.62,307.72,91553792,49332224,39719280,37.88,3120684
1770195615430,951.48,309.66,91570176,49332224,39969704,38.12,3122024
1770195615531,951.79,309.80,91570176,49332224,39971704,38.12,3122024
1770195615632,954.63,311.65,91570176,49332224,40221736,38.36,3123364
1770195615732,954.92,311.75,91570176,49332224,40223736,38.36,3123364
1770195615833,955.18,311.90,91570176,49332224,40225712,38.36,3123364
1770195615933,958.14,313.71,91570176,49332224,40475952,38.60,3132896
1770195616034,958.30,313.79,91570176,49332224,40477952,38.60,3132896
1770195616136,960.67,314.84,91570176,49332224,40727968,38.84,3134236
1770195616237,960.88,314.91,91570176,49332224,40729968,38.84,3134236
1770195616338,961.19,315.03,91570176,49332224,40731944,38.85,3134236
1770195616438,965.33,317.23,91586560,49332224,40982200,39.08,3135576
1770195616540,965.64,317.39,91586560,49332224,40984200,39.09,3135576
1770195616641,969.10,319.27,91586560,49332224,41234328,39.32,3136916
1770195616742,969.36,319.39,91586560,49332224,41236328,39.33,3136916
1770195616843,969.61,319.51,91586560,49332224,41238304,39.33,3136916
1770195616944,972.35,321.48,91586560,49332224,41488512,39.57,3146448
1770195617044,972.55,321.57,91586560,49332224,41490512,39.57,3146448
1770195617145,975.32,323.28,91586560,49332224,41740560,39.81,3147788
1770195617245,975.55,323.38,91586560,49332224,41742560,39.81,3147788
1770195617346,975.84,323.49,91586560,49332224,41744536,39.81,3147788
1770195617447,993.28,325.62,91635712,49332224,41999024,40.05,3149128
1770195617547,993.57,325.76,91635712,49332224,42001024,40.06,3149128
1770195617649,998.99,327.93,92110848,49332224,39191096,37.38,3150468
1770195617750,999.28,328.08,92110848,49332224,39193096,37.38,3150468
1770195617850,999.58,328.24,92110848,49332224,39195072,37.38,3150468
1770195617952,1005.24,330.14,92110848,49332224,39445368,37.62,3117338
1770195618053,1005.55,330.31,92110848,49332224,39447368,37.62,3117338
1770195618154,1009.20,332.33,92127232,49332224,39697096,37.86,3118678
1770195618254,1009.91,332.48,92127232,49332224,39699472,37.86,3118678
1770195618356,1010.12,332.56,92127232,49332224,39701448,37.86,3118678
1770195618457,1017.87,334.60,92127232,49332224,39952336,38.10,3120018
1770195618558,1018.15,334.73,92127232,49332224,39954336,38.10,3120018
1770195618658,1021.18,336.50,92127232,49332224,40203792,38.34,3121358
1770195618759,1021.46,336.64,92127232,49332224,40205792,38.34,3121358
1770195618860,1021.74,336.76,92127232,49332224,40207768,38.35,3121358
1770195618961,1027.33,338.67,92160000,49332224,40458040,38.58,3130890
1770195619061,1027.62,338.79,92160000,49332224,40460040,38.59,3130890
1770195619162,1032.38,340.75,92160000,49332224,40710080,38.82,3132230
1770195619264,1032.64,340.83,92160000,49332224,40712080,38.83,3132230
1770195619364,1032.91,340.98,92160000,49332224,40714056,38.83,3132230
1770195619466,1035.36,343.03,92160000,49332224,40963384,39.07,3133570
1770195619567,1035.60,343.12,92160000,49332224,40965384,39.07,3133570
1770195619669,1038.64,345.03,92160000,49332224,41214768,39.31,3134910
1770195619770,1038.95,345.18,92160000,49332224,41216768,39.31,3134910
1770195619872,1039.27,345.37,92160000,49332224,41218744,39.31,3134910
1770195619973,1042.34,347.27,92160000,49332224,41468600,39.55,3144442
1770195620073,1042.62,347.41,92160000,49332224,41470600,39.55,3144442
1770195620174,1045.94,349.38,92176384,49332224,41720000,39.79,3145782
1770195620275,1046.17,349.47,92176384,49332224,41722000,39.79,3145782
1770195620375,1046.42,349.60,92176384,49332224,41723976,39.79,3145782
1770195620477,1049.19,351.44,92176384,49332224,41973336,40.03,3147122
1770195620578,1049.49,351.59,92176384,49332224,41975336,40.03,3147122
1770195620679,1053.52,353.59,92176384,49332224,42224704,40.27,3148462
1770195620781,1053.81,353.72,92176384,49332224,42226704,40.27,3148462
1770195620882,1054.12,353.87,92176384,49332224,42228680,40.27,3148462
1770195620983,1059.34,355.94,92635136,49332224,39582304,37.75,3157994
1770195621083,1059.54,356.02,92635136,49332224,39584304,37.75,3157994
1770195621184,1063.95,358.07,92651520,49332224,39833912,37.99,3108478
1770195621284,1064.20,358.17,92651520,49332224,39835912,37.99,3108478
1770195621386,1064.47,358.29,92651520,49332224,39837888,37.99,3108478
1770195621486,1069.82,360.28,92651520,49332224,40088720,38.23,3109818
1770195621588,1070.12,360.43,92651520,49332224,40090720,38.23,3109818
1770195621690,1115.27,363.92,95076352,49332224,40343200,38.47,3111158
1770195621790,1115.39,364.05,95076352,49332224,40345200,38.48,3111158
1770195621892,1115.58,364.19,94830592,49332224,40347176,38.48,3111158
1770195621992,1119.40,365.92,94830592,49332224,40596088,38.72,3120690
1770195622093,1119.55,366.02,94830592,49332224,40598088,38.72,3120690
1770195622195,1121.93,367.71,94830592,49332224,40847520,38.96,3122030
1770195622296,1122.08,367.81,94830592,49332224,40849520,38.96,3122030
1770195622396,1122.21,367.87,94830592,49332224,40851496,38.96,3122030
1770195622498,1124.90,369.56,94846976,49332224,41100912,39.20,3123370
1770195622598,1125.05,369.66,94846976,49332224,41102912,39.20,3123370
1770195622699,1127.27,371.20,94846976,49332224,41352256,39.44,3124710
1770195622801,1127.41,371.29,94814208,49332224,41354256,39.44,3124710
1770195622902,1127.60,371.36,94814208,49332224,41356232,39.44,3124710
1770195623003,1130.48,373.27,94814208,49332224,41605832,39.68,3134242
1770195623103,1130.71,373.37,94814208,49332224,41607832,39.68,3134242
1770195623204,1134.07,375.02,94814208,49332224,41857848,39.92,3135582
1770195623306,1134.29,375.10,94814208,49332224,41859848,39.92,3135582
1770195623407,1134.56,375.23,94814208,49332224,41861824,39.92,3135582
1770195623508,1138.97,377.18,94814208,49332224,42111288,40.16,3136922
1770195623608,1139.26,377.33,94814208,49332224,42113288,40.16,3136922
1770195623710,1144.75,379.26,94830592,49332224,42362936,40.40,3138262
1770195623811,1144.95,379.37,94830592,49332224,42364936,40.40,3138262
1770195623912,1145.14,379.46,94830592,49332224,42366912,40.40,3138262
1770195624013,1148.56,381.23,94830592,49332224,42616600,40.64,3147794
1770195624114,1148.83,381.38,94830592,49332224,42618600,40.64,3147794
1770195624215,1153.87,383.20,94830592,49332224,42868936,40.88,3149134
1770195624315,1154.13,383.34,94830592,49332224,42870936,40.88,3149134
1770195624417,1154.38,383.51,94830592,49332224,42872912,40.89,3149134
1770195624518,1161.06,385.38,94846976,49332224,43122952,41.13,3150474
1770195624619,1164.83,386.06,95289344,50118656,40063232,38.21,3150474
1770195624720,1168.01,388.15,95289344,50118656,40312560,38.45,3108478
1770195624820,1168.30,388.29,95289344,50118656,40314536,38.45,3108478
1770195624922,1170.36,389.51,95289344,50118656,40440912,38.57,3117342
1770195625023,1173.56,390.32,95289344,50118656,40566120,38.69,3118010
1770195625124,1173.83,390.44,95289344,50118656,40568120,38.69,3118010
1770195625226,1176.36,392.06,95289344,50118656,40817536,38.93,3119350
1770195625326,1176.53,392.16,95289344,50118656,40819536,38.93,3119350
1770195625427,1179.43,393.85,95289344,50118656,41068912,39.17,3120690
1770195625528,1179.60,393.91,95289344,50118656,41070888,39.17,3120690
1770195625628,1179.88,394.05,95289344,50118656,41072864,39.17,3120690
1770195625728,1183.05,396.00,95305728,50118656,41322240,39.41,3122030
1770195625829,1183.34,396.14,95305728,50118656,41324216,39.41,3122030
1770195625929,1185.63,397.38,95305728,50118656,41450592,39.53,3130894
1770195626029,1186.73,398.13,95305728,50118656,41575752,39.65,3131562
1770195626131,1186.93,398.25,95305728,50118656,41577752,39.65,3131562
1770195626231,1199.27,400.17,95322112,50118656,41828400,39.89,3132902
1770195626333,1199.54,400.29,95322112,50118656,41830400,39.89,3132902
1770195626434,1202.60,402.21,95338496,50118656,42078512,40.13,3134242
1770195626535,1202.77,402.27,95338496,50118656,42080488,40.13,3134242
1770195626635,1203.04,402.39,95338496,50118656,42082464,40.13,3134242
1770195626736,1208.25,404.56,95338496,50118656,42331080,40.37,3135582
1770195626837,1208.55,404.72,95338496,50118656,42333056,40.37,3135582
1770195626937,1211.39,406.69,95338496,50118656,42581328,40.61,3145114
1770195627038,1211.56,406.75,95338496,50118656,42583328,40.61,3145114
1770195627138,1211.85,406.90,95338496,50118656,42585304,40.61,3145114
1770195627238,1220.62,409.22,95338496,50118656,42834056,40.85,3146454
1770195627340,1220.91,409.38,95338496,50118656,42836056,40.85,3146454
1770195627439,1223.91,411.39,95338496,50118656,43096768,41.10,3147794
1770195627541,1224.09,411.45,95338496,50118656,43098744,41.10,3147794
1770195627642,1224.37,411.57,95338496,50118656,43100720,41.10,3147794
1770195627743,1227.28,413.52,95338496,50118656,43348872,41.34,3149134
1770195627843,1227.57,413.69,95338496,50118656,43350848,41.34,3149134
1770195627946,1234.92,416.65,96550912,59031552,40533968,38.66,3107806
1770195628047,1289.94,419.25,97042432,59031552,36051536,34.38,3107806
1770195628147,1290.25,419.38,97042432,59031552,36272328,34.59,3107806
1770195628249,1296.56,421.06,97042432,59031552,36541512,34.85,3098948
1770195628349,1296.83,421.14,97042432,59031552,36543512,34.85,3098948
1770195628450,1299.67,422.97,97042432,59031552,36792168,35.09,3100288
1770195628551,1299.86,423.03,97042432,59031552,36794168,35.09,3100288
1770195628651,1300.14,423.17,97042432,59031552,36796144,35.09,3100288
1770195628753,1305.95,425.08,97042432,59031552,37045344,35.33,3101628
1770195628853,1306.22,425.21,97042432,59031552,37047344,35.33,3101628
1770195628954,1309.40,427.06,97042432,59031552,37294224,35.57,3111160
1770195629056,1309.59,427.12,97042432,59031552,37296224,35.57,3111160
1770195629157,1309.90,427.26,97042432,59031552,37298200,35.57,3111160
1770195629259,1313.30,429.31,97042432,59031552,37544896,35.81,3112500
1770195629359,1313.61,429.47,97042432,59031552,37546896,35.81,3112500
1770195629460,1322.60,431.78,97042432,59031552,37793920,36.04,3113840
1770195629561,1322.78,431.85,97042432,59031552,37795920,36.04,3113840
1770195629663,1323.04,431.97,97042432,59031552,37797896,36.05,3113840
1770195629764,1326.47,434.16,97042432,59031552,38044800,36.28,3115180
1770195629864,1326.75,434.31,97042432,59031552,38046800,36.28,3115180
1770195629966,1329.83,436.16,97042432,59031552,38293552,36.52,3124712
1770195630067,1330.08,436.27,97042432,59031552,38295552,36.52,3124712
1770195630168,1330.38,436.45,97042432,59031552,38297528,36.52,3124712
1770195630268,1334.19,438.29,97058816,59031552,38543704,36.76,3126052
1770195630370,1334.48,438.44,97058816,59031552,38545704,36.76,3126052
1770195630470,1345.55,440.45,97058816,59031552,38793256,37.00,3127392
1770195630572,1345.81,440.56,97058816,59031552,38795256,37.00,3127392
1770195630673,1346.09,440.71,97058816,59031552,38797232,37.00,3127392
1770195630775,1348.75,442.43,97058816,59031552,39042912,37.23,3128732
1770195630875,1349.04,442.57,97058816,59031552,39044912,37.24,3128732
1770195630976,1351.74,444.32,97075200,59031552,39290992,37.47,3138264
1770195631077,1351.91,444.38,97075200,59031552,39292992,37.47,3138264
1770195631179,1352.21,444.52,97075200,59031552,39294968,37.47,3138264
1770195631279,1358.90,446.39,97075200,59031552,39541000,37.71,3139604
1770195631381,1359.14,446.52,97075200,59031552,39543000,37.71,3139604
1770195631482,1361.89,448.31,97075200,59031552,39788848,37.95,3140944
1770195631582,1362.13,448.44,97075200,59031552,39790848,37.95,3140944
1770195631684,1362.42,448.58,97075200,59031552,39792824,37.95,3140944
1770195631785,1370.20,450.45,97091584,59031552,40040112,38.19,3142284
1770195631887,1370.45,450.60,97091584,59031552,40042112,38.19,3142284
1770195631988,1372.96,452.35,97091584,59031552,40287920,38.42,3151816
1770195632089,1373.25,452.49,97091584,59031552,40289920,38.42,3151816
1770195632189,1373.56,452.65,97091584,59031552,40291944,38.43,3151816
1770195632290,1377.73,454.55,97337344,59031552,40537576,38.66,3153156
1770195632392,1378.00,454.70,97337344,59031552,40539576,38.66,3153156
1770195632493,1381.53,456.74,97566720,59031552,40785176,38.90,3154496
1770195632594,1381.75,456.85,97566720,59031552,40787176,38.90,3154496
1770195632693,1381.94,456.96,97566720,59031552,40789152,38.90,3154496
1770195632793,1385.25,458.91,97943552,59031552,41280336,39.37,3155836
1770195632895,1385.54,459.05,97943552,59031552,41282336,39.37,3155836
1770195632996,1388.21,461.22,98172928,59031552,41528344,39.60,3165368
1770195633096,1388.47,461.35,98172928,59031552,41530344,39.61,3165368
1770195633198,1388.75,461.45,98172928,59031552,41532320,39.61,3165368
1770195633299,1392.26,463.16,98418688,59031552,41777896,39.84,3166708
1770195633399,1392.50,463.27,98418688,59031552,41779896,39.84,3166708
1770195633500,1395.43,465.22,98648064,59031552,42025152,40.08,3168048
1770195633602,1395.67,465.31,98648064,59031552,42027152,40.08,3168048
1770195633702,1395.91,465.47,98648064,59031552,42029128,40.08,3168048
1770195633804,1398.01,466.91,98877440,59031552,42274352,40.32,3169388
1770195633906,1398.30,467.06,98893824,59031552,42276352,40.32,3169388
1770195634006,1401.36,469.02,99123200,59031552,42521968,40.55,3178920
1770195634107,1401.59,469.12,99123200,59031552,42523968,40.55,3178920
1770195634207,1401.89,469.27,99123200,59031552,42525944,40.56,3178920
1770195634309,1405.95,471.11,99352576,59031552,42771792,40.79,3180260
1770195634409,1406.25,471.28,99352576,59031552,42773792,40.79,3180260
1770195634509,1408.48,472.93,99598336,59031552,43019352,41.03,3181600
1770195634610,1408.75,473.06,99598336,59031552,43021352,41.03,3181600
1770195634710,1409.03,473.21,99598336,59031552,43023328,41.03,3181600
1770195634812,1414.60,475.13,99827712,59031552,43286504,41.28,3182940
1770195634913,1414.88,475.26,99827712,59031552,43288504,41.28,3182940
1770195635014,1420.04,477.12,100073472,59031552,43533472,41.52,3192472
1770195635114,1420.17,477.19,100073472,59031552,43535480,41.52,3192472
1770195635215,1420.38,477.30,100073472,59031552,43537464,41.52,3192472
1770195635315,1423.00,479.51,100302848,59031552,43781208,41.75,3193812
1770195635414,1423.26,479.64,100302848,59031552,43783216,41.75,3193812
1770195635514,1425.98,481.73,100532224,59031552,44027064,41.99,3195152
1770195635616,1426.26,481.87,100532224,59031552,44029072,41.99,3195152
1770195635716,1426.57,482.05,100548608,59031552,44031056,41.99,3195152
1770195635818,1431.60,483.97,100777984,59031552,44275064,42.22,3196492
1770195635918,1431.88,484.13,100777984,59031552,44277072,42.23,3196492
1770195636019,1435.28,486.39,101040128,59031552,44520976,42.46,3206024
1770195636119,1435.55,486.52,101040128,59031552,44522984,42.46,3206024
1770195636219,1435.87,486.69,101040128,59031552,44524968,42.46,3206024
1770195636321,1440.49,488.81,101187584,59031552,37850824,36.10,3207364
1770195636421,1440.70,488.91,101187584,59031552,37852832,36.10,3207364
1770195636523,1445.81,490.77,101187584,59031552,38096912,36.33,3109148
1770195636623,1445.99,490.87,101187584,59031552,38098920,36.33,3109148
1770195636724,1446.20,490.95,101187584,59031552,38100904,36.34,3109148
1770195636824,1448.61,492.75,101187584,59031552,38344520,36.57,3110488
1770195636926,1448.83,492.86,101187584,59031552,38346528,36.57,3110488
1770195637027,1451.60,494.63,101187584,59031552,38590360,36.80,3120020
1770195637128,1451.83,494.73,101187584,59031552,38592368,36.80,3120020
1770195637228,1452.05,494.86,101187584,59031552,38594352,36.81,3120020
1770195637330,1470.67,496.67,101203968,59031552,38887616,37.09,3121360
1770195637431,1470.96,496.82,101203968,59031552,38889624,37.09,3121360
1770195637531,1475.26,498.60,101203968,59031552,39131328,37.32,3122700
1770195637632,1475.46,498.73,101203968,59031552,39133336,37.32,3122700
1770195637733,1475.68,498.86,101203968,59031552,39135320,37.32,3122700
1770195637833,1478.47,500.62,101203968,59031552,39377000,37.55,3124040
1770195637935,1478.78,500.79,101203968,59031552,39379008,37.55,3124040
1770195638035,1509.41,503.35,101203968,59031552,39620832,37.79,3133572
1770195638137,1512.02,503.48,101220352,59031552,39624784,37.79,3133572
1770195638237,1512.28,503.63,101220352,59031552,39626768,37.79,3133572
1770195638338,1519.45,505.71,101220352,59031552,39865696,38.02,3134912
1770195638438,1519.75,505.87,101220352,59031552,39867704,38.02,3134912
1770195638539,1524.62,507.77,101220352,59031552,40106672,38.25,3136252
1770195638640,1524.86,507.88,101220352,59031552,40108680,38.25,3136252
1770195638741,1525.14,508.01,101220352,59031552,40110664,38.25,3136252
1770195638843,1528.13,509.92,101220352,59031552,40348856,38.48,3137592
1770195638943,1528.43,510.06,101220352,59031552,40350864,38.48,3137592
1770195639043,1531.47,511.99,101236736,59031552,40589272,38.71,3147124
1770195639145,1531.69,512.10,101236736,59031552,40591280,38.71,3147124
1770195639246,1531.85,512.20,101236736,59031552,40593264,38.71,3147124
1770195639346,1534.31,513.89,101466112,59031552,40831552,38.94,3148464
1770195639448,1534.65,514.08,101466112,59031552,40833560,38.94,3148464
1770195639549,1541.28,516.18,101695488,59031552,41072784,39.17,3149804
1770195639650,1541.45,516.29,101695488,59031552,41074792,39.17,3149804
1770195639751,1541.67,516.39,101695488,59031552,41076776,39.17,3149804
1770195639852,1547.94,518.31,101957632,59031552,41317384,39.40,3151144
1770195639952,1548.13,518.41,101957632,59031552,41319392,39.41,3151144
1770195640053,1551.03,520.52,102187008,59031552,41557976,39.63,3160676
1770195640155,1551.30,520.65,102187008,59031552,41559984,39.63,3160676
1770195640256,1551.57,520.77,102187008,59031552,41561968,39.64,3160676
1770195640357,1554.33,522.66,102416384,59031552,41800256,39.86,3162016
1770195640458,1554.61,522.75,102416384,59031552,41802264,39.87,3162016
1770195640558,1557.64,524.67,102645760,59031552,42040480,40.09,3163356
1770195640658,1557.92,524.81,102645760,59031552,42042488,40.09,3163356
1770195640760,1558.24,524.98,102645760,59031552,42044472,40.10,3163356
1770195640861,1561.67,526.66,102875136,59031552,42283184,40.32,3164696
1770195640962,1561.97,526.81,102875136,59031552,42285192,40.33,3164696
1770195641063,1565.77,528.87,103120896,59031552,42523608,40.55,3174228
1770195641163,1566.01,529.00,103120896,59031552,42525616,40.56,3174228
1770195641265,1566.29,529.14,103120896,59031552,42527600,40.56,3174228
1770195641365,1569.65,531.44,103350272,59031552,42766024,40.78,3175568
1770195641466,1569.86,531.56,103350272,59031552,42768032,40.79,3175568
1770195641568,1573.71,533.75,103579648,59031552,43006272,41.01,3176908
1770195641668,1573.93,533.85,103579648,59031552,43008280,41.02,3176908
1770195641769,1574.22,533.93,103579648,59031552,43010264,41.02,3176908
1770195641869,1577.22,535.89,103809024,59031552,43248520,41.25,3178248
1770195641971,1577.44,536.00,103809024,59031552,43250528,41.25,3178248
1770195642071,1580.04,537.69,104038400,59031552,43489024,41.47,3187780
1770195642173,1580.27,537.80,104038400,59031552,43491032,41.48,3187780
1770195642274,1580.58,537.97,104038400,59031552,43493016,41.48,3187780
1770195642376,1582.27,539.41,104284160,59031552,43731216,41.71,3189120
1770195642477,1582.53,539.52,104284160,59031552,43733224,41.71,3189120
1770195642577,1585.18,541.38,104513536,59031552,43971488,41.93,3190460
1770195642679,1585.34,541.48,104513536,59031552,43973496,41.94,3190460
1770195642780,1585.49,541.57,104513536,59031552,43975480,41.94,3190460
1770195642880,1589.46,543.48,104742912,59031552,44214288,42.17,3191800
1770195642982,1589.65,543.55,104742912,59031552,44216296,42.17,3191800
1770195643083,1595.26,545.72,105005056,59031552,44454808,42.40,3201332
1770195643183,1595.55,545.87,105005056,59031552,44456816,42.40,3201332
1770195643283,1595.84,546.00,105005056,59031552,44458800,42.40,3201332
1770195643385,1602.04,550.69,90849280,44613632,38674664,36.88,3202672
1770195643486,1602.23,550.78,90849280,44613632,38676664,36.88,3202672
1770195643586,1604.99,552.60,90865664,44613632,38914840,37.11,3108480
1770195643686,1605.22,552.74,90865664,44613632,38916840,37.11,3108480
1770195643787,1605.45,552.85,90865664,44613632,38918816,37.12,3108480
1770195643888,1607.82,554.55,90865664,44613632,39156960,37.34,3109820
1770195643990,1608.03,554.68,90865664,44613632,39158960,37.34,3109820
1770195644090,1610.00,556.29,90865664,44613632,39397280,37.57,3119352
1770195644192,1610.13,556.35,90865664,44613632,39399280,37.57,3119352
1770195644293,1610.29,556.45,90865664,44613632,39401256,37.58,3119352
1770195644394,1612.19,558.02,90865664,44613632,39639392,37.80,3120692
1770195644495,1612.32,558.08,90865664,44613632,39641392,37.80,3120692
1770195644595,1614.39,559.68,90865664,44613632,39879472,38.03,3122032
1770195644695,1614.58,559.76,90865664,44613632,39881472,38.03,3122032
1770195644797,1614.85,559.88,90865664,44613632,39883448,38.04,3122032
1770195644897,1619.93,562.21,91734016,51691520,39051264,37.24,3108480
1770195644999,1620.19,562.35,91734016,51691520,39053424,37.24,3108480
1770195645099,1622.97,564.29,91979776,51691520,39291728,37.47,3118012
1770195645201,1623.28,564.41,91979776,51691520,39293728,37.47,3118012
1770195645301,1623.57,564.57,91996160,51691520,39295704,37.48,3118012
1770195645402,1629.96,566.45,92209152,51691520,39534920,37.70,3119352
1770195645504,1630.17,566.60,92225536,51691520,39536896,37.71,3119352
1770195645604,1631.98,567.90,92438528,51691520,39775120,37.93,3120692
1770195645705,1632.20,568.02,92454912,51691520,39777096,37.93,3120692
1770195645808,1635.45,569.39,92553216,51691520,39897976,38.05,3121364
1770195645908,1636.47,570.19,92667904,51691520,40017456,38.16,3122032
1770195646008,1636.73,570.34,92684288,51691520,40019432,38.17,3122032
1770195646110,1639.93,572.09,92897280,51691520,40257840,38.39,3131564
1770195646210,1640.23,572.25,92913664,51691520,40259840,38.39,3131564
1770195646312,1642.28,573.66,93011968,51691520,40383232,38.51,3132236
1770195646413,1643.52,574.45,93126656,51691520,40502760,38.63,3132904
1770195646513,1643.79,574.58,93143040,51691520,40504760,38.63,3132904
1770195646615,1645.96,576.05,93356032,51691520,40745776,38.86,3134244
1770195646715,1646.25,576.20,93372416,51691520,40747776,38.86,3134244
1770195646816,1648.31,577.64,93470720,51691520,40874512,38.98,3134916
1770195646917,1649.59,578.46,93585408,51691520,40994040,39.09,3135584
1770195647017,1649.88,578.60,93601792,51691520,40996040,39.10,3135584
1770195647118,1667.94,580.59,93814784,51691520,41256608,39.35,3145116
1770195647218,1668.20,580.73,93831168,51691520,41258608,39.35,3145116
1770195647318,1670.47,582.62,94044160,51691520,41496088,39.57,3146456
1770195647419,1670.63,582.69,94044160,51691520,41498088,39.58,3146456
1770195647521,1670.92,582.86,94060544,51691520,41500064,39.58,3146456
1770195647621,1674.65,585.60,94273536,51691520,41739976,39.81,3147796
1770195647723,1674.96,585.77,94273536,51691520,41741976,39.81,3147796
1770195647823,1678.19,587.91,94502912,51691520,41985312,40.04,3149136
1770195647925,1678.40,587.98,94502912,51691520,41987312,40.04,3149136
1770195648026,1678.71,588.15,94502912,51691520,41989288,40.04,3149136
1770195648127,1681.81,590.18,94732288,51691520,42227040,40.27,3158668
1770195648228,1683.25,590.44,94765056,51691520,42271992,40.31,3158672
1770195648328,1687.45,592.29,94994432,51691520,42518152,40.55,3160012
1770195648429,1687.58,592.35,94994432,51691520,42520152,40.55,3160012
1770195648529,1687.74,592.47,95010816,51691520,42522128,40.55,3160012
1770195648631,1690.45,594.32,95223808,51691520,42760016,40.78,3161352
1770195648732,1690.67,594.42,95223808,51691520,42762016,40.78,3161352
1770195648832,1693.69,596.39,95469568,51691520,43008944,41.02,3162692
1770195648934,1693.88,596.46,95469568,51691520,43010944,41.02,3162692
1770195649034,1694.12,596.60,95485952,51691520,43012920,41.02,3162692
1770195649134,1699.28,598.56,95698944,51691520,39524208,37.69,3172224
1770195649236,1699.53,598.70,95698944,51691520,39526208,37.70,3172224
1770195649335,1702.29,600.61,95698944,51691520,39763984,37.92,3108480
1770195649436,1702.51,600.69,95698944,51691520,39765960,37.92,3108480
1770195649538,1702.81,600.86,95698944,51691520,39767936,37.93,3108480
1770195649638,1706.03,602.95,95698944,51691520,40043144,38.19,3109820
1770195649740,1706.26,603.07,95698944,51691520,40045120,38.19,3109820
1770195649840,1708.97,605.05,95698944,51691520,40282880,38.42,3111160
1770195649939,1709.12,605.12,95698944,51691520,40284856,38.42,3111160
1770195650040,1709.30,605.20,95698944,51691520,40286832,38.42,3111160
1770195650155,1842.94,617.34,144359424,97107968,68849240,65.66,3107812
1770195650255,2077.93,626.96,165232640,117227520,90208784,86.03,3098948
1770195650356,2208.60,630.67,167378944,118538240,94997496,90.60,3102350
1770195650457,2208.72,630.73,167378944,118538240,94999512,90.60,3102350
1770195650558,2208.89,630.79,167378944,118538240,95001504,90.60,3102350
1770195650659,2215.53,632.59,167395328,118538240,95255240,90.84,3103690
1770195650760,2215.66,632.65,167395328,118538240,95257256,90.84,3103690
1770195650861,2217.67,633.98,167395328,118538240,95509288,91.08,3113222
1770195650963,2217.89,634.05,167395328,118538240,95511304,91.09,3113222
1770195651064,2218.15,634.20,167395328,118538240,95513296,91.09,3113222
1770195651165,2220.55,636.00,167395328,118538240,95765064,91.33,3114562
1770195651265,2220.72,636.10,167395328,118538240,95767080,91.33,3114562
1770195651366,2225.33,638.02,167395328,118538240,96019096,91.57,3115902
1770195651467,2225.50,638.12,167395328,118538240,96021112,91.57,3115902
1770195651568,2225.66,638.21,167395328,118538240,96023104,91.57,3115902
1770195651670,2229.18,640.14,167395328,118538240,96501968,92.03,3117242
1770195651770,2229.35,640.24,167395328,118538240,96503984,92.03,3117242
1770195651872,2234.24,642.08,167395328,118538240,96756024,92.27,3126774
1770195651972,2234.40,642.17,167395328,118538240,96758040,92.28,3126774
1770195652072,2234.53,642.24,167395328,118538240,96760032,92.28,3126774
1770195652174,2238.05,644.44,167641088,119848960,83157984,79.31,3128114
1770195652275,2238.21,644.53,167641088,119848960,83160000,79.31,3128114
1770195652375,2240.14,645.86,167641088,119848960,83411768,79.55,3111870
1770195652476,2240.27,645.93,167641088,119848960,83413784,79.55,3111870
1770195652577,2240.42,646.01,167641088,119848960,83415776,79.55,3111870
1770195652678,2242.36,648.06,167657472,119848960,83667496,79.79,3113210
1770195652778,2242.49,648.11,167657472,119848960,83669512,79.79,3113210
1770195652880,2246.38,649.97,167657472,119848960,83921856,80.03,3122742
1770195652980,2246.54,650.07,167657472,119848960,83923872,80.04,3122742
1770195653081,2246.69,650.15,167657472,119848960,83925864,80.04,3122742
1770195653183,2249.05,651.79,167657472,119848960,84177624,80.28,3124082
1770195653284,2249.22,651.89,167657472,119848960,84179640,80.28,3124082
1770195653385,2253.58,653.72,167673856,119848960,84432736,80.52,3125422
1770195653486,2253.74,653.81,167673856,119848960,84434752,80.52,3125422
1770195653588,2253.96,653.92,167673856,119848960,84436744,80.53,3125422
1770195653689,2256.80,655.79,167673856,119848960,84688472,80.77,3126762
1770195653790,2257.06,655.92,167673856,119848960,84690488,80.77,3126762
1770195653891,2260.19,657.88,167673856,119848960,84942488,81.01,3136294
1770195653991,2260.50,658.03,167673856,119848960,84944504,81.01,3136294
1770195654093,2260.83,658.19,167673856,119848960,84946496,81.01,3136294
1770195654194,2264.48,660.31,167673856,119848960,85198304,81.25,3137634
1770195654295,2264.79,660.46,167673856,119848960,85200320,81.25,3137634
1770195654396,2267.84,662.37,167673856,119848960,85452104,81.49,3138974
1770195654498,2268.17,662.52,167673856,119848960,85454120,81.50,3138974
1770195654598,2268.47,662.67,167673856,119848960,85456112,81.50,3138974
1770195654699,2274.79,665.16,167690240,119848960,85708008,81.74,3140314
1770195654801,2275.11,665.30,167690240,119848960,85710024,81.74,3140314
1770195654901,2278.52,667.20,167690240,119848960,85961952,81.98,3149846
1770195655003,2278.84,667.36,167690240,119848960,85963968,81.98,3149846
1770195655103,2279.11,667.50,167690240,119848960,85965960,81.98,3149846
1770195655204,2281.74,669.11,167690240,119848960,86217696,82.22,3151186
1770195655306,2282.06,669.26,167690240,119848960,86219712,82.23,3151186
1770195655407,2290.20,671.30,167723008,119848960,86472144,82.47,3152526
1770195655508,2290.53,671.47,167723008,119848960,86474160,82.47,3152526
1770195655609,2290.82,671.61,167723008,119848960,86476152,82.47,3152526
1770195655709,2294.42,673.77,167723008,119848960,86727904,82.71,3153866
1770195655811,2294.75,673.93,167723008,119848960,86729920,82.71,3153866
1770195655911,2297.91,675.85,167723008,119848960,86981912,82.95,3163398
1770195656012,2298.25,676.00,167723008,119848960,86983928,82.95,3163398
1770195656113,2298.58,676.16,167723008,119848960,86985920,82.96,3163398
1770195656215,2302.10,678.19,167739392,119848960,87237712,83.20,3164738
1770195656315,2302.40,678.33,167739392,119848960,87239728,83.20,3164738
1770195656417,2304.63,679.79,167739392,119848960,87491424,83.44,3166078
1770195656516,2304.91,679.94,167739392,119848960,87493504,83.44,3166078
1770195656618,2305.16,680.04,167739392,119848960,87495496,83.44,3166078
1770195656718,2311.70,682.27,167739392,119848960,87748576,83.68,3167418
1770195656820,2312.04,682.43,167739392,119848960,87750592,83.69,3167418
1770195656921,2315.02,684.24,167739392,119848960,88002608,83.93,3176950
1770195657022,2315.32,684.38,167739392,119848960,88004624,83.93,3176950
1770195657123,2315.65,684.53,167739392,119848960,88006616,83.93,3176950
1770195657224,2318.82,686.59,167739392,119848960,88258312,84.17,3178290
1770195657326,2319.06,686.68,167739392,119848960,88260328,84.17,3178290
1770195657427,2323.14,688.86,167755776,119848960,88512104,84.41,3179630
1770195657528,2323.45,689.01,167755776,119848960,88514120,84.41,3179630
1770195657628,2323.74,689.10,167755776,119848960,88516112,84.42,3179630
1770195657728,2326.07,690.84,167755776,119848960,88767904,84.66,3180970
1770195657828,2326.36,690.98,167755776,119848960,88769920,84.66,3180970
1770195657929,2329.79,693.05,167755776,119848960,89021840,84.90,3190502
1770195658029,2330.10,693.18,167755776,119848960,89023856,84.90,3190502
1770195658129,2330.42,693.29,167755776,119848960,89025848,84.90,3190502
1770195658229,2333.26,695.20,167755776,119848960,89277808,85.14,3191842
1770195658330,2407.67,705.30,118620160,69779456,38573448,36.79,3107850
1770195658430,2412.24,707.09,118620160,69779456,39099336,37.29,3109190
1770195658530,2412.53,707.22,118620160,69779456,39101344,37.29,3109190
1770195658630,2412.83,707.37,118620160,69779456,39103328,37.29,3109190
1770195658732,2417.34,709.32,118620160,69779456,39375024,37.55,3110530
1770195658833,2417.67,709.47,118620160,69779456,39377032,37.55,3110530
1770195658935,2473.65,717.21,90374144,42516480,38424128,36.64,3117382
1770195659036,2473.83,717.28,90374144,42516480,38426176,36.65,3117382
1770195659136,2474.12,717.46,90374144,42516480,38428152,36.65,3117382
1770195659238,2476.84,719.10,90636288,42516480,38693888,36.90,3118722
1770195659338,2477.03,719.22,90636288,42516480,38695888,36.90,3118722
1770195659438,2479.46,721.01,90898432,42516480,38961528,37.16,3120062
1770195659539,2528.92,723.58,90161152,41730048,37897488,36.14,3107850
1770195659640,2529.21,723.75,90161152,41730048,38084152,36.32,3107850
1770195659741,2534.26,725.69,90472448,41730048,38390736,36.61,3109190
1770195659842,2534.51,725.83,90488832,41730048,38392736,36.61,3109190
1770195659943,2545.01,728.10,90734592,41730048,38660128,36.87,3118722
1770195660045,2545.27,728.20,90734592,41730048,38662128,36.87,3118722
1770195660147,2547.69,729.59,90882048,41730048,38796400,37.00,3119394
1770195660249,2550.38,731.09,91308032,44875776,38094392,36.33,3120062
1770195660350,2550.70,731.23,91308032,44875776,38096392,36.33,3120062
1770195660451,2554.35,733.16,91586560,44875776,38362016,36.58,3118722
1770195660553,2554.64,733.25,91586560,44875776,38363992,36.59,3118722
1770195660652,2558.50,735.08,91848704,44875776,38629568,36.84,3120062
1770195660753,2558.62,735.13,91848704,44875776,38631544,36.84,3120062
1770195660853,2558.79,735.23,91865088,44875776,38633520,36.84,3120062
1770195660954,2561.86,737.07,92110848,44875776,38899424,37.10,3129594
1770195661055,2562.11,737.16,92110848,44875776,38901424,37.10,3129594
1770195661155,2566.66,739.06,92389376,44875776,39167024,37.35,3130934
1770195661257,2566.84,739.13,92389376,44875776,39169024,37.35,3130934
1770195661357,2567.17,739.27,92389376,44875776,39171000,37.36,3130934
1770195661458,2570.51,741.23,92635136,44875776,39436632,37.61,3132274
1770195661559,2570.75,741.31,92635136,44875776,39438632,37.61,3132274
1770195661660,2573.67,743.14,92913664,44875776,39704248,37.86,3133614
1770195661761,2573.80,743.20,92913664,44875776,39706248,37.87,3133614
1770195661863,2573.97,743.30,92913664,44875776,39708224,37.87,3133614
1770195661964,2579.91,745.19,93175808,44875776,38380824,36.60,3143146
1770195662065,2580.13,745.30,93175808,44875776,38382824,36.60,3143146
1770195662166,2583.21,747.14,93175808,44875776,38648408,36.86,3118722
1770195662268,2583.41,747.20,93175808,44875776,38650384,36.86,3118722
1770195662369,2583.74,747.36,93175808,44875776,38652360,36.86,3118722
1770195662469,2587.50,749.34,93192192,44875776,38917952,37.12,3120062
1770195662571,2587.81,749.48,93192192,44875776,38919928,37.12,3120062
1770195662671,2590.84,751.31,93323264,44875776,39185536,37.37,3121402
1770195662772,2590.97,751.37,93323264,44875776,39187536,37.37,3121402
1770195662873,2591.13,751.48,93323264,44875776,39189512,37.37,3121402
1770195662974,2599.57,753.27,93569024,44875776,39461648,37.63,3130934
1770195663075,2599.81,753.39,93569024,44875776,39463624,37.64,3130934
1770195663176,2603.29,755.37,93831168,44875776,39729128,37.89,3132274
1770195663277,2603.50,755.46,93831168,44875776,39731104,37.89,3132274
1770195663379,2603.83,755.61,93831168,44875776,39733080,37.89,3132274
1770195663480,2613.12,757.51,94109696,44875776,39999016,38.15,3133614
1770195663581,2613.38,757.62,94109696,44875776,40000992,38.15,3133614
1770195663683,2620.94,759.78,94322688,44875776,38745360,36.95,3134954
1770195663784,2621.11,759.85,94322688,44875776,38747360,36.95,3134954
1770195663884,2621.41,760.01,94322688,44875776,38749336,36.95,3134954
1770195663985,2628.24,761.95,94339072,44875776,39031824,37.22,3127582
1770195664087,2628.39,762.02,94339072,44875776,39033824,37.23,3127582
1770195664187,2631.77,764.14,94339072,44875776,39298848,37.48,3128922
1770195664288,2632.04,764.26,94339072,44875776,39300848,37.48,3128922
1770195664390,2632.34,764.41,94339072,44875776,39302824,37.48,3128922
1770195664490,2635.69,766.47,94339072,44875776,39567888,37.73,3130262
1770195664591,2636.03,766.63,94339072,44875776,39569888,37.74,3130262
1770195664693,2641.30,769.00,94339072,44875776,39834952,37.99,3131602
1770195664794,2641.60,769.13,94339072,44875776,39836952,37.99,3131602
1770195664896,2641.92,769.32,94339072,44875776,39838928,37.99,3131602
1770195664996,2646.77,771.14,94339072,44875776,40104144,38.25,3141134
1770195665097,2647.09,771.30,94339072,44875776,40106144,38.25,3141134
1770195665198,2650.49,773.31,94371840,44875776,40370904,38.50,3142474
1770195665300,2650.80,773.45,94371840,44875776,40372904,38.50,3142474
1770195665400,2651.11,773.59,94371840,44875776,40374880,38.50,3142474
1770195665502,2656.80,775.81,94519296,45137920,39094640,37.28,3118722
1770195665602,2657.12,775.97,94519296,45137920,39096616,37.29,3118722
1770195665704,2661.38,778.05,94519296,45137920,39361472,37.54,3120062
1770195665804,2661.63,778.16,94519296,45137920,39363448,37.54,3120062
1770195665906,2661.89,778.33,94519296,45137920,39365424,37.54,3120062
1770195666006,2667.52,779.84,94519296,45137920,39630576,37.79,3129594
1770195666107,2667.71,779.92,94519296,45137920,39632552,37.80,3129594
1770195666208,2675.94,781.98,94535680,45137920,39895256,38.05,3130934
1770195666308,2676.22,782.11,94535680,45137920,39897232,38.05,3130934
1770195666409,2676.54,782.25,94535680,45137920,39899208,38.05,3130934
1770195666509,2679.59,783.98,94535680,45137920,40161464,38.30,3132274
1770195666611,2679.90,784.12,94535680,45137920,40163440,38.30,3132274
1770195666711,2682.84,785.89,94535680,45137920,40425584,38.55,3133614
1770195666813,2683.11,786.02,94535680,45137920,40427560,38.55,3133614
1770195666914,2683.43,786.17,94535680,45137920,40429536,38.56,3133614
1770195667014,2687.89,788.18,94797824,45662208,39155216,37.34,3143146
1770195667116,2688.16,788.27,94797824,45662208,39157192,37.34,3143146
1770195667217,2692.41,790.05,94797824,45662208,39419888,37.59,3119390
1770195667317,2692.61,790.15,94797824,45662208,39421888,37.60,3119390
1770195667419,2692.86,790.28,94797824,45662208,39423864,37.60,3119390
1770195667519,2696.26,792.55,94797824,45662208,39686576,37.85,3120730
1770195667621,2696.56,792.67,94797824,45662208,39688576,37.85,3120730
1770195667721,2699.70,794.54,94814208,45662208,39950816,38.10,3122070
1770195667823,2699.91,794.65,94814208,45662208,39952816,38.10,3122070
1770195667923,2700.15,794.75,94814208,45662208,39954792,38.10,3122070
1770195668025,2702.88,796.66,94814208,45662208,40217216,38.35,3131602
1770195668125,2703.10,796.78,94814208,45662208,40219192,38.36,3131602
1770195668226,2706.21,798.52,94814208,45662208,40481392,38.61,3132942
1770195668327,2706.47,798.64,94814208,45662208,40483392,38.61,3132942
1770195668428,2706.77,798.74,94814208,45662208,40485368,38.61,3132942
1770195668528,2711.10,800.47,94994432,45662208,39307696,37.49,3134282
1770195668628,2711.35,800.58,94994432,45662208,39309696,37.49,3134282
1770195668728,2726.68,802.51,95010816,45662208,39722984,37.88,3118722
1770195668830,2726.89,802.62,95010816,45662208,39724960,37.88,3118722
1770195668931,2727.09,802.70,95010816,45662208,39726936,37.89,3118722
1770195669032,2730.25,804.87,95010816,45662208,39987952,38.14,3128254
1770195669133,2730.58,805.02,95010816,45662208,39989952,38.14,3128254
1770195669235,2741.12,806.97,95027200,45662208,40252384,38.39,3129594
1770195669335,2741.35,807.10,95027200,45662208,40254360,38.39,3129594
1770195669436,2741.64,807.25,95027200,45662208,40256336,38.39,3129594
1770195669537,2750.31,809.14,95027200,45662208,40512272,38.64,3130934
1770195669639,2750.60,809.29,95027200,45662208,40514248,38.64,3130934
1770195669739,2755.90,811.15,95027200,45662208,40769968,38.88,3132274
1770195669841,2756.17,811.27,95027200,45662208,40771944,38.88,3132274
1770195669941,2756.49,811.42,95027200,45662208,40773920,38.89,3132274
1770195670042,2768.11,813.45,95043584,45662208,41029816,39.13,3141806
1770195670144,2768.37,813.52,95043584,45662208,41031816,39.13,3141806
1770195670247,2776.51,816.01,95535104,50118656,39977184,38.13,3143146
1770195670348,2776.73,816.09,95535104,50118656,39979160,38.13,3143146
1770195670448,2777.05,816.25,95535104,50118656,39981136,38.13,3143146
1770195670549,2783.03,818.14,95535104,50118656,40234352,38.37,3119390
1770195670651,2783.33,818.27,95535104,50118656,40236328,38.37,3119390
1770195670751,2786.12,820.02,95535104,50118656,40488224,38.61,3120730
1770195670852,2786.28,820.11,95535104,50118656,40490200,38.61,3120730
1770195670954,2786.50,820.20,95535104,50118656,40492176,38.62,3120730
1770195671054,2789.90,822.05,95535104,50118656,40744312,38.86,3130262
1770195671156,2790.15,822.16,95535104,50118656,40746288,38.86,3130262
1770195671256,2798.26,824.18,95567872,50118656,41001104,39.10,3131602
1770195671358,2798.51,824.28,95567872,50118656,41003080,39.10,3131602
1770195671458,2798.82,824.42,95567872,50118656,41005056,39.11,3131602
1770195671559,2802.01,826.36,95600640,50118656,41256952,39.35,3132942
1770195671659,2802.31,826.50,95600640,50118656,41258928,39.35,3132942
1770195671760,2808.53,828.64,95617024,50118656,41510984,39.59,3134282
1770195671860,2808.84,828.80,95617024,50118656,41512960,39.59,3134282
1770195671962,2809.13,828.93,95617024,50118656,41514936,39.59,3134282
1770195672063,2812.22,830.84,95764480,50118656,41767192,39.83,3143814
1770195672164,2812.53,830.99,95764480,50118656,41769192,39.83,3143814
1770195672266,2814.61,832.51,96010240,50118656,42021096,40.07,3145154
1770195672366,2814.86,832.65,96010240,50118656,42023096,40.08,3145154
1770195672467,2815.06,832.73,96010240,50118656,42025072,40.08,3145154
1770195672568,2817.82,834.69,96239616,50118656,42276960,40.32,3146494
1770195672670,2818.03,834.79,96256000,50118656,42278960,40.32,3146494
1770195672770,2820.83,836.58,96485376,50118656,42530832,40.56,3147834
1770195672872,2821.08,836.70,96485376,50118656,42532832,40.56,3147834
1770195672972,2821.32,836.82,96485376,50118656,42534808,40.56,3147834
1770195673073,2824.25,838.66,96731136,50118656,42851376,40.87,3157366
1770195673175,2824.46,838.75,96731136,50118656,42853376,40.87,3157366
1770195673275,2827.35,840.63,96976896,50118656,43105264,41.11,3158706
1770195673377,2827.59,840.77,96976896,50118656,43107264,41.11,3158706
1770195673477,2827.83,840.88,96976896,50118656,43109240,41.11,3158706
1770195673579,2831.02,842.81,97222656,50118656,43361304,41.35,3160046
1770195673679,2831.20,842.92,97222656,50118656,43363304,41.35,3160046
1770195673781,2835.34,844.99,97484800,50118656,43615256,41.59,3161386
1770195673881,2835.61,845.15,97484800,50118656,43617256,41.60,3161386
1770195673983,2835.86,845.25,97484800,50118656,43619232,41.60,3161386
1770195674084,2869.24,847.83,97927168,51167232,40602736,38.72,3126914
1770195674184,2869.59,848.03,97927168,51167232,40604736,38.72,3126914
1770195674285,2872.73,849.74,97927168,51167232,40854448,38.96,3128254
1770195674387,2873.01,849.84,97927168,51167232,40856424,38.96,3128254
1770195674487,2873.33,849.99,97927168,51167232,40858400,38.97,3128254
1770195674589,2906.59,852.49,97959936,51167232,41108808,39.20,3129594
1770195674690,2906.89,852.63,97959936,51167232,41110784,39.21,3129594
1770195674791,2909.79,854.46,97959936,51167232,41357696,39.44,3130934
1770195674893,2910.10,854.63,97959936,51167232,41359672,39.44,3130934
1770195674993,2910.39,854.77,97959936,51167232,41361648,39.45,3130934
1770195675094,2913.39,856.62,97959936,51167232,41608632,39.68,3140466
1770195675196,2913.71,856.79,97959936,51167232,41610632,39.68,3140466
1770195675297,2919.69,858.96,97959936,51167232,42114416,40.16,3141806
1770195675397,2919.97,859.12,97959936,51167232,42116392,40.17,3141806
1770195675498,2920.92,859.91,98140160,51167232,42363136,40.40,3143146
1770195675599,2920.99,859.95,98140160,51167232,42365112,40.40,3143146
1770195675700,2921.12,860.01,98140160,51167232,42367088,40.40,3143146
1770195675801,2927.78,861.31,98566144,51167232,42615504,40.64,3144486
1770195675903,2928.03,861.43,98566144,51167232,42617504,40.64,3144486
1770195676003,2932.12,863.60,98795520,51167232,42864632,40.88,3154018
1770195676105,2939.96,863.82,98811904,51167232,42867336,40.88,3154018
1770195676205,2940.26,863.99,98811904,51167232,42869312,40.88,3154018
1770195676306,2943.81,866.15,99057664,51167232,43113768,41.12,3155358
1770195676407,2944.11,866.31,99057664,51167232,43115768,41.12,3155358
1770195676508,2947.04,868.39,99303424,51167232,43359840,41.35,3156698
1770195676609,2947.20,868.46,99303424,51167232,43361840,41.35,3156698
1770195676711,2947.49,868.59,99303424,51167232,43363816,41.35,3156698
1770195676811,2952.42,870.89,99532800,51167232,43607880,41.59,3158038
1770195676913,2952.69,871.00,99532800,51167232,43609880,41.59,3158038
1770195677013,2956.14,873.19,99794944,51167232,43854160,41.82,3167570
1770195677115,2956.36,873.27,99794944,51167232,43856160,41.82,3167570
1770195677215,2956.66,873.42,99794944,51167232,43858136,41.83,3167570
1770195677317,2962.52,875.82,100483072,51691520,41220088,39.31,3168910
1770195677417,2962.84,875.98,100483072,51691520,41222096,39.31,3168910
1770195677517,2969.75,878.00,100499456,51691520,41466464,39.55,3118722
1770195677619,2969.94,878.08,100499456,51691520,41468448,39.55,3118722
1770195677719,2970.21,878.21,100499456,51691520,41470432,39.55,3118722
1770195677821,2975.44,880.31,100499456,51691520,41715352,39.78,3120062
1770195677922,2975.71,880.43,100499456,51691520,41717336,39.78,3120062
1770195678023,2979.06,882.61,100499456,51691520,41961328,40.02,3129594
1770195678125,2979.28,882.70,100499456,51691520,41963312,40.02,3129594
1770195678225,2979.73,882.87,100499456,51691520,41965672,40.02,3129594
1770195678326,2982.52,885.03,100499456,51691520,42209432,40.25,3130934
1770195678427,2982.71,885.13,100499456,51691520,42211416,40.26,3130934
1770195678529,2985.87,887.03,100499456,51691520,42455152,40.49,3132274
1770195678629,2986.13,887.16,100499456,51691520,42457136,40.49,3132274
1770195678731,2986.40,887.29,100499456,51691520,42459120,40.49,3132274
1770195678832,2988.94,888.83,100515840,51691520,42702992,40.72,3133614
1770195678932,2989.08,888.88,100515840,51691520,42704976,40.73,3133614
1770195679033,2991.00,890.38,100515840,51691520,42948952,40.96,3143146
1770195679135,2991.23,890.55,100515840,51691520,42950936,40.96,3143146
1770195679235,2991.52,890.70,100515840,51691520,42952920,40.96,3143146
1770195679337,2993.61,892.46,100515840,51691520,43196632,41.20,3144486
1770195679438,2993.81,892.57,100515840,51691520,43198616,41.20,3144486
1770195679539,2997.03,894.55,100515840,51691520,43442368,41.43,3145826
1770195679639,2997.26,894.64,100515840,51691520,43444384,41.43,3145826
1770195679740,2997.58,894.77,100515840,51691520,43446368,41.43,3145826
1770195679842,3000.77,896.61,100515840,51691520,43690120,41.67,3147166
1770195679942,3001.12,896.79,100515840,51691520,43692128,41.67,3147166
1770195680043,3004.71,898.80,100515840,51691520,43936152,41.90,3156698
1770195680145,3004.97,898.90,100515840,51691520,43938136,41.90,3156698
1770195680245,3005.25,899.02,100515840,51691520,43940120,41.90,3156698
1770195680346,3010.66,901.44,100990976,52215808,41628136,39.70,3158038
1770195680448,3010.95,901.58,100990976,52215808,41630120,39.70,3158038
1770195680550,3018.07,903.50,101007360,52215808,41874344,39.93,3118722
1770195680650,3018.30,903.59,101007360,52215808,41876328,39.94,3118722
1770195680751,3018.49,903.68,101007360,52215808,41878312,39.94,3118722
1770195680853,3020.23,904.30,101007360,52215808,42122056,40.17,3120062
1770195680953,3020.37,904.35,101007360,52215808,42124040,40.17,3120062
1770195681054,3031.40,905.75,101056512,52215808,42453352,40.49,3129594
1770195681155,3031.56,905.82,101056512,52215808,42455336,40.49,3129594
1770195681257,3031.88,905.97,101056512,52215808,42457320,40.49,3129594
1770195681358,3034.88,907.94,101056512,52215808,42695184,40.72,3130934
1770195681460,3035.16,908.05,101056512,52215808,42697168,40.72,3130934
1770195681561,3038.40,910.47,101056512,52215808,42935040,40.95,3132274
1770195681661,3038.59,910.57,101056512,52215808,42937024,40.95,3132274
1770195681762,3038.80,910.68,101056512,52215808,42939008,40.95,3132274
1770195681863,3041.48,912.65,101056512,52215808,43176952,41.18,3133614
1770195681964,3041.62,912.72,101007360,52215808,43178936,41.18,3133614
1770195682066,3043.67,914.20,100499456,52215808,43417064,41.41,3143146
1770195682167,3043.78,914.25,100188160,52215808,43419048,41.41,3143146
1770195682267,3043.91,914.32,100188160,52215808,43421032,41.41,3143146
1770195682368,3045.62,915.94,100188160,52215808,43658872,41.64,3144486
1770195682469,3045.75,916.00,100204544,52215808,43660856,41.64,3144486
1770195682570,3047.80,917.43,100204544,52215808,43898760,41.87,3145826
1770195682671,3047.99,917.49,100204544,52215808,43900744,41.87,3145826
1770195682772,3048.29,917.66,100204544,52215808,43902728,41.87,3145826
1770195682873,3050.03,919.06,100204544,52215808,44140984,42.10,3147166
1770195682973,3050.22,919.18,100204544,52215808,44142968,42.10,3147166
1770195683074,3052.45,921.16,100204544,52215808,44381024,42.33,3156698
1770195683174,3052.72,921.30,100204544,52215808,44383008,42.33,3156698
1770195683275,3053.00,921.42,100204544,52215808,44384992,42.33,3156698
1770195683376,3056.00,923.33,100204544,52215808,44622856,42.56,3158038
1770195683477,3056.15,923.41,100204544,52215808,44624840,42.56,3158038
1770195683578,3059.07,925.36,100220928,52215808,44862656,42.78,3159378
1770195683678,3059.37,925.49,100220928,52215808,44864664,42.79,3159378
1770195683778,3059.62,925.64,100220928,52215808,44866648,42.79,3159378
1770195683878,3062.94,927.55,100614144,52477952,42163440,40.21,3160718
1770195683979,3063.26,927.69,100614144,52477952,42165448,40.21,3160718
1770195684080,3065.87,929.21,100614144,52477952,42403624,40.44,3126914
1770195684181,3066.16,929.34,100614144,52477952,42405608,40.44,3126914
1770195684282,3066.48,929.47,100614144,52477952,42407592,40.44,3126914
1770195684383,3068.23,930.97,100614144,52477952,42645560,40.67,3128254
1770195684485,3068.50,931.08,100614144,52477952,42647544,40.67,3128254
1770195684585,3071.31,933.02,100597760,52477952,42885736,40.90,3129594
1770195684686,3071.64,933.33,100597760,52477952,42887720,40.90,3129594
1770195684788,3071.95,933.49,100597760,52477952,42889704,40.90,3129594
1770195684888,3075.32,935.75,100597760,52477952,43144072,41.15,3130934
1770195684989,3075.59,935.89,99958784,52477952,43146056,41.15,3130934
1770195685091,3078.87,937.87,99958784,52477952,43384240,41.37,3140466
1770195685191,3079.11,937.99,99958784,52477952,43386216,41.38,3140466
1770195685292,3079.37,938.12,99958784,52477952,43388192,41.38,3140466
1770195685393,3082.52,940.01,99958784,52477952,43626048,41.61,3141806
1770195685494,3082.84,940.16,99958784,52477952,43628024,41.61,3141806
1770195685595,3086.86,942.06,99958784,52477952,43866056,41.83,3143146
1770195685697,3087.16,942.22,99958784,52477952,43868032,41.84,3143146
1770195685797,3087.44,942.37,99958784,52477952,43870008,41.84,3143146
1770195685899,3089.79,944.10,99958784,52477952,44107976,42.06,3144486
1770195685999,3089.99,944.22,99958784,52477952,44109952,42.07,3144486
1770195686101,3090.82,944.98,99958784,52477952,44348040,42.29,3154018
1770195686201,3090.93,945.04,99958784,52477952,44350016,42.30,3154018
1770195686302,3091.10,945.12,99958784,52477952,44351992,42.30,3154018
1770195686404,3093.41,946.83,99958784,52477952,44756776,42.68,3155358
1770195686505,3093.60,946.89,99958784,52477952,44758752,42.69,3155358
1770195686606,3097.02,949.06,99975168,52477952,44996616,42.91,3156698
1770195686707,3097.32,949.24,99975168,52477952,44998592,42.91,3156698
1770195686809,3097.55,949.37,99975168,52477952,45000568,42.92,3156698
1770195686910,3100.83,951.54,99975168,52477952,45238400,43.14,3158038
1770195687012,3101.13,951.68,99975168,52477952,45240376,43.14,3158038
1770195687112,3105.56,953.86,100450304,53526528,42789336,40.81,3167570
1770195687213,3105.78,953.98,100450304,53526528,42791320,40.81,3167570
1770195687314,3105.92,954.05,100450304,53526528,42793304,40.81,3167570
1770195687413,3108.28,955.80,100450304,53526528,43031424,41.04,3118722
1770195687514,3108.50,955.88,100450304,53526528,43033408,41.04,3118722
1770195687614,3110.80,957.53,100450304,53526528,43271336,41.27,3120062
1770195687714,3110.97,957.63,100450304,53526528,43273320,41.27,3120062
1770195687815,3111.20,957.74,100450304,53526528,43275304,41.27,3120062
1770195687917,3113.11,959.78,100450304,53526528,43513184,41.50,3121402
1770195688017,3113.44,959.96,100450304,53526528,43515168,41.50,3121402
1770195688118,3116.22,961.93,100466688,53526528,43753256,41.73,3130934
1770195688219,3116.54,962.10,100466688,53526528,43755248,41.73,3130934
1770195688319,3116.82,962.22,100466688,53526528,43757232,41.73,3130934
1770195688420,3119.93,964.16,100466688,53526528,43995048,41.96,3132274
1770195688521,3120.22,964.32,100466688,53526528,43997032,41.96,3132274
1770195688622,3127.38,966.27,100466688,53526528,44236424,42.19,3133614
1770195688723,3127.68,966.43,100466688,53526528,44238408,42.19,3133614
1770195688825,3128.00,966.62,100466688,53526528,44240392,42.19,3133614
1770195688925,3131.10,968.48,100466688,53526528,44478256,42.42,3134954
1770195689027,3131.44,968.70,100466688,53526528,44480240,42.42,3134954
1770195689128,3134.47,970.66,100483072,53526528,44718696,42.65,3144486
1770195689228,3134.74,970.78,100483072,53526528,44720680,42.65,3144486
1770195689329,3135.01,970.90,100483072,53526528,44722664,42.65,3144486
1770195689429,3137.51,972.61,100483072,53526528,44960512,42.88,3145826
1770195689530,3137.78,972.73,100483072,53526528,44962496,42.88,3145826
1770195689632,3140.98,974.68,100483072,53526528,45200392,43.11,3147166
1770195689732,3141.29,974.84,100483072,53526528,45202376,43.11,3147166
1770195689833,3141.60,975.00,100483072,53526528,45204360,43.11,3147166
1770195689935,3148.49,976.95,100483072,53526528,45442304,43.34,3148506
1770195690036,3148.80,977.13,100483072,53526528,45444312,43.34,3148506
1770195690137,3151.88,978.99,100483072,53526528,45682352,43.57,3158038
1770195690237,3152.18,979.16,100483072,53526528,45684336,43.57,3158038
1770195690341,3154.11,980.31,100483072,53526528,45804736,43.68,3158710
1770195690442,3223.98,984.70,101285888,61652992,38629256,36.84,3117382
1770195690542,3224.36,984.86,101285888,61652992,38854456,37.05,3117382
1770195690642,3227.52,986.62,101285888,61652992,39099008,37.29,3109190
1770195690743,3227.79,986.79,101285888,61652992,39101016,37.29,3109190
1770195690844,3229.84,988.47,101285888,61652992,39339656,37.52,3110530
1770195690945,3232.80,988.53,101285888,61652992,39348480,37.53,3110530
1770195691047,3233.08,988.70,101285888,61652992,39350464,37.53,3110530
1770195691147,3241.51,990.91,101285888,61652992,39591240,37.76,3120062
1770195691249,3241.72,991.05,101285888,61652992,39593248,37.76,3120062
1770195691349,3249.01,992.17,101285888,61652992,39936664,38.09,3121402
1770195691450,3249.18,992.22,101285888,61652992,39938672,38.09,3121402
1770195691552,3249.50,992.38,101285888,61652992,39940656,38.09,3121402
1770195691653,3252.76,994.37,101285888,61652992,40179376,38.32,3122742
1770195691753,3253.07,994.53,101285888,61652992,40181384,38.32,3122742
1770195691854,3256.19,996.50,101285888,61652992,40420696,38.55,3124082
1770195691955,3256.40,996.57,101285888,61652992,40422704,38.55,3124082
1770195692057,3256.72,996.73,101285888,61652992,40424688,38.55,3124082
1770195692156,3259.82,998.70,101285888,61652992,40663640,38.78,3133614
1770195692258,3260.14,998.86,101285888,61652992,40665648,38.78,3133614
1770195692358,3263.01,1000.69,101285888,61652992,40904344,39.01,3134954
1770195692459,3263.19,1000.79,101285888,61652992,40906352,39.01,3134954
1770195692561,3263.39,1000.88,101285888,61652992,40908336,39.01,3134954
1770195692661,3266.49,1002.87,101285888,61652992,41147064,39.24,3136294
1770195692763,3266.76,1003.02,101285888,61652992,41149072,39.24,3136294
1770195692863,3268.79,1004.57,101302272,61652992,41387784,39.47,3137634
1770195692965,3269.06,1004.68,101302272,61652992,41389792,39.47,3137634
1770195693065,3269.32,1004.81,101302272,61652992,41391776,39.47,3137634
1770195693167,3272.42,1006.82,101302272,61652992,41630936,39.70,3147166
1770195693267,3272.70,1006.95,101302272,61652992,41632944,39.70,3147166
1770195693368,3277.43,1009.04,101302272,61652992,41871952,39.93,3148506
1770195693470,3277.70,1009.14,101302272,61652992,41873960,39.93,3148506
1770195693570,3277.94,1009.26,101302272,61652992,41875944,39.94,3148506
1770195693671,3280.79,1011.04,101318656,61652992,42114760,40.16,3149846
1770195693772,3281.11,1011.17,101318656,61652992,42116768,40.17,3149846
1770195693873,3286.45,1013.21,101335040,61652992,42355600,40.39,3151186
1770195693975,3286.68,1013.31,101335040,61652992,42357608,40.40,3151186
1770195694075,3286.95,1013.39,101335040,61652992,42359592,40.40,3151186
1770195694176,3295.47,1015.36,101351424,61652992,42598768,40.63,3160718
1770195694278,3295.75,1015.50,101351424,61652992,42600776,40.63,3160718
1770195694379,3298.65,1017.48,101367808,61652992,42839720,40.86,3162058
1770195694479,3298.94,1017.65,101384192,61652992,42841728,40.86,3162058
1770195694579,3299.25,1017.82,101384192,61652992,42843712,40.86,3162058
1770195694680,3302.66,1020.01,101613568,61652992,43082440,41.09,3163398
1770195694782,3302.93,1020.16,101613568,61652992,43084448,41.09,3163398
1770195694882,3311.01,1022.52,101842944,61652992,43325144,41.32,3164738
1770195694983,3311.26,1022.64,101842944,61652992,43327152,41.32,3164738
1770195695084,3311.57,1022.80,101842944,61652992,43329136,41.32,3164738
1770195695186,3315.32,1024.88,102072320,61652992,43568296,41.55,3174270
1770195695286,3315.59,1024.99,102072320,61652992,43570304,41.55,3174270
1770195695388,3318.32,1026.89,102318080,61652992,43809032,41.78,3175610
1770195695488,3318.57,1027.00,102318080,61652992,43811040,41.78,3175610
1770195695588,3318.84,1027.14,102318080,61652992,43813024,41.78,3175610
1770195695689,3321.34,1029.07,102547456,61652992,44051720,42.01,3176950
1770195695789,3321.61,1029.19,102547456,61652992,44053728,42.01,3176950
1770195695891,3325.23,1031.06,102776832,61652992,44292536,42.24,3178290
1770195695991,3325.49,1031.16,102776832,61652992,44294544,42.24,3178290
1770195696091,3325.72,1031.29,102776832,61652992,44296528,42.24,3178290
1770195696192,3328.55,1033.39,103006208,61652992,44535512,42.47,3187822
1770195696294,3328.83,1033.52,103006208,61652992,44537520,42.47,3187822
1770195696396,3331.32,1035.31,103235584,61652992,44776376,42.70,3189162
1770195696496,3331.55,1035.39,103235584,61652992,44778384,42.70,3189162
1770195696597,3331.84,1035.53,103235584,61652992,44780368,42.71,3189162
1770195696698,3335.02,1037.62,103481344,61652992,45019088,42.93,3190502
1770195696799,3335.27,1037.75,103481344,61652992,45021096,42.94,3190502
1770195696900,3337.90,1039.78,103727104,61652992,45259824,43.16,3191842
1770195697000,3338.14,1039.87,103727104,61652992,45261832,43.17,3191842
1770195697101,3338.41,1040.03,103727104,61652992,45263816,43.17,3191842
1770195697202,3343.18,1042.13,103956480,61652992,45503192,43.40,3201374
1770195697303,3343.50,1042.29,103956480,61652992,45505200,43.40,3201374
1770195697405,3346.30,1044.23,104185856,61652992,45743944,43.62,3202714
1770195697506,3346.57,1044.35,104185856,61652992,45745952,43.63,3202714
1770195697608,3346.84,1044.46,104185856,61652992,45747936,43.63,3202714
1770195697708,3349.98,1046.46,104415232,61652992,45986632,43.86,3204054
1770195697808,3350.18,1046.56,104415232,61652992,45988640,43.86,3204054
1770195697909,3353.16,1048.62,104660992,61652992,46227320,44.09,3205394
1770195698009,3353.46,1048.76,104660992,61652992,46229328,44.09,3205394
1770195698109,3353.76,1048.90,104660992,61652992,46231312,44.09,3205394
1770195698210,3356.52,1050.84,104890368,61652992,46470248,44.32,3214926
1770195698312,3356.79,1050.97,104890368,61652992,46472256,44.32,3214926
1770195698412,3359.98,1052.99,105136128,61652992,46711144,44.55,3216266
1770195698514,3360.28,1053.11,105136128,61652992,46713152,44.55,3216266
1770195698614,3360.61,1053.28,105136128,61652992,46715136,44.55,3216266
1770195698716,3371.97,1055.88,105349120,61652992,40163328,38.30,3217606
1770195698816,3372.25,1056.02,105349120,61652992,40165336,38.30,3217606
1770195698917,3375.26,1058.03,105349120,61652992,40407664,38.54,3118722
1770195699018,3375.56,1058.18,105349120,61652992,40409672,38.54,3118722
1770195699118,3375.87,1058.32,105349120,61652992,40411656,38.54,3118722
1770195699218,3382.22,1060.40,105349120,61652992,40655824,38.77,3128254
1770195699319,3382.49,1060.51,105349120,61652992,40657832,38.77,3128254
1770195699420,3385.11,1062.37,105349120,61652992,40899000,39.00,3129594
1770195699522,3385.33,1062.47,105349120,61652992,40901056,39.01,3129594
1770195699623,3385.61,1062.60,105349120,61652992,40903040,39.01,3129594
1770195699724,3388.16,1064.35,105349120,61652992,41144032,39.24,3130934
1770195699825,3388.41,1064.45,105349120,61652992,41146040,39.24,3130934
1770195699927,3391.06,1066.25,105349120,61652992,41389648,39.47,3132274
1770195700027,3391.27,1066.36,105349120,61652992,41391656,39.47,3132274
1770195700128,3391.51,1066.47,105349120,61652992,41393640,39.48,3132274
1770195700229,3394.17,1068.23,105349120,61652992,41635096,39.71,3141806
1770195700329,3394.40,1068.34,105349120,61652992,41637104,39.71,3141806
1770195700430,3404.35,1070.40,105365504,61652992,41889464,39.95,3143146
1770195700531,3404.54,1070.48,105365504,61652992,41891472,39.95,3143146
1770195700633,3404.80,1070.61,105365504,61652992,41893456,39.95,3143146
1770195700733,3407.72,1072.89,105365504,61652992,42132200,40.18,3144486
1770195700834,3408.01,1073.03,105365504,61652992,42134208,40.18,3144486
1770195700936,3412.94,1074.77,105365504,61652992,42382360,40.42,3145826
1770195701037,3413.18,1074.85,105365504,61652992,42384368,40.42,3145826
1770195701138,3413.49,1075.00,105365504,61652992,42386352,40.42,3145826
1770195701240,3416.28,1076.85,105365504,61652992,42625112,40.65,3155358
1770195701340,3416.52,1077.01,105365504,61652992,42627120,40.65,3155358
1770195701442,3423.51,1079.18,105365504,61652992,42872400,40.89,3156698
1770195701542,3423.65,1079.27,105365504,61652992,42874408,40.89,3156698
1770195701643,3423.81,1079.36,105365504,61652992,42876392,40.89,3156698
1770195701745,3425.93,1080.98,105480192,61652992,43126832,41.13,3158038
1770195701846,3426.08,1081.08,105480192,61652992,43128840,41.13,3158038
1770195701946,3428.08,1082.70,105709568,61652992,43367392,41.36,3159378
1770195702048,3428.22,1082.78,105709568,61652992,43369400,41.36,3159378
1770195702148,3428.38,1082.88,105709568,61652992,43371384,41.36,3159378
1770195702250,3433.58,1084.58,105938944,61652992,43615352,41.59,3168910
1770195702350,3433.74,1084.67,105938944,61652992,43617360,41.60,3168910
1770195702452,3435.65,1086.22,106168320,61652992,43855848,41.82,3170250
1770195702552,3435.80,1086.31,106168320,61652992,43857856,41.83,3170250
1770195702653,3435.96,1086.41,106168320,61652992,43859840,41.83,3170250
1770195702754,3439.94,1088.21,106397696,61652992,44105984,42.06,3171590
1770195702855,3440.11,1088.32,106397696,61652992,44107992,42.06,3171590
1770195702956,3442.12,1090.22,106627072,61652992,44345824,42.29,3172930
1770195703058,3442.29,1090.31,106627072,61652992,44347832,42.29,3172930
1770195703158,3442.45,1090.41,106627072,61652992,44349816,42.30,3172930
1770195703260,3444.64,1092.22,106856448,61652992,44590136,42.52,3182462
1770195703360,3444.81,1092.31,106856448,61652992,44592144,42.53,3182462
1770195703461,3449.16,1094.01,107085824,61652992,44835616,42.76,3183802
1770195703563,3449.35,1094.10,107085824,61652992,44837632,42.76,3183802
1770195703666,3451.24,1095.29,107200512,61652992,44961224,42.88,3184474
1770195703766,3453.27,1096.02,107331584,61652992,45080576,42.99,3185142
1770195703868,3453.55,1096.15,107331584,61652992,45082584,42.99,3185142
1770195703969,3456.78,1098.36,107544576,61652992,45323160,43.22,3186482
1770195704069,3457.06,1098.48,107560960,61652992,45325168,43.23,3186482
1770195704169,3459.13,1099.64,107659264,61652992,45447920,43.34,3187154
1770195704270,3460.28,1100.42,107773952,61652992,45571392,43.46,3196014
1770195704370,3460.60,1100.60,107790336,61652992,45573400,43.46,3196014
1770195704472,3463.48,1102.25,108003328,61652992,45813416,43.69,3197354
1770195704572,3463.73,1102.41,108019712,61652992,45815424,43.69,3197354
1770195704672,3465.86,1103.86,108118016,61652992,45935872,43.81,3198026
1770195704774,3466.90,1104.60,108232704,61652992,46058336,43.92,3198694
1770195704875,3467.19,1104.76,108249088,61652992,46060344,43.93,3198694
1770195704977,3469.60,1106.46,108462080,61652992,46298352,44.15,3200034
1770195705078,3469.91,1106.61,108462080,61652992,46300360,44.16,3200034
1770195705177,3474.73,1108.59,108707840,61652992,46544032,44.39,3209566
1770195705279,3484.81,1108.71,108707840,61652992,46560656,44.40,3209566
1770195705380,3485.04,1108.82,108707840,61652992,46562640,44.41,3209566
1770195705482,3492.86,1115.07,95289344,47235072,41158608,39.25,3210906
1770195705583,3499.08,1115.25,95305728,47235072,41162048,39.26,3210906
1770195705683,3502.04,1117.17,95305728,47235072,41401072,39.48,3118722
1770195705784,3502.16,1117.23,95305728,47235072,41402544,39.48,3118722
1770195705885,3502.32,1117.33,95305728,47235072,41404016,39.49,3118722
1770195705987,3505.48,1119.27,95305728,47235072,41642696,39.71,3120062
1770195706087,3505.74,1119.37,95305728,47235072,41644168,39.71,3120062
1770195706189,3510.32,1121.30,95305728,47235072,41888080,39.95,3129594
1770195706289,3510.50,1121.37,95305728,47235072,41889552,39.95,3129594
1770195706390,3510.78,1121.49,95305728,47235072,41891024,39.95,3129594
1770195706490,3513.83,1123.20,95305728,47235072,42127080,40.18,3130934
1770195706591,3514.12,1123.36,95305728,47235072,42128552,40.18,3130934
1770195706692,3516.78,1125.17,95305728,47235072,42367464,40.40,3132274
1770195706793,3516.96,1125.23,95305728,47235072,42368936,40.41,3132274
1770195706894,3517.14,1125.30,95305728,47235072,42370408,40.41,3132274
1770195706995,3522.45,1127.77,96190464,54312960,41488816,39.57,3118722
1770195707097,3522.71,1127.85,96190464,54312960,41490288,39.57,3118722
1770195707198,3525.24,1129.71,96419840,54312960,41729424,39.80,3128254
1770195707298,3525.47,1129.80,96419840,54312960,41730896,39.80,3128254
1770195707399,3525.71,1129.91,96419840,54312960,41732368,39.80,3128254
1770195707500,3528.72,1131.92,96632832,54312960,41973336,40.03,3129594
1770195707602,3529.01,1132.06,96632832,54312960,41974808,40.03,3129594
1770195707702,3531.93,1134.06,96862208,54312960,42213144,40.26,3130934
1770195707803,3532.12,1134.12,96862208,54312960,42214616,40.26,3130934
1770195707905,3532.41,1134.27,96862208,54312960,42216088,40.26,3130934
1770195708006,3538.68,1136.25,97091584,54312960,42459552,40.49,3132274
1770195708107,3538.91,1136.41,97091584,54312960,42461024,40.49,3132274
1770195708208,3544.00,1138.17,97337344,54312960,42727880,40.75,3141810
1770195708309,3544.18,1138.27,97337344,54312960,42729376,40.75,3141810
1770195708410,3544.36,1138.39,97337344,54312960,42730848,40.75,3141810
1770195708511,3546.50,1139.67,97566720,54312960,42967176,40.98,3143150
1770195708612,3546.68,1139.77,97566720,54312960,42968672,40.98,3143150
1770195708713,3549.51,1141.68,97796096,54312960,43204952,41.20,3144490
1770195708815,3549.69,1141.74,97796096,54312960,43206448,41.20,3144490
1770195708914,3549.84,1141.84,97796096,54312960,43207920,41.21,3144490
1770195709016,3551.70,1143.70,98009088,54312960,43446296,41.43,3145830
1770195709116,3551.90,1143.81,98009088,54312960,43447792,41.44,3145830
1770195709217,3554.77,1145.99,98238464,54312960,43687000,41.66,3155362
1770195709316,3554.99,1146.11,98238464,54312960,43688496,41.66,3155362
1770195709418,3555.25,1146.26,98238464,54312960,43689968,41.67,3155362
1770195709518,3559.86,1148.58,98467840,54312960,43929456,41.89,3156702
1770195709620,3560.17,1148.73,98467840,54312960,43930952,41.90,3156702
1770195709720,3562.84,1150.40,98697216,54312960,44169360,42.12,3158042
1770195709822,3563.13,1150.59,98697216,54312960,44170856,42.12,3158042
1770195709922,3563.41,1150.75,98697216,54312960,44172328,42.13,3158042
1770195710022,3763.94,1165.96,148439040,99581952,68879088,65.69,3118722
1770195710123,3970.54,1169.71,152682496,103776256,70386192,67.13,3109190
1770195710223,4030.64,1174.73,168345600,119242752,88180168,84.10,3118722
1770195710325,4153.35,1177.62,155926528,106741760,68296048,65.13,3107850
1770195710425,4153.51,1177.70,155926528,106741760,68297568,65.13,3107850
1770195710526,4156.01,1179.13,155926528,106741760,68549920,65.37,3109190
1770195710628,4156.25,1179.24,155926528,106741760,68551440,65.38,3109190
1770195710729,4158.73,1180.95,155926528,106741760,68787888,65.60,3110526
1770195710830,4158.97,1181.06,155926528,106741760,68789408,65.60,3110526
1770195710930,4159.24,1181.19,155926528,106741760,68790904,65.60,3110526
1770195711032,4162.34,1183.20,155926528,106741760,69030624,65.83,3111862
1770195711132,4162.63,1183.33,155926528,106741760,69032144,65.83,3111862
1770195711234,4169.19,1185.18,155926528,106741760,69280688,66.07,3121390
1770195711334,4169.46,1185.28,155926528,106741760,69282208,66.07,3121390
1770195711435,4169.75,1185.45,155926528,106741760,69283704,66.07,3121390
1770195711536,4172.53,1187.20,155926528,106741760,69520608,66.30,3122726
1770195711637,4172.79,1187.32,155926528,106741760,69522128,66.30,3122726
1770195711738,4175.28,1189.25,155926528,106741760,69761440,66.53,3124062
1770195711839,4175.47,1189.36,155926528,106741760,69762960,66.53,3124062
1770195711941,4175.73,1189.46,155926528,106741760,69764456,66.53,3124062
1770195712042,4178.15,1191.45,155926528,106741760,70003752,66.76,3125398
1770195712143,4178.34,1191.55,155926528,106741760,70005288,66.76,3125398
1770195712244,4181.21,1193.67,155877376,106741760,70245520,66.99,3134926
1770195712345,4181.45,1193.82,155877376,106741760,70247040,66.99,3134926
1770195712446,4181.62,1193.93,155877376,106741760,70248536,66.99,3134926
1770195712547,4184.86,1195.59,155877376,106741760,70495400,67.23,3136262
1770195712648,4185.07,1195.69,155877376,106741760,70496920,67.23,3136262
1770195712750,4192.79,1197.23,155893760,106741760,70742440,67.47,3137598
1770195712851,4192.91,1197.28,155893760,106741760,70743960,67.47,3137598
1770195712952,4193.07,1197.38,155893760,106741760,70745456,67.47,3137598
1770195713054,4195.19,1198.99,155893760,106741760,70981600,67.69,3138934
1770195713154,4195.30,1199.05,155893760,106741760,70983120,67.69,3138934
1770195713255,4197.54,1200.41,155893760,106741760,71221648,67.92,3148464
1770195713356,4197.73,1200.70,155893760,106741760,71223168,67.92,3148464
1770195713457,4197.92,1200.93,155893760,106741760,71224664,67.93,3148464
1770195713558,4199.92,1203.06,155893760,106741760,71464160,68.15,3149802
1770195713659,4200.06,1203.14,155893760,106741760,71465680,68.15,3149802
1770195713761,4202.98,1205.05,155893760,106741760,71704952,68.38,3151140
1770195713861,4203.28,1205.20,155893760,106741760,71706472,68.38,3151140
1770195713962,4203.56,1205.36,155893760,106741760,71707968,68.39,3151140
1770195714064,4210.75,1207.44,155893760,106741760,71951320,68.62,3152478
1770195714163,4210.96,1207.56,155893760,106741760,71952840,68.62,3152478
1770195714265,4217.55,1210.23,155893760,106741760,58128008,55.44,3162008
1770195714365,4217.82,1210.37,155893760,106741760,58129528,55.44,3162008
1770195714466,4218.07,1210.44,155893760,106741760,58131024,55.44,3162008
1770195714567,4221.07,1212.23,155893760,106741760,58372376,55.67,3118720
1770195714668,4221.34,1212.38,155893760,106741760,58373896,55.67,3118720
1770195714768,4230.56,1214.21,155893760,106741760,58619600,55.90,3120058
1770195714870,4230.74,1214.31,155893760,106741760,58621120,55.91,3120058
1770195714970,4230.94,1214.42,155893760,106741760,58622616,55.91,3120058
1770195715071,4242.01,1216.40,155893760,106741760,58864336,56.14,3121396
1770195715171,4242.26,1216.53,155893760,106741760,58865856,56.14,3121396
1770195715272,4246.45,1218.43,155910144,106741760,59117368,56.38,3130926
1770195715373,4246.83,1218.61,155910144,106741760,59118888,56.38,3130926
1770195715474,4250.02,1218.79,155926528,106741760,59120720,56.38,3130926
1770195715576,4254.85,1220.83,155926528,106741760,59363248,56.61,3132264
1770195715677,4255.10,1220.97,155926528,106741760,59364768,56.61,3132264
1770195715778,4259.36,1222.92,155926528,106741760,59607136,56.85,3133602
1770195715878,4259.53,1223.02,155926528,106741760,59608656,56.85,3133602
1770195715979,4259.74,1223.13,155926528,106741760,59610152,56.85,3133602
1770195716080,4262.49,1224.99,155926528,106741760,59846080,57.07,3134940
1770195716181,4262.70,1225.13,155926528,106741760,59847600,57.08,3134940
1770195716282,4265.29,1226.83,155926528,106741760,60086040,57.30,3144470
1770195716383,4265.54,1226.94,155926528,106741760,60087560,57.30,3144470
1770195716485,4265.86,1227.12,155926528,106741760,60089056,57.31,3144470
1770195716586,4268.34,1228.97,155926528,106741760,60327888,57.53,3145808
1770195716686,4268.57,1229.07,155926528,106741760,60329408,57.53,3145808
1770195716787,4271.15,1230.87,155926528,106741760,60568112,57.76,3147146
1770195716889,4271.35,1230.98,155926528,106741760,60569632,57.76,3147146
1770195716989,4271.59,1231.12,155926528,106741760,60571128,57.77,3147146
1770195717091,4273.88,1232.92,155926528,106741760,60810160,57.99,3148484
1770195717191,4274.17,1233.08,155926528,106741760,60811680,57.99,3148484
1770195717293,4276.93,1234.88,155926528,106741760,61050120,58.22,3158014
1770195717394,4277.14,1234.99,155926528,106741760,61051640,58.22,3158014
1770195717495,4277.32,1235.10,155926528,106741760,61053136,58.22,3158014
1770195717597,4279.01,1236.33,155926528,106741760,61291640,58.45,3159352
1770195717697,4279.19,1236.44,155926528,106741760,61293160,58.45,3159352
1770195717798,4282.83,1237.82,155926528,106741760,61538800,58.69,3160690
1770195717899,4282.95,1237.89,155926528,106741760,61540320,58.69,3160690
1770195718002,4284.59,1238.90,155926528,106741760,61659512,58.80,3161361
1770195718103,4285.55,1239.58,155926528,106741760,61777856,58.92,3162028
1770195718204,4285.86,1239.74,155926528,106741760,61779544,58.92,3162028
1770195718305,4288.62,1241.67,155926528,106741760,62015792,59.14,3171558
1770195718406,4367.67,1258.65,94208000,44875776,38792368,37.00,3107850
1770195718508,4371.28,1259.74,94208000,44875776,38998896,37.19,3108521
1770195718609,4372.92,1260.97,94208000,44875776,39125248,37.31,3109188
1770195718710,4373.16,1261.09,94208000,44875776,39126744,37.31,3109188
1770195718810,4375.89,1262.82,94208000,44875776,39379096,37.55,3110526
1770195718911,4376.03,1262.89,94208000,44875776,39380592,37.56,3110526
1770195719011,4452.44,1269.16,91652096,42254336,38845304,37.05,3109188
1770195719112,4452.59,1269.21,91668480,42254336,38846848,37.05,3109188
1770195719214,4452.87,1269.37,91668480,42254336,38848320,37.05,3109188
1770195719315,4457.36,1272.16,91897856,42254336,39101104,37.29,3118718
1770195719416,4457.62,1272.29,91897856,42254336,39102600,37.29,3118718
1770195719516,4462.39,1274.51,92471296,45400064,38592744,36.80,3120056
1770195719618,4538.12,1277.73,92160000,41992192,38777512,36.98,3107850
1770195719718,4538.44,1277.87,92160000,41992192,38779056,36.98,3107850
1770195719819,4541.40,1279.73,92176384,41992192,39057304,37.25,3109188
1770195719920,4541.55,1279.83,92176384,41992192,39058800,37.25,3109188
1770195720020,4545.93,1281.66,92192768,41992192,39311168,37.49,3110526
1770195720121,4546.12,1281.74,92192768,41992192,39312664,37.49,3110526
1770195720222,4546.40,1281.88,92192768,41992192,39314136,37.49,3110526
1770195720323,4548.47,1283.62,92225536,41992192,39566552,37.73,3120056
1770195720424,4548.74,1283.75,92225536,41992192,39568048,37.74,3120056
1770195720524,4554.38,1286.08,92684288,43040768,38932400,37.13,3118718
1770195720626,4554.56,1286.14,92684288,43040768,38933896,37.13,3118718
1770195720726,4554.85,1286.31,92684288,43040768,38935368,37.13,3118718
1770195720827,4559.43,1288.14,92946432,43040768,39187496,37.37,3120056
1770195720928,4559.79,1288.29,92946432,43040768,39188968,37.37,3120056
1770195721028,4564.55,1290.27,93192192,43040768,39441072,37.61,3121394
1770195721129,4564.71,1290.33,93192192,43040768,39442568,37.62,3121394
1770195721229,4564.98,1290.47,93208576,43040768,39444040,37.62,3121394
1770195721331,4568.52,1292.49,93372416,43040768,38927400,37.12,3130924
1770195721432,4568.73,1292.61,93372416,43040768,38928896,37.13,3130924
1770195721532,4571.56,1294.43,93372416,43040768,39180744,37.37,3119385
1770195721633,4571.74,1294.52,93372416,43040768,39182240,37.37,3119385
1770195721733,4571.99,1294.68,93372416,43040768,39183712,37.37,3119385
1770195721834,4577.66,1296.45,93372416,43040768,39436000,37.61,3120723
1770195721936,4577.95,1296.60,93372416,43040768,39437496,37.61,3120723
1770195722035,4580.94,1298.54,93388800,43040768,39689384,37.85,3122061
1770195722137,4581.14,1298.65,93388800,43040768,39690880,37.85,3122061
1770195722237,4581.39,1298.80,93388800,43040768,39692352,37.85,3122061
1770195722337,4584.24,1300.06,93388800,43040768,39162328,37.35,3126910
1770195722438,4584.35,1300.10,93388800,43040768,39163824,37.35,3126910
1770195722539,4586.96,1302.17,93388800,43040768,39415752,37.59,3128248
1770195722639,4587.08,1302.23,93388800,43040768,39417248,37.59,3128248
1770195722740,4587.22,1302.32,93388800,43040768,39418720,37.59,3128248
1770195722841,4595.82,1304.43,93405184,43040768,39671088,37.83,3129586
1770195722942,4595.97,1304.51,93405184,43040768,39672584,37.83,3129586
1770195723043,4604.43,1306.62,93454336,43302912,39151256,37.34,3130924
1770195723144,4604.57,1306.67,93454336,43302912,39152728,37.34,3130924
1770195723245,4604.84,1306.81,93454336,43302912,39154200,37.34,3130924
1770195723346,4606.99,1308.28,93454336,43302912,39405560,37.58,3135769
1770195723447,4607.21,1308.36,93454336,43302912,39407056,37.58,3135769
1770195723548,4611.23,1310.28,93454336,43302912,39658272,37.82,3137107
1770195723648,4611.42,1310.36,93454336,43302912,39659768,37.82,3137107
1770195723750,4611.67,1310.50,93454336,43302912,39661240,37.82,3137107
1770195723852,4614.42,1312.38,93470720,43302912,39912016,38.06,3138445
1770195723953,4615.72,1312.62,93601792,43565056,39225496,37.41,3138445
1770195724054,4618.68,1314.41,93601792,43565056,39476384,37.65,3126910
1770195724155,4618.90,1314.51,93601792,43565056,39477856,37.65,3126910
1770195724256,4619.16,1314.65,93601792,43565056,39479328,37.65,3126910
1770195724357,4625.15,1316.52,93601792,43565056,39730320,37.89,3136440
1770195724458,4625.37,1316.64,93601792,43565056,39731816,37.89,3136440
1770195724559,4629.69,1318.68,93601792,43565056,39981880,38.13,3137778
1770195724660,4629.92,1318.82,93601792,43565056,39983376,38.13,3137778
1770195724761,4630.20,1318.98,93601792,43565056,39984848,38.13,3137778
1770195724862,4634.38,1321.20,93814784,45662208,39482384,37.65,3139116
1770195724963,4634.66,1321.38,93814784,45662208,39483880,37.65,3139116
1770195725064,4637.51,1323.13,93831168,45662208,39785232,37.94,3127577
1770195725165,4637.66,1323.22,93831168,45662208,39786728,37.94,3127577
1770195725265,4637.87,1323.34,93831168,45662208,39788200,37.94,3127577
1770195725366,4640.78,1325.18,93831168,45662208,40038688,38.18,3137107
1770195725468,4641.03,1325.32,93831168,45662208,40040160,38.19,3137107
1770195725569,4643.96,1327.20,93847552,45662208,40290248,38.42,3138445
1770195725670,4644.14,1327.30,93847552,45662208,40291720,38.43,3138445
1770195725771,4644.34,1327.42,93847552,45662208,40293192,38.43,3138445
1770195725872,4647.35,1329.20,94076928,45662208,40543416,38.67,3139783
1770195725973,4647.60,1329.33,94076928,45662208,40544912,38.67,3139783
1770195726074,4654.59,1331.21,94322688,45662208,40795464,38.91,3141121
1770195726175,4654.77,1331.32,94322688,45662208,40796960,38.91,3141121
1770195726276,4654.97,1331.44,94322688,45662208,40798432,38.91,3141121
1770195726377,4657.67,1333.34,94601216,45662208,41048736,39.15,3150651
1770195726478,4657.88,1333.46,94601216,45662208,41050232,39.15,3150651
1770195726579,4661.95,1335.27,94945280,45662208,39661384,37.82,3151989
1770195726679,4662.11,1335.37,94945280,45662208,39662880,37.83,3151989
1770195726780,4662.30,1335.47,94945280,45662208,39664352,37.83,3151989
1770195726880,4665.02,1337.13,94945280,45662208,39914424,38.07,3126910
1770195726980,4665.21,1337.25,94945280,45662208,39915896,38.07,3126910
1770195727080,4667.97,1339.08,94945280,45662208,40166136,38.31,3128248
1770195727181,4668.14,1339.19,94945280,45662208,40167608,38.31,3128248
1770195727283,4668.37,1339.30,94945280,45662208,40169080,38.31,3128248
1770195727384,4671.13,1341.01,94961664,45662208,40419344,38.55,3137778
1770195727485,4671.35,1341.11,94961664,45662208,40420816,38.55,3137778
1770195727586,4673.35,1342.39,95207424,45662208,40670872,38.79,3139116
1770195727687,4673.56,1342.49,95207424,45662208,40672344,38.79,3139116
1770195727789,4673.83,1342.63,95207424,45662208,40673816,38.79,3139116
1770195727890,4676.24,1344.13,95485952,45662208,40923984,39.03,3140454
1770195727991,4676.48,1344.26,95485952,45662208,40925480,39.03,3140454
1770195728092,4680.29,1346.34,95993856,46448640,39895752,38.05,3141792
1770195728192,4680.50,1346.45,95993856,46448640,39897248,38.05,3141792
1770195728293,4680.77,1346.61,95993856,46448640,39898720,38.05,3141792
1770195728395,4683.79,1348.31,95993856,46448640,40149032,38.29,3135102
1770195728495,4684.03,1348.44,95993856,46448640,40150528,38.29,3135102
1770195728595,4689.80,1350.84,95993856,46448640,40401264,38.53,3136440
1770195728696,4690.18,1351.08,95993856,46448640,40402736,38.53,3136440
1770195728798,4690.47,1351.24,95993856,46448640,40404208,38.53,3136440
1770195728898,4698.06,1353.53,95993856,46448640,40882168,38.99,3137778
1770195728999,4698.29,1353.65,95993856,46448640,40883640,38.99,3137778
1770195729100,4701.51,1355.49,95993856,46448640,41133480,39.23,3139116
1770195729201,4701.67,1355.60,95993856,46448640,41134952,39.23,3139116
1770195729303,4701.88,1355.71,95993856,46448640,41136424,39.23,3139116
1770195729403,4705.19,1357.63,95993856,46448640,41386488,39.47,3148646
1770195729504,4705.48,1357.78,95993856,46448640,41388008,39.47,3148646
1770195729605,4713.05,1359.64,95993856,46448640,41637896,39.71,3149984
1770195729705,4713.31,1359.77,95993856,46448640,41639392,39.71,3149984
1770195729806,4713.51,1359.85,95993856,46448640,41640864,39.71,3149984
1770195729908,4718.58,1361.74,96010240,46448640,41885512,39.95,3151322
1770195730007,4718.81,1361.88,96010240,46448640,41887008,39.95,3151322
1770195730108,4731.87,1363.90,96206848,46448640,40590632,38.71,3126910
1770195730210,4731.99,1363.98,96206848,46448640,40592104,38.71,3126910
1770195730310,4732.17,1364.09,96206848,46448640,40593576,38.71,3126910
1770195730412,4742.12,1366.13,96223232,46448640,40838576,38.95,3136440
1770195730512,4742.35,1366.26,96223232,46448640,40840048,38.95,3136440
1770195730613,4745.51,1368.26,96223232,46448640,41081864,39.18,3137778
1770195730714,4745.73,1368.36,96223232,46448640,41083336,39.18,3137778
1770195730815,4746.00,1368.51,96223232,46448640,41084808,39.18,3137778
1770195730915,4748.86,1370.57,96223232,46448640,41326584,39.41,3139116
1770195731017,4749.08,1370.71,96223232,46448640,41328056,39.41,3139116
1770195731118,4751.50,1372.71,96223232,46448640,41569856,39.64,3140454
1770195731218,4751.74,1372.81,96223232,46448640,41571328,39.65,3140454
1770195731318,4751.98,1372.95,96239616,46448640,41572800,39.65,3140454
1770195731419,4764.01,1375.07,96256000,46448640,41815144,39.88,3149984
1770195731521,4764.23,1375.19,96256000,46448640,41816616,39.88,3149984
1770195731622,4772.57,1377.09,96501760,46448640,42058616,40.11,3151322
1770195731722,4772.70,1377.16,96501760,46448640,42060088,40.11,3151322
1770195731822,4772.81,1377.22,96501760,46448640,42061560,40.11,3151322
1770195731923,4775.75,1378.50,96731136,46710784,40779432,38.89,3126910
1770195732023,4775.95,1378.59,96731136,46710784,40780904,38.89,3126910
1770195732124,4778.50,1380.37,96731136,46710784,41022792,39.12,3128248
1770195732225,4778.65,1380.47,96731136,46710784,41024264,39.12,3128248
1770195732326,4778.84,1380.57,96731136,46710784,41025736,39.13,3128248
1770195732427,4782.09,1382.58,96747520,46710784,41267800,39.36,3137778
1770195732529,4782.36,1382.72,96747520,46710784,41269272,39.36,3137778
1770195732629,4789.70,1384.65,96747520,46710784,41511184,39.59,3139116
1770195732729,4789.91,1384.76,96747520,46710784,41512656,39.59,3139116
1770195732830,4790.15,1384.86,96747520,46710784,41514128,39.59,3139116
1770195732931,4792.73,1386.40,96747520,46710784,41755968,39.82,3140454
1770195733031,4792.98,1386.53,96747520,46710784,41757440,39.82,3140454
1770195733132,4798.61,1388.47,96747520,46710784,41999272,40.05,3141792
1770195733233,4798.85,1388.60,96747520,46710784,42000744,40.06,3141792
1770195733334,4799.13,1388.72,96747520,46710784,42002216,40.06,3141792
1770195733436,4802.24,1390.65,96763904,46710784,42244184,40.29,3151322
1770195733537,4802.50,1390.78,96763904,46710784,42245656,40.29,3151322
1770195733636,4806.68,1392.86,97009664,46972928,40982272,39.08,3126910
1770195733737,4806.90,1392.96,97009664,46972928,40983744,39.09,3126910
1770195733838,4807.15,1393.09,97009664,46972928,40985216,39.09,3126910
1770195733939,4810.03,1394.92,97009664,46972928,41226944,39.32,3128248
1770195734038,4810.31,1395.07,97009664,46972928,41228416,39.32,3128248
1770195734140,4834.98,1397.21,97026048,46972928,41473360,39.55,3129586
1770195734241,4835.13,1397.30,97026048,46972928,41474832,39.55,3129586
1770195734342,4835.35,1397.41,97026048,46972928,41476304,39.55,3129586
1770195734443,4838.23,1399.25,97026048,46972928,41716824,39.78,3139116
1770195734544,4838.47,1399.37,97026048,46972928,41718296,39.79,3139116
1770195734646,4873.17,1401.48,97386496,46972928,41960264,40.02,3140454
1770195734747,4873.33,1401.55,97386496,46972928,41961736,40.02,3140454
1770195734848,4873.52,1401.67,97386496,46972928,41963208,40.02,3140454
1770195734949,4876.58,1403.70,97402880,46972928,42200072,40.25,3141792
1770195735049,4876.78,1403.81,97402880,46972928,42201544,40.25,3141792
1770195735150,4879.53,1405.69,97402880,46972928,42438416,40.47,3143130
1770195735251,4879.71,1405.78,97402880,46972928,42439912,40.47,3143130
1770195735352,4879.95,1405.90,97402880,46972928,42441384,40.48,3143130
1770195735453,4885.23,1408.56,97927168,51691520,41248064,39.34,3134431
1770195735555,4885.52,1408.71,97927168,51691520,41249560,39.34,3134431
1770195735655,4888.44,1410.55,97927168,51691520,41486440,39.56,3135769
1770195735756,4888.72,1410.70,97927168,51691520,41487912,39.57,3135769
1770195735857,4888.98,1410.86,97927168,51691520,41489384,39.57,3135769
1770195735958,4892.10,1412.72,98091008,51691520,41935520,39.99,3137109
1770195736059,4892.38,1412.90,98091008,51691520,41937016,39.99,3137109
1770195736161,4894.25,1414.40,98107392,51691520,42173888,40.22,3138449
1770195736262,4894.47,1414.52,98107392,51691520,42175384,40.22,3138449
1770195736363,4894.71,1414.63,98107392,51691520,42176856,40.22,3138449
1770195736465,4897.51,1416.61,98107392,51691520,42413920,40.45,3147981
1770195736565,4897.58,1416.65,98107392,51691520,42415416,40.45,3147981
1770195736667,4898.41,1417.37,98107392,51691520,42652448,40.68,3149321
1770195736767,4898.49,1417.42,98107392,51691520,42653944,40.68,3149321
1770195736870,4900.08,1418.57,98107392,51691520,42773584,40.79,3149993
1770195736971,4902.90,1419.37,98107392,51691520,42892400,40.91,3150661
1770195737072,4903.14,1419.51,98107392,51691520,42893896,40.91,3150661
1770195737173,4906.11,1421.43,98189312,51691520,43130704,41.13,3152001
1770195737273,4906.32,1421.55,98205696,51691520,43132200,41.13,3152001
1770195737374,4908.59,1422.88,98320384,51691520,43251840,41.25,3152673
1770195737475,4909.67,1423.60,98418688,51691520,43370888,41.36,3161533
1770195737575,4909.87,1423.73,98435072,51691520,43372384,41.36,3161533
1770195737677,4912.54,1425.54,98664448,51691520,43609336,41.59,3162873
1770195737777,4912.81,1425.68,98664448,51691520,43610832,41.59,3162873
1770195737878,4917.30,1427.94,98893824,51691520,43847624,41.82,3164213
1770195737979,4918.24,1428.02,98893824,51691520,43849120,41.82,3164213
1770195738080,4920.31,1428.19,98893824,51691520,43850592,41.82,3164213
1770195738180,4923.30,1430.17,99123200,51691520,44087400,42.05,3165553
1770195738282,4923.79,1430.35,99123200,51691520,44089200,42.05,3165553
1770195738382,4927.00,1432.44,99352576,51691520,44326272,42.27,3175085
1770195738483,4927.16,1432.51,99352576,51691520,44327768,42.27,3175085
1770195738585,4927.40,1432.62,99352576,51691520,44329240,42.28,3175085
1770195738685,4930.00,1434.36,99598336,51691520,44566048,42.50,3176425
1770195738786,4930.20,1434.48,99614720,51691520,44567544,42.50,3176425
1770195738886,4934.69,1436.73,100073472,51953664,41827320,39.89,3177765
1770195738988,4934.88,1436.81,100073472,51953664,41828824,39.89,3177765
1770195739088,4935.15,1436.97,100073472,51953664,41830304,39.89,3177765
1770195739188,4938.23,1438.84,100073472,51953664,42067200,40.12,3126912
1770195739288,4938.46,1438.97,100073472,51953664,42068704,40.12,3126912
1770195739388,4941.93,1440.88,100073472,51953664,42305872,40.35,3136444
1770195739488,4942.11,1440.95,100073472,51953664,42307376,40.35,3136444
1770195739589,4942.41,1441.11,100073472,51953664,42308856,40.35,3136444
1770195739690,4945.27,1442.89,100073472,51953664,42545720,40.57,3137784
1770195739791,4945.54,1443.04,100073472,51953664,42547224,40.58,3137784
1770195739899,4949.36,1445.91,100073472,51953664,42784008,40.80,3139124
1770195740000,4949.56,1445.99,100073472,51953664,42785512,40.80,3139124
1770195740100,4949.86,1446.13,100073472,51953664,42786992,40.80,3139124
1770195740201,4965.55,1448.31,100089856,52215808,43236416,41.23,3140464
1770195740302,4965.79,1448.44,100089856,52215808,43237920,41.23,3140464
1770195740404,4967.99,1450.11,100089856,52215808,43474752,41.46,3149996
1770195740504,4968.15,1450.18,100089856,52215808,43476256,41.46,3149996
1770195740605,4968.38,1450.32,100089856,52215808,43477736,41.46,3149996
1770195740706,4972.35,1452.32,100335616,52215808,43714512,41.69,3151336
1770195740807,4972.59,1452.44,100335616,52215808,43716016,41.69,3151336
1770195740908,4975.63,1454.44,100564992,52215808,43952584,41.92,3152676
1770195741009,4975.84,1454.52,100564992,52215808,43954088,41.92,3152676
1770195741110,4976.10,1454.66,100564992,52215808,43955568,41.92,3152676
1770195741211,4979.22,1456.65,100794368,52215808,44192040,42.14,3154016
1770195741312,4979.48,1456.78,100794368,52215808,44193544,42.15,3154016
1770195741412,4982.36,1458.70,101007360,52215808,44430344,42.37,3163548
1770195741512,4982.54,1458.80,101007360,52215808,44431848,42.37,3163548
1770195741613,4982.75,1458.91,101023744,52215808,44433328,42.37,3163548
1770195741713,4983.78,1459.81,101236736,52215808,44669808,42.60,3164888
1770195741814,4983.86,1459.86,101236736,52215808,44671312,42.60,3164888
1770195741915,4984.73,1460.69,101466112,52215808,44907784,42.83,3166228
1770195742017,4984.82,1460.73,101466112,52215808,44909288,42.83,3166228
1770195742116,4985.04,1460.84,101466112,52215808,44910768,42.83,3166228
1770195742217,4990.30,1463.14,102187008,52740096,42543160,40.57,3167568
1770195742318,4990.59,1463.28,102187008,52740096,42544664,40.57,3167568
1770195742419,4998.27,1465.36,102203392,52740096,42782056,40.80,3135104
1770195742520,4998.42,1465.46,102203392,52740096,42783560,40.80,3135104
1770195742621,4998.58,1465.53,102203392,52740096,42785040,40.80,3135104
1770195742722,5001.44,1467.44,102203392,52740096,43021440,41.03,3136444
1770195742823,5001.59,1467.54,102203392,52740096,43022920,41.03,3136444
1770195742924,5008.52,1469.37,102203392,52740096,43259648,41.26,3137784
1770195743025,5008.68,1469.45,102203392,52740096,43261128,41.26,3137784
1770195743126,5008.93,1469.56,102203392,52740096,43262608,41.26,3137784
1770195743227,5011.76,1471.56,102203392,52740096,43499152,41.48,3139124
1770195743329,5011.99,1471.70,102203392,52740096,43500632,41.49,3139124
1770195743428,5014.73,1473.50,102203392,52740096,43779568,41.75,3148656
1770195743529,5014.89,1473.60,102203392,52740096,43781072,41.75,3148656
1770195743630,5015.08,1473.70,102203392,52740096,43782552,41.75,3148656
1770195743732,5017.68,1475.40,102203392,52740096,44018968,41.98,3149996
1770195743833,5017.92,1475.50,102203392,52740096,44020448,41.98,3149996
1770195743934,5020.84,1477.33,102203392,52740096,44256864,42.21,3151336
1770195744035,5020.98,1477.42,102203392,52740096,44258344,42.21,3151336
1770195744135,5021.17,1477.52,102203392,52740096,44259824,42.21,3151336
1770195744237,5023.86,1479.35,102219776,52740096,44496248,42.43,3152676
1770195744337,5024.04,1479.44,102219776,52740096,44497728,42.44,3152676
1770195744438,5026.86,1481.31,102219776,52740096,44734376,42.66,3162208
1770195744540,5027.08,1481.41,102219776,52740096,44735880,42.66,3162208
1770195744640,5027.33,1481.56,102219776,52740096,44737360,42.66,3162208
1770195744741,5029.60,1482.98,102219776,52740096,44973816,42.89,3163548
1770195744842,5029.82,1483.09,102219776,52740096,44975296,42.89,3163548
1770195744943,5032.82,1484.96,102219776,52740096,45211880,43.12,3164888
1770195745044,5032.98,1485.06,102219776,52740096,45213360,43.12,3164888
1770195745145,5033.12,1485.15,102219776,52740096,45214840,43.12,3164888
1770195745246,5038.71,1487.08,102236160,52740096,45451480,43.35,3166228
1770195745347,5038.85,1487.17,102236160,52740096,45452960,43.35,3166228
1770195745447,5041.81,1489.52,102236160,52740096,45689664,43.57,3175760
1770195745549,5042.00,1489.60,102236160,52740096,45691168,43.57,3175760
1770195745649,5042.26,1489.74,102236160,52740096,45692648,43.58,3175760
1770195745750,5047.63,1492.03,102793216,53264384,43020840,41.03,3177100
1770195745851,5047.79,1492.12,102793216,53264384,43022344,41.03,3177100
1770195745952,5050.34,1493.88,102793216,53264384,43258728,41.25,3126912
1770195746053,5050.51,1493.97,102793216,53264384,43260208,41.26,3126912
1770195746153,5050.70,1494.08,102793216,53264384,43261688,41.26,3126912
1770195746255,5054.60,1495.87,102793216,53264384,43498176,41.48,3128252
1770195746355,5054.89,1496.01,102793216,53264384,43499680,41.48,3128252
1770195746456,5057.73,1497.84,102793216,53264384,43793128,41.76,3137784
1770195746557,5057.88,1497.92,102793216,53264384,43794608,41.77,3137784
1770195746658,5058.03,1498.02,102793216,53264384,43796088,41.77,3137784
1770195746759,5060.60,1499.80,102793216,53264384,44032680,41.99,3139124
1770195746860,5060.67,1499.85,102793216,53264384,44034160,41.99,3139124
1770195746961,5061.70,1500.80,102793216,53264384,44270528,42.22,3140464
1770195747062,5061.76,1500.84,102793216,53264384,44272008,42.22,3140464
1770195747163,5061.90,1500.89,102793216,53264384,44273600,42.22,3140464
1770195747264,5065.98,1501.81,102809600,53264384,44510472,42.45,3141804
1770195747365,5066.08,1501.87,102809600,53264384,44511976,42.45,3141804
1770195747466,5072.46,1503.99,102809600,53264384,44749336,42.68,3151336
1770195747568,5072.61,1504.09,102809600,53264384,44750816,42.68,3151336
1770195747668,5072.76,1504.18,102809600,53264384,44752296,42.68,3151336
1770195747769,5075.51,1505.85,102809600,53264384,44988432,42.90,3152676
1770195747870,5075.71,1505.94,102809600,53264384,44989912,42.91,3152676
1770195747971,5078.40,1507.81,102825984,53264384,45226056,43.13,3154016
1770195748071,5078.61,1507.94,102825984,53264384,45227536,43.13,3154016
1770195748173,5078.78,1508.05,102825984,53264384,45229016,43.13,3154016
1770195748272,5081.40,1509.83,102825984,53264384,45465104,43.36,3155356
1770195748372,5081.56,1509.93,102825984,53264384,45466608,43.36,3155356
1770195748472,5084.11,1511.73,102825984,53264384,45702992,43.59,3164888
1770195748573,5084.24,1511.81,102825984,53264384,45704472,43.59,3164888
1770195748674,5084.38,1511.91,102825984,53264384,45705952,43.59,3164888
1770195748776,5087.19,1513.63,102825984,53264384,45942200,43.81,3166228
1770195748875,5087.42,1513.74,102825984,53264384,45943680,43.82,3166228
1770195748977,5092.23,1515.77,103284736,53788672,43517920,41.50,3167568
1770195749078,5092.39,1515.86,103284736,53788672,43519400,41.50,3167568
1770195749179,5092.53,1515.97,103284736,53788672,43520880,41.50,3167568
1770195749280,5095.33,1517.84,103301120,53788672,43757016,41.73,3126912
1770195749381,5095.55,1517.96,103301120,53788672,43758496,41.73,3126912
1770195749482,5098.43,1519.88,103301120,53788672,43994848,41.96,3136444
1770195749583,5098.55,1519.96,103301120,53788672,43996328,41.96,3136444
1770195749683,5098.70,1520.05,103301120,53788672,43997808,41.96,3136444
1770195749783,5101.56,1521.92,103301120,53788672,44233976,42.18,3137784
1770195749884,5101.70,1522.01,103301120,53788672,44235456,42.19,3137784
1770195749985,5104.07,1523.70,103301120,53788672,44471584,42.41,3139124
1770195750086,5104.18,1523.78,103301120,53788672,44473064,42.41,3139124
1770195750187,5104.30,1523.87,103301120,53788672,44474544,42.41,3139124
1770195750288,5107.06,1525.71,103301120,53788672,44710728,42.64,3140464
1770195750389,5107.22,1525.81,103301120,53788672,44712208,42.64,3140464
1770195750490,5109.97,1527.59,103301120,53788672,44967944,42.88,3149996
1770195750590,5110.15,1527.68,103301120,53788672,44969424,42.89,3149996
1770195750691,5110.38,1527.77,103301120,53788672,44970904,42.89,3149996
1770195750791,5113.41,1530.09,103317504,53788672,45206984,43.11,3151336
1770195750892,5113.60,1530.18,103317504,53788672,45208464,43.11,3151336
1770195750993,5120.15,1532.00,103317504,53788672,45445024,43.34,3152676
1770195751094,5120.34,1532.10,103317504,53788672,45446504,43.34,3152676
1770195751195,5120.56,1532.22,103317504,53788672,45447984,43.34,3152676
1770195751297,5128.38,1534.09,103317504,53788672,45685408,43.57,3154016
1770195751398,5128.61,1534.23,103317504,53788672,45686888,43.57,3154016
1770195751499,5131.47,1536.22,103317504,53788672,45923240,43.80,3163548
1770195751600,5131.64,1536.31,103317504,53788672,45924720,43.80,3163548
1770195751701,5131.81,1536.41,103317504,53788672,45926200,43.80,3163548
1770195751802,5134.38,1538.12,103317504,53788672,46357576,44.21,3164888
1770195751903,5134.52,1538.22,103317504,53788672,46359056,44.21,3164888
1770195752004,5151.26,1540.08,103317504,53788672,46598016,44.44,3166228
1770195752106,5151.42,1540.17,103317504,53788672,46599496,44.44,3166228
1770195752207,5152.30,1540.86,103317504,53788672,46719128,44.55,3166900
1770195752308,5152.85,1541.34,103317504,53788672,46838224,44.67,3167568
1770195752409,5153.03,1541.46,103317504,53788672,46839704,44.67,3167568
1770195752510,5157.53,1543.44,103759872,54312960,44209304,42.16,3177100
1770195752611,5157.71,1543.53,103759872,54312960,44210784,42.16,3177100
1770195752711,5159.56,1544.69,103792640,54312960,44330832,42.28,3126244
1770195752812,5160.48,1545.36,103792640,54312960,44449944,42.39,3126912
1770195752913,5160.61,1545.44,103792640,54312960,44451424,42.39,3126912
1770195753014,5163.42,1547.33,103841792,54312960,44689208,42.62,3128252
1770195753115,5163.58,1547.45,103841792,54312960,44690688,42.62,3128252
1770195753216,5166.11,1549.15,103841792,54312960,44928272,42.85,3129592
1770195753317,5166.26,1549.20,103841792,54312960,44929776,42.85,3129592
1770195753418,5166.50,1549.29,103841792,54312960,44931256,42.85,3129592
1770195753520,5169.39,1551.05,103841792,54312960,45169112,43.08,3139124
1770195753621,5169.60,1551.14,103841792,54312960,45170592,43.08,3139124
1770195753721,5173.25,1552.94,103858176,54312960,45408368,43.30,3140464
1770195753822,5173.34,1552.99,103858176,54312960,45409848,43.31,3140464
1770195753923,5173.46,1553.08,103858176,54312960,45411328,43.31,3140464
1770195754024,5175.86,1554.74,103858176,54312960,45648992,43.53,3141804
1770195754125,5176.00,1554.83,103858176,54312960,45650472,43.54,3141804
1770195754225,5178.50,1556.50,103858176,54312960,45888168,43.76,3143144
1770195754327,5178.60,1556.55,103858176,54312960,45889672,43.76,3143144
1770195754428,5178.77,1556.65,103858176,54312960,45891152,43.77,3143144
1770195754529,5181.55,1558.34,103858176,54312960,46129056,43.99,3152676
1770195754630,5181.70,1558.42,103858176,54312960,46130536,43.99,3152676
1770195754730,5184.37,1560.00,103858176,54312960,46368240,44.22,3154016
1770195754830,5184.45,1560.04,103858176,54312960,46369720,44.22,3154016
1770195754930,5184.57,1560.13,103858176,54312960,46371200,44.22,3154016
1770195755031,5191.87,1561.95,103874560,54312960,46609176,44.45,3155356
1770195755132,5192.04,1562.05,103874560,54312960,46610656,44.45,3155356
1770195755232,5194.97,1564.09,103874560,54312960,46848288,44.68,3156696
1770195755332,5195.11,1564.15,103874560,54312960,46849792,44.68,3156696
1770195755433,5195.32,1564.25,103874560,54312960,46851272,44.68,3156696
1770195755534,5197.76,1566.01,103874560,54312960,47089200,44.91,3166228
1770195755634,5197.94,1566.11,103874560,54312960,47090680,44.91,3166228
1770195755734,5204.17,1568.79,104873984,63488000,44638504,42.57,3125572
1770195755835,5269.26,1570.75,104742912,62701568,39246304,37.43,3125572
1770195755936,5269.53,1570.86,104742912,62701568,39251136,37.43,3125572
1770195756037,5273.50,1572.55,104742912,62701568,39566160,37.73,3109190
1770195756139,5273.65,1572.63,104742912,62701568,39567664,37.73,3109190
1770195756238,5276.26,1574.33,104742912,62701568,39814456,37.97,3110530
1770195756339,5276.36,1574.38,104742912,62701568,39815960,37.97,3110530
1770195756440,5276.50,1574.48,104742912,62701568,39817440,37.97,3110530
1770195756541,5279.21,1576.22,104742912,62701568,40064472,38.21,3120062
1770195756642,5279.35,1576.31,104742912,62701568,40065976,38.21,3120062
1770195756742,5282.35,1578.03,104742912,62701568,40312728,38.45,3121402
1770195756843,5282.49,1578.08,104742912,62701568,40314232,38.45,3121402
1770195756944,5282.73,1578.22,104742912,62701568,40315712,38.45,3121402
1770195757046,5286.73,1580.16,104742912,62701568,40569792,38.69,3122742
1770195757146,5287.02,1580.32,104742912,62701568,40571296,38.69,3122742
1770195757247,5290.23,1582.18,104742912,62701568,40818136,38.93,3124082
1770195757348,5290.38,1582.24,104742912,62701568,40819640,38.93,3124082
1770195757449,5290.65,1582.39,104742912,62701568,40821120,38.93,3124082
1770195757550,5293.64,1584.31,104742912,62701568,41068096,39.17,3133614
1770195757650,5293.91,1584.46,104742912,62701568,41069600,39.17,3133614
1770195757751,5297.11,1586.26,104742912,62701568,41316384,39.40,3134954
1770195757852,5297.23,1586.32,104742912,62701568,41317888,39.40,3134954
1770195757954,5297.38,1586.43,104742912,62701568,41319368,39.41,3134954
1770195758055,5301.63,1588.31,104742912,62701568,41621408,39.69,3136294
1770195758156,5301.84,1588.41,104742912,62701568,41622912,39.69,3136294
1770195758257,5315.74,1590.49,104742912,62701568,42040504,40.09,3137634
1770195758358,5315.98,1590.60,104742912,62701568,42042008,40.09,3137634
1770195758459,5316.26,1590.77,104742912,62701568,42043488,40.10,3137634
1770195758560,5319.10,1592.56,104742912,62701568,42289992,40.33,3147166
1770195758662,5319.31,1592.67,104742912,62701568,42291496,40.33,3147166
1770195758762,5322.28,1594.49,104742912,62701568,42537760,40.57,3148506
1770195758863,5322.39,1594.55,104742912,62701568,42539264,40.57,3148506
1770195758964,5322.57,1594.65,104742912,62701568,42540744,40.57,3148506
1770195759065,5325.77,1596.54,104742912,62701568,42787008,40.80,3149846
1770195759167,5340.31,1596.78,104742912,62701568,42793648,40.81,3149846
1770195759268,5349.28,1598.62,104742912,62701568,43041672,41.05,3151186
1770195759368,5349.40,1598.69,104742912,62701568,43043144,41.05,3151186
1770195759469,5349.59,1598.80,104742912,62701568,43044592,41.05,3151186
1770195759571,5360.66,1600.94,104923136,62701568,43292576,41.29,3160718
1770195759672,5360.87,1601.04,104923136,62701568,43294048,41.29,3160718
1770195759773,5365.35,1603.20,105152512,62701568,43540176,41.52,3162058
1770195759874,5365.63,1603.34,105152512,62701568,43541648,41.52,3162058
1770195759975,5365.91,1603.50,105152512,62701568,43724736,41.70,3162058
1770195760076,5369.22,1605.56,105398272,62701568,43970920,41.93,3163398
1770195760177,5369.43,1605.67,105398272,62701568,43972392,41.94,3163398
1770195760277,5372.37,1607.60,105627648,62701568,44218552,42.17,3164738
1770195760378,5372.53,1607.70,105627648,62701568,44220024,42.17,3164738
1770195760479,5372.70,1607.78,105627648,62701568,44221472,42.17,3164738
1770195760579,5375.89,1609.68,105857024,62701568,44467880,42.41,3174270
1770195760679,5376.16,1609.83,105873408,62701568,44469352,42.41,3174270
1770195760780,5379.35,1611.76,106102784,62701568,44715640,42.64,3175610
1770195760881,5379.58,1611.88,106102784,62701568,44717112,42.65,3175610
1770195760982,5379.84,1612.04,106102784,62701568,44718560,42.65,3175610
1770195761083,5394.78,1614.56,106332160,62701568,44965624,42.88,3176950
1770195761184,5395.02,1614.69,106332160,62701568,44967096,42.88,3176950
1770195761285,5398.88,1616.75,106577920,62701568,45212880,43.12,3178290
1770195761386,5399.04,1616.82,106577920,62701568,45214368,43.12,3178290
1770195761487,5399.31,1616.98,106577920,62701568,45215816,43.12,3178290
1770195761587,5402.04,1618.80,106823680,62701568,45461768,43.36,3187822
1770195761688,5402.21,1618.94,106823680,62701568,45463240,43.36,3187822
1770195761788,5405.12,1620.79,107053056,62701568,45709328,43.59,3189162
1770195761890,5405.31,1620.88,107053056,62701568,45710800,43.59,3189162
1770195761991,5405.57,1621.03,107053056,62701568,45712248,43.59,3189162
1770195762093,5408.46,1623.07,107298816,62701568,45958056,43.83,3190502
1770195762194,5408.73,1623.22,107298816,62701568,45959528,43.83,3190502
1770195762295,5411.78,1625.18,107528192,62701568,46205432,44.06,3191842
1770195762396,5412.02,1625.29,107528192,62701568,46206904,44.07,3191842
1770195762497,5412.28,1625.45,107528192,62701568,46208352,44.07,3191842
1770195762598,5415.62,1627.77,107773952,62701568,46454424,44.30,3201374
1770195762699,5415.87,1627.87,107773952,62701568,46455896,44.30,3201374
1770195762800,5419.02,1629.81,108003328,62701568,46701640,44.54,3202714
1770195762901,5419.23,1629.91,108003328,62701568,46703112,44.54,3202714
1770195763003,5419.50,1630.05,108003328,62701568,46704560,44.54,3202714
1770195763104,5422.38,1631.93,108232704,62701568,46950336,44.78,3204054
1770195763206,5422.65,1632.09,108232704,62701568,46951808,44.78,3204054
1770195763307,5431.77,1634.17,108478464,62701568,47198320,45.01,3205394
1770195763407,5431.97,1634.28,108478464,62701568,47199792,45.01,3205394
1770195763507,5432.20,1634.42,108478464,62701568,47201240,45.01,3205394
1770195763608,5438.96,1636.38,108707840,62701568,47449416,45.25,3214926
1770195763709,5439.16,1636.49,108707840,62701568,47450888,45.25,3214926
1770195763810,5442.32,1638.16,108953600,62701568,47695096,45.49,3216266
1770195763911,5442.45,1638.22,108953600,62701568,47696568,45.49,3216266
1770195764012,5442.59,1638.31,108953600,62701568,47698016,45.49,3216266
1770195764113,5449.46,1640.54,109035520,62701568,41013688,39.11,3118722
1770195764214,5449.67,1640.67,109035520,62701568,41015160,39.12,3118722
1770195764315,5452.62,1642.53,109035520,62701568,41259368,39.35,3120062
1770195764416,5452.87,1642.66,109035520,62701568,41260816,39.35,3120062
1770195764517,5453.14,1642.80,109035520,62701568,41262264,39.35,3120062
1770195764618,5456.22,1644.66,109035520,62701568,41506648,39.58,3129594
1770195764719,5456.49,1644.77,109035520,62701568,41508120,39.59,3129594
1770195764820,5460.92,1646.61,109035520,62701568,41752776,39.82,3130934
1770195764921,5461.16,1646.73,109035520,62701568,41754248,39.82,3130934
1770195765022,5461.42,1646.86,109035520,62701568,41755696,39.82,3130934
1770195765123,5464.57,1648.79,109035520,62701568,41999984,40.05,3132274
1770195765224,5464.71,1648.88,109035520,62701568,42001456,40.06,3132274
1770195765325,5467.41,1650.62,109035520,62701568,42245768,40.29,3133614
1770195765426,5467.52,1650.70,109035520,62701568,42247216,40.29,3133614
1770195765527,5467.68,1650.79,109035520,62701568,42248664,40.29,3133614
1770195765628,5470.60,1652.45,109035520,62701568,42493120,40.52,3143146
1770195765728,5470.85,1652.60,109035520,62701568,42494592,40.53,3143146
1770195765829,5474.28,1654.95,109035520,62701568,42738864,40.76,3144486
1770195765930,5474.43,1655.03,109035520,62701568,42740336,40.76,3144486
1770195766032,5474.65,1655.12,109035520,62701568,42741784,40.76,3144486
1770195766133,5482.04,1657.12,109035520,62701568,42986104,40.99,3145826
1770195766234,5482.27,1657.25,109035520,62701568,42987576,41.00,3145826
1770195766335,5495.90,1658.94,109035520,62701568,43232320,41.23,3147166
1770195766435,5496.13,1659.10,109035520,62701568,43233768,41.23,3147166
1770195766537,5496.34,1659.23,109035520,62701568,43235216,41.23,3147166
1770195766638,5501.78,1661.14,109035520,62701568,43477440,41.46,3156698
1770195766739,5502.02,1661.25,109035520,62701568,43478912,41.46,3156698
1770195766840,5504.56,1663.02,109248512,62701568,43720120,41.69,3158038
1770195766941,5504.70,1663.13,109248512,62701568,43721592,41.70,3158038
1770195767042,5504.87,1663.22,109248512,62701568,43723040,41.70,3158038
1770195767143,5507.58,1665.02,109477888,62701568,43964176,41.93,3159378
1770195767244,5507.72,1665.12,109477888,62701568,43965648,41.93,3159378
1770195767345,5511.97,1667.18,109707264,62701568,44206856,42.16,3160718
1770195767445,5512.10,1667.27,109707264,62701568,44208304,42.16,3160718
1770195767547,5512.26,1667.36,109723648,62701568,44209752,42.16,3160718
1770195767648,5540.13,1669.57,109953024,62701568,44452400,42.39,3170250
1770195767749,5540.39,1669.72,109953024,62701568,44453872,42.39,3170250
